{"polarity": 0.3625, "location": "Seattle, WA", "sentiment": "positive", "time": "Tue Mar 29 08:20:12 +0000 2016"}
{"polarity": 1.0, "location": "New York, NY", "sentiment": "positive", "time": "Tue Mar 29 08:13:00 +0000 2016"}
{"polarity": 0.0, "location": "San Diego, CA", "sentiment": "neutral", "time": "Tue Mar 29 08:13:42 +0000 2016"}
{"polarity": 0.1, "location": "New York, NY", "sentiment": "positive", "time": "Tue Mar 29 08:13:45 +0000 2016"}
{"polarity": -0.30000000000000004, "location": "Boston, MA", "sentiment": "negative", "time": "Tue Mar 29 08:13:49 +0000 2016"}
{"polarity": 0.5, "location": "New York, NY", "sentiment": "positive", "time": "Tue Mar 29 08:04:16 +0000 2016"}
{"polarity": -0.3, "location": "St. Louis, MO", "sentiment": "negative", "time": "Tue Mar 29 08:04:29 +0000 2016"}
{"polarity": 0.0, "location": "San Diego, CA", "sentiment": "neutral", "time": "Tue Mar 29 08:04:31 +0000 2016"}
{"polarity": 0.3, "location": "Orlando, FL", "sentiment": "positive", "time": "Tue Mar 29 08:04:59 +0000 2016"}
{"polarity": 0.0, "location": "New York, NY", "sentiment": "neutral", "time": "Tue Mar 29 15:39:09 +0000 2016"}
{"polarity": 0.0, "location": "Seattle, WA", "sentiment": "neutral", "time": "Tue Mar 29 15:39:12 +0000 2016"}
{"polarity": 0.5, "location": "Kansas City, KS", "sentiment": "positive", "time": "Tue Mar 29 15:39:19 +0000 2016"}
{"polarity": -0.4, "location": "Orlando, FL", "sentiment": "negative", "time": "Tue Mar 29 15:39:24 +0000 2016"}
{"polarity": 0.0, "location": "Atlanta, GA", "sentiment": "neutral", "time": "Tue Mar 29 15:39:38 +0000 2016"}
{"polarity": 0.0, "location": "Portland, OR", "sentiment": "neutral", "time": "Tue Mar 29 15:39:41 +0000 2016"}
{"polarity": 0.225, "location": "Atlanta, GA", "sentiment": "positive", "time": "Tue Mar 29 15:39:45 +0000 2016"}
{"polarity": 0.2, "location": "Portland, OR", "sentiment": "positive", "time": "Tue Mar 29 15:39:52 +0000 2016"}
{"polarity": 0.0, "location": "New York, NY", "sentiment": "neutral", "time": "Tue Mar 29 15:39:53 +0000 2016"}
{"polarity": 0.0, "location": "New York, NY", "sentiment": "neutral", "time": "Tue Mar 29 15:59:10 +0000 2016"}
{"polarity": 0.0, "location": "New York, NY", "sentiment": "neutral", "time": "Tue Mar 29 15:59:11 +0000 2016"}
{"polarity": 0.0, "location": "Atlanta, GA", "sentiment": "neutral", "time": "Tue Mar 29 15:59:26 +0000 2016"}
{"polarity": 0.0, "location": "Atlanta, GA", "sentiment": "neutral", "time": "Tue Mar 29 15:59:32 +0000 2016"}
{"polarity": 0.5, "location": "Orlando, FL", "sentiment": "positive", "time": "Tue Mar 29 15:59:33 +0000 2016"}
{"polarity": 0.0, "location": "Boston, MA", "sentiment": "neutral", "time": "Tue Mar 29 15:59:33 +0000 2016"}
{"polarity": 0.0, "location": "Orlando, FL", "sentiment": "neutral", "time": "Tue Mar 29 15:59:33 +0000 2016"}
{"polarity": 0.25, "location": "Portland, OR", "sentiment": "positive", "time": "Tue Mar 29 15:59:40 +0000 2016"}
{"polarity": 0.13636363636363635, "location": "Orlando, FL", "sentiment": "positive", "time": "Tue Mar 29 15:59:49 +0000 2016"}
{"polarity": -0.05312500000000002, "location": "Atlanta, GA", "sentiment": "negative", "time": "Tue Mar 29 15:59:51 +0000 2016"}
{"polarity": 0.5, "location": "Seattle, WA", "sentiment": "positive", "time": "Tue Mar 29 15:59:51 +0000 2016"}
{"polarity": 0.0, "location": "Atlanta, GA", "sentiment": "neutral", "time": "Tue Mar 29 15:59:54 +0000 2016"}
{"polarity": 0.040000000000000015, "location": "Phoenix, AZ", "sentiment": "positive", "time": "Tue Mar 29 15:59:59 +0000 2016"}
{"polarity": 0.23281249999999998, "location": "New York, NY", "sentiment": "positive", "time": "Tue Mar 29 15:19:07 +0000 2016"}
{"polarity": 0.13333333333333333, "location": "Seattle, WA", "sentiment": "positive", "time": "Tue Mar 29 15:19:22 +0000 2016"}
{"polarity": -0.15, "location": "New York, NY", "sentiment": "negative", "time": "Tue Mar 29 15:19:38 +0000 2016"}
{"polarity": -0.11333333333333333, "location": "New York, NY", "sentiment": "negative", "time": "Tue Mar 29 15:19:40 +0000 2016"}
{"polarity": 0.0, "location": "Seattle, WA", "sentiment": "neutral", "time": "Tue Mar 29 15:19:42 +0000 2016"}
{"polarity": 0.0, "location": "New York, NY", "sentiment": "neutral", "time": "Tue Mar 29 15:19:46 +0000 2016"}
{"polarity": 0.15000000000000002, "location": "Seattle, WA", "sentiment": "positive", "time": "Tue Mar 29 15:19:49 +0000 2016"}
{"polarity": 0.0, "location": "Orlando, FL", "sentiment": "neutral", "time": "Tue Mar 29 15:19:53 +0000 2016"}
{"polarity": 0.0, "location": "Boston, MA", "sentiment": "neutral", "time": "Tue Mar 29 15:19:55 +0000 2016"}
{"polarity": 0.0, "location": "Orlando, FL", "sentiment": "neutral", "time": "Tue Mar 29 15:19:58 +0000 2016"}
{"polarity": 0.0, "location": "Boston, MA", "sentiment": "neutral", "time": "Tue Mar 29 15:37:13 +0000 2016"}
{"polarity": -0.3, "location": "New York, NY", "sentiment": "negative", "time": "Tue Mar 29 15:37:16 +0000 2016"}
{"polarity": 0.0, "location": "New York, NY", "sentiment": "neutral", "time": "Tue Mar 29 15:37:18 +0000 2016"}
{"polarity": -0.2, "location": "Atlanta, GA", "sentiment": "negative", "time": "Tue Mar 29 15:37:27 +0000 2016"}
{"polarity": 0.24318181818181817, "location": "New York, NY", "sentiment": "positive", "time": "Tue Mar 29 15:37:51 +0000 2016"}
{"polarity": 0.2846153846153846, "location": "New York, NY", "sentiment": "positive", "time": "Tue Mar 29 15:37:52 +0000 2016"}
{"polarity": 0.0, "location": "Atlanta, GA", "sentiment": "neutral", "time": "Tue Mar 29 15:37:54 +0000 2016"}
{"polarity": 0.5, "location": "Boston, MA", "sentiment": "positive", "time": "Tue Mar 29 15:37:55 +0000 2016"}
{"polarity": 0.19444444444444445, "location": "New York, NY", "sentiment": "positive", "time": "Tue Mar 29 15:31:03 +0000 2016"}
{"polarity": 0.325, "location": "Seattle, WA", "sentiment": "positive", "time": "Tue Mar 29 15:31:04 +0000 2016"}
{"polarity": 0.0, "location": "San Diego, CA", "sentiment": "neutral", "time": "Tue Mar 29 15:31:05 +0000 2016"}
{"polarity": 0.0, "location": "New York, NY", "sentiment": "neutral", "time": "Tue Mar 29 15:31:10 +0000 2016"}
{"polarity": 0.85, "location": "Portland, OR", "sentiment": "positive", "time": "Tue Mar 29 15:31:15 +0000 2016"}
{"polarity": 0.0, "location": "Orlando, FL", "sentiment": "neutral", "time": "Tue Mar 29 15:31:20 +0000 2016"}
{"polarity": -0.1875, "location": "Portland, OR", "sentiment": "negative", "time": "Tue Mar 29 15:31:24 +0000 2016"}
{"polarity": 0.6, "location": "Portland, OR", "sentiment": "positive", "time": "Tue Mar 29 15:31:27 +0000 2016"}
{"polarity": 1.0, "location": "Boston, MA", "sentiment": "positive", "time": "Tue Mar 29 15:31:30 +0000 2016"}
{"polarity": 0.0, "location": "Boston, MA", "sentiment": "neutral", "time": "Tue Mar 29 15:31:33 +0000 2016"}
{"polarity": 0.0, "location": "Boston, MA", "sentiment": "neutral", "time": "Tue Mar 29 15:31:47 +0000 2016"}
{"polarity": 0.38, "location": "New York, NY", "sentiment": "positive", "time": "Tue Mar 29 15:31:55 +0000 2016"}
{"polarity": -0.05, "location": "Seattle, WA", "sentiment": "negative", "time": "Tue Mar 29 15:31:56 +0000 2016"}
{"polarity": 0.27499999999999997, "location": "Orlando, FL", "sentiment": "positive", "time": "Tue Mar 29 15:41:05 +0000 2016"}
{"polarity": 0.4333333333333333, "location": "Seattle, WA", "sentiment": "positive", "time": "Tue Mar 29 15:41:10 +0000 2016"}
{"polarity": 0.5, "location": "Orlando, FL", "sentiment": "positive", "time": "Tue Mar 29 15:41:12 +0000 2016"}
{"polarity": 0.0, "location": "Orlando, FL", "sentiment": "neutral", "time": "Tue Mar 29 15:41:17 +0000 2016"}
{"polarity": 0.1, "location": "St. Louis, MO", "sentiment": "positive", "time": "Tue Mar 29 15:41:18 +0000 2016"}
{"polarity": 0.0, "location": "Seattle, WA", "sentiment": "neutral", "time": "Tue Mar 29 15:41:27 +0000 2016"}
{"polarity": 0.75, "location": "Atlanta, GA", "sentiment": "positive", "time": "Tue Mar 29 15:41:28 +0000 2016"}
{"polarity": 0.3333333333333333, "location": "Orlando, FL", "sentiment": "positive", "time": "Tue Mar 29 15:41:53 +0000 2016"}
{"polarity": 0.0, "location": "New York, NY", "sentiment": "neutral", "time": "Tue Mar 29 15:41:53 +0000 2016"}
{"polarity": 0.0, "location": "Atlanta, GA", "sentiment": "neutral", "time": "Tue Mar 29 15:27:09 +0000 2016"}
{"polarity": 0.5, "location": "San Diego, CA", "sentiment": "positive", "time": "Tue Mar 29 15:27:18 +0000 2016"}
{"polarity": 0.30000000000000004, "location": "New York, NY", "sentiment": "positive", "time": "Tue Mar 29 15:27:20 +0000 2016"}
{"polarity": 0.0, "location": "Seattle, WA", "sentiment": "neutral", "time": "Tue Mar 29 15:27:22 +0000 2016"}
{"polarity": 0.1, "location": "Seattle, WA", "sentiment": "positive", "time": "Tue Mar 29 15:27:25 +0000 2016"}
{"polarity": 0.0, "location": "New York, NY", "sentiment": "neutral", "time": "Tue Mar 29 15:27:33 +0000 2016"}
{"polarity": -0.13333333333333333, "location": "Phoenix, AZ", "sentiment": "negative", "time": "Tue Mar 29 15:27:37 +0000 2016"}
{"polarity": 0.0, "location": "New York, NY", "sentiment": "neutral", "time": "Tue Mar 29 15:27:48 +0000 2016"}
{"polarity": -0.6999999999999998, "location": "Atlanta, GA", "sentiment": "negative", "time": "Tue Mar 29 15:57:03 +0000 2016"}
{"polarity": -0.3, "location": "Boston, MA", "sentiment": "negative", "time": "Tue Mar 29 15:57:07 +0000 2016"}
{"polarity": 0.5, "location": "Portland, OR", "sentiment": "positive", "time": "Tue Mar 29 15:57:36 +0000 2016"}
{"polarity": 0.25, "location": "Orlando, FL", "sentiment": "positive", "time": "Tue Mar 29 15:57:42 +0000 2016"}
{"polarity": 0.0, "location": "Atlanta, GA", "sentiment": "neutral", "time": "Tue Mar 29 15:57:55 +0000 2016"}
{"polarity": 0.0, "location": "New York, NY", "sentiment": "neutral", "time": "Tue Mar 29 15:57:57 +0000 2016"}
{"polarity": 0.78125, "location": "Boston, MA", "sentiment": "positive", "time": "Tue Mar 29 15:26:02 +0000 2016"}
{"polarity": 0.0, "location": "San Diego, CA", "sentiment": "neutral", "time": "Tue Mar 29 15:26:06 +0000 2016"}
{"polarity": 0.0, "location": "Phoenix, AZ", "sentiment": "neutral", "time": "Tue Mar 29 15:26:11 +0000 2016"}
{"polarity": 0.7, "location": "Orlando, FL", "sentiment": "positive", "time": "Tue Mar 29 15:26:27 +0000 2016"}
{"polarity": 0.0, "location": "San Diego, CA", "sentiment": "neutral", "time": "Tue Mar 29 15:26:28 +0000 2016"}
{"polarity": 0.0, "location": "Seattle, WA", "sentiment": "neutral", "time": "Tue Mar 29 15:26:31 +0000 2016"}
{"polarity": 0.5, "location": "New York, NY", "sentiment": "positive", "time": "Tue Mar 29 15:26:38 +0000 2016"}
{"polarity": 0.08, "location": "New York, NY", "sentiment": "positive", "time": "Tue Mar 29 15:26:45 +0000 2016"}
{"polarity": 0.0, "location": "Atlanta, GA", "sentiment": "neutral", "time": "Tue Mar 29 15:26:49 +0000 2016"}
{"polarity": 0.0, "location": "Boston, MA", "sentiment": "neutral", "time": "Tue Mar 29 15:26:51 +0000 2016"}
{"polarity": 0.03333333333333333, "location": "Atlanta, GA", "sentiment": "positive", "time": "Tue Mar 29 15:26:52 +0000 2016"}
{"polarity": -0.016666666666666663, "location": "Atlanta, GA", "sentiment": "negative", "time": "Tue Mar 29 15:26:52 +0000 2016"}
{"polarity": 0.25, "location": "Atlanta, GA", "sentiment": "positive", "time": "Tue Mar 29 15:26:53 +0000 2016"}
{"polarity": 0.625, "location": "Atlanta, GA", "sentiment": "positive", "time": "Tue Mar 29 15:26:57 +0000 2016"}
{"polarity": 0.0, "location": "Phoenix, AZ", "sentiment": "neutral", "time": "Tue Mar 29 15:26:58 +0000 2016"}
{"polarity": 0.2875, "location": "New York, NY", "sentiment": "positive", "time": "Tue Mar 29 15:26:59 +0000 2016"}
{"polarity": 0.0, "location": "Atlanta, GA", "sentiment": "neutral", "time": "Tue Mar 29 15:58:13 +0000 2016"}
{"polarity": 0.65, "location": "San Diego, CA", "sentiment": "positive", "time": "Tue Mar 29 15:58:23 +0000 2016"}
{"polarity": 0.0, "location": "New York, NY", "sentiment": "neutral", "time": "Tue Mar 29 15:58:26 +0000 2016"}
{"polarity": 0.0, "location": "Seattle, WA", "sentiment": "neutral", "time": "Tue Mar 29 15:58:38 +0000 2016"}
{"polarity": 0.2, "location": "Seattle, WA", "sentiment": "positive", "time": "Tue Mar 29 15:58:52 +0000 2016"}
{"polarity": 0.0, "location": "Atlanta, GA", "sentiment": "neutral", "time": "Tue Mar 29 15:58:57 +0000 2016"}
{"polarity": 0.0, "location": "Boston, MA", "sentiment": "neutral", "time": "Tue Mar 29 15:58:57 +0000 2016"}
{"polarity": 0.16065340909090908, "location": "San Diego, CA", "sentiment": "positive", "time": "Tue Mar 29 15:58:58 +0000 2016"}
{"polarity": 0.0, "location": "New York, NY", "sentiment": "neutral", "time": "Tue Mar 29 15:58:59 +0000 2016"}
{"polarity": 0.13636363636363635, "location": "St. Louis, MO", "sentiment": "positive", "time": "Tue Mar 29 15:42:04 +0000 2016"}
{"polarity": 0.0, "location": "Boston, MA", "sentiment": "neutral", "time": "Tue Mar 29 15:42:04 +0000 2016"}
{"polarity": 0.0, "location": "San Diego, CA", "sentiment": "neutral", "time": "Tue Mar 29 15:42:29 +0000 2016"}
{"polarity": -0.16875, "location": "Atlanta, GA", "sentiment": "negative", "time": "Tue Mar 29 15:42:33 +0000 2016"}
{"polarity": 0.0, "location": "Atlanta, GA", "sentiment": "neutral", "time": "Tue Mar 29 15:42:50 +0000 2016"}
{"polarity": 0.6066666666666666, "location": "New York, NY", "sentiment": "positive", "time": "Tue Mar 29 15:42:53 +0000 2016"}
{"polarity": 0.15, "location": "Atlanta, GA", "sentiment": "positive", "time": "Tue Mar 29 15:42:59 +0000 2016"}
{"polarity": 0.35, "location": "Atlanta, GA", "sentiment": "positive", "time": "Tue Mar 29 15:50:02 +0000 2016"}
{"polarity": 0.0, "location": "New York, NY", "sentiment": "neutral", "time": "Tue Mar 29 15:50:03 +0000 2016"}
{"polarity": -0.1875, "location": "Portland, OR", "sentiment": "negative", "time": "Tue Mar 29 15:50:10 +0000 2016"}
{"polarity": 0.46875, "location": "Portland, OR", "sentiment": "positive", "time": "Tue Mar 29 15:50:13 +0000 2016"}
{"polarity": 0.0, "location": "Seattle, WA", "sentiment": "neutral", "time": "Tue Mar 29 15:50:15 +0000 2016"}
{"polarity": -0.5, "location": "New York, NY", "sentiment": "negative", "time": "Tue Mar 29 15:50:17 +0000 2016"}
{"polarity": 0.0, "location": "New York, NY", "sentiment": "neutral", "time": "Tue Mar 29 15:50:34 +0000 2016"}
{"polarity": 0.0, "location": "Boston, MA", "sentiment": "neutral", "time": "Tue Mar 29 15:50:35 +0000 2016"}
{"polarity": 0.18611111111111112, "location": "San Diego, CA", "sentiment": "positive", "time": "Tue Mar 29 15:50:36 +0000 2016"}
{"polarity": 0.0, "location": "Atlanta, GA", "sentiment": "neutral", "time": "Tue Mar 29 15:50:43 +0000 2016"}
{"polarity": -0.05, "location": "Boston, MA", "sentiment": "negative", "time": "Tue Mar 29 15:50:50 +0000 2016"}
{"polarity": 0.0, "location": "St. Louis, MO", "sentiment": "neutral", "time": "Tue Mar 29 15:50:52 +0000 2016"}
{"polarity": 0.0, "location": "Atlanta, GA", "sentiment": "neutral", "time": "Tue Mar 29 15:15:01 +0000 2016"}
{"polarity": 0.0, "location": "Atlanta, GA", "sentiment": "neutral", "time": "Tue Mar 29 15:15:02 +0000 2016"}
{"polarity": 0.0, "location": "San Diego, CA", "sentiment": "neutral", "time": "Tue Mar 29 15:15:05 +0000 2016"}
{"polarity": 0.0, "location": "San Diego, CA", "sentiment": "neutral", "time": "Tue Mar 29 15:15:09 +0000 2016"}
{"polarity": 0.0, "location": "Boston, MA", "sentiment": "neutral", "time": "Tue Mar 29 15:15:16 +0000 2016"}
{"polarity": 0.04204545454545455, "location": "Atlanta, GA", "sentiment": "positive", "time": "Tue Mar 29 15:15:16 +0000 2016"}
{"polarity": -0.275, "location": "New York, NY", "sentiment": "negative", "time": "Tue Mar 29 15:15:22 +0000 2016"}
{"polarity": 0.625, "location": "Atlanta, GA", "sentiment": "positive", "time": "Tue Mar 29 15:15:25 +0000 2016"}
{"polarity": 0.04166666666666667, "location": "New York, NY", "sentiment": "positive", "time": "Tue Mar 29 15:15:27 +0000 2016"}
{"polarity": 0.625, "location": "Atlanta, GA", "sentiment": "positive", "time": "Tue Mar 29 15:15:30 +0000 2016"}
{"polarity": 0.8, "location": "Boston, MA", "sentiment": "positive", "time": "Tue Mar 29 15:15:43 +0000 2016"}
{"polarity": -0.08333333333333333, "location": "Phoenix, AZ", "sentiment": "negative", "time": "Tue Mar 29 15:38:02 +0000 2016"}
{"polarity": -0.4, "location": "New York, NY", "sentiment": "negative", "time": "Tue Mar 29 15:38:04 +0000 2016"}
{"polarity": -0.16666666666666666, "location": "New York, NY", "sentiment": "negative", "time": "Tue Mar 29 15:38:16 +0000 2016"}
{"polarity": 0.4, "location": "Atlanta, GA", "sentiment": "positive", "time": "Tue Mar 29 15:38:17 +0000 2016"}
{"polarity": 0.0, "location": "Portland, OR", "sentiment": "neutral", "time": "Tue Mar 29 15:38:32 +0000 2016"}
{"polarity": 0.0, "location": "Atlanta, GA", "sentiment": "neutral", "time": "Tue Mar 29 15:38:42 +0000 2016"}
{"polarity": 0.0, "location": "Atlanta, GA", "sentiment": "neutral", "time": "Tue Mar 29 15:38:50 +0000 2016"}
{"polarity": 0.13636363636363635, "location": "New York, NY", "sentiment": "positive", "time": "Tue Mar 29 15:38:57 +0000 2016"}
{"polarity": 0.0, "location": "San Diego, CA", "sentiment": "neutral", "time": "Tue Mar 29 15:21:12 +0000 2016"}
{"polarity": 0.0, "location": "New York, NY", "sentiment": "neutral", "time": "Tue Mar 29 15:21:21 +0000 2016"}
{"polarity": 0.0, "location": "Phoenix, AZ", "sentiment": "neutral", "time": "Tue Mar 29 15:21:48 +0000 2016"}
{"polarity": 0.0, "location": "Seattle, WA", "sentiment": "neutral", "time": "Tue Mar 29 15:21:56 +0000 2016"}
{"polarity": 0.0, "location": "San Diego, CA", "sentiment": "neutral", "time": "Tue Mar 29 15:17:04 +0000 2016"}
{"polarity": 0.175, "location": "New York, NY", "sentiment": "positive", "time": "Tue Mar 29 15:17:07 +0000 2016"}
{"polarity": 0.0, "location": "Boston, MA", "sentiment": "neutral", "time": "Tue Mar 29 15:17:11 +0000 2016"}
{"polarity": 0.0, "location": "San Diego, CA", "sentiment": "neutral", "time": "Tue Mar 29 15:17:21 +0000 2016"}
{"polarity": -0.26666666666666666, "location": "Atlanta, GA", "sentiment": "negative", "time": "Tue Mar 29 15:17:27 +0000 2016"}
{"polarity": 0.0, "location": "Orlando, FL", "sentiment": "neutral", "time": "Tue Mar 29 15:17:40 +0000 2016"}
{"polarity": -0.03333333333333333, "location": "New York, NY", "sentiment": "negative", "time": "Tue Mar 29 15:17:47 +0000 2016"}
{"polarity": 0.0, "location": "New York, NY", "sentiment": "neutral", "time": "Tue Mar 29 15:17:55 +0000 2016"}
{"polarity": 0.0, "location": "Atlanta, GA", "sentiment": "neutral", "time": "Tue Mar 29 15:12:07 +0000 2016"}
{"polarity": 0.0, "location": "San Diego, CA", "sentiment": "neutral", "time": "Tue Mar 29 15:12:12 +0000 2016"}
{"polarity": 0.5, "location": "Boston, MA", "sentiment": "positive", "time": "Tue Mar 29 15:12:12 +0000 2016"}
{"polarity": 0.0, "location": "Seattle, WA", "sentiment": "neutral", "time": "Tue Mar 29 15:12:14 +0000 2016"}
{"polarity": -0.30000000000000004, "location": "Boston, MA", "sentiment": "negative", "time": "Tue Mar 29 15:12:16 +0000 2016"}
{"polarity": 0.2857142857142857, "location": "Orlando, FL", "sentiment": "positive", "time": "Tue Mar 29 15:12:20 +0000 2016"}
{"polarity": 0.0, "location": "Phoenix, AZ", "sentiment": "neutral", "time": "Tue Mar 29 15:12:26 +0000 2016"}
{"polarity": 0.0, "location": "Boston, MA", "sentiment": "neutral", "time": "Tue Mar 29 15:12:54 +0000 2016"}
{"polarity": 0.125, "location": "New York, NY", "sentiment": "positive", "time": "Tue Mar 29 15:12:57 +0000 2016"}
{"polarity": 0.0, "location": "Atlanta, GA", "sentiment": "neutral", "time": "Tue Mar 29 15:12:58 +0000 2016"}
{"polarity": 0.0, "location": "Atlanta, GA", "sentiment": "neutral", "time": "Tue Mar 29 15:29:05 +0000 2016"}
{"polarity": 0.25416666666666665, "location": "San Diego, CA", "sentiment": "positive", "time": "Tue Mar 29 15:29:09 +0000 2016"}
{"polarity": 0.0, "location": "San Diego, CA", "sentiment": "neutral", "time": "Tue Mar 29 15:29:25 +0000 2016"}
{"polarity": 0.0, "location": "Seattle, WA", "sentiment": "neutral", "time": "Tue Mar 29 15:29:27 +0000 2016"}
{"polarity": 1.0, "location": "St. Louis, MO", "sentiment": "positive", "time": "Tue Mar 29 15:29:32 +0000 2016"}
{"polarity": 0.0, "location": "Atlanta, GA", "sentiment": "neutral", "time": "Tue Mar 29 15:29:42 +0000 2016"}
{"polarity": 0.0, "location": "St. Louis, MO", "sentiment": "neutral", "time": "Tue Mar 29 15:29:45 +0000 2016"}
{"polarity": 0.0, "location": "San Diego, CA", "sentiment": "neutral", "time": "Tue Mar 29 15:29:50 +0000 2016"}
{"polarity": 0.16666666666666666, "location": "Phoenix, AZ", "sentiment": "positive", "time": "Tue Mar 29 15:29:54 +0000 2016"}
{"polarity": 0.0, "location": "New York, NY", "sentiment": "neutral", "time": "Tue Mar 29 15:29:56 +0000 2016"}
{"polarity": 0.5, "location": "Boston, MA", "sentiment": "positive", "time": "Tue Mar 29 15:18:13 +0000 2016"}
{"polarity": 0.0, "location": "Atlanta, GA", "sentiment": "neutral", "time": "Tue Mar 29 15:18:29 +0000 2016"}
{"polarity": 0.0, "location": "San Diego, CA", "sentiment": "neutral", "time": "Tue Mar 29 15:18:39 +0000 2016"}
{"polarity": 0.0, "location": "Phoenix, AZ", "sentiment": "neutral", "time": "Tue Mar 29 15:18:44 +0000 2016"}
{"polarity": 0.0, "location": "New York, NY", "sentiment": "neutral", "time": "Tue Mar 29 15:18:52 +0000 2016"}
{"polarity": -0.25, "location": "Phoenix, AZ", "sentiment": "negative", "time": "Tue Mar 29 15:18:58 +0000 2016"}
{"polarity": 0.0, "location": "Orlando, FL", "sentiment": "neutral", "time": "Tue Mar 29 15:46:02 +0000 2016"}
{"polarity": 0.0, "location": "New York, NY", "sentiment": "neutral", "time": "Tue Mar 29 15:46:03 +0000 2016"}
{"polarity": 0.0, "location": "New York, NY", "sentiment": "neutral", "time": "Tue Mar 29 15:46:12 +0000 2016"}
{"polarity": 0.2, "location": "Atlanta, GA", "sentiment": "positive", "time": "Tue Mar 29 15:46:12 +0000 2016"}
{"polarity": 0.05, "location": "Orlando, FL", "sentiment": "positive", "time": "Tue Mar 29 15:46:19 +0000 2016"}
{"polarity": 0.0, "location": "New York, NY", "sentiment": "neutral", "time": "Tue Mar 29 15:46:19 +0000 2016"}
{"polarity": 0.0, "location": "New York, NY", "sentiment": "neutral", "time": "Tue Mar 29 15:46:25 +0000 2016"}
{"polarity": 0.0, "location": "Phoenix, AZ", "sentiment": "neutral", "time": "Tue Mar 29 15:46:30 +0000 2016"}
{"polarity": 0.0, "location": "New York, NY", "sentiment": "neutral", "time": "Tue Mar 29 15:46:31 +0000 2016"}
{"polarity": 0.16, "location": "New York, NY", "sentiment": "positive", "time": "Tue Mar 29 15:46:37 +0000 2016"}
{"polarity": 0.3, "location": "Portland, OR", "sentiment": "positive", "time": "Tue Mar 29 15:46:38 +0000 2016"}
{"polarity": 0.35416666666666663, "location": "St. Louis, MO", "sentiment": "positive", "time": "Tue Mar 29 15:46:44 +0000 2016"}
{"polarity": 0.0, "location": "Seattle, WA", "sentiment": "neutral", "time": "Tue Mar 29 15:46:44 +0000 2016"}
{"polarity": 0.0, "location": "New York, NY", "sentiment": "neutral", "time": "Tue Mar 29 15:46:53 +0000 2016"}
{"polarity": -0.1, "location": "Atlanta, GA", "sentiment": "negative", "time": "Tue Mar 29 15:46:54 +0000 2016"}
{"polarity": -0.4, "location": "Seattle, WA", "sentiment": "negative", "time": "Tue Mar 29 15:46:54 +0000 2016"}
{"polarity": 0.5571428571428572, "location": "San Diego, CA", "sentiment": "positive", "time": "Tue Mar 29 15:00:02 +0000 2016"}
{"polarity": 0.0, "location": "St. Louis, MO", "sentiment": "neutral", "time": "Tue Mar 29 15:00:05 +0000 2016"}
{"polarity": 0.0, "location": "St. Louis, MO", "sentiment": "neutral", "time": "Tue Mar 29 15:00:05 +0000 2016"}
{"polarity": 0.375, "location": "Orlando, FL", "sentiment": "positive", "time": "Tue Mar 29 15:00:11 +0000 2016"}
{"polarity": -0.22222222222222224, "location": "New York, NY", "sentiment": "negative", "time": "Tue Mar 29 15:00:12 +0000 2016"}
{"polarity": 0.0, "location": "Atlanta, GA", "sentiment": "neutral", "time": "Tue Mar 29 15:00:14 +0000 2016"}
{"polarity": 0.05, "location": "Phoenix, AZ", "sentiment": "positive", "time": "Tue Mar 29 15:00:16 +0000 2016"}
{"polarity": 0.0, "location": "New York, NY", "sentiment": "neutral", "time": "Tue Mar 29 15:00:17 +0000 2016"}
{"polarity": 0.0, "location": "Portland, OR", "sentiment": "neutral", "time": "Tue Mar 29 15:00:18 +0000 2016"}
{"polarity": 0.0, "location": "New York, NY", "sentiment": "neutral", "time": "Tue Mar 29 15:00:22 +0000 2016"}
{"polarity": 0.41818181818181815, "location": "Phoenix, AZ", "sentiment": "positive", "time": "Tue Mar 29 15:00:24 +0000 2016"}
{"polarity": -0.3833333333333333, "location": "Orlando, FL", "sentiment": "negative", "time": "Tue Mar 29 15:00:25 +0000 2016"}
{"polarity": 0.0, "location": "Atlanta, GA", "sentiment": "neutral", "time": "Tue Mar 29 15:00:26 +0000 2016"}
{"polarity": 0.0, "location": "Boston, MA", "sentiment": "neutral", "time": "Tue Mar 29 15:00:27 +0000 2016"}
{"polarity": 0.3, "location": "New York, NY", "sentiment": "positive", "time": "Tue Mar 29 15:00:27 +0000 2016"}
{"polarity": 0.0, "location": "Atlanta, GA", "sentiment": "neutral", "time": "Tue Mar 29 15:00:33 +0000 2016"}
{"polarity": 0.35, "location": "Atlanta, GA", "sentiment": "positive", "time": "Tue Mar 29 15:00:40 +0000 2016"}
{"polarity": 0.06818181818181818, "location": "St. Louis, MO", "sentiment": "positive", "time": "Tue Mar 29 15:00:43 +0000 2016"}
{"polarity": 0.1444444444444445, "location": "Boston, MA", "sentiment": "positive", "time": "Tue Mar 29 15:00:45 +0000 2016"}
{"polarity": 0.0, "location": "Seattle, WA", "sentiment": "neutral", "time": "Tue Mar 29 15:00:48 +0000 2016"}
{"polarity": 0.0, "location": "Seattle, WA", "sentiment": "neutral", "time": "Tue Mar 29 15:00:52 +0000 2016"}
{"polarity": 0.08333333333333333, "location": "New York, NY", "sentiment": "positive", "time": "Tue Mar 29 15:34:00 +0000 2016"}
{"polarity": 0.0, "location": "Seattle, WA", "sentiment": "neutral", "time": "Tue Mar 29 15:34:11 +0000 2016"}
{"polarity": 0.0, "location": "San Diego, CA", "sentiment": "neutral", "time": "Tue Mar 29 15:34:11 +0000 2016"}
{"polarity": -0.125, "location": "New York, NY", "sentiment": "negative", "time": "Tue Mar 29 15:34:14 +0000 2016"}
{"polarity": 0.5, "location": "Atlanta, GA", "sentiment": "positive", "time": "Tue Mar 29 15:34:24 +0000 2016"}
{"polarity": 0.0, "location": "San Diego, CA", "sentiment": "neutral", "time": "Tue Mar 29 15:34:27 +0000 2016"}
{"polarity": 0.7, "location": "Boston, MA", "sentiment": "positive", "time": "Tue Mar 29 15:34:38 +0000 2016"}
{"polarity": 0.0, "location": "New York, NY", "sentiment": "neutral", "time": "Tue Mar 29 15:34:51 +0000 2016"}
{"polarity": 0.0, "location": "San Diego, CA", "sentiment": "neutral", "time": "Tue Mar 29 15:34:54 +0000 2016"}
{"polarity": 0.0, "location": "Portland, OR", "sentiment": "neutral", "time": "Tue Mar 29 15:34:56 +0000 2016"}
{"polarity": 0.0, "location": "New York, NY", "sentiment": "neutral", "time": "Tue Mar 29 15:05:01 +0000 2016"}
{"polarity": 0.0, "location": "New York, NY", "sentiment": "neutral", "time": "Tue Mar 29 15:05:05 +0000 2016"}
{"polarity": 0.2857142857142857, "location": "New York, NY", "sentiment": "positive", "time": "Tue Mar 29 15:05:09 +0000 2016"}
{"polarity": 0.0, "location": "Boston, MA", "sentiment": "neutral", "time": "Tue Mar 29 15:05:14 +0000 2016"}
{"polarity": 0.09, "location": "Phoenix, AZ", "sentiment": "positive", "time": "Tue Mar 29 15:05:17 +0000 2016"}
{"polarity": 0.0, "location": "Orlando, FL", "sentiment": "neutral", "time": "Tue Mar 29 15:05:30 +0000 2016"}
{"polarity": 0.44166666666666665, "location": "Seattle, WA", "sentiment": "positive", "time": "Tue Mar 29 15:05:32 +0000 2016"}
{"polarity": 0.0, "location": "New York, NY", "sentiment": "neutral", "time": "Tue Mar 29 15:05:39 +0000 2016"}
{"polarity": -0.08333333333333334, "location": "Atlanta, GA", "sentiment": "negative", "time": "Tue Mar 29 15:05:55 +0000 2016"}
{"polarity": 0.2818181818181818, "location": "New York, NY", "sentiment": "positive", "time": "Tue Mar 29 15:11:02 +0000 2016"}
{"polarity": 0.5681818181818181, "location": "Seattle, WA", "sentiment": "positive", "time": "Tue Mar 29 15:11:08 +0000 2016"}
{"polarity": 0.0, "location": "Portland, OR", "sentiment": "neutral", "time": "Tue Mar 29 15:11:09 +0000 2016"}
{"polarity": 0.0, "location": "St. Louis, MO", "sentiment": "neutral", "time": "Tue Mar 29 15:11:50 +0000 2016"}
{"polarity": 0.09318181818181819, "location": "Seattle, WA", "sentiment": "positive", "time": "Tue Mar 29 15:11:59 +0000 2016"}
{"polarity": 0.3, "location": "Boston, MA", "sentiment": "positive", "time": "Tue Mar 29 15:56:00 +0000 2016"}
{"polarity": 0.0, "location": "San Diego, CA", "sentiment": "neutral", "time": "Tue Mar 29 15:56:01 +0000 2016"}
{"polarity": 0.2130681818181818, "location": "San Diego, CA", "sentiment": "positive", "time": "Tue Mar 29 15:56:02 +0000 2016"}
{"polarity": 0.0, "location": "New York, NY", "sentiment": "neutral", "time": "Tue Mar 29 15:56:04 +0000 2016"}
{"polarity": 0.0, "location": "Atlanta, GA", "sentiment": "neutral", "time": "Tue Mar 29 15:56:10 +0000 2016"}
{"polarity": -0.2, "location": "New York, NY", "sentiment": "negative", "time": "Tue Mar 29 15:56:23 +0000 2016"}
{"polarity": 0.0, "location": "San Diego, CA", "sentiment": "neutral", "time": "Tue Mar 29 15:56:23 +0000 2016"}
{"polarity": 0.0, "location": "Atlanta, GA", "sentiment": "neutral", "time": "Tue Mar 29 15:56:27 +0000 2016"}
{"polarity": 0.7, "location": "Portland, OR", "sentiment": "positive", "time": "Tue Mar 29 15:56:27 +0000 2016"}
{"polarity": 0.0, "location": "Orlando, FL", "sentiment": "neutral", "time": "Tue Mar 29 15:56:53 +0000 2016"}
{"polarity": -0.3, "location": "Atlanta, GA", "sentiment": "negative", "time": "Tue Mar 29 15:47:03 +0000 2016"}
{"polarity": -0.7, "location": "New York, NY", "sentiment": "negative", "time": "Tue Mar 29 15:47:08 +0000 2016"}
{"polarity": -0.2, "location": "New York, NY", "sentiment": "negative", "time": "Tue Mar 29 15:47:09 +0000 2016"}
{"polarity": 0.0, "location": "New York, NY", "sentiment": "neutral", "time": "Tue Mar 29 15:47:11 +0000 2016"}
{"polarity": 0.0, "location": "New York, NY", "sentiment": "neutral", "time": "Tue Mar 29 15:47:16 +0000 2016"}
{"polarity": 0.85, "location": "Orlando, FL", "sentiment": "positive", "time": "Tue Mar 29 15:47:20 +0000 2016"}
{"polarity": 0.0, "location": "New York, NY", "sentiment": "neutral", "time": "Tue Mar 29 15:47:23 +0000 2016"}
{"polarity": 0.6, "location": "Portland, OR", "sentiment": "positive", "time": "Tue Mar 29 15:47:38 +0000 2016"}
{"polarity": -0.16666666666666666, "location": "New York, NY", "sentiment": "negative", "time": "Tue Mar 29 15:47:43 +0000 2016"}
{"polarity": 0.2857142857142857, "location": "Atlanta, GA", "sentiment": "positive", "time": "Tue Mar 29 15:47:45 +0000 2016"}
{"polarity": 0.0, "location": "Boston, MA", "sentiment": "neutral", "time": "Tue Mar 29 15:47:45 +0000 2016"}
{"polarity": 0.3, "location": "New York, NY", "sentiment": "positive", "time": "Tue Mar 29 15:47:49 +0000 2016"}
{"polarity": 0.5, "location": "New York, NY", "sentiment": "positive", "time": "Tue Mar 29 15:52:02 +0000 2016"}
{"polarity": 0.0, "location": "Orlando, FL", "sentiment": "neutral", "time": "Tue Mar 29 15:52:07 +0000 2016"}
{"polarity": 0.0, "location": "Seattle, WA", "sentiment": "neutral", "time": "Tue Mar 29 15:52:08 +0000 2016"}
{"polarity": 0.125, "location": "Seattle, WA", "sentiment": "positive", "time": "Tue Mar 29 15:52:09 +0000 2016"}
{"polarity": 0.0, "location": "St. Louis, MO", "sentiment": "neutral", "time": "Tue Mar 29 15:52:16 +0000 2016"}
{"polarity": 0.0, "location": "Boston, MA", "sentiment": "neutral", "time": "Tue Mar 29 15:52:18 +0000 2016"}
{"polarity": 0.35, "location": "San Diego, CA", "sentiment": "positive", "time": "Tue Mar 29 15:52:18 +0000 2016"}
{"polarity": 0.0, "location": "New York, NY", "sentiment": "neutral", "time": "Tue Mar 29 15:52:44 +0000 2016"}
{"polarity": 0.0, "location": "New York, NY", "sentiment": "neutral", "time": "Tue Mar 29 15:52:47 +0000 2016"}
{"polarity": 0.5, "location": "Atlanta, GA", "sentiment": "positive", "time": "Tue Mar 29 15:52:53 +0000 2016"}
{"polarity": 0.0, "location": "San Diego, CA", "sentiment": "neutral", "time": "Tue Mar 29 15:53:02 +0000 2016"}
{"polarity": 0.6, "location": "Orlando, FL", "sentiment": "positive", "time": "Tue Mar 29 15:53:05 +0000 2016"}
{"polarity": -0.125, "location": "Boston, MA", "sentiment": "negative", "time": "Tue Mar 29 15:53:07 +0000 2016"}
{"polarity": 0.0, "location": "Seattle, WA", "sentiment": "neutral", "time": "Tue Mar 29 15:53:10 +0000 2016"}
{"polarity": -0.375, "location": "Seattle, WA", "sentiment": "negative", "time": "Tue Mar 29 15:53:29 +0000 2016"}
{"polarity": 0.25, "location": "New York, NY", "sentiment": "positive", "time": "Tue Mar 29 15:02:03 +0000 2016"}
{"polarity": -0.875, "location": "San Diego, CA", "sentiment": "negative", "time": "Tue Mar 29 15:02:14 +0000 2016"}
{"polarity": 0.0, "location": "Atlanta, GA", "sentiment": "neutral", "time": "Tue Mar 29 15:02:23 +0000 2016"}
{"polarity": 0.0, "location": "New York, NY", "sentiment": "neutral", "time": "Tue Mar 29 15:02:23 +0000 2016"}
{"polarity": 1.0, "location": "San Diego, CA", "sentiment": "positive", "time": "Tue Mar 29 15:02:28 +0000 2016"}
{"polarity": 0.0, "location": "Phoenix, AZ", "sentiment": "neutral", "time": "Tue Mar 29 15:02:28 +0000 2016"}
{"polarity": 0.65, "location": "Portland, OR", "sentiment": "positive", "time": "Tue Mar 29 15:02:30 +0000 2016"}
{"polarity": 0.0, "location": "Phoenix, AZ", "sentiment": "neutral", "time": "Tue Mar 29 15:02:40 +0000 2016"}
{"polarity": 1.0, "location": "Boston, MA", "sentiment": "positive", "time": "Tue Mar 29 15:02:45 +0000 2016"}
{"polarity": 0.0, "location": "New York, NY", "sentiment": "neutral", "time": "Tue Mar 29 15:02:55 +0000 2016"}
{"polarity": 0.0, "location": "New York, NY", "sentiment": "neutral", "time": "Tue Mar 29 15:02:55 +0000 2016"}
{"polarity": 0.0, "location": "Atlanta, GA", "sentiment": "neutral", "time": "Tue Mar 29 15:02:58 +0000 2016"}
{"polarity": 0.0, "location": "New York, NY", "sentiment": "neutral", "time": "Tue Mar 29 15:48:05 +0000 2016"}
{"polarity": 0.0, "location": "Portland, OR", "sentiment": "neutral", "time": "Tue Mar 29 15:48:11 +0000 2016"}
{"polarity": -0.125, "location": "Boston, MA", "sentiment": "negative", "time": "Tue Mar 29 15:48:13 +0000 2016"}
{"polarity": 1.0, "location": "New York, NY", "sentiment": "positive", "time": "Tue Mar 29 15:48:14 +0000 2016"}
{"polarity": 0.06818181818181818, "location": "Atlanta, GA", "sentiment": "positive", "time": "Tue Mar 29 15:48:20 +0000 2016"}
{"polarity": 0.0, "location": "Atlanta, GA", "sentiment": "neutral", "time": "Tue Mar 29 15:48:25 +0000 2016"}
{"polarity": -0.08333333333333337, "location": "Phoenix, AZ", "sentiment": "negative", "time": "Tue Mar 29 15:48:32 +0000 2016"}
{"polarity": -0.13333333333333328, "location": "Seattle, WA", "sentiment": "negative", "time": "Tue Mar 29 15:48:34 +0000 2016"}
{"polarity": 0.0, "location": "Atlanta, GA", "sentiment": "neutral", "time": "Tue Mar 29 15:48:41 +0000 2016"}
{"polarity": 0.5, "location": "San Diego, CA", "sentiment": "positive", "time": "Tue Mar 29 15:48:42 +0000 2016"}
{"polarity": -0.0875, "location": "Portland, OR", "sentiment": "negative", "time": "Tue Mar 29 15:48:50 +0000 2016"}
{"polarity": 0.09714285714285717, "location": "Atlanta, GA", "sentiment": "positive", "time": "Tue Mar 29 15:48:54 +0000 2016"}
{"polarity": 0.375, "location": "Seattle, WA", "sentiment": "positive", "time": "Tue Mar 29 15:48:58 +0000 2016"}
{"polarity": 0.0, "location": "New York, NY", "sentiment": "neutral", "time": "Tue Mar 29 15:25:01 +0000 2016"}
{"polarity": 0.0, "location": "New York, NY", "sentiment": "neutral", "time": "Tue Mar 29 15:25:03 +0000 2016"}
{"polarity": 0.32499999999999996, "location": "St. Louis, MO", "sentiment": "positive", "time": "Tue Mar 29 15:25:03 +0000 2016"}
{"polarity": 0.4681818181818182, "location": "New York, NY", "sentiment": "positive", "time": "Tue Mar 29 15:25:08 +0000 2016"}
{"polarity": 0.0, "location": "Seattle, WA", "sentiment": "neutral", "time": "Tue Mar 29 15:25:13 +0000 2016"}
{"polarity": 0.0, "location": "San Diego, CA", "sentiment": "neutral", "time": "Tue Mar 29 15:25:22 +0000 2016"}
{"polarity": 0.3007936507936508, "location": "New York, NY", "sentiment": "positive", "time": "Tue Mar 29 15:25:24 +0000 2016"}
{"polarity": 0.0, "location": "New York, NY", "sentiment": "neutral", "time": "Tue Mar 29 15:25:41 +0000 2016"}
{"polarity": 0.0, "location": "Seattle, WA", "sentiment": "neutral", "time": "Tue Mar 29 15:25:44 +0000 2016"}
{"polarity": 0.8, "location": "New York, NY", "sentiment": "positive", "time": "Tue Mar 29 15:16:03 +0000 2016"}
{"polarity": -0.625, "location": "Orlando, FL", "sentiment": "negative", "time": "Tue Mar 29 15:16:05 +0000 2016"}
{"polarity": -0.07500000000000001, "location": "Atlanta, GA", "sentiment": "negative", "time": "Tue Mar 29 15:16:17 +0000 2016"}
{"polarity": 0.0, "location": "Phoenix, AZ", "sentiment": "neutral", "time": "Tue Mar 29 15:16:27 +0000 2016"}
{"polarity": 0.0, "location": "Boston, MA", "sentiment": "neutral", "time": "Tue Mar 29 15:16:27 +0000 2016"}
{"polarity": 0.65, "location": "Boston, MA", "sentiment": "positive", "time": "Tue Mar 29 15:16:33 +0000 2016"}
{"polarity": -0.5, "location": "Seattle, WA", "sentiment": "negative", "time": "Tue Mar 29 15:16:35 +0000 2016"}
{"polarity": 0.0, "location": "San Diego, CA", "sentiment": "neutral", "time": "Tue Mar 29 15:16:36 +0000 2016"}
{"polarity": 0.0, "location": "New York, NY", "sentiment": "neutral", "time": "Tue Mar 29 15:16:48 +0000 2016"}
{"polarity": 0.5, "location": "Boston, MA", "sentiment": "positive", "time": "Tue Mar 29 15:16:52 +0000 2016"}
{"polarity": -0.025, "location": "New York, NY", "sentiment": "negative", "time": "Tue Mar 29 15:14:03 +0000 2016"}
{"polarity": 0.25, "location": "Boston, MA", "sentiment": "positive", "time": "Tue Mar 29 15:14:18 +0000 2016"}
{"polarity": 0.0, "location": "New York, NY", "sentiment": "neutral", "time": "Tue Mar 29 15:14:18 +0000 2016"}
{"polarity": -0.4, "location": "Boston, MA", "sentiment": "negative", "time": "Tue Mar 29 15:14:24 +0000 2016"}
{"polarity": 0.55, "location": "Atlanta, GA", "sentiment": "positive", "time": "Tue Mar 29 15:14:25 +0000 2016"}
{"polarity": 0.35, "location": "Boston, MA", "sentiment": "positive", "time": "Tue Mar 29 15:14:43 +0000 2016"}
{"polarity": 0.0, "location": "San Diego, CA", "sentiment": "neutral", "time": "Tue Mar 29 15:14:49 +0000 2016"}
{"polarity": 0.08522727272727272, "location": "Seattle, WA", "sentiment": "positive", "time": "Tue Mar 29 15:23:04 +0000 2016"}
{"polarity": 0.0, "location": "Atlanta, GA", "sentiment": "neutral", "time": "Tue Mar 29 15:23:14 +0000 2016"}
{"polarity": 0.0625, "location": "New York, NY", "sentiment": "positive", "time": "Tue Mar 29 15:23:22 +0000 2016"}
{"polarity": 0.0, "location": "Atlanta, GA", "sentiment": "neutral", "time": "Tue Mar 29 15:23:23 +0000 2016"}
{"polarity": -0.25, "location": "Phoenix, AZ", "sentiment": "negative", "time": "Tue Mar 29 15:23:24 +0000 2016"}
{"polarity": 0.2, "location": "Boston, MA", "sentiment": "positive", "time": "Tue Mar 29 15:23:25 +0000 2016"}
{"polarity": 0.0, "location": "Atlanta, GA", "sentiment": "neutral", "time": "Tue Mar 29 15:23:38 +0000 2016"}
{"polarity": 0.5, "location": "San Diego, CA", "sentiment": "positive", "time": "Tue Mar 29 15:23:40 +0000 2016"}
{"polarity": 0.0, "location": "Seattle, WA", "sentiment": "neutral", "time": "Tue Mar 29 15:23:41 +0000 2016"}
{"polarity": 0.16666666666666666, "location": "Orlando, FL", "sentiment": "positive", "time": "Tue Mar 29 15:23:43 +0000 2016"}
{"polarity": 0.6, "location": "Boston, MA", "sentiment": "positive", "time": "Tue Mar 29 15:07:00 +0000 2016"}
{"polarity": 0.0, "location": "New York, NY", "sentiment": "neutral", "time": "Tue Mar 29 15:07:25 +0000 2016"}
{"polarity": 0.11666666666666668, "location": "Orlando, FL", "sentiment": "positive", "time": "Tue Mar 29 15:07:28 +0000 2016"}
{"polarity": 0.7, "location": "New York, NY", "sentiment": "positive", "time": "Tue Mar 29 15:07:51 +0000 2016"}
{"polarity": 0.0, "location": "Seattle, WA", "sentiment": "neutral", "time": "Tue Mar 29 15:07:58 +0000 2016"}
{"polarity": 0.0, "location": "Phoenix, AZ", "sentiment": "neutral", "time": "Tue Mar 29 15:51:13 +0000 2016"}
{"polarity": 0.0, "location": "Boston, MA", "sentiment": "neutral", "time": "Tue Mar 29 15:51:20 +0000 2016"}
{"polarity": -0.08073593073593073, "location": "San Diego, CA", "sentiment": "negative", "time": "Tue Mar 29 15:51:24 +0000 2016"}
{"polarity": -0.25, "location": "Atlanta, GA", "sentiment": "negative", "time": "Tue Mar 29 15:51:33 +0000 2016"}
{"polarity": -0.6, "location": "Atlanta, GA", "sentiment": "negative", "time": "Tue Mar 29 15:51:40 +0000 2016"}
{"polarity": 0.0, "location": "St. Louis, MO", "sentiment": "neutral", "time": "Tue Mar 29 15:51:42 +0000 2016"}
{"polarity": 0.0, "location": "Boston, MA", "sentiment": "neutral", "time": "Tue Mar 29 15:30:06 +0000 2016"}
{"polarity": 0.0, "location": "New York, NY", "sentiment": "neutral", "time": "Tue Mar 29 15:30:09 +0000 2016"}
{"polarity": 0.0, "location": "Orlando, FL", "sentiment": "neutral", "time": "Tue Mar 29 15:30:12 +0000 2016"}
{"polarity": 0.0, "location": "Phoenix, AZ", "sentiment": "neutral", "time": "Tue Mar 29 15:30:15 +0000 2016"}
{"polarity": 0.8, "location": "New York, NY", "sentiment": "positive", "time": "Tue Mar 29 15:30:17 +0000 2016"}
{"polarity": 0.0, "location": "Portland, OR", "sentiment": "neutral", "time": "Tue Mar 29 15:30:20 +0000 2016"}
{"polarity": 0.0, "location": "New York, NY", "sentiment": "neutral", "time": "Tue Mar 29 15:30:21 +0000 2016"}
{"polarity": 0.05, "location": "Seattle, WA", "sentiment": "positive", "time": "Tue Mar 29 15:30:24 +0000 2016"}
{"polarity": 0.2, "location": "Orlando, FL", "sentiment": "positive", "time": "Tue Mar 29 15:30:25 +0000 2016"}
{"polarity": 0.13636363636363635, "location": "Portland, OR", "sentiment": "positive", "time": "Tue Mar 29 15:30:25 +0000 2016"}
{"polarity": 0.3333333333333333, "location": "Portland, OR", "sentiment": "positive", "time": "Tue Mar 29 15:30:44 +0000 2016"}
{"polarity": 0.08484848484848484, "location": "Atlanta, GA", "sentiment": "positive", "time": "Tue Mar 29 15:30:45 +0000 2016"}
{"polarity": 0.0, "location": "Phoenix, AZ", "sentiment": "neutral", "time": "Tue Mar 29 15:30:51 +0000 2016"}
{"polarity": -0.26515151515151514, "location": "Boston, MA", "sentiment": "negative", "time": "Tue Mar 29 15:30:55 +0000 2016"}
{"polarity": 0.0, "location": "New York, NY", "sentiment": "neutral", "time": "Tue Mar 29 15:03:04 +0000 2016"}
{"polarity": -0.03181818181818183, "location": "Portland, OR", "sentiment": "negative", "time": "Tue Mar 29 15:03:05 +0000 2016"}
{"polarity": 0.09999999999999999, "location": "Atlanta, GA", "sentiment": "positive", "time": "Tue Mar 29 15:03:16 +0000 2016"}
{"polarity": 0.0, "location": "Portland, OR", "sentiment": "neutral", "time": "Tue Mar 29 15:03:17 +0000 2016"}
{"polarity": 0.0, "location": "Seattle, WA", "sentiment": "neutral", "time": "Tue Mar 29 15:03:24 +0000 2016"}
{"polarity": 0.25, "location": "Orlando, FL", "sentiment": "positive", "time": "Tue Mar 29 15:03:25 +0000 2016"}
{"polarity": 0.0, "location": "Boston, MA", "sentiment": "neutral", "time": "Tue Mar 29 15:03:31 +0000 2016"}
{"polarity": 0.0, "location": "Atlanta, GA", "sentiment": "neutral", "time": "Tue Mar 29 15:03:35 +0000 2016"}
{"polarity": 0.3660714285714286, "location": "New York, NY", "sentiment": "positive", "time": "Tue Mar 29 15:03:35 +0000 2016"}
{"polarity": 0.45, "location": "Boston, MA", "sentiment": "positive", "time": "Tue Mar 29 15:03:35 +0000 2016"}
{"polarity": 0.375, "location": "New York, NY", "sentiment": "positive", "time": "Tue Mar 29 15:40:16 +0000 2016"}
{"polarity": 0.4333333333333333, "location": "New York, NY", "sentiment": "positive", "time": "Tue Mar 29 15:40:21 +0000 2016"}
{"polarity": 0.0, "location": "Portland, OR", "sentiment": "neutral", "time": "Tue Mar 29 15:40:22 +0000 2016"}
{"polarity": 0.1, "location": "New York, NY", "sentiment": "positive", "time": "Tue Mar 29 15:40:23 +0000 2016"}
{"polarity": 0.0, "location": "Boston, MA", "sentiment": "neutral", "time": "Tue Mar 29 15:40:23 +0000 2016"}
{"polarity": 0.0, "location": "Boston, MA", "sentiment": "neutral", "time": "Tue Mar 29 15:40:30 +0000 2016"}
{"polarity": 0.0, "location": "Orlando, FL", "sentiment": "neutral", "time": "Tue Mar 29 15:40:33 +0000 2016"}
{"polarity": 0.0, "location": "New York, NY", "sentiment": "neutral", "time": "Tue Mar 29 15:40:33 +0000 2016"}
{"polarity": 0.0, "location": "Atlanta, GA", "sentiment": "neutral", "time": "Tue Mar 29 15:40:35 +0000 2016"}
{"polarity": 0.5333333333333333, "location": "Orlando, FL", "sentiment": "positive", "time": "Tue Mar 29 15:40:45 +0000 2016"}
{"polarity": 0.0, "location": "Portland, OR", "sentiment": "neutral", "time": "Tue Mar 29 15:40:58 +0000 2016"}
{"polarity": -0.3671717171717171, "location": "New York, NY", "sentiment": "negative", "time": "Tue Mar 29 15:08:06 +0000 2016"}
{"polarity": 0.18678571428571428, "location": "Boston, MA", "sentiment": "positive", "time": "Tue Mar 29 15:08:18 +0000 2016"}
{"polarity": 0.0, "location": "New York, NY", "sentiment": "neutral", "time": "Tue Mar 29 15:08:19 +0000 2016"}
{"polarity": 0.0, "location": "Atlanta, GA", "sentiment": "neutral", "time": "Tue Mar 29 15:08:24 +0000 2016"}
{"polarity": -0.07142857142857142, "location": "New York, NY", "sentiment": "negative", "time": "Tue Mar 29 15:08:27 +0000 2016"}
{"polarity": -0.07692307692307693, "location": "Phoenix, AZ", "sentiment": "negative", "time": "Tue Mar 29 15:08:39 +0000 2016"}
{"polarity": 0.0, "location": "New York, NY", "sentiment": "neutral", "time": "Tue Mar 29 15:08:50 +0000 2016"}
{"polarity": 0.10833333333333334, "location": "New York, NY", "sentiment": "positive", "time": "Tue Mar 29 15:08:52 +0000 2016"}
{"polarity": 0.5, "location": "Atlanta, GA", "sentiment": "positive", "time": "Tue Mar 29 15:08:53 +0000 2016"}
{"polarity": -0.20833333333333331, "location": "Portland, OR", "sentiment": "negative", "time": "Tue Mar 29 15:35:05 +0000 2016"}
{"polarity": 0.0, "location": "Atlanta, GA", "sentiment": "neutral", "time": "Tue Mar 29 15:35:08 +0000 2016"}
{"polarity": 0.21428571428571427, "location": "Atlanta, GA", "sentiment": "positive", "time": "Tue Mar 29 15:35:12 +0000 2016"}
{"polarity": 0.0, "location": "Orlando, FL", "sentiment": "neutral", "time": "Tue Mar 29 15:35:20 +0000 2016"}
{"polarity": 0.0, "location": "Boston, MA", "sentiment": "neutral", "time": "Tue Mar 29 15:35:20 +0000 2016"}
{"polarity": -0.07500000000000001, "location": "Portland, OR", "sentiment": "negative", "time": "Tue Mar 29 15:35:27 +0000 2016"}
{"polarity": -0.1, "location": "New York, NY", "sentiment": "negative", "time": "Tue Mar 29 15:35:33 +0000 2016"}
{"polarity": 0.0, "location": "New York, NY", "sentiment": "neutral", "time": "Tue Mar 29 15:35:35 +0000 2016"}
{"polarity": 0.0, "location": "San Diego, CA", "sentiment": "neutral", "time": "Tue Mar 29 15:35:45 +0000 2016"}
{"polarity": 0.25, "location": "Atlanta, GA", "sentiment": "positive", "time": "Tue Mar 29 15:35:49 +0000 2016"}
{"polarity": 0.0, "location": "San Diego, CA", "sentiment": "neutral", "time": "Tue Mar 29 15:43:10 +0000 2016"}
{"polarity": 0.0, "location": "San Diego, CA", "sentiment": "neutral", "time": "Tue Mar 29 15:43:12 +0000 2016"}
{"polarity": 0.0, "location": "Phoenix, AZ", "sentiment": "neutral", "time": "Tue Mar 29 15:43:17 +0000 2016"}
{"polarity": 0.5, "location": "Phoenix, AZ", "sentiment": "positive", "time": "Tue Mar 29 15:43:17 +0000 2016"}
{"polarity": 0.18, "location": "San Diego, CA", "sentiment": "positive", "time": "Tue Mar 29 15:43:17 +0000 2016"}
{"polarity": 0.0, "location": "Orlando, FL", "sentiment": "neutral", "time": "Tue Mar 29 15:43:23 +0000 2016"}
{"polarity": 0.0, "location": "Orlando, FL", "sentiment": "neutral", "time": "Tue Mar 29 15:43:26 +0000 2016"}
{"polarity": 0.0, "location": "Atlanta, GA", "sentiment": "neutral", "time": "Tue Mar 29 15:43:28 +0000 2016"}
{"polarity": 0.0, "location": "New York, NY", "sentiment": "neutral", "time": "Tue Mar 29 15:43:40 +0000 2016"}
{"polarity": 0.175, "location": "Phoenix, AZ", "sentiment": "positive", "time": "Tue Mar 29 15:43:53 +0000 2016"}
{"polarity": -0.4, "location": "San Diego, CA", "sentiment": "negative", "time": "Tue Mar 29 15:43:55 +0000 2016"}
{"polarity": -0.2, "location": "Atlanta, GA", "sentiment": "negative", "time": "Tue Mar 29 15:43:55 +0000 2016"}
{"polarity": -0.2, "location": "Boston, MA", "sentiment": "negative", "time": "Tue Mar 29 15:10:02 +0000 2016"}
{"polarity": 0.0, "location": "San Diego, CA", "sentiment": "neutral", "time": "Tue Mar 29 15:10:24 +0000 2016"}
{"polarity": 0.75, "location": "Orlando, FL", "sentiment": "positive", "time": "Tue Mar 29 15:10:28 +0000 2016"}
{"polarity": 0.32045454545454544, "location": "Seattle, WA", "sentiment": "positive", "time": "Tue Mar 29 15:10:32 +0000 2016"}
{"polarity": 0.0, "location": "New York, NY", "sentiment": "neutral", "time": "Tue Mar 29 15:10:37 +0000 2016"}
{"polarity": -0.125, "location": "Portland, OR", "sentiment": "negative", "time": "Tue Mar 29 15:10:40 +0000 2016"}
{"polarity": 0.5, "location": "New York, NY", "sentiment": "positive", "time": "Tue Mar 29 15:10:57 +0000 2016"}
{"polarity": -0.75, "location": "Atlanta, GA", "sentiment": "negative", "time": "Tue Mar 29 15:54:06 +0000 2016"}
{"polarity": 0.13749999999999998, "location": "Atlanta, GA", "sentiment": "positive", "time": "Tue Mar 29 15:54:16 +0000 2016"}
{"polarity": 0.8, "location": "Boston, MA", "sentiment": "positive", "time": "Tue Mar 29 15:54:37 +0000 2016"}
{"polarity": 0.2857142857142857, "location": "Boston, MA", "sentiment": "positive", "time": "Tue Mar 29 15:54:41 +0000 2016"}
{"polarity": -0.30833333333333335, "location": "New York, NY", "sentiment": "negative", "time": "Tue Mar 29 15:24:04 +0000 2016"}
{"polarity": 0.5166666666666667, "location": "Seattle, WA", "sentiment": "positive", "time": "Tue Mar 29 15:24:04 +0000 2016"}
{"polarity": 0.0, "location": "Orlando, FL", "sentiment": "neutral", "time": "Tue Mar 29 15:24:08 +0000 2016"}
{"polarity": 0.0, "location": "Phoenix, AZ", "sentiment": "neutral", "time": "Tue Mar 29 15:24:09 +0000 2016"}
{"polarity": -0.16666666666666666, "location": "New York, NY", "sentiment": "negative", "time": "Tue Mar 29 15:24:10 +0000 2016"}
{"polarity": 0.8, "location": "New York, NY", "sentiment": "positive", "time": "Tue Mar 29 15:24:16 +0000 2016"}
{"polarity": 0.0, "location": "San Diego, CA", "sentiment": "neutral", "time": "Tue Mar 29 15:24:23 +0000 2016"}
{"polarity": 0.0, "location": "New York, NY", "sentiment": "neutral", "time": "Tue Mar 29 15:24:29 +0000 2016"}
{"polarity": 0.0, "location": "Seattle, WA", "sentiment": "neutral", "time": "Tue Mar 29 15:24:41 +0000 2016"}
{"polarity": 0.0, "location": "St. Louis, MO", "sentiment": "neutral", "time": "Tue Mar 29 15:24:55 +0000 2016"}
{"polarity": 0.0, "location": "New York, NY", "sentiment": "neutral", "time": "Tue Mar 29 15:32:04 +0000 2016"}
{"polarity": 0.0, "location": "Boston, MA", "sentiment": "neutral", "time": "Tue Mar 29 15:32:05 +0000 2016"}
{"polarity": -0.4, "location": "Seattle, WA", "sentiment": "negative", "time": "Tue Mar 29 15:32:07 +0000 2016"}
{"polarity": 0.0, "location": "Phoenix, AZ", "sentiment": "neutral", "time": "Tue Mar 29 15:32:07 +0000 2016"}
{"polarity": 0.0, "location": "Seattle, WA", "sentiment": "neutral", "time": "Tue Mar 29 15:32:14 +0000 2016"}
{"polarity": -0.5, "location": "Atlanta, GA", "sentiment": "negative", "time": "Tue Mar 29 15:32:15 +0000 2016"}
{"polarity": 0.0, "location": "New York, NY", "sentiment": "neutral", "time": "Tue Mar 29 15:32:19 +0000 2016"}
{"polarity": 0.0, "location": "Seattle, WA", "sentiment": "neutral", "time": "Tue Mar 29 15:32:24 +0000 2016"}
{"polarity": 0.25, "location": "Atlanta, GA", "sentiment": "positive", "time": "Tue Mar 29 15:32:31 +0000 2016"}
{"polarity": 0.0, "location": "New York, NY", "sentiment": "neutral", "time": "Tue Mar 29 15:32:34 +0000 2016"}
{"polarity": -0.012500000000000039, "location": "Atlanta, GA", "sentiment": "negative", "time": "Tue Mar 29 15:32:35 +0000 2016"}
{"polarity": 0.0, "location": "Portland, OR", "sentiment": "neutral", "time": "Tue Mar 29 15:32:35 +0000 2016"}
{"polarity": 0.5833333333333334, "location": "Seattle, WA", "sentiment": "positive", "time": "Tue Mar 29 15:32:50 +0000 2016"}
{"polarity": 0.0, "location": "Atlanta, GA", "sentiment": "neutral", "time": "Tue Mar 29 15:32:53 +0000 2016"}
{"polarity": 0.3181818181818182, "location": "Orlando, FL", "sentiment": "positive", "time": "Tue Mar 29 15:32:56 +0000 2016"}
{"polarity": 0.0, "location": "Boston, MA", "sentiment": "neutral", "time": "Tue Mar 29 15:32:59 +0000 2016"}
{"polarity": 0.0, "location": "Orlando, FL", "sentiment": "neutral", "time": "Tue Mar 29 15:36:03 +0000 2016"}
{"polarity": 0.16666666666666666, "location": "San Diego, CA", "sentiment": "positive", "time": "Tue Mar 29 15:36:12 +0000 2016"}
{"polarity": 0.0, "location": "New York, NY", "sentiment": "neutral", "time": "Tue Mar 29 15:36:21 +0000 2016"}
{"polarity": -0.05, "location": "Seattle, WA", "sentiment": "negative", "time": "Tue Mar 29 15:36:26 +0000 2016"}
{"polarity": 0.0, "location": "New York, NY", "sentiment": "neutral", "time": "Tue Mar 29 15:36:29 +0000 2016"}
{"polarity": 0.6, "location": "Phoenix, AZ", "sentiment": "positive", "time": "Tue Mar 29 15:36:30 +0000 2016"}
{"polarity": 0.06818181818181818, "location": "Atlanta, GA", "sentiment": "positive", "time": "Tue Mar 29 15:36:43 +0000 2016"}
{"polarity": 0.25, "location": "Portland, OR", "sentiment": "positive", "time": "Tue Mar 29 15:36:54 +0000 2016"}
{"polarity": 0.0, "location": "Seattle, WA", "sentiment": "neutral", "time": "Tue Mar 29 15:36:58 +0000 2016"}
{"polarity": 0.4380952380952381, "location": "Seattle, WA", "sentiment": "positive", "time": "Tue Mar 29 15:36:58 +0000 2016"}
{"polarity": 0.37857142857142856, "location": "New York, NY", "sentiment": "positive", "time": "Tue Mar 29 15:01:06 +0000 2016"}
{"polarity": 0.0, "location": "New York, NY", "sentiment": "neutral", "time": "Tue Mar 29 15:01:13 +0000 2016"}
{"polarity": 0.0, "location": "Atlanta, GA", "sentiment": "neutral", "time": "Tue Mar 29 15:01:16 +0000 2016"}
{"polarity": 0.25, "location": "Atlanta, GA", "sentiment": "positive", "time": "Tue Mar 29 15:01:21 +0000 2016"}
{"polarity": 0.0, "location": "New York, NY", "sentiment": "neutral", "time": "Tue Mar 29 15:01:24 +0000 2016"}
{"polarity": -0.16666666666666666, "location": "Boston, MA", "sentiment": "negative", "time": "Tue Mar 29 15:01:27 +0000 2016"}
{"polarity": 0.0, "location": "Portland, OR", "sentiment": "neutral", "time": "Tue Mar 29 15:01:33 +0000 2016"}
{"polarity": 0.0, "location": "New York, NY", "sentiment": "neutral", "time": "Tue Mar 29 15:01:34 +0000 2016"}
{"polarity": 0.0, "location": "Atlanta, GA", "sentiment": "neutral", "time": "Tue Mar 29 15:01:42 +0000 2016"}
{"polarity": 0.0, "location": "New York, NY", "sentiment": "neutral", "time": "Tue Mar 29 15:01:46 +0000 2016"}
{"polarity": 0.0, "location": "Boston, MA", "sentiment": "neutral", "time": "Tue Mar 29 15:01:49 +0000 2016"}
{"polarity": 0.20833333333333331, "location": "Atlanta, GA", "sentiment": "positive", "time": "Tue Mar 29 15:01:56 +0000 2016"}
{"polarity": -0.125, "location": "Seattle, WA", "sentiment": "negative", "time": "Tue Mar 29 15:55:02 +0000 2016"}
{"polarity": 0.0, "location": "Orlando, FL", "sentiment": "neutral", "time": "Tue Mar 29 15:55:14 +0000 2016"}
{"polarity": 0.0, "location": "San Diego, CA", "sentiment": "neutral", "time": "Tue Mar 29 15:55:16 +0000 2016"}
{"polarity": 0.4166666666666667, "location": "San Diego, CA", "sentiment": "positive", "time": "Tue Mar 29 15:55:49 +0000 2016"}
{"polarity": 0.0, "location": "Phoenix, AZ", "sentiment": "neutral", "time": "Tue Mar 29 15:55:51 +0000 2016"}
{"polarity": 0.0, "location": "New York, NY", "sentiment": "neutral", "time": "Tue Mar 29 15:55:56 +0000 2016"}
{"polarity": 0.3, "location": "Portland, OR", "sentiment": "positive", "time": "Tue Mar 29 15:09:04 +0000 2016"}
{"polarity": 0.2, "location": "Orlando, FL", "sentiment": "positive", "time": "Tue Mar 29 15:09:20 +0000 2016"}
{"polarity": 0.0, "location": "Atlanta, GA", "sentiment": "neutral", "time": "Tue Mar 29 15:09:20 +0000 2016"}
{"polarity": 0.3416666666666667, "location": "St. Louis, MO", "sentiment": "positive", "time": "Tue Mar 29 15:09:20 +0000 2016"}
{"polarity": 0.8, "location": "Boston, MA", "sentiment": "positive", "time": "Tue Mar 29 15:09:22 +0000 2016"}
{"polarity": 0.0, "location": "San Diego, CA", "sentiment": "neutral", "time": "Tue Mar 29 15:09:27 +0000 2016"}
{"polarity": 0.0, "location": "Portland, OR", "sentiment": "neutral", "time": "Tue Mar 29 15:09:27 +0000 2016"}
{"polarity": 0.0, "location": "St. Louis, MO", "sentiment": "neutral", "time": "Tue Mar 29 15:09:30 +0000 2016"}
{"polarity": 0.0, "location": "San Diego, CA", "sentiment": "neutral", "time": "Tue Mar 29 15:09:50 +0000 2016"}
{"polarity": 0.0, "location": "San Diego, CA", "sentiment": "neutral", "time": "Tue Mar 29 15:33:01 +0000 2016"}
{"polarity": 0.0, "location": "Atlanta, GA", "sentiment": "neutral", "time": "Tue Mar 29 15:33:04 +0000 2016"}
{"polarity": 0.0, "location": "San Diego, CA", "sentiment": "neutral", "time": "Tue Mar 29 15:33:09 +0000 2016"}
{"polarity": 0.0, "location": "Boston, MA", "sentiment": "neutral", "time": "Tue Mar 29 15:33:17 +0000 2016"}
{"polarity": -0.6, "location": "Atlanta, GA", "sentiment": "negative", "time": "Tue Mar 29 15:33:17 +0000 2016"}
{"polarity": 0.1, "location": "Orlando, FL", "sentiment": "positive", "time": "Tue Mar 29 15:33:22 +0000 2016"}
{"polarity": 0.0, "location": "Boston, MA", "sentiment": "neutral", "time": "Tue Mar 29 15:33:27 +0000 2016"}
{"polarity": 0.0, "location": "Boston, MA", "sentiment": "neutral", "time": "Tue Mar 29 15:33:27 +0000 2016"}
{"polarity": 0.0, "location": "Boston, MA", "sentiment": "neutral", "time": "Tue Mar 29 15:33:46 +0000 2016"}
{"polarity": 0.0, "location": "Orlando, FL", "sentiment": "neutral", "time": "Tue Mar 29 15:33:48 +0000 2016"}
{"polarity": -0.75, "location": "St. Louis, MO", "sentiment": "negative", "time": "Tue Mar 29 15:33:49 +0000 2016"}
{"polarity": 0.0, "location": "Atlanta, GA", "sentiment": "neutral", "time": "Tue Mar 29 15:33:50 +0000 2016"}
{"polarity": 0.0, "location": "Atlanta, GA", "sentiment": "neutral", "time": "Tue Mar 29 15:33:52 +0000 2016"}
{"polarity": 0.0, "location": "Atlanta, GA", "sentiment": "neutral", "time": "Tue Mar 29 15:33:55 +0000 2016"}
{"polarity": 0.06818181818181818, "location": "New York, NY", "sentiment": "positive", "time": "Tue Mar 29 15:33:57 +0000 2016"}
{"polarity": 0.0, "location": "New York, NY", "sentiment": "neutral", "time": "Tue Mar 29 15:44:03 +0000 2016"}
{"polarity": 0.25, "location": "Portland, OR", "sentiment": "positive", "time": "Tue Mar 29 15:44:04 +0000 2016"}
{"polarity": 0.0, "location": "New York, NY", "sentiment": "neutral", "time": "Tue Mar 29 15:44:05 +0000 2016"}
{"polarity": 0.35, "location": "Boston, MA", "sentiment": "positive", "time": "Tue Mar 29 15:44:09 +0000 2016"}
{"polarity": 0.4000000000000001, "location": "Orlando, FL", "sentiment": "positive", "time": "Tue Mar 29 15:44:13 +0000 2016"}
{"polarity": -0.2, "location": "Boston, MA", "sentiment": "negative", "time": "Tue Mar 29 15:44:34 +0000 2016"}
{"polarity": 0.17045454545454544, "location": "New York, NY", "sentiment": "positive", "time": "Tue Mar 29 15:44:39 +0000 2016"}
{"polarity": 0.0, "location": "Portland, OR", "sentiment": "neutral", "time": "Tue Mar 29 15:44:54 +0000 2016"}
{"polarity": 0.5, "location": "Boston, MA", "sentiment": "positive", "time": "Tue Mar 29 15:44:57 +0000 2016"}
{"polarity": 0.3125, "location": "Boston, MA", "sentiment": "positive", "time": "Tue Mar 29 15:28:03 +0000 2016"}
{"polarity": 0.0, "location": "Boston, MA", "sentiment": "neutral", "time": "Tue Mar 29 15:28:22 +0000 2016"}
{"polarity": 0.0, "location": "New York, NY", "sentiment": "neutral", "time": "Tue Mar 29 15:28:24 +0000 2016"}
{"polarity": 0.0, "location": "Orlando, FL", "sentiment": "neutral", "time": "Tue Mar 29 15:28:24 +0000 2016"}
{"polarity": 0.1, "location": "New York, NY", "sentiment": "positive", "time": "Tue Mar 29 15:28:30 +0000 2016"}
{"polarity": 0.0, "location": "Boston, MA", "sentiment": "neutral", "time": "Tue Mar 29 15:28:33 +0000 2016"}
{"polarity": -0.3125, "location": "San Diego, CA", "sentiment": "negative", "time": "Tue Mar 29 15:22:00 +0000 2016"}
{"polarity": 0.0, "location": "Orlando, FL", "sentiment": "neutral", "time": "Tue Mar 29 15:22:04 +0000 2016"}
{"polarity": 0.0, "location": "New York, NY", "sentiment": "neutral", "time": "Tue Mar 29 15:22:06 +0000 2016"}
{"polarity": 0.0, "location": "Atlanta, GA", "sentiment": "neutral", "time": "Tue Mar 29 15:22:07 +0000 2016"}
{"polarity": 0.825, "location": "New York, NY", "sentiment": "positive", "time": "Tue Mar 29 15:22:10 +0000 2016"}
{"polarity": 0.13636363636363635, "location": "Boston, MA", "sentiment": "positive", "time": "Tue Mar 29 15:22:14 +0000 2016"}
{"polarity": 0.0, "location": "Portland, OR", "sentiment": "neutral", "time": "Tue Mar 29 15:22:16 +0000 2016"}
{"polarity": 0.26666666666666666, "location": "Seattle, WA", "sentiment": "positive", "time": "Tue Mar 29 15:22:18 +0000 2016"}
{"polarity": 0.0, "location": "Phoenix, AZ", "sentiment": "neutral", "time": "Tue Mar 29 15:22:28 +0000 2016"}
{"polarity": 0.25, "location": "Orlando, FL", "sentiment": "positive", "time": "Tue Mar 29 15:22:31 +0000 2016"}
{"polarity": 0.0, "location": "New York, NY", "sentiment": "neutral", "time": "Tue Mar 29 15:22:34 +0000 2016"}
{"polarity": 0.0, "location": "Atlanta, GA", "sentiment": "neutral", "time": "Tue Mar 29 15:22:35 +0000 2016"}
{"polarity": 0.7, "location": "Seattle, WA", "sentiment": "positive", "time": "Tue Mar 29 15:22:37 +0000 2016"}
{"polarity": 0.0, "location": "Phoenix, AZ", "sentiment": "neutral", "time": "Tue Mar 29 15:22:44 +0000 2016"}
{"polarity": -0.225, "location": "New York, NY", "sentiment": "negative", "time": "Tue Mar 29 15:49:04 +0000 2016"}
{"polarity": 0.016666666666666663, "location": "Seattle, WA", "sentiment": "positive", "time": "Tue Mar 29 15:49:07 +0000 2016"}
{"polarity": 0.0, "location": "New York, NY", "sentiment": "neutral", "time": "Tue Mar 29 15:49:11 +0000 2016"}
{"polarity": 0.0, "location": "Atlanta, GA", "sentiment": "neutral", "time": "Tue Mar 29 15:49:12 +0000 2016"}
{"polarity": 0.0, "location": "New York, NY", "sentiment": "neutral", "time": "Tue Mar 29 15:49:20 +0000 2016"}
{"polarity": 0.0, "location": "New York, NY", "sentiment": "neutral", "time": "Tue Mar 29 15:49:29 +0000 2016"}
{"polarity": -0.2875, "location": "Atlanta, GA", "sentiment": "negative", "time": "Tue Mar 29 15:49:49 +0000 2016"}
{"polarity": 0.525, "location": "New York, NY", "sentiment": "positive", "time": "Tue Mar 29 15:49:52 +0000 2016"}
{"polarity": 0.0, "location": "Atlanta, GA", "sentiment": "neutral", "time": "Tue Mar 29 15:49:56 +0000 2016"}
{"polarity": 0.5, "location": "New York, NY", "sentiment": "positive", "time": "Tue Mar 29 15:49:56 +0000 2016"}
{"polarity": -0.4000000000000001, "location": "Atlanta, GA", "sentiment": "negative", "time": "Tue Mar 29 15:49:58 +0000 2016"}
{"polarity": 0.35, "location": "Boston, MA", "sentiment": "positive", "time": "Tue Mar 29 15:49:59 +0000 2016"}
{"polarity": 0.0, "location": "Boston, MA", "sentiment": "neutral", "time": "Tue Mar 29 15:45:01 +0000 2016"}
{"polarity": -0.05, "location": "Portland, OR", "sentiment": "negative", "time": "Tue Mar 29 15:45:18 +0000 2016"}
{"polarity": 0.0, "location": "Atlanta, GA", "sentiment": "neutral", "time": "Tue Mar 29 15:45:24 +0000 2016"}
{"polarity": 0.0, "location": "Seattle, WA", "sentiment": "neutral", "time": "Tue Mar 29 15:45:37 +0000 2016"}
{"polarity": 0.0, "location": "San Diego, CA", "sentiment": "neutral", "time": "Tue Mar 29 15:45:43 +0000 2016"}
{"polarity": 0.6, "location": "Atlanta, GA", "sentiment": "positive", "time": "Tue Mar 29 15:45:44 +0000 2016"}
{"polarity": 0.0, "location": "Atlanta, GA", "sentiment": "neutral", "time": "Tue Mar 29 15:45:45 +0000 2016"}
{"polarity": -0.16874999999999998, "location": "Atlanta, GA", "sentiment": "negative", "time": "Tue Mar 29 15:45:46 +0000 2016"}
{"polarity": 0.25, "location": "St. Louis, MO", "sentiment": "positive", "time": "Tue Mar 29 15:45:50 +0000 2016"}
{"polarity": 0.5, "location": "Boston, MA", "sentiment": "positive", "time": "Tue Mar 29 15:45:57 +0000 2016"}
{"polarity": 0.0, "location": "San Diego, CA", "sentiment": "neutral", "time": "Tue Mar 29 15:45:58 +0000 2016"}
{"polarity": 0.0, "location": "New York, NY", "sentiment": "neutral", "time": "Tue Mar 29 15:06:00 +0000 2016"}
{"polarity": -0.05, "location": "Seattle, WA", "sentiment": "negative", "time": "Tue Mar 29 15:06:03 +0000 2016"}
{"polarity": 0.0, "location": "Boston, MA", "sentiment": "neutral", "time": "Tue Mar 29 15:06:16 +0000 2016"}
{"polarity": 0.0, "location": "New York, NY", "sentiment": "neutral", "time": "Tue Mar 29 15:06:21 +0000 2016"}
{"polarity": 0.7, "location": "San Diego, CA", "sentiment": "positive", "time": "Tue Mar 29 15:06:23 +0000 2016"}
{"polarity": 0.13636363636363635, "location": "New York, NY", "sentiment": "positive", "time": "Tue Mar 29 15:06:28 +0000 2016"}
{"polarity": 0.8, "location": "Atlanta, GA", "sentiment": "positive", "time": "Tue Mar 29 15:06:37 +0000 2016"}
{"polarity": 0.0, "location": "New York, NY", "sentiment": "neutral", "time": "Tue Mar 29 15:06:54 +0000 2016"}
{"polarity": 0.06818181818181818, "location": "Atlanta, GA", "sentiment": "positive", "time": "Tue Mar 29 15:20:02 +0000 2016"}
{"polarity": -0.1, "location": "Atlanta, GA", "sentiment": "negative", "time": "Tue Mar 29 15:20:05 +0000 2016"}
{"polarity": 0.25, "location": "San Diego, CA", "sentiment": "positive", "time": "Tue Mar 29 15:20:09 +0000 2016"}
{"polarity": 0.0, "location": "Atlanta, GA", "sentiment": "neutral", "time": "Tue Mar 29 15:20:14 +0000 2016"}
{"polarity": 0.0, "location": "Atlanta, GA", "sentiment": "neutral", "time": "Tue Mar 29 15:20:17 +0000 2016"}
{"polarity": 0.5, "location": "San Diego, CA", "sentiment": "positive", "time": "Tue Mar 29 15:20:18 +0000 2016"}
{"polarity": 0.0, "location": "New York, NY", "sentiment": "neutral", "time": "Tue Mar 29 15:20:19 +0000 2016"}
{"polarity": 0.0, "location": "Atlanta, GA", "sentiment": "neutral", "time": "Tue Mar 29 15:20:20 +0000 2016"}
{"polarity": 0.0, "location": "Phoenix, AZ", "sentiment": "neutral", "time": "Tue Mar 29 15:20:28 +0000 2016"}
{"polarity": 0.75, "location": "New York, NY", "sentiment": "positive", "time": "Tue Mar 29 15:20:30 +0000 2016"}
{"polarity": -0.4138888888888889, "location": "New York, NY", "sentiment": "negative", "time": "Tue Mar 29 15:20:35 +0000 2016"}
{"polarity": 0.0, "location": "Atlanta, GA", "sentiment": "neutral", "time": "Tue Mar 29 15:20:41 +0000 2016"}
{"polarity": 0.0, "location": "New York, NY", "sentiment": "neutral", "time": "Tue Mar 29 15:20:51 +0000 2016"}
{"polarity": 0.5, "location": "Atlanta, GA", "sentiment": "positive", "time": "Tue Mar 29 15:20:53 +0000 2016"}
{"polarity": 0.0, "location": "Boston, MA", "sentiment": "neutral", "time": "Tue Mar 29 15:20:54 +0000 2016"}
{"polarity": 0.0, "location": "New York, NY", "sentiment": "neutral", "time": "Tue Mar 29 15:20:55 +0000 2016"}
{"polarity": 0.0, "location": "Boston, MA", "sentiment": "neutral", "time": "Tue Mar 29 15:20:55 +0000 2016"}
{"polarity": 0.13636363636363635, "location": "Portland, OR", "sentiment": "positive", "time": "Tue Mar 29 15:20:57 +0000 2016"}
{"polarity": 0.20833333333333334, "location": "Phoenix, AZ", "sentiment": "positive", "time": "Tue Mar 29 15:13:09 +0000 2016"}
{"polarity": -0.1, "location": "Portland, OR", "sentiment": "negative", "time": "Tue Mar 29 15:13:11 +0000 2016"}
{"polarity": 0.0, "location": "Seattle, WA", "sentiment": "neutral", "time": "Tue Mar 29 15:13:12 +0000 2016"}
{"polarity": 0.0, "location": "Orlando, FL", "sentiment": "neutral", "time": "Tue Mar 29 15:13:47 +0000 2016"}
{"polarity": 0.0, "location": "Boston, MA", "sentiment": "neutral", "time": "Tue Mar 29 15:13:51 +0000 2016"}
{"polarity": 0.0, "location": "Seattle, WA", "sentiment": "neutral", "time": "Tue Mar 29 15:04:02 +0000 2016"}
{"polarity": 1.0, "location": "New York, NY", "sentiment": "positive", "time": "Tue Mar 29 15:04:08 +0000 2016"}
{"polarity": 0.05, "location": "Atlanta, GA", "sentiment": "positive", "time": "Tue Mar 29 15:04:11 +0000 2016"}
{"polarity": 0.1, "location": "Atlanta, GA", "sentiment": "positive", "time": "Tue Mar 29 15:04:17 +0000 2016"}
{"polarity": 0.25, "location": "New York, NY", "sentiment": "positive", "time": "Tue Mar 29 15:04:43 +0000 2016"}
{"polarity": 0.0, "location": "New York, NY", "sentiment": "neutral", "time": "Tue Mar 29 15:04:52 +0000 2016"}
{"polarity": -0.02916666666666667, "location": "Atlanta, GA", "sentiment": "negative", "time": "Tue Mar 29 15:04:53 +0000 2016"}
{"polarity": 0.5, "location": "New York, NY", "sentiment": "positive", "time": "Tue Mar 29 11:39:08 +0000 2016"}
{"polarity": 0.0, "location": "New York, NY", "sentiment": "neutral", "time": "Tue Mar 29 11:39:22 +0000 2016"}
{"polarity": 0.0, "location": "Atlanta, GA", "sentiment": "neutral", "time": "Tue Mar 29 11:39:37 +0000 2016"}
{"polarity": 0.0, "location": "Boston, MA", "sentiment": "neutral", "time": "Tue Mar 29 11:39:40 +0000 2016"}
{"polarity": 0.0, "location": "Boston, MA", "sentiment": "neutral", "time": "Tue Mar 29 11:39:45 +0000 2016"}
{"polarity": -1.0, "location": "New York, NY", "sentiment": "negative", "time": "Tue Mar 29 11:59:11 +0000 2016"}
{"polarity": -0.125, "location": "Portland, OR", "sentiment": "negative", "time": "Tue Mar 29 11:59:37 +0000 2016"}
{"polarity": 0.35, "location": "Atlanta, GA", "sentiment": "positive", "time": "Tue Mar 29 11:59:47 +0000 2016"}
{"polarity": 0.0, "location": "Portland, OR", "sentiment": "neutral", "time": "Tue Mar 29 11:59:53 +0000 2016"}
{"polarity": 0.0, "location": "Seattle, WA", "sentiment": "neutral", "time": "Tue Mar 29 11:59:57 +0000 2016"}
{"polarity": 0.13636363636363635, "location": "New York, NY", "sentiment": "positive", "time": "Tue Mar 29 11:19:05 +0000 2016"}
{"polarity": -0.17499999999999993, "location": "Boston, MA", "sentiment": "negative", "time": "Tue Mar 29 11:19:08 +0000 2016"}
{"polarity": -0.1, "location": "Boston, MA", "sentiment": "negative", "time": "Tue Mar 29 11:19:18 +0000 2016"}
{"polarity": -0.1, "location": "Boston, MA", "sentiment": "negative", "time": "Tue Mar 29 11:19:25 +0000 2016"}
{"polarity": 0.0, "location": "Boston, MA", "sentiment": "neutral", "time": "Tue Mar 29 11:19:34 +0000 2016"}
{"polarity": 0.8125, "location": "Atlanta, GA", "sentiment": "positive", "time": "Tue Mar 29 11:37:00 +0000 2016"}
{"polarity": 0.175, "location": "Atlanta, GA", "sentiment": "positive", "time": "Tue Mar 29 11:37:15 +0000 2016"}
{"polarity": -0.125, "location": "Orlando, FL", "sentiment": "negative", "time": "Tue Mar 29 11:37:18 +0000 2016"}
{"polarity": -0.15, "location": "Atlanta, GA", "sentiment": "negative", "time": "Tue Mar 29 11:31:09 +0000 2016"}
{"polarity": 0.1, "location": "Boston, MA", "sentiment": "positive", "time": "Tue Mar 29 11:31:45 +0000 2016"}
{"polarity": 0.0, "location": "New York, NY", "sentiment": "neutral", "time": "Tue Mar 29 11:31:55 +0000 2016"}
{"polarity": -1.0, "location": "New York, NY", "sentiment": "negative", "time": "Tue Mar 29 11:31:58 +0000 2016"}
{"polarity": 0.0, "location": "Portland, OR", "sentiment": "neutral", "time": "Tue Mar 29 11:41:03 +0000 2016"}
{"polarity": 0.0, "location": "Atlanta, GA", "sentiment": "neutral", "time": "Tue Mar 29 11:41:31 +0000 2016"}
{"polarity": 0.0, "location": "New York, NY", "sentiment": "neutral", "time": "Tue Mar 29 11:27:05 +0000 2016"}
{"polarity": 0.0, "location": "Atlanta, GA", "sentiment": "neutral", "time": "Tue Mar 29 11:27:24 +0000 2016"}
{"polarity": 0.0, "location": "New York, NY", "sentiment": "neutral", "time": "Tue Mar 29 11:27:45 +0000 2016"}
{"polarity": -0.3, "location": "San Diego, CA", "sentiment": "negative", "time": "Tue Mar 29 11:27:54 +0000 2016"}
{"polarity": 0.0, "location": "New York, NY", "sentiment": "neutral", "time": "Tue Mar 29 11:27:59 +0000 2016"}
{"polarity": 0.8, "location": "St. Louis, MO", "sentiment": "positive", "time": "Tue Mar 29 11:57:08 +0000 2016"}
{"polarity": 0.0, "location": "Atlanta, GA", "sentiment": "neutral", "time": "Tue Mar 29 11:57:17 +0000 2016"}
{"polarity": 0.0, "location": "Atlanta, GA", "sentiment": "neutral", "time": "Tue Mar 29 11:57:27 +0000 2016"}
{"polarity": 0.13636363636363635, "location": "San Diego, CA", "sentiment": "positive", "time": "Tue Mar 29 11:57:39 +0000 2016"}
{"polarity": 0.3, "location": "Atlanta, GA", "sentiment": "positive", "time": "Tue Mar 29 11:57:43 +0000 2016"}
{"polarity": 0.0, "location": "Seattle, WA", "sentiment": "neutral", "time": "Tue Mar 29 11:57:44 +0000 2016"}
{"polarity": 0.0, "location": "Atlanta, GA", "sentiment": "neutral", "time": "Tue Mar 29 11:57:55 +0000 2016"}
{"polarity": 0.16666666666666666, "location": "Atlanta, GA", "sentiment": "positive", "time": "Tue Mar 29 11:26:10 +0000 2016"}
{"polarity": 0.55, "location": "Atlanta, GA", "sentiment": "positive", "time": "Tue Mar 29 11:26:17 +0000 2016"}
{"polarity": 0.15000000000000002, "location": "Seattle, WA", "sentiment": "positive", "time": "Tue Mar 29 11:26:28 +0000 2016"}
{"polarity": -0.2, "location": "San Diego, CA", "sentiment": "negative", "time": "Tue Mar 29 11:26:31 +0000 2016"}
{"polarity": 0.0, "location": "New York, NY", "sentiment": "neutral", "time": "Tue Mar 29 11:26:42 +0000 2016"}
{"polarity": -0.07500000000000001, "location": "New York, NY", "sentiment": "negative", "time": "Tue Mar 29 11:26:43 +0000 2016"}
{"polarity": 0.15, "location": "Portland, OR", "sentiment": "positive", "time": "Tue Mar 29 11:26:46 +0000 2016"}
{"polarity": 0.0, "location": "New York, NY", "sentiment": "neutral", "time": "Tue Mar 29 11:26:47 +0000 2016"}
{"polarity": 0.5, "location": "St. Louis, MO", "sentiment": "positive", "time": "Tue Mar 29 11:58:08 +0000 2016"}
{"polarity": 0.0, "location": "Atlanta, GA", "sentiment": "neutral", "time": "Tue Mar 29 11:58:12 +0000 2016"}
{"polarity": 0.3, "location": "New York, NY", "sentiment": "positive", "time": "Tue Mar 29 11:58:16 +0000 2016"}
{"polarity": 0.0, "location": "New York, NY", "sentiment": "neutral", "time": "Tue Mar 29 11:58:22 +0000 2016"}
{"polarity": 0.0, "location": "Phoenix, AZ", "sentiment": "neutral", "time": "Tue Mar 29 11:58:34 +0000 2016"}
{"polarity": 0.0, "location": "Seattle, WA", "sentiment": "neutral", "time": "Tue Mar 29 11:58:39 +0000 2016"}
{"polarity": 0.0, "location": "Atlanta, GA", "sentiment": "neutral", "time": "Tue Mar 29 11:58:59 +0000 2016"}
{"polarity": 0.04583333333333334, "location": "Boston, MA", "sentiment": "positive", "time": "Tue Mar 29 11:42:14 +0000 2016"}
{"polarity": 0.0, "location": "New York, NY", "sentiment": "neutral", "time": "Tue Mar 29 11:42:22 +0000 2016"}
{"polarity": 0.5, "location": "Portland, OR", "sentiment": "positive", "time": "Tue Mar 29 11:42:30 +0000 2016"}
{"polarity": 0.5, "location": "Portland, OR", "sentiment": "positive", "time": "Tue Mar 29 11:42:36 +0000 2016"}
{"polarity": 0.5, "location": "Portland, OR", "sentiment": "positive", "time": "Tue Mar 29 11:42:42 +0000 2016"}
{"polarity": 0.0, "location": "New York, NY", "sentiment": "neutral", "time": "Tue Mar 29 11:42:51 +0000 2016"}
{"polarity": -0.1, "location": "Orlando, FL", "sentiment": "negative", "time": "Tue Mar 29 11:50:00 +0000 2016"}
{"polarity": 0.0, "location": "Atlanta, GA", "sentiment": "neutral", "time": "Tue Mar 29 11:50:03 +0000 2016"}
{"polarity": 1.0, "location": "Atlanta, GA", "sentiment": "positive", "time": "Tue Mar 29 11:50:17 +0000 2016"}
{"polarity": 0.5, "location": "New York, NY", "sentiment": "positive", "time": "Tue Mar 29 11:50:50 +0000 2016"}
{"polarity": 0.0, "location": "Atlanta, GA", "sentiment": "neutral", "time": "Tue Mar 29 11:15:02 +0000 2016"}
{"polarity": 0.0, "location": "New York, NY", "sentiment": "neutral", "time": "Tue Mar 29 11:15:14 +0000 2016"}
{"polarity": -0.6999999999999998, "location": "Atlanta, GA", "sentiment": "negative", "time": "Tue Mar 29 11:15:14 +0000 2016"}
{"polarity": 0.0, "location": "Portland, OR", "sentiment": "neutral", "time": "Tue Mar 29 11:15:27 +0000 2016"}
{"polarity": 0.1, "location": "New York, NY", "sentiment": "positive", "time": "Tue Mar 29 11:15:29 +0000 2016"}
{"polarity": 0.0, "location": "New York, NY", "sentiment": "neutral", "time": "Tue Mar 29 11:15:41 +0000 2016"}
{"polarity": 0.5, "location": "Boston, MA", "sentiment": "positive", "time": "Tue Mar 29 11:38:03 +0000 2016"}
{"polarity": 0.4166666666666667, "location": "Atlanta, GA", "sentiment": "positive", "time": "Tue Mar 29 11:38:12 +0000 2016"}
{"polarity": 0.0, "location": "New York, NY", "sentiment": "neutral", "time": "Tue Mar 29 11:38:27 +0000 2016"}
{"polarity": 0.0, "location": "New York, NY", "sentiment": "neutral", "time": "Tue Mar 29 11:38:31 +0000 2016"}
{"polarity": -0.125, "location": "New York, NY", "sentiment": "negative", "time": "Tue Mar 29 11:38:33 +0000 2016"}
{"polarity": -0.07291666666666667, "location": "Seattle, WA", "sentiment": "negative", "time": "Tue Mar 29 11:38:38 +0000 2016"}
{"polarity": 0.0, "location": "Portland, OR", "sentiment": "neutral", "time": "Tue Mar 29 11:38:46 +0000 2016"}
{"polarity": 0.20000000000000004, "location": "Atlanta, GA", "sentiment": "positive", "time": "Tue Mar 29 11:21:01 +0000 2016"}
{"polarity": 0.36818181818181817, "location": "St. Louis, MO", "sentiment": "positive", "time": "Tue Mar 29 11:21:08 +0000 2016"}
{"polarity": 0.0, "location": "Atlanta, GA", "sentiment": "neutral", "time": "Tue Mar 29 11:17:07 +0000 2016"}
{"polarity": 0.4333333333333333, "location": "New York, NY", "sentiment": "positive", "time": "Tue Mar 29 11:17:07 +0000 2016"}
{"polarity": 0.5, "location": "Portland, OR", "sentiment": "positive", "time": "Tue Mar 29 11:17:40 +0000 2016"}
{"polarity": 0.0, "location": "Atlanta, GA", "sentiment": "neutral", "time": "Tue Mar 29 11:17:43 +0000 2016"}
{"polarity": 0.76875, "location": "New York, NY", "sentiment": "positive", "time": "Tue Mar 29 11:12:22 +0000 2016"}
{"polarity": 0.0, "location": "New York, NY", "sentiment": "neutral", "time": "Tue Mar 29 11:12:47 +0000 2016"}
{"polarity": 0.0, "location": "New York, NY", "sentiment": "neutral", "time": "Tue Mar 29 11:29:06 +0000 2016"}
{"polarity": 0.0, "location": "New York, NY", "sentiment": "neutral", "time": "Tue Mar 29 11:18:02 +0000 2016"}
{"polarity": 0.0, "location": "Atlanta, GA", "sentiment": "neutral", "time": "Tue Mar 29 11:18:12 +0000 2016"}
{"polarity": 0.06, "location": "St. Louis, MO", "sentiment": "positive", "time": "Tue Mar 29 11:18:47 +0000 2016"}
{"polarity": 0.0, "location": "Atlanta, GA", "sentiment": "neutral", "time": "Tue Mar 29 11:18:49 +0000 2016"}
{"polarity": 0.0, "location": "Atlanta, GA", "sentiment": "neutral", "time": "Tue Mar 29 11:46:00 +0000 2016"}
{"polarity": -0.6, "location": "Atlanta, GA", "sentiment": "negative", "time": "Tue Mar 29 11:46:11 +0000 2016"}
{"polarity": 0.2, "location": "San Diego, CA", "sentiment": "positive", "time": "Tue Mar 29 11:46:17 +0000 2016"}
{"polarity": 0.0, "location": "Boston, MA", "sentiment": "neutral", "time": "Tue Mar 29 11:46:22 +0000 2016"}
{"polarity": 0.0, "location": "Atlanta, GA", "sentiment": "neutral", "time": "Tue Mar 29 11:46:52 +0000 2016"}
{"polarity": 0.5681818181818181, "location": "Phoenix, AZ", "sentiment": "positive", "time": "Tue Mar 29 11:00:15 +0000 2016"}
{"polarity": 0.0, "location": "St. Louis, MO", "sentiment": "neutral", "time": "Tue Mar 29 11:00:25 +0000 2016"}
{"polarity": -0.36666666666666664, "location": "Atlanta, GA", "sentiment": "negative", "time": "Tue Mar 29 11:00:50 +0000 2016"}
{"polarity": -0.0851851851851852, "location": "Seattle, WA", "sentiment": "negative", "time": "Tue Mar 29 11:34:38 +0000 2016"}
{"polarity": 0.0, "location": "New York, NY", "sentiment": "neutral", "time": "Tue Mar 29 11:05:10 +0000 2016"}
{"polarity": 0.0, "location": "Atlanta, GA", "sentiment": "neutral", "time": "Tue Mar 29 11:05:14 +0000 2016"}
{"polarity": 0.033333333333333326, "location": "New York, NY", "sentiment": "positive", "time": "Tue Mar 29 11:05:21 +0000 2016"}
{"polarity": 0.03333333333333333, "location": "Atlanta, GA", "sentiment": "positive", "time": "Tue Mar 29 11:05:46 +0000 2016"}
{"polarity": 0.78125, "location": "New York, NY", "sentiment": "positive", "time": "Tue Mar 29 11:05:56 +0000 2016"}
{"polarity": 0.0, "location": "Boston, MA", "sentiment": "neutral", "time": "Tue Mar 29 11:11:52 +0000 2016"}
{"polarity": 0.0, "location": "Atlanta, GA", "sentiment": "neutral", "time": "Tue Mar 29 11:56:06 +0000 2016"}
{"polarity": 0.0, "location": "Atlanta, GA", "sentiment": "neutral", "time": "Tue Mar 29 11:56:13 +0000 2016"}
{"polarity": -0.07500000000000001, "location": "Atlanta, GA", "sentiment": "negative", "time": "Tue Mar 29 11:56:15 +0000 2016"}
{"polarity": 0.0, "location": "New York, NY", "sentiment": "neutral", "time": "Tue Mar 29 11:56:35 +0000 2016"}
{"polarity": 0.0, "location": "New York, NY", "sentiment": "neutral", "time": "Tue Mar 29 11:47:05 +0000 2016"}
{"polarity": 0.0, "location": "Orlando, FL", "sentiment": "neutral", "time": "Tue Mar 29 11:47:19 +0000 2016"}
{"polarity": 0.0, "location": "St. Louis, MO", "sentiment": "neutral", "time": "Tue Mar 29 11:47:24 +0000 2016"}
{"polarity": -0.16666666666666666, "location": "Seattle, WA", "sentiment": "negative", "time": "Tue Mar 29 11:47:27 +0000 2016"}
{"polarity": 0.0, "location": "New York, NY", "sentiment": "neutral", "time": "Tue Mar 29 11:47:36 +0000 2016"}
{"polarity": -0.8, "location": "New York, NY", "sentiment": "negative", "time": "Tue Mar 29 11:47:52 +0000 2016"}
{"polarity": 0.0, "location": "Orlando, FL", "sentiment": "neutral", "time": "Tue Mar 29 11:47:58 +0000 2016"}
{"polarity": 0.73828125, "location": "New York, NY", "sentiment": "positive", "time": "Tue Mar 29 11:52:01 +0000 2016"}
{"polarity": 0.5, "location": "Atlanta, GA", "sentiment": "positive", "time": "Tue Mar 29 11:52:03 +0000 2016"}
{"polarity": 0.0, "location": "New York, NY", "sentiment": "neutral", "time": "Tue Mar 29 11:52:10 +0000 2016"}
{"polarity": 0.2, "location": "New York, NY", "sentiment": "positive", "time": "Tue Mar 29 11:52:22 +0000 2016"}
{"polarity": 0.0, "location": "New York, NY", "sentiment": "neutral", "time": "Tue Mar 29 11:52:23 +0000 2016"}
{"polarity": 0.2, "location": "Atlanta, GA", "sentiment": "positive", "time": "Tue Mar 29 11:52:26 +0000 2016"}
{"polarity": 0.8, "location": "San Diego, CA", "sentiment": "positive", "time": "Tue Mar 29 11:52:42 +0000 2016"}
{"polarity": 0.2, "location": "Atlanta, GA", "sentiment": "positive", "time": "Tue Mar 29 11:53:05 +0000 2016"}
{"polarity": -0.2, "location": "Atlanta, GA", "sentiment": "negative", "time": "Tue Mar 29 11:53:06 +0000 2016"}
{"polarity": 0.0, "location": "Atlanta, GA", "sentiment": "neutral", "time": "Tue Mar 29 11:53:12 +0000 2016"}
{"polarity": 0.0, "location": "Orlando, FL", "sentiment": "neutral", "time": "Tue Mar 29 11:53:18 +0000 2016"}
{"polarity": 0.2, "location": "Atlanta, GA", "sentiment": "positive", "time": "Tue Mar 29 11:53:28 +0000 2016"}
{"polarity": 0.0, "location": "New York, NY", "sentiment": "neutral", "time": "Tue Mar 29 11:53:37 +0000 2016"}
{"polarity": 0.0, "location": "Atlanta, GA", "sentiment": "neutral", "time": "Tue Mar 29 11:53:40 +0000 2016"}
{"polarity": 0.25, "location": "New York, NY", "sentiment": "positive", "time": "Tue Mar 29 11:02:24 +0000 2016"}
{"polarity": 0.0, "location": "Seattle, WA", "sentiment": "neutral", "time": "Tue Mar 29 11:02:28 +0000 2016"}
{"polarity": -0.15555555555555559, "location": "Boston, MA", "sentiment": "negative", "time": "Tue Mar 29 11:48:11 +0000 2016"}
{"polarity": 0.0, "location": "St. Louis, MO", "sentiment": "neutral", "time": "Tue Mar 29 11:48:20 +0000 2016"}
{"polarity": 0.0, "location": "New York, NY", "sentiment": "neutral", "time": "Tue Mar 29 11:48:24 +0000 2016"}
{"polarity": 0.35000000000000003, "location": "New York, NY", "sentiment": "positive", "time": "Tue Mar 29 11:48:38 +0000 2016"}
{"polarity": 0.175, "location": "Orlando, FL", "sentiment": "positive", "time": "Tue Mar 29 11:48:42 +0000 2016"}
{"polarity": 0.0, "location": "Orlando, FL", "sentiment": "neutral", "time": "Tue Mar 29 11:25:19 +0000 2016"}
{"polarity": 0.0, "location": "Seattle, WA", "sentiment": "neutral", "time": "Tue Mar 29 11:25:43 +0000 2016"}
{"polarity": 0.0, "location": "San Diego, CA", "sentiment": "neutral", "time": "Tue Mar 29 11:25:59 +0000 2016"}
{"polarity": -0.5, "location": "New York, NY", "sentiment": "negative", "time": "Tue Mar 29 11:16:07 +0000 2016"}
{"polarity": 0.0, "location": "New York, NY", "sentiment": "neutral", "time": "Tue Mar 29 11:16:15 +0000 2016"}
{"polarity": -0.13181818181818183, "location": "Boston, MA", "sentiment": "negative", "time": "Tue Mar 29 11:16:25 +0000 2016"}
{"polarity": 0.625, "location": "New York, NY", "sentiment": "positive", "time": "Tue Mar 29 11:16:44 +0000 2016"}
{"polarity": 0.0, "location": "Boston, MA", "sentiment": "neutral", "time": "Tue Mar 29 11:16:46 +0000 2016"}
{"polarity": -0.25, "location": "Atlanta, GA", "sentiment": "negative", "time": "Tue Mar 29 11:16:53 +0000 2016"}
{"polarity": 0.0, "location": "Boston, MA", "sentiment": "neutral", "time": "Tue Mar 29 11:14:24 +0000 2016"}
{"polarity": 0.0, "location": "Orlando, FL", "sentiment": "neutral", "time": "Tue Mar 29 11:14:42 +0000 2016"}
{"polarity": 0.0, "location": "Atlanta, GA", "sentiment": "neutral", "time": "Tue Mar 29 11:23:04 +0000 2016"}
{"polarity": 0.325, "location": "Phoenix, AZ", "sentiment": "positive", "time": "Tue Mar 29 11:23:13 +0000 2016"}
{"polarity": 0.0, "location": "Orlando, FL", "sentiment": "neutral", "time": "Tue Mar 29 11:23:21 +0000 2016"}
{"polarity": 0.3, "location": "Seattle, WA", "sentiment": "positive", "time": "Tue Mar 29 11:23:27 +0000 2016"}
{"polarity": 0.0, "location": "San Diego, CA", "sentiment": "neutral", "time": "Tue Mar 29 11:23:43 +0000 2016"}
{"polarity": 0.0, "location": "Atlanta, GA", "sentiment": "neutral", "time": "Tue Mar 29 11:23:45 +0000 2016"}
{"polarity": 0.0, "location": "Atlanta, GA", "sentiment": "neutral", "time": "Tue Mar 29 11:23:49 +0000 2016"}
{"polarity": 0.5, "location": "Orlando, FL", "sentiment": "positive", "time": "Tue Mar 29 11:23:57 +0000 2016"}
{"polarity": 0.0, "location": "Orlando, FL", "sentiment": "neutral", "time": "Tue Mar 29 11:23:59 +0000 2016"}
{"polarity": 0.0, "location": "Atlanta, GA", "sentiment": "neutral", "time": "Tue Mar 29 11:07:09 +0000 2016"}
{"polarity": 0.0, "location": "Atlanta, GA", "sentiment": "neutral", "time": "Tue Mar 29 11:07:19 +0000 2016"}
{"polarity": -0.2, "location": "Seattle, WA", "sentiment": "negative", "time": "Tue Mar 29 11:07:25 +0000 2016"}
{"polarity": 0.0, "location": "Seattle, WA", "sentiment": "neutral", "time": "Tue Mar 29 11:07:40 +0000 2016"}
{"polarity": 0.2333333333333333, "location": "New York, NY", "sentiment": "positive", "time": "Tue Mar 29 11:07:57 +0000 2016"}
{"polarity": 0.5, "location": "Atlanta, GA", "sentiment": "positive", "time": "Tue Mar 29 11:51:27 +0000 2016"}
{"polarity": 0.7749999999999999, "location": "Orlando, FL", "sentiment": "positive", "time": "Tue Mar 29 11:51:32 +0000 2016"}
{"polarity": 0.0, "location": "San Diego, CA", "sentiment": "neutral", "time": "Tue Mar 29 11:51:42 +0000 2016"}
{"polarity": 0.0, "location": "Atlanta, GA", "sentiment": "neutral", "time": "Tue Mar 29 11:51:50 +0000 2016"}
{"polarity": 0.0, "location": "Seattle, WA", "sentiment": "neutral", "time": "Tue Mar 29 11:51:55 +0000 2016"}
{"polarity": -0.13181818181818183, "location": "Atlanta, GA", "sentiment": "negative", "time": "Tue Mar 29 11:30:05 +0000 2016"}
{"polarity": 0.5, "location": "New York, NY", "sentiment": "positive", "time": "Tue Mar 29 11:30:08 +0000 2016"}
{"polarity": 0.5, "location": "New York, NY", "sentiment": "positive", "time": "Tue Mar 29 11:30:13 +0000 2016"}
{"polarity": 0.0, "location": "Atlanta, GA", "sentiment": "neutral", "time": "Tue Mar 29 11:30:22 +0000 2016"}
{"polarity": 0.0, "location": "Phoenix, AZ", "sentiment": "neutral", "time": "Tue Mar 29 11:30:34 +0000 2016"}
