{"polarity": 0.6, "location": "New York, NY", "sentiment": "positive", "time": "Tue Mar 22 04:29:01 +0000 2016"}
{"polarity": 0.0, "location": "Atlanta, GA", "sentiment": "neutral", "time": "Tue Mar 22 04:29:02 +0000 2016"}
{"polarity": -0.4, "location": "Phoenix, AZ", "sentiment": "negative", "time": "Tue Mar 22 04:29:12 +0000 2016"}
{"polarity": -0.15000000000000002, "location": "New York, NY", "sentiment": "negative", "time": "Tue Mar 22 04:29:14 +0000 2016"}
{"polarity": 0.855, "location": "Orlando, FL", "sentiment": "positive", "time": "Tue Mar 22 04:29:35 +0000 2016"}
{"polarity": -0.4, "location": "New York, NY", "sentiment": "negative", "time": "Tue Mar 22 04:29:36 +0000 2016"}
{"polarity": 0.0, "location": "San Diego, CA", "sentiment": "neutral", "time": "Tue Mar 22 04:29:43 +0000 2016"}
{"polarity": 0.13636363636363635, "location": "Phoenix, AZ", "sentiment": "positive", "time": "Tue Mar 22 04:29:50 +0000 2016"}
{"polarity": 0.0, "location": "Seattle, WA", "sentiment": "neutral", "time": "Tue Mar 22 04:29:59 +0000 2016"}
{"polarity": 0.0, "location": "New York, NY", "sentiment": "neutral", "time": "Tue Mar 22 04:18:14 +0000 2016"}
{"polarity": 0.0, "location": "New York, NY", "sentiment": "neutral", "time": "Tue Mar 22 04:18:15 +0000 2016"}
{"polarity": 0.8604166666666666, "location": "San Diego, CA", "sentiment": "positive", "time": "Tue Mar 22 04:18:21 +0000 2016"}
{"polarity": 0.0, "location": "New York, NY", "sentiment": "neutral", "time": "Tue Mar 22 04:18:22 +0000 2016"}
{"polarity": 0.2, "location": "San Diego, CA", "sentiment": "positive", "time": "Tue Mar 22 04:18:31 +0000 2016"}
{"polarity": 0.5, "location": "New York, NY", "sentiment": "positive", "time": "Tue Mar 22 04:18:50 +0000 2016"}
{"polarity": 0.0, "location": "Seattle, WA", "sentiment": "neutral", "time": "Tue Mar 22 04:46:04 +0000 2016"}
{"polarity": 0.0, "location": "Seattle, WA", "sentiment": "neutral", "time": "Tue Mar 22 04:46:22 +0000 2016"}
{"polarity": 0.0, "location": "Atlanta, GA", "sentiment": "neutral", "time": "Tue Mar 22 04:46:57 +0000 2016"}
{"polarity": 0.0, "location": "Orlando, FL", "sentiment": "neutral", "time": "Tue Mar 22 04:46:58 +0000 2016"}
{"polarity": 0.13636363636363635, "location": "New York, NY", "sentiment": "positive", "time": "Tue Mar 22 04:00:17 +0000 2016"}
{"polarity": 0.0, "location": "New York, NY", "sentiment": "neutral", "time": "Tue Mar 22 04:00:19 +0000 2016"}
{"polarity": 0.0, "location": "Portland, OR", "sentiment": "neutral", "time": "Tue Mar 22 04:00:47 +0000 2016"}
{"polarity": 0.0, "location": "Boston, MA", "sentiment": "neutral", "time": "Tue Mar 22 04:34:00 +0000 2016"}
{"polarity": 0.1875, "location": "New York, NY", "sentiment": "positive", "time": "Tue Mar 22 04:34:03 +0000 2016"}
{"polarity": -0.15555555555555559, "location": "Seattle, WA", "sentiment": "negative", "time": "Tue Mar 22 04:34:03 +0000 2016"}
{"polarity": 0.35714285714285715, "location": "San Diego, CA", "sentiment": "positive", "time": "Tue Mar 22 04:34:23 +0000 2016"}
{"polarity": -0.04804687500000001, "location": "Portland, OR", "sentiment": "negative", "time": "Tue Mar 22 04:34:25 +0000 2016"}
{"polarity": 0.0, "location": "New York, NY", "sentiment": "neutral", "time": "Tue Mar 22 04:34:33 +0000 2016"}
{"polarity": 0.0, "location": "Atlanta, GA", "sentiment": "neutral", "time": "Tue Mar 22 04:34:42 +0000 2016"}
{"polarity": 0.0, "location": "Phoenix, AZ", "sentiment": "neutral", "time": "Tue Mar 22 04:05:00 +0000 2016"}
{"polarity": 0.0, "location": "Boston, MA", "sentiment": "neutral", "time": "Tue Mar 22 04:05:00 +0000 2016"}
{"polarity": 0.5, "location": "Atlanta, GA", "sentiment": "positive", "time": "Tue Mar 22 04:05:10 +0000 2016"}
{"polarity": 0.0, "location": "Seattle, WA", "sentiment": "neutral", "time": "Tue Mar 22 04:05:14 +0000 2016"}
{"polarity": 0.6, "location": "San Diego, CA", "sentiment": "positive", "time": "Tue Mar 22 04:05:26 +0000 2016"}
{"polarity": -0.12222222222222223, "location": "San Diego, CA", "sentiment": "negative", "time": "Tue Mar 22 04:05:37 +0000 2016"}
{"polarity": -0.5, "location": "San Diego, CA", "sentiment": "negative", "time": "Tue Mar 22 04:05:38 +0000 2016"}
{"polarity": 0.0, "location": "Atlanta, GA", "sentiment": "neutral", "time": "Tue Mar 22 04:05:58 +0000 2016"}
{"polarity": 0.5, "location": "New York, NY", "sentiment": "positive", "time": "Tue Mar 22 04:11:10 +0000 2016"}
{"polarity": 0.0, "location": "New York, NY", "sentiment": "neutral", "time": "Tue Mar 22 04:11:19 +0000 2016"}
{"polarity": 0.0, "location": "Phoenix, AZ", "sentiment": "neutral", "time": "Tue Mar 22 04:11:22 +0000 2016"}
{"polarity": 0.2833333333333333, "location": "Phoenix, AZ", "sentiment": "positive", "time": "Tue Mar 22 04:11:24 +0000 2016"}
{"polarity": -0.8, "location": "San Diego, CA", "sentiment": "negative", "time": "Tue Mar 22 04:11:26 +0000 2016"}
{"polarity": 0.0, "location": "Orlando, FL", "sentiment": "neutral", "time": "Tue Mar 22 04:11:38 +0000 2016"}
{"polarity": 0.0, "location": "New York, NY", "sentiment": "neutral", "time": "Tue Mar 22 04:11:50 +0000 2016"}
{"polarity": -0.2125, "location": "Atlanta, GA", "sentiment": "negative", "time": "Tue Mar 22 04:11:53 +0000 2016"}
{"polarity": 0.0, "location": "New York, NY", "sentiment": "neutral", "time": "Tue Mar 22 04:11:55 +0000 2016"}
{"polarity": 1.0, "location": "Portland, OR", "sentiment": "positive", "time": "Tue Mar 22 04:56:01 +0000 2016"}
{"polarity": 0.2333333333333333, "location": "New York, NY", "sentiment": "positive", "time": "Tue Mar 22 04:56:10 +0000 2016"}
{"polarity": 0.13636363636363635, "location": "New York, NY", "sentiment": "positive", "time": "Tue Mar 22 04:56:17 +0000 2016"}
{"polarity": 0.1, "location": "Seattle, WA", "sentiment": "positive", "time": "Tue Mar 22 04:47:03 +0000 2016"}
{"polarity": 0.0, "location": "Orlando, FL", "sentiment": "neutral", "time": "Tue Mar 22 04:47:07 +0000 2016"}
{"polarity": 0.0, "location": "New York, NY", "sentiment": "neutral", "time": "Tue Mar 22 04:47:10 +0000 2016"}
{"polarity": -0.6, "location": "San Diego, CA", "sentiment": "negative", "time": "Tue Mar 22 04:47:15 +0000 2016"}
{"polarity": -0.4, "location": "Orlando, FL", "sentiment": "negative", "time": "Tue Mar 22 04:47:20 +0000 2016"}
{"polarity": 0.0, "location": "Seattle, WA", "sentiment": "neutral", "time": "Tue Mar 22 04:47:28 +0000 2016"}
{"polarity": 0.0, "location": "New York, NY", "sentiment": "neutral", "time": "Tue Mar 22 04:47:34 +0000 2016"}
{"polarity": 0.0, "location": "Atlanta, GA", "sentiment": "neutral", "time": "Tue Mar 22 04:47:38 +0000 2016"}
{"polarity": 0.0, "location": "New York, NY", "sentiment": "neutral", "time": "Tue Mar 22 04:47:40 +0000 2016"}
{"polarity": 0.0, "location": "San Diego, CA", "sentiment": "neutral", "time": "Tue Mar 22 04:47:50 +0000 2016"}
{"polarity": 0.5, "location": "New York, NY", "sentiment": "positive", "time": "Tue Mar 22 04:47:51 +0000 2016"}
{"polarity": 0.7, "location": "Orlando, FL", "sentiment": "positive", "time": "Tue Mar 22 04:52:01 +0000 2016"}
{"polarity": 0.0, "location": "Phoenix, AZ", "sentiment": "neutral", "time": "Tue Mar 22 04:52:06 +0000 2016"}
{"polarity": 0.0, "location": "San Diego, CA", "sentiment": "neutral", "time": "Tue Mar 22 04:52:07 +0000 2016"}
{"polarity": 0.0, "location": "New York, NY", "sentiment": "neutral", "time": "Tue Mar 22 04:52:20 +0000 2016"}
{"polarity": 0.3125, "location": "Seattle, WA", "sentiment": "positive", "time": "Tue Mar 22 04:52:45 +0000 2016"}
{"polarity": 0.0, "location": "Seattle, WA", "sentiment": "neutral", "time": "Tue Mar 22 04:52:59 +0000 2016"}
{"polarity": 0.2, "location": "Boston, MA", "sentiment": "positive", "time": "Tue Mar 22 04:53:04 +0000 2016"}
{"polarity": -0.175, "location": "Atlanta, GA", "sentiment": "negative", "time": "Tue Mar 22 04:53:11 +0000 2016"}
{"polarity": 0.0, "location": "Phoenix, AZ", "sentiment": "neutral", "time": "Tue Mar 22 04:53:19 +0000 2016"}
{"polarity": 0.0, "location": "New York, NY", "sentiment": "neutral", "time": "Tue Mar 22 04:53:26 +0000 2016"}
{"polarity": 0.0, "location": "Atlanta, GA", "sentiment": "neutral", "time": "Tue Mar 22 04:53:27 +0000 2016"}
{"polarity": 0.05555555555555555, "location": "Orlando, FL", "sentiment": "positive", "time": "Tue Mar 22 04:53:33 +0000 2016"}
{"polarity": -0.2, "location": "Atlanta, GA", "sentiment": "negative", "time": "Tue Mar 22 04:53:35 +0000 2016"}
{"polarity": 1.0, "location": "Orlando, FL", "sentiment": "positive", "time": "Tue Mar 22 04:53:36 +0000 2016"}
{"polarity": 0.0, "location": "New York, NY", "sentiment": "neutral", "time": "Tue Mar 22 04:02:00 +0000 2016"}
{"polarity": 0.0, "location": "Portland, OR", "sentiment": "neutral", "time": "Tue Mar 22 04:02:06 +0000 2016"}
{"polarity": 0.25, "location": "San Diego, CA", "sentiment": "positive", "time": "Tue Mar 22 04:02:07 +0000 2016"}
{"polarity": 0.16666666666666666, "location": "New York, NY", "sentiment": "positive", "time": "Tue Mar 22 04:02:11 +0000 2016"}
{"polarity": 0.0, "location": "San Diego, CA", "sentiment": "neutral", "time": "Tue Mar 22 04:02:21 +0000 2016"}
{"polarity": 0.0, "location": "San Diego, CA", "sentiment": "neutral", "time": "Tue Mar 22 04:02:21 +0000 2016"}
{"polarity": 0.0, "location": "Orlando, FL", "sentiment": "neutral", "time": "Tue Mar 22 04:02:24 +0000 2016"}
{"polarity": 0.16903409090909088, "location": "Boston, MA", "sentiment": "positive", "time": "Tue Mar 22 04:02:28 +0000 2016"}
{"polarity": 0.0, "location": "Seattle, WA", "sentiment": "neutral", "time": "Tue Mar 22 04:02:30 +0000 2016"}
{"polarity": 0.0, "location": "Orlando, FL", "sentiment": "neutral", "time": "Tue Mar 22 04:02:33 +0000 2016"}
{"polarity": 0.35, "location": "Portland, OR", "sentiment": "positive", "time": "Tue Mar 22 04:02:51 +0000 2016"}
{"polarity": 0.2916666666666667, "location": "Phoenix, AZ", "sentiment": "positive", "time": "Tue Mar 22 04:02:58 +0000 2016"}
{"polarity": 0.35, "location": "Portland, OR", "sentiment": "positive", "time": "Tue Mar 22 04:48:07 +0000 2016"}
{"polarity": 0.3, "location": "Atlanta, GA", "sentiment": "positive", "time": "Tue Mar 22 04:48:10 +0000 2016"}
{"polarity": 0.16285714285714287, "location": "New York, NY", "sentiment": "positive", "time": "Tue Mar 22 04:48:14 +0000 2016"}
{"polarity": 0.0, "location": "Atlanta, GA", "sentiment": "neutral", "time": "Tue Mar 22 04:48:15 +0000 2016"}
{"polarity": 0.0, "location": "Phoenix, AZ", "sentiment": "neutral", "time": "Tue Mar 22 04:48:17 +0000 2016"}
{"polarity": 0.25, "location": "San Diego, CA", "sentiment": "positive", "time": "Tue Mar 22 04:48:20 +0000 2016"}
{"polarity": 0.0, "location": "Phoenix, AZ", "sentiment": "neutral", "time": "Tue Mar 22 04:48:28 +0000 2016"}
{"polarity": 0.0, "location": "Atlanta, GA", "sentiment": "neutral", "time": "Tue Mar 22 04:48:32 +0000 2016"}
{"polarity": 0.0, "location": "New York, NY", "sentiment": "neutral", "time": "Tue Mar 22 04:48:40 +0000 2016"}
{"polarity": 0.26875, "location": "San Diego, CA", "sentiment": "positive", "time": "Tue Mar 22 04:48:42 +0000 2016"}
{"polarity": 0.5, "location": "Boston, MA", "sentiment": "positive", "time": "Tue Mar 22 04:48:44 +0000 2016"}
{"polarity": -0.5, "location": "New York, NY", "sentiment": "negative", "time": "Tue Mar 22 04:25:04 +0000 2016"}
{"polarity": 0.0, "location": "New York, NY", "sentiment": "neutral", "time": "Tue Mar 22 04:25:13 +0000 2016"}
{"polarity": 0.0, "location": "Boston, MA", "sentiment": "neutral", "time": "Tue Mar 22 04:25:26 +0000 2016"}
{"polarity": 0.35, "location": "Atlanta, GA", "sentiment": "positive", "time": "Tue Mar 22 04:25:28 +0000 2016"}
{"polarity": 0.2, "location": "Boston, MA", "sentiment": "positive", "time": "Tue Mar 22 04:25:31 +0000 2016"}
{"polarity": 0.0, "location": "Atlanta, GA", "sentiment": "neutral", "time": "Tue Mar 22 04:25:37 +0000 2016"}
{"polarity": 0.0, "location": "New York, NY", "sentiment": "neutral", "time": "Tue Mar 22 04:25:42 +0000 2016"}
{"polarity": -1.0, "location": "Atlanta, GA", "sentiment": "negative", "time": "Tue Mar 22 04:25:51 +0000 2016"}
{"polarity": 0.0, "location": "San Diego, CA", "sentiment": "neutral", "time": "Tue Mar 22 04:25:58 +0000 2016"}
{"polarity": 0.18055555555555555, "location": "Phoenix, AZ", "sentiment": "positive", "time": "Tue Mar 22 04:16:17 +0000 2016"}
{"polarity": 0.35, "location": "New York, NY", "sentiment": "positive", "time": "Tue Mar 22 04:16:29 +0000 2016"}
{"polarity": 0.425, "location": "San Diego, CA", "sentiment": "positive", "time": "Tue Mar 22 04:16:31 +0000 2016"}
{"polarity": 0.0, "location": "Seattle, WA", "sentiment": "neutral", "time": "Tue Mar 22 04:16:33 +0000 2016"}
{"polarity": 0.09999999999999998, "location": "San Diego, CA", "sentiment": "positive", "time": "Tue Mar 22 04:16:38 +0000 2016"}
{"polarity": 0.7, "location": "Seattle, WA", "sentiment": "positive", "time": "Tue Mar 22 04:16:49 +0000 2016"}
{"polarity": 0.0, "location": "Orlando, FL", "sentiment": "neutral", "time": "Tue Mar 22 04:14:01 +0000 2016"}
{"polarity": 0.1, "location": "New York, NY", "sentiment": "positive", "time": "Tue Mar 22 04:14:06 +0000 2016"}
{"polarity": 0.0, "location": "Atlanta, GA", "sentiment": "neutral", "time": "Tue Mar 22 04:14:08 +0000 2016"}
{"polarity": 0.0, "location": "Phoenix, AZ", "sentiment": "neutral", "time": "Tue Mar 22 04:14:10 +0000 2016"}
{"polarity": 0.21428571428571427, "location": "Boston, MA", "sentiment": "positive", "time": "Tue Mar 22 04:14:37 +0000 2016"}
{"polarity": 0.0, "location": "Orlando, FL", "sentiment": "neutral", "time": "Tue Mar 22 04:14:45 +0000 2016"}
{"polarity": 0.0, "location": "Portland, OR", "sentiment": "neutral", "time": "Tue Mar 22 04:14:48 +0000 2016"}
{"polarity": -0.1, "location": "Atlanta, GA", "sentiment": "negative", "time": "Tue Mar 22 04:14:58 +0000 2016"}
{"polarity": 0.0, "location": "Boston, MA", "sentiment": "neutral", "time": "Tue Mar 22 04:23:00 +0000 2016"}
{"polarity": 0.0, "location": "Seattle, WA", "sentiment": "neutral", "time": "Tue Mar 22 04:23:00 +0000 2016"}
{"polarity": 0.2, "location": "Orlando, FL", "sentiment": "positive", "time": "Tue Mar 22 04:23:03 +0000 2016"}
{"polarity": -0.6999999999999998, "location": "Boston, MA", "sentiment": "negative", "time": "Tue Mar 22 04:23:09 +0000 2016"}
{"polarity": 0.0, "location": "Phoenix, AZ", "sentiment": "neutral", "time": "Tue Mar 22 04:23:12 +0000 2016"}
{"polarity": 0.3333333333333333, "location": "New York, NY", "sentiment": "positive", "time": "Tue Mar 22 04:23:13 +0000 2016"}
{"polarity": 0.2, "location": "New York, NY", "sentiment": "positive", "time": "Tue Mar 22 04:23:22 +0000 2016"}
{"polarity": 0.0, "location": "New York, NY", "sentiment": "neutral", "time": "Tue Mar 22 04:23:25 +0000 2016"}
{"polarity": 0.475, "location": "Seattle, WA", "sentiment": "positive", "time": "Tue Mar 22 04:23:31 +0000 2016"}
{"polarity": 0.0, "location": "New York, NY", "sentiment": "neutral", "time": "Tue Mar 22 04:23:33 +0000 2016"}
{"polarity": 0.0, "location": "Atlanta, GA", "sentiment": "neutral", "time": "Tue Mar 22 04:23:34 +0000 2016"}
{"polarity": -0.38888888888888884, "location": "Seattle, WA", "sentiment": "negative", "time": "Tue Mar 22 04:23:44 +0000 2016"}
{"polarity": 0.3, "location": "Seattle, WA", "sentiment": "positive", "time": "Tue Mar 22 04:23:57 +0000 2016"}
{"polarity": -0.5, "location": "Phoenix, AZ", "sentiment": "negative", "time": "Tue Mar 22 04:07:00 +0000 2016"}
{"polarity": -0.3625, "location": "New York, NY", "sentiment": "negative", "time": "Tue Mar 22 04:07:09 +0000 2016"}
{"polarity": 0.5, "location": "New York, NY", "sentiment": "positive", "time": "Tue Mar 22 04:07:11 +0000 2016"}
{"polarity": 0.0, "location": "Portland, OR", "sentiment": "neutral", "time": "Tue Mar 22 04:07:13 +0000 2016"}
{"polarity": 0.0, "location": "Atlanta, GA", "sentiment": "neutral", "time": "Tue Mar 22 04:07:14 +0000 2016"}
{"polarity": 0.0, "location": "Seattle, WA", "sentiment": "neutral", "time": "Tue Mar 22 04:07:19 +0000 2016"}
{"polarity": 0.3, "location": "San Diego, CA", "sentiment": "positive", "time": "Tue Mar 22 04:07:25 +0000 2016"}
{"polarity": -0.75, "location": "Boston, MA", "sentiment": "negative", "time": "Tue Mar 22 04:07:34 +0000 2016"}
{"polarity": -0.07142857142857142, "location": "Atlanta, GA", "sentiment": "negative", "time": "Tue Mar 22 04:07:36 +0000 2016"}
{"polarity": 0.0, "location": "Seattle, WA", "sentiment": "neutral", "time": "Tue Mar 22 04:07:43 +0000 2016"}
{"polarity": 0.2, "location": "Boston, MA", "sentiment": "positive", "time": "Tue Mar 22 04:07:56 +0000 2016"}
{"polarity": 0.0, "location": "Seattle, WA", "sentiment": "neutral", "time": "Tue Mar 22 04:07:57 +0000 2016"}
{"polarity": 0.5, "location": "Phoenix, AZ", "sentiment": "positive", "time": "Tue Mar 22 04:51:04 +0000 2016"}
{"polarity": 0.0, "location": "Boston, MA", "sentiment": "neutral", "time": "Tue Mar 22 04:51:04 +0000 2016"}
{"polarity": 0.0, "location": "Boston, MA", "sentiment": "neutral", "time": "Tue Mar 22 04:51:08 +0000 2016"}
{"polarity": 0.5, "location": "Phoenix, AZ", "sentiment": "positive", "time": "Tue Mar 22 04:51:16 +0000 2016"}
{"polarity": 0.0, "location": "New York, NY", "sentiment": "neutral", "time": "Tue Mar 22 04:51:28 +0000 2016"}
{"polarity": 0.625, "location": "Phoenix, AZ", "sentiment": "positive", "time": "Tue Mar 22 04:51:35 +0000 2016"}
{"polarity": -0.1875, "location": "New York, NY", "sentiment": "negative", "time": "Tue Mar 22 04:51:35 +0000 2016"}
{"polarity": 0.0, "location": "Atlanta, GA", "sentiment": "neutral", "time": "Tue Mar 22 04:51:40 +0000 2016"}
{"polarity": 0.0, "location": "San Diego, CA", "sentiment": "neutral", "time": "Tue Mar 22 04:51:46 +0000 2016"}
{"polarity": 0.0, "location": "Seattle, WA", "sentiment": "neutral", "time": "Tue Mar 22 04:51:55 +0000 2016"}
{"polarity": 0.5, "location": "Phoenix, AZ", "sentiment": "positive", "time": "Tue Mar 22 04:51:58 +0000 2016"}
{"polarity": 0.0, "location": "New York, NY", "sentiment": "neutral", "time": "Tue Mar 22 04:30:03 +0000 2016"}
{"polarity": 0.0, "location": "Portland, OR", "sentiment": "neutral", "time": "Tue Mar 22 04:30:07 +0000 2016"}
{"polarity": 0.4375, "location": "New York, NY", "sentiment": "positive", "time": "Tue Mar 22 04:30:10 +0000 2016"}
{"polarity": 0.0, "location": "Portland, OR", "sentiment": "neutral", "time": "Tue Mar 22 04:30:22 +0000 2016"}
{"polarity": 0.0, "location": "New York, NY", "sentiment": "neutral", "time": "Tue Mar 22 04:30:22 +0000 2016"}
{"polarity": 0.2, "location": "San Diego, CA", "sentiment": "positive", "time": "Tue Mar 22 04:30:23 +0000 2016"}
{"polarity": 0.22222222222222224, "location": "Atlanta, GA", "sentiment": "positive", "time": "Tue Mar 22 04:30:43 +0000 2016"}
{"polarity": 0.13636363636363635, "location": "Phoenix, AZ", "sentiment": "positive", "time": "Tue Mar 22 04:30:44 +0000 2016"}
{"polarity": 0.0, "location": "Atlanta, GA", "sentiment": "neutral", "time": "Tue Mar 22 04:30:47 +0000 2016"}
{"polarity": 0.36666666666666664, "location": "Orlando, FL", "sentiment": "positive", "time": "Tue Mar 22 04:03:00 +0000 2016"}
{"polarity": 0.0, "location": "New York, NY", "sentiment": "neutral", "time": "Tue Mar 22 04:03:04 +0000 2016"}
{"polarity": 0.35, "location": "Boston, MA", "sentiment": "positive", "time": "Tue Mar 22 04:03:23 +0000 2016"}
{"polarity": 0.0, "location": "San Diego, CA", "sentiment": "neutral", "time": "Tue Mar 22 04:03:26 +0000 2016"}
{"polarity": 0.0, "location": "San Diego, CA", "sentiment": "neutral", "time": "Tue Mar 22 04:03:42 +0000 2016"}
{"polarity": 0.0, "location": "Seattle, WA", "sentiment": "neutral", "time": "Tue Mar 22 04:03:42 +0000 2016"}
{"polarity": 0.2857142857142857, "location": "San Diego, CA", "sentiment": "positive", "time": "Tue Mar 22 04:03:50 +0000 2016"}
{"polarity": 0.0, "location": "New York, NY", "sentiment": "neutral", "time": "Tue Mar 22 04:03:56 +0000 2016"}
{"polarity": 0.25, "location": "Atlanta, GA", "sentiment": "positive", "time": "Tue Mar 22 04:40:02 +0000 2016"}
{"polarity": 0.0, "location": "Orlando, FL", "sentiment": "neutral", "time": "Tue Mar 22 04:40:04 +0000 2016"}
{"polarity": 0.5, "location": "Boston, MA", "sentiment": "positive", "time": "Tue Mar 22 04:40:10 +0000 2016"}
{"polarity": 0.0, "location": "Portland, OR", "sentiment": "neutral", "time": "Tue Mar 22 04:40:21 +0000 2016"}
{"polarity": 1.0, "location": "Seattle, WA", "sentiment": "positive", "time": "Tue Mar 22 04:40:24 +0000 2016"}
{"polarity": 0.2, "location": "Phoenix, AZ", "sentiment": "positive", "time": "Tue Mar 22 04:40:26 +0000 2016"}
{"polarity": 0.6, "location": "San Diego, CA", "sentiment": "positive", "time": "Tue Mar 22 04:40:27 +0000 2016"}
{"polarity": 0.6, "location": "Seattle, WA", "sentiment": "positive", "time": "Tue Mar 22 04:40:29 +0000 2016"}
{"polarity": 0.0, "location": "Phoenix, AZ", "sentiment": "neutral", "time": "Tue Mar 22 04:40:32 +0000 2016"}
{"polarity": 0.0, "location": "San Diego, CA", "sentiment": "neutral", "time": "Tue Mar 22 04:40:50 +0000 2016"}
{"polarity": 0.8, "location": "San Diego, CA", "sentiment": "positive", "time": "Tue Mar 22 04:40:53 +0000 2016"}
{"polarity": 0.0, "location": "Atlanta, GA", "sentiment": "neutral", "time": "Tue Mar 22 04:08:00 +0000 2016"}
{"polarity": -0.30000000000000004, "location": "Seattle, WA", "sentiment": "negative", "time": "Tue Mar 22 04:08:00 +0000 2016"}
{"polarity": 0.65, "location": "Phoenix, AZ", "sentiment": "positive", "time": "Tue Mar 22 04:08:12 +0000 2016"}
{"polarity": -0.3769230769230769, "location": "Phoenix, AZ", "sentiment": "negative", "time": "Tue Mar 22 04:08:15 +0000 2016"}
{"polarity": 0.0, "location": "Boston, MA", "sentiment": "neutral", "time": "Tue Mar 22 04:08:32 +0000 2016"}
{"polarity": 0.0, "location": "Orlando, FL", "sentiment": "neutral", "time": "Tue Mar 22 04:08:33 +0000 2016"}
{"polarity": 0.0, "location": "Seattle, WA", "sentiment": "neutral", "time": "Tue Mar 22 04:08:35 +0000 2016"}
{"polarity": 0.0, "location": "Orlando, FL", "sentiment": "neutral", "time": "Tue Mar 22 04:08:37 +0000 2016"}
{"polarity": 0.0, "location": "Boston, MA", "sentiment": "neutral", "time": "Tue Mar 22 04:08:39 +0000 2016"}
{"polarity": -0.25, "location": "Atlanta, GA", "sentiment": "negative", "time": "Tue Mar 22 04:08:40 +0000 2016"}
{"polarity": 0.5, "location": "Atlanta, GA", "sentiment": "positive", "time": "Tue Mar 22 04:08:44 +0000 2016"}
{"polarity": 0.0, "location": "Atlanta, GA", "sentiment": "neutral", "time": "Tue Mar 22 04:08:57 +0000 2016"}
{"polarity": 0.0, "location": "San Diego, CA", "sentiment": "neutral", "time": "Tue Mar 22 04:08:58 +0000 2016"}
{"polarity": 0.0, "location": "Seattle, WA", "sentiment": "neutral", "time": "Tue Mar 22 04:35:01 +0000 2016"}
{"polarity": 0.0, "location": "San Diego, CA", "sentiment": "neutral", "time": "Tue Mar 22 04:35:19 +0000 2016"}
{"polarity": -0.125, "location": "New York, NY", "sentiment": "negative", "time": "Tue Mar 22 04:35:41 +0000 2016"}
{"polarity": 0.0, "location": "New York, NY", "sentiment": "neutral", "time": "Tue Mar 22 04:35:54 +0000 2016"}
{"polarity": 0.2777777777777778, "location": "Seattle, WA", "sentiment": "positive", "time": "Tue Mar 22 04:43:01 +0000 2016"}
{"polarity": 0.0, "location": "Atlanta, GA", "sentiment": "neutral", "time": "Tue Mar 22 04:43:13 +0000 2016"}
{"polarity": 0.19618506493506488, "location": "Atlanta, GA", "sentiment": "positive", "time": "Tue Mar 22 04:43:24 +0000 2016"}
{"polarity": 0.0, "location": "Boston, MA", "sentiment": "neutral", "time": "Tue Mar 22 04:43:31 +0000 2016"}
{"polarity": 0.0, "location": "New York, NY", "sentiment": "neutral", "time": "Tue Mar 22 04:43:32 +0000 2016"}
{"polarity": 0.14652777777777778, "location": "Seattle, WA", "sentiment": "positive", "time": "Tue Mar 22 04:43:36 +0000 2016"}
{"polarity": 0.0, "location": "Atlanta, GA", "sentiment": "neutral", "time": "Tue Mar 22 04:43:47 +0000 2016"}
{"polarity": -0.375, "location": "Phoenix, AZ", "sentiment": "negative", "time": "Tue Mar 22 04:43:59 +0000 2016"}
{"polarity": -0.08333333333333333, "location": "Seattle, WA", "sentiment": "negative", "time": "Tue Mar 22 04:10:08 +0000 2016"}
{"polarity": 0.0, "location": "Seattle, WA", "sentiment": "neutral", "time": "Tue Mar 22 04:54:05 +0000 2016"}
{"polarity": 0.0, "location": "San Diego, CA", "sentiment": "neutral", "time": "Tue Mar 22 04:54:22 +0000 2016"}
{"polarity": 0.0, "location": "San Diego, CA", "sentiment": "neutral", "time": "Tue Mar 22 04:54:24 +0000 2016"}
{"polarity": 0.0, "location": "Seattle, WA", "sentiment": "neutral", "time": "Tue Mar 22 04:54:27 +0000 2016"}
{"polarity": 0.16, "location": "San Diego, CA", "sentiment": "positive", "time": "Tue Mar 22 04:54:36 +0000 2016"}
{"polarity": 0.0, "location": "Boston, MA", "sentiment": "neutral", "time": "Tue Mar 22 04:54:49 +0000 2016"}
{"polarity": 0.5, "location": "Orlando, FL", "sentiment": "positive", "time": "Tue Mar 22 04:54:51 +0000 2016"}
{"polarity": -0.25, "location": "Phoenix, AZ", "sentiment": "negative", "time": "Tue Mar 22 04:54:51 +0000 2016"}
{"polarity": 0.0, "location": "Portland, OR", "sentiment": "neutral", "time": "Tue Mar 22 04:54:54 +0000 2016"}
{"polarity": -0.06518518518518521, "location": "New York, NY", "sentiment": "negative", "time": "Tue Mar 22 04:24:01 +0000 2016"}
{"polarity": 0.3, "location": "Phoenix, AZ", "sentiment": "positive", "time": "Tue Mar 22 04:24:06 +0000 2016"}
{"polarity": 0.0, "location": "Portland, OR", "sentiment": "neutral", "time": "Tue Mar 22 04:24:08 +0000 2016"}
{"polarity": 0.0, "location": "San Diego, CA", "sentiment": "neutral", "time": "Tue Mar 22 04:24:53 +0000 2016"}
{"polarity": 0.2, "location": "Seattle, WA", "sentiment": "positive", "time": "Tue Mar 22 04:24:56 +0000 2016"}
{"polarity": 0.6, "location": "Boston, MA", "sentiment": "positive", "time": "Tue Mar 22 04:32:04 +0000 2016"}
{"polarity": 0.0, "location": "Seattle, WA", "sentiment": "neutral", "time": "Tue Mar 22 04:32:15 +0000 2016"}
{"polarity": 0.0, "location": "Seattle, WA", "sentiment": "neutral", "time": "Tue Mar 22 04:32:15 +0000 2016"}
{"polarity": 0.0, "location": "New York, NY", "sentiment": "neutral", "time": "Tue Mar 22 04:32:23 +0000 2016"}
{"polarity": 0.5, "location": "New York, NY", "sentiment": "positive", "time": "Tue Mar 22 04:32:35 +0000 2016"}
{"polarity": 0.0, "location": "Phoenix, AZ", "sentiment": "neutral", "time": "Tue Mar 22 04:32:43 +0000 2016"}
{"polarity": 0.0, "location": "New York, NY", "sentiment": "neutral", "time": "Tue Mar 22 04:32:55 +0000 2016"}
{"polarity": 0.0, "location": "San Diego, CA", "sentiment": "neutral", "time": "Tue Mar 22 04:36:05 +0000 2016"}
{"polarity": 0.30833333333333335, "location": "Phoenix, AZ", "sentiment": "positive", "time": "Tue Mar 22 04:36:06 +0000 2016"}
{"polarity": 0.3181818181818182, "location": "New York, NY", "sentiment": "positive", "time": "Tue Mar 22 04:36:11 +0000 2016"}
{"polarity": 0.0, "location": "Seattle, WA", "sentiment": "neutral", "time": "Tue Mar 22 04:36:16 +0000 2016"}
{"polarity": 0.0, "location": "Atlanta, GA", "sentiment": "neutral", "time": "Tue Mar 22 04:36:21 +0000 2016"}
{"polarity": 0.25, "location": "Atlanta, GA", "sentiment": "positive", "time": "Tue Mar 22 04:36:24 +0000 2016"}
{"polarity": 0.0, "location": "Atlanta, GA", "sentiment": "neutral", "time": "Tue Mar 22 04:36:37 +0000 2016"}
{"polarity": 0.21666666666666667, "location": "Seattle, WA", "sentiment": "positive", "time": "Tue Mar 22 04:36:42 +0000 2016"}
{"polarity": 0.2, "location": "New York, NY", "sentiment": "positive", "time": "Tue Mar 22 04:36:49 +0000 2016"}
{"polarity": 0.1, "location": "Seattle, WA", "sentiment": "positive", "time": "Tue Mar 22 04:01:07 +0000 2016"}
{"polarity": 0.9, "location": "New York, NY", "sentiment": "positive", "time": "Tue Mar 22 04:01:10 +0000 2016"}
{"polarity": -0.0375, "location": "Boston, MA", "sentiment": "negative", "time": "Tue Mar 22 04:01:10 +0000 2016"}
{"polarity": 0.2857142857142857, "location": "Orlando, FL", "sentiment": "positive", "time": "Tue Mar 22 04:01:16 +0000 2016"}
{"polarity": 0.0, "location": "San Diego, CA", "sentiment": "neutral", "time": "Tue Mar 22 04:01:29 +0000 2016"}
{"polarity": -0.26666666666666666, "location": "New York, NY", "sentiment": "negative", "time": "Tue Mar 22 04:01:30 +0000 2016"}
{"polarity": 0.0, "location": "Boston, MA", "sentiment": "neutral", "time": "Tue Mar 22 04:01:36 +0000 2016"}
{"polarity": -0.09444444444444444, "location": "New York, NY", "sentiment": "negative", "time": "Tue Mar 22 04:01:49 +0000 2016"}
{"polarity": 0.0, "location": "New York, NY", "sentiment": "neutral", "time": "Tue Mar 22 04:01:53 +0000 2016"}
{"polarity": 0.0, "location": "San Diego, CA", "sentiment": "neutral", "time": "Tue Mar 22 04:01:55 +0000 2016"}
{"polarity": 0.5, "location": "San Diego, CA", "sentiment": "positive", "time": "Tue Mar 22 04:55:15 +0000 2016"}
{"polarity": 0.0, "location": "New York, NY", "sentiment": "neutral", "time": "Tue Mar 22 04:55:21 +0000 2016"}
{"polarity": 0.0, "location": "Phoenix, AZ", "sentiment": "neutral", "time": "Tue Mar 22 04:55:23 +0000 2016"}
{"polarity": 0.0, "location": "Portland, OR", "sentiment": "neutral", "time": "Tue Mar 22 04:55:35 +0000 2016"}
{"polarity": 0.0, "location": "San Diego, CA", "sentiment": "neutral", "time": "Tue Mar 22 04:55:47 +0000 2016"}
{"polarity": 0.0, "location": "San Diego, CA", "sentiment": "neutral", "time": "Tue Mar 22 04:55:59 +0000 2016"}
{"polarity": 0.0, "location": "San Diego, CA", "sentiment": "neutral", "time": "Tue Mar 22 04:09:00 +0000 2016"}
{"polarity": 0.03333333333333333, "location": "Atlanta, GA", "sentiment": "positive", "time": "Tue Mar 22 04:09:15 +0000 2016"}
{"polarity": 0.3571428571428571, "location": "Seattle, WA", "sentiment": "positive", "time": "Tue Mar 22 04:09:26 +0000 2016"}
{"polarity": 0.0, "location": "Seattle, WA", "sentiment": "neutral", "time": "Tue Mar 22 04:09:27 +0000 2016"}
{"polarity": 0.0, "location": "New York, NY", "sentiment": "neutral", "time": "Tue Mar 22 04:09:29 +0000 2016"}
{"polarity": -0.25, "location": "Atlanta, GA", "sentiment": "negative", "time": "Tue Mar 22 04:09:42 +0000 2016"}
{"polarity": 0.0, "location": "Seattle, WA", "sentiment": "neutral", "time": "Tue Mar 22 04:09:45 +0000 2016"}
{"polarity": 0.3, "location": "New York, NY", "sentiment": "positive", "time": "Tue Mar 22 04:09:54 +0000 2016"}
{"polarity": 0.8, "location": "New York, NY", "sentiment": "positive", "time": "Tue Mar 22 04:09:57 +0000 2016"}
{"polarity": 0.0, "location": "Boston, MA", "sentiment": "neutral", "time": "Tue Mar 22 04:33:02 +0000 2016"}
{"polarity": 0.0, "location": "San Diego, CA", "sentiment": "neutral", "time": "Tue Mar 22 04:33:26 +0000 2016"}
{"polarity": 0.0, "location": "Portland, OR", "sentiment": "neutral", "time": "Tue Mar 22 04:33:29 +0000 2016"}
{"polarity": 0.0, "location": "Portland, OR", "sentiment": "neutral", "time": "Tue Mar 22 04:33:52 +0000 2016"}
{"polarity": 0.0, "location": "Phoenix, AZ", "sentiment": "neutral", "time": "Tue Mar 22 04:33:57 +0000 2016"}
{"polarity": 0.2, "location": "Orlando, FL", "sentiment": "positive", "time": "Tue Mar 22 04:44:05 +0000 2016"}
{"polarity": 0.7, "location": "Atlanta, GA", "sentiment": "positive", "time": "Tue Mar 22 04:44:42 +0000 2016"}
{"polarity": -0.15, "location": "Phoenix, AZ", "sentiment": "negative", "time": "Tue Mar 22 04:44:45 +0000 2016"}
{"polarity": 0.0, "location": "Seattle, WA", "sentiment": "neutral", "time": "Tue Mar 22 04:44:50 +0000 2016"}
{"polarity": 0.0, "location": "Atlanta, GA", "sentiment": "neutral", "time": "Tue Mar 22 04:44:50 +0000 2016"}
{"polarity": 0.0, "location": "San Diego, CA", "sentiment": "neutral", "time": "Tue Mar 22 04:44:52 +0000 2016"}
{"polarity": 0.0, "location": "Phoenix, AZ", "sentiment": "neutral", "time": "Tue Mar 22 04:44:55 +0000 2016"}
{"polarity": 0.0, "location": "Atlanta, GA", "sentiment": "neutral", "time": "Tue Mar 22 04:44:57 +0000 2016"}
{"polarity": 0.1, "location": "New York, NY", "sentiment": "positive", "time": "Tue Mar 22 04:44:58 +0000 2016"}
{"polarity": 0.425, "location": "Phoenix, AZ", "sentiment": "positive", "time": "Tue Mar 22 04:28:07 +0000 2016"}
{"polarity": -0.1, "location": "Atlanta, GA", "sentiment": "negative", "time": "Tue Mar 22 04:28:20 +0000 2016"}
{"polarity": 0.26944444444444443, "location": "Portland, OR", "sentiment": "positive", "time": "Tue Mar 22 04:28:32 +0000 2016"}
{"polarity": 0.16249999999999998, "location": "New York, NY", "sentiment": "positive", "time": "Tue Mar 22 04:28:54 +0000 2016"}
{"polarity": 0.0, "location": "Atlanta, GA", "sentiment": "neutral", "time": "Tue Mar 22 04:22:00 +0000 2016"}
{"polarity": -0.25, "location": "Seattle, WA", "sentiment": "negative", "time": "Tue Mar 22 04:22:02 +0000 2016"}
{"polarity": 0.0, "location": "San Diego, CA", "sentiment": "neutral", "time": "Tue Mar 22 04:22:08 +0000 2016"}
{"polarity": 0.0, "location": "Atlanta, GA", "sentiment": "neutral", "time": "Tue Mar 22 04:22:22 +0000 2016"}
{"polarity": 0.0, "location": "Boston, MA", "sentiment": "neutral", "time": "Tue Mar 22 04:22:25 +0000 2016"}
{"polarity": 0.0, "location": "Seattle, WA", "sentiment": "neutral", "time": "Tue Mar 22 04:22:34 +0000 2016"}
{"polarity": 0.5208333333333334, "location": "New York, NY", "sentiment": "positive", "time": "Tue Mar 22 04:22:40 +0000 2016"}
{"polarity": 0.0, "location": "Seattle, WA", "sentiment": "neutral", "time": "Tue Mar 22 04:22:50 +0000 2016"}
{"polarity": 0.0, "location": "Seattle, WA", "sentiment": "neutral", "time": "Tue Mar 22 04:22:53 +0000 2016"}
{"polarity": -0.4, "location": "Atlanta, GA", "sentiment": "negative", "time": "Tue Mar 22 04:22:56 +0000 2016"}
{"polarity": 0.0, "location": "Boston, MA", "sentiment": "neutral", "time": "Tue Mar 22 04:49:24 +0000 2016"}
{"polarity": 0.15000000000000002, "location": "New York, NY", "sentiment": "positive", "time": "Tue Mar 22 04:49:27 +0000 2016"}
{"polarity": -0.15555555555555559, "location": "Seattle, WA", "sentiment": "negative", "time": "Tue Mar 22 04:49:29 +0000 2016"}
{"polarity": 0.19318181818181818, "location": "Phoenix, AZ", "sentiment": "positive", "time": "Tue Mar 22 04:45:10 +0000 2016"}
{"polarity": 0.0, "location": "Seattle, WA", "sentiment": "neutral", "time": "Tue Mar 22 04:45:11 +0000 2016"}
{"polarity": 0.0, "location": "Seattle, WA", "sentiment": "neutral", "time": "Tue Mar 22 04:45:23 +0000 2016"}
{"polarity": 0.0, "location": "Boston, MA", "sentiment": "neutral", "time": "Tue Mar 22 04:45:26 +0000 2016"}
{"polarity": 0.0, "location": "New York, NY", "sentiment": "neutral", "time": "Tue Mar 22 04:45:34 +0000 2016"}
{"polarity": 0.0, "location": "Seattle, WA", "sentiment": "neutral", "time": "Tue Mar 22 04:45:37 +0000 2016"}
{"polarity": 0.0, "location": "Atlanta, GA", "sentiment": "neutral", "time": "Tue Mar 22 04:45:40 +0000 2016"}
{"polarity": 0.2, "location": "Orlando, FL", "sentiment": "positive", "time": "Tue Mar 22 04:45:45 +0000 2016"}
{"polarity": 0.0, "location": "New York, NY", "sentiment": "neutral", "time": "Tue Mar 22 04:06:06 +0000 2016"}
{"polarity": 0.0, "location": "Atlanta, GA", "sentiment": "neutral", "time": "Tue Mar 22 04:06:14 +0000 2016"}
{"polarity": -0.1, "location": "Boston, MA", "sentiment": "negative", "time": "Tue Mar 22 04:06:17 +0000 2016"}
{"polarity": 0.0, "location": "New York, NY", "sentiment": "neutral", "time": "Tue Mar 22 04:06:31 +0000 2016"}
{"polarity": 0.0, "location": "San Diego, CA", "sentiment": "neutral", "time": "Tue Mar 22 04:06:47 +0000 2016"}
{"polarity": -0.4, "location": "San Diego, CA", "sentiment": "negative", "time": "Tue Mar 22 04:06:53 +0000 2016"}
{"polarity": 0.0, "location": "Boston, MA", "sentiment": "neutral", "time": "Tue Mar 22 04:20:00 +0000 2016"}
{"polarity": 0.0, "location": "Phoenix, AZ", "sentiment": "neutral", "time": "Tue Mar 22 04:20:03 +0000 2016"}
{"polarity": 0.0, "location": "New York, NY", "sentiment": "neutral", "time": "Tue Mar 22 04:20:07 +0000 2016"}
{"polarity": 0.4, "location": "New York, NY", "sentiment": "positive", "time": "Tue Mar 22 04:20:13 +0000 2016"}
{"polarity": 0.0, "location": "New York, NY", "sentiment": "neutral", "time": "Tue Mar 22 04:20:13 +0000 2016"}
{"polarity": 0.0, "location": "Seattle, WA", "sentiment": "neutral", "time": "Tue Mar 22 04:20:15 +0000 2016"}
{"polarity": 1.0, "location": "Orlando, FL", "sentiment": "positive", "time": "Tue Mar 22 04:20:22 +0000 2016"}
{"polarity": 0.0, "location": "New York, NY", "sentiment": "neutral", "time": "Tue Mar 22 04:20:24 +0000 2016"}
{"polarity": 0.0, "location": "New York, NY", "sentiment": "neutral", "time": "Tue Mar 22 04:20:36 +0000 2016"}
{"polarity": 0.0, "location": "Phoenix, AZ", "sentiment": "neutral", "time": "Tue Mar 22 04:20:42 +0000 2016"}
{"polarity": 0.6, "location": "New York, NY", "sentiment": "positive", "time": "Tue Mar 22 04:20:43 +0000 2016"}
{"polarity": 0.25, "location": "New York, NY", "sentiment": "positive", "time": "Tue Mar 22 04:20:49 +0000 2016"}
{"polarity": 0.0, "location": "Phoenix, AZ", "sentiment": "neutral", "time": "Tue Mar 22 04:13:21 +0000 2016"}
{"polarity": 0.0, "location": "San Diego, CA", "sentiment": "neutral", "time": "Tue Mar 22 04:13:29 +0000 2016"}
{"polarity": 0.3, "location": "Atlanta, GA", "sentiment": "positive", "time": "Tue Mar 22 04:13:38 +0000 2016"}
{"polarity": 0.31666666666666665, "location": "Phoenix, AZ", "sentiment": "positive", "time": "Tue Mar 22 04:13:55 +0000 2016"}
{"polarity": 0.0, "location": "San Diego, CA", "sentiment": "neutral", "time": "Tue Mar 22 04:04:06 +0000 2016"}
{"polarity": 0.0, "location": "Boston, MA", "sentiment": "neutral", "time": "Tue Mar 22 04:04:08 +0000 2016"}
{"polarity": 0.0, "location": "Atlanta, GA", "sentiment": "neutral", "time": "Tue Mar 22 04:04:11 +0000 2016"}
{"polarity": 0.0, "location": "San Diego, CA", "sentiment": "neutral", "time": "Tue Mar 22 04:04:13 +0000 2016"}
{"polarity": 0.0, "location": "San Diego, CA", "sentiment": "neutral", "time": "Tue Mar 22 04:04:19 +0000 2016"}
{"polarity": 0.0, "location": "Atlanta, GA", "sentiment": "neutral", "time": "Tue Mar 22 04:04:29 +0000 2016"}
{"polarity": -0.15000000000000002, "location": "New York, NY", "sentiment": "negative", "time": "Tue Mar 22 04:04:35 +0000 2016"}
{"polarity": 0.1, "location": "Portland, OR", "sentiment": "positive", "time": "Tue Mar 22 04:04:43 +0000 2016"}
{"polarity": 0.0, "location": "New York, NY", "sentiment": "neutral", "time": "Tue Mar 22 04:04:54 +0000 2016"}
{"polarity": 0.5, "location": "San Diego, CA", "sentiment": "positive", "time": "Mon Mar 21 13:39:02 +0000 2016"}
{"polarity": -0.15625, "location": "Phoenix, AZ", "sentiment": "negative", "time": "Mon Mar 21 13:39:32 +0000 2016"}
{"polarity": 0.0, "location": "Seattle, WA", "sentiment": "neutral", "time": "Mon Mar 21 13:59:01 +0000 2016"}
{"polarity": 0.0, "location": "Atlanta, GA", "sentiment": "neutral", "time": "Mon Mar 21 13:59:12 +0000 2016"}
{"polarity": -0.25, "location": "Boston, MA", "sentiment": "negative", "time": "Mon Mar 21 13:59:14 +0000 2016"}
{"polarity": 0.15, "location": "Seattle, WA", "sentiment": "positive", "time": "Mon Mar 21 13:59:20 +0000 2016"}
{"polarity": 0.0, "location": "Atlanta, GA", "sentiment": "neutral", "time": "Mon Mar 21 13:59:27 +0000 2016"}
{"polarity": 0.033333333333333326, "location": "New York, NY", "sentiment": "positive", "time": "Mon Mar 21 13:59:27 +0000 2016"}
{"polarity": 0.0, "location": "Portland, OR", "sentiment": "neutral", "time": "Mon Mar 21 13:59:35 +0000 2016"}
{"polarity": 0.5, "location": "Atlanta, GA", "sentiment": "positive", "time": "Mon Mar 21 13:59:38 +0000 2016"}
{"polarity": 0.5, "location": "Atlanta, GA", "sentiment": "positive", "time": "Mon Mar 21 13:59:38 +0000 2016"}
{"polarity": -0.10714285714285715, "location": "San Diego, CA", "sentiment": "negative", "time": "Mon Mar 21 13:59:51 +0000 2016"}
{"polarity": 0.0, "location": "New York, NY", "sentiment": "neutral", "time": "Mon Mar 21 13:19:05 +0000 2016"}
{"polarity": 0.11818181818181818, "location": "Portland, OR", "sentiment": "positive", "time": "Mon Mar 21 13:19:11 +0000 2016"}
{"polarity": 0.0, "location": "New York, NY", "sentiment": "neutral", "time": "Mon Mar 21 13:19:18 +0000 2016"}
{"polarity": 0.0, "location": "Orlando, FL", "sentiment": "neutral", "time": "Mon Mar 21 13:19:25 +0000 2016"}
{"polarity": 0.0, "location": "San Diego, CA", "sentiment": "neutral", "time": "Mon Mar 21 13:19:28 +0000 2016"}
{"polarity": 0.0, "location": "Atlanta, GA", "sentiment": "neutral", "time": "Mon Mar 21 13:19:29 +0000 2016"}
{"polarity": 1.0, "location": "Orlando, FL", "sentiment": "positive", "time": "Mon Mar 21 13:37:00 +0000 2016"}
{"polarity": 0.0, "location": "New York, NY", "sentiment": "neutral", "time": "Mon Mar 21 13:37:13 +0000 2016"}
{"polarity": 0.5, "location": "Atlanta, GA", "sentiment": "positive", "time": "Mon Mar 21 13:37:26 +0000 2016"}
{"polarity": 0.0, "location": "Boston, MA", "sentiment": "neutral", "time": "Mon Mar 21 13:37:59 +0000 2016"}
{"polarity": 0.16, "location": "Atlanta, GA", "sentiment": "positive", "time": "Mon Mar 21 13:31:08 +0000 2016"}
{"polarity": 0.0, "location": "Portland, OR", "sentiment": "neutral", "time": "Mon Mar 21 13:31:11 +0000 2016"}
{"polarity": 1.0, "location": "Boston, MA", "sentiment": "positive", "time": "Mon Mar 21 13:31:21 +0000 2016"}
{"polarity": 0.0, "location": "San Diego, CA", "sentiment": "neutral", "time": "Mon Mar 21 13:31:27 +0000 2016"}
{"polarity": 0.0, "location": "Boston, MA", "sentiment": "neutral", "time": "Mon Mar 21 13:31:27 +0000 2016"}
{"polarity": 0.16666666666666666, "location": "Boston, MA", "sentiment": "positive", "time": "Mon Mar 21 13:31:29 +0000 2016"}
{"polarity": 0.0, "location": "New York, NY", "sentiment": "neutral", "time": "Mon Mar 21 13:31:36 +0000 2016"}
{"polarity": 1.0, "location": "New York, NY", "sentiment": "positive", "time": "Mon Mar 21 13:31:41 +0000 2016"}
{"polarity": 0.0, "location": "Seattle, WA", "sentiment": "neutral", "time": "Mon Mar 21 13:41:10 +0000 2016"}
{"polarity": 0.0, "location": "Seattle, WA", "sentiment": "neutral", "time": "Mon Mar 21 13:41:16 +0000 2016"}
{"polarity": 0.2, "location": "Seattle, WA", "sentiment": "positive", "time": "Mon Mar 21 13:41:32 +0000 2016"}
{"polarity": 0.0, "location": "New York, NY", "sentiment": "neutral", "time": "Mon Mar 21 13:41:35 +0000 2016"}
{"polarity": 0.2, "location": "New York, NY", "sentiment": "positive", "time": "Mon Mar 21 13:41:36 +0000 2016"}
{"polarity": 0.2444444444444445, "location": "Seattle, WA", "sentiment": "positive", "time": "Mon Mar 21 13:41:41 +0000 2016"}
{"polarity": 0.0, "location": "Atlanta, GA", "sentiment": "neutral", "time": "Mon Mar 21 13:41:45 +0000 2016"}
{"polarity": 0.8, "location": "Boston, MA", "sentiment": "positive", "time": "Mon Mar 21 13:41:59 +0000 2016"}
{"polarity": 0.0, "location": "New York, NY", "sentiment": "neutral", "time": "Mon Mar 21 13:27:04 +0000 2016"}
{"polarity": 0.0, "location": "Atlanta, GA", "sentiment": "neutral", "time": "Mon Mar 21 13:27:13 +0000 2016"}
{"polarity": 0.0, "location": "Atlanta, GA", "sentiment": "neutral", "time": "Mon Mar 21 13:27:22 +0000 2016"}
{"polarity": 0.0, "location": "Atlanta, GA", "sentiment": "neutral", "time": "Mon Mar 21 13:27:28 +0000 2016"}
{"polarity": 0.0, "location": "Boston, MA", "sentiment": "neutral", "time": "Mon Mar 21 13:27:32 +0000 2016"}
{"polarity": 0.13636363636363635, "location": "New York, NY", "sentiment": "positive", "time": "Mon Mar 21 13:27:34 +0000 2016"}
{"polarity": 0.1933333333333333, "location": "St. Louis, MO", "sentiment": "positive", "time": "Mon Mar 21 13:27:44 +0000 2016"}
{"polarity": 0.25, "location": "New York, NY", "sentiment": "positive", "time": "Mon Mar 21 13:27:58 +0000 2016"}
{"polarity": 0.0, "location": "New York, NY", "sentiment": "neutral", "time": "Mon Mar 21 13:57:06 +0000 2016"}
{"polarity": 0.0, "location": "Boston, MA", "sentiment": "neutral", "time": "Mon Mar 21 13:57:12 +0000 2016"}
{"polarity": 0.0, "location": "New York, NY", "sentiment": "neutral", "time": "Mon Mar 21 13:57:13 +0000 2016"}
{"polarity": 0.25, "location": "Atlanta, GA", "sentiment": "positive", "time": "Mon Mar 21 13:57:17 +0000 2016"}
{"polarity": 0.0, "location": "Atlanta, GA", "sentiment": "neutral", "time": "Mon Mar 21 13:57:20 +0000 2016"}
{"polarity": -0.3, "location": "Atlanta, GA", "sentiment": "negative", "time": "Mon Mar 21 13:57:27 +0000 2016"}
{"polarity": -0.09375000000000001, "location": "San Diego, CA", "sentiment": "negative", "time": "Mon Mar 21 13:57:48 +0000 2016"}
{"polarity": 0.05499999999999999, "location": "San Diego, CA", "sentiment": "positive", "time": "Mon Mar 21 13:57:52 +0000 2016"}
{"polarity": 0.0, "location": "New York, NY", "sentiment": "neutral", "time": "Mon Mar 21 13:26:06 +0000 2016"}
{"polarity": 0.0, "location": "New York, NY", "sentiment": "neutral", "time": "Mon Mar 21 13:26:09 +0000 2016"}
{"polarity": 0.0, "location": "New York, NY", "sentiment": "neutral", "time": "Mon Mar 21 13:26:13 +0000 2016"}
{"polarity": -0.8, "location": "Atlanta, GA", "sentiment": "negative", "time": "Mon Mar 21 13:26:14 +0000 2016"}
{"polarity": 0.0, "location": "New York, NY", "sentiment": "neutral", "time": "Mon Mar 21 13:26:14 +0000 2016"}
{"polarity": 0.22601010101010102, "location": "Atlanta, GA", "sentiment": "positive", "time": "Mon Mar 21 13:26:22 +0000 2016"}
{"polarity": 0.0, "location": "Seattle, WA", "sentiment": "neutral", "time": "Mon Mar 21 13:26:29 +0000 2016"}
{"polarity": 0.21428571428571427, "location": "St. Louis, MO", "sentiment": "positive", "time": "Mon Mar 21 13:26:57 +0000 2016"}
{"polarity": 0.0, "location": "St. Louis, MO", "sentiment": "neutral", "time": "Mon Mar 21 13:26:58 +0000 2016"}
{"polarity": 0.0, "location": "New York, NY", "sentiment": "neutral", "time": "Mon Mar 21 13:58:06 +0000 2016"}
{"polarity": 0.44999999999999996, "location": "Atlanta, GA", "sentiment": "positive", "time": "Mon Mar 21 13:58:10 +0000 2016"}
{"polarity": 0.0, "location": "New York, NY", "sentiment": "neutral", "time": "Mon Mar 21 13:58:27 +0000 2016"}
{"polarity": 0.0, "location": "Phoenix, AZ", "sentiment": "neutral", "time": "Mon Mar 21 13:58:41 +0000 2016"}
{"polarity": 0.0, "location": "New York, NY", "sentiment": "neutral", "time": "Mon Mar 21 13:58:48 +0000 2016"}
{"polarity": -0.125, "location": "Seattle, WA", "sentiment": "negative", "time": "Mon Mar 21 13:58:53 +0000 2016"}
{"polarity": 0.0, "location": "San Diego, CA", "sentiment": "neutral", "time": "Mon Mar 21 13:42:33 +0000 2016"}
{"polarity": 0.17471590909090906, "location": "Boston, MA", "sentiment": "positive", "time": "Mon Mar 21 13:42:35 +0000 2016"}
{"polarity": 0.0, "location": "Seattle, WA", "sentiment": "neutral", "time": "Mon Mar 21 13:42:46 +0000 2016"}
{"polarity": -0.2, "location": "Seattle, WA", "sentiment": "negative", "time": "Mon Mar 21 13:42:49 +0000 2016"}
{"polarity": -0.3, "location": "New York, NY", "sentiment": "negative", "time": "Mon Mar 21 13:42:56 +0000 2016"}
{"polarity": 0.0, "location": "Boston, MA", "sentiment": "neutral", "time": "Mon Mar 21 13:42:58 +0000 2016"}
{"polarity": 0.0, "location": "San Diego, CA", "sentiment": "neutral", "time": "Mon Mar 21 13:50:13 +0000 2016"}
{"polarity": 0.0, "location": "Seattle, WA", "sentiment": "neutral", "time": "Mon Mar 21 13:50:19 +0000 2016"}
{"polarity": 0.0, "location": "Seattle, WA", "sentiment": "neutral", "time": "Mon Mar 21 13:50:22 +0000 2016"}
{"polarity": 0.5, "location": "New York, NY", "sentiment": "positive", "time": "Mon Mar 21 13:50:24 +0000 2016"}
{"polarity": 0.0, "location": "New York, NY", "sentiment": "neutral", "time": "Mon Mar 21 13:50:36 +0000 2016"}
{"polarity": 0.0, "location": "Atlanta, GA", "sentiment": "neutral", "time": "Mon Mar 21 13:50:41 +0000 2016"}
{"polarity": 0.8125, "location": "New York, NY", "sentiment": "positive", "time": "Mon Mar 21 13:50:43 +0000 2016"}
{"polarity": 0.0, "location": "New York, NY", "sentiment": "neutral", "time": "Mon Mar 21 13:50:55 +0000 2016"}
{"polarity": 0.0, "location": "St. Louis, MO", "sentiment": "neutral", "time": "Mon Mar 21 13:15:02 +0000 2016"}
{"polarity": 0.0, "location": "Atlanta, GA", "sentiment": "neutral", "time": "Mon Mar 21 13:15:06 +0000 2016"}
{"polarity": 0.0, "location": "Atlanta, GA", "sentiment": "neutral", "time": "Mon Mar 21 13:15:16 +0000 2016"}
{"polarity": 0.0, "location": "Orlando, FL", "sentiment": "neutral", "time": "Mon Mar 21 13:15:25 +0000 2016"}
{"polarity": 0.0, "location": "Atlanta, GA", "sentiment": "neutral", "time": "Mon Mar 21 13:15:41 +0000 2016"}
{"polarity": 0.0, "location": "Orlando, FL", "sentiment": "neutral", "time": "Mon Mar 21 13:15:49 +0000 2016"}
{"polarity": 0.0, "location": "Seattle, WA", "sentiment": "neutral", "time": "Mon Mar 21 13:15:56 +0000 2016"}
{"polarity": 0.5, "location": "Atlanta, GA", "sentiment": "positive", "time": "Mon Mar 21 13:38:01 +0000 2016"}
{"polarity": 0.0, "location": "Phoenix, AZ", "sentiment": "neutral", "time": "Mon Mar 21 13:38:04 +0000 2016"}
{"polarity": 0.0, "location": "Atlanta, GA", "sentiment": "neutral", "time": "Mon Mar 21 13:38:11 +0000 2016"}
{"polarity": 0.1, "location": "New York, NY", "sentiment": "positive", "time": "Mon Mar 21 13:38:18 +0000 2016"}
{"polarity": 0.0, "location": "New York, NY", "sentiment": "neutral", "time": "Mon Mar 21 13:38:30 +0000 2016"}
{"polarity": 0.0, "location": "Atlanta, GA", "sentiment": "neutral", "time": "Mon Mar 21 13:21:04 +0000 2016"}
{"polarity": 0.0, "location": "Atlanta, GA", "sentiment": "neutral", "time": "Mon Mar 21 13:21:21 +0000 2016"}
{"polarity": 0.03333333333333333, "location": "New York, NY", "sentiment": "positive", "time": "Mon Mar 21 13:21:38 +0000 2016"}
{"polarity": 0.0, "location": "San Diego, CA", "sentiment": "neutral", "time": "Mon Mar 21 13:21:42 +0000 2016"}
{"polarity": 0.4666666666666666, "location": "New York, NY", "sentiment": "positive", "time": "Mon Mar 21 13:21:47 +0000 2016"}
{"polarity": 0.26666666666666666, "location": "Boston, MA", "sentiment": "positive", "time": "Mon Mar 21 13:21:48 +0000 2016"}
{"polarity": 0.0, "location": "Atlanta, GA", "sentiment": "neutral", "time": "Mon Mar 21 13:21:56 +0000 2016"}
{"polarity": 0.0, "location": "San Diego, CA", "sentiment": "neutral", "time": "Mon Mar 21 13:17:01 +0000 2016"}
{"polarity": 0.0, "location": "New York, NY", "sentiment": "neutral", "time": "Mon Mar 21 13:17:27 +0000 2016"}
{"polarity": 0.0, "location": "Orlando, FL", "sentiment": "neutral", "time": "Mon Mar 21 13:17:37 +0000 2016"}
{"polarity": -0.55, "location": "New York, NY", "sentiment": "negative", "time": "Mon Mar 21 13:12:22 +0000 2016"}
{"polarity": 0.0, "location": "San Diego, CA", "sentiment": "neutral", "time": "Mon Mar 21 13:12:24 +0000 2016"}
{"polarity": 0.0, "location": "San Diego, CA", "sentiment": "neutral", "time": "Mon Mar 21 13:29:02 +0000 2016"}
{"polarity": 0.0, "location": "Boston, MA", "sentiment": "neutral", "time": "Mon Mar 21 13:29:11 +0000 2016"}
{"polarity": 0.0, "location": "Seattle, WA", "sentiment": "neutral", "time": "Mon Mar 21 13:29:37 +0000 2016"}
{"polarity": 0.0, "location": "Portland, OR", "sentiment": "neutral", "time": "Mon Mar 21 13:29:43 +0000 2016"}
{"polarity": 0.0, "location": "Phoenix, AZ", "sentiment": "neutral", "time": "Mon Mar 21 13:29:48 +0000 2016"}
{"polarity": 0.0, "location": "New York, NY", "sentiment": "neutral", "time": "Mon Mar 21 13:18:11 +0000 2016"}
{"polarity": 0.425, "location": "San Diego, CA", "sentiment": "positive", "time": "Mon Mar 21 13:18:15 +0000 2016"}
{"polarity": 0.0, "location": "Orlando, FL", "sentiment": "neutral", "time": "Mon Mar 21 13:18:19 +0000 2016"}
{"polarity": 0.0, "location": "Atlanta, GA", "sentiment": "neutral", "time": "Mon Mar 21 13:18:29 +0000 2016"}
{"polarity": -0.15555555555555559, "location": "New York, NY", "sentiment": "negative", "time": "Mon Mar 21 13:18:40 +0000 2016"}
{"polarity": 0.06818181818181818, "location": "New York, NY", "sentiment": "positive", "time": "Mon Mar 21 13:18:46 +0000 2016"}
{"polarity": 0.3181818181818182, "location": "Atlanta, GA", "sentiment": "positive", "time": "Mon Mar 21 13:18:49 +0000 2016"}
{"polarity": 0.0, "location": "San Diego, CA", "sentiment": "neutral", "time": "Mon Mar 21 13:18:53 +0000 2016"}
{"polarity": 0.4, "location": "Atlanta, GA", "sentiment": "positive", "time": "Mon Mar 21 13:46:00 +0000 2016"}
{"polarity": 0.0, "location": "Phoenix, AZ", "sentiment": "neutral", "time": "Mon Mar 21 13:46:01 +0000 2016"}
{"polarity": 0.0, "location": "Atlanta, GA", "sentiment": "neutral", "time": "Mon Mar 21 13:46:05 +0000 2016"}
{"polarity": -0.4, "location": "Boston, MA", "sentiment": "negative", "time": "Mon Mar 21 13:46:14 +0000 2016"}
{"polarity": -0.4166666666666667, "location": "San Diego, CA", "sentiment": "negative", "time": "Mon Mar 21 13:46:41 +0000 2016"}
{"polarity": 0.06818181818181818, "location": "Boston, MA", "sentiment": "positive", "time": "Mon Mar 21 13:46:44 +0000 2016"}
{"polarity": 0.0, "location": "Atlanta, GA", "sentiment": "neutral", "time": "Mon Mar 21 13:00:21 +0000 2016"}
{"polarity": -0.10000000000000002, "location": "Boston, MA", "sentiment": "negative", "time": "Mon Mar 21 13:00:31 +0000 2016"}
{"polarity": 0.0, "location": "Portland, OR", "sentiment": "neutral", "time": "Mon Mar 21 13:00:32 +0000 2016"}
{"polarity": 0.225, "location": "New York, NY", "sentiment": "positive", "time": "Mon Mar 21 13:00:42 +0000 2016"}
{"polarity": 0.375, "location": "Atlanta, GA", "sentiment": "positive", "time": "Mon Mar 21 13:00:59 +0000 2016"}
{"polarity": 0.0, "location": "New York, NY", "sentiment": "neutral", "time": "Mon Mar 21 13:34:03 +0000 2016"}
{"polarity": 0.1, "location": "Atlanta, GA", "sentiment": "positive", "time": "Mon Mar 21 13:34:09 +0000 2016"}
{"polarity": 0.04015151515151514, "location": "Atlanta, GA", "sentiment": "positive", "time": "Mon Mar 21 13:34:11 +0000 2016"}
{"polarity": 0.04999999999999999, "location": "Orlando, FL", "sentiment": "positive", "time": "Mon Mar 21 13:34:24 +0000 2016"}
{"polarity": 0.9, "location": "Orlando, FL", "sentiment": "positive", "time": "Mon Mar 21 13:34:26 +0000 2016"}
{"polarity": 0.0, "location": "New York, NY", "sentiment": "neutral", "time": "Mon Mar 21 13:34:31 +0000 2016"}
{"polarity": 0.0, "location": "San Diego, CA", "sentiment": "neutral", "time": "Mon Mar 21 13:34:36 +0000 2016"}
{"polarity": 0.2, "location": "New York, NY", "sentiment": "positive", "time": "Mon Mar 21 13:34:37 +0000 2016"}
{"polarity": -0.6, "location": "New York, NY", "sentiment": "negative", "time": "Mon Mar 21 13:34:40 +0000 2016"}
{"polarity": 0.0, "location": "New York, NY", "sentiment": "neutral", "time": "Mon Mar 21 13:34:45 +0000 2016"}
{"polarity": 0.0, "location": "Atlanta, GA", "sentiment": "neutral", "time": "Mon Mar 21 13:34:48 +0000 2016"}
{"polarity": 0.7, "location": "Atlanta, GA", "sentiment": "positive", "time": "Mon Mar 21 13:34:49 +0000 2016"}
{"polarity": -0.5, "location": "New York, NY", "sentiment": "negative", "time": "Mon Mar 21 13:34:51 +0000 2016"}
{"polarity": 0.5, "location": "New York, NY", "sentiment": "positive", "time": "Mon Mar 21 13:34:56 +0000 2016"}
{"polarity": 0.5, "location": "Boston, MA", "sentiment": "positive", "time": "Mon Mar 21 13:05:15 +0000 2016"}
{"polarity": 0.15625, "location": "New York, NY", "sentiment": "positive", "time": "Mon Mar 21 13:05:33 +0000 2016"}
{"polarity": 0.0, "location": "Atlanta, GA", "sentiment": "neutral", "time": "Mon Mar 21 13:05:43 +0000 2016"}
{"polarity": 0.06666666666666665, "location": "Atlanta, GA", "sentiment": "positive", "time": "Mon Mar 21 13:05:52 +0000 2016"}
{"polarity": 0.0, "location": "Orlando, FL", "sentiment": "neutral", "time": "Mon Mar 21 13:05:55 +0000 2016"}
{"polarity": 0.0, "location": "Boston, MA", "sentiment": "neutral", "time": "Mon Mar 21 13:11:04 +0000 2016"}
{"polarity": 0.0, "location": "New York, NY", "sentiment": "neutral", "time": "Mon Mar 21 13:11:04 +0000 2016"}
{"polarity": -0.3, "location": "St. Louis, MO", "sentiment": "negative", "time": "Mon Mar 21 13:11:14 +0000 2016"}
{"polarity": 0.3125, "location": "Seattle, WA", "sentiment": "positive", "time": "Mon Mar 21 13:11:16 +0000 2016"}
{"polarity": 0.0, "location": "Atlanta, GA", "sentiment": "neutral", "time": "Mon Mar 21 13:11:27 +0000 2016"}
{"polarity": 0.5, "location": "Seattle, WA", "sentiment": "positive", "time": "Mon Mar 21 13:11:39 +0000 2016"}
{"polarity": 0.0, "location": "Atlanta, GA", "sentiment": "neutral", "time": "Mon Mar 21 13:11:41 +0000 2016"}
{"polarity": 0.0, "location": "New York, NY", "sentiment": "neutral", "time": "Mon Mar 21 13:11:46 +0000 2016"}
{"polarity": 0.0, "location": "New York, NY", "sentiment": "neutral", "time": "Mon Mar 21 13:56:13 +0000 2016"}
{"polarity": 0.0, "location": "Phoenix, AZ", "sentiment": "neutral", "time": "Mon Mar 21 13:56:16 +0000 2016"}
{"polarity": 0.13636363636363635, "location": "Atlanta, GA", "sentiment": "positive", "time": "Mon Mar 21 13:56:21 +0000 2016"}
{"polarity": 0.0, "location": "Boston, MA", "sentiment": "neutral", "time": "Mon Mar 21 13:56:27 +0000 2016"}
{"polarity": 0.0, "location": "Boston, MA", "sentiment": "neutral", "time": "Mon Mar 21 13:56:47 +0000 2016"}
{"polarity": 0.8, "location": "Phoenix, AZ", "sentiment": "positive", "time": "Mon Mar 21 13:56:51 +0000 2016"}
{"polarity": 0.0, "location": "New York, NY", "sentiment": "neutral", "time": "Mon Mar 21 13:56:54 +0000 2016"}
{"polarity": 0.0, "location": "New York, NY", "sentiment": "neutral", "time": "Mon Mar 21 13:47:09 +0000 2016"}
{"polarity": 0.3, "location": "Seattle, WA", "sentiment": "positive", "time": "Mon Mar 21 13:47:09 +0000 2016"}
{"polarity": 0.0, "location": "New York, NY", "sentiment": "neutral", "time": "Mon Mar 21 13:47:14 +0000 2016"}
{"polarity": 0.0, "location": "Boston, MA", "sentiment": "neutral", "time": "Mon Mar 21 13:47:15 +0000 2016"}
{"polarity": 0.0, "location": "Phoenix, AZ", "sentiment": "neutral", "time": "Mon Mar 21 13:47:24 +0000 2016"}
{"polarity": 0.5, "location": "Portland, OR", "sentiment": "positive", "time": "Mon Mar 21 13:47:27 +0000 2016"}
{"polarity": 0.05, "location": "Boston, MA", "sentiment": "positive", "time": "Mon Mar 21 13:47:43 +0000 2016"}
{"polarity": -0.4, "location": "Atlanta, GA", "sentiment": "negative", "time": "Mon Mar 21 13:47:46 +0000 2016"}
{"polarity": 1.0, "location": "Boston, MA", "sentiment": "positive", "time": "Mon Mar 21 13:47:49 +0000 2016"}
{"polarity": 0.0, "location": "St. Louis, MO", "sentiment": "neutral", "time": "Mon Mar 21 13:47:54 +0000 2016"}
{"polarity": 0.0, "location": "New York, NY", "sentiment": "neutral", "time": "Mon Mar 21 13:47:58 +0000 2016"}
{"polarity": 0.0, "location": "New York, NY", "sentiment": "neutral", "time": "Mon Mar 21 13:47:59 +0000 2016"}
{"polarity": 0.0, "location": "Atlanta, GA", "sentiment": "neutral", "time": "Mon Mar 21 13:52:03 +0000 2016"}
{"polarity": 0.0, "location": "San Diego, CA", "sentiment": "neutral", "time": "Mon Mar 21 13:52:16 +0000 2016"}
{"polarity": 0.13636363636363635, "location": "New York, NY", "sentiment": "positive", "time": "Mon Mar 21 13:52:16 +0000 2016"}
{"polarity": 0.0, "location": "San Diego, CA", "sentiment": "neutral", "time": "Mon Mar 21 13:52:27 +0000 2016"}
{"polarity": 0.0, "location": "Phoenix, AZ", "sentiment": "neutral", "time": "Mon Mar 21 13:52:27 +0000 2016"}
{"polarity": 0.0, "location": "Boston, MA", "sentiment": "neutral", "time": "Mon Mar 21 13:52:37 +0000 2016"}
{"polarity": 0.5, "location": "Atlanta, GA", "sentiment": "positive", "time": "Mon Mar 21 13:52:38 +0000 2016"}
{"polarity": 0.16, "location": "Boston, MA", "sentiment": "positive", "time": "Mon Mar 21 13:52:39 +0000 2016"}
{"polarity": 0.0, "location": "Seattle, WA", "sentiment": "neutral", "time": "Mon Mar 21 13:52:43 +0000 2016"}
{"polarity": 0.1, "location": "Orlando, FL", "sentiment": "positive", "time": "Mon Mar 21 13:52:45 +0000 2016"}
{"polarity": 0.13636363636363635, "location": "Boston, MA", "sentiment": "positive", "time": "Mon Mar 21 13:52:47 +0000 2016"}
{"polarity": 0.1875, "location": "Orlando, FL", "sentiment": "positive", "time": "Mon Mar 21 13:52:53 +0000 2016"}
{"polarity": 0.05499999999999999, "location": "Atlanta, GA", "sentiment": "positive", "time": "Mon Mar 21 13:52:57 +0000 2016"}
{"polarity": 0.0965909090909091, "location": "Atlanta, GA", "sentiment": "positive", "time": "Mon Mar 21 13:53:00 +0000 2016"}
{"polarity": -0.8, "location": "New York, NY", "sentiment": "negative", "time": "Mon Mar 21 13:53:16 +0000 2016"}
{"polarity": 0.0, "location": "Orlando, FL", "sentiment": "neutral", "time": "Mon Mar 21 13:53:19 +0000 2016"}
{"polarity": 0.0, "location": "Seattle, WA", "sentiment": "neutral", "time": "Mon Mar 21 13:53:23 +0000 2016"}
{"polarity": 0.2583333333333333, "location": "Orlando, FL", "sentiment": "positive", "time": "Mon Mar 21 13:53:38 +0000 2016"}
{"polarity": -0.09375, "location": "New York, NY", "sentiment": "negative", "time": "Mon Mar 21 13:53:43 +0000 2016"}
{"polarity": -0.04999999999999999, "location": "Boston, MA", "sentiment": "negative", "time": "Mon Mar 21 13:53:51 +0000 2016"}
{"polarity": 0.0, "location": "Atlanta, GA", "sentiment": "neutral", "time": "Mon Mar 21 13:02:01 +0000 2016"}
{"polarity": 0.6, "location": "Atlanta, GA", "sentiment": "positive", "time": "Mon Mar 21 13:02:02 +0000 2016"}
{"polarity": 0.0, "location": "Orlando, FL", "sentiment": "neutral", "time": "Mon Mar 21 13:02:13 +0000 2016"}
{"polarity": 0.55, "location": "Seattle, WA", "sentiment": "positive", "time": "Mon Mar 21 13:02:45 +0000 2016"}
{"polarity": 0.25, "location": "Seattle, WA", "sentiment": "positive", "time": "Mon Mar 21 13:02:49 +0000 2016"}
{"polarity": 0.0, "location": "Seattle, WA", "sentiment": "neutral", "time": "Mon Mar 21 13:48:27 +0000 2016"}
{"polarity": 0.0, "location": "Orlando, FL", "sentiment": "neutral", "time": "Mon Mar 21 13:48:31 +0000 2016"}
{"polarity": 0.875, "location": "Orlando, FL", "sentiment": "positive", "time": "Mon Mar 21 13:48:31 +0000 2016"}
{"polarity": 0.0625, "location": "Atlanta, GA", "sentiment": "positive", "time": "Mon Mar 21 13:48:34 +0000 2016"}
{"polarity": -0.6, "location": "New York, NY", "sentiment": "negative", "time": "Mon Mar 21 13:48:47 +0000 2016"}
{"polarity": 0.0, "location": "New York, NY", "sentiment": "neutral", "time": "Mon Mar 21 13:48:48 +0000 2016"}
{"polarity": 0.0, "location": "Phoenix, AZ", "sentiment": "neutral", "time": "Mon Mar 21 13:48:57 +0000 2016"}
{"polarity": -0.125, "location": "New York, NY", "sentiment": "negative", "time": "Mon Mar 21 13:25:02 +0000 2016"}
{"polarity": 0.2, "location": "Seattle, WA", "sentiment": "positive", "time": "Mon Mar 21 13:25:06 +0000 2016"}
{"polarity": 0.1, "location": "New York, NY", "sentiment": "positive", "time": "Mon Mar 21 13:25:16 +0000 2016"}
{"polarity": 0.0, "location": "Atlanta, GA", "sentiment": "neutral", "time": "Mon Mar 21 13:25:22 +0000 2016"}
{"polarity": -0.16666666666666666, "location": "San Diego, CA", "sentiment": "negative", "time": "Mon Mar 21 13:25:23 +0000 2016"}
{"polarity": -0.6, "location": "New York, NY", "sentiment": "negative", "time": "Mon Mar 21 13:25:35 +0000 2016"}
{"polarity": 0.5, "location": "Seattle, WA", "sentiment": "positive", "time": "Mon Mar 21 13:16:01 +0000 2016"}
{"polarity": 0.0, "location": "New York, NY", "sentiment": "neutral", "time": "Mon Mar 21 13:16:01 +0000 2016"}
{"polarity": 0.14285714285714285, "location": "New York, NY", "sentiment": "positive", "time": "Mon Mar 21 13:16:05 +0000 2016"}
{"polarity": 0.0, "location": "Seattle, WA", "sentiment": "neutral", "time": "Mon Mar 21 13:16:10 +0000 2016"}
{"polarity": 0.0, "location": "Orlando, FL", "sentiment": "neutral", "time": "Mon Mar 21 13:16:13 +0000 2016"}
{"polarity": -0.078125, "location": "Boston, MA", "sentiment": "negative", "time": "Mon Mar 21 13:16:16 +0000 2016"}
{"polarity": 0.5, "location": "Phoenix, AZ", "sentiment": "positive", "time": "Mon Mar 21 13:16:39 +0000 2016"}
{"polarity": 0.0, "location": "New York, NY", "sentiment": "neutral", "time": "Mon Mar 21 13:16:39 +0000 2016"}
{"polarity": 0.0, "location": "Orlando, FL", "sentiment": "neutral", "time": "Mon Mar 21 13:16:39 +0000 2016"}
{"polarity": -0.1, "location": "New York, NY", "sentiment": "negative", "time": "Mon Mar 21 13:16:43 +0000 2016"}
{"polarity": 0.5, "location": "Boston, MA", "sentiment": "positive", "time": "Mon Mar 21 13:16:47 +0000 2016"}
{"polarity": 0.0, "location": "Portland, OR", "sentiment": "neutral", "time": "Mon Mar 21 13:16:58 +0000 2016"}
{"polarity": 0.0, "location": "Boston, MA", "sentiment": "neutral", "time": "Mon Mar 21 13:14:08 +0000 2016"}
{"polarity": 0.7500000000000001, "location": "New York, NY", "sentiment": "positive", "time": "Mon Mar 21 13:14:09 +0000 2016"}
{"polarity": 0.0, "location": "New York, NY", "sentiment": "neutral", "time": "Mon Mar 21 13:14:16 +0000 2016"}
{"polarity": 0.0, "location": "Orlando, FL", "sentiment": "neutral", "time": "Mon Mar 21 13:14:28 +0000 2016"}
{"polarity": 0.25, "location": "Phoenix, AZ", "sentiment": "positive", "time": "Mon Mar 21 13:14:30 +0000 2016"}
{"polarity": -0.05, "location": "New York, NY", "sentiment": "negative", "time": "Mon Mar 21 13:14:43 +0000 2016"}
{"polarity": 0.5, "location": "Boston, MA", "sentiment": "positive", "time": "Mon Mar 21 13:14:51 +0000 2016"}
{"polarity": -0.2, "location": "Phoenix, AZ", "sentiment": "negative", "time": "Mon Mar 21 13:23:08 +0000 2016"}
{"polarity": 0.0, "location": "Boston, MA", "sentiment": "neutral", "time": "Mon Mar 21 13:23:11 +0000 2016"}
{"polarity": 0.1, "location": "New York, NY", "sentiment": "positive", "time": "Mon Mar 21 13:23:20 +0000 2016"}
{"polarity": 0.11785714285714283, "location": "Atlanta, GA", "sentiment": "positive", "time": "Mon Mar 21 13:23:24 +0000 2016"}
{"polarity": 0.05833333333333335, "location": "Boston, MA", "sentiment": "positive", "time": "Mon Mar 21 13:23:27 +0000 2016"}
{"polarity": 0.13636363636363635, "location": "San Diego, CA", "sentiment": "positive", "time": "Mon Mar 21 13:23:43 +0000 2016"}
{"polarity": 0.0, "location": "New York, NY", "sentiment": "neutral", "time": "Mon Mar 21 13:23:46 +0000 2016"}
{"polarity": 0.0, "location": "Seattle, WA", "sentiment": "neutral", "time": "Mon Mar 21 13:07:05 +0000 2016"}
{"polarity": 0.0, "location": "Atlanta, GA", "sentiment": "neutral", "time": "Mon Mar 21 13:07:23 +0000 2016"}
{"polarity": 0.0, "location": "Portland, OR", "sentiment": "neutral", "time": "Mon Mar 21 13:07:30 +0000 2016"}
{"polarity": 0.0, "location": "Boston, MA", "sentiment": "neutral", "time": "Mon Mar 21 13:51:03 +0000 2016"}
{"polarity": 0.35, "location": "Atlanta, GA", "sentiment": "positive", "time": "Mon Mar 21 13:51:04 +0000 2016"}
{"polarity": 0.0, "location": "Atlanta, GA", "sentiment": "neutral", "time": "Mon Mar 21 13:51:07 +0000 2016"}
{"polarity": -0.75, "location": "Atlanta, GA", "sentiment": "negative", "time": "Mon Mar 21 13:51:07 +0000 2016"}
{"polarity": 0.0, "location": "New York, NY", "sentiment": "neutral", "time": "Mon Mar 21 13:51:30 +0000 2016"}
{"polarity": 1.0, "location": "Orlando, FL", "sentiment": "positive", "time": "Mon Mar 21 13:51:33 +0000 2016"}
{"polarity": 0.0, "location": "Orlando, FL", "sentiment": "neutral", "time": "Mon Mar 21 13:51:34 +0000 2016"}
{"polarity": 0.0, "location": "Phoenix, AZ", "sentiment": "neutral", "time": "Mon Mar 21 13:51:34 +0000 2016"}
{"polarity": 0.0, "location": "Boston, MA", "sentiment": "neutral", "time": "Mon Mar 21 13:51:41 +0000 2016"}
{"polarity": 0.0, "location": "Phoenix, AZ", "sentiment": "neutral", "time": "Mon Mar 21 13:51:42 +0000 2016"}
{"polarity": 0.0, "location": "Boston, MA", "sentiment": "neutral", "time": "Mon Mar 21 13:51:43 +0000 2016"}
{"polarity": 0.13636363636363635, "location": "Boston, MA", "sentiment": "positive", "time": "Mon Mar 21 13:51:59 +0000 2016"}
{"polarity": 0.5, "location": "New York, NY", "sentiment": "positive", "time": "Mon Mar 21 13:30:04 +0000 2016"}
{"polarity": 0.0, "location": "Phoenix, AZ", "sentiment": "neutral", "time": "Mon Mar 21 13:30:05 +0000 2016"}
{"polarity": -0.25, "location": "New York, NY", "sentiment": "negative", "time": "Mon Mar 21 13:30:17 +0000 2016"}
{"polarity": 0.018181818181818174, "location": "New York, NY", "sentiment": "positive", "time": "Mon Mar 21 13:30:18 +0000 2016"}
{"polarity": 0.0, "location": "San Diego, CA", "sentiment": "neutral", "time": "Mon Mar 21 13:30:20 +0000 2016"}
{"polarity": -0.1, "location": "Boston, MA", "sentiment": "negative", "time": "Mon Mar 21 13:30:43 +0000 2016"}
{"polarity": 0.1, "location": "Atlanta, GA", "sentiment": "positive", "time": "Mon Mar 21 13:30:46 +0000 2016"}
{"polarity": 0.0, "location": "Phoenix, AZ", "sentiment": "neutral", "time": "Mon Mar 21 13:30:57 +0000 2016"}
{"polarity": 0.5666666666666668, "location": "New York, NY", "sentiment": "positive", "time": "Mon Mar 21 13:30:57 +0000 2016"}
{"polarity": 0.06818181818181818, "location": "Atlanta, GA", "sentiment": "positive", "time": "Mon Mar 21 13:30:59 +0000 2016"}
{"polarity": -0.3, "location": "New York, NY", "sentiment": "negative", "time": "Mon Mar 21 13:30:37 +0000 2016"}
{"polarity": 0.0, "location": "New York, NY", "sentiment": "neutral", "time": "Mon Mar 21 13:03:12 +0000 2016"}
{"polarity": 0.75, "location": "Boston, MA", "sentiment": "positive", "time": "Mon Mar 21 13:03:17 +0000 2016"}
{"polarity": 0.0, "location": "Seattle, WA", "sentiment": "neutral", "time": "Mon Mar 21 13:03:17 +0000 2016"}
{"polarity": 0.0, "location": "New York, NY", "sentiment": "neutral", "time": "Mon Mar 21 13:03:20 +0000 2016"}
{"polarity": 0.0, "location": "Atlanta, GA", "sentiment": "neutral", "time": "Mon Mar 21 13:03:24 +0000 2016"}
{"polarity": 0.0, "location": "New York, NY", "sentiment": "neutral", "time": "Mon Mar 21 13:03:29 +0000 2016"}
{"polarity": 0.0972222222222222, "location": "Seattle, WA", "sentiment": "positive", "time": "Mon Mar 21 13:03:34 +0000 2016"}
{"polarity": -0.10416666666666666, "location": "Phoenix, AZ", "sentiment": "negative", "time": "Mon Mar 21 13:40:03 +0000 2016"}
{"polarity": 0.0, "location": "New York, NY", "sentiment": "neutral", "time": "Mon Mar 21 13:40:03 +0000 2016"}
{"polarity": 0.0, "location": "Atlanta, GA", "sentiment": "neutral", "time": "Mon Mar 21 13:40:07 +0000 2016"}
{"polarity": 0.13636363636363635, "location": "Atlanta, GA", "sentiment": "positive", "time": "Mon Mar 21 13:40:07 +0000 2016"}
{"polarity": -0.4, "location": "San Diego, CA", "sentiment": "negative", "time": "Mon Mar 21 13:40:09 +0000 2016"}
{"polarity": 0.325, "location": "Atlanta, GA", "sentiment": "positive", "time": "Mon Mar 21 13:40:11 +0000 2016"}
{"polarity": 0.0, "location": "Boston, MA", "sentiment": "neutral", "time": "Mon Mar 21 13:40:13 +0000 2016"}
{"polarity": -0.3333333333333333, "location": "Atlanta, GA", "sentiment": "negative", "time": "Mon Mar 21 13:40:16 +0000 2016"}
{"polarity": 0.0, "location": "New York, NY", "sentiment": "neutral", "time": "Mon Mar 21 13:40:16 +0000 2016"}
{"polarity": 0.0, "location": "New York, NY", "sentiment": "neutral", "time": "Mon Mar 21 13:40:26 +0000 2016"}
{"polarity": 0.0, "location": "Seattle, WA", "sentiment": "neutral", "time": "Mon Mar 21 13:08:02 +0000 2016"}
{"polarity": 0.0, "location": "Boston, MA", "sentiment": "neutral", "time": "Mon Mar 21 13:08:12 +0000 2016"}
{"polarity": -0.15625, "location": "Seattle, WA", "sentiment": "negative", "time": "Mon Mar 21 13:08:19 +0000 2016"}
{"polarity": 0.0, "location": "Portland, OR", "sentiment": "neutral", "time": "Mon Mar 21 13:08:31 +0000 2016"}
{"polarity": 0.06818181818181818, "location": "New York, NY", "sentiment": "positive", "time": "Mon Mar 21 13:08:32 +0000 2016"}
{"polarity": 0.0, "location": "Orlando, FL", "sentiment": "neutral", "time": "Mon Mar 21 13:35:02 +0000 2016"}
{"polarity": -0.2, "location": "Atlanta, GA", "sentiment": "negative", "time": "Mon Mar 21 13:35:02 +0000 2016"}
{"polarity": 0.0, "location": "Boston, MA", "sentiment": "neutral", "time": "Mon Mar 21 13:35:04 +0000 2016"}
{"polarity": 0.0, "location": "Atlanta, GA", "sentiment": "neutral", "time": "Mon Mar 21 13:35:05 +0000 2016"}
{"polarity": 0.0, "location": "San Diego, CA", "sentiment": "neutral", "time": "Mon Mar 21 13:35:39 +0000 2016"}
{"polarity": 0.0, "location": "San Diego, CA", "sentiment": "neutral", "time": "Mon Mar 21 13:35:40 +0000 2016"}
{"polarity": 0.0, "location": "Orlando, FL", "sentiment": "neutral", "time": "Mon Mar 21 13:35:44 +0000 2016"}
{"polarity": 0.43333333333333335, "location": "Atlanta, GA", "sentiment": "positive", "time": "Mon Mar 21 13:35:44 +0000 2016"}
{"polarity": 0.0, "location": "New York, NY", "sentiment": "neutral", "time": "Mon Mar 21 13:35:51 +0000 2016"}
{"polarity": 0.0, "location": "Boston, MA", "sentiment": "neutral", "time": "Mon Mar 21 13:43:04 +0000 2016"}
{"polarity": 0.0, "location": "Atlanta, GA", "sentiment": "neutral", "time": "Mon Mar 21 13:43:19 +0000 2016"}
{"polarity": 0.0, "location": "Seattle, WA", "sentiment": "neutral", "time": "Mon Mar 21 13:43:20 +0000 2016"}
{"polarity": -0.10476190476190478, "location": "Boston, MA", "sentiment": "negative", "time": "Mon Mar 21 13:43:22 +0000 2016"}
{"polarity": 0.0, "location": "Orlando, FL", "sentiment": "neutral", "time": "Mon Mar 21 13:43:22 +0000 2016"}
{"polarity": 0.0, "location": "Orlando, FL", "sentiment": "neutral", "time": "Mon Mar 21 13:43:29 +0000 2016"}
{"polarity": 0.0, "location": "New York, NY", "sentiment": "neutral", "time": "Mon Mar 21 13:43:39 +0000 2016"}
{"polarity": -0.03555555555555554, "location": "New York, NY", "sentiment": "negative", "time": "Mon Mar 21 13:43:39 +0000 2016"}
{"polarity": 0.625, "location": "Boston, MA", "sentiment": "positive", "time": "Mon Mar 21 13:43:49 +0000 2016"}
{"polarity": 0.0, "location": "Boston, MA", "sentiment": "neutral", "time": "Mon Mar 21 13:43:54 +0000 2016"}
{"polarity": 0.35000000000000003, "location": "New York, NY", "sentiment": "positive", "time": "Mon Mar 21 13:43:58 +0000 2016"}
{"polarity": 0.0, "location": "Portland, OR", "sentiment": "neutral", "time": "Mon Mar 21 13:10:03 +0000 2016"}
{"polarity": 0.1787878787878788, "location": "New York, NY", "sentiment": "positive", "time": "Mon Mar 21 13:10:13 +0000 2016"}
{"polarity": 0.0, "location": "Boston, MA", "sentiment": "neutral", "time": "Mon Mar 21 13:10:22 +0000 2016"}
{"polarity": -0.78125, "location": "Orlando, FL", "sentiment": "negative", "time": "Mon Mar 21 13:10:58 +0000 2016"}
{"polarity": 0.0, "location": "St. Louis, MO", "sentiment": "neutral", "time": "Mon Mar 21 13:54:00 +0000 2016"}
{"polarity": 0.0, "location": "Portland, OR", "sentiment": "neutral", "time": "Mon Mar 21 13:54:03 +0000 2016"}
{"polarity": 0.05, "location": "Orlando, FL", "sentiment": "positive", "time": "Mon Mar 21 13:54:13 +0000 2016"}
{"polarity": -0.30000000000000004, "location": "Atlanta, GA", "sentiment": "negative", "time": "Mon Mar 21 13:54:16 +0000 2016"}
{"polarity": 0.2857142857142857, "location": "Boston, MA", "sentiment": "positive", "time": "Mon Mar 21 13:54:38 +0000 2016"}
{"polarity": 0.125, "location": "Boston, MA", "sentiment": "positive", "time": "Mon Mar 21 13:54:41 +0000 2016"}
{"polarity": 0.0, "location": "Orlando, FL", "sentiment": "neutral", "time": "Mon Mar 21 13:54:50 +0000 2016"}
{"polarity": 0.0, "location": "New York, NY", "sentiment": "neutral", "time": "Mon Mar 21 13:54:51 +0000 2016"}
{"polarity": 0.55, "location": "New York, NY", "sentiment": "positive", "time": "Mon Mar 21 13:24:15 +0000 2016"}
{"polarity": -0.016666666666666663, "location": "Atlanta, GA", "sentiment": "negative", "time": "Mon Mar 21 13:32:06 +0000 2016"}
{"polarity": 0.0, "location": "New York, NY", "sentiment": "neutral", "time": "Mon Mar 21 13:32:08 +0000 2016"}
{"polarity": 0.16666666666666669, "location": "Boston, MA", "sentiment": "positive", "time": "Mon Mar 21 13:32:14 +0000 2016"}
{"polarity": 0.45, "location": "Atlanta, GA", "sentiment": "positive", "time": "Mon Mar 21 13:32:31 +0000 2016"}
{"polarity": 0.0, "location": "Orlando, FL", "sentiment": "neutral", "time": "Mon Mar 21 13:32:37 +0000 2016"}
{"polarity": 0.0, "location": "Seattle, WA", "sentiment": "neutral", "time": "Mon Mar 21 13:32:41 +0000 2016"}
{"polarity": -0.8749999999999998, "location": "New York, NY", "sentiment": "negative", "time": "Mon Mar 21 13:32:52 +0000 2016"}
{"polarity": 0.0, "location": "Boston, MA", "sentiment": "neutral", "time": "Mon Mar 21 13:32:58 +0000 2016"}
{"polarity": 0.5, "location": "New York, NY", "sentiment": "positive", "time": "Mon Mar 21 13:36:02 +0000 2016"}
{"polarity": 0.0, "location": "San Diego, CA", "sentiment": "neutral", "time": "Mon Mar 21 13:36:09 +0000 2016"}
{"polarity": 0.61875, "location": "Boston, MA", "sentiment": "positive", "time": "Mon Mar 21 13:36:12 +0000 2016"}
{"polarity": 0.0, "location": "Orlando, FL", "sentiment": "neutral", "time": "Mon Mar 21 13:36:29 +0000 2016"}
{"polarity": 0.3, "location": "Atlanta, GA", "sentiment": "positive", "time": "Mon Mar 21 13:36:45 +0000 2016"}
{"polarity": 0.0, "location": "Atlanta, GA", "sentiment": "neutral", "time": "Mon Mar 21 13:36:50 +0000 2016"}
{"polarity": -0.25, "location": "New York, NY", "sentiment": "negative", "time": "Mon Mar 21 13:36:59 +0000 2016"}
{"polarity": 0.0, "location": "San Diego, CA", "sentiment": "neutral", "time": "Mon Mar 21 13:01:08 +0000 2016"}
{"polarity": 0.0, "location": "Boston, MA", "sentiment": "neutral", "time": "Mon Mar 21 13:01:11 +0000 2016"}
{"polarity": 0.0, "location": "New York, NY", "sentiment": "neutral", "time": "Mon Mar 21 13:01:16 +0000 2016"}
{"polarity": -0.15, "location": "San Diego, CA", "sentiment": "negative", "time": "Mon Mar 21 13:01:25 +0000 2016"}
{"polarity": 0.4666666666666666, "location": "Phoenix, AZ", "sentiment": "positive", "time": "Mon Mar 21 13:01:26 +0000 2016"}
{"polarity": 0.0, "location": "Boston, MA", "sentiment": "neutral", "time": "Mon Mar 21 13:01:26 +0000 2016"}
{"polarity": 0.6, "location": "Boston, MA", "sentiment": "positive", "time": "Mon Mar 21 13:01:26 +0000 2016"}
{"polarity": 0.13636363636363635, "location": "Boston, MA", "sentiment": "positive", "time": "Mon Mar 21 13:01:30 +0000 2016"}
{"polarity": 0.375, "location": "Boston, MA", "sentiment": "positive", "time": "Mon Mar 21 13:01:35 +0000 2016"}
{"polarity": 0.06666666666666665, "location": "San Diego, CA", "sentiment": "positive", "time": "Mon Mar 21 13:01:37 +0000 2016"}
{"polarity": 0.0, "location": "Atlanta, GA", "sentiment": "neutral", "time": "Mon Mar 21 13:01:38 +0000 2016"}
{"polarity": 0.7, "location": "Orlando, FL", "sentiment": "positive", "time": "Mon Mar 21 13:55:08 +0000 2016"}
{"polarity": 0.9, "location": "Boston, MA", "sentiment": "positive", "time": "Mon Mar 21 13:55:08 +0000 2016"}
{"polarity": 0.0, "location": "Phoenix, AZ", "sentiment": "neutral", "time": "Mon Mar 21 13:55:18 +0000 2016"}
{"polarity": 0.0, "location": "Boston, MA", "sentiment": "neutral", "time": "Mon Mar 21 13:55:40 +0000 2016"}
{"polarity": 0.0, "location": "Atlanta, GA", "sentiment": "neutral", "time": "Mon Mar 21 13:55:42 +0000 2016"}
{"polarity": 0.4, "location": "New York, NY", "sentiment": "positive", "time": "Mon Mar 21 13:55:48 +0000 2016"}
{"polarity": 0.0, "location": "Atlanta, GA", "sentiment": "neutral", "time": "Mon Mar 21 13:09:16 +0000 2016"}
{"polarity": 0.1, "location": "New York, NY", "sentiment": "positive", "time": "Mon Mar 21 13:09:18 +0000 2016"}
{"polarity": 0.13636363636363635, "location": "New York, NY", "sentiment": "positive", "time": "Mon Mar 21 13:09:54 +0000 2016"}
{"polarity": -0.05, "location": "San Diego, CA", "sentiment": "negative", "time": "Mon Mar 21 13:09:57 +0000 2016"}
{"polarity": 0.12222222222222223, "location": "Boston, MA", "sentiment": "positive", "time": "Mon Mar 21 13:33:01 +0000 2016"}
{"polarity": 0.0, "location": "Atlanta, GA", "sentiment": "neutral", "time": "Mon Mar 21 13:33:01 +0000 2016"}
{"polarity": 0.0, "location": "Atlanta, GA", "sentiment": "neutral", "time": "Mon Mar 21 13:33:16 +0000 2016"}
{"polarity": -0.7142857142857143, "location": "Orlando, FL", "sentiment": "negative", "time": "Mon Mar 21 13:33:32 +0000 2016"}
{"polarity": 0.0, "location": "New York, NY", "sentiment": "neutral", "time": "Mon Mar 21 13:33:33 +0000 2016"}
{"polarity": 0.0, "location": "St. Louis, MO", "sentiment": "neutral", "time": "Mon Mar 21 13:33:38 +0000 2016"}
{"polarity": 0.4, "location": "San Diego, CA", "sentiment": "positive", "time": "Mon Mar 21 13:33:46 +0000 2016"}
{"polarity": 0.0, "location": "San Diego, CA", "sentiment": "neutral", "time": "Mon Mar 21 13:44:06 +0000 2016"}
{"polarity": 0.0, "location": "Boston, MA", "sentiment": "neutral", "time": "Mon Mar 21 13:44:07 +0000 2016"}
{"polarity": 0.29002976190476193, "location": "Atlanta, GA", "sentiment": "positive", "time": "Mon Mar 21 13:44:14 +0000 2016"}
{"polarity": 0.0, "location": "Phoenix, AZ", "sentiment": "neutral", "time": "Mon Mar 21 13:44:20 +0000 2016"}
{"polarity": 0.0, "location": "Atlanta, GA", "sentiment": "neutral", "time": "Mon Mar 21 13:44:38 +0000 2016"}
{"polarity": 0.3, "location": "New York, NY", "sentiment": "positive", "time": "Mon Mar 21 13:44:41 +0000 2016"}
{"polarity": 0.0, "location": "Phoenix, AZ", "sentiment": "neutral", "time": "Mon Mar 21 13:44:48 +0000 2016"}
{"polarity": 0.0, "location": "Orlando, FL", "sentiment": "neutral", "time": "Mon Mar 21 13:44:54 +0000 2016"}
{"polarity": 0.0, "location": "New York, NY", "sentiment": "neutral", "time": "Mon Mar 21 13:28:02 +0000 2016"}
{"polarity": 0.5, "location": "Orlando, FL", "sentiment": "positive", "time": "Mon Mar 21 13:28:09 +0000 2016"}
{"polarity": -0.013333333333333336, "location": "Atlanta, GA", "sentiment": "negative", "time": "Mon Mar 21 13:28:11 +0000 2016"}
{"polarity": 0.0, "location": "Phoenix, AZ", "sentiment": "neutral", "time": "Mon Mar 21 13:28:11 +0000 2016"}
{"polarity": 0.06666666666666667, "location": "Portland, OR", "sentiment": "positive", "time": "Mon Mar 21 13:28:14 +0000 2016"}
{"polarity": 0.1, "location": "Atlanta, GA", "sentiment": "positive", "time": "Mon Mar 21 13:28:15 +0000 2016"}
{"polarity": 0.0, "location": "Boston, MA", "sentiment": "neutral", "time": "Mon Mar 21 13:28:28 +0000 2016"}
{"polarity": 0.0, "location": "Orlando, FL", "sentiment": "neutral", "time": "Mon Mar 21 13:28:38 +0000 2016"}
{"polarity": 0.0, "location": "New York, NY", "sentiment": "neutral", "time": "Mon Mar 21 13:28:39 +0000 2016"}
{"polarity": 0.0, "location": "New York, NY", "sentiment": "neutral", "time": "Mon Mar 21 13:28:41 +0000 2016"}
{"polarity": 0.0, "location": "New York, NY", "sentiment": "neutral", "time": "Mon Mar 21 13:28:54 +0000 2016"}
{"polarity": 0.4666666666666667, "location": "Seattle, WA", "sentiment": "positive", "time": "Mon Mar 21 13:28:55 +0000 2016"}
{"polarity": 0.0, "location": "Boston, MA", "sentiment": "neutral", "time": "Mon Mar 21 13:28:58 +0000 2016"}
{"polarity": 0.0, "location": "New York, NY", "sentiment": "neutral", "time": "Mon Mar 21 13:22:11 +0000 2016"}
{"polarity": -0.03333333333333333, "location": "San Diego, CA", "sentiment": "negative", "time": "Mon Mar 21 13:22:28 +0000 2016"}
{"polarity": 0.35000000000000003, "location": "Phoenix, AZ", "sentiment": "positive", "time": "Mon Mar 21 13:49:03 +0000 2016"}
{"polarity": 1.0, "location": "Boston, MA", "sentiment": "positive", "time": "Mon Mar 21 13:49:07 +0000 2016"}
{"polarity": 0.0, "location": "Atlanta, GA", "sentiment": "neutral", "time": "Mon Mar 21 13:49:07 +0000 2016"}
{"polarity": 0.35, "location": "Atlanta, GA", "sentiment": "positive", "time": "Mon Mar 21 13:49:21 +0000 2016"}
{"polarity": 0.0, "location": "Boston, MA", "sentiment": "neutral", "time": "Mon Mar 21 13:49:33 +0000 2016"}
{"polarity": 0.0, "location": "Boston, MA", "sentiment": "neutral", "time": "Mon Mar 21 13:49:36 +0000 2016"}
{"polarity": 0.0, "location": "Atlanta, GA", "sentiment": "neutral", "time": "Mon Mar 21 13:49:48 +0000 2016"}
{"polarity": -0.15555555555555559, "location": "San Diego, CA", "sentiment": "negative", "time": "Mon Mar 21 13:49:49 +0000 2016"}
{"polarity": 0.0, "location": "New York, NY", "sentiment": "neutral", "time": "Mon Mar 21 13:45:01 +0000 2016"}
{"polarity": 0.3666666666666667, "location": "Atlanta, GA", "sentiment": "positive", "time": "Mon Mar 21 13:45:14 +0000 2016"}
{"polarity": 0.0, "location": "New York, NY", "sentiment": "neutral", "time": "Mon Mar 21 13:45:23 +0000 2016"}
{"polarity": 0.0, "location": "New York, NY", "sentiment": "neutral", "time": "Mon Mar 21 13:45:25 +0000 2016"}
{"polarity": 0.25, "location": "Atlanta, GA", "sentiment": "positive", "time": "Mon Mar 21 13:45:27 +0000 2016"}
{"polarity": 0.6, "location": "Boston, MA", "sentiment": "positive", "time": "Mon Mar 21 13:45:37 +0000 2016"}
{"polarity": 0.0, "location": "Boston, MA", "sentiment": "neutral", "time": "Mon Mar 21 13:45:46 +0000 2016"}
{"polarity": 0.0, "location": "New York, NY", "sentiment": "neutral", "time": "Mon Mar 21 13:45:50 +0000 2016"}
{"polarity": -0.07500000000000001, "location": "New York, NY", "sentiment": "negative", "time": "Mon Mar 21 13:45:51 +0000 2016"}
{"polarity": -0.75, "location": "Kansas City, KS", "sentiment": "negative", "time": "Mon Mar 21 13:06:13 +0000 2016"}
{"polarity": 0.0, "location": "San Diego, CA", "sentiment": "neutral", "time": "Mon Mar 21 13:06:22 +0000 2016"}
{"polarity": 0.0, "location": "New York, NY", "sentiment": "neutral", "time": "Mon Mar 21 13:06:52 +0000 2016"}
