{"polarity": 0.0, "location": "Boston, MA", "sentiment": "neutral", "time": "Tue Mar 22 02:57:05 +0000 2016"}
{"polarity": 0.0, "location": "Atlanta, GA", "sentiment": "neutral", "time": "Tue Mar 22 02:57:09 +0000 2016"}
{"polarity": 0.55, "location": "San Diego, CA", "sentiment": "positive", "time": "Tue Mar 22 02:57:19 +0000 2016"}
{"polarity": 0.0, "location": "Phoenix, AZ", "sentiment": "neutral", "time": "Tue Mar 22 02:57:27 +0000 2016"}
{"polarity": 0.0, "location": "Phoenix, AZ", "sentiment": "neutral", "time": "Tue Mar 22 02:57:36 +0000 2016"}
{"polarity": 0.3181818181818182, "location": "New York, NY", "sentiment": "positive", "time": "Tue Mar 22 02:57:37 +0000 2016"}
{"polarity": 0.0, "location": "New York, NY", "sentiment": "neutral", "time": "Tue Mar 22 02:57:39 +0000 2016"}
{"polarity": 0.0, "location": "Boston, MA", "sentiment": "neutral", "time": "Tue Mar 22 02:57:47 +0000 2016"}
{"polarity": 0.3, "location": "Orlando, FL", "sentiment": "positive", "time": "Tue Mar 22 02:26:02 +0000 2016"}
{"polarity": 0.45, "location": "New York, NY", "sentiment": "positive", "time": "Tue Mar 22 02:26:06 +0000 2016"}
{"polarity": 0.0, "location": "San Diego, CA", "sentiment": "neutral", "time": "Tue Mar 22 02:26:29 +0000 2016"}
{"polarity": 0.0, "location": "Seattle, WA", "sentiment": "neutral", "time": "Tue Mar 22 02:26:39 +0000 2016"}
{"polarity": 0.0, "location": "Boston, MA", "sentiment": "neutral", "time": "Tue Mar 22 02:26:40 +0000 2016"}
{"polarity": 0.5, "location": "Atlanta, GA", "sentiment": "positive", "time": "Tue Mar 22 02:26:43 +0000 2016"}
{"polarity": 0.0, "location": "Atlanta, GA", "sentiment": "neutral", "time": "Tue Mar 22 02:26:44 +0000 2016"}
{"polarity": 0.0, "location": "Seattle, WA", "sentiment": "neutral", "time": "Tue Mar 22 02:26:44 +0000 2016"}
{"polarity": 0.1, "location": "Atlanta, GA", "sentiment": "positive", "time": "Tue Mar 22 02:26:56 +0000 2016"}
{"polarity": -0.4, "location": "Boston, MA", "sentiment": "negative", "time": "Tue Mar 22 02:58:02 +0000 2016"}
{"polarity": 0.0625, "location": "Orlando, FL", "sentiment": "positive", "time": "Tue Mar 22 02:58:04 +0000 2016"}
{"polarity": 0.3, "location": "Portland, OR", "sentiment": "positive", "time": "Tue Mar 22 02:58:09 +0000 2016"}
{"polarity": 0.875, "location": "San Diego, CA", "sentiment": "positive", "time": "Tue Mar 22 02:58:12 +0000 2016"}
{"polarity": 0.0, "location": "San Diego, CA", "sentiment": "neutral", "time": "Tue Mar 22 02:58:17 +0000 2016"}
{"polarity": 0.0, "location": "Atlanta, GA", "sentiment": "neutral", "time": "Tue Mar 22 02:58:17 +0000 2016"}
{"polarity": 0.5, "location": "New York, NY", "sentiment": "positive", "time": "Tue Mar 22 02:58:18 +0000 2016"}
{"polarity": 0.0, "location": "Atlanta, GA", "sentiment": "neutral", "time": "Tue Mar 22 02:58:21 +0000 2016"}
{"polarity": 0.31666666666666665, "location": "Atlanta, GA", "sentiment": "positive", "time": "Tue Mar 22 02:58:25 +0000 2016"}
{"polarity": 0.375, "location": "Seattle, WA", "sentiment": "positive", "time": "Tue Mar 22 02:58:25 +0000 2016"}
{"polarity": 0.3, "location": "Seattle, WA", "sentiment": "positive", "time": "Tue Mar 22 02:58:34 +0000 2016"}
{"polarity": 0.0, "location": "Boston, MA", "sentiment": "neutral", "time": "Tue Mar 22 02:58:34 +0000 2016"}
{"polarity": 0.0, "location": "San Diego, CA", "sentiment": "neutral", "time": "Tue Mar 22 02:58:37 +0000 2016"}
{"polarity": 0.8, "location": "Boston, MA", "sentiment": "positive", "time": "Tue Mar 22 02:58:40 +0000 2016"}
{"polarity": 0.0, "location": "New York, NY", "sentiment": "neutral", "time": "Tue Mar 22 02:58:51 +0000 2016"}
{"polarity": 0.13636363636363635, "location": "New York, NY", "sentiment": "positive", "time": "Tue Mar 22 02:42:01 +0000 2016"}
{"polarity": 0.7, "location": "Boston, MA", "sentiment": "positive", "time": "Tue Mar 22 02:42:07 +0000 2016"}
{"polarity": 0.0, "location": "Atlanta, GA", "sentiment": "neutral", "time": "Tue Mar 22 02:42:21 +0000 2016"}
{"polarity": 0.5, "location": "Atlanta, GA", "sentiment": "positive", "time": "Tue Mar 22 02:42:43 +0000 2016"}
{"polarity": 0.0, "location": "New York, NY", "sentiment": "neutral", "time": "Tue Mar 22 02:42:54 +0000 2016"}
{"polarity": 0.0, "location": "Kansas City, KS", "sentiment": "neutral", "time": "Tue Mar 22 02:42:57 +0000 2016"}
{"polarity": 0.0, "location": "San Diego, CA", "sentiment": "neutral", "time": "Tue Mar 22 02:42:59 +0000 2016"}
{"polarity": 0.0, "location": "Atlanta, GA", "sentiment": "neutral", "time": "Tue Mar 22 02:50:02 +0000 2016"}
{"polarity": 0.0, "location": "San Diego, CA", "sentiment": "neutral", "time": "Tue Mar 22 02:50:08 +0000 2016"}
{"polarity": 0.0, "location": "New York, NY", "sentiment": "neutral", "time": "Tue Mar 22 02:50:12 +0000 2016"}
{"polarity": -0.1625, "location": "San Diego, CA", "sentiment": "negative", "time": "Tue Mar 22 02:50:55 +0000 2016"}
{"polarity": 0.8, "location": "Orlando, FL", "sentiment": "positive", "time": "Tue Mar 22 02:15:03 +0000 2016"}
{"polarity": 0.0, "location": "Portland, OR", "sentiment": "neutral", "time": "Tue Mar 22 02:15:11 +0000 2016"}
{"polarity": 0.0, "location": "New York, NY", "sentiment": "neutral", "time": "Tue Mar 22 02:15:11 +0000 2016"}
{"polarity": 0.0, "location": "Atlanta, GA", "sentiment": "neutral", "time": "Tue Mar 22 02:15:13 +0000 2016"}
{"polarity": -0.2, "location": "Orlando, FL", "sentiment": "negative", "time": "Tue Mar 22 02:15:22 +0000 2016"}
{"polarity": 0.0, "location": "Seattle, WA", "sentiment": "neutral", "time": "Tue Mar 22 02:15:26 +0000 2016"}
{"polarity": 0.0, "location": "Phoenix, AZ", "sentiment": "neutral", "time": "Tue Mar 22 02:15:28 +0000 2016"}
{"polarity": 0.0, "location": "Boston, MA", "sentiment": "neutral", "time": "Tue Mar 22 02:15:35 +0000 2016"}
{"polarity": 0.0, "location": "Atlanta, GA", "sentiment": "neutral", "time": "Tue Mar 22 02:15:38 +0000 2016"}
{"polarity": 0.3, "location": "New York, NY", "sentiment": "positive", "time": "Tue Mar 22 02:15:40 +0000 2016"}
{"polarity": 0.0, "location": "Atlanta, GA", "sentiment": "neutral", "time": "Tue Mar 22 02:15:45 +0000 2016"}
{"polarity": 0.75, "location": "Boston, MA", "sentiment": "positive", "time": "Tue Mar 22 02:15:55 +0000 2016"}
{"polarity": 0.0, "location": "New York, NY", "sentiment": "neutral", "time": "Tue Mar 22 02:38:02 +0000 2016"}
{"polarity": 0.3333333333333333, "location": "Seattle, WA", "sentiment": "positive", "time": "Tue Mar 22 02:38:17 +0000 2016"}
{"polarity": 0.8, "location": "New York, NY", "sentiment": "positive", "time": "Tue Mar 22 02:38:17 +0000 2016"}
{"polarity": -0.08333333333333333, "location": "Seattle, WA", "sentiment": "negative", "time": "Tue Mar 22 02:38:31 +0000 2016"}
{"polarity": 0.0, "location": "Atlanta, GA", "sentiment": "neutral", "time": "Tue Mar 22 02:38:32 +0000 2016"}
{"polarity": 0.0, "location": "New York, NY", "sentiment": "neutral", "time": "Tue Mar 22 02:38:33 +0000 2016"}
{"polarity": 0.0, "location": "New York, NY", "sentiment": "neutral", "time": "Tue Mar 22 02:38:38 +0000 2016"}
{"polarity": 0.5, "location": "Portland, OR", "sentiment": "positive", "time": "Tue Mar 22 02:38:41 +0000 2016"}
{"polarity": 0.0, "location": "Seattle, WA", "sentiment": "neutral", "time": "Tue Mar 22 02:38:44 +0000 2016"}
{"polarity": 0.0, "location": "Seattle, WA", "sentiment": "neutral", "time": "Tue Mar 22 02:38:44 +0000 2016"}
{"polarity": 0.39375, "location": "San Diego, CA", "sentiment": "positive", "time": "Tue Mar 22 02:21:03 +0000 2016"}
{"polarity": -0.2897727272727273, "location": "San Diego, CA", "sentiment": "negative", "time": "Tue Mar 22 02:21:10 +0000 2016"}
{"polarity": 0.0, "location": "New York, NY", "sentiment": "neutral", "time": "Tue Mar 22 02:21:13 +0000 2016"}
{"polarity": 0.6, "location": "Boston, MA", "sentiment": "positive", "time": "Tue Mar 22 02:21:17 +0000 2016"}
{"polarity": -0.5, "location": "San Diego, CA", "sentiment": "negative", "time": "Tue Mar 22 02:21:31 +0000 2016"}
{"polarity": 0.0, "location": "New York, NY", "sentiment": "neutral", "time": "Tue Mar 22 02:21:34 +0000 2016"}
{"polarity": 0.0, "location": "Atlanta, GA", "sentiment": "neutral", "time": "Tue Mar 22 02:21:45 +0000 2016"}
{"polarity": 0.0, "location": "Seattle, WA", "sentiment": "neutral", "time": "Tue Mar 22 02:21:47 +0000 2016"}
{"polarity": 0.0, "location": "St. Louis, MO", "sentiment": "neutral", "time": "Tue Mar 22 02:21:53 +0000 2016"}
{"polarity": -0.2, "location": "Atlanta, GA", "sentiment": "negative", "time": "Tue Mar 22 02:21:57 +0000 2016"}
{"polarity": 0.0, "location": "New York, NY", "sentiment": "neutral", "time": "Tue Mar 22 02:17:01 +0000 2016"}
{"polarity": 0.3, "location": "St. Louis, MO", "sentiment": "positive", "time": "Tue Mar 22 02:17:09 +0000 2016"}
{"polarity": 0.25, "location": "Atlanta, GA", "sentiment": "positive", "time": "Tue Mar 22 02:17:10 +0000 2016"}
{"polarity": 0.575, "location": "Portland, OR", "sentiment": "positive", "time": "Tue Mar 22 02:17:15 +0000 2016"}
{"polarity": 0.04086538461538461, "location": "San Diego, CA", "sentiment": "positive", "time": "Tue Mar 22 02:17:20 +0000 2016"}
{"polarity": 0.0, "location": "Boston, MA", "sentiment": "neutral", "time": "Tue Mar 22 02:17:36 +0000 2016"}
{"polarity": 0.875, "location": "Atlanta, GA", "sentiment": "positive", "time": "Tue Mar 22 02:17:37 +0000 2016"}
{"polarity": 0.0, "location": "Atlanta, GA", "sentiment": "neutral", "time": "Tue Mar 22 02:17:55 +0000 2016"}
{"polarity": 0.0, "location": "New York, NY", "sentiment": "neutral", "time": "Tue Mar 22 02:17:59 +0000 2016"}
{"polarity": 0.0, "location": "Phoenix, AZ", "sentiment": "neutral", "time": "Tue Mar 22 02:12:02 +0000 2016"}
{"polarity": 0.11666666666666665, "location": "Boston, MA", "sentiment": "positive", "time": "Tue Mar 22 02:12:06 +0000 2016"}
{"polarity": 0.0, "location": "Atlanta, GA", "sentiment": "neutral", "time": "Tue Mar 22 02:12:07 +0000 2016"}
{"polarity": 0.0, "location": "Atlanta, GA", "sentiment": "neutral", "time": "Tue Mar 22 02:12:08 +0000 2016"}
{"polarity": 0.2857142857142857, "location": "Orlando, FL", "sentiment": "positive", "time": "Tue Mar 22 02:12:09 +0000 2016"}
{"polarity": 0.0, "location": "Boston, MA", "sentiment": "neutral", "time": "Tue Mar 22 02:12:13 +0000 2016"}
{"polarity": 0.0, "location": "San Diego, CA", "sentiment": "neutral", "time": "Tue Mar 22 02:12:13 +0000 2016"}
{"polarity": 0.0, "location": "Atlanta, GA", "sentiment": "neutral", "time": "Tue Mar 22 02:12:13 +0000 2016"}
{"polarity": 0.0, "location": "Seattle, WA", "sentiment": "neutral", "time": "Tue Mar 22 02:12:24 +0000 2016"}
{"polarity": 0.0, "location": "Seattle, WA", "sentiment": "neutral", "time": "Tue Mar 22 02:12:27 +0000 2016"}
{"polarity": 0.8, "location": "Orlando, FL", "sentiment": "positive", "time": "Tue Mar 22 02:12:39 +0000 2016"}
{"polarity": 0.0, "location": "New York, NY", "sentiment": "neutral", "time": "Tue Mar 22 02:12:59 +0000 2016"}
{"polarity": 0.3181818181818182, "location": "Orlando, FL", "sentiment": "positive", "time": "Tue Mar 22 02:29:18 +0000 2016"}
{"polarity": 0.0, "location": "Orlando, FL", "sentiment": "neutral", "time": "Tue Mar 22 02:29:26 +0000 2016"}
{"polarity": -0.23333333333333334, "location": "Atlanta, GA", "sentiment": "negative", "time": "Tue Mar 22 02:29:40 +0000 2016"}
{"polarity": 0.0, "location": "Boston, MA", "sentiment": "neutral", "time": "Tue Mar 22 02:29:40 +0000 2016"}
{"polarity": 0.0, "location": "Phoenix, AZ", "sentiment": "neutral", "time": "Tue Mar 22 02:29:49 +0000 2016"}
{"polarity": 0.0, "location": "Portland, OR", "sentiment": "neutral", "time": "Tue Mar 22 02:29:50 +0000 2016"}
{"polarity": 0.0, "location": "Boston, MA", "sentiment": "neutral", "time": "Tue Mar 22 02:29:51 +0000 2016"}
{"polarity": 0.0, "location": "New York, NY", "sentiment": "neutral", "time": "Tue Mar 22 02:29:53 +0000 2016"}
{"polarity": 1.0, "location": "Seattle, WA", "sentiment": "positive", "time": "Tue Mar 22 02:18:04 +0000 2016"}
{"polarity": 0.26666666666666666, "location": "New York, NY", "sentiment": "positive", "time": "Tue Mar 22 02:18:06 +0000 2016"}
{"polarity": 0.0, "location": "Seattle, WA", "sentiment": "neutral", "time": "Tue Mar 22 02:18:10 +0000 2016"}
{"polarity": -0.16666666666666666, "location": "New York, NY", "sentiment": "negative", "time": "Tue Mar 22 02:18:11 +0000 2016"}
{"polarity": 0.1, "location": "Boston, MA", "sentiment": "positive", "time": "Tue Mar 22 02:18:13 +0000 2016"}
{"polarity": -0.125, "location": "San Diego, CA", "sentiment": "negative", "time": "Tue Mar 22 02:18:19 +0000 2016"}
{"polarity": 0.0, "location": "Seattle, WA", "sentiment": "neutral", "time": "Tue Mar 22 02:18:28 +0000 2016"}
{"polarity": 0.6833333333333335, "location": "Boston, MA", "sentiment": "positive", "time": "Tue Mar 22 02:18:39 +0000 2016"}
{"polarity": 0.4166666666666667, "location": "Boston, MA", "sentiment": "positive", "time": "Tue Mar 22 02:18:39 +0000 2016"}
{"polarity": -0.24431818181818182, "location": "New York, NY", "sentiment": "negative", "time": "Tue Mar 22 02:18:45 +0000 2016"}
{"polarity": -0.25, "location": "Seattle, WA", "sentiment": "negative", "time": "Tue Mar 22 02:18:50 +0000 2016"}
{"polarity": 0.0, "location": "New York, NY", "sentiment": "neutral", "time": "Tue Mar 22 02:18:50 +0000 2016"}
{"polarity": 0.4497159090909091, "location": "Atlanta, GA", "sentiment": "positive", "time": "Tue Mar 22 02:18:50 +0000 2016"}
{"polarity": 0.0, "location": "Phoenix, AZ", "sentiment": "neutral", "time": "Tue Mar 22 02:18:51 +0000 2016"}
{"polarity": -0.2777777777777778, "location": "Portland, OR", "sentiment": "negative", "time": "Tue Mar 22 02:18:53 +0000 2016"}
{"polarity": 0.0, "location": "Seattle, WA", "sentiment": "neutral", "time": "Tue Mar 22 02:46:00 +0000 2016"}
{"polarity": -0.11666666666666668, "location": "New York, NY", "sentiment": "negative", "time": "Tue Mar 22 02:46:04 +0000 2016"}
{"polarity": -0.08333333333333333, "location": "Atlanta, GA", "sentiment": "negative", "time": "Tue Mar 22 02:46:05 +0000 2016"}
{"polarity": 0.0, "location": "Phoenix, AZ", "sentiment": "neutral", "time": "Tue Mar 22 02:46:14 +0000 2016"}
{"polarity": 0.0, "location": "Orlando, FL", "sentiment": "neutral", "time": "Tue Mar 22 02:46:31 +0000 2016"}
{"polarity": 0.2857142857142857, "location": "Seattle, WA", "sentiment": "positive", "time": "Tue Mar 22 02:46:40 +0000 2016"}
{"polarity": 0.45, "location": "Atlanta, GA", "sentiment": "positive", "time": "Tue Mar 22 02:00:02 +0000 2016"}
{"polarity": 0.5125, "location": "New York, NY", "sentiment": "positive", "time": "Tue Mar 22 02:00:02 +0000 2016"}
{"polarity": 0.0, "location": "New York, NY", "sentiment": "neutral", "time": "Tue Mar 22 02:00:03 +0000 2016"}
{"polarity": 0.0, "location": "Atlanta, GA", "sentiment": "neutral", "time": "Tue Mar 22 02:00:04 +0000 2016"}
{"polarity": 0.5, "location": "Seattle, WA", "sentiment": "positive", "time": "Tue Mar 22 02:00:09 +0000 2016"}
{"polarity": 0.0, "location": "New York, NY", "sentiment": "neutral", "time": "Tue Mar 22 02:00:19 +0000 2016"}
{"polarity": 0.0, "location": "Seattle, WA", "sentiment": "neutral", "time": "Tue Mar 22 02:00:20 +0000 2016"}
{"polarity": -0.5, "location": "Atlanta, GA", "sentiment": "negative", "time": "Tue Mar 22 02:00:25 +0000 2016"}
{"polarity": 0.0, "location": "Atlanta, GA", "sentiment": "neutral", "time": "Tue Mar 22 02:00:26 +0000 2016"}
{"polarity": -0.12962962962962962, "location": "New York, NY", "sentiment": "negative", "time": "Tue Mar 22 02:00:35 +0000 2016"}
{"polarity": 0.6333333333333333, "location": "New York, NY", "sentiment": "positive", "time": "Tue Mar 22 02:00:37 +0000 2016"}
{"polarity": 0.875, "location": "Boston, MA", "sentiment": "positive", "time": "Tue Mar 22 02:00:37 +0000 2016"}
{"polarity": 0.0, "location": "Phoenix, AZ", "sentiment": "neutral", "time": "Tue Mar 22 02:00:44 +0000 2016"}
{"polarity": 0.0, "location": "Portland, OR", "sentiment": "neutral", "time": "Tue Mar 22 02:00:45 +0000 2016"}
{"polarity": 0.0, "location": "New York, NY", "sentiment": "neutral", "time": "Tue Mar 22 02:00:46 +0000 2016"}
{"polarity": 0.0, "location": "Boston, MA", "sentiment": "neutral", "time": "Tue Mar 22 02:00:49 +0000 2016"}
{"polarity": 0.32999999999999996, "location": "New York, NY", "sentiment": "positive", "time": "Tue Mar 22 02:00:52 +0000 2016"}
{"polarity": -0.1, "location": "Orlando, FL", "sentiment": "negative", "time": "Tue Mar 22 02:00:56 +0000 2016"}
{"polarity": 0.0, "location": "New York, NY", "sentiment": "neutral", "time": "Tue Mar 22 02:34:02 +0000 2016"}
{"polarity": 0.26, "location": "San Diego, CA", "sentiment": "positive", "time": "Tue Mar 22 02:34:03 +0000 2016"}
{"polarity": 0.3666666666666667, "location": "Portland, OR", "sentiment": "positive", "time": "Tue Mar 22 02:34:05 +0000 2016"}
{"polarity": 0.3125, "location": "Boston, MA", "sentiment": "positive", "time": "Tue Mar 22 02:34:06 +0000 2016"}
{"polarity": 0.0, "location": "San Diego, CA", "sentiment": "neutral", "time": "Tue Mar 22 02:34:11 +0000 2016"}
{"polarity": 0.0, "location": "Seattle, WA", "sentiment": "neutral", "time": "Tue Mar 22 02:34:13 +0000 2016"}
{"polarity": 0.0, "location": "Phoenix, AZ", "sentiment": "neutral", "time": "Tue Mar 22 02:34:22 +0000 2016"}
{"polarity": 0.5, "location": "Boston, MA", "sentiment": "positive", "time": "Tue Mar 22 02:34:29 +0000 2016"}
{"polarity": 0.5, "location": "San Diego, CA", "sentiment": "positive", "time": "Tue Mar 22 02:34:31 +0000 2016"}
{"polarity": 0.6, "location": "Boston, MA", "sentiment": "positive", "time": "Tue Mar 22 02:34:03 +0000 2016"}
{"polarity": 0.3, "location": "Orlando, FL", "sentiment": "positive", "time": "Tue Mar 22 02:34:51 +0000 2016"}
{"polarity": -0.6999999999999998, "location": "New York, NY", "sentiment": "negative", "time": "Tue Mar 22 02:34:57 +0000 2016"}
{"polarity": 0.0, "location": "San Diego, CA", "sentiment": "neutral", "time": "Tue Mar 22 02:05:00 +0000 2016"}
{"polarity": 0.0, "location": "San Diego, CA", "sentiment": "neutral", "time": "Tue Mar 22 02:05:00 +0000 2016"}
{"polarity": 0.0, "location": "Atlanta, GA", "sentiment": "neutral", "time": "Tue Mar 22 02:05:00 +0000 2016"}
{"polarity": 0.0, "location": "Boston, MA", "sentiment": "neutral", "time": "Tue Mar 22 02:05:00 +0000 2016"}
{"polarity": 0.0, "location": "Seattle, WA", "sentiment": "neutral", "time": "Tue Mar 22 02:05:07 +0000 2016"}
{"polarity": 0.30000000000000004, "location": "Seattle, WA", "sentiment": "positive", "time": "Tue Mar 22 02:05:19 +0000 2016"}
{"polarity": 0.25, "location": "Seattle, WA", "sentiment": "positive", "time": "Tue Mar 22 02:05:25 +0000 2016"}
{"polarity": 0.4875, "location": "New York, NY", "sentiment": "positive", "time": "Tue Mar 22 02:05:26 +0000 2016"}
{"polarity": 0.1875, "location": "New York, NY", "sentiment": "positive", "time": "Tue Mar 22 02:05:27 +0000 2016"}
{"polarity": 0.0, "location": "New York, NY", "sentiment": "neutral", "time": "Tue Mar 22 02:05:29 +0000 2016"}
{"polarity": 0.5, "location": "New York, NY", "sentiment": "positive", "time": "Tue Mar 22 02:05:30 +0000 2016"}
{"polarity": 0.0, "location": "Phoenix, AZ", "sentiment": "neutral", "time": "Tue Mar 22 02:05:35 +0000 2016"}
{"polarity": -0.75, "location": "Atlanta, GA", "sentiment": "negative", "time": "Tue Mar 22 02:05:35 +0000 2016"}
{"polarity": 0.0, "location": "Seattle, WA", "sentiment": "neutral", "time": "Tue Mar 22 02:05:39 +0000 2016"}
{"polarity": 0.36904761904761907, "location": "Boston, MA", "sentiment": "positive", "time": "Tue Mar 22 02:05:41 +0000 2016"}
{"polarity": 0.0, "location": "San Diego, CA", "sentiment": "neutral", "time": "Tue Mar 22 02:05:53 +0000 2016"}
{"polarity": -0.10714285714285714, "location": "Atlanta, GA", "sentiment": "negative", "time": "Tue Mar 22 02:05:53 +0000 2016"}
{"polarity": 0.85, "location": "Seattle, WA", "sentiment": "positive", "time": "Tue Mar 22 02:05:53 +0000 2016"}
{"polarity": -0.04999999999999996, "location": "Atlanta, GA", "sentiment": "negative", "time": "Tue Mar 22 02:05:54 +0000 2016"}
{"polarity": 0.0, "location": "New York, NY", "sentiment": "neutral", "time": "Tue Mar 22 02:11:10 +0000 2016"}
{"polarity": -0.1, "location": "New York, NY", "sentiment": "negative", "time": "Tue Mar 22 02:11:11 +0000 2016"}
{"polarity": 0.5, "location": "Portland, OR", "sentiment": "positive", "time": "Tue Mar 22 02:11:12 +0000 2016"}
{"polarity": 0.07878787878787878, "location": "Atlanta, GA", "sentiment": "positive", "time": "Tue Mar 22 02:11:17 +0000 2016"}
{"polarity": 0.525, "location": "Boston, MA", "sentiment": "positive", "time": "Tue Mar 22 02:11:23 +0000 2016"}
{"polarity": 0.0, "location": "San Diego, CA", "sentiment": "neutral", "time": "Tue Mar 22 02:11:28 +0000 2016"}
{"polarity": 0.0, "location": "Orlando, FL", "sentiment": "neutral", "time": "Tue Mar 22 02:11:46 +0000 2016"}
{"polarity": 0.0, "location": "New York, NY", "sentiment": "neutral", "time": "Tue Mar 22 02:11:52 +0000 2016"}
{"polarity": 0.0, "location": "Orlando, FL", "sentiment": "neutral", "time": "Tue Mar 22 02:11:59 +0000 2016"}
{"polarity": 0.0, "location": "New York, NY", "sentiment": "neutral", "time": "Tue Mar 22 02:56:03 +0000 2016"}
{"polarity": 0.78125, "location": "Boston, MA", "sentiment": "positive", "time": "Tue Mar 22 02:56:03 +0000 2016"}
{"polarity": 0.0, "location": "New York, NY", "sentiment": "neutral", "time": "Tue Mar 22 02:56:18 +0000 2016"}
{"polarity": 0.0, "location": "Atlanta, GA", "sentiment": "neutral", "time": "Tue Mar 22 02:56:32 +0000 2016"}
{"polarity": 0.39999999999999997, "location": "Atlanta, GA", "sentiment": "positive", "time": "Tue Mar 22 02:56:35 +0000 2016"}
{"polarity": 0.0, "location": "Phoenix, AZ", "sentiment": "neutral", "time": "Tue Mar 22 02:56:38 +0000 2016"}
{"polarity": 0.0, "location": "Atlanta, GA", "sentiment": "neutral", "time": "Tue Mar 22 02:56:41 +0000 2016"}
{"polarity": 0.0, "location": "Seattle, WA", "sentiment": "neutral", "time": "Tue Mar 22 02:56:43 +0000 2016"}
{"polarity": 0.4, "location": "San Diego, CA", "sentiment": "positive", "time": "Tue Mar 22 02:56:45 +0000 2016"}
{"polarity": 0.5, "location": "Atlanta, GA", "sentiment": "positive", "time": "Tue Mar 22 02:56:48 +0000 2016"}
{"polarity": 0.0, "location": "San Diego, CA", "sentiment": "neutral", "time": "Tue Mar 22 02:47:01 +0000 2016"}
{"polarity": -0.4166666666666667, "location": "Orlando, FL", "sentiment": "negative", "time": "Tue Mar 22 02:47:06 +0000 2016"}
{"polarity": 0.0, "location": "Atlanta, GA", "sentiment": "neutral", "time": "Tue Mar 22 02:47:11 +0000 2016"}
{"polarity": 0.5, "location": "San Diego, CA", "sentiment": "positive", "time": "Tue Mar 22 02:47:20 +0000 2016"}
{"polarity": 1.0, "location": "Atlanta, GA", "sentiment": "positive", "time": "Tue Mar 22 02:47:24 +0000 2016"}
{"polarity": -0.20555555555555557, "location": "New York, NY", "sentiment": "negative", "time": "Tue Mar 22 02:47:28 +0000 2016"}
{"polarity": 0.0, "location": "New York, NY", "sentiment": "neutral", "time": "Tue Mar 22 02:47:30 +0000 2016"}
{"polarity": 0.2, "location": "San Diego, CA", "sentiment": "positive", "time": "Tue Mar 22 02:47:31 +0000 2016"}
{"polarity": 0.0, "location": "Phoenix, AZ", "sentiment": "neutral", "time": "Tue Mar 22 02:47:32 +0000 2016"}
{"polarity": 1.0, "location": "San Diego, CA", "sentiment": "positive", "time": "Tue Mar 22 02:47:36 +0000 2016"}
{"polarity": 0.0, "location": "New York, NY", "sentiment": "neutral", "time": "Tue Mar 22 02:47:38 +0000 2016"}
{"polarity": 0.25, "location": "San Diego, CA", "sentiment": "positive", "time": "Tue Mar 22 02:47:42 +0000 2016"}
{"polarity": -0.4, "location": "New York, NY", "sentiment": "negative", "time": "Tue Mar 22 02:47:44 +0000 2016"}
{"polarity": -0.5, "location": "Orlando, FL", "sentiment": "negative", "time": "Tue Mar 22 02:47:53 +0000 2016"}
{"polarity": 0.25, "location": "Atlanta, GA", "sentiment": "positive", "time": "Tue Mar 22 02:47:58 +0000 2016"}
{"polarity": 0.0, "location": "Seattle, WA", "sentiment": "neutral", "time": "Tue Mar 22 02:52:03 +0000 2016"}
{"polarity": -0.09722222222222222, "location": "Atlanta, GA", "sentiment": "negative", "time": "Tue Mar 22 02:52:04 +0000 2016"}
{"polarity": 0.0, "location": "Boston, MA", "sentiment": "neutral", "time": "Tue Mar 22 02:52:06 +0000 2016"}
{"polarity": 0.8, "location": "Phoenix, AZ", "sentiment": "positive", "time": "Tue Mar 22 02:52:10 +0000 2016"}
{"polarity": 0.0, "location": "Atlanta, GA", "sentiment": "neutral", "time": "Tue Mar 22 02:52:19 +0000 2016"}
{"polarity": 0.0, "location": "Atlanta, GA", "sentiment": "neutral", "time": "Tue Mar 22 02:52:24 +0000 2016"}
{"polarity": 0.5, "location": "Seattle, WA", "sentiment": "positive", "time": "Tue Mar 22 02:52:28 +0000 2016"}
{"polarity": -0.5666666666666668, "location": "Boston, MA", "sentiment": "negative", "time": "Tue Mar 22 02:52:34 +0000 2016"}
{"polarity": 0.5, "location": "Boston, MA", "sentiment": "positive", "time": "Tue Mar 22 02:52:36 +0000 2016"}
{"polarity": -0.2, "location": "Atlanta, GA", "sentiment": "negative", "time": "Tue Mar 22 02:52:39 +0000 2016"}
{"polarity": 0.0, "location": "Seattle, WA", "sentiment": "neutral", "time": "Tue Mar 22 02:52:53 +0000 2016"}
{"polarity": 0.2333333333333333, "location": "New York, NY", "sentiment": "positive", "time": "Tue Mar 22 02:52:55 +0000 2016"}
{"polarity": 0.0, "location": "Atlanta, GA", "sentiment": "neutral", "time": "Tue Mar 22 02:52:56 +0000 2016"}
{"polarity": 0.0, "location": "Atlanta, GA", "sentiment": "neutral", "time": "Tue Mar 22 02:53:03 +0000 2016"}
{"polarity": 0.6, "location": "Portland, OR", "sentiment": "positive", "time": "Tue Mar 22 02:53:09 +0000 2016"}
{"polarity": -0.2, "location": "Seattle, WA", "sentiment": "negative", "time": "Tue Mar 22 02:53:09 +0000 2016"}
{"polarity": 0.0, "location": "Phoenix, AZ", "sentiment": "neutral", "time": "Tue Mar 22 02:53:11 +0000 2016"}
{"polarity": -0.18229166666666669, "location": "St. Louis, MO", "sentiment": "negative", "time": "Tue Mar 22 02:53:15 +0000 2016"}
{"polarity": 0.13636363636363635, "location": "San Diego, CA", "sentiment": "positive", "time": "Tue Mar 22 02:53:25 +0000 2016"}
{"polarity": -0.05, "location": "San Diego, CA", "sentiment": "negative", "time": "Tue Mar 22 02:53:26 +0000 2016"}
{"polarity": 0.0, "location": "New York, NY", "sentiment": "neutral", "time": "Tue Mar 22 02:53:39 +0000 2016"}
{"polarity": 0.6000000000000001, "location": "Atlanta, GA", "sentiment": "positive", "time": "Tue Mar 22 02:53:43 +0000 2016"}
{"polarity": 0.11818181818181818, "location": "Atlanta, GA", "sentiment": "positive", "time": "Tue Mar 22 02:02:03 +0000 2016"}
{"polarity": 0.13636363636363635, "location": "San Diego, CA", "sentiment": "positive", "time": "Tue Mar 22 02:02:09 +0000 2016"}
{"polarity": 0.8, "location": "Phoenix, AZ", "sentiment": "positive", "time": "Tue Mar 22 02:02:12 +0000 2016"}
{"polarity": 0.0, "location": "San Diego, CA", "sentiment": "neutral", "time": "Tue Mar 22 02:02:18 +0000 2016"}
{"polarity": 0.0, "location": "San Diego, CA", "sentiment": "neutral", "time": "Tue Mar 22 02:02:18 +0000 2016"}
{"polarity": 0.0, "location": "Portland, OR", "sentiment": "neutral", "time": "Tue Mar 22 02:02:28 +0000 2016"}
{"polarity": 0.0, "location": "Portland, OR", "sentiment": "neutral", "time": "Tue Mar 22 02:02:45 +0000 2016"}
{"polarity": 0.3, "location": "Atlanta, GA", "sentiment": "positive", "time": "Tue Mar 22 02:02:45 +0000 2016"}
{"polarity": 0.38749999999999996, "location": "Boston, MA", "sentiment": "positive", "time": "Tue Mar 22 02:02:50 +0000 2016"}
{"polarity": 0.0, "location": "New York, NY", "sentiment": "neutral", "time": "Tue Mar 22 02:02:59 +0000 2016"}
{"polarity": 0.16666666666666669, "location": "Boston, MA", "sentiment": "positive", "time": "Tue Mar 22 02:48:01 +0000 2016"}
{"polarity": 0.7, "location": "Portland, OR", "sentiment": "positive", "time": "Tue Mar 22 02:48:01 +0000 2016"}
{"polarity": 0.8, "location": "Seattle, WA", "sentiment": "positive", "time": "Tue Mar 22 02:48:04 +0000 2016"}
{"polarity": 0.0, "location": "Portland, OR", "sentiment": "neutral", "time": "Tue Mar 22 02:48:06 +0000 2016"}
{"polarity": 0.0, "location": "Orlando, FL", "sentiment": "neutral", "time": "Tue Mar 22 02:48:08 +0000 2016"}
{"polarity": 0.85, "location": "New York, NY", "sentiment": "positive", "time": "Tue Mar 22 02:48:19 +0000 2016"}
{"polarity": 0.5, "location": "Seattle, WA", "sentiment": "positive", "time": "Tue Mar 22 02:48:26 +0000 2016"}
{"polarity": 0.0, "location": "Atlanta, GA", "sentiment": "neutral", "time": "Tue Mar 22 02:48:26 +0000 2016"}
{"polarity": 0.0, "location": "New York, NY", "sentiment": "neutral", "time": "Tue Mar 22 02:48:28 +0000 2016"}
{"polarity": 0.0, "location": "Boston, MA", "sentiment": "neutral", "time": "Tue Mar 22 02:48:30 +0000 2016"}
{"polarity": 0.0, "location": "Atlanta, GA", "sentiment": "neutral", "time": "Tue Mar 22 02:48:35 +0000 2016"}
{"polarity": 0.0, "location": "San Diego, CA", "sentiment": "neutral", "time": "Tue Mar 22 02:48:50 +0000 2016"}
{"polarity": 0.0, "location": "Kansas City, KS", "sentiment": "neutral", "time": "Tue Mar 22 02:25:08 +0000 2016"}
{"polarity": 0.25925925925925924, "location": "Orlando, FL", "sentiment": "positive", "time": "Tue Mar 22 02:25:11 +0000 2016"}
{"polarity": 0.17857142857142855, "location": "Atlanta, GA", "sentiment": "positive", "time": "Tue Mar 22 02:25:14 +0000 2016"}
{"polarity": 0.1875, "location": "Boston, MA", "sentiment": "positive", "time": "Tue Mar 22 02:25:18 +0000 2016"}
{"polarity": 0.0, "location": "New York, NY", "sentiment": "neutral", "time": "Tue Mar 22 02:25:23 +0000 2016"}
{"polarity": 0.3888888888888889, "location": "Boston, MA", "sentiment": "positive", "time": "Tue Mar 22 02:25:37 +0000 2016"}
{"polarity": 0.07777777777777777, "location": "Portland, OR", "sentiment": "positive", "time": "Tue Mar 22 02:25:41 +0000 2016"}
{"polarity": -0.2, "location": "San Diego, CA", "sentiment": "negative", "time": "Tue Mar 22 02:25:43 +0000 2016"}
{"polarity": 0.0, "location": "New York, NY", "sentiment": "neutral", "time": "Tue Mar 22 02:25:49 +0000 2016"}
{"polarity": 0.0, "location": "Portland, OR", "sentiment": "neutral", "time": "Tue Mar 22 02:25:56 +0000 2016"}
{"polarity": 0.1, "location": "Atlanta, GA", "sentiment": "positive", "time": "Tue Mar 22 02:25:57 +0000 2016"}
{"polarity": 0.0, "location": "St. Louis, MO", "sentiment": "neutral", "time": "Tue Mar 22 02:16:00 +0000 2016"}
{"polarity": 0.3, "location": "Atlanta, GA", "sentiment": "positive", "time": "Tue Mar 22 02:16:01 +0000 2016"}
{"polarity": 0.2857142857142857, "location": "Atlanta, GA", "sentiment": "positive", "time": "Tue Mar 22 02:16:20 +0000 2016"}
{"polarity": 0.0, "location": "Seattle, WA", "sentiment": "neutral", "time": "Tue Mar 22 02:16:29 +0000 2016"}
{"polarity": 0.6, "location": "Atlanta, GA", "sentiment": "positive", "time": "Tue Mar 22 02:16:32 +0000 2016"}
{"polarity": 0.4416666666666667, "location": "Phoenix, AZ", "sentiment": "positive", "time": "Tue Mar 22 02:16:36 +0000 2016"}
{"polarity": 0.0, "location": "Atlanta, GA", "sentiment": "neutral", "time": "Tue Mar 22 02:16:41 +0000 2016"}
{"polarity": 0.0, "location": "Orlando, FL", "sentiment": "neutral", "time": "Tue Mar 22 02:16:41 +0000 2016"}
{"polarity": 0.0, "location": "Atlanta, GA", "sentiment": "neutral", "time": "Tue Mar 22 02:16:48 +0000 2016"}
{"polarity": -0.30769230769230765, "location": "Boston, MA", "sentiment": "negative", "time": "Tue Mar 22 02:16:50 +0000 2016"}
{"polarity": 0.0, "location": "Atlanta, GA", "sentiment": "neutral", "time": "Tue Mar 22 02:16:56 +0000 2016"}
{"polarity": 0.0, "location": "New York, NY", "sentiment": "neutral", "time": "Tue Mar 22 02:14:01 +0000 2016"}
{"polarity": 0.4, "location": "Boston, MA", "sentiment": "positive", "time": "Tue Mar 22 02:14:04 +0000 2016"}
{"polarity": 0.2, "location": "Atlanta, GA", "sentiment": "positive", "time": "Tue Mar 22 02:14:15 +0000 2016"}
{"polarity": 0.6, "location": "Atlanta, GA", "sentiment": "positive", "time": "Tue Mar 22 02:14:26 +0000 2016"}
{"polarity": 0.0, "location": "New York, NY", "sentiment": "neutral", "time": "Tue Mar 22 02:14:30 +0000 2016"}
{"polarity": 0.6, "location": "Phoenix, AZ", "sentiment": "positive", "time": "Tue Mar 22 02:14:32 +0000 2016"}
{"polarity": -0.09722222222222221, "location": "Seattle, WA", "sentiment": "negative", "time": "Tue Mar 22 02:14:44 +0000 2016"}
{"polarity": 0.0, "location": "Boston, MA", "sentiment": "neutral", "time": "Tue Mar 22 02:14:45 +0000 2016"}
{"polarity": -0.16666666666666666, "location": "New York, NY", "sentiment": "negative", "time": "Tue Mar 22 02:14:48 +0000 2016"}
{"polarity": 0.39285714285714285, "location": "Phoenix, AZ", "sentiment": "positive", "time": "Tue Mar 22 02:14:51 +0000 2016"}
{"polarity": -0.24431818181818182, "location": "New York, NY", "sentiment": "negative", "time": "Tue Mar 22 02:14:54 +0000 2016"}
{"polarity": 0.0, "location": "New York, NY", "sentiment": "neutral", "time": "Tue Mar 22 02:14:54 +0000 2016"}
{"polarity": 0.0, "location": "Seattle, WA", "sentiment": "neutral", "time": "Tue Mar 22 02:14:59 +0000 2016"}
{"polarity": 0.0, "location": "San Diego, CA", "sentiment": "neutral", "time": "Tue Mar 22 02:23:04 +0000 2016"}
{"polarity": 0.5, "location": "Seattle, WA", "sentiment": "positive", "time": "Tue Mar 22 02:23:21 +0000 2016"}
{"polarity": 0.0, "location": "Portland, OR", "sentiment": "neutral", "time": "Tue Mar 22 02:23:32 +0000 2016"}
{"polarity": 0.3, "location": "Seattle, WA", "sentiment": "positive", "time": "Tue Mar 22 02:23:35 +0000 2016"}
{"polarity": 0.5, "location": "Seattle, WA", "sentiment": "positive", "time": "Tue Mar 22 02:23:57 +0000 2016"}
{"polarity": 0.0, "location": "Orlando, FL", "sentiment": "neutral", "time": "Tue Mar 22 02:23:57 +0000 2016"}
{"polarity": -0.5, "location": "New York, NY", "sentiment": "negative", "time": "Tue Mar 22 02:23:59 +0000 2016"}
{"polarity": 0.0, "location": "Phoenix, AZ", "sentiment": "neutral", "time": "Tue Mar 22 02:23:59 +0000 2016"}
{"polarity": 0.17045454545454544, "location": "Boston, MA", "sentiment": "positive", "time": "Tue Mar 22 02:07:11 +0000 2016"}
{"polarity": 0.0, "location": "Atlanta, GA", "sentiment": "neutral", "time": "Tue Mar 22 02:07:21 +0000 2016"}
{"polarity": 0.5, "location": "New York, NY", "sentiment": "positive", "time": "Tue Mar 22 02:07:27 +0000 2016"}
{"polarity": 0.5, "location": "Atlanta, GA", "sentiment": "positive", "time": "Tue Mar 22 02:07:31 +0000 2016"}
{"polarity": -0.15625, "location": "Seattle, WA", "sentiment": "negative", "time": "Tue Mar 22 02:07:37 +0000 2016"}
{"polarity": 0.46197916666666666, "location": "Portland, OR", "sentiment": "positive", "time": "Tue Mar 22 02:07:38 +0000 2016"}
{"polarity": -0.4, "location": "Boston, MA", "sentiment": "negative", "time": "Tue Mar 22 02:07:40 +0000 2016"}
{"polarity": 0.0, "location": "Phoenix, AZ", "sentiment": "neutral", "time": "Tue Mar 22 02:07:41 +0000 2016"}
{"polarity": -0.6, "location": "San Diego, CA", "sentiment": "negative", "time": "Tue Mar 22 02:07:41 +0000 2016"}
{"polarity": 0.2, "location": "Atlanta, GA", "sentiment": "positive", "time": "Tue Mar 22 02:07:44 +0000 2016"}
{"polarity": 0.0, "location": "Atlanta, GA", "sentiment": "neutral", "time": "Tue Mar 22 02:07:50 +0000 2016"}
{"polarity": 0.0, "location": "Phoenix, AZ", "sentiment": "neutral", "time": "Tue Mar 22 02:51:08 +0000 2016"}
{"polarity": 0.0, "location": "Atlanta, GA", "sentiment": "neutral", "time": "Tue Mar 22 02:51:12 +0000 2016"}
{"polarity": 0.0, "location": "New York, NY", "sentiment": "neutral", "time": "Tue Mar 22 02:51:15 +0000 2016"}
{"polarity": 0.0, "location": "Phoenix, AZ", "sentiment": "neutral", "time": "Tue Mar 22 02:51:21 +0000 2016"}
{"polarity": 0.0, "location": "San Diego, CA", "sentiment": "neutral", "time": "Tue Mar 22 02:51:24 +0000 2016"}
{"polarity": 0.1, "location": "Orlando, FL", "sentiment": "positive", "time": "Tue Mar 22 02:51:27 +0000 2016"}
{"polarity": 0.0, "location": "Atlanta, GA", "sentiment": "neutral", "time": "Tue Mar 22 02:51:30 +0000 2016"}
{"polarity": 0.0, "location": "Boston, MA", "sentiment": "neutral", "time": "Tue Mar 22 02:51:49 +0000 2016"}
{"polarity": 0.2, "location": "Atlanta, GA", "sentiment": "positive", "time": "Tue Mar 22 02:51:58 +0000 2016"}
{"polarity": 0.0, "location": "New York, NY", "sentiment": "neutral", "time": "Tue Mar 22 02:51:59 +0000 2016"}
{"polarity": 0.0, "location": "New York, NY", "sentiment": "neutral", "time": "Tue Mar 22 02:51:59 +0000 2016"}
{"polarity": 0.6, "location": "New York, NY", "sentiment": "positive", "time": "Tue Mar 22 02:30:00 +0000 2016"}
{"polarity": 0.0, "location": "New York, NY", "sentiment": "neutral", "time": "Tue Mar 22 02:30:02 +0000 2016"}
{"polarity": 0.48541666666666666, "location": "Portland, OR", "sentiment": "positive", "time": "Tue Mar 22 02:30:05 +0000 2016"}
{"polarity": 0.5, "location": "New York, NY", "sentiment": "positive", "time": "Tue Mar 22 02:30:13 +0000 2016"}
{"polarity": 0.0, "location": "San Diego, CA", "sentiment": "neutral", "time": "Tue Mar 22 02:30:19 +0000 2016"}
{"polarity": -0.13333333333333333, "location": "Atlanta, GA", "sentiment": "negative", "time": "Tue Mar 22 02:30:30 +0000 2016"}
{"polarity": 0.0, "location": "Portland, OR", "sentiment": "neutral", "time": "Tue Mar 22 02:30:38 +0000 2016"}
{"polarity": 0.35, "location": "New York, NY", "sentiment": "positive", "time": "Tue Mar 22 02:30:38 +0000 2016"}
{"polarity": -0.25, "location": "New York, NY", "sentiment": "negative", "time": "Tue Mar 22 02:30:43 +0000 2016"}
{"polarity": 0.0, "location": "New York, NY", "sentiment": "neutral", "time": "Tue Mar 22 02:30:43 +0000 2016"}
{"polarity": 0.0, "location": "Atlanta, GA", "sentiment": "neutral", "time": "Tue Mar 22 02:30:49 +0000 2016"}
{"polarity": 0.3, "location": "Orlando, FL", "sentiment": "positive", "time": "Tue Mar 22 02:30:55 +0000 2016"}
{"polarity": 0.9, "location": "New York, NY", "sentiment": "positive", "time": "Tue Mar 22 02:30:57 +0000 2016"}
{"polarity": 0.10000000000000002, "location": "Boston, MA", "sentiment": "positive", "time": "Tue Mar 22 02:03:03 +0000 2016"}
{"polarity": 0.03333333333333333, "location": "San Diego, CA", "sentiment": "positive", "time": "Tue Mar 22 02:03:06 +0000 2016"}
{"polarity": 0.8, "location": "Boston, MA", "sentiment": "positive", "time": "Tue Mar 22 02:03:07 +0000 2016"}
{"polarity": 0.2, "location": "Phoenix, AZ", "sentiment": "positive", "time": "Tue Mar 22 02:03:12 +0000 2016"}
{"polarity": 0.0, "location": "Atlanta, GA", "sentiment": "neutral", "time": "Tue Mar 22 02:03:13 +0000 2016"}
{"polarity": -0.25, "location": "Portland, OR", "sentiment": "negative", "time": "Tue Mar 22 02:03:16 +0000 2016"}
{"polarity": 0.725, "location": "New York, NY", "sentiment": "positive", "time": "Tue Mar 22 02:03:34 +0000 2016"}
{"polarity": 0.2, "location": "Atlanta, GA", "sentiment": "positive", "time": "Tue Mar 22 02:03:42 +0000 2016"}
{"polarity": 0.0, "location": "Orlando, FL", "sentiment": "neutral", "time": "Tue Mar 22 02:03:53 +0000 2016"}
{"polarity": 0.0, "location": "Atlanta, GA", "sentiment": "neutral", "time": "Tue Mar 22 02:40:02 +0000 2016"}
{"polarity": 0.0, "location": "Atlanta, GA", "sentiment": "neutral", "time": "Tue Mar 22 02:40:13 +0000 2016"}
{"polarity": 0.525, "location": "Atlanta, GA", "sentiment": "positive", "time": "Tue Mar 22 02:40:18 +0000 2016"}
{"polarity": 0.2, "location": "New York, NY", "sentiment": "positive", "time": "Tue Mar 22 02:40:19 +0000 2016"}
{"polarity": 0.0, "location": "Atlanta, GA", "sentiment": "neutral", "time": "Tue Mar 22 02:40:26 +0000 2016"}
{"polarity": 0.0, "location": "Seattle, WA", "sentiment": "neutral", "time": "Tue Mar 22 02:40:33 +0000 2016"}
{"polarity": 0.0, "location": "San Diego, CA", "sentiment": "neutral", "time": "Tue Mar 22 02:40:33 +0000 2016"}
{"polarity": 0.0, "location": "New York, NY", "sentiment": "neutral", "time": "Tue Mar 22 02:40:52 +0000 2016"}
{"polarity": 0.0, "location": "St. Louis, MO", "sentiment": "neutral", "time": "Tue Mar 22 02:40:55 +0000 2016"}
{"polarity": 0.0, "location": "New York, NY", "sentiment": "neutral", "time": "Tue Mar 22 02:08:16 +0000 2016"}
{"polarity": 0.0, "location": "Atlanta, GA", "sentiment": "neutral", "time": "Tue Mar 22 02:08:23 +0000 2016"}
{"polarity": 0.14444444444444446, "location": "New York, NY", "sentiment": "positive", "time": "Tue Mar 22 02:08:24 +0000 2016"}
{"polarity": 0.0, "location": "New York, NY", "sentiment": "neutral", "time": "Tue Mar 22 02:08:27 +0000 2016"}
{"polarity": 0.0, "location": "Phoenix, AZ", "sentiment": "neutral", "time": "Tue Mar 22 02:08:40 +0000 2016"}
{"polarity": -0.4, "location": "Atlanta, GA", "sentiment": "negative", "time": "Tue Mar 22 02:08:45 +0000 2016"}
{"polarity": 0.25, "location": "New York, NY", "sentiment": "positive", "time": "Tue Mar 22 02:08:48 +0000 2016"}
{"polarity": 0.06666666666666665, "location": "Atlanta, GA", "sentiment": "positive", "time": "Tue Mar 22 02:35:04 +0000 2016"}
{"polarity": 0.0, "location": "New York, NY", "sentiment": "neutral", "time": "Tue Mar 22 02:35:08 +0000 2016"}
{"polarity": 0.0, "location": "Seattle, WA", "sentiment": "neutral", "time": "Tue Mar 22 02:35:11 +0000 2016"}
{"polarity": 0.0, "location": "New York, NY", "sentiment": "neutral", "time": "Tue Mar 22 02:35:19 +0000 2016"}
{"polarity": 0.0, "location": "Orlando, FL", "sentiment": "neutral", "time": "Tue Mar 22 02:35:34 +0000 2016"}
{"polarity": 0.0, "location": "New York, NY", "sentiment": "neutral", "time": "Tue Mar 22 02:35:39 +0000 2016"}
{"polarity": 0.0, "location": "Atlanta, GA", "sentiment": "neutral", "time": "Tue Mar 22 02:35:44 +0000 2016"}
{"polarity": 0.0, "location": "New York, NY", "sentiment": "neutral", "time": "Tue Mar 22 02:43:08 +0000 2016"}
{"polarity": 0.0, "location": "Seattle, WA", "sentiment": "neutral", "time": "Tue Mar 22 02:43:17 +0000 2016"}
{"polarity": 0.7, "location": "Orlando, FL", "sentiment": "positive", "time": "Tue Mar 22 02:43:24 +0000 2016"}
{"polarity": 0.0, "location": "Portland, OR", "sentiment": "neutral", "time": "Tue Mar 22 02:43:25 +0000 2016"}
{"polarity": 0.5, "location": "New York, NY", "sentiment": "positive", "time": "Tue Mar 22 02:43:36 +0000 2016"}
{"polarity": 0.5, "location": "St. Louis, MO", "sentiment": "positive", "time": "Tue Mar 22 02:43:36 +0000 2016"}
{"polarity": 0.0, "location": "Atlanta, GA", "sentiment": "neutral", "time": "Tue Mar 22 02:43:39 +0000 2016"}
{"polarity": 0.0, "location": "Orlando, FL", "sentiment": "neutral", "time": "Tue Mar 22 02:43:40 +0000 2016"}
{"polarity": 0.1, "location": "Phoenix, AZ", "sentiment": "positive", "time": "Tue Mar 22 02:43:42 +0000 2016"}
{"polarity": 0.0, "location": "San Diego, CA", "sentiment": "neutral", "time": "Tue Mar 22 02:43:44 +0000 2016"}
{"polarity": 0.0, "location": "Seattle, WA", "sentiment": "neutral", "time": "Tue Mar 22 02:43:49 +0000 2016"}
{"polarity": 0.0, "location": "San Diego, CA", "sentiment": "neutral", "time": "Tue Mar 22 02:43:52 +0000 2016"}
{"polarity": 1.0, "location": "Phoenix, AZ", "sentiment": "positive", "time": "Tue Mar 22 02:43:54 +0000 2016"}
{"polarity": -0.1777777777777778, "location": "Atlanta, GA", "sentiment": "negative", "time": "Tue Mar 22 02:43:58 +0000 2016"}
{"polarity": 0.0, "location": "Portland, OR", "sentiment": "neutral", "time": "Tue Mar 22 02:10:00 +0000 2016"}
{"polarity": 0.425, "location": "San Diego, CA", "sentiment": "positive", "time": "Tue Mar 22 02:10:01 +0000 2016"}
{"polarity": 0.0, "location": "Orlando, FL", "sentiment": "neutral", "time": "Tue Mar 22 02:10:02 +0000 2016"}
{"polarity": 0.0, "location": "Orlando, FL", "sentiment": "neutral", "time": "Tue Mar 22 02:10:06 +0000 2016"}
{"polarity": 0.0, "location": "Orlando, FL", "sentiment": "neutral", "time": "Tue Mar 22 02:10:10 +0000 2016"}
{"polarity": 0.2825, "location": "New York, NY", "sentiment": "positive", "time": "Tue Mar 22 02:10:11 +0000 2016"}
{"polarity": 0.25, "location": "New York, NY", "sentiment": "positive", "time": "Tue Mar 22 02:10:13 +0000 2016"}
{"polarity": 0.0, "location": "Orlando, FL", "sentiment": "neutral", "time": "Tue Mar 22 02:10:15 +0000 2016"}
{"polarity": 0.475, "location": "Atlanta, GA", "sentiment": "positive", "time": "Tue Mar 22 02:10:18 +0000 2016"}
{"polarity": 0.3, "location": "Seattle, WA", "sentiment": "positive", "time": "Tue Mar 22 02:10:23 +0000 2016"}
{"polarity": 0.1, "location": "Atlanta, GA", "sentiment": "positive", "time": "Tue Mar 22 02:10:24 +0000 2016"}
{"polarity": -1.0, "location": "Atlanta, GA", "sentiment": "negative", "time": "Tue Mar 22 02:10:31 +0000 2016"}
{"polarity": 0.0, "location": "Atlanta, GA", "sentiment": "neutral", "time": "Tue Mar 22 02:10:39 +0000 2016"}
{"polarity": 0.14814814814814814, "location": "San Diego, CA", "sentiment": "positive", "time": "Tue Mar 22 02:10:41 +0000 2016"}
{"polarity": 0.016666666666666666, "location": "San Diego, CA", "sentiment": "positive", "time": "Tue Mar 22 02:10:41 +0000 2016"}
{"polarity": 0.0, "location": "Seattle, WA", "sentiment": "neutral", "time": "Tue Mar 22 02:10:43 +0000 2016"}
{"polarity": 0.0, "location": "Orlando, FL", "sentiment": "neutral", "time": "Tue Mar 22 02:10:43 +0000 2016"}
{"polarity": 0.0, "location": "Phoenix, AZ", "sentiment": "neutral", "time": "Tue Mar 22 02:10:46 +0000 2016"}
{"polarity": 0.6, "location": "San Diego, CA", "sentiment": "positive", "time": "Tue Mar 22 02:10:48 +0000 2016"}
{"polarity": 0.0, "location": "Boston, MA", "sentiment": "neutral", "time": "Tue Mar 22 02:10:51 +0000 2016"}
{"polarity": 0.17045454545454544, "location": "Orlando, FL", "sentiment": "positive", "time": "Tue Mar 22 02:10:58 +0000 2016"}
{"polarity": 0.0, "location": "Phoenix, AZ", "sentiment": "neutral", "time": "Tue Mar 22 02:54:01 +0000 2016"}
{"polarity": 0.0, "location": "Boston, MA", "sentiment": "neutral", "time": "Tue Mar 22 02:54:07 +0000 2016"}
{"polarity": 0.0, "location": "Atlanta, GA", "sentiment": "neutral", "time": "Tue Mar 22 02:54:11 +0000 2016"}
{"polarity": 0.2, "location": "St. Louis, MO", "sentiment": "positive", "time": "Tue Mar 22 02:54:11 +0000 2016"}
{"polarity": -0.33333333333333337, "location": "Orlando, FL", "sentiment": "negative", "time": "Tue Mar 22 02:54:12 +0000 2016"}
{"polarity": 1.0, "location": "Boston, MA", "sentiment": "positive", "time": "Tue Mar 22 02:54:12 +0000 2016"}
{"polarity": 0.41666666666666663, "location": "Phoenix, AZ", "sentiment": "positive", "time": "Tue Mar 22 02:54:14 +0000 2016"}
{"polarity": 0.0, "location": "Phoenix, AZ", "sentiment": "neutral", "time": "Tue Mar 22 02:54:17 +0000 2016"}
{"polarity": -1.0, "location": "Orlando, FL", "sentiment": "negative", "time": "Tue Mar 22 02:54:25 +0000 2016"}
{"polarity": 0.0, "location": "Boston, MA", "sentiment": "neutral", "time": "Tue Mar 22 02:54:25 +0000 2016"}
{"polarity": 0.0, "location": "New York, NY", "sentiment": "neutral", "time": "Tue Mar 22 02:54:31 +0000 2016"}
{"polarity": 0.375, "location": "Seattle, WA", "sentiment": "positive", "time": "Tue Mar 22 02:54:33 +0000 2016"}
{"polarity": -0.075, "location": "Atlanta, GA", "sentiment": "negative", "time": "Tue Mar 22 02:54:34 +0000 2016"}
{"polarity": 0.0, "location": "New York, NY", "sentiment": "neutral", "time": "Tue Mar 22 02:54:38 +0000 2016"}
{"polarity": 0.390625, "location": "San Diego, CA", "sentiment": "positive", "time": "Tue Mar 22 02:54:43 +0000 2016"}
{"polarity": 0.0, "location": "Atlanta, GA", "sentiment": "neutral", "time": "Tue Mar 22 02:54:46 +0000 2016"}
{"polarity": 0.0, "location": "Atlanta, GA", "sentiment": "neutral", "time": "Tue Mar 22 02:54:57 +0000 2016"}
{"polarity": 0.0, "location": "Orlando, FL", "sentiment": "neutral", "time": "Tue Mar 22 02:24:19 +0000 2016"}
{"polarity": 0.19999999999999998, "location": "San Diego, CA", "sentiment": "positive", "time": "Tue Mar 22 02:24:19 +0000 2016"}
{"polarity": 0.0, "location": "Portland, OR", "sentiment": "neutral", "time": "Tue Mar 22 02:24:27 +0000 2016"}
{"polarity": 0.0, "location": "New York, NY", "sentiment": "neutral", "time": "Tue Mar 22 02:24:38 +0000 2016"}
{"polarity": 0.21666666666666667, "location": "New York, NY", "sentiment": "positive", "time": "Tue Mar 22 02:24:41 +0000 2016"}
{"polarity": 0.0, "location": "San Diego, CA", "sentiment": "neutral", "time": "Tue Mar 22 02:24:41 +0000 2016"}
{"polarity": 0.0, "location": "New York, NY", "sentiment": "neutral", "time": "Tue Mar 22 02:24:43 +0000 2016"}
{"polarity": -0.125, "location": "New York, NY", "sentiment": "negative", "time": "Tue Mar 22 02:24:46 +0000 2016"}
{"polarity": -0.25, "location": "Boston, MA", "sentiment": "negative", "time": "Tue Mar 22 02:24:46 +0000 2016"}
{"polarity": 0.0, "location": "New York, NY", "sentiment": "neutral", "time": "Tue Mar 22 02:24:47 +0000 2016"}
{"polarity": 0.0, "location": "Portland, OR", "sentiment": "neutral", "time": "Tue Mar 22 02:24:56 +0000 2016"}
{"polarity": 0.15208333333333335, "location": "New York, NY", "sentiment": "positive", "time": "Tue Mar 22 02:24:57 +0000 2016"}
{"polarity": 0.16666666666666666, "location": "New York, NY", "sentiment": "positive", "time": "Tue Mar 22 02:24:59 +0000 2016"}
{"polarity": -0.45000000000000007, "location": "Atlanta, GA", "sentiment": "negative", "time": "Tue Mar 22 02:32:00 +0000 2016"}
{"polarity": 0.8, "location": "Seattle, WA", "sentiment": "positive", "time": "Tue Mar 22 02:32:02 +0000 2016"}
{"polarity": 0.0, "location": "Atlanta, GA", "sentiment": "neutral", "time": "Tue Mar 22 02:32:04 +0000 2016"}
{"polarity": -0.6999999999999998, "location": "Boston, MA", "sentiment": "negative", "time": "Tue Mar 22 02:32:12 +0000 2016"}
{"polarity": -0.45000000000000007, "location": "Atlanta, GA", "sentiment": "negative", "time": "Tue Mar 22 02:32:00 +0000 2016"}
{"polarity": -1.0, "location": "New York, NY", "sentiment": "negative", "time": "Tue Mar 22 02:32:30 +0000 2016"}
{"polarity": 0.0, "location": "Orlando, FL", "sentiment": "neutral", "time": "Tue Mar 22 02:32:30 +0000 2016"}
{"polarity": 0.0, "location": "Atlanta, GA", "sentiment": "neutral", "time": "Tue Mar 22 02:32:33 +0000 2016"}
{"polarity": 0.0, "location": "San Diego, CA", "sentiment": "neutral", "time": "Tue Mar 22 02:32:45 +0000 2016"}
{"polarity": -0.1875, "location": "Boston, MA", "sentiment": "negative", "time": "Tue Mar 22 02:32:51 +0000 2016"}
{"polarity": 0.0, "location": "Seattle, WA", "sentiment": "neutral", "time": "Tue Mar 22 02:32:51 +0000 2016"}
{"polarity": 0.0, "location": "Atlanta, GA", "sentiment": "neutral", "time": "Tue Mar 22 02:32:59 +0000 2016"}
{"polarity": 0.25, "location": "New York, NY", "sentiment": "positive", "time": "Tue Mar 22 02:36:01 +0000 2016"}
{"polarity": 0.575, "location": "New York, NY", "sentiment": "positive", "time": "Tue Mar 22 02:36:02 +0000 2016"}
{"polarity": 0.0, "location": "New York, NY", "sentiment": "neutral", "time": "Tue Mar 22 02:36:02 +0000 2016"}
{"polarity": 0.0, "location": "Atlanta, GA", "sentiment": "neutral", "time": "Tue Mar 22 02:36:06 +0000 2016"}
{"polarity": 0.8, "location": "Portland, OR", "sentiment": "positive", "time": "Tue Mar 22 02:36:11 +0000 2016"}
{"polarity": 0.0, "location": "Boston, MA", "sentiment": "neutral", "time": "Tue Mar 22 02:36:22 +0000 2016"}
{"polarity": 0.5, "location": "Phoenix, AZ", "sentiment": "positive", "time": "Tue Mar 22 02:36:26 +0000 2016"}
{"polarity": 0.1, "location": "San Diego, CA", "sentiment": "positive", "time": "Tue Mar 22 02:36:28 +0000 2016"}
{"polarity": 0.14285714285714285, "location": "Boston, MA", "sentiment": "positive", "time": "Tue Mar 22 02:36:29 +0000 2016"}
{"polarity": 0.0, "location": "Atlanta, GA", "sentiment": "neutral", "time": "Tue Mar 22 02:36:30 +0000 2016"}
{"polarity": 0.0, "location": "New York, NY", "sentiment": "neutral", "time": "Tue Mar 22 02:36:34 +0000 2016"}
{"polarity": 0.0, "location": "Boston, MA", "sentiment": "neutral", "time": "Tue Mar 22 02:36:37 +0000 2016"}
{"polarity": -0.2, "location": "San Diego, CA", "sentiment": "negative", "time": "Tue Mar 22 02:36:39 +0000 2016"}
{"polarity": 0.390625, "location": "New York, NY", "sentiment": "positive", "time": "Tue Mar 22 02:36:44 +0000 2016"}
{"polarity": 0.0, "location": "Portland, OR", "sentiment": "neutral", "time": "Tue Mar 22 02:36:47 +0000 2016"}
{"polarity": 0.3181818181818182, "location": "New York, NY", "sentiment": "positive", "time": "Tue Mar 22 02:36:55 +0000 2016"}
{"polarity": 0.85, "location": "New York, NY", "sentiment": "positive", "time": "Tue Mar 22 02:01:08 +0000 2016"}
{"polarity": 0.0, "location": "San Diego, CA", "sentiment": "neutral", "time": "Tue Mar 22 02:01:09 +0000 2016"}
{"polarity": -0.25, "location": "New York, NY", "sentiment": "negative", "time": "Tue Mar 22 02:01:10 +0000 2016"}
{"polarity": 0.35, "location": "New York, NY", "sentiment": "positive", "time": "Tue Mar 22 02:01:10 +0000 2016"}
{"polarity": 0.2, "location": "Orlando, FL", "sentiment": "positive", "time": "Tue Mar 22 02:01:19 +0000 2016"}
{"polarity": -0.15000000000000002, "location": "New York, NY", "sentiment": "negative", "time": "Tue Mar 22 02:01:23 +0000 2016"}
{"polarity": 0.8, "location": "San Diego, CA", "sentiment": "positive", "time": "Tue Mar 22 02:01:24 +0000 2016"}
{"polarity": 0.0, "location": "Atlanta, GA", "sentiment": "neutral", "time": "Tue Mar 22 02:01:30 +0000 2016"}
{"polarity": 0.0, "location": "Boston, MA", "sentiment": "neutral", "time": "Tue Mar 22 02:01:32 +0000 2016"}
{"polarity": -0.23076923076923078, "location": "Atlanta, GA", "sentiment": "negative", "time": "Tue Mar 22 02:01:33 +0000 2016"}
{"polarity": 0.3333333333333333, "location": "Seattle, WA", "sentiment": "positive", "time": "Tue Mar 22 02:01:36 +0000 2016"}
{"polarity": 0.625, "location": "Orlando, FL", "sentiment": "positive", "time": "Tue Mar 22 02:01:37 +0000 2016"}
{"polarity": 0.0, "location": "Boston, MA", "sentiment": "neutral", "time": "Tue Mar 22 02:01:42 +0000 2016"}
{"polarity": 0.175, "location": "Orlando, FL", "sentiment": "positive", "time": "Tue Mar 22 02:01:51 +0000 2016"}
{"polarity": -0.14285714285714285, "location": "Portland, OR", "sentiment": "negative", "time": "Tue Mar 22 02:01:56 +0000 2016"}
{"polarity": 0.08, "location": "Seattle, WA", "sentiment": "positive", "time": "Tue Mar 22 02:55:01 +0000 2016"}
{"polarity": 0.0, "location": "Atlanta, GA", "sentiment": "neutral", "time": "Tue Mar 22 02:55:11 +0000 2016"}
{"polarity": 0.0, "location": "San Diego, CA", "sentiment": "neutral", "time": "Tue Mar 22 02:55:18 +0000 2016"}
{"polarity": 0.0, "location": "New York, NY", "sentiment": "neutral", "time": "Tue Mar 22 02:55:28 +0000 2016"}
{"polarity": 0.0, "location": "San Diego, CA", "sentiment": "neutral", "time": "Tue Mar 22 02:55:34 +0000 2016"}
{"polarity": -0.05, "location": "New York, NY", "sentiment": "negative", "time": "Tue Mar 22 02:55:45 +0000 2016"}
{"polarity": 0.0, "location": "Boston, MA", "sentiment": "neutral", "time": "Tue Mar 22 02:55:52 +0000 2016"}
{"polarity": 1.0, "location": "Phoenix, AZ", "sentiment": "positive", "time": "Tue Mar 22 02:55:57 +0000 2016"}
{"polarity": 0.0, "location": "Atlanta, GA", "sentiment": "neutral", "time": "Tue Mar 22 02:55:57 +0000 2016"}
{"polarity": 0.0, "location": "New York, NY", "sentiment": "neutral", "time": "Tue Mar 22 02:09:01 +0000 2016"}
{"polarity": 0.09999999999999999, "location": "New York, NY", "sentiment": "positive", "time": "Tue Mar 22 02:09:07 +0000 2016"}
{"polarity": 0.0, "location": "New York, NY", "sentiment": "neutral", "time": "Tue Mar 22 02:09:08 +0000 2016"}
{"polarity": 0.2111111111111111, "location": "Boston, MA", "sentiment": "positive", "time": "Tue Mar 22 02:09:20 +0000 2016"}
{"polarity": 0.0, "location": "Seattle, WA", "sentiment": "neutral", "time": "Tue Mar 22 02:09:31 +0000 2016"}
{"polarity": 0.125, "location": "Orlando, FL", "sentiment": "positive", "time": "Tue Mar 22 02:09:32 +0000 2016"}
{"polarity": -0.056249999999999994, "location": "Atlanta, GA", "sentiment": "negative", "time": "Tue Mar 22 02:09:35 +0000 2016"}
{"polarity": 0.2, "location": "Phoenix, AZ", "sentiment": "positive", "time": "Tue Mar 22 02:09:40 +0000 2016"}
{"polarity": 0.7, "location": "Atlanta, GA", "sentiment": "positive", "time": "Tue Mar 22 02:09:41 +0000 2016"}
{"polarity": 0.0, "location": "New York, NY", "sentiment": "neutral", "time": "Tue Mar 22 02:33:03 +0000 2016"}
{"polarity": 0.075, "location": "Phoenix, AZ", "sentiment": "positive", "time": "Tue Mar 22 02:33:21 +0000 2016"}
{"polarity": 0.55, "location": "New York, NY", "sentiment": "positive", "time": "Tue Mar 22 02:33:25 +0000 2016"}
{"polarity": 0.0, "location": "New York, NY", "sentiment": "neutral", "time": "Tue Mar 22 02:33:26 +0000 2016"}
{"polarity": 0.0, "location": "Seattle, WA", "sentiment": "neutral", "time": "Tue Mar 22 02:33:38 +0000 2016"}
{"polarity": 0.325, "location": "Orlando, FL", "sentiment": "positive", "time": "Tue Mar 22 02:33:43 +0000 2016"}
{"polarity": 0.0, "location": "Orlando, FL", "sentiment": "neutral", "time": "Tue Mar 22 02:33:46 +0000 2016"}
{"polarity": 0.0, "location": "Atlanta, GA", "sentiment": "neutral", "time": "Tue Mar 22 02:33:51 +0000 2016"}
{"polarity": 0.0, "location": "Atlanta, GA", "sentiment": "neutral", "time": "Tue Mar 22 02:33:53 +0000 2016"}
{"polarity": 0.0, "location": "Atlanta, GA", "sentiment": "neutral", "time": "Tue Mar 22 02:33:54 +0000 2016"}
{"polarity": 0.35, "location": "Boston, MA", "sentiment": "positive", "time": "Tue Mar 22 02:33:56 +0000 2016"}
{"polarity": 1.0, "location": "Portland, OR", "sentiment": "positive", "time": "Tue Mar 22 02:33:49 +0000 2016"}
{"polarity": 0.06818181818181818, "location": "New York, NY", "sentiment": "positive", "time": "Tue Mar 22 02:44:20 +0000 2016"}
{"polarity": 0.0, "location": "Phoenix, AZ", "sentiment": "neutral", "time": "Tue Mar 22 02:44:21 +0000 2016"}
{"polarity": -0.08181818181818182, "location": "New York, NY", "sentiment": "negative", "time": "Tue Mar 22 02:44:24 +0000 2016"}
{"polarity": 0.0, "location": "Atlanta, GA", "sentiment": "neutral", "time": "Tue Mar 22 02:44:26 +0000 2016"}
{"polarity": 0.0, "location": "Atlanta, GA", "sentiment": "neutral", "time": "Tue Mar 22 02:44:30 +0000 2016"}
{"polarity": 0.0, "location": "Orlando, FL", "sentiment": "neutral", "time": "Tue Mar 22 02:44:32 +0000 2016"}
{"polarity": -0.0916666666666667, "location": "Atlanta, GA", "sentiment": "negative", "time": "Tue Mar 22 02:44:42 +0000 2016"}
{"polarity": 0.0, "location": "Atlanta, GA", "sentiment": "neutral", "time": "Tue Mar 22 02:44:48 +0000 2016"}
{"polarity": 0.23000000000000004, "location": "Atlanta, GA", "sentiment": "positive", "time": "Tue Mar 22 02:44:49 +0000 2016"}
{"polarity": -0.15000000000000002, "location": "Atlanta, GA", "sentiment": "negative", "time": "Tue Mar 22 02:44:54 +0000 2016"}
{"polarity": 0.0, "location": "Boston, MA", "sentiment": "neutral", "time": "Tue Mar 22 02:28:03 +0000 2016"}
{"polarity": 0.1, "location": "San Diego, CA", "sentiment": "positive", "time": "Tue Mar 22 02:28:03 +0000 2016"}
{"polarity": 0.0, "location": "San Diego, CA", "sentiment": "neutral", "time": "Tue Mar 22 02:28:18 +0000 2016"}
{"polarity": 0.0, "location": "Portland, OR", "sentiment": "neutral", "time": "Tue Mar 22 02:28:21 +0000 2016"}
{"polarity": 0.3, "location": "New York, NY", "sentiment": "positive", "time": "Tue Mar 22 02:28:23 +0000 2016"}
{"polarity": 0.1, "location": "Orlando, FL", "sentiment": "positive", "time": "Tue Mar 22 02:28:26 +0000 2016"}
{"polarity": 0.03333333333333333, "location": "Orlando, FL", "sentiment": "positive", "time": "Tue Mar 22 02:28:29 +0000 2016"}
{"polarity": -0.22499999999999998, "location": "Portland, OR", "sentiment": "negative", "time": "Tue Mar 22 02:28:31 +0000 2016"}
{"polarity": 0.08333333333333333, "location": "San Diego, CA", "sentiment": "positive", "time": "Tue Mar 22 02:28:44 +0000 2016"}
{"polarity": 0.0, "location": "Orlando, FL", "sentiment": "neutral", "time": "Tue Mar 22 02:28:53 +0000 2016"}
{"polarity": 0.0, "location": "Seattle, WA", "sentiment": "neutral", "time": "Tue Mar 22 02:28:54 +0000 2016"}
{"polarity": 0.0, "location": "Seattle, WA", "sentiment": "neutral", "time": "Tue Mar 22 02:28:55 +0000 2016"}
{"polarity": 0.0, "location": "New York, NY", "sentiment": "neutral", "time": "Tue Mar 22 02:22:07 +0000 2016"}
{"polarity": 0.0, "location": "Atlanta, GA", "sentiment": "neutral", "time": "Tue Mar 22 02:22:09 +0000 2016"}
{"polarity": 0.5, "location": "San Diego, CA", "sentiment": "positive", "time": "Tue Mar 22 02:22:15 +0000 2016"}
{"polarity": 0.0, "location": "Boston, MA", "sentiment": "neutral", "time": "Tue Mar 22 02:22:15 +0000 2016"}
{"polarity": 0.0, "location": "San Diego, CA", "sentiment": "neutral", "time": "Tue Mar 22 02:22:18 +0000 2016"}
{"polarity": 0.0, "location": "Seattle, WA", "sentiment": "neutral", "time": "Tue Mar 22 02:22:20 +0000 2016"}
{"polarity": 0.0, "location": "Boston, MA", "sentiment": "neutral", "time": "Tue Mar 22 02:22:23 +0000 2016"}
{"polarity": 0.0, "location": "San Diego, CA", "sentiment": "neutral", "time": "Tue Mar 22 02:22:24 +0000 2016"}
{"polarity": 0.0, "location": "Atlanta, GA", "sentiment": "neutral", "time": "Tue Mar 22 02:22:31 +0000 2016"}
{"polarity": 0.0, "location": "Seattle, WA", "sentiment": "neutral", "time": "Tue Mar 22 02:22:34 +0000 2016"}
{"polarity": 0.0, "location": "Boston, MA", "sentiment": "neutral", "time": "Tue Mar 22 02:22:35 +0000 2016"}
{"polarity": -0.08531746031746033, "location": "San Diego, CA", "sentiment": "negative", "time": "Tue Mar 22 02:22:36 +0000 2016"}
{"polarity": 0.17857142857142855, "location": "New York, NY", "sentiment": "positive", "time": "Tue Mar 22 02:22:38 +0000 2016"}
{"polarity": 0.3, "location": "San Diego, CA", "sentiment": "positive", "time": "Tue Mar 22 02:22:38 +0000 2016"}
{"polarity": 0.0, "location": "San Diego, CA", "sentiment": "neutral", "time": "Tue Mar 22 02:22:56 +0000 2016"}
{"polarity": -0.3125, "location": "San Diego, CA", "sentiment": "negative", "time": "Tue Mar 22 02:22:58 +0000 2016"}
{"polarity": 0.0, "location": "New York, NY", "sentiment": "neutral", "time": "Tue Mar 22 02:49:26 +0000 2016"}
{"polarity": 0.2857142857142857, "location": "Atlanta, GA", "sentiment": "positive", "time": "Tue Mar 22 02:49:30 +0000 2016"}
{"polarity": 0.5, "location": "Boston, MA", "sentiment": "positive", "time": "Tue Mar 22 02:49:44 +0000 2016"}
{"polarity": 0.0, "location": "Boston, MA", "sentiment": "neutral", "time": "Tue Mar 22 02:49:52 +0000 2016"}
{"polarity": 0.0, "location": "Atlanta, GA", "sentiment": "neutral", "time": "Tue Mar 22 02:49:52 +0000 2016"}
{"polarity": 0.0, "location": "Boston, MA", "sentiment": "neutral", "time": "Tue Mar 22 02:45:01 +0000 2016"}
{"polarity": 0.6, "location": "San Diego, CA", "sentiment": "positive", "time": "Tue Mar 22 02:45:03 +0000 2016"}
{"polarity": 0.0, "location": "New York, NY", "sentiment": "neutral", "time": "Tue Mar 22 02:45:04 +0000 2016"}
{"polarity": 0.0, "location": "New York, NY", "sentiment": "neutral", "time": "Tue Mar 22 02:45:04 +0000 2016"}
{"polarity": 0.0, "location": "New York, NY", "sentiment": "neutral", "time": "Tue Mar 22 02:45:06 +0000 2016"}
{"polarity": 0.0, "location": "Portland, OR", "sentiment": "neutral", "time": "Tue Mar 22 02:45:08 +0000 2016"}
{"polarity": 0.14285714285714285, "location": "Atlanta, GA", "sentiment": "positive", "time": "Tue Mar 22 02:45:10 +0000 2016"}
{"polarity": 0.6, "location": "San Diego, CA", "sentiment": "positive", "time": "Tue Mar 22 02:45:11 +0000 2016"}
{"polarity": 0.0, "location": "St. Louis, MO", "sentiment": "neutral", "time": "Tue Mar 22 02:45:16 +0000 2016"}
{"polarity": 0.23611111111111113, "location": "Seattle, WA", "sentiment": "positive", "time": "Tue Mar 22 02:45:19 +0000 2016"}
{"polarity": 0.0, "location": "Orlando, FL", "sentiment": "neutral", "time": "Tue Mar 22 02:45:19 +0000 2016"}
{"polarity": 0.35, "location": "New York, NY", "sentiment": "positive", "time": "Tue Mar 22 02:45:20 +0000 2016"}
{"polarity": -0.09722222222222222, "location": "Boston, MA", "sentiment": "negative", "time": "Tue Mar 22 02:45:23 +0000 2016"}
{"polarity": 0.15000000000000005, "location": "Boston, MA", "sentiment": "positive", "time": "Tue Mar 22 02:45:50 +0000 2016"}
{"polarity": 0.5, "location": "Seattle, WA", "sentiment": "positive", "time": "Tue Mar 22 02:06:01 +0000 2016"}
{"polarity": 0.0, "location": "Boston, MA", "sentiment": "neutral", "time": "Tue Mar 22 02:06:15 +0000 2016"}
{"polarity": 0.0, "location": "New York, NY", "sentiment": "neutral", "time": "Tue Mar 22 02:06:17 +0000 2016"}
{"polarity": 1.0, "location": "New York, NY", "sentiment": "positive", "time": "Tue Mar 22 02:06:20 +0000 2016"}
{"polarity": 1.0, "location": "Atlanta, GA", "sentiment": "positive", "time": "Tue Mar 22 02:06:23 +0000 2016"}
{"polarity": 0.3333333333333333, "location": "Atlanta, GA", "sentiment": "positive", "time": "Tue Mar 22 02:06:30 +0000 2016"}
{"polarity": 0.5, "location": "Seattle, WA", "sentiment": "positive", "time": "Tue Mar 22 02:06:31 +0000 2016"}
{"polarity": 0.31746031746031744, "location": "Boston, MA", "sentiment": "positive", "time": "Tue Mar 22 02:06:38 +0000 2016"}
{"polarity": 0.0, "location": "Portland, OR", "sentiment": "neutral", "time": "Tue Mar 22 02:06:44 +0000 2016"}
{"polarity": 0.0, "location": "Atlanta, GA", "sentiment": "neutral", "time": "Tue Mar 22 02:06:44 +0000 2016"}
{"polarity": 0.0, "location": "New York, NY", "sentiment": "neutral", "time": "Tue Mar 22 02:20:02 +0000 2016"}
{"polarity": 0.2, "location": "San Diego, CA", "sentiment": "positive", "time": "Tue Mar 22 02:20:08 +0000 2016"}
{"polarity": 0.0, "location": "New York, NY", "sentiment": "neutral", "time": "Tue Mar 22 02:20:37 +0000 2016"}
{"polarity": 0.0, "location": "Phoenix, AZ", "sentiment": "neutral", "time": "Tue Mar 22 02:13:04 +0000 2016"}
{"polarity": 0.0, "location": "Atlanta, GA", "sentiment": "neutral", "time": "Tue Mar 22 02:13:06 +0000 2016"}
{"polarity": 0.0, "location": "New York, NY", "sentiment": "neutral", "time": "Tue Mar 22 02:13:07 +0000 2016"}
{"polarity": 0.25, "location": "New York, NY", "sentiment": "positive", "time": "Tue Mar 22 02:13:13 +0000 2016"}
{"polarity": 0.0, "location": "Boston, MA", "sentiment": "neutral", "time": "Tue Mar 22 02:13:16 +0000 2016"}
{"polarity": 0.6, "location": "Atlanta, GA", "sentiment": "positive", "time": "Tue Mar 22 02:13:21 +0000 2016"}
{"polarity": 0.0, "location": "Atlanta, GA", "sentiment": "neutral", "time": "Tue Mar 22 02:13:24 +0000 2016"}
{"polarity": 0.35, "location": "New York, NY", "sentiment": "positive", "time": "Tue Mar 22 02:13:30 +0000 2016"}
{"polarity": 0.0, "location": "Atlanta, GA", "sentiment": "neutral", "time": "Tue Mar 22 02:13:39 +0000 2016"}
{"polarity": 0.0, "location": "Portland, OR", "sentiment": "neutral", "time": "Tue Mar 22 02:13:41 +0000 2016"}
{"polarity": 0.0, "location": "Atlanta, GA", "sentiment": "neutral", "time": "Tue Mar 22 02:13:41 +0000 2016"}
{"polarity": 0.1, "location": "New York, NY", "sentiment": "positive", "time": "Tue Mar 22 02:13:42 +0000 2016"}
{"polarity": -0.6, "location": "Boston, MA", "sentiment": "negative", "time": "Tue Mar 22 02:13:47 +0000 2016"}
{"polarity": 0.32499999999999996, "location": "Phoenix, AZ", "sentiment": "positive", "time": "Tue Mar 22 02:13:58 +0000 2016"}
{"polarity": 0.0, "location": "Atlanta, GA", "sentiment": "neutral", "time": "Tue Mar 22 02:13:58 +0000 2016"}
{"polarity": 0.0, "location": "Atlanta, GA", "sentiment": "neutral", "time": "Tue Mar 22 02:13:58 +0000 2016"}
{"polarity": -0.2, "location": "Atlanta, GA", "sentiment": "negative", "time": "Tue Mar 22 02:04:03 +0000 2016"}
{"polarity": 0.0, "location": "Seattle, WA", "sentiment": "neutral", "time": "Tue Mar 22 02:04:05 +0000 2016"}
{"polarity": -0.6999999999999998, "location": "New York, NY", "sentiment": "negative", "time": "Tue Mar 22 02:04:06 +0000 2016"}
{"polarity": 0.0, "location": "Atlanta, GA", "sentiment": "neutral", "time": "Tue Mar 22 02:04:10 +0000 2016"}
{"polarity": 0.0, "location": "Orlando, FL", "sentiment": "neutral", "time": "Tue Mar 22 02:04:20 +0000 2016"}
{"polarity": -0.2, "location": "Atlanta, GA", "sentiment": "negative", "time": "Tue Mar 22 02:04:22 +0000 2016"}
{"polarity": 0.0, "location": "New York, NY", "sentiment": "neutral", "time": "Tue Mar 22 02:04:35 +0000 2016"}
{"polarity": 0.5, "location": "Boston, MA", "sentiment": "positive", "time": "Tue Mar 22 02:04:53 +0000 2016"}
{"polarity": 0.5, "location": "New York, NY", "sentiment": "positive", "time": "Mon Mar 21 08:39:22 +0000 2016"}
{"polarity": 0.0, "location": "Seattle, WA", "sentiment": "neutral", "time": "Mon Mar 21 08:39:52 +0000 2016"}
{"polarity": 0.43, "location": "New York, NY", "sentiment": "positive", "time": "Mon Mar 21 08:19:04 +0000 2016"}
{"polarity": 0.0, "location": "Seattle, WA", "sentiment": "neutral", "time": "Mon Mar 21 08:19:38 +0000 2016"}
{"polarity": 0.0, "location": "Orlando, FL", "sentiment": "neutral", "time": "Mon Mar 21 08:19:43 +0000 2016"}
{"polarity": 0.0, "location": "San Diego, CA", "sentiment": "neutral", "time": "Mon Mar 21 08:37:00 +0000 2016"}
{"polarity": 0.6, "location": "Boston, MA", "sentiment": "positive", "time": "Mon Mar 21 08:37:26 +0000 2016"}
{"polarity": 0.13636363636363635, "location": "Atlanta, GA", "sentiment": "positive", "time": "Mon Mar 21 08:37:33 +0000 2016"}
{"polarity": 0.3541666666666667, "location": "Atlanta, GA", "sentiment": "positive", "time": "Mon Mar 21 08:31:19 +0000 2016"}
{"polarity": 0.15, "location": "San Diego, CA", "sentiment": "positive", "time": "Mon Mar 21 08:31:52 +0000 2016"}
{"polarity": 0.0, "location": "Orlando, FL", "sentiment": "neutral", "time": "Mon Mar 21 08:41:14 +0000 2016"}
{"polarity": -0.4, "location": "New York, NY", "sentiment": "negative", "time": "Mon Mar 21 08:57:44 +0000 2016"}
{"polarity": -0.1, "location": "New York, NY", "sentiment": "negative", "time": "Mon Mar 21 08:57:50 +0000 2016"}
{"polarity": 0.25, "location": "San Diego, CA", "sentiment": "positive", "time": "Mon Mar 21 08:26:08 +0000 2016"}
{"polarity": 0.0, "location": "Atlanta, GA", "sentiment": "neutral", "time": "Mon Mar 21 08:26:20 +0000 2016"}
{"polarity": 0.0, "location": "San Diego, CA", "sentiment": "neutral", "time": "Mon Mar 21 08:26:27 +0000 2016"}
{"polarity": 0.0, "location": "Atlanta, GA", "sentiment": "neutral", "time": "Mon Mar 21 08:58:25 +0000 2016"}
{"polarity": 0.6000000000000001, "location": "Boston, MA", "sentiment": "positive", "time": "Mon Mar 21 08:42:06 +0000 2016"}
{"polarity": 0.0, "location": "Seattle, WA", "sentiment": "neutral", "time": "Mon Mar 21 08:42:19 +0000 2016"}
{"polarity": 0.0, "location": "New York, NY", "sentiment": "neutral", "time": "Mon Mar 21 08:42:26 +0000 2016"}
{"polarity": 0.2, "location": "Phoenix, AZ", "sentiment": "positive", "time": "Mon Mar 21 08:42:27 +0000 2016"}
{"polarity": 0.0, "location": "Orlando, FL", "sentiment": "neutral", "time": "Mon Mar 21 08:42:32 +0000 2016"}
{"polarity": 0.0, "location": "Seattle, WA", "sentiment": "neutral", "time": "Mon Mar 21 08:50:39 +0000 2016"}
{"polarity": 0.0, "location": "Atlanta, GA", "sentiment": "neutral", "time": "Mon Mar 21 08:50:40 +0000 2016"}
{"polarity": -0.625, "location": "Portland, OR", "sentiment": "negative", "time": "Mon Mar 21 08:50:44 +0000 2016"}
{"polarity": 0.0, "location": "Orlando, FL", "sentiment": "neutral", "time": "Mon Mar 21 08:50:59 +0000 2016"}
{"polarity": 0.1, "location": "San Diego, CA", "sentiment": "positive", "time": "Mon Mar 21 08:15:12 +0000 2016"}
{"polarity": 0.0, "location": "San Diego, CA", "sentiment": "neutral", "time": "Mon Mar 21 08:15:24 +0000 2016"}
{"polarity": 0.0, "location": "Seattle, WA", "sentiment": "neutral", "time": "Mon Mar 21 08:15:26 +0000 2016"}
{"polarity": 0.0, "location": "Boston, MA", "sentiment": "neutral", "time": "Mon Mar 21 08:38:04 +0000 2016"}
{"polarity": 0.0, "location": "Atlanta, GA", "sentiment": "neutral", "time": "Mon Mar 21 08:38:06 +0000 2016"}
{"polarity": 0.7, "location": "Atlanta, GA", "sentiment": "positive", "time": "Mon Mar 21 08:38:45 +0000 2016"}
{"polarity": 0.0, "location": "San Diego, CA", "sentiment": "neutral", "time": "Mon Mar 21 08:21:16 +0000 2016"}
{"polarity": 0.0, "location": "Seattle, WA", "sentiment": "neutral", "time": "Mon Mar 21 08:17:10 +0000 2016"}
{"polarity": 0.0, "location": "Atlanta, GA", "sentiment": "neutral", "time": "Mon Mar 21 08:17:13 +0000 2016"}
{"polarity": 0.04722222222222221, "location": "San Diego, CA", "sentiment": "positive", "time": "Mon Mar 21 08:17:54 +0000 2016"}
{"polarity": 0.0, "location": "Atlanta, GA", "sentiment": "neutral", "time": "Mon Mar 21 08:12:06 +0000 2016"}
{"polarity": 0.13636363636363635, "location": "New York, NY", "sentiment": "positive", "time": "Mon Mar 21 08:12:13 +0000 2016"}
{"polarity": 0.0, "location": "Seattle, WA", "sentiment": "neutral", "time": "Mon Mar 21 08:12:27 +0000 2016"}
{"polarity": 0.0, "location": "New York, NY", "sentiment": "neutral", "time": "Mon Mar 21 08:12:35 +0000 2016"}
{"polarity": 0.0, "location": "Orlando, FL", "sentiment": "neutral", "time": "Mon Mar 21 08:12:43 +0000 2016"}
{"polarity": 0.0, "location": "Seattle, WA", "sentiment": "neutral", "time": "Mon Mar 21 08:29:33 +0000 2016"}
{"polarity": -0.15555555555555559, "location": "Boston, MA", "sentiment": "negative", "time": "Mon Mar 21 08:29:40 +0000 2016"}
{"polarity": 0.0, "location": "Seattle, WA", "sentiment": "neutral", "time": "Mon Mar 21 08:18:23 +0000 2016"}
{"polarity": 0.0, "location": "Atlanta, GA", "sentiment": "neutral", "time": "Mon Mar 21 08:18:27 +0000 2016"}
{"polarity": -0.25, "location": "Portland, OR", "sentiment": "negative", "time": "Mon Mar 21 08:18:42 +0000 2016"}
{"polarity": 0.0, "location": "Seattle, WA", "sentiment": "neutral", "time": "Mon Mar 21 08:18:48 +0000 2016"}
{"polarity": 0.03333333333333333, "location": "Seattle, WA", "sentiment": "positive", "time": "Mon Mar 21 08:00:20 +0000 2016"}
{"polarity": 0.0, "location": "New York, NY", "sentiment": "neutral", "time": "Mon Mar 21 08:00:23 +0000 2016"}
{"polarity": 0.1621212121212121, "location": "Orlando, FL", "sentiment": "positive", "time": "Mon Mar 21 08:00:24 +0000 2016"}
{"polarity": 0.0, "location": "New York, NY", "sentiment": "neutral", "time": "Mon Mar 21 08:00:52 +0000 2016"}
{"polarity": 0.0, "location": "New York, NY", "sentiment": "neutral", "time": "Mon Mar 21 08:34:59 +0000 2016"}
{"polarity": 0.0, "location": "Boston, MA", "sentiment": "neutral", "time": "Mon Mar 21 08:05:08 +0000 2016"}
{"polarity": 0.43333333333333335, "location": "San Diego, CA", "sentiment": "positive", "time": "Mon Mar 21 08:05:32 +0000 2016"}
{"polarity": 0.35, "location": "Phoenix, AZ", "sentiment": "positive", "time": "Mon Mar 21 08:05:39 +0000 2016"}
{"polarity": 0.19999999999999998, "location": "San Diego, CA", "sentiment": "positive", "time": "Mon Mar 21 08:05:44 +0000 2016"}
{"polarity": 0.625, "location": "New York, NY", "sentiment": "positive", "time": "Mon Mar 21 08:56:32 +0000 2016"}
{"polarity": 0.0, "location": "San Diego, CA", "sentiment": "neutral", "time": "Mon Mar 21 08:47:12 +0000 2016"}
{"polarity": 0.5204545454545455, "location": "New York, NY", "sentiment": "positive", "time": "Mon Mar 21 08:47:24 +0000 2016"}
{"polarity": 0.0, "location": "Atlanta, GA", "sentiment": "neutral", "time": "Mon Mar 21 08:47:32 +0000 2016"}
{"polarity": 0.0, "location": "Orlando, FL", "sentiment": "neutral", "time": "Mon Mar 21 08:52:22 +0000 2016"}
{"polarity": 0.25, "location": "Portland, OR", "sentiment": "positive", "time": "Mon Mar 21 08:53:28 +0000 2016"}
{"polarity": 0.0, "location": "Seattle, WA", "sentiment": "neutral", "time": "Mon Mar 21 08:53:35 +0000 2016"}
{"polarity": 0.0, "location": "Portland, OR", "sentiment": "neutral", "time": "Mon Mar 21 08:53:49 +0000 2016"}
{"polarity": 0.0, "location": "San Diego, CA", "sentiment": "neutral", "time": "Mon Mar 21 08:02:28 +0000 2016"}
{"polarity": 0.0, "location": "New York, NY", "sentiment": "neutral", "time": "Mon Mar 21 08:02:36 +0000 2016"}
{"polarity": 0.0, "location": "Atlanta, GA", "sentiment": "neutral", "time": "Mon Mar 21 08:02:49 +0000 2016"}
{"polarity": 0.35, "location": "Phoenix, AZ", "sentiment": "positive", "time": "Mon Mar 21 08:48:13 +0000 2016"}
{"polarity": 0.0, "location": "San Diego, CA", "sentiment": "neutral", "time": "Mon Mar 21 08:48:19 +0000 2016"}
{"polarity": 0.0, "location": "Seattle, WA", "sentiment": "neutral", "time": "Mon Mar 21 08:48:21 +0000 2016"}
{"polarity": 0.0, "location": "New York, NY", "sentiment": "neutral", "time": "Mon Mar 21 08:25:06 +0000 2016"}
{"polarity": 0.13636363636363635, "location": "Atlanta, GA", "sentiment": "positive", "time": "Mon Mar 21 08:25:44 +0000 2016"}
{"polarity": 0.0, "location": "Portland, OR", "sentiment": "neutral", "time": "Mon Mar 21 08:16:44 +0000 2016"}
{"polarity": 0.2, "location": "San Diego, CA", "sentiment": "positive", "time": "Mon Mar 21 08:14:09 +0000 2016"}
{"polarity": 0.36948051948051946, "location": "Phoenix, AZ", "sentiment": "positive", "time": "Mon Mar 21 08:23:35 +0000 2016"}
{"polarity": 0.0, "location": "Atlanta, GA", "sentiment": "neutral", "time": "Mon Mar 21 08:07:01 +0000 2016"}
{"polarity": 0.0, "location": "Portland, OR", "sentiment": "neutral", "time": "Mon Mar 21 08:07:39 +0000 2016"}
{"polarity": -0.1, "location": "Atlanta, GA", "sentiment": "negative", "time": "Mon Mar 21 08:07:47 +0000 2016"}
{"polarity": 0.020833333333333332, "location": "Phoenix, AZ", "sentiment": "positive", "time": "Mon Mar 21 08:51:13 +0000 2016"}
{"polarity": 0.0, "location": "Phoenix, AZ", "sentiment": "neutral", "time": "Mon Mar 21 08:30:00 +0000 2016"}
{"polarity": -0.4, "location": "Phoenix, AZ", "sentiment": "negative", "time": "Mon Mar 21 08:30:07 +0000 2016"}
{"polarity": -0.016666666666666663, "location": "San Diego, CA", "sentiment": "negative", "time": "Mon Mar 21 08:30:20 +0000 2016"}
{"polarity": 0.0, "location": "New York, NY", "sentiment": "neutral", "time": "Mon Mar 21 08:30:38 +0000 2016"}
{"polarity": -0.8, "location": "Atlanta, GA", "sentiment": "negative", "time": "Mon Mar 21 08:30:45 +0000 2016"}
{"polarity": 0.0, "location": "Seattle, WA", "sentiment": "neutral", "time": "Mon Mar 21 08:03:02 +0000 2016"}
{"polarity": 0.3, "location": "San Diego, CA", "sentiment": "positive", "time": "Mon Mar 21 08:03:09 +0000 2016"}
{"polarity": -0.125, "location": "Atlanta, GA", "sentiment": "negative", "time": "Mon Mar 21 08:03:32 +0000 2016"}
{"polarity": 0.0, "location": "Seattle, WA", "sentiment": "neutral", "time": "Mon Mar 21 08:03:51 +0000 2016"}
{"polarity": 1.0, "location": "Atlanta, GA", "sentiment": "positive", "time": "Mon Mar 21 08:40:36 +0000 2016"}
{"polarity": 0.0, "location": "Atlanta, GA", "sentiment": "neutral", "time": "Mon Mar 21 08:40:48 +0000 2016"}
{"polarity": 0.0, "location": "San Diego, CA", "sentiment": "neutral", "time": "Mon Mar 21 08:08:14 +0000 2016"}
{"polarity": 0.0, "location": "New York, NY", "sentiment": "neutral", "time": "Mon Mar 21 08:08:27 +0000 2016"}
{"polarity": 0.0, "location": "Phoenix, AZ", "sentiment": "neutral", "time": "Mon Mar 21 08:08:45 +0000 2016"}
{"polarity": 0.0, "location": "San Diego, CA", "sentiment": "neutral", "time": "Mon Mar 21 08:35:03 +0000 2016"}
{"polarity": 0.0, "location": "Seattle, WA", "sentiment": "neutral", "time": "Mon Mar 21 08:35:13 +0000 2016"}
{"polarity": 0.5, "location": "San Diego, CA", "sentiment": "positive", "time": "Mon Mar 21 08:43:04 +0000 2016"}
{"polarity": 0.0, "location": "Boston, MA", "sentiment": "neutral", "time": "Mon Mar 21 08:43:59 +0000 2016"}
{"polarity": 0.0, "location": "Seattle, WA", "sentiment": "neutral", "time": "Mon Mar 21 08:10:42 +0000 2016"}
{"polarity": 0.13636363636363635, "location": "Phoenix, AZ", "sentiment": "positive", "time": "Mon Mar 21 08:10:44 +0000 2016"}
{"polarity": 0.7, "location": "Seattle, WA", "sentiment": "positive", "time": "Mon Mar 21 08:54:07 +0000 2016"}
{"polarity": 0.13636363636363635, "location": "Phoenix, AZ", "sentiment": "positive", "time": "Mon Mar 21 08:54:14 +0000 2016"}
{"polarity": 0.13636363636363635, "location": "Phoenix, AZ", "sentiment": "positive", "time": "Mon Mar 21 08:24:07 +0000 2016"}
{"polarity": 0.0, "location": "Portland, OR", "sentiment": "neutral", "time": "Mon Mar 21 08:24:15 +0000 2016"}
{"polarity": 0.0, "location": "New York, NY", "sentiment": "neutral", "time": "Mon Mar 21 08:24:26 +0000 2016"}
{"polarity": -0.025000000000000005, "location": "San Diego, CA", "sentiment": "negative", "time": "Mon Mar 21 08:32:06 +0000 2016"}
{"polarity": -0.4, "location": "Seattle, WA", "sentiment": "negative", "time": "Mon Mar 21 08:32:15 +0000 2016"}
{"polarity": 0.7, "location": "Seattle, WA", "sentiment": "positive", "time": "Mon Mar 21 08:32:23 +0000 2016"}
{"polarity": 0.0, "location": "Atlanta, GA", "sentiment": "neutral", "time": "Mon Mar 21 08:36:03 +0000 2016"}
{"polarity": 0.16666666666666674, "location": "Seattle, WA", "sentiment": "positive", "time": "Mon Mar 21 08:36:08 +0000 2016"}
