{"polarity": 1.0, "location": "Boston, MA", "sentiment": "positive", "time": "Fri Mar 11 13:57:09 +0000 2016"}
{"polarity": 0.0, "location": "New York, NY", "sentiment": "neutral", "time": "Fri Mar 11 13:57:18 +0000 2016"}
{"polarity": 0.24318181818181817, "location": "New York, NY", "sentiment": "positive", "time": "Fri Mar 11 13:57:19 +0000 2016"}
{"polarity": 1.0, "location": "Boston, MA", "sentiment": "positive", "time": "Fri Mar 11 13:57:21 +0000 2016"}
{"polarity": 0.75, "location": "Seattle, WA", "sentiment": "positive", "time": "Fri Mar 11 13:57:26 +0000 2016"}
{"polarity": -0.6357828776041665, "location": "Atlanta, GA", "sentiment": "negative", "time": "Fri Mar 11 13:57:35 +0000 2016"}
{"polarity": 0.0, "location": "New York, NY", "sentiment": "neutral", "time": "Fri Mar 11 13:57:48 +0000 2016"}
{"polarity": 0.43333333333333335, "location": "Boston, MA", "sentiment": "positive", "time": "Fri Mar 11 13:57:56 +0000 2016"}
{"polarity": 0.0, "location": "Atlanta, GA", "sentiment": "neutral", "time": "Fri Mar 11 13:26:44 +0000 2016"}
{"polarity": 0.0, "location": "New York, NY", "sentiment": "neutral", "time": "Fri Mar 11 13:58:05 +0000 2016"}
{"polarity": 0.024999999999999994, "location": "New York, NY", "sentiment": "positive", "time": "Fri Mar 11 13:58:41 +0000 2016"}
{"polarity": 0.0, "location": "New York, NY", "sentiment": "neutral", "time": "Fri Mar 11 13:58:46 +0000 2016"}
{"polarity": -0.7999999999999999, "location": "Atlanta, GA", "sentiment": "negative", "time": "Fri Mar 11 13:58:50 +0000 2016"}
{"polarity": 1.0, "location": "New York, NY", "sentiment": "positive", "time": "Fri Mar 11 13:58:56 +0000 2016"}
{"polarity": 0.2, "location": "New York, NY", "sentiment": "positive", "time": "Fri Mar 11 13:42:01 +0000 2016"}
{"polarity": 0.0, "location": "Atlanta, GA", "sentiment": "neutral", "time": "Fri Mar 11 13:42:07 +0000 2016"}
{"polarity": -0.1, "location": "Atlanta, GA", "sentiment": "negative", "time": "Fri Mar 11 13:42:33 +0000 2016"}
{"polarity": 0.0, "location": "New York, NY", "sentiment": "neutral", "time": "Fri Mar 11 13:42:53 +0000 2016"}
{"polarity": 0.5, "location": "Boston, MA", "sentiment": "positive", "time": "Fri Mar 11 13:42:58 +0000 2016"}
{"polarity": 0.0, "location": "New York, NY", "sentiment": "neutral", "time": "Fri Mar 11 13:50:01 +0000 2016"}
{"polarity": 0.0, "location": "Boston, MA", "sentiment": "neutral", "time": "Fri Mar 11 13:50:02 +0000 2016"}
{"polarity": 0.0625, "location": "New York, NY", "sentiment": "positive", "time": "Fri Mar 11 13:50:03 +0000 2016"}
{"polarity": 0.0, "location": "Boston, MA", "sentiment": "neutral", "time": "Fri Mar 11 13:50:17 +0000 2016"}
{"polarity": 0.7, "location": "New York, NY", "sentiment": "positive", "time": "Fri Mar 11 13:50:22 +0000 2016"}
{"polarity": 0.0, "location": "San Diego, CA", "sentiment": "neutral", "time": "Fri Mar 11 13:50:23 +0000 2016"}
{"polarity": 0.0, "location": "New York, NY", "sentiment": "neutral", "time": "Fri Mar 11 13:50:26 +0000 2016"}
{"polarity": 0.0, "location": "Orlando, FL", "sentiment": "neutral", "time": "Fri Mar 11 13:50:43 +0000 2016"}
{"polarity": 0.0, "location": "San Diego, CA", "sentiment": "neutral", "time": "Fri Mar 11 13:50:51 +0000 2016"}
{"polarity": 0.5, "location": "St. Louis, MO", "sentiment": "positive", "time": "Fri Mar 11 13:15:15 +0000 2016"}
{"polarity": 0.625, "location": "Boston, MA", "sentiment": "positive", "time": "Fri Mar 11 13:15:16 +0000 2016"}
{"polarity": 0.0, "location": "New York, NY", "sentiment": "neutral", "time": "Fri Mar 11 13:15:20 +0000 2016"}
{"polarity": 0.34285714285714286, "location": "San Diego, CA", "sentiment": "positive", "time": "Fri Mar 11 13:15:38 +0000 2016"}
{"polarity": 0.0, "location": "Atlanta, GA", "sentiment": "neutral", "time": "Fri Mar 11 13:15:52 +0000 2016"}
{"polarity": -0.5, "location": "San Diego, CA", "sentiment": "negative", "time": "Fri Mar 11 13:15:50 +0000 2016"}
{"polarity": 0.0, "location": "Boston, MA", "sentiment": "neutral", "time": "Fri Mar 11 13:38:03 +0000 2016"}
{"polarity": 0.0, "location": "New York, NY", "sentiment": "neutral", "time": "Fri Mar 11 13:38:06 +0000 2016"}
{"polarity": 0.0, "location": "Atlanta, GA", "sentiment": "neutral", "time": "Fri Mar 11 13:38:27 +0000 2016"}
{"polarity": 0.0, "location": "Orlando, FL", "sentiment": "neutral", "time": "Fri Mar 11 13:38:47 +0000 2016"}
{"polarity": -0.2, "location": "Atlanta, GA", "sentiment": "negative", "time": "Fri Mar 11 13:38:56 +0000 2016"}
{"polarity": 0.6, "location": "Orlando, FL", "sentiment": "positive", "time": "Fri Mar 11 13:21:17 +0000 2016"}
{"polarity": 0.45, "location": "Boston, MA", "sentiment": "positive", "time": "Fri Mar 11 13:21:45 +0000 2016"}
{"polarity": 0.0, "location": "Atlanta, GA", "sentiment": "neutral", "time": "Fri Mar 11 13:21:45 +0000 2016"}
{"polarity": 0.13636363636363635, "location": "Phoenix, AZ", "sentiment": "positive", "time": "Fri Mar 11 13:21:55 +0000 2016"}
{"polarity": 0.85, "location": "New York, NY", "sentiment": "positive", "time": "Fri Mar 11 13:17:12 +0000 2016"}
{"polarity": 0.0, "location": "New York, NY", "sentiment": "neutral", "time": "Fri Mar 11 13:17:21 +0000 2016"}
{"polarity": 0.0, "location": "Seattle, WA", "sentiment": "neutral", "time": "Fri Mar 11 13:17:35 +0000 2016"}
{"polarity": -0.3125, "location": "New York, NY", "sentiment": "negative", "time": "Fri Mar 11 13:17:30 +0000 2016"}
{"polarity": 0.7, "location": "Orlando, FL", "sentiment": "positive", "time": "Fri Mar 11 13:12:10 +0000 2016"}
{"polarity": 0.6, "location": "New York, NY", "sentiment": "positive", "time": "Fri Mar 11 13:12:17 +0000 2016"}
{"polarity": 0.0, "location": "Atlanta, GA", "sentiment": "neutral", "time": "Fri Mar 11 13:12:20 +0000 2016"}
{"polarity": 0.0, "location": "Orlando, FL", "sentiment": "neutral", "time": "Fri Mar 11 13:12:24 +0000 2016"}
{"polarity": 0.6, "location": "Atlanta, GA", "sentiment": "positive", "time": "Fri Mar 11 13:12:39 +0000 2016"}
{"polarity": 0.0, "location": "New York, NY", "sentiment": "neutral", "time": "Fri Mar 11 13:12:56 +0000 2016"}
{"polarity": 0.2, "location": "Boston, MA", "sentiment": "positive", "time": "Fri Mar 11 13:29:02 +0000 2016"}
{"polarity": 0.0, "location": "San Diego, CA", "sentiment": "neutral", "time": "Fri Mar 11 13:29:29 +0000 2016"}
{"polarity": 1.0, "location": "San Diego, CA", "sentiment": "positive", "time": "Fri Mar 11 13:29:42 +0000 2016"}
{"polarity": -0.1, "location": "New York, NY", "sentiment": "negative", "time": "Fri Mar 11 13:29:59 +0000 2016"}
{"polarity": 0.0, "location": "New York, NY", "sentiment": "neutral", "time": "Fri Mar 11 13:18:05 +0000 2016"}
{"polarity": 0.5, "location": "Orlando, FL", "sentiment": "positive", "time": "Fri Mar 11 13:18:06 +0000 2016"}
{"polarity": 0.0, "location": "Portland, OR", "sentiment": "neutral", "time": "Fri Mar 11 13:18:24 +0000 2016"}
{"polarity": 0.35, "location": "New York, NY", "sentiment": "positive", "time": "Fri Mar 11 13:18:36 +0000 2016"}
{"polarity": 0.0, "location": "New York, NY", "sentiment": "neutral", "time": "Fri Mar 11 13:18:48 +0000 2016"}
{"polarity": 0.0, "location": "Boston, MA", "sentiment": "neutral", "time": "Fri Mar 11 13:18:45 +0000 2016"}
{"polarity": 0.0, "location": "Atlanta, GA", "sentiment": "neutral", "time": "Fri Mar 11 13:46:07 +0000 2016"}
{"polarity": 0.1, "location": "New York, NY", "sentiment": "positive", "time": "Fri Mar 11 13:46:10 +0000 2016"}
{"polarity": 0.6, "location": "Atlanta, GA", "sentiment": "positive", "time": "Fri Mar 11 13:46:20 +0000 2016"}
{"polarity": 0.0, "location": "New York, NY", "sentiment": "neutral", "time": "Fri Mar 11 13:46:23 +0000 2016"}
{"polarity": 0.5, "location": "New York, NY", "sentiment": "positive", "time": "Fri Mar 11 13:46:26 +0000 2016"}
{"polarity": 0.0, "location": "Atlanta, GA", "sentiment": "neutral", "time": "Fri Mar 11 13:46:20 +0000 2016"}
{"polarity": 0.0, "location": "New York, NY", "sentiment": "neutral", "time": "Fri Mar 11 13:46:34 +0000 2016"}
{"polarity": 0.0, "location": "Portland, OR", "sentiment": "neutral", "time": "Fri Mar 11 13:46:46 +0000 2016"}
{"polarity": 0.06818181818181818, "location": "St. Louis, MO", "sentiment": "positive", "time": "Fri Mar 11 13:46:46 +0000 2016"}
{"polarity": 0.13636363636363635, "location": "Seattle, WA", "sentiment": "positive", "time": "Fri Mar 11 13:00:01 +0000 2016"}
{"polarity": 0.0, "location": "Seattle, WA", "sentiment": "neutral", "time": "Fri Mar 11 13:00:10 +0000 2016"}
{"polarity": 0.0, "location": "Atlanta, GA", "sentiment": "neutral", "time": "Fri Mar 11 13:00:36 +0000 2016"}
{"polarity": 0.0, "location": "Boston, MA", "sentiment": "neutral", "time": "Fri Mar 11 13:00:50 +0000 2016"}
{"polarity": 0.0, "location": "Boston, MA", "sentiment": "neutral", "time": "Fri Mar 11 13:34:18 +0000 2016"}
{"polarity": 0.6000000000000001, "location": "San Diego, CA", "sentiment": "positive", "time": "Fri Mar 11 13:34:30 +0000 2016"}
{"polarity": 0.5, "location": "Boston, MA", "sentiment": "positive", "time": "Fri Mar 11 13:34:35 +0000 2016"}
{"polarity": 0.0, "location": "San Diego, CA", "sentiment": "neutral", "time": "Fri Mar 11 13:34:41 +0000 2016"}
{"polarity": 0.0, "location": "Orlando, FL", "sentiment": "neutral", "time": "Fri Mar 11 13:34:43 +0000 2016"}
{"polarity": 0.0, "location": "Phoenix, AZ", "sentiment": "neutral", "time": "Fri Mar 11 13:34:49 +0000 2016"}
{"polarity": 0.7, "location": "Atlanta, GA", "sentiment": "positive", "time": "Fri Mar 11 13:34:53 +0000 2016"}
{"polarity": 0.0, "location": "San Diego, CA", "sentiment": "neutral", "time": "Fri Mar 11 13:34:58 +0000 2016"}
{"polarity": 0.0, "location": "New York, NY", "sentiment": "neutral", "time": "Fri Mar 11 13:05:19 +0000 2016"}
{"polarity": 0.8, "location": "Seattle, WA", "sentiment": "positive", "time": "Fri Mar 11 13:05:37 +0000 2016"}
{"polarity": 0.0, "location": "Atlanta, GA", "sentiment": "neutral", "time": "Fri Mar 11 13:05:39 +0000 2016"}
{"polarity": 1.0, "location": "Seattle, WA", "sentiment": "positive", "time": "Fri Mar 11 13:05:52 +0000 2016"}
{"polarity": 0.21103896103896103, "location": "Boston, MA", "sentiment": "positive", "time": "Fri Mar 11 13:05:47 +0000 2016"}
{"polarity": -0.05, "location": "New York, NY", "sentiment": "negative", "time": "Fri Mar 11 13:05:58 +0000 2016"}
{"polarity": 0.06499999999999999, "location": "San Diego, CA", "sentiment": "positive", "time": "Fri Mar 11 13:11:10 +0000 2016"}
{"polarity": 0.06499999999999999, "location": "Atlanta, GA", "sentiment": "positive", "time": "Fri Mar 11 13:11:10 +0000 2016"}
{"polarity": 0.06499999999999999, "location": "New York, NY", "sentiment": "positive", "time": "Fri Mar 11 13:11:10 +0000 2016"}
{"polarity": 0.35, "location": "Orlando, FL", "sentiment": "positive", "time": "Fri Mar 11 13:11:15 +0000 2016"}
{"polarity": 0.4, "location": "New York, NY", "sentiment": "positive", "time": "Fri Mar 11 13:11:22 +0000 2016"}
{"polarity": -0.2, "location": "New York, NY", "sentiment": "negative", "time": "Fri Mar 11 13:56:02 +0000 2016"}
{"polarity": 0.0, "location": "Phoenix, AZ", "sentiment": "neutral", "time": "Fri Mar 11 13:56:41 +0000 2016"}
{"polarity": -0.75, "location": "Seattle, WA", "sentiment": "negative", "time": "Fri Mar 11 13:56:49 +0000 2016"}
{"polarity": -0.25, "location": "Atlanta, GA", "sentiment": "negative", "time": "Fri Mar 11 13:56:51 +0000 2016"}
{"polarity": 0.0, "location": "New York, NY", "sentiment": "neutral", "time": "Fri Mar 11 13:56:51 +0000 2016"}
{"polarity": 0.0, "location": "Orlando, FL", "sentiment": "neutral", "time": "Fri Mar 11 13:56:53 +0000 2016"}
{"polarity": 0.0, "location": "Boston, MA", "sentiment": "neutral", "time": "Fri Mar 11 13:56:58 +0000 2016"}
{"polarity": 0.0, "location": "New York, NY", "sentiment": "neutral", "time": "Fri Mar 11 13:47:01 +0000 2016"}
{"polarity": 0.3125, "location": "Seattle, WA", "sentiment": "positive", "time": "Fri Mar 11 13:47:02 +0000 2016"}
{"polarity": 0.5, "location": "San Diego, CA", "sentiment": "positive", "time": "Fri Mar 11 13:47:03 +0000 2016"}
{"polarity": 0.6, "location": "Boston, MA", "sentiment": "positive", "time": "Fri Mar 11 13:47:14 +0000 2016"}
{"polarity": 0.0, "location": "Atlanta, GA", "sentiment": "neutral", "time": "Fri Mar 11 13:47:10 +0000 2016"}
{"polarity": 0.13636363636363635, "location": "New York, NY", "sentiment": "positive", "time": "Fri Mar 11 13:47:25 +0000 2016"}
{"polarity": -0.1, "location": "San Diego, CA", "sentiment": "negative", "time": "Fri Mar 11 13:47:35 +0000 2016"}
{"polarity": 0.0, "location": "New York, NY", "sentiment": "neutral", "time": "Fri Mar 11 13:47:37 +0000 2016"}
{"polarity": 0.0, "location": "New York, NY", "sentiment": "neutral", "time": "Fri Mar 11 13:47:42 +0000 2016"}
{"polarity": 0.0, "location": "New York, NY", "sentiment": "neutral", "time": "Fri Mar 11 13:52:02 +0000 2016"}
{"polarity": 0.3255952380952381, "location": "San Diego, CA", "sentiment": "positive", "time": "Fri Mar 11 13:52:11 +0000 2016"}
{"polarity": 0.25, "location": "Atlanta, GA", "sentiment": "positive", "time": "Fri Mar 11 13:52:15 +0000 2016"}
{"polarity": 0.0, "location": "Seattle, WA", "sentiment": "neutral", "time": "Fri Mar 11 13:52:17 +0000 2016"}
{"polarity": 0.0, "location": "Atlanta, GA", "sentiment": "neutral", "time": "Fri Mar 11 13:52:30 +0000 2016"}
{"polarity": 0.0, "location": "New York, NY", "sentiment": "neutral", "time": "Fri Mar 11 13:52:36 +0000 2016"}
{"polarity": 0.0, "location": "Boston, MA", "sentiment": "neutral", "time": "Fri Mar 11 13:52:46 +0000 2016"}
{"polarity": 0.04722222222222221, "location": "New York, NY", "sentiment": "positive", "time": "Fri Mar 11 13:53:01 +0000 2016"}
{"polarity": -0.25, "location": "St. Louis, MO", "sentiment": "negative", "time": "Fri Mar 11 13:53:23 +0000 2016"}
{"polarity": 0.25, "location": "Atlanta, GA", "sentiment": "positive", "time": "Fri Mar 11 13:53:39 +0000 2016"}
{"polarity": 0.0, "location": "Boston, MA", "sentiment": "neutral", "time": "Fri Mar 11 13:53:40 +0000 2016"}
{"polarity": 0.4, "location": "St. Louis, MO", "sentiment": "positive", "time": "Fri Mar 11 13:53:50 +0000 2016"}
{"polarity": 0.0, "location": "New York, NY", "sentiment": "neutral", "time": "Fri Mar 11 13:02:03 +0000 2016"}
{"polarity": 0.3352272727272727, "location": "Boston, MA", "sentiment": "positive", "time": "Fri Mar 11 13:02:08 +0000 2016"}
{"polarity": 0.0, "location": "Atlanta, GA", "sentiment": "neutral", "time": "Fri Mar 11 13:02:12 +0000 2016"}
{"polarity": 0.0, "location": "Atlanta, GA", "sentiment": "neutral", "time": "Fri Mar 11 13:02:28 +0000 2016"}
{"polarity": 0.0, "location": "Seattle, WA", "sentiment": "neutral", "time": "Fri Mar 11 13:02:40 +0000 2016"}
{"polarity": 0.0, "location": "Atlanta, GA", "sentiment": "neutral", "time": "Fri Mar 11 13:02:40 +0000 2016"}
{"polarity": 0.0, "location": "Atlanta, GA", "sentiment": "neutral", "time": "Fri Mar 11 13:02:44 +0000 2016"}
{"polarity": 0.0, "location": "Atlanta, GA", "sentiment": "neutral", "time": "Fri Mar 11 13:02:44 +0000 2016"}
{"polarity": 0.0, "location": "New York, NY", "sentiment": "neutral", "time": "Fri Mar 11 13:02:45 +0000 2016"}
{"polarity": 0.3, "location": "Atlanta, GA", "sentiment": "positive", "time": "Fri Mar 11 13:02:43 +0000 2016"}
{"polarity": 0.016666666666666666, "location": "New York, NY", "sentiment": "positive", "time": "Fri Mar 11 13:48:09 +0000 2016"}
{"polarity": 0.0, "location": "Atlanta, GA", "sentiment": "neutral", "time": "Fri Mar 11 13:48:09 +0000 2016"}
{"polarity": 0.5, "location": "Atlanta, GA", "sentiment": "positive", "time": "Fri Mar 11 13:48:19 +0000 2016"}
{"polarity": 0.13636363636363635, "location": "Boston, MA", "sentiment": "positive", "time": "Fri Mar 11 13:25:12 +0000 2016"}
{"polarity": -0.08750000000000002, "location": "Boston, MA", "sentiment": "negative", "time": "Fri Mar 11 13:25:13 +0000 2016"}
{"polarity": 0.0, "location": "Orlando, FL", "sentiment": "neutral", "time": "Fri Mar 11 13:25:23 +0000 2016"}
{"polarity": -0.3333333333333333, "location": "St. Louis, MO", "sentiment": "negative", "time": "Fri Mar 11 13:25:23 +0000 2016"}
{"polarity": 0.4, "location": "Boston, MA", "sentiment": "positive", "time": "Fri Mar 11 13:25:29 +0000 2016"}
{"polarity": 0.0, "location": "Atlanta, GA", "sentiment": "neutral", "time": "Fri Mar 11 13:25:35 +0000 2016"}
{"polarity": 0.0, "location": "Boston, MA", "sentiment": "neutral", "time": "Fri Mar 11 13:25:37 +0000 2016"}
{"polarity": 0.0, "location": "Phoenix, AZ", "sentiment": "neutral", "time": "Fri Mar 11 13:25:41 +0000 2016"}
{"polarity": 0.0, "location": "Boston, MA", "sentiment": "neutral", "time": "Fri Mar 11 13:25:48 +0000 2016"}
{"polarity": 0.0, "location": "Boston, MA", "sentiment": "neutral", "time": "Fri Mar 11 13:25:55 +0000 2016"}
{"polarity": 0.5, "location": "Boston, MA", "sentiment": "positive", "time": "Fri Mar 11 13:16:38 +0000 2016"}
{"polarity": 0.0, "location": "New York, NY", "sentiment": "neutral", "time": "Fri Mar 11 13:16:41 +0000 2016"}
{"polarity": -0.45625, "location": "Boston, MA", "sentiment": "negative", "time": "Fri Mar 11 13:16:42 +0000 2016"}
{"polarity": 0.0, "location": "Atlanta, GA", "sentiment": "neutral", "time": "Fri Mar 11 13:16:46 +0000 2016"}
{"polarity": 0.0, "location": "Boston, MA", "sentiment": "neutral", "time": "Fri Mar 11 13:16:49 +0000 2016"}
{"polarity": 0.13636363636363635, "location": "San Diego, CA", "sentiment": "positive", "time": "Fri Mar 11 13:16:58 +0000 2016"}
{"polarity": 0.0, "location": "Boston, MA", "sentiment": "neutral", "time": "Fri Mar 11 13:14:40 +0000 2016"}
{"polarity": 0.0, "location": "New York, NY", "sentiment": "neutral", "time": "Fri Mar 11 13:14:46 +0000 2016"}
{"polarity": 0.2, "location": "Atlanta, GA", "sentiment": "positive", "time": "Fri Mar 11 13:23:06 +0000 2016"}
{"polarity": 0.0, "location": "San Diego, CA", "sentiment": "neutral", "time": "Fri Mar 11 13:23:18 +0000 2016"}
{"polarity": 0.0, "location": "Atlanta, GA", "sentiment": "neutral", "time": "Fri Mar 11 13:23:59 +0000 2016"}
{"polarity": 0.0, "location": "Boston, MA", "sentiment": "neutral", "time": "Fri Mar 11 13:07:05 +0000 2016"}
{"polarity": 0.13636363636363635, "location": "New York, NY", "sentiment": "positive", "time": "Fri Mar 11 13:07:35 +0000 2016"}
{"polarity": -0.13181818181818183, "location": "Boston, MA", "sentiment": "negative", "time": "Fri Mar 11 13:07:53 +0000 2016"}
{"polarity": 0.6000000000000001, "location": "Boston, MA", "sentiment": "positive", "time": "Fri Mar 11 13:51:07 +0000 2016"}
{"polarity": -0.25, "location": "Boston, MA", "sentiment": "negative", "time": "Fri Mar 11 13:51:07 +0000 2016"}
{"polarity": 0.16666666666666666, "location": "Atlanta, GA", "sentiment": "positive", "time": "Fri Mar 11 13:51:21 +0000 2016"}
{"polarity": 0.0, "location": "Phoenix, AZ", "sentiment": "neutral", "time": "Fri Mar 11 13:51:36 +0000 2016"}
{"polarity": 0.0, "location": "Portland, OR", "sentiment": "neutral", "time": "Fri Mar 11 13:51:39 +0000 2016"}
{"polarity": 0.75, "location": "Boston, MA", "sentiment": "positive", "time": "Fri Mar 11 13:51:41 +0000 2016"}
{"polarity": 0.0, "location": "New York, NY", "sentiment": "neutral", "time": "Fri Mar 11 13:51:46 +0000 2016"}
{"polarity": 0.2953125, "location": "New York, NY", "sentiment": "positive", "time": "Fri Mar 11 13:51:54 +0000 2016"}
{"polarity": 0.0, "location": "New York, NY", "sentiment": "neutral", "time": "Fri Mar 11 13:30:00 +0000 2016"}
{"polarity": 0.0, "location": "New York, NY", "sentiment": "neutral", "time": "Fri Mar 11 13:30:04 +0000 2016"}
{"polarity": 0.0, "location": "New York, NY", "sentiment": "neutral", "time": "Fri Mar 11 13:30:05 +0000 2016"}
{"polarity": 0.0, "location": "Atlanta, GA", "sentiment": "neutral", "time": "Fri Mar 11 13:30:14 +0000 2016"}
{"polarity": 0.0, "location": "Atlanta, GA", "sentiment": "neutral", "time": "Fri Mar 11 13:30:19 +0000 2016"}
{"polarity": 0.5, "location": "Orlando, FL", "sentiment": "positive", "time": "Fri Mar 11 13:30:40 +0000 2016"}
{"polarity": 0.0, "location": "New York, NY", "sentiment": "neutral", "time": "Fri Mar 11 13:30:48 +0000 2016"}
{"polarity": 0.0, "location": "New York, NY", "sentiment": "neutral", "time": "Fri Mar 11 13:03:11 +0000 2016"}
{"polarity": 0.0, "location": "New York, NY", "sentiment": "neutral", "time": "Fri Mar 11 13:03:13 +0000 2016"}
{"polarity": 0.0, "location": "San Diego, CA", "sentiment": "neutral", "time": "Fri Mar 11 13:03:27 +0000 2016"}
{"polarity": 0.7, "location": "Orlando, FL", "sentiment": "positive", "time": "Fri Mar 11 13:03:27 +0000 2016"}
{"polarity": 0.0, "location": "Seattle, WA", "sentiment": "neutral", "time": "Fri Mar 11 13:03:28 +0000 2016"}
{"polarity": 0.4, "location": "Boston, MA", "sentiment": "positive", "time": "Fri Mar 11 13:40:00 +0000 2016"}
{"polarity": 0.5, "location": "Seattle, WA", "sentiment": "positive", "time": "Fri Mar 11 13:40:03 +0000 2016"}
{"polarity": 0.0, "location": "New York, NY", "sentiment": "neutral", "time": "Fri Mar 11 13:40:10 +0000 2016"}
{"polarity": 0.0, "location": "Atlanta, GA", "sentiment": "neutral", "time": "Fri Mar 11 13:40:48 +0000 2016"}
{"polarity": 0.0, "location": "New York, NY", "sentiment": "neutral", "time": "Fri Mar 11 13:08:02 +0000 2016"}
{"polarity": 0.0, "location": "New York, NY", "sentiment": "neutral", "time": "Fri Mar 11 13:08:03 +0000 2016"}
{"polarity": 0.0, "location": "New York, NY", "sentiment": "neutral", "time": "Fri Mar 11 13:08:23 +0000 2016"}
{"polarity": -0.125, "location": "New York, NY", "sentiment": "negative", "time": "Fri Mar 11 13:08:26 +0000 2016"}
{"polarity": 0.0, "location": "New York, NY", "sentiment": "neutral", "time": "Fri Mar 11 13:08:28 +0000 2016"}
{"polarity": -0.1, "location": "Atlanta, GA", "sentiment": "negative", "time": "Fri Mar 11 13:08:31 +0000 2016"}
{"polarity": 0.0, "location": "Seattle, WA", "sentiment": "neutral", "time": "Fri Mar 11 13:35:00 +0000 2016"}
{"polarity": -0.05, "location": "New York, NY", "sentiment": "negative", "time": "Fri Mar 11 13:35:05 +0000 2016"}
{"polarity": 5.551115123125783e-17, "location": "New York, NY", "sentiment": "positive", "time": "Fri Mar 11 13:35:16 +0000 2016"}
{"polarity": 0.0, "location": "New York, NY", "sentiment": "neutral", "time": "Fri Mar 11 13:35:16 +0000 2016"}
{"polarity": -0.5, "location": "Atlanta, GA", "sentiment": "negative", "time": "Fri Mar 11 13:35:19 +0000 2016"}
{"polarity": -0.4666666666666666, "location": "Seattle, WA", "sentiment": "negative", "time": "Fri Mar 11 13:35:32 +0000 2016"}
{"polarity": 0.0, "location": "Boston, MA", "sentiment": "neutral", "time": "Fri Mar 11 13:35:36 +0000 2016"}
{"polarity": 0.6, "location": "New York, NY", "sentiment": "positive", "time": "Fri Mar 11 13:43:15 +0000 2016"}
{"polarity": 0.3, "location": "Boston, MA", "sentiment": "positive", "time": "Fri Mar 11 13:43:23 +0000 2016"}
{"polarity": 0.5, "location": "New York, NY", "sentiment": "positive", "time": "Fri Mar 11 13:43:35 +0000 2016"}
{"polarity": 0.0, "location": "New York, NY", "sentiment": "neutral", "time": "Fri Mar 11 13:43:36 +0000 2016"}
{"polarity": 0.0, "location": "Orlando, FL", "sentiment": "neutral", "time": "Fri Mar 11 13:43:36 +0000 2016"}
{"polarity": 0.0, "location": "New York, NY", "sentiment": "neutral", "time": "Fri Mar 11 13:43:49 +0000 2016"}
{"polarity": 0.0, "location": "Atlanta, GA", "sentiment": "neutral", "time": "Fri Mar 11 13:10:10 +0000 2016"}
{"polarity": 0.0, "location": "New York, NY", "sentiment": "neutral", "time": "Fri Mar 11 13:10:25 +0000 2016"}
{"polarity": -0.05, "location": "San Diego, CA", "sentiment": "negative", "time": "Fri Mar 11 13:10:23 +0000 2016"}
{"polarity": 0.0, "location": "Boston, MA", "sentiment": "neutral", "time": "Fri Mar 11 13:10:38 +0000 2016"}
{"polarity": 0.2857142857142857, "location": "Atlanta, GA", "sentiment": "positive", "time": "Fri Mar 11 13:10:48 +0000 2016"}
{"polarity": 0.0, "location": "Atlanta, GA", "sentiment": "neutral", "time": "Fri Mar 11 13:54:12 +0000 2016"}
{"polarity": -0.05, "location": "Phoenix, AZ", "sentiment": "negative", "time": "Fri Mar 11 13:54:17 +0000 2016"}
{"polarity": 0.3333333333333333, "location": "New York, NY", "sentiment": "positive", "time": "Fri Mar 11 13:54:27 +0000 2016"}
{"polarity": 0.0, "location": "Orlando, FL", "sentiment": "neutral", "time": "Fri Mar 11 13:54:41 +0000 2016"}
{"polarity": 0.012499999999999997, "location": "Boston, MA", "sentiment": "positive", "time": "Fri Mar 11 13:24:04 +0000 2016"}
{"polarity": 0.0, "location": "Atlanta, GA", "sentiment": "neutral", "time": "Fri Mar 11 13:24:43 +0000 2016"}
{"polarity": 0.0, "location": "Atlanta, GA", "sentiment": "neutral", "time": "Fri Mar 11 13:24:44 +0000 2016"}
{"polarity": 0.8, "location": "Atlanta, GA", "sentiment": "positive", "time": "Fri Mar 11 13:24:59 +0000 2016"}
{"polarity": 0.0, "location": "Atlanta, GA", "sentiment": "neutral", "time": "Fri Mar 11 13:32:28 +0000 2016"}
{"polarity": 0.0, "location": "Orlando, FL", "sentiment": "neutral", "time": "Fri Mar 11 13:32:28 +0000 2016"}
{"polarity": 0.0, "location": "Boston, MA", "sentiment": "neutral", "time": "Fri Mar 11 13:32:30 +0000 2016"}
{"polarity": 0.0, "location": "Boston, MA", "sentiment": "neutral", "time": "Fri Mar 11 13:32:30 +0000 2016"}
{"polarity": -0.4, "location": "New York, NY", "sentiment": "negative", "time": "Fri Mar 11 13:32:38 +0000 2016"}
{"polarity": 0.6, "location": "Boston, MA", "sentiment": "positive", "time": "Fri Mar 11 13:36:11 +0000 2016"}
{"polarity": -0.125, "location": "Boston, MA", "sentiment": "negative", "time": "Fri Mar 11 13:36:33 +0000 2016"}
{"polarity": 0.0, "location": "Atlanta, GA", "sentiment": "neutral", "time": "Fri Mar 11 13:36:39 +0000 2016"}
{"polarity": 0.0, "location": "Portland, OR", "sentiment": "neutral", "time": "Fri Mar 11 13:36:41 +0000 2016"}
{"polarity": 0.0, "location": "New York, NY", "sentiment": "neutral", "time": "Fri Mar 11 13:36:53 +0000 2016"}
{"polarity": 0.1, "location": "Orlando, FL", "sentiment": "positive", "time": "Fri Mar 11 13:36:55 +0000 2016"}
{"polarity": 0.0, "location": "New York, NY", "sentiment": "neutral", "time": "Fri Mar 11 13:01:09 +0000 2016"}
{"polarity": 0.5, "location": "New York, NY", "sentiment": "positive", "time": "Fri Mar 11 13:01:10 +0000 2016"}
{"polarity": 0.0, "location": "Atlanta, GA", "sentiment": "neutral", "time": "Fri Mar 11 13:01:13 +0000 2016"}
{"polarity": 0.0, "location": "Atlanta, GA", "sentiment": "neutral", "time": "Fri Mar 11 13:01:14 +0000 2016"}
{"polarity": 0.5, "location": "Orlando, FL", "sentiment": "positive", "time": "Fri Mar 11 13:01:24 +0000 2016"}
{"polarity": -0.3125, "location": "Phoenix, AZ", "sentiment": "negative", "time": "Fri Mar 11 13:01:53 +0000 2016"}
{"polarity": 0.5, "location": "Seattle, WA", "sentiment": "positive", "time": "Fri Mar 11 13:01:53 +0000 2016"}
{"polarity": 0.0, "location": "Atlanta, GA", "sentiment": "neutral", "time": "Fri Mar 11 13:55:06 +0000 2016"}
{"polarity": 0.0, "location": "Boston, MA", "sentiment": "neutral", "time": "Fri Mar 11 13:55:05 +0000 2016"}
{"polarity": 0.0, "location": "Portland, OR", "sentiment": "neutral", "time": "Fri Mar 11 13:55:14 +0000 2016"}
{"polarity": 0.0, "location": "Portland, OR", "sentiment": "neutral", "time": "Fri Mar 11 13:55:17 +0000 2016"}
{"polarity": 0.4, "location": "Atlanta, GA", "sentiment": "positive", "time": "Fri Mar 11 13:55:21 +0000 2016"}
{"polarity": 0.0, "location": "Atlanta, GA", "sentiment": "neutral", "time": "Fri Mar 11 13:55:34 +0000 2016"}
{"polarity": -0.4, "location": "Portland, OR", "sentiment": "negative", "time": "Fri Mar 11 13:55:42 +0000 2016"}
{"polarity": 0.0, "location": "Portland, OR", "sentiment": "neutral", "time": "Fri Mar 11 13:55:47 +0000 2016"}
{"polarity": 0.0, "location": "Seattle, WA", "sentiment": "neutral", "time": "Fri Mar 11 13:55:52 +0000 2016"}
{"polarity": 0.0, "location": "New York, NY", "sentiment": "neutral", "time": "Fri Mar 11 13:09:29 +0000 2016"}
{"polarity": 0.3, "location": "New York, NY", "sentiment": "positive", "time": "Fri Mar 11 13:09:32 +0000 2016"}
{"polarity": 0.0, "location": "New York, NY", "sentiment": "neutral", "time": "Fri Mar 11 13:09:43 +0000 2016"}
{"polarity": 0.0, "location": "Atlanta, GA", "sentiment": "neutral", "time": "Fri Mar 11 13:09:54 +0000 2016"}
{"polarity": 0.2, "location": "Atlanta, GA", "sentiment": "positive", "time": "Fri Mar 11 13:09:56 +0000 2016"}
{"polarity": 0.0, "location": "New York, NY", "sentiment": "neutral", "time": "Fri Mar 11 13:09:57 +0000 2016"}
{"polarity": 0.0, "location": "Boston, MA", "sentiment": "neutral", "time": "Fri Mar 11 13:33:08 +0000 2016"}
{"polarity": 0.0, "location": "Atlanta, GA", "sentiment": "neutral", "time": "Fri Mar 11 13:33:26 +0000 2016"}
{"polarity": 0.09375, "location": "Atlanta, GA", "sentiment": "positive", "time": "Fri Mar 11 13:33:50 +0000 2016"}
{"polarity": 0.0, "location": "Orlando, FL", "sentiment": "neutral", "time": "Fri Mar 11 13:33:50 +0000 2016"}
{"polarity": 0.0, "location": "Seattle, WA", "sentiment": "neutral", "time": "Fri Mar 11 13:33:51 +0000 2016"}
{"polarity": 0.0, "location": "Atlanta, GA", "sentiment": "neutral", "time": "Fri Mar 11 13:33:52 +0000 2016"}
{"polarity": 0.25, "location": "Seattle, WA", "sentiment": "positive", "time": "Fri Mar 11 13:44:24 +0000 2016"}
{"polarity": 0.0, "location": "Atlanta, GA", "sentiment": "neutral", "time": "Fri Mar 11 13:44:26 +0000 2016"}
{"polarity": 0.5, "location": "New York, NY", "sentiment": "positive", "time": "Fri Mar 11 13:44:29 +0000 2016"}
{"polarity": 0.0, "location": "San Diego, CA", "sentiment": "neutral", "time": "Fri Mar 11 13:44:51 +0000 2016"}
{"polarity": 0.0, "location": "Atlanta, GA", "sentiment": "neutral", "time": "Fri Mar 11 13:44:51 +0000 2016"}
{"polarity": 0.0, "location": "New York, NY", "sentiment": "neutral", "time": "Fri Mar 11 13:28:31 +0000 2016"}
{"polarity": 0.13636363636363635, "location": "New York, NY", "sentiment": "positive", "time": "Fri Mar 11 13:28:50 +0000 2016"}
{"polarity": 0.0, "location": "Boston, MA", "sentiment": "neutral", "time": "Fri Mar 11 13:28:52 +0000 2016"}
{"polarity": 0.25, "location": "Atlanta, GA", "sentiment": "positive", "time": "Fri Mar 11 13:22:09 +0000 2016"}
{"polarity": 0.0, "location": "New York, NY", "sentiment": "neutral", "time": "Fri Mar 11 13:22:10 +0000 2016"}
{"polarity": 0.0, "location": "Seattle, WA", "sentiment": "neutral", "time": "Fri Mar 11 13:22:31 +0000 2016"}
{"polarity": -0.4, "location": "New York, NY", "sentiment": "negative", "time": "Fri Mar 11 13:22:56 +0000 2016"}
{"polarity": 0.0, "location": "Boston, MA", "sentiment": "neutral", "time": "Fri Mar 11 13:49:06 +0000 2016"}
{"polarity": 0.0, "location": "Seattle, WA", "sentiment": "neutral", "time": "Fri Mar 11 13:49:12 +0000 2016"}
{"polarity": 0.0, "location": "Orlando, FL", "sentiment": "neutral", "time": "Fri Mar 11 13:49:15 +0000 2016"}
{"polarity": 0.0, "location": "Boston, MA", "sentiment": "neutral", "time": "Fri Mar 11 13:49:33 +0000 2016"}
{"polarity": 0.5, "location": "Atlanta, GA", "sentiment": "positive", "time": "Fri Mar 11 13:49:37 +0000 2016"}
{"polarity": 0.6, "location": "Boston, MA", "sentiment": "positive", "time": "Fri Mar 11 13:49:42 +0000 2016"}
{"polarity": 0.0, "location": "Atlanta, GA", "sentiment": "neutral", "time": "Fri Mar 11 13:49:57 +0000 2016"}
{"polarity": 0.0, "location": "San Diego, CA", "sentiment": "neutral", "time": "Fri Mar 11 13:45:07 +0000 2016"}
{"polarity": 0.0, "location": "Portland, OR", "sentiment": "neutral", "time": "Fri Mar 11 13:45:13 +0000 2016"}
{"polarity": 0.0, "location": "Orlando, FL", "sentiment": "neutral", "time": "Fri Mar 11 13:45:16 +0000 2016"}
{"polarity": 0.0, "location": "Atlanta, GA", "sentiment": "neutral", "time": "Fri Mar 11 13:45:17 +0000 2016"}
{"polarity": 0.8, "location": "New York, NY", "sentiment": "positive", "time": "Fri Mar 11 13:45:36 +0000 2016"}
{"polarity": 0.3666666666666667, "location": "New York, NY", "sentiment": "positive", "time": "Fri Mar 11 13:45:53 +0000 2016"}
{"polarity": 0.0, "location": "Seattle, WA", "sentiment": "neutral", "time": "Fri Mar 11 13:45:55 +0000 2016"}
{"polarity": 0.16, "location": "Phoenix, AZ", "sentiment": "positive", "time": "Fri Mar 11 13:45:56 +0000 2016"}
{"polarity": 0.5, "location": "Orlando, FL", "sentiment": "positive", "time": "Fri Mar 11 13:06:08 +0000 2016"}
{"polarity": 0.0, "location": "Seattle, WA", "sentiment": "neutral", "time": "Fri Mar 11 13:06:26 +0000 2016"}
{"polarity": -0.0125, "location": "Atlanta, GA", "sentiment": "negative", "time": "Fri Mar 11 13:06:30 +0000 2016"}
{"polarity": 0.3111111111111111, "location": "Orlando, FL", "sentiment": "positive", "time": "Fri Mar 11 13:20:06 +0000 2016"}
{"polarity": 0.33333333333333337, "location": "Boston, MA", "sentiment": "positive", "time": "Fri Mar 11 13:20:06 +0000 2016"}
{"polarity": 0.2, "location": "New York, NY", "sentiment": "positive", "time": "Fri Mar 11 13:20:12 +0000 2016"}
{"polarity": -0.16666666666666666, "location": "New York, NY", "sentiment": "negative", "time": "Fri Mar 11 13:20:12 +0000 2016"}
{"polarity": 0.0, "location": "Seattle, WA", "sentiment": "neutral", "time": "Fri Mar 11 13:20:35 +0000 2016"}
{"polarity": 0.0, "location": "New York, NY", "sentiment": "neutral", "time": "Fri Mar 11 13:20:38 +0000 2016"}
{"polarity": 0.25, "location": "Seattle, WA", "sentiment": "positive", "time": "Fri Mar 11 13:20:48 +0000 2016"}
{"polarity": 0.0, "location": "Boston, MA", "sentiment": "neutral", "time": "Fri Mar 11 13:20:58 +0000 2016"}
{"polarity": 0.15, "location": "New York, NY", "sentiment": "positive", "time": "Fri Mar 11 13:13:07 +0000 2016"}
{"polarity": 0.4, "location": "Seattle, WA", "sentiment": "positive", "time": "Fri Mar 11 13:13:21 +0000 2016"}
{"polarity": 0.0, "location": "St. Louis, MO", "sentiment": "neutral", "time": "Fri Mar 11 13:13:22 +0000 2016"}
{"polarity": 0.0, "location": "Atlanta, GA", "sentiment": "neutral", "time": "Fri Mar 11 13:13:24 +0000 2016"}
{"polarity": 0.033333333333333326, "location": "New York, NY", "sentiment": "positive", "time": "Fri Mar 11 13:13:24 +0000 2016"}
{"polarity": 0.0, "location": "New York, NY", "sentiment": "neutral", "time": "Fri Mar 11 13:13:28 +0000 2016"}
{"polarity": 0.10833333333333334, "location": "New York, NY", "sentiment": "positive", "time": "Fri Mar 11 13:13:30 +0000 2016"}
{"polarity": -0.18333333333333335, "location": "New York, NY", "sentiment": "negative", "time": "Fri Mar 11 13:13:43 +0000 2016"}
{"polarity": 0.03333333333333333, "location": "Atlanta, GA", "sentiment": "positive", "time": "Fri Mar 11 13:04:12 +0000 2016"}
{"polarity": 1.0, "location": "San Diego, CA", "sentiment": "positive", "time": "Fri Mar 11 13:04:19 +0000 2016"}
{"polarity": 0.0, "location": "New York, NY", "sentiment": "neutral", "time": "Fri Mar 11 13:04:26 +0000 2016"}
{"polarity": 0.0, "location": "Atlanta, GA", "sentiment": "neutral", "time": "Fri Mar 11 13:04:48 +0000 2016"}
{"polarity": 0.0, "location": "Atlanta, GA", "sentiment": "neutral", "time": "Fri Mar 11 13:04:56 +0000 2016"}
{"polarity": 0.0, "location": "Portland, OR", "sentiment": "neutral", "time": "Sat Mar 12 04:39:02 +0000 2016"}
{"polarity": 0.0, "location": "San Diego, CA", "sentiment": "neutral", "time": "Sat Mar 12 04:39:05 +0000 2016"}
{"polarity": 0.0, "location": "New York, NY", "sentiment": "neutral", "time": "Sat Mar 12 04:39:09 +0000 2016"}
{"polarity": 0.3, "location": "Seattle, WA", "sentiment": "positive", "time": "Sat Mar 12 04:39:23 +0000 2016"}
{"polarity": 0.0, "location": "Atlanta, GA", "sentiment": "neutral", "time": "Sat Mar 12 04:39:37 +0000 2016"}
{"polarity": 0.0, "location": "Atlanta, GA", "sentiment": "neutral", "time": "Sat Mar 12 04:39:38 +0000 2016"}
{"polarity": -0.19999999999999998, "location": "San Diego, CA", "sentiment": "negative", "time": "Sat Mar 12 04:39:46 +0000 2016"}
{"polarity": 0.4, "location": "Portland, OR", "sentiment": "positive", "time": "Sat Mar 12 04:39:45 +0000 2016"}
{"polarity": 0.032467532467532464, "location": "Atlanta, GA", "sentiment": "positive", "time": "Sat Mar 12 04:59:00 +0000 2016"}
{"polarity": 0.5, "location": "Seattle, WA", "sentiment": "positive", "time": "Sat Mar 12 04:59:07 +0000 2016"}
{"polarity": -0.2, "location": "Seattle, WA", "sentiment": "negative", "time": "Sat Mar 12 04:59:09 +0000 2016"}
{"polarity": 0.0, "location": "Portland, OR", "sentiment": "neutral", "time": "Sat Mar 12 04:59:09 +0000 2016"}
{"polarity": 0.0, "location": "Seattle, WA", "sentiment": "neutral", "time": "Sat Mar 12 04:59:11 +0000 2016"}
{"polarity": 0.0, "location": "New York, NY", "sentiment": "neutral", "time": "Sat Mar 12 04:59:22 +0000 2016"}
{"polarity": 0.0, "location": "Seattle, WA", "sentiment": "neutral", "time": "Sat Mar 12 04:59:24 +0000 2016"}
{"polarity": 0.175, "location": "Seattle, WA", "sentiment": "positive", "time": "Sat Mar 12 04:59:33 +0000 2016"}
{"polarity": 0.0, "location": "Phoenix, AZ", "sentiment": "neutral", "time": "Sat Mar 12 04:59:42 +0000 2016"}
{"polarity": 0.0, "location": "Seattle, WA", "sentiment": "neutral", "time": "Sat Mar 12 04:59:45 +0000 2016"}
{"polarity": -0.4, "location": "Atlanta, GA", "sentiment": "negative", "time": "Sat Mar 12 04:59:47 +0000 2016"}
{"polarity": 0.5, "location": "San Diego, CA", "sentiment": "positive", "time": "Sat Mar 12 04:59:47 +0000 2016"}
{"polarity": 0.25, "location": "Atlanta, GA", "sentiment": "positive", "time": "Sat Mar 12 04:37:02 +0000 2016"}
{"polarity": 0.5, "location": "New York, NY", "sentiment": "positive", "time": "Sat Mar 12 04:37:04 +0000 2016"}
{"polarity": 0.4, "location": "New York, NY", "sentiment": "positive", "time": "Sat Mar 12 04:37:11 +0000 2016"}
{"polarity": 0.0, "location": "Seattle, WA", "sentiment": "neutral", "time": "Sat Mar 12 04:37:18 +0000 2016"}
{"polarity": 0.0, "location": "Seattle, WA", "sentiment": "neutral", "time": "Sat Mar 12 04:37:18 +0000 2016"}
{"polarity": 0.0, "location": "Seattle, WA", "sentiment": "neutral", "time": "Sat Mar 12 04:37:42 +0000 2016"}
{"polarity": -0.15625, "location": "Seattle, WA", "sentiment": "negative", "time": "Sat Mar 12 04:37:45 +0000 2016"}
{"polarity": -0.03333333333333333, "location": "Portland, OR", "sentiment": "negative", "time": "Sat Mar 12 04:37:46 +0000 2016"}
{"polarity": 0.3333333333333333, "location": "Atlanta, GA", "sentiment": "positive", "time": "Sat Mar 12 04:37:50 +0000 2016"}
{"polarity": -0.10555555555555556, "location": "Seattle, WA", "sentiment": "negative", "time": "Sat Mar 12 04:37:51 +0000 2016"}
{"polarity": 0.0, "location": "Phoenix, AZ", "sentiment": "neutral", "time": "Sat Mar 12 04:31:05 +0000 2016"}
{"polarity": 0.0, "location": "New York, NY", "sentiment": "neutral", "time": "Sat Mar 12 04:31:17 +0000 2016"}
{"polarity": 0.0, "location": "Phoenix, AZ", "sentiment": "neutral", "time": "Sat Mar 12 04:31:24 +0000 2016"}
{"polarity": 0.0, "location": "Phoenix, AZ", "sentiment": "neutral", "time": "Sat Mar 12 04:31:30 +0000 2016"}
{"polarity": 0.0, "location": "Phoenix, AZ", "sentiment": "neutral", "time": "Sat Mar 12 04:31:30 +0000 2016"}
{"polarity": 1.0, "location": "Atlanta, GA", "sentiment": "positive", "time": "Sat Mar 12 04:31:44 +0000 2016"}
{"polarity": 0.4, "location": "Phoenix, AZ", "sentiment": "positive", "time": "Sat Mar 12 04:31:50 +0000 2016"}
{"polarity": 0.35, "location": "Atlanta, GA", "sentiment": "positive", "time": "Sat Mar 12 04:31:55 +0000 2016"}
{"polarity": 0.0, "location": "Seattle, WA", "sentiment": "neutral", "time": "Sat Mar 12 04:31:59 +0000 2016"}
{"polarity": -0.007222222222222227, "location": "Boston, MA", "sentiment": "negative", "time": "Sat Mar 12 04:41:02 +0000 2016"}
{"polarity": 0.0, "location": "Seattle, WA", "sentiment": "neutral", "time": "Sat Mar 12 04:41:04 +0000 2016"}
{"polarity": 0.0, "location": "Orlando, FL", "sentiment": "neutral", "time": "Sat Mar 12 04:41:12 +0000 2016"}
{"polarity": 0.0, "location": "Portland, OR", "sentiment": "neutral", "time": "Sat Mar 12 04:41:10 +0000 2016"}
{"polarity": -0.125, "location": "Boston, MA", "sentiment": "negative", "time": "Sat Mar 12 04:41:19 +0000 2016"}
{"polarity": -0.0975, "location": "Atlanta, GA", "sentiment": "negative", "time": "Sat Mar 12 04:41:50 +0000 2016"}
{"polarity": 0.2, "location": "San Diego, CA", "sentiment": "positive", "time": "Sat Mar 12 04:41:51 +0000 2016"}
{"polarity": -0.02031250000000001, "location": "San Diego, CA", "sentiment": "negative", "time": "Sat Mar 12 04:27:01 +0000 2016"}
{"polarity": 0.0, "location": "Portland, OR", "sentiment": "neutral", "time": "Sat Mar 12 04:27:08 +0000 2016"}
{"polarity": 0.20625, "location": "Orlando, FL", "sentiment": "positive", "time": "Sat Mar 12 04:27:11 +0000 2016"}
{"polarity": 0.0, "location": "Atlanta, GA", "sentiment": "neutral", "time": "Sat Mar 12 04:27:16 +0000 2016"}
{"polarity": 0.0, "location": "Seattle, WA", "sentiment": "neutral", "time": "Sat Mar 12 04:27:20 +0000 2016"}
{"polarity": 0.0, "location": "Seattle, WA", "sentiment": "neutral", "time": "Sat Mar 12 04:27:23 +0000 2016"}
{"polarity": 0.5, "location": "Atlanta, GA", "sentiment": "positive", "time": "Sat Mar 12 04:27:23 +0000 2016"}
{"polarity": 0.0, "location": "New York, NY", "sentiment": "neutral", "time": "Sat Mar 12 04:27:29 +0000 2016"}
{"polarity": 0.0, "location": "Atlanta, GA", "sentiment": "neutral", "time": "Sat Mar 12 04:27:37 +0000 2016"}
{"polarity": 0.0, "location": "Portland, OR", "sentiment": "neutral", "time": "Sat Mar 12 04:27:48 +0000 2016"}
{"polarity": 0.125, "location": "New York, NY", "sentiment": "positive", "time": "Sat Mar 12 04:57:27 +0000 2016"}
{"polarity": 0.0, "location": "Atlanta, GA", "sentiment": "neutral", "time": "Sat Mar 12 04:57:35 +0000 2016"}
{"polarity": 0.0, "location": "Phoenix, AZ", "sentiment": "neutral", "time": "Sat Mar 12 04:26:05 +0000 2016"}
{"polarity": 0.0, "location": "Atlanta, GA", "sentiment": "neutral", "time": "Sat Mar 12 04:26:10 +0000 2016"}
{"polarity": 0.0, "location": "Phoenix, AZ", "sentiment": "neutral", "time": "Sat Mar 12 04:26:08 +0000 2016"}
{"polarity": -0.4, "location": "Portland, OR", "sentiment": "negative", "time": "Sat Mar 12 04:26:19 +0000 2016"}
{"polarity": 0.0, "location": "Phoenix, AZ", "sentiment": "neutral", "time": "Sat Mar 12 04:26:33 +0000 2016"}
{"polarity": 0.0, "location": "Atlanta, GA", "sentiment": "neutral", "time": "Sat Mar 12 04:26:35 +0000 2016"}
{"polarity": 0.0, "location": "Phoenix, AZ", "sentiment": "neutral", "time": "Sat Mar 12 04:26:55 +0000 2016"}
{"polarity": 0.7, "location": "New York, NY", "sentiment": "positive", "time": "Sat Mar 12 04:26:59 +0000 2016"}
{"polarity": 0.0, "location": "Atlanta, GA", "sentiment": "neutral", "time": "Sat Mar 12 04:58:01 +0000 2016"}
{"polarity": 0.0, "location": "Phoenix, AZ", "sentiment": "neutral", "time": "Sat Mar 12 04:58:04 +0000 2016"}
{"polarity": 0.0, "location": "Atlanta, GA", "sentiment": "neutral", "time": "Sat Mar 12 04:58:21 +0000 2016"}
{"polarity": 0.0, "location": "Seattle, WA", "sentiment": "neutral", "time": "Sat Mar 12 04:58:22 +0000 2016"}
{"polarity": 0.3, "location": "Boston, MA", "sentiment": "positive", "time": "Sat Mar 12 04:58:26 +0000 2016"}
{"polarity": 0.0, "location": "Atlanta, GA", "sentiment": "neutral", "time": "Sat Mar 12 04:58:32 +0000 2016"}
{"polarity": 0.0, "location": "Atlanta, GA", "sentiment": "neutral", "time": "Sat Mar 12 04:58:46 +0000 2016"}
{"polarity": 0.0, "location": "Phoenix, AZ", "sentiment": "neutral", "time": "Sat Mar 12 04:58:47 +0000 2016"}
{"polarity": 0.7, "location": "Seattle, WA", "sentiment": "positive", "time": "Sat Mar 12 04:58:51 +0000 2016"}
{"polarity": 0.0, "location": "Phoenix, AZ", "sentiment": "neutral", "time": "Sat Mar 12 04:42:03 +0000 2016"}
{"polarity": -0.4, "location": "Portland, OR", "sentiment": "negative", "time": "Sat Mar 12 04:42:17 +0000 2016"}
{"polarity": 0.25, "location": "San Diego, CA", "sentiment": "positive", "time": "Sat Mar 12 04:42:18 +0000 2016"}
{"polarity": -0.8, "location": "Phoenix, AZ", "sentiment": "negative", "time": "Sat Mar 12 04:42:21 +0000 2016"}
{"polarity": 0.19999999999999998, "location": "Atlanta, GA", "sentiment": "positive", "time": "Sat Mar 12 04:42:24 +0000 2016"}
{"polarity": -0.6, "location": "New York, NY", "sentiment": "negative", "time": "Sat Mar 12 04:42:29 +0000 2016"}
{"polarity": 0.5, "location": "Boston, MA", "sentiment": "positive", "time": "Sat Mar 12 04:42:30 +0000 2016"}
{"polarity": -0.6999999999999998, "location": "New York, NY", "sentiment": "negative", "time": "Sat Mar 12 04:50:07 +0000 2016"}
{"polarity": -0.2916666666666667, "location": "Phoenix, AZ", "sentiment": "negative", "time": "Sat Mar 12 04:50:07 +0000 2016"}
{"polarity": 0.1, "location": "Orlando, FL", "sentiment": "positive", "time": "Sat Mar 12 04:50:11 +0000 2016"}
{"polarity": -0.5777777777777778, "location": "San Diego, CA", "sentiment": "negative", "time": "Sat Mar 12 04:50:12 +0000 2016"}
{"polarity": 0.0, "location": "New York, NY", "sentiment": "neutral", "time": "Sat Mar 12 04:50:09 +0000 2016"}
{"polarity": 0.2, "location": "Portland, OR", "sentiment": "positive", "time": "Sat Mar 12 04:50:17 +0000 2016"}
{"polarity": 0.2, "location": "Boston, MA", "sentiment": "positive", "time": "Sat Mar 12 04:50:17 +0000 2016"}
{"polarity": 0.0888888888888889, "location": "New York, NY", "sentiment": "positive", "time": "Sat Mar 12 04:50:25 +0000 2016"}
{"polarity": 0.5, "location": "Phoenix, AZ", "sentiment": "positive", "time": "Sat Mar 12 04:50:26 +0000 2016"}
{"polarity": 0.0, "location": "New York, NY", "sentiment": "neutral", "time": "Sat Mar 12 04:50:26 +0000 2016"}
{"polarity": 0.0, "location": "San Diego, CA", "sentiment": "neutral", "time": "Sat Mar 12 04:50:38 +0000 2016"}
{"polarity": -0.13, "location": "New York, NY", "sentiment": "negative", "time": "Sat Mar 12 04:50:45 +0000 2016"}
{"polarity": 0.0, "location": "San Diego, CA", "sentiment": "neutral", "time": "Sat Mar 12 04:15:05 +0000 2016"}
{"polarity": 0.0, "location": "Atlanta, GA", "sentiment": "neutral", "time": "Sat Mar 12 04:15:06 +0000 2016"}
{"polarity": 0.0, "location": "San Diego, CA", "sentiment": "neutral", "time": "Sat Mar 12 04:15:09 +0000 2016"}
{"polarity": 0.1, "location": "New York, NY", "sentiment": "positive", "time": "Sat Mar 12 04:15:10 +0000 2016"}
{"polarity": 0.0, "location": "San Diego, CA", "sentiment": "neutral", "time": "Sat Mar 12 04:15:09 +0000 2016"}
{"polarity": 0.06666666666666667, "location": "New York, NY", "sentiment": "positive", "time": "Sat Mar 12 04:15:22 +0000 2016"}
{"polarity": 0.18333333333333335, "location": "Seattle, WA", "sentiment": "positive", "time": "Sat Mar 12 04:15:27 +0000 2016"}
{"polarity": 0.19999999999999998, "location": "New York, NY", "sentiment": "positive", "time": "Sat Mar 12 04:15:29 +0000 2016"}
{"polarity": 0.0, "location": "Seattle, WA", "sentiment": "neutral", "time": "Sat Mar 12 04:15:31 +0000 2016"}
{"polarity": -0.25, "location": "Atlanta, GA", "sentiment": "negative", "time": "Sat Mar 12 04:15:34 +0000 2016"}
{"polarity": 0.0, "location": "Atlanta, GA", "sentiment": "neutral", "time": "Sat Mar 12 04:15:35 +0000 2016"}
{"polarity": 0.5, "location": "New York, NY", "sentiment": "positive", "time": "Sat Mar 12 04:15:36 +0000 2016"}
{"polarity": 0.4, "location": "Boston, MA", "sentiment": "positive", "time": "Sat Mar 12 04:15:40 +0000 2016"}
{"polarity": -0.2, "location": "Atlanta, GA", "sentiment": "negative", "time": "Sat Mar 12 04:15:37 +0000 2016"}
{"polarity": 0.0, "location": "New York, NY", "sentiment": "neutral", "time": "Sat Mar 12 04:15:30 +0000 2016"}
{"polarity": 0.0, "location": "New York, NY", "sentiment": "neutral", "time": "Sat Mar 12 04:38:02 +0000 2016"}
{"polarity": -0.4, "location": "Portland, OR", "sentiment": "negative", "time": "Sat Mar 12 04:38:03 +0000 2016"}
{"polarity": 0.3, "location": "Orlando, FL", "sentiment": "positive", "time": "Sat Mar 12 04:38:14 +0000 2016"}
{"polarity": 0.0, "location": "New York, NY", "sentiment": "neutral", "time": "Sat Mar 12 04:38:16 +0000 2016"}
{"polarity": -0.041666666666666664, "location": "Portland, OR", "sentiment": "negative", "time": "Sat Mar 12 04:38:20 +0000 2016"}
{"polarity": 0.0, "location": "Orlando, FL", "sentiment": "neutral", "time": "Sat Mar 12 04:38:24 +0000 2016"}
{"polarity": 0.0, "location": "Orlando, FL", "sentiment": "neutral", "time": "Sat Mar 12 04:38:34 +0000 2016"}
{"polarity": 0.0, "location": "New York, NY", "sentiment": "neutral", "time": "Sat Mar 12 04:38:38 +0000 2016"}
{"polarity": 0.0, "location": "New York, NY", "sentiment": "neutral", "time": "Sat Mar 12 04:38:39 +0000 2016"}
{"polarity": -0.31851851851851853, "location": "New York, NY", "sentiment": "negative", "time": "Sat Mar 12 04:21:29 +0000 2016"}
{"polarity": 0.0, "location": "St. Louis, MO", "sentiment": "neutral", "time": "Sat Mar 12 04:21:48 +0000 2016"}
{"polarity": -0.08333333333333333, "location": "Portland, OR", "sentiment": "negative", "time": "Sat Mar 12 04:21:52 +0000 2016"}
{"polarity": 0.0, "location": "New York, NY", "sentiment": "neutral", "time": "Sat Mar 12 04:17:03 +0000 2016"}
{"polarity": 0.8, "location": "Phoenix, AZ", "sentiment": "positive", "time": "Sat Mar 12 04:17:04 +0000 2016"}
{"polarity": 0.0, "location": "New York, NY", "sentiment": "neutral", "time": "Sat Mar 12 04:17:05 +0000 2016"}
{"polarity": 0.8, "location": "Atlanta, GA", "sentiment": "positive", "time": "Sat Mar 12 04:17:11 +0000 2016"}
{"polarity": 0.11818181818181818, "location": "Orlando, FL", "sentiment": "positive", "time": "Sat Mar 12 04:17:13 +0000 2016"}
{"polarity": -0.7142857142857143, "location": "New York, NY", "sentiment": "negative", "time": "Sat Mar 12 04:17:16 +0000 2016"}
{"polarity": 0.0, "location": "Boston, MA", "sentiment": "neutral", "time": "Sat Mar 12 04:17:35 +0000 2016"}
{"polarity": 0.0, "location": "San Diego, CA", "sentiment": "neutral", "time": "Sat Mar 12 04:17:39 +0000 2016"}
{"polarity": 0.8, "location": "Phoenix, AZ", "sentiment": "positive", "time": "Sat Mar 12 04:17:44 +0000 2016"}
{"polarity": -0.025000000000000022, "location": "New York, NY", "sentiment": "negative", "time": "Sat Mar 12 04:12:06 +0000 2016"}
{"polarity": 0.0, "location": "San Diego, CA", "sentiment": "neutral", "time": "Sat Mar 12 04:12:13 +0000 2016"}
{"polarity": 0.0, "location": "Boston, MA", "sentiment": "neutral", "time": "Sat Mar 12 04:12:28 +0000 2016"}
{"polarity": 0.225, "location": "San Diego, CA", "sentiment": "positive", "time": "Sat Mar 12 04:12:46 +0000 2016"}
{"polarity": 0.4, "location": "Portland, OR", "sentiment": "positive", "time": "Sat Mar 12 04:12:48 +0000 2016"}
{"polarity": 0.0, "location": "New York, NY", "sentiment": "neutral", "time": "Sat Mar 12 04:12:51 +0000 2016"}
{"polarity": 0.0, "location": "Portland, OR", "sentiment": "neutral", "time": "Sat Mar 12 04:29:03 +0000 2016"}
{"polarity": 0.0, "location": "San Diego, CA", "sentiment": "neutral", "time": "Sat Mar 12 04:29:08 +0000 2016"}
{"polarity": 0.0, "location": "New York, NY", "sentiment": "neutral", "time": "Sat Mar 12 04:29:13 +0000 2016"}
{"polarity": 0.0, "location": "Atlanta, GA", "sentiment": "neutral", "time": "Sat Mar 12 04:29:08 +0000 2016"}
{"polarity": -0.01339285714285715, "location": "Seattle, WA", "sentiment": "negative", "time": "Sat Mar 12 04:29:27 +0000 2016"}
{"polarity": 0.0, "location": "Orlando, FL", "sentiment": "neutral", "time": "Sat Mar 12 04:29:27 +0000 2016"}
{"polarity": -0.15555555555555559, "location": "San Diego, CA", "sentiment": "negative", "time": "Sat Mar 12 04:29:33 +0000 2016"}
{"polarity": 0.0, "location": "Portland, OR", "sentiment": "neutral", "time": "Sat Mar 12 04:29:36 +0000 2016"}
{"polarity": 0.0, "location": "New York, NY", "sentiment": "neutral", "time": "Sat Mar 12 04:29:37 +0000 2016"}
{"polarity": 0.0, "location": "Seattle, WA", "sentiment": "neutral", "time": "Sat Mar 12 04:29:43 +0000 2016"}
{"polarity": 0.0, "location": "Seattle, WA", "sentiment": "neutral", "time": "Sat Mar 12 04:29:44 +0000 2016"}
{"polarity": 0.2857142857142857, "location": "New York, NY", "sentiment": "positive", "time": "Sat Mar 12 04:29:53 +0000 2016"}
{"polarity": -0.5, "location": "New York, NY", "sentiment": "negative", "time": "Sat Mar 12 04:18:01 +0000 2016"}
{"polarity": 0.0, "location": "San Diego, CA", "sentiment": "neutral", "time": "Sat Mar 12 04:18:03 +0000 2016"}
{"polarity": -1.0, "location": "Boston, MA", "sentiment": "negative", "time": "Sat Mar 12 04:18:15 +0000 2016"}
{"polarity": 0.11666666666666668, "location": "Phoenix, AZ", "sentiment": "positive", "time": "Sat Mar 12 04:18:26 +0000 2016"}
{"polarity": -0.07500000000000001, "location": "Seattle, WA", "sentiment": "negative", "time": "Sat Mar 12 04:18:27 +0000 2016"}
{"polarity": -0.05, "location": "New York, NY", "sentiment": "negative", "time": "Sat Mar 12 04:18:35 +0000 2016"}
{"polarity": 0.0, "location": "Atlanta, GA", "sentiment": "neutral", "time": "Sat Mar 12 04:18:37 +0000 2016"}
{"polarity": 0.0, "location": "Atlanta, GA", "sentiment": "neutral", "time": "Sat Mar 12 04:18:40 +0000 2016"}
{"polarity": -0.34375, "location": "Orlando, FL", "sentiment": "negative", "time": "Sat Mar 12 04:46:02 +0000 2016"}
{"polarity": 0.35, "location": "New York, NY", "sentiment": "positive", "time": "Sat Mar 12 04:46:10 +0000 2016"}
{"polarity": 0.5, "location": "Seattle, WA", "sentiment": "positive", "time": "Sat Mar 12 04:46:14 +0000 2016"}
{"polarity": 0.0, "location": "Atlanta, GA", "sentiment": "neutral", "time": "Sat Mar 12 04:46:29 +0000 2016"}
{"polarity": 0.875, "location": "Atlanta, GA", "sentiment": "positive", "time": "Sat Mar 12 04:46:34 +0000 2016"}
{"polarity": 0.2857142857142857, "location": "Phoenix, AZ", "sentiment": "positive", "time": "Sat Mar 12 04:46:45 +0000 2016"}
{"polarity": 0.0, "location": "Boston, MA", "sentiment": "neutral", "time": "Sat Mar 12 04:46:53 +0000 2016"}
{"polarity": -0.25, "location": "Portland, OR", "sentiment": "negative", "time": "Sat Mar 12 04:46:58 +0000 2016"}
{"polarity": 1.0, "location": "New York, NY", "sentiment": "positive", "time": "Sat Mar 12 04:00:04 +0000 2016"}
{"polarity": 0.9, "location": "New York, NY", "sentiment": "positive", "time": "Sat Mar 12 04:00:10 +0000 2016"}
{"polarity": 0.1, "location": "Orlando, FL", "sentiment": "positive", "time": "Sat Mar 12 04:00:13 +0000 2016"}
{"polarity": 0.0, "location": "Portland, OR", "sentiment": "neutral", "time": "Sat Mar 12 04:00:21 +0000 2016"}
{"polarity": -0.38518518518518524, "location": "New York, NY", "sentiment": "negative", "time": "Sat Mar 12 04:00:46 +0000 2016"}
{"polarity": 0.32499999999999996, "location": "Orlando, FL", "sentiment": "positive", "time": "Sat Mar 12 04:00:53 +0000 2016"}
{"polarity": 0.5, "location": "Portland, OR", "sentiment": "positive", "time": "Sat Mar 12 04:34:11 +0000 2016"}
{"polarity": 0.85, "location": "New York, NY", "sentiment": "positive", "time": "Sat Mar 12 04:34:15 +0000 2016"}
{"polarity": 0.0, "location": "Orlando, FL", "sentiment": "neutral", "time": "Sat Mar 12 04:34:27 +0000 2016"}
{"polarity": 0.2, "location": "St. Louis, MO", "sentiment": "positive", "time": "Sat Mar 12 04:34:28 +0000 2016"}
{"polarity": 0.15464285714285714, "location": "Seattle, WA", "sentiment": "positive", "time": "Sat Mar 12 04:34:34 +0000 2016"}
{"polarity": 0.2, "location": "Atlanta, GA", "sentiment": "positive", "time": "Sat Mar 12 04:34:47 +0000 2016"}
{"polarity": 0.1, "location": "Boston, MA", "sentiment": "positive", "time": "Sat Mar 12 04:34:48 +0000 2016"}
{"polarity": 1.0, "location": "St. Louis, MO", "sentiment": "positive", "time": "Sat Mar 12 04:05:16 +0000 2016"}
{"polarity": 0.2, "location": "New York, NY", "sentiment": "positive", "time": "Sat Mar 12 04:05:19 +0000 2016"}
{"polarity": -0.1, "location": "Atlanta, GA", "sentiment": "negative", "time": "Sat Mar 12 04:05:23 +0000 2016"}
{"polarity": 0.5, "location": "Boston, MA", "sentiment": "positive", "time": "Sat Mar 12 04:05:24 +0000 2016"}
{"polarity": -0.08333333333333333, "location": "San Diego, CA", "sentiment": "negative", "time": "Sat Mar 12 04:05:31 +0000 2016"}
{"polarity": -0.2916666666666667, "location": "Portland, OR", "sentiment": "negative", "time": "Sat Mar 12 04:05:40 +0000 2016"}
{"polarity": 0.0, "location": "New York, NY", "sentiment": "neutral", "time": "Sat Mar 12 04:05:54 +0000 2016"}
{"polarity": -0.023809523809523798, "location": "Orlando, FL", "sentiment": "negative", "time": "Sat Mar 12 04:05:56 +0000 2016"}
{"polarity": 0.6, "location": "Phoenix, AZ", "sentiment": "positive", "time": "Sat Mar 12 04:11:04 +0000 2016"}
{"polarity": 0.0, "location": "San Diego, CA", "sentiment": "neutral", "time": "Sat Mar 12 04:11:11 +0000 2016"}
{"polarity": 0.0, "location": "New York, NY", "sentiment": "neutral", "time": "Sat Mar 12 04:11:17 +0000 2016"}
{"polarity": 0.2, "location": "Portland, OR", "sentiment": "positive", "time": "Sat Mar 12 04:11:35 +0000 2016"}
{"polarity": 0.0, "location": "Orlando, FL", "sentiment": "neutral", "time": "Sat Mar 12 04:11:40 +0000 2016"}
{"polarity": 0.2, "location": "Atlanta, GA", "sentiment": "positive", "time": "Sat Mar 12 04:11:42 +0000 2016"}
{"polarity": -0.09999999999999999, "location": "Seattle, WA", "sentiment": "negative", "time": "Sat Mar 12 04:11:44 +0000 2016"}
{"polarity": -0.55, "location": "Atlanta, GA", "sentiment": "negative", "time": "Sat Mar 12 04:11:47 +0000 2016"}
{"polarity": 0.5, "location": "Atlanta, GA", "sentiment": "positive", "time": "Sat Mar 12 04:11:53 +0000 2016"}
{"polarity": -0.25, "location": "Boston, MA", "sentiment": "negative", "time": "Sat Mar 12 04:56:06 +0000 2016"}
{"polarity": 0.0, "location": "Seattle, WA", "sentiment": "neutral", "time": "Sat Mar 12 04:56:20 +0000 2016"}
{"polarity": 0.0, "location": "San Diego, CA", "sentiment": "neutral", "time": "Sat Mar 12 04:56:23 +0000 2016"}
{"polarity": 0.0, "location": "New York, NY", "sentiment": "neutral", "time": "Sat Mar 12 04:56:48 +0000 2016"}
{"polarity": 0.0, "location": "New York, NY", "sentiment": "neutral", "time": "Sat Mar 12 04:47:07 +0000 2016"}
{"polarity": 0.0, "location": "Atlanta, GA", "sentiment": "neutral", "time": "Sat Mar 12 04:47:12 +0000 2016"}
{"polarity": 0.475, "location": "Atlanta, GA", "sentiment": "positive", "time": "Sat Mar 12 04:47:16 +0000 2016"}
{"polarity": -0.2, "location": "Portland, OR", "sentiment": "negative", "time": "Sat Mar 12 04:47:18 +0000 2016"}
{"polarity": 0.0, "location": "New York, NY", "sentiment": "neutral", "time": "Sat Mar 12 04:47:29 +0000 2016"}
{"polarity": 0.0, "location": "San Diego, CA", "sentiment": "neutral", "time": "Sat Mar 12 04:47:38 +0000 2016"}
{"polarity": 0.0, "location": "Portland, OR", "sentiment": "neutral", "time": "Sat Mar 12 04:47:38 +0000 2016"}
{"polarity": 0.4, "location": "Atlanta, GA", "sentiment": "positive", "time": "Sat Mar 12 04:47:42 +0000 2016"}
{"polarity": 0.042857142857142844, "location": "San Diego, CA", "sentiment": "positive", "time": "Sat Mar 12 04:47:43 +0000 2016"}
{"polarity": 0.0, "location": "Atlanta, GA", "sentiment": "neutral", "time": "Sat Mar 12 04:47:44 +0000 2016"}
{"polarity": 0.0, "location": "Atlanta, GA", "sentiment": "neutral", "time": "Sat Mar 12 04:47:49 +0000 2016"}
{"polarity": -0.5, "location": "Seattle, WA", "sentiment": "negative", "time": "Sat Mar 12 04:47:51 +0000 2016"}
{"polarity": 0.0, "location": "Atlanta, GA", "sentiment": "neutral", "time": "Sat Mar 12 04:52:10 +0000 2016"}
{"polarity": 0.0, "location": "Seattle, WA", "sentiment": "neutral", "time": "Sat Mar 12 04:52:12 +0000 2016"}
{"polarity": -0.09999999999999999, "location": "Seattle, WA", "sentiment": "negative", "time": "Sat Mar 12 04:52:17 +0000 2016"}
{"polarity": 0.2857142857142857, "location": "Phoenix, AZ", "sentiment": "positive", "time": "Sat Mar 12 04:52:31 +0000 2016"}
{"polarity": -0.25, "location": "Portland, OR", "sentiment": "negative", "time": "Sat Mar 12 04:52:51 +0000 2016"}
{"polarity": -0.22472527472527473, "location": "Atlanta, GA", "sentiment": "negative", "time": "Sat Mar 12 04:53:18 +0000 2016"}
{"polarity": 0.0, "location": "New York, NY", "sentiment": "neutral", "time": "Sat Mar 12 04:53:24 +0000 2016"}
{"polarity": 0.2, "location": "Atlanta, GA", "sentiment": "positive", "time": "Sat Mar 12 04:53:30 +0000 2016"}
{"polarity": -0.13333333333333333, "location": "Portland, OR", "sentiment": "negative", "time": "Sat Mar 12 04:53:35 +0000 2016"}
{"polarity": 0.0, "location": "New York, NY", "sentiment": "neutral", "time": "Sat Mar 12 04:53:54 +0000 2016"}
{"polarity": 0.2, "location": "Atlanta, GA", "sentiment": "positive", "time": "Sat Mar 12 04:02:04 +0000 2016"}
{"polarity": 0.0, "location": "New York, NY", "sentiment": "neutral", "time": "Sat Mar 12 04:02:05 +0000 2016"}
{"polarity": 0.0, "location": "Seattle, WA", "sentiment": "neutral", "time": "Sat Mar 12 04:02:06 +0000 2016"}
{"polarity": 0.35, "location": "Atlanta, GA", "sentiment": "positive", "time": "Sat Mar 12 04:02:08 +0000 2016"}
{"polarity": 0.0, "location": "Atlanta, GA", "sentiment": "neutral", "time": "Sat Mar 12 04:02:29 +0000 2016"}
{"polarity": 0.0, "location": "Atlanta, GA", "sentiment": "neutral", "time": "Sat Mar 12 04:02:34 +0000 2016"}
{"polarity": 0.0, "location": "Atlanta, GA", "sentiment": "neutral", "time": "Sat Mar 12 04:02:34 +0000 2016"}
{"polarity": 0.0, "location": "Phoenix, AZ", "sentiment": "neutral", "time": "Sat Mar 12 04:02:37 +0000 2016"}
{"polarity": 0.0, "location": "Seattle, WA", "sentiment": "neutral", "time": "Sat Mar 12 04:02:47 +0000 2016"}
{"polarity": 0.8, "location": "Atlanta, GA", "sentiment": "positive", "time": "Sat Mar 12 04:02:49 +0000 2016"}
{"polarity": 0.0, "location": "San Diego, CA", "sentiment": "neutral", "time": "Sat Mar 12 04:02:51 +0000 2016"}
{"polarity": 0.0, "location": "Portland, OR", "sentiment": "neutral", "time": "Sat Mar 12 04:02:53 +0000 2016"}
{"polarity": 0.0, "location": "Orlando, FL", "sentiment": "neutral", "time": "Sat Mar 12 04:02:56 +0000 2016"}
{"polarity": 0.4787878787878788, "location": "San Diego, CA", "sentiment": "positive", "time": "Sat Mar 12 04:02:56 +0000 2016"}
{"polarity": 0.5, "location": "San Diego, CA", "sentiment": "positive", "time": "Sat Mar 12 04:02:58 +0000 2016"}
{"polarity": 0.0, "location": "Atlanta, GA", "sentiment": "neutral", "time": "Sat Mar 12 04:02:58 +0000 2016"}
{"polarity": 0.0, "location": "Boston, MA", "sentiment": "neutral", "time": "Sat Mar 12 04:48:10 +0000 2016"}
{"polarity": 0.0, "location": "New York, NY", "sentiment": "neutral", "time": "Sat Mar 12 04:48:24 +0000 2016"}
{"polarity": 0.0, "location": "New York, NY", "sentiment": "neutral", "time": "Sat Mar 12 04:48:25 +0000 2016"}
{"polarity": 0.0, "location": "Atlanta, GA", "sentiment": "neutral", "time": "Sat Mar 12 04:48:26 +0000 2016"}
{"polarity": 0.0, "location": "Phoenix, AZ", "sentiment": "neutral", "time": "Sat Mar 12 04:48:33 +0000 2016"}
{"polarity": 0.0, "location": "Seattle, WA", "sentiment": "neutral", "time": "Sat Mar 12 04:48:39 +0000 2016"}
{"polarity": 0.0, "location": "Orlando, FL", "sentiment": "neutral", "time": "Sat Mar 12 04:48:37 +0000 2016"}
{"polarity": 0.0, "location": "New York, NY", "sentiment": "neutral", "time": "Sat Mar 12 04:48:57 +0000 2016"}
{"polarity": -1.0, "location": "St. Louis, MO", "sentiment": "negative", "time": "Sat Mar 12 04:25:13 +0000 2016"}
{"polarity": 0.5, "location": "New York, NY", "sentiment": "positive", "time": "Sat Mar 12 04:25:12 +0000 2016"}
{"polarity": 0.375, "location": "San Diego, CA", "sentiment": "positive", "time": "Sat Mar 12 04:25:23 +0000 2016"}
{"polarity": 0.0, "location": "Seattle, WA", "sentiment": "neutral", "time": "Sat Mar 12 04:25:30 +0000 2016"}
{"polarity": 0.0, "location": "Phoenix, AZ", "sentiment": "neutral", "time": "Sat Mar 12 04:25:29 +0000 2016"}
{"polarity": 0.0, "location": "Portland, OR", "sentiment": "neutral", "time": "Sat Mar 12 04:25:47 +0000 2016"}
{"polarity": 0.35, "location": "Orlando, FL", "sentiment": "positive", "time": "Sat Mar 12 04:25:50 +0000 2016"}
{"polarity": 0.5736111111111111, "location": "Atlanta, GA", "sentiment": "positive", "time": "Sat Mar 12 04:25:50 +0000 2016"}
{"polarity": 0.0, "location": "Boston, MA", "sentiment": "neutral", "time": "Sat Mar 12 04:16:07 +0000 2016"}
{"polarity": 0.0, "location": "St. Louis, MO", "sentiment": "neutral", "time": "Sat Mar 12 04:16:24 +0000 2016"}
{"polarity": -0.05, "location": "New York, NY", "sentiment": "negative", "time": "Sat Mar 12 04:16:40 +0000 2016"}
{"polarity": -0.3, "location": "New York, NY", "sentiment": "negative", "time": "Sat Mar 12 04:16:40 +0000 2016"}
{"polarity": 0.04999999999999999, "location": "Phoenix, AZ", "sentiment": "positive", "time": "Sat Mar 12 04:16:52 +0000 2016"}
{"polarity": 0.0, "location": "San Diego, CA", "sentiment": "neutral", "time": "Sat Mar 12 04:14:02 +0000 2016"}
{"polarity": 0.0, "location": "Atlanta, GA", "sentiment": "neutral", "time": "Sat Mar 12 04:14:04 +0000 2016"}
{"polarity": 0.8, "location": "Phoenix, AZ", "sentiment": "positive", "time": "Sat Mar 12 04:14:11 +0000 2016"}
{"polarity": 0.0, "location": "Seattle, WA", "sentiment": "neutral", "time": "Sat Mar 12 04:14:15 +0000 2016"}
{"polarity": 0.25, "location": "New York, NY", "sentiment": "positive", "time": "Sat Mar 12 04:14:19 +0000 2016"}
{"polarity": -0.3125, "location": "Atlanta, GA", "sentiment": "negative", "time": "Sat Mar 12 04:14:28 +0000 2016"}
{"polarity": 0.1638888888888889, "location": "Orlando, FL", "sentiment": "positive", "time": "Sat Mar 12 04:14:46 +0000 2016"}
{"polarity": 0.0, "location": "New York, NY", "sentiment": "neutral", "time": "Sat Mar 12 04:14:47 +0000 2016"}
{"polarity": 0.7, "location": "Boston, MA", "sentiment": "positive", "time": "Sat Mar 12 04:14:50 +0000 2016"}
{"polarity": 0.13636363636363635, "location": "Boston, MA", "sentiment": "positive", "time": "Sat Mar 12 04:14:53 +0000 2016"}
{"polarity": -0.2, "location": "New York, NY", "sentiment": "negative", "time": "Sat Mar 12 04:23:15 +0000 2016"}
{"polarity": 0.0, "location": "San Diego, CA", "sentiment": "neutral", "time": "Sat Mar 12 04:23:31 +0000 2016"}
{"polarity": 0.0, "location": "Orlando, FL", "sentiment": "neutral", "time": "Sat Mar 12 04:23:33 +0000 2016"}
{"polarity": 0.6375, "location": "Portland, OR", "sentiment": "positive", "time": "Sat Mar 12 04:23:34 +0000 2016"}
{"polarity": 0.0, "location": "New York, NY", "sentiment": "neutral", "time": "Sat Mar 12 04:23:38 +0000 2016"}
{"polarity": 0.75, "location": "Atlanta, GA", "sentiment": "positive", "time": "Sat Mar 12 04:23:37 +0000 2016"}
{"polarity": 0.21666666666666667, "location": "Atlanta, GA", "sentiment": "positive", "time": "Sat Mar 12 04:23:40 +0000 2016"}
{"polarity": 0.75, "location": "Seattle, WA", "sentiment": "positive", "time": "Sat Mar 12 04:23:45 +0000 2016"}
{"polarity": 0.0, "location": "St. Louis, MO", "sentiment": "neutral", "time": "Sat Mar 12 04:23:54 +0000 2016"}
{"polarity": 0.8, "location": "San Diego, CA", "sentiment": "positive", "time": "Sat Mar 12 04:23:56 +0000 2016"}
{"polarity": 0.0, "location": "Seattle, WA", "sentiment": "neutral", "time": "Sat Mar 12 04:23:57 +0000 2016"}
{"polarity": 0.8125, "location": "Seattle, WA", "sentiment": "positive", "time": "Sat Mar 12 04:07:02 +0000 2016"}
{"polarity": 0.13636363636363635, "location": "Portland, OR", "sentiment": "positive", "time": "Sat Mar 12 04:07:05 +0000 2016"}
{"polarity": 0.5, "location": "St. Louis, MO", "sentiment": "positive", "time": "Sat Mar 12 04:07:08 +0000 2016"}
{"polarity": 0.25, "location": "New York, NY", "sentiment": "positive", "time": "Sat Mar 12 04:07:18 +0000 2016"}
{"polarity": 0.0, "location": "Atlanta, GA", "sentiment": "neutral", "time": "Sat Mar 12 04:07:22 +0000 2016"}
{"polarity": 0.0, "location": "Atlanta, GA", "sentiment": "neutral", "time": "Sat Mar 12 04:07:21 +0000 2016"}
{"polarity": -0.30000000000000004, "location": "Atlanta, GA", "sentiment": "negative", "time": "Sat Mar 12 04:07:33 +0000 2016"}
{"polarity": 0.55, "location": "New York, NY", "sentiment": "positive", "time": "Sat Mar 12 04:07:39 +0000 2016"}
{"polarity": 0.0, "location": "New York, NY", "sentiment": "neutral", "time": "Sat Mar 12 04:51:11 +0000 2016"}
{"polarity": 0.0, "location": "San Diego, CA", "sentiment": "neutral", "time": "Sat Mar 12 04:51:12 +0000 2016"}
{"polarity": 0.0, "location": "Portland, OR", "sentiment": "neutral", "time": "Sat Mar 12 04:51:15 +0000 2016"}
{"polarity": 0.8, "location": "Phoenix, AZ", "sentiment": "positive", "time": "Sat Mar 12 04:51:24 +0000 2016"}
{"polarity": -0.275, "location": "San Diego, CA", "sentiment": "negative", "time": "Sat Mar 12 04:51:28 +0000 2016"}
{"polarity": 0.0, "location": "Atlanta, GA", "sentiment": "neutral", "time": "Sat Mar 12 04:51:35 +0000 2016"}
{"polarity": 0.0, "location": "Atlanta, GA", "sentiment": "neutral", "time": "Sat Mar 12 04:51:53 +0000 2016"}
{"polarity": 0.0, "location": "Orlando, FL", "sentiment": "neutral", "time": "Sat Mar 12 04:51:54 +0000 2016"}
{"polarity": 0.0, "location": "Atlanta, GA", "sentiment": "neutral", "time": "Sat Mar 12 04:51:56 +0000 2016"}
{"polarity": 0.0, "location": "Orlando, FL", "sentiment": "neutral", "time": "Sat Mar 12 04:30:17 +0000 2016"}
{"polarity": 0.0, "location": "St. Louis, MO", "sentiment": "neutral", "time": "Sat Mar 12 04:30:19 +0000 2016"}
{"polarity": 0.0, "location": "Atlanta, GA", "sentiment": "neutral", "time": "Sat Mar 12 04:30:21 +0000 2016"}
{"polarity": 0.0, "location": "Atlanta, GA", "sentiment": "neutral", "time": "Sat Mar 12 04:30:21 +0000 2016"}
{"polarity": 0.0, "location": "Portland, OR", "sentiment": "neutral", "time": "Sat Mar 12 04:30:29 +0000 2016"}
{"polarity": 0.23148148148148148, "location": "Atlanta, GA", "sentiment": "positive", "time": "Sat Mar 12 04:30:32 +0000 2016"}
{"polarity": 0.0, "location": "San Diego, CA", "sentiment": "neutral", "time": "Sat Mar 12 04:30:41 +0000 2016"}
{"polarity": 0.8, "location": "San Diego, CA", "sentiment": "positive", "time": "Sat Mar 12 04:30:46 +0000 2016"}
{"polarity": 0.0, "location": "Phoenix, AZ", "sentiment": "neutral", "time": "Sat Mar 12 04:30:50 +0000 2016"}
{"polarity": 0.6999999999999998, "location": "Portland, OR", "sentiment": "positive", "time": "Sat Mar 12 04:30:52 +0000 2016"}
{"polarity": 0.13636363636363635, "location": "Portland, OR", "sentiment": "positive", "time": "Sat Mar 12 04:30:58 +0000 2016"}
{"polarity": 0.0, "location": "Seattle, WA", "sentiment": "neutral", "time": "Sat Mar 12 04:03:03 +0000 2016"}
{"polarity": 0.0, "location": "New York, NY", "sentiment": "neutral", "time": "Sat Mar 12 04:03:11 +0000 2016"}
{"polarity": 0.0, "location": "Atlanta, GA", "sentiment": "neutral", "time": "Sat Mar 12 04:03:16 +0000 2016"}
{"polarity": 0.0, "location": "San Diego, CA", "sentiment": "neutral", "time": "Sat Mar 12 04:03:26 +0000 2016"}
{"polarity": 0.0, "location": "New York, NY", "sentiment": "neutral", "time": "Sat Mar 12 04:03:32 +0000 2016"}
{"polarity": 0.0, "location": "New York, NY", "sentiment": "neutral", "time": "Sat Mar 12 04:03:41 +0000 2016"}
{"polarity": 0.8, "location": "Phoenix, AZ", "sentiment": "positive", "time": "Sat Mar 12 04:03:51 +0000 2016"}
{"polarity": 0.0, "location": "Orlando, FL", "sentiment": "neutral", "time": "Sat Mar 12 04:03:52 +0000 2016"}
{"polarity": 0.0, "location": "New York, NY", "sentiment": "neutral", "time": "Sat Mar 12 04:40:00 +0000 2016"}
{"polarity": -0.03571428571428571, "location": "Boston, MA", "sentiment": "negative", "time": "Sat Mar 12 04:40:01 +0000 2016"}
{"polarity": -0.2, "location": "San Diego, CA", "sentiment": "negative", "time": "Sat Mar 12 04:40:24 +0000 2016"}
{"polarity": 0.1, "location": "Boston, MA", "sentiment": "positive", "time": "Sat Mar 12 04:40:30 +0000 2016"}
{"polarity": 0.0, "location": "Seattle, WA", "sentiment": "neutral", "time": "Sat Mar 12 04:40:54 +0000 2016"}
{"polarity": 0.33482142857142855, "location": "Seattle, WA", "sentiment": "positive", "time": "Sat Mar 12 04:08:00 +0000 2016"}
{"polarity": 0.5666666666666667, "location": "Boston, MA", "sentiment": "positive", "time": "Sat Mar 12 04:08:00 +0000 2016"}
{"polarity": 0.0, "location": "St. Louis, MO", "sentiment": "neutral", "time": "Sat Mar 12 04:08:10 +0000 2016"}
{"polarity": 0.0, "location": "Seattle, WA", "sentiment": "neutral", "time": "Sat Mar 12 04:08:13 +0000 2016"}
{"polarity": 0.13636363636363635, "location": "Seattle, WA", "sentiment": "positive", "time": "Sat Mar 12 04:08:21 +0000 2016"}
{"polarity": 0.13636363636363635, "location": "New York, NY", "sentiment": "positive", "time": "Sat Mar 12 04:08:49 +0000 2016"}
{"polarity": 0.0, "location": "Atlanta, GA", "sentiment": "neutral", "time": "Sat Mar 12 04:35:02 +0000 2016"}
{"polarity": 0.0, "location": "San Diego, CA", "sentiment": "neutral", "time": "Sat Mar 12 04:35:05 +0000 2016"}
{"polarity": 0.390625, "location": "Atlanta, GA", "sentiment": "positive", "time": "Sat Mar 12 04:35:08 +0000 2016"}
{"polarity": -0.5, "location": "Seattle, WA", "sentiment": "negative", "time": "Sat Mar 12 04:35:20 +0000 2016"}
{"polarity": -0.8, "location": "San Diego, CA", "sentiment": "negative", "time": "Sat Mar 12 04:35:20 +0000 2016"}
{"polarity": 0.0, "location": "Seattle, WA", "sentiment": "neutral", "time": "Sat Mar 12 04:35:28 +0000 2016"}
{"polarity": 0.2857142857142857, "location": "Atlanta, GA", "sentiment": "positive", "time": "Sat Mar 12 04:35:25 +0000 2016"}
{"polarity": 0.125, "location": "Boston, MA", "sentiment": "positive", "time": "Sat Mar 12 04:35:37 +0000 2016"}
{"polarity": 0.0, "location": "Seattle, WA", "sentiment": "neutral", "time": "Sat Mar 12 04:43:28 +0000 2016"}
{"polarity": 0.25, "location": "Atlanta, GA", "sentiment": "positive", "time": "Sat Mar 12 04:43:41 +0000 2016"}
{"polarity": 0.2418181818181818, "location": "Orlando, FL", "sentiment": "positive", "time": "Sat Mar 12 04:43:49 +0000 2016"}
{"polarity": 0.0, "location": "San Diego, CA", "sentiment": "neutral", "time": "Sat Mar 12 04:10:03 +0000 2016"}
{"polarity": 0.2333333333333333, "location": "San Diego, CA", "sentiment": "positive", "time": "Sat Mar 12 04:10:10 +0000 2016"}
{"polarity": 0.0, "location": "New York, NY", "sentiment": "neutral", "time": "Sat Mar 12 04:10:08 +0000 2016"}
{"polarity": 0.0, "location": "Atlanta, GA", "sentiment": "neutral", "time": "Sat Mar 12 04:10:17 +0000 2016"}
{"polarity": 0.13333333333333333, "location": "Boston, MA", "sentiment": "positive", "time": "Sat Mar 12 04:10:35 +0000 2016"}
{"polarity": 0.0, "location": "New York, NY", "sentiment": "neutral", "time": "Sat Mar 12 04:10:38 +0000 2016"}
{"polarity": 0.020833333333333315, "location": "Portland, OR", "sentiment": "positive", "time": "Sat Mar 12 04:10:43 +0000 2016"}
{"polarity": -0.4, "location": "Orlando, FL", "sentiment": "negative", "time": "Sat Mar 12 04:54:03 +0000 2016"}
{"polarity": -0.5, "location": "New York, NY", "sentiment": "negative", "time": "Sat Mar 12 04:54:05 +0000 2016"}
{"polarity": 0.0, "location": "Portland, OR", "sentiment": "neutral", "time": "Sat Mar 12 04:54:06 +0000 2016"}
{"polarity": 0.0, "location": "New York, NY", "sentiment": "neutral", "time": "Sat Mar 12 04:54:07 +0000 2016"}
{"polarity": 0.0, "location": "San Diego, CA", "sentiment": "neutral", "time": "Sat Mar 12 04:54:18 +0000 2016"}
{"polarity": 0.0, "location": "Atlanta, GA", "sentiment": "neutral", "time": "Sat Mar 12 04:54:20 +0000 2016"}
{"polarity": 0.0, "location": "Atlanta, GA", "sentiment": "neutral", "time": "Sat Mar 12 04:54:34 +0000 2016"}
{"polarity": 0.0, "location": "Boston, MA", "sentiment": "neutral", "time": "Sat Mar 12 04:54:49 +0000 2016"}
{"polarity": 0.0, "location": "Boston, MA", "sentiment": "neutral", "time": "Sat Mar 12 04:24:02 +0000 2016"}
{"polarity": 0.0, "location": "San Diego, CA", "sentiment": "neutral", "time": "Sat Mar 12 04:24:10 +0000 2016"}
{"polarity": 0.1, "location": "Portland, OR", "sentiment": "positive", "time": "Sat Mar 12 04:24:15 +0000 2016"}
{"polarity": -0.4000000000000001, "location": "New York, NY", "sentiment": "negative", "time": "Sat Mar 12 04:24:23 +0000 2016"}
{"polarity": 0.0, "location": "New York, NY", "sentiment": "neutral", "time": "Sat Mar 12 04:24:26 +0000 2016"}
{"polarity": 0.0, "location": "Atlanta, GA", "sentiment": "neutral", "time": "Sat Mar 12 04:24:27 +0000 2016"}
{"polarity": 0.36, "location": "New York, NY", "sentiment": "positive", "time": "Sat Mar 12 04:24:28 +0000 2016"}
{"polarity": 0.0, "location": "New York, NY", "sentiment": "neutral", "time": "Sat Mar 12 04:24:28 +0000 2016"}
{"polarity": 0.3, "location": "New York, NY", "sentiment": "positive", "time": "Sat Mar 12 04:24:37 +0000 2016"}
{"polarity": 0.4, "location": "Phoenix, AZ", "sentiment": "positive", "time": "Sat Mar 12 04:24:38 +0000 2016"}
{"polarity": -0.35, "location": "Portland, OR", "sentiment": "negative", "time": "Sat Mar 12 04:24:44 +0000 2016"}
{"polarity": -0.5, "location": "Boston, MA", "sentiment": "negative", "time": "Sat Mar 12 04:24:51 +0000 2016"}
{"polarity": 0.39375, "location": "Seattle, WA", "sentiment": "positive", "time": "Sat Mar 12 04:24:54 +0000 2016"}
{"polarity": 0.0, "location": "Portland, OR", "sentiment": "neutral", "time": "Sat Mar 12 04:32:06 +0000 2016"}
{"polarity": 0.3, "location": "Seattle, WA", "sentiment": "positive", "time": "Sat Mar 12 04:32:09 +0000 2016"}
{"polarity": -0.02121212121212122, "location": "Phoenix, AZ", "sentiment": "negative", "time": "Sat Mar 12 04:32:12 +0000 2016"}
{"polarity": 0.0, "location": "Portland, OR", "sentiment": "neutral", "time": "Sat Mar 12 04:32:17 +0000 2016"}
{"polarity": -0.4, "location": "San Diego, CA", "sentiment": "negative", "time": "Sat Mar 12 04:36:07 +0000 2016"}
{"polarity": 0.5, "location": "Atlanta, GA", "sentiment": "positive", "time": "Sat Mar 12 04:36:02 +0000 2016"}
{"polarity": 0.0, "location": "Boston, MA", "sentiment": "neutral", "time": "Sat Mar 12 04:36:09 +0000 2016"}
{"polarity": 0.0, "location": "Phoenix, AZ", "sentiment": "neutral", "time": "Sat Mar 12 04:36:18 +0000 2016"}
{"polarity": -0.4, "location": "San Diego, CA", "sentiment": "negative", "time": "Sat Mar 12 04:36:18 +0000 2016"}
{"polarity": -1.0, "location": "New York, NY", "sentiment": "negative", "time": "Sat Mar 12 04:36:34 +0000 2016"}
{"polarity": 0.13636363636363635, "location": "Atlanta, GA", "sentiment": "positive", "time": "Sat Mar 12 04:36:45 +0000 2016"}
{"polarity": 0.8, "location": "Orlando, FL", "sentiment": "positive", "time": "Sat Mar 12 04:36:43 +0000 2016"}
{"polarity": 0.244140625, "location": "Portland, OR", "sentiment": "positive", "time": "Sat Mar 12 04:36:37 +0000 2016"}
{"polarity": -0.04999999999999999, "location": "Portland, OR", "sentiment": "negative", "time": "Sat Mar 12 04:36:50 +0000 2016"}
{"polarity": 0.0, "location": "Seattle, WA", "sentiment": "neutral", "time": "Sat Mar 12 04:36:55 +0000 2016"}
{"polarity": 0.0, "location": "San Diego, CA", "sentiment": "neutral", "time": "Sat Mar 12 04:01:01 +0000 2016"}
{"polarity": 0.14285714285714285, "location": "Portland, OR", "sentiment": "positive", "time": "Sat Mar 12 04:01:17 +0000 2016"}
{"polarity": 0.0, "location": "Seattle, WA", "sentiment": "neutral", "time": "Sat Mar 12 04:01:12 +0000 2016"}
{"polarity": 0.0, "location": "Atlanta, GA", "sentiment": "neutral", "time": "Sat Mar 12 04:01:28 +0000 2016"}
{"polarity": 0.6666666666666666, "location": "Atlanta, GA", "sentiment": "positive", "time": "Sat Mar 12 04:01:45 +0000 2016"}
{"polarity": 0.0, "location": "Atlanta, GA", "sentiment": "neutral", "time": "Sat Mar 12 04:01:46 +0000 2016"}
{"polarity": -0.75, "location": "Orlando, FL", "sentiment": "negative", "time": "Sat Mar 12 04:01:52 +0000 2016"}
