{"polarity": 0.6, "location": "Atlanta, GA", "sentiment": "positive", "time": "Sat Mar 12 05:26:05 +0000 2016"}
{"polarity": 0.0, "location": "Seattle, WA", "sentiment": "neutral", "time": "Sat Mar 12 05:26:13 +0000 2016"}
{"polarity": 0.0, "location": "San Diego, CA", "sentiment": "neutral", "time": "Sat Mar 12 05:26:16 +0000 2016"}
{"polarity": 0.8, "location": "San Diego, CA", "sentiment": "positive", "time": "Sat Mar 12 05:26:29 +0000 2016"}
{"polarity": -0.15555555555555559, "location": "Atlanta, GA", "sentiment": "negative", "time": "Sat Mar 12 05:26:46 +0000 2016"}
{"polarity": -1.0, "location": "Atlanta, GA", "sentiment": "negative", "time": "Sat Mar 12 05:26:50 +0000 2016"}
{"polarity": 0.0, "location": "Phoenix, AZ", "sentiment": "neutral", "time": "Sat Mar 12 05:58:01 +0000 2016"}
{"polarity": 0.0, "location": "Atlanta, GA", "sentiment": "neutral", "time": "Sat Mar 12 05:58:03 +0000 2016"}
{"polarity": 0.7, "location": "New York, NY", "sentiment": "positive", "time": "Sat Mar 12 05:58:25 +0000 2016"}
{"polarity": 0.5, "location": "Seattle, WA", "sentiment": "positive", "time": "Sat Mar 12 05:58:29 +0000 2016"}
{"polarity": 0.0, "location": "Orlando, FL", "sentiment": "neutral", "time": "Sat Mar 12 05:58:29 +0000 2016"}
{"polarity": 0.16666666666666666, "location": "New York, NY", "sentiment": "positive", "time": "Sat Mar 12 05:58:31 +0000 2016"}
{"polarity": 0.05, "location": "Kansas City, KS", "sentiment": "positive", "time": "Sat Mar 12 05:58:45 +0000 2016"}
{"polarity": 0.0, "location": "Boston, MA", "sentiment": "neutral", "time": "Sat Mar 12 05:58:50 +0000 2016"}
{"polarity": 0.0, "location": "New York, NY", "sentiment": "neutral", "time": "Sat Mar 12 05:42:07 +0000 2016"}
{"polarity": 0.11785714285714285, "location": "New York, NY", "sentiment": "positive", "time": "Sat Mar 12 05:42:09 +0000 2016"}
{"polarity": 0.5, "location": "Phoenix, AZ", "sentiment": "positive", "time": "Sat Mar 12 05:42:12 +0000 2016"}
{"polarity": 0.0, "location": "Seattle, WA", "sentiment": "neutral", "time": "Sat Mar 12 05:42:10 +0000 2016"}
{"polarity": 0.725, "location": "San Diego, CA", "sentiment": "positive", "time": "Sat Mar 12 05:42:19 +0000 2016"}
{"polarity": 0.0, "location": "Seattle, WA", "sentiment": "neutral", "time": "Sat Mar 12 05:42:43 +0000 2016"}
{"polarity": -0.1, "location": "Phoenix, AZ", "sentiment": "negative", "time": "Sat Mar 12 05:42:59 +0000 2016"}
{"polarity": 0.3333333333333333, "location": "San Diego, CA", "sentiment": "positive", "time": "Sat Mar 12 05:50:01 +0000 2016"}
{"polarity": 0.16, "location": "Atlanta, GA", "sentiment": "positive", "time": "Sat Mar 12 05:50:13 +0000 2016"}
{"polarity": 0.25, "location": "Atlanta, GA", "sentiment": "positive", "time": "Sat Mar 12 05:50:43 +0000 2016"}
{"polarity": 0.3125, "location": "Seattle, WA", "sentiment": "positive", "time": "Sat Mar 12 05:50:45 +0000 2016"}
{"polarity": 0.6, "location": "Boston, MA", "sentiment": "positive", "time": "Sat Mar 12 05:50:47 +0000 2016"}
{"polarity": 0.0, "location": "Phoenix, AZ", "sentiment": "neutral", "time": "Sat Mar 12 05:50:51 +0000 2016"}
{"polarity": -0.16666666666666666, "location": "Atlanta, GA", "sentiment": "negative", "time": "Sat Mar 12 05:50:56 +0000 2016"}
{"polarity": 0.0, "location": "Boston, MA", "sentiment": "neutral", "time": "Sat Mar 12 05:15:09 +0000 2016"}
{"polarity": 0.0, "location": "New York, NY", "sentiment": "neutral", "time": "Sat Mar 12 05:15:10 +0000 2016"}
{"polarity": 0.2857142857142857, "location": "Portland, OR", "sentiment": "positive", "time": "Sat Mar 12 05:15:22 +0000 2016"}
{"polarity": 0.0, "location": "Boston, MA", "sentiment": "neutral", "time": "Sat Mar 12 05:15:26 +0000 2016"}
{"polarity": 0.9375, "location": "Boston, MA", "sentiment": "positive", "time": "Sat Mar 12 05:15:33 +0000 2016"}
{"polarity": -0.2, "location": "Seattle, WA", "sentiment": "negative", "time": "Sat Mar 12 05:15:34 +0000 2016"}
{"polarity": 0.0, "location": "St. Louis, MO", "sentiment": "neutral", "time": "Sat Mar 12 05:15:34 +0000 2016"}
{"polarity": 0.0, "location": "Phoenix, AZ", "sentiment": "neutral", "time": "Sat Mar 12 05:15:34 +0000 2016"}
{"polarity": 0.0, "location": "Phoenix, AZ", "sentiment": "neutral", "time": "Sat Mar 12 05:15:46 +0000 2016"}
{"polarity": -0.10272727272727274, "location": "Phoenix, AZ", "sentiment": "negative", "time": "Sat Mar 12 05:15:52 +0000 2016"}
{"polarity": 0.0, "location": "Atlanta, GA", "sentiment": "neutral", "time": "Sat Mar 12 05:38:03 +0000 2016"}
{"polarity": -0.6, "location": "Boston, MA", "sentiment": "negative", "time": "Sat Mar 12 05:38:18 +0000 2016"}
{"polarity": 0.25, "location": "Portland, OR", "sentiment": "positive", "time": "Sat Mar 12 05:38:26 +0000 2016"}
{"polarity": -0.26666666666666666, "location": "Orlando, FL", "sentiment": "negative", "time": "Sat Mar 12 05:38:29 +0000 2016"}
{"polarity": 0.15, "location": "Atlanta, GA", "sentiment": "positive", "time": "Sat Mar 12 05:38:37 +0000 2016"}
{"polarity": 0.4, "location": "Orlando, FL", "sentiment": "positive", "time": "Sat Mar 12 05:38:57 +0000 2016"}
{"polarity": 0.5, "location": "Boston, MA", "sentiment": "positive", "time": "Sat Mar 12 05:21:02 +0000 2016"}
{"polarity": -1.0, "location": "New York, NY", "sentiment": "negative", "time": "Sat Mar 12 05:21:03 +0000 2016"}
{"polarity": -0.4, "location": "New York, NY", "sentiment": "negative", "time": "Sat Mar 12 05:21:13 +0000 2016"}
{"polarity": -0.14583333333333331, "location": "New York, NY", "sentiment": "negative", "time": "Sat Mar 12 05:21:14 +0000 2016"}
{"polarity": -0.25625, "location": "San Diego, CA", "sentiment": "negative", "time": "Sat Mar 12 05:21:44 +0000 2016"}
{"polarity": 0.0, "location": "Atlanta, GA", "sentiment": "neutral", "time": "Sat Mar 12 05:21:47 +0000 2016"}
{"polarity": 0.09999999999999999, "location": "Atlanta, GA", "sentiment": "positive", "time": "Sat Mar 12 05:21:49 +0000 2016"}
{"polarity": 0.21818181818181817, "location": "San Diego, CA", "sentiment": "positive", "time": "Sat Mar 12 05:21:56 +0000 2016"}
{"polarity": 1.0, "location": "Atlanta, GA", "sentiment": "positive", "time": "Sat Mar 12 05:21:53 +0000 2016"}
{"polarity": 0.0, "location": "Boston, MA", "sentiment": "neutral", "time": "Sat Mar 12 05:17:00 +0000 2016"}
{"polarity": 0.3090909090909091, "location": "Seattle, WA", "sentiment": "positive", "time": "Sat Mar 12 05:17:05 +0000 2016"}
{"polarity": 0.07777777777777777, "location": "Boston, MA", "sentiment": "positive", "time": "Sat Mar 12 05:17:08 +0000 2016"}
{"polarity": 0.0, "location": "San Diego, CA", "sentiment": "neutral", "time": "Sat Mar 12 05:17:13 +0000 2016"}
{"polarity": 0.06666666666666667, "location": "Atlanta, GA", "sentiment": "positive", "time": "Sat Mar 12 05:17:18 +0000 2016"}
{"polarity": 0.0, "location": "Orlando, FL", "sentiment": "neutral", "time": "Sat Mar 12 05:17:29 +0000 2016"}
{"polarity": 0.0, "location": "New York, NY", "sentiment": "neutral", "time": "Sat Mar 12 05:17:51 +0000 2016"}
{"polarity": 0.2, "location": "San Diego, CA", "sentiment": "positive", "time": "Sat Mar 12 05:12:18 +0000 2016"}
{"polarity": -0.15892857142857142, "location": "Phoenix, AZ", "sentiment": "negative", "time": "Sat Mar 12 05:12:22 +0000 2016"}
{"polarity": 0.0, "location": "San Diego, CA", "sentiment": "neutral", "time": "Sat Mar 12 05:12:35 +0000 2016"}
{"polarity": 0.0, "location": "San Diego, CA", "sentiment": "neutral", "time": "Sat Mar 12 05:12:37 +0000 2016"}
{"polarity": -1.0, "location": "San Diego, CA", "sentiment": "negative", "time": "Sat Mar 12 05:12:58 +0000 2016"}
{"polarity": 0.1, "location": "San Diego, CA", "sentiment": "positive", "time": "Sat Mar 12 05:12:59 +0000 2016"}
{"polarity": 0.0, "location": "New York, NY", "sentiment": "neutral", "time": "Sat Mar 12 05:29:06 +0000 2016"}
{"polarity": 0.0, "location": "New York, NY", "sentiment": "neutral", "time": "Sat Mar 12 05:29:08 +0000 2016"}
{"polarity": 0.0, "location": "Atlanta, GA", "sentiment": "neutral", "time": "Sat Mar 12 05:29:23 +0000 2016"}
{"polarity": 0.0, "location": "Seattle, WA", "sentiment": "neutral", "time": "Sat Mar 12 05:29:43 +0000 2016"}
{"polarity": 0.2857142857142857, "location": "New York, NY", "sentiment": "positive", "time": "Sat Mar 12 05:29:44 +0000 2016"}
{"polarity": 0.0, "location": "Orlando, FL", "sentiment": "neutral", "time": "Sat Mar 12 05:29:45 +0000 2016"}
{"polarity": 0.8, "location": "Atlanta, GA", "sentiment": "positive", "time": "Sat Mar 12 05:29:46 +0000 2016"}
{"polarity": -0.2277777777777778, "location": "San Diego, CA", "sentiment": "negative", "time": "Sat Mar 12 05:29:55 +0000 2016"}
{"polarity": 0.0, "location": "Portland, OR", "sentiment": "neutral", "time": "Sat Mar 12 05:29:54 +0000 2016"}
{"polarity": 0.0, "location": "Seattle, WA", "sentiment": "neutral", "time": "Sat Mar 12 05:18:03 +0000 2016"}
{"polarity": 0.0, "location": "New York, NY", "sentiment": "neutral", "time": "Sat Mar 12 05:18:04 +0000 2016"}
{"polarity": 0.0, "location": "New York, NY", "sentiment": "neutral", "time": "Sat Mar 12 05:18:04 +0000 2016"}
{"polarity": 0.0, "location": "Phoenix, AZ", "sentiment": "neutral", "time": "Sat Mar 12 05:18:07 +0000 2016"}
{"polarity": 0.55, "location": "San Diego, CA", "sentiment": "positive", "time": "Sat Mar 12 05:18:25 +0000 2016"}
{"polarity": 0.08, "location": "Atlanta, GA", "sentiment": "positive", "time": "Sat Mar 12 05:18:35 +0000 2016"}
{"polarity": 0.26666666666666666, "location": "San Diego, CA", "sentiment": "positive", "time": "Sat Mar 12 05:18:53 +0000 2016"}
{"polarity": 0.0, "location": "Seattle, WA", "sentiment": "neutral", "time": "Sat Mar 12 05:18:03 +0000 2016"}
{"polarity": 0.0, "location": "St. Louis, MO", "sentiment": "neutral", "time": "Sat Mar 12 05:46:00 +0000 2016"}
{"polarity": 0.0, "location": "Orlando, FL", "sentiment": "neutral", "time": "Sat Mar 12 05:46:04 +0000 2016"}
{"polarity": 0.21111111111111114, "location": "Seattle, WA", "sentiment": "positive", "time": "Sat Mar 12 05:46:07 +0000 2016"}
{"polarity": 0.08333333333333333, "location": "Seattle, WA", "sentiment": "positive", "time": "Sat Mar 12 05:46:13 +0000 2016"}
{"polarity": 0.5, "location": "Seattle, WA", "sentiment": "positive", "time": "Sat Mar 12 05:46:18 +0000 2016"}
{"polarity": 0.0, "location": "Phoenix, AZ", "sentiment": "neutral", "time": "Sat Mar 12 05:46:41 +0000 2016"}
{"polarity": 0.16, "location": "Atlanta, GA", "sentiment": "positive", "time": "Sat Mar 12 05:46:44 +0000 2016"}
{"polarity": 0.85, "location": "San Diego, CA", "sentiment": "positive", "time": "Sat Mar 12 05:46:49 +0000 2016"}
{"polarity": -0.16666666666666666, "location": "Orlando, FL", "sentiment": "negative", "time": "Sat Mar 12 05:00:06 +0000 2016"}
{"polarity": 0.0, "location": "Portland, OR", "sentiment": "neutral", "time": "Sat Mar 12 05:00:07 +0000 2016"}
{"polarity": 0.3333333333333333, "location": "New York, NY", "sentiment": "positive", "time": "Sat Mar 12 05:00:07 +0000 2016"}
{"polarity": 1.0, "location": "New York, NY", "sentiment": "positive", "time": "Sat Mar 12 05:00:08 +0000 2016"}
{"polarity": 0.0, "location": "New York, NY", "sentiment": "neutral", "time": "Sat Mar 12 05:00:10 +0000 2016"}
{"polarity": 0.8, "location": "Orlando, FL", "sentiment": "positive", "time": "Sat Mar 12 05:00:14 +0000 2016"}
{"polarity": 0.0, "location": "Atlanta, GA", "sentiment": "neutral", "time": "Sat Mar 12 05:00:15 +0000 2016"}
{"polarity": 0.0, "location": "Orlando, FL", "sentiment": "neutral", "time": "Sat Mar 12 05:00:20 +0000 2016"}
{"polarity": 0.13636363636363635, "location": "Seattle, WA", "sentiment": "positive", "time": "Sat Mar 12 05:00:23 +0000 2016"}
{"polarity": 0.0, "location": "Atlanta, GA", "sentiment": "neutral", "time": "Sat Mar 12 05:00:31 +0000 2016"}
{"polarity": 0.0, "location": "Seattle, WA", "sentiment": "neutral", "time": "Sat Mar 12 05:00:32 +0000 2016"}
{"polarity": 0.4, "location": "Atlanta, GA", "sentiment": "positive", "time": "Sat Mar 12 05:00:32 +0000 2016"}
{"polarity": 0.0, "location": "Portland, OR", "sentiment": "neutral", "time": "Sat Mar 12 05:00:37 +0000 2016"}
{"polarity": 0.7, "location": "New York, NY", "sentiment": "positive", "time": "Sat Mar 12 05:00:38 +0000 2016"}
{"polarity": 0.4, "location": "Atlanta, GA", "sentiment": "positive", "time": "Sat Mar 12 05:00:41 +0000 2016"}
{"polarity": 0.0, "location": "Seattle, WA", "sentiment": "neutral", "time": "Sat Mar 12 05:00:53 +0000 2016"}
{"polarity": 1.0, "location": "Boston, MA", "sentiment": "positive", "time": "Sat Mar 12 05:34:05 +0000 2016"}
{"polarity": 0.0, "location": "New York, NY", "sentiment": "neutral", "time": "Sat Mar 12 05:34:17 +0000 2016"}
{"polarity": -0.5, "location": "Atlanta, GA", "sentiment": "negative", "time": "Sat Mar 12 05:34:21 +0000 2016"}
{"polarity": 0.0, "location": "New York, NY", "sentiment": "neutral", "time": "Sat Mar 12 05:34:39 +0000 2016"}
{"polarity": 0.325, "location": "Phoenix, AZ", "sentiment": "positive", "time": "Sat Mar 12 05:05:20 +0000 2016"}
{"polarity": 0.5, "location": "New York, NY", "sentiment": "positive", "time": "Sat Mar 12 05:05:24 +0000 2016"}
{"polarity": -0.25, "location": "New York, NY", "sentiment": "negative", "time": "Sat Mar 12 05:05:33 +0000 2016"}
{"polarity": 0.0, "location": "New York, NY", "sentiment": "neutral", "time": "Sat Mar 12 05:05:33 +0000 2016"}
{"polarity": 0.25, "location": "Seattle, WA", "sentiment": "positive", "time": "Sat Mar 12 05:05:35 +0000 2016"}
{"polarity": 0.0, "location": "Seattle, WA", "sentiment": "neutral", "time": "Sat Mar 12 05:05:36 +0000 2016"}
{"polarity": 0.0, "location": "New York, NY", "sentiment": "neutral", "time": "Sat Mar 12 05:05:42 +0000 2016"}
{"polarity": 0.35, "location": "Atlanta, GA", "sentiment": "positive", "time": "Sat Mar 12 05:05:50 +0000 2016"}
{"polarity": 0.0, "location": "Boston, MA", "sentiment": "neutral", "time": "Sat Mar 12 05:11:01 +0000 2016"}
{"polarity": 0.0, "location": "Portland, OR", "sentiment": "neutral", "time": "Sat Mar 12 05:11:04 +0000 2016"}
{"polarity": 0.10714285714285714, "location": "New York, NY", "sentiment": "positive", "time": "Sat Mar 12 05:11:14 +0000 2016"}
{"polarity": 0.4071428571428572, "location": "Portland, OR", "sentiment": "positive", "time": "Sat Mar 12 05:11:17 +0000 2016"}
{"polarity": 0.0, "location": "Seattle, WA", "sentiment": "neutral", "time": "Sat Mar 12 05:11:25 +0000 2016"}
{"polarity": 0.5, "location": "Seattle, WA", "sentiment": "positive", "time": "Sat Mar 12 05:11:26 +0000 2016"}
{"polarity": 0.0, "location": "Orlando, FL", "sentiment": "neutral", "time": "Sat Mar 12 05:11:07 +0000 2016"}
{"polarity": 0.0, "location": "Atlanta, GA", "sentiment": "neutral", "time": "Sat Mar 12 05:11:37 +0000 2016"}
{"polarity": -0.07500000000000001, "location": "Atlanta, GA", "sentiment": "negative", "time": "Sat Mar 12 05:11:54 +0000 2016"}
{"polarity": 0.0, "location": "Atlanta, GA", "sentiment": "neutral", "time": "Sat Mar 12 05:56:02 +0000 2016"}
{"polarity": 0.0, "location": "Atlanta, GA", "sentiment": "neutral", "time": "Sat Mar 12 05:56:20 +0000 2016"}
{"polarity": -0.2833333333333333, "location": "New York, NY", "sentiment": "negative", "time": "Sat Mar 12 05:56:33 +0000 2016"}
{"polarity": 0.0, "location": "Orlando, FL", "sentiment": "neutral", "time": "Sat Mar 12 05:56:42 +0000 2016"}
{"polarity": 0.0, "location": "New York, NY", "sentiment": "neutral", "time": "Sat Mar 12 05:56:43 +0000 2016"}
{"polarity": 0.0, "location": "Atlanta, GA", "sentiment": "neutral", "time": "Sat Mar 12 05:56:45 +0000 2016"}
{"polarity": 0.21428571428571427, "location": "Atlanta, GA", "sentiment": "positive", "time": "Sat Mar 12 05:56:46 +0000 2016"}
{"polarity": 0.0, "location": "Atlanta, GA", "sentiment": "neutral", "time": "Sat Mar 12 05:47:01 +0000 2016"}
{"polarity": -0.05952380952380953, "location": "New York, NY", "sentiment": "negative", "time": "Sat Mar 12 05:47:31 +0000 2016"}
{"polarity": -0.6999999999999998, "location": "Seattle, WA", "sentiment": "negative", "time": "Sat Mar 12 05:47:41 +0000 2016"}
{"polarity": 0.0, "location": "Portland, OR", "sentiment": "neutral", "time": "Sat Mar 12 05:47:42 +0000 2016"}
{"polarity": -0.07142857142857142, "location": "New York, NY", "sentiment": "negative", "time": "Sat Mar 12 05:47:46 +0000 2016"}
{"polarity": 0.0, "location": "San Diego, CA", "sentiment": "neutral", "time": "Sat Mar 12 05:47:47 +0000 2016"}
{"polarity": 0.4, "location": "Boston, MA", "sentiment": "positive", "time": "Sat Mar 12 05:47:43 +0000 2016"}
{"polarity": 1.0, "location": "New York, NY", "sentiment": "positive", "time": "Sat Mar 12 05:47:51 +0000 2016"}
{"polarity": 0.0, "location": "Portland, OR", "sentiment": "neutral", "time": "Sat Mar 12 05:52:07 +0000 2016"}
{"polarity": 0.2, "location": "Boston, MA", "sentiment": "positive", "time": "Sat Mar 12 05:52:18 +0000 2016"}
{"polarity": 0.0, "location": "New York, NY", "sentiment": "neutral", "time": "Sat Mar 12 05:52:34 +0000 2016"}
{"polarity": 0.12222222222222222, "location": "San Diego, CA", "sentiment": "positive", "time": "Sat Mar 12 05:52:36 +0000 2016"}
{"polarity": 0.13333333333333333, "location": "Portland, OR", "sentiment": "positive", "time": "Sat Mar 12 05:52:39 +0000 2016"}
{"polarity": 0.2, "location": "Portland, OR", "sentiment": "positive", "time": "Sat Mar 12 05:52:55 +0000 2016"}
{"polarity": 0.0, "location": "Seattle, WA", "sentiment": "neutral", "time": "Sat Mar 12 05:52:59 +0000 2016"}
{"polarity": 0.0, "location": "New York, NY", "sentiment": "neutral", "time": "Sat Mar 12 05:53:07 +0000 2016"}
{"polarity": 0.0, "location": "Portland, OR", "sentiment": "neutral", "time": "Sat Mar 12 05:53:14 +0000 2016"}
{"polarity": 0.0, "location": "Boston, MA", "sentiment": "neutral", "time": "Sat Mar 12 05:53:21 +0000 2016"}
{"polarity": 0.6, "location": "Boston, MA", "sentiment": "positive", "time": "Sat Mar 12 05:53:26 +0000 2016"}
{"polarity": 0.0, "location": "New York, NY", "sentiment": "neutral", "time": "Sat Mar 12 05:53:29 +0000 2016"}
{"polarity": 0.0, "location": "Orlando, FL", "sentiment": "neutral", "time": "Sat Mar 12 05:48:01 +0000 2016"}
{"polarity": 0.0, "location": "New York, NY", "sentiment": "neutral", "time": "Sat Mar 12 05:48:17 +0000 2016"}
{"polarity": 0.0, "location": "Seattle, WA", "sentiment": "neutral", "time": "Sat Mar 12 05:48:28 +0000 2016"}
{"polarity": 0.1, "location": "New York, NY", "sentiment": "positive", "time": "Sat Mar 12 05:48:33 +0000 2016"}
{"polarity": 0.0, "location": "Atlanta, GA", "sentiment": "neutral", "time": "Sat Mar 12 05:48:58 +0000 2016"}
{"polarity": 0.0, "location": "Orlando, FL", "sentiment": "neutral", "time": "Sat Mar 12 05:25:00 +0000 2016"}
{"polarity": 0.0, "location": "New York, NY", "sentiment": "neutral", "time": "Sat Mar 12 05:25:01 +0000 2016"}
{"polarity": -0.0875, "location": "New York, NY", "sentiment": "negative", "time": "Sat Mar 12 05:25:02 +0000 2016"}
{"polarity": 0.0, "location": "Atlanta, GA", "sentiment": "neutral", "time": "Sat Mar 12 05:25:04 +0000 2016"}
{"polarity": 0.0, "location": "Phoenix, AZ", "sentiment": "neutral", "time": "Sat Mar 12 05:25:08 +0000 2016"}
{"polarity": 0.38749999999999996, "location": "Atlanta, GA", "sentiment": "positive", "time": "Sat Mar 12 05:25:20 +0000 2016"}
{"polarity": 0.06296296296296296, "location": "Portland, OR", "sentiment": "positive", "time": "Sat Mar 12 05:25:21 +0000 2016"}
{"polarity": 0.0, "location": "New York, NY", "sentiment": "neutral", "time": "Sat Mar 12 05:25:24 +0000 2016"}
{"polarity": 0.0, "location": "Seattle, WA", "sentiment": "neutral", "time": "Sat Mar 12 05:25:26 +0000 2016"}
{"polarity": -0.5, "location": "San Diego, CA", "sentiment": "negative", "time": "Sat Mar 12 05:25:30 +0000 2016"}
{"polarity": -0.05454545454545454, "location": "Atlanta, GA", "sentiment": "negative", "time": "Sat Mar 12 05:25:48 +0000 2016"}
{"polarity": 0.7750000000000001, "location": "Seattle, WA", "sentiment": "positive", "time": "Sat Mar 12 05:16:04 +0000 2016"}
{"polarity": 0.0, "location": "Orlando, FL", "sentiment": "neutral", "time": "Sat Mar 12 05:16:22 +0000 2016"}
{"polarity": 0.0, "location": "Phoenix, AZ", "sentiment": "neutral", "time": "Sat Mar 12 05:16:32 +0000 2016"}
{"polarity": 0.11666666666666668, "location": "Seattle, WA", "sentiment": "positive", "time": "Sat Mar 12 05:16:38 +0000 2016"}
{"polarity": 0.33999999999999997, "location": "Seattle, WA", "sentiment": "positive", "time": "Sat Mar 12 05:14:20 +0000 2016"}
{"polarity": 0.0, "location": "St. Louis, MO", "sentiment": "neutral", "time": "Sat Mar 12 05:14:22 +0000 2016"}
{"polarity": 0.0, "location": "Boston, MA", "sentiment": "neutral", "time": "Sat Mar 12 05:14:26 +0000 2016"}
{"polarity": 0.1, "location": "Boston, MA", "sentiment": "positive", "time": "Sat Mar 12 05:14:38 +0000 2016"}
{"polarity": 0.5, "location": "Phoenix, AZ", "sentiment": "positive", "time": "Sat Mar 12 05:14:43 +0000 2016"}
{"polarity": -0.8, "location": "San Diego, CA", "sentiment": "negative", "time": "Sat Mar 12 05:14:44 +0000 2016"}
{"polarity": 0.13636363636363635, "location": "Phoenix, AZ", "sentiment": "positive", "time": "Sat Mar 12 05:14:47 +0000 2016"}
{"polarity": 0.0, "location": "Atlanta, GA", "sentiment": "neutral", "time": "Sat Mar 12 05:14:52 +0000 2016"}
{"polarity": 0.5, "location": "Atlanta, GA", "sentiment": "positive", "time": "Sat Mar 12 05:14:57 +0000 2016"}
{"polarity": -0.4000000000000001, "location": "San Diego, CA", "sentiment": "negative", "time": "Sat Mar 12 05:14:51 +0000 2016"}
{"polarity": 0.0, "location": "Boston, MA", "sentiment": "neutral", "time": "Sat Mar 12 05:23:21 +0000 2016"}
{"polarity": 0.35714285714285715, "location": "Seattle, WA", "sentiment": "positive", "time": "Sat Mar 12 05:23:34 +0000 2016"}
{"polarity": 0.7000000000000001, "location": "Boston, MA", "sentiment": "positive", "time": "Sat Mar 12 05:07:12 +0000 2016"}
{"polarity": 0.0, "location": "New York, NY", "sentiment": "neutral", "time": "Sat Mar 12 05:07:27 +0000 2016"}
{"polarity": 0.25, "location": "Seattle, WA", "sentiment": "positive", "time": "Sat Mar 12 05:07:30 +0000 2016"}
{"polarity": 0.1, "location": "Atlanta, GA", "sentiment": "positive", "time": "Sat Mar 12 05:07:46 +0000 2016"}
{"polarity": 0.0, "location": "New York, NY", "sentiment": "neutral", "time": "Sat Mar 12 05:07:58 +0000 2016"}
{"polarity": 0.0, "location": "Portland, OR", "sentiment": "neutral", "time": "Sat Mar 12 05:07:59 +0000 2016"}
{"polarity": 0.8, "location": "San Diego, CA", "sentiment": "positive", "time": "Sat Mar 12 05:51:11 +0000 2016"}
{"polarity": 0.625, "location": "Atlanta, GA", "sentiment": "positive", "time": "Sat Mar 12 05:51:17 +0000 2016"}
{"polarity": 0.0, "location": "Seattle, WA", "sentiment": "neutral", "time": "Sat Mar 12 05:51:17 +0000 2016"}
{"polarity": 0.65, "location": "Boston, MA", "sentiment": "positive", "time": "Sat Mar 12 05:51:22 +0000 2016"}
{"polarity": -0.1, "location": "New York, NY", "sentiment": "negative", "time": "Sat Mar 12 05:51:30 +0000 2016"}
{"polarity": 0.3166666666666667, "location": "New York, NY", "sentiment": "positive", "time": "Sat Mar 12 05:30:04 +0000 2016"}
{"polarity": 0.0, "location": "Seattle, WA", "sentiment": "neutral", "time": "Sat Mar 12 05:30:17 +0000 2016"}
{"polarity": 0.2453125, "location": "Seattle, WA", "sentiment": "positive", "time": "Sat Mar 12 05:30:20 +0000 2016"}
{"polarity": 0.0, "location": "Seattle, WA", "sentiment": "neutral", "time": "Sat Mar 12 05:30:34 +0000 2016"}
{"polarity": 0.0, "location": "Boston, MA", "sentiment": "neutral", "time": "Sat Mar 12 05:30:46 +0000 2016"}
{"polarity": 0.0, "location": "Atlanta, GA", "sentiment": "neutral", "time": "Sat Mar 12 05:30:47 +0000 2016"}
{"polarity": 0.0, "location": "Seattle, WA", "sentiment": "neutral", "time": "Sat Mar 12 05:40:00 +0000 2016"}
{"polarity": 0.0, "location": "Seattle, WA", "sentiment": "neutral", "time": "Sat Mar 12 05:40:04 +0000 2016"}
{"polarity": 0.0, "location": "New York, NY", "sentiment": "neutral", "time": "Sat Mar 12 05:40:05 +0000 2016"}
{"polarity": 0.25, "location": "Portland, OR", "sentiment": "positive", "time": "Sat Mar 12 05:40:11 +0000 2016"}
{"polarity": 0.25, "location": "New York, NY", "sentiment": "positive", "time": "Sat Mar 12 05:40:05 +0000 2016"}
{"polarity": -0.15555555555555559, "location": "San Diego, CA", "sentiment": "negative", "time": "Sat Mar 12 05:40:30 +0000 2016"}
{"polarity": 0.5833333333333334, "location": "San Diego, CA", "sentiment": "positive", "time": "Sat Mar 12 05:40:36 +0000 2016"}
{"polarity": 0.0, "location": "New York, NY", "sentiment": "neutral", "time": "Sat Mar 12 05:40:55 +0000 2016"}
{"polarity": 0.25, "location": "Seattle, WA", "sentiment": "positive", "time": "Sat Mar 12 05:40:55 +0000 2016"}
{"polarity": 0.0, "location": "San Diego, CA", "sentiment": "neutral", "time": "Sat Mar 12 05:08:03 +0000 2016"}
{"polarity": 0.44999999999999996, "location": "Boston, MA", "sentiment": "positive", "time": "Sat Mar 12 05:08:15 +0000 2016"}
{"polarity": 0.13839285714285715, "location": "Seattle, WA", "sentiment": "positive", "time": "Sat Mar 12 05:08:13 +0000 2016"}
{"polarity": 0.0, "location": "Portland, OR", "sentiment": "neutral", "time": "Sat Mar 12 05:08:22 +0000 2016"}
{"polarity": 0.0, "location": "Portland, OR", "sentiment": "neutral", "time": "Sat Mar 12 05:08:22 +0000 2016"}
{"polarity": 0.0, "location": "Portland, OR", "sentiment": "neutral", "time": "Sat Mar 12 05:08:26 +0000 2016"}
{"polarity": -0.3, "location": "Seattle, WA", "sentiment": "negative", "time": "Sat Mar 12 05:08:51 +0000 2016"}
{"polarity": 0.0, "location": "Atlanta, GA", "sentiment": "neutral", "time": "Sat Mar 12 05:35:03 +0000 2016"}
{"polarity": 0.0, "location": "Atlanta, GA", "sentiment": "neutral", "time": "Sat Mar 12 05:35:09 +0000 2016"}
{"polarity": 0.0, "location": "New York, NY", "sentiment": "neutral", "time": "Sat Mar 12 05:35:08 +0000 2016"}
{"polarity": 0.35, "location": "Portland, OR", "sentiment": "positive", "time": "Sat Mar 12 05:35:34 +0000 2016"}
{"polarity": 0.0, "location": "San Diego, CA", "sentiment": "neutral", "time": "Sat Mar 12 05:43:32 +0000 2016"}
{"polarity": 0.0, "location": "Phoenix, AZ", "sentiment": "neutral", "time": "Sat Mar 12 05:43:34 +0000 2016"}
{"polarity": 0.0, "location": "San Diego, CA", "sentiment": "neutral", "time": "Sat Mar 12 05:43:41 +0000 2016"}
{"polarity": -0.11666666666666665, "location": "Atlanta, GA", "sentiment": "negative", "time": "Sat Mar 12 05:10:07 +0000 2016"}
{"polarity": 0.35, "location": "Portland, OR", "sentiment": "positive", "time": "Sat Mar 12 05:10:17 +0000 2016"}
{"polarity": 0.0, "location": "Boston, MA", "sentiment": "neutral", "time": "Sat Mar 12 05:10:17 +0000 2016"}
{"polarity": 0.0, "location": "Phoenix, AZ", "sentiment": "neutral", "time": "Sat Mar 12 05:10:22 +0000 2016"}
{"polarity": 0.0, "location": "San Diego, CA", "sentiment": "neutral", "time": "Sat Mar 12 05:10:27 +0000 2016"}
{"polarity": 0.0, "location": "New York, NY", "sentiment": "neutral", "time": "Sat Mar 12 05:10:28 +0000 2016"}
{"polarity": 0.0, "location": "Boston, MA", "sentiment": "neutral", "time": "Sat Mar 12 05:54:01 +0000 2016"}
{"polarity": 0.0, "location": "Orlando, FL", "sentiment": "neutral", "time": "Sat Mar 12 05:54:03 +0000 2016"}
{"polarity": 0.0, "location": "St. Louis, MO", "sentiment": "neutral", "time": "Sat Mar 12 05:54:05 +0000 2016"}
{"polarity": 0.0, "location": "Orlando, FL", "sentiment": "neutral", "time": "Sat Mar 12 05:54:10 +0000 2016"}
{"polarity": -0.10714285714285714, "location": "New York, NY", "sentiment": "negative", "time": "Sat Mar 12 05:54:16 +0000 2016"}
{"polarity": 0.0, "location": "New York, NY", "sentiment": "neutral", "time": "Sat Mar 12 05:54:20 +0000 2016"}
{"polarity": 0.0, "location": "Atlanta, GA", "sentiment": "neutral", "time": "Sat Mar 12 05:54:22 +0000 2016"}
{"polarity": -0.2, "location": "New York, NY", "sentiment": "negative", "time": "Sat Mar 12 05:54:45 +0000 2016"}
{"polarity": 0.0, "location": "Phoenix, AZ", "sentiment": "neutral", "time": "Sat Mar 12 05:54:40 +0000 2016"}
{"polarity": 0.0, "location": "Seattle, WA", "sentiment": "neutral", "time": "Sat Mar 12 05:24:07 +0000 2016"}
{"polarity": 0.4, "location": "Phoenix, AZ", "sentiment": "positive", "time": "Sat Mar 12 05:24:06 +0000 2016"}
{"polarity": 0.0, "location": "New York, NY", "sentiment": "neutral", "time": "Sat Mar 12 05:24:30 +0000 2016"}
{"polarity": 0.8, "location": "Seattle, WA", "sentiment": "positive", "time": "Sat Mar 12 05:32:03 +0000 2016"}
{"polarity": -0.02083333333333333, "location": "San Diego, CA", "sentiment": "negative", "time": "Sat Mar 12 05:32:11 +0000 2016"}
{"polarity": 0.05, "location": "San Diego, CA", "sentiment": "positive", "time": "Sat Mar 12 05:32:14 +0000 2016"}
{"polarity": 0.0, "location": "Phoenix, AZ", "sentiment": "neutral", "time": "Sat Mar 12 05:32:16 +0000 2016"}
{"polarity": 0.0, "location": "New York, NY", "sentiment": "neutral", "time": "Sat Mar 12 05:32:32 +0000 2016"}
{"polarity": 0.0, "location": "Boston, MA", "sentiment": "neutral", "time": "Sat Mar 12 05:32:35 +0000 2016"}
{"polarity": 0.0, "location": "Seattle, WA", "sentiment": "neutral", "time": "Sat Mar 12 05:32:37 +0000 2016"}
{"polarity": 0.0, "location": "Boston, MA", "sentiment": "neutral", "time": "Sat Mar 12 05:32:41 +0000 2016"}
{"polarity": 0.5, "location": "New York, NY", "sentiment": "positive", "time": "Sat Mar 12 05:36:04 +0000 2016"}
{"polarity": 0.2857142857142857, "location": "Orlando, FL", "sentiment": "positive", "time": "Sat Mar 12 05:36:09 +0000 2016"}
{"polarity": -0.07765151515151517, "location": "Orlando, FL", "sentiment": "negative", "time": "Sat Mar 12 05:36:12 +0000 2016"}
{"polarity": 0.0, "location": "Boston, MA", "sentiment": "neutral", "time": "Sat Mar 12 05:36:14 +0000 2016"}
{"polarity": 0.3333333333333333, "location": "Portland, OR", "sentiment": "positive", "time": "Sat Mar 12 05:36:37 +0000 2016"}
{"polarity": 0.0, "location": "Seattle, WA", "sentiment": "neutral", "time": "Sat Mar 12 05:36:39 +0000 2016"}
{"polarity": -0.15, "location": "Phoenix, AZ", "sentiment": "negative", "time": "Sat Mar 12 05:36:53 +0000 2016"}
{"polarity": 0.07083333333333335, "location": "Atlanta, GA", "sentiment": "positive", "time": "Sat Mar 12 05:36:56 +0000 2016"}
{"polarity": 0.0, "location": "San Diego, CA", "sentiment": "neutral", "time": "Sat Mar 12 05:36:57 +0000 2016"}
{"polarity": 0.484375, "location": "New York, NY", "sentiment": "positive", "time": "Sat Mar 12 05:01:10 +0000 2016"}
{"polarity": 0.2, "location": "San Diego, CA", "sentiment": "positive", "time": "Sat Mar 12 05:01:15 +0000 2016"}
{"polarity": 0.0, "location": "San Diego, CA", "sentiment": "neutral", "time": "Sat Mar 12 05:01:43 +0000 2016"}
{"polarity": 0.19374999999999998, "location": "Portland, OR", "sentiment": "positive", "time": "Sat Mar 12 05:01:43 +0000 2016"}
{"polarity": 0.0, "location": "New York, NY", "sentiment": "neutral", "time": "Sat Mar 12 05:01:50 +0000 2016"}
{"polarity": -0.35, "location": "New York, NY", "sentiment": "negative", "time": "Sat Mar 12 05:55:02 +0000 2016"}
{"polarity": 0.0, "location": "Orlando, FL", "sentiment": "neutral", "time": "Sat Mar 12 05:55:12 +0000 2016"}
{"polarity": 0.5, "location": "Atlanta, GA", "sentiment": "positive", "time": "Sat Mar 12 05:55:40 +0000 2016"}
{"polarity": 0.175, "location": "Seattle, WA", "sentiment": "positive", "time": "Sat Mar 12 05:55:47 +0000 2016"}
{"polarity": 0.0, "location": "New York, NY", "sentiment": "neutral", "time": "Sat Mar 12 05:09:00 +0000 2016"}
{"polarity": 0.0, "location": "Atlanta, GA", "sentiment": "neutral", "time": "Sat Mar 12 05:09:07 +0000 2016"}
{"polarity": 0.020833333333333343, "location": "Phoenix, AZ", "sentiment": "positive", "time": "Sat Mar 12 05:09:07 +0000 2016"}
{"polarity": 0.0, "location": "Phoenix, AZ", "sentiment": "neutral", "time": "Sat Mar 12 05:09:18 +0000 2016"}
{"polarity": -0.23333333333333336, "location": "New York, NY", "sentiment": "negative", "time": "Sat Mar 12 05:09:19 +0000 2016"}
{"polarity": 0.0, "location": "Atlanta, GA", "sentiment": "neutral", "time": "Sat Mar 12 05:09:28 +0000 2016"}
{"polarity": 0.0, "location": "Seattle, WA", "sentiment": "neutral", "time": "Sat Mar 12 05:09:46 +0000 2016"}
{"polarity": 0.9, "location": "Atlanta, GA", "sentiment": "positive", "time": "Sat Mar 12 05:09:58 +0000 2016"}
{"polarity": 0.0, "location": "San Diego, CA", "sentiment": "neutral", "time": "Sat Mar 12 05:33:41 +0000 2016"}
{"polarity": 0.0, "location": "Atlanta, GA", "sentiment": "neutral", "time": "Sat Mar 12 05:33:37 +0000 2016"}
{"polarity": 0.35, "location": "Atlanta, GA", "sentiment": "positive", "time": "Sat Mar 12 05:33:43 +0000 2016"}
{"polarity": 0.15, "location": "New York, NY", "sentiment": "positive", "time": "Sat Mar 12 05:44:06 +0000 2016"}
{"polarity": 0.0, "location": "New York, NY", "sentiment": "neutral", "time": "Sat Mar 12 05:44:04 +0000 2016"}
{"polarity": 1.0, "location": "New York, NY", "sentiment": "positive", "time": "Sat Mar 12 05:44:11 +0000 2016"}
{"polarity": 0.25, "location": "San Diego, CA", "sentiment": "positive", "time": "Sat Mar 12 05:44:10 +0000 2016"}
{"polarity": 0.0, "location": "New York, NY", "sentiment": "neutral", "time": "Sat Mar 12 05:44:16 +0000 2016"}
{"polarity": 0.24791666666666665, "location": "Portland, OR", "sentiment": "positive", "time": "Sat Mar 12 05:44:20 +0000 2016"}
{"polarity": 0.05000000000000001, "location": "San Diego, CA", "sentiment": "positive", "time": "Sat Mar 12 05:44:33 +0000 2016"}
{"polarity": 0.0, "location": "Atlanta, GA", "sentiment": "neutral", "time": "Sat Mar 12 05:44:35 +0000 2016"}
{"polarity": -0.24375, "location": "New York, NY", "sentiment": "negative", "time": "Sat Mar 12 05:44:37 +0000 2016"}
{"polarity": 0.5, "location": "Phoenix, AZ", "sentiment": "positive", "time": "Sat Mar 12 05:44:48 +0000 2016"}
{"polarity": 0.05952380952380953, "location": "Phoenix, AZ", "sentiment": "positive", "time": "Sat Mar 12 05:44:51 +0000 2016"}
{"polarity": -0.04999999999999993, "location": "Atlanta, GA", "sentiment": "negative", "time": "Sat Mar 12 05:28:02 +0000 2016"}
{"polarity": 0.0, "location": "Portland, OR", "sentiment": "neutral", "time": "Sat Mar 12 05:28:09 +0000 2016"}
{"polarity": -0.7, "location": "Seattle, WA", "sentiment": "negative", "time": "Sat Mar 12 05:28:11 +0000 2016"}
{"polarity": 0.46875, "location": "San Diego, CA", "sentiment": "positive", "time": "Sat Mar 12 05:28:26 +0000 2016"}
{"polarity": 0.35, "location": "Boston, MA", "sentiment": "positive", "time": "Sat Mar 12 05:28:41 +0000 2016"}
{"polarity": 0.0, "location": "Atlanta, GA", "sentiment": "neutral", "time": "Sat Mar 12 05:22:00 +0000 2016"}
{"polarity": 0.05, "location": "Kansas City, KS", "sentiment": "positive", "time": "Sat Mar 12 05:22:18 +0000 2016"}
{"polarity": 0.0, "location": "Boston, MA", "sentiment": "neutral", "time": "Sat Mar 12 05:22:26 +0000 2016"}
{"polarity": 0.0, "location": "New York, NY", "sentiment": "neutral", "time": "Sat Mar 12 05:22:40 +0000 2016"}
{"polarity": 0.09062500000000004, "location": "Boston, MA", "sentiment": "positive", "time": "Sat Mar 12 05:22:54 +0000 2016"}
{"polarity": -0.6999999999999998, "location": "Seattle, WA", "sentiment": "negative", "time": "Sat Mar 12 05:22:57 +0000 2016"}
{"polarity": -0.3, "location": "Atlanta, GA", "sentiment": "negative", "time": "Sat Mar 12 05:49:32 +0000 2016"}
{"polarity": 0.0, "location": "San Diego, CA", "sentiment": "neutral", "time": "Sat Mar 12 05:49:34 +0000 2016"}
{"polarity": 0.4, "location": "Portland, OR", "sentiment": "positive", "time": "Sat Mar 12 05:49:38 +0000 2016"}
{"polarity": 0.26666666666666666, "location": "St. Louis, MO", "sentiment": "positive", "time": "Sat Mar 12 05:45:34 +0000 2016"}
{"polarity": 0.0, "location": "Portland, OR", "sentiment": "neutral", "time": "Sat Mar 12 05:45:37 +0000 2016"}
{"polarity": 0.0, "location": "Atlanta, GA", "sentiment": "neutral", "time": "Sat Mar 12 05:45:38 +0000 2016"}
{"polarity": 0.0, "location": "Orlando, FL", "sentiment": "neutral", "time": "Sat Mar 12 05:45:52 +0000 2016"}
{"polarity": 0.0, "location": "Atlanta, GA", "sentiment": "neutral", "time": "Sat Mar 12 05:45:51 +0000 2016"}
{"polarity": 0.0, "location": "Atlanta, GA", "sentiment": "neutral", "time": "Sat Mar 12 05:06:02 +0000 2016"}
{"polarity": 0.0, "location": "Atlanta, GA", "sentiment": "neutral", "time": "Sat Mar 12 05:06:06 +0000 2016"}
{"polarity": 0.0, "location": "Atlanta, GA", "sentiment": "neutral", "time": "Sat Mar 12 05:06:15 +0000 2016"}
{"polarity": 0.0, "location": "Orlando, FL", "sentiment": "neutral", "time": "Sat Mar 12 05:06:16 +0000 2016"}
{"polarity": 0.03333333333333335, "location": "New York, NY", "sentiment": "positive", "time": "Sat Mar 12 05:06:32 +0000 2016"}
{"polarity": -0.7142857142857143, "location": "Seattle, WA", "sentiment": "negative", "time": "Sat Mar 12 05:06:36 +0000 2016"}
{"polarity": 0.0, "location": "Portland, OR", "sentiment": "neutral", "time": "Sat Mar 12 05:06:43 +0000 2016"}
{"polarity": -0.30000000000000004, "location": "Atlanta, GA", "sentiment": "negative", "time": "Sat Mar 12 05:20:05 +0000 2016"}
{"polarity": -0.09999999999999999, "location": "Portland, OR", "sentiment": "negative", "time": "Sat Mar 12 05:20:21 +0000 2016"}
{"polarity": 0.0, "location": "Atlanta, GA", "sentiment": "neutral", "time": "Sat Mar 12 05:20:24 +0000 2016"}
{"polarity": 0.3125, "location": "Atlanta, GA", "sentiment": "positive", "time": "Sat Mar 12 05:20:28 +0000 2016"}
{"polarity": -0.04999999999999999, "location": "Orlando, FL", "sentiment": "negative", "time": "Sat Mar 12 05:20:24 +0000 2016"}
{"polarity": 0.5, "location": "Atlanta, GA", "sentiment": "positive", "time": "Sat Mar 12 05:20:56 +0000 2016"}
{"polarity": 0.125, "location": "St. Louis, MO", "sentiment": "positive", "time": "Sat Mar 12 05:13:03 +0000 2016"}
{"polarity": -0.6, "location": "New York, NY", "sentiment": "negative", "time": "Sat Mar 12 05:13:10 +0000 2016"}
{"polarity": 0.0, "location": "Atlanta, GA", "sentiment": "neutral", "time": "Sat Mar 12 05:13:14 +0000 2016"}
{"polarity": 0.0, "location": "Seattle, WA", "sentiment": "neutral", "time": "Sat Mar 12 05:13:15 +0000 2016"}
{"polarity": 0.30000000000000004, "location": "Boston, MA", "sentiment": "positive", "time": "Sat Mar 12 05:13:23 +0000 2016"}
{"polarity": 0.0, "location": "Atlanta, GA", "sentiment": "neutral", "time": "Sat Mar 12 05:13:30 +0000 2016"}
{"polarity": 0.13636363636363635, "location": "San Diego, CA", "sentiment": "positive", "time": "Sat Mar 12 05:13:31 +0000 2016"}
{"polarity": 0.5, "location": "Seattle, WA", "sentiment": "positive", "time": "Sat Mar 12 05:13:34 +0000 2016"}
{"polarity": 0.0, "location": "Seattle, WA", "sentiment": "neutral", "time": "Sat Mar 12 05:04:15 +0000 2016"}
{"polarity": 0.6, "location": "Portland, OR", "sentiment": "positive", "time": "Sat Mar 12 05:04:27 +0000 2016"}
{"polarity": 0.0, "location": "Phoenix, AZ", "sentiment": "neutral", "time": "Sat Mar 12 05:04:27 +0000 2016"}
{"polarity": -0.26666666666666666, "location": "New York, NY", "sentiment": "negative", "time": "Sat Mar 12 05:04:42 +0000 2016"}
{"polarity": 0.0, "location": "San Diego, CA", "sentiment": "neutral", "time": "Sat Mar 12 05:04:51 +0000 2016"}
{"polarity": -0.3434343434343434, "location": "St. Louis, MO", "sentiment": "negative", "time": "Sat Mar 12 05:04:53 +0000 2016"}
{"polarity": 0.0, "location": "New York, NY", "sentiment": "neutral", "time": "Fri Mar 11 14:39:06 +0000 2016"}
{"polarity": 0.0, "location": "Seattle, WA", "sentiment": "neutral", "time": "Fri Mar 11 14:39:17 +0000 2016"}
{"polarity": 0.1, "location": "Portland, OR", "sentiment": "positive", "time": "Fri Mar 11 14:39:26 +0000 2016"}
{"polarity": 0.0, "location": "Boston, MA", "sentiment": "neutral", "time": "Fri Mar 11 14:39:49 +0000 2016"}
{"polarity": -0.1, "location": "Atlanta, GA", "sentiment": "negative", "time": "Fri Mar 11 14:39:49 +0000 2016"}
{"polarity": 0.0, "location": "New York, NY", "sentiment": "neutral", "time": "Fri Mar 11 14:39:55 +0000 2016"}
{"polarity": 0.1666666666666667, "location": "St. Louis, MO", "sentiment": "positive", "time": "Fri Mar 11 14:59:04 +0000 2016"}
{"polarity": 0.8, "location": "San Diego, CA", "sentiment": "positive", "time": "Fri Mar 11 14:59:06 +0000 2016"}
{"polarity": 0.0, "location": "Seattle, WA", "sentiment": "neutral", "time": "Fri Mar 11 14:59:18 +0000 2016"}
{"polarity": 0.0, "location": "Portland, OR", "sentiment": "neutral", "time": "Fri Mar 11 14:59:21 +0000 2016"}
{"polarity": 0.0, "location": "San Diego, CA", "sentiment": "neutral", "time": "Fri Mar 11 14:59:30 +0000 2016"}
{"polarity": 0.0, "location": "Orlando, FL", "sentiment": "neutral", "time": "Fri Mar 11 14:59:37 +0000 2016"}
{"polarity": 0.0, "location": "New York, NY", "sentiment": "neutral", "time": "Fri Mar 11 14:59:43 +0000 2016"}
{"polarity": 0.7, "location": "Atlanta, GA", "sentiment": "positive", "time": "Fri Mar 11 14:59:46 +0000 2016"}
{"polarity": 0.13636363636363635, "location": "Atlanta, GA", "sentiment": "positive", "time": "Fri Mar 11 14:19:08 +0000 2016"}
{"polarity": 0.0, "location": "Atlanta, GA", "sentiment": "neutral", "time": "Fri Mar 11 14:19:10 +0000 2016"}
{"polarity": 0.0, "location": "San Diego, CA", "sentiment": "neutral", "time": "Fri Mar 11 14:19:21 +0000 2016"}
{"polarity": 0.0, "location": "New York, NY", "sentiment": "neutral", "time": "Fri Mar 11 14:19:31 +0000 2016"}
{"polarity": 0.5, "location": "Atlanta, GA", "sentiment": "positive", "time": "Fri Mar 11 14:19:37 +0000 2016"}
{"polarity": 0.0, "location": "Seattle, WA", "sentiment": "neutral", "time": "Fri Mar 11 14:19:47 +0000 2016"}
{"polarity": 0.0, "location": "Boston, MA", "sentiment": "neutral", "time": "Fri Mar 11 14:19:55 +0000 2016"}
{"polarity": 0.25, "location": "Atlanta, GA", "sentiment": "positive", "time": "Fri Mar 11 14:19:57 +0000 2016"}
{"polarity": 0.39166666666666666, "location": "Boston, MA", "sentiment": "positive", "time": "Fri Mar 11 14:37:04 +0000 2016"}
{"polarity": 0.0, "location": "New York, NY", "sentiment": "neutral", "time": "Fri Mar 11 14:37:11 +0000 2016"}
{"polarity": 0.0, "location": "San Diego, CA", "sentiment": "neutral", "time": "Fri Mar 11 14:37:33 +0000 2016"}
{"polarity": 0.0, "location": "Atlanta, GA", "sentiment": "neutral", "time": "Fri Mar 11 14:31:00 +0000 2016"}
{"polarity": 0.0, "location": "Atlanta, GA", "sentiment": "neutral", "time": "Fri Mar 11 14:31:09 +0000 2016"}
{"polarity": -0.2, "location": "New York, NY", "sentiment": "negative", "time": "Fri Mar 11 14:31:09 +0000 2016"}
{"polarity": 0.020833333333333332, "location": "Boston, MA", "sentiment": "positive", "time": "Fri Mar 11 14:31:10 +0000 2016"}
{"polarity": 0.0, "location": "Orlando, FL", "sentiment": "neutral", "time": "Fri Mar 11 14:31:15 +0000 2016"}
{"polarity": 0.0, "location": "Atlanta, GA", "sentiment": "neutral", "time": "Fri Mar 11 14:31:17 +0000 2016"}
{"polarity": 0.6054545454545455, "location": "Orlando, FL", "sentiment": "positive", "time": "Fri Mar 11 14:31:19 +0000 2016"}
{"polarity": -0.21666666666666667, "location": "Seattle, WA", "sentiment": "negative", "time": "Fri Mar 11 14:31:43 +0000 2016"}
{"polarity": 0.0, "location": "Phoenix, AZ", "sentiment": "neutral", "time": "Fri Mar 11 14:31:52 +0000 2016"}
{"polarity": 0.5, "location": "Boston, MA", "sentiment": "positive", "time": "Fri Mar 11 14:41:00 +0000 2016"}
{"polarity": 0.0, "location": "New York, NY", "sentiment": "neutral", "time": "Fri Mar 11 14:41:02 +0000 2016"}
{"polarity": 0.0, "location": "Boston, MA", "sentiment": "neutral", "time": "Fri Mar 11 14:41:07 +0000 2016"}
{"polarity": 0.0, "location": "New York, NY", "sentiment": "neutral", "time": "Fri Mar 11 14:41:08 +0000 2016"}
{"polarity": 0.0, "location": "San Diego, CA", "sentiment": "neutral", "time": "Fri Mar 11 14:41:10 +0000 2016"}
{"polarity": 0.0, "location": "New York, NY", "sentiment": "neutral", "time": "Fri Mar 11 14:41:19 +0000 2016"}
{"polarity": 0.375, "location": "New York, NY", "sentiment": "positive", "time": "Fri Mar 11 14:41:34 +0000 2016"}
{"polarity": 0.0, "location": "Atlanta, GA", "sentiment": "neutral", "time": "Fri Mar 11 14:41:38 +0000 2016"}
{"polarity": 0.0, "location": "Seattle, WA", "sentiment": "neutral", "time": "Fri Mar 11 14:41:42 +0000 2016"}
{"polarity": 0.0, "location": "New York, NY", "sentiment": "neutral", "time": "Fri Mar 11 14:41:45 +0000 2016"}
{"polarity": 0.0, "location": "Boston, MA", "sentiment": "neutral", "time": "Fri Mar 11 14:41:59 +0000 2016"}
{"polarity": 0.7, "location": "Atlanta, GA", "sentiment": "positive", "time": "Fri Mar 11 14:27:01 +0000 2016"}
{"polarity": 0.0, "location": "St. Louis, MO", "sentiment": "neutral", "time": "Fri Mar 11 14:27:02 +0000 2016"}
{"polarity": 0.8, "location": "Boston, MA", "sentiment": "positive", "time": "Fri Mar 11 14:27:06 +0000 2016"}
{"polarity": 0.8000000000000002, "location": "Boston, MA", "sentiment": "positive", "time": "Fri Mar 11 14:27:16 +0000 2016"}
{"polarity": 0.0, "location": "Boston, MA", "sentiment": "neutral", "time": "Fri Mar 11 14:27:52 +0000 2016"}
{"polarity": 0.0, "location": "Seattle, WA", "sentiment": "neutral", "time": "Fri Mar 11 14:27:56 +0000 2016"}
{"polarity": 0.0, "location": "New York, NY", "sentiment": "neutral", "time": "Fri Mar 11 14:27:59 +0000 2016"}
{"polarity": 0.0, "location": "San Diego, CA", "sentiment": "neutral", "time": "Fri Mar 11 14:57:01 +0000 2016"}
{"polarity": 0.06944444444444446, "location": "Orlando, FL", "sentiment": "positive", "time": "Fri Mar 11 14:57:05 +0000 2016"}
{"polarity": -0.8, "location": "Atlanta, GA", "sentiment": "negative", "time": "Fri Mar 11 14:57:09 +0000 2016"}
{"polarity": 0.0, "location": "Phoenix, AZ", "sentiment": "neutral", "time": "Fri Mar 11 14:57:09 +0000 2016"}
{"polarity": 0.0, "location": "Orlando, FL", "sentiment": "neutral", "time": "Fri Mar 11 14:57:15 +0000 2016"}
{"polarity": 0.5, "location": "New York, NY", "sentiment": "positive", "time": "Fri Mar 11 14:57:33 +0000 2016"}
{"polarity": 0.0, "location": "Atlanta, GA", "sentiment": "neutral", "time": "Fri Mar 11 14:57:47 +0000 2016"}
{"polarity": 0.0, "location": "New York, NY", "sentiment": "neutral", "time": "Fri Mar 11 14:57:58 +0000 2016"}
{"polarity": 0.0, "location": "Atlanta, GA", "sentiment": "neutral", "time": "Fri Mar 11 14:26:16 +0000 2016"}
{"polarity": -0.4, "location": "Atlanta, GA", "sentiment": "negative", "time": "Fri Mar 11 14:26:27 +0000 2016"}
{"polarity": 0.7, "location": "Boston, MA", "sentiment": "positive", "time": "Fri Mar 11 14:26:23 +0000 2016"}
{"polarity": -0.6, "location": "New York, NY", "sentiment": "negative", "time": "Fri Mar 11 14:26:41 +0000 2016"}
{"polarity": 0.0, "location": "Orlando, FL", "sentiment": "neutral", "time": "Fri Mar 11 14:26:50 +0000 2016"}
{"polarity": 0.0, "location": "Orlando, FL", "sentiment": "neutral", "time": "Fri Mar 11 14:26:53 +0000 2016"}
{"polarity": 0.0, "location": "Boston, MA", "sentiment": "neutral", "time": "Fri Mar 11 14:58:02 +0000 2016"}
{"polarity": 0.0, "location": "Orlando, FL", "sentiment": "neutral", "time": "Fri Mar 11 14:58:04 +0000 2016"}
{"polarity": 0.4, "location": "New York, NY", "sentiment": "positive", "time": "Fri Mar 11 14:58:23 +0000 2016"}
{"polarity": 0.30000000000000004, "location": "Atlanta, GA", "sentiment": "positive", "time": "Fri Mar 11 14:58:34 +0000 2016"}
{"polarity": 0.0, "location": "Phoenix, AZ", "sentiment": "neutral", "time": "Fri Mar 11 14:58:44 +0000 2016"}
{"polarity": -0.8, "location": "Phoenix, AZ", "sentiment": "negative", "time": "Fri Mar 11 14:58:44 +0000 2016"}
{"polarity": 0.0, "location": "Phoenix, AZ", "sentiment": "neutral", "time": "Fri Mar 11 14:42:04 +0000 2016"}
{"polarity": -0.16666666666666666, "location": "Atlanta, GA", "sentiment": "negative", "time": "Fri Mar 11 14:42:19 +0000 2016"}
{"polarity": 0.36818181818181817, "location": "Boston, MA", "sentiment": "positive", "time": "Fri Mar 11 14:42:32 +0000 2016"}
{"polarity": 0.0, "location": "Orlando, FL", "sentiment": "neutral", "time": "Fri Mar 11 14:42:42 +0000 2016"}
{"polarity": 0.5, "location": "New York, NY", "sentiment": "positive", "time": "Fri Mar 11 14:42:37 +0000 2016"}
{"polarity": 0.375, "location": "Seattle, WA", "sentiment": "positive", "time": "Fri Mar 11 14:42:58 +0000 2016"}
{"polarity": 0.0, "location": "New York, NY", "sentiment": "neutral", "time": "Fri Mar 11 14:50:01 +0000 2016"}
{"polarity": 0.20000000000000004, "location": "Phoenix, AZ", "sentiment": "positive", "time": "Fri Mar 11 14:50:02 +0000 2016"}
{"polarity": 0.05, "location": "New York, NY", "sentiment": "positive", "time": "Fri Mar 11 14:50:11 +0000 2016"}
{"polarity": 0.6, "location": "Seattle, WA", "sentiment": "positive", "time": "Fri Mar 11 14:50:06 +0000 2016"}
{"polarity": 0.0, "location": "Boston, MA", "sentiment": "neutral", "time": "Fri Mar 11 14:50:15 +0000 2016"}
{"polarity": 0.18, "location": "Boston, MA", "sentiment": "positive", "time": "Fri Mar 11 14:50:25 +0000 2016"}
{"polarity": 0.0, "location": "Phoenix, AZ", "sentiment": "neutral", "time": "Fri Mar 11 14:50:26 +0000 2016"}
{"polarity": -0.75, "location": "Orlando, FL", "sentiment": "negative", "time": "Fri Mar 11 14:50:57 +0000 2016"}
{"polarity": 0.8, "location": "New York, NY", "sentiment": "positive", "time": "Fri Mar 11 14:15:31 +0000 2016"}
{"polarity": 0.09999999999999998, "location": "New York, NY", "sentiment": "positive", "time": "Fri Mar 11 14:15:36 +0000 2016"}
{"polarity": 0.0, "location": "Orlando, FL", "sentiment": "neutral", "time": "Fri Mar 11 14:15:45 +0000 2016"}
{"polarity": 0.0, "location": "Atlanta, GA", "sentiment": "neutral", "time": "Fri Mar 11 14:15:58 +0000 2016"}
{"polarity": 0.6, "location": "Atlanta, GA", "sentiment": "positive", "time": "Fri Mar 11 14:38:03 +0000 2016"}
{"polarity": 0.0, "location": "Boston, MA", "sentiment": "neutral", "time": "Fri Mar 11 14:38:06 +0000 2016"}
{"polarity": 0.35, "location": "Boston, MA", "sentiment": "positive", "time": "Fri Mar 11 14:38:09 +0000 2016"}
{"polarity": 0.0, "location": "Atlanta, GA", "sentiment": "neutral", "time": "Fri Mar 11 14:38:19 +0000 2016"}
{"polarity": 0.7, "location": "Boston, MA", "sentiment": "positive", "time": "Fri Mar 11 14:38:23 +0000 2016"}
{"polarity": 0.19999999999999998, "location": "Boston, MA", "sentiment": "positive", "time": "Fri Mar 11 14:38:38 +0000 2016"}
{"polarity": 0.0, "location": "New York, NY", "sentiment": "neutral", "time": "Fri Mar 11 14:38:53 +0000 2016"}
{"polarity": 0.125, "location": "Boston, MA", "sentiment": "positive", "time": "Fri Mar 11 14:21:08 +0000 2016"}
{"polarity": 0.0, "location": "Kansas City, KS", "sentiment": "neutral", "time": "Fri Mar 11 14:21:16 +0000 2016"}
{"polarity": -0.25, "location": "New York, NY", "sentiment": "negative", "time": "Fri Mar 11 14:21:28 +0000 2016"}
{"polarity": 0.35, "location": "New York, NY", "sentiment": "positive", "time": "Fri Mar 11 14:17:05 +0000 2016"}
{"polarity": 0.08333333333333333, "location": "Portland, OR", "sentiment": "positive", "time": "Fri Mar 11 14:17:08 +0000 2016"}
{"polarity": 0.1642857142857143, "location": "New York, NY", "sentiment": "positive", "time": "Fri Mar 11 14:17:17 +0000 2016"}
{"polarity": 0.5, "location": "New York, NY", "sentiment": "positive", "time": "Fri Mar 11 14:17:19 +0000 2016"}
{"polarity": 0.0, "location": "New York, NY", "sentiment": "neutral", "time": "Fri Mar 11 14:17:20 +0000 2016"}
{"polarity": 0.0, "location": "Boston, MA", "sentiment": "neutral", "time": "Fri Mar 11 14:17:26 +0000 2016"}
{"polarity": 0.0, "location": "Boston, MA", "sentiment": "neutral", "time": "Fri Mar 11 14:17:42 +0000 2016"}
{"polarity": 0.25757575757575757, "location": "New York, NY", "sentiment": "positive", "time": "Fri Mar 11 14:17:52 +0000 2016"}
{"polarity": -0.4, "location": "New York, NY", "sentiment": "negative", "time": "Fri Mar 11 14:12:03 +0000 2016"}
{"polarity": 0.0, "location": "New York, NY", "sentiment": "neutral", "time": "Fri Mar 11 14:12:08 +0000 2016"}
{"polarity": 0.0, "location": "New York, NY", "sentiment": "neutral", "time": "Fri Mar 11 14:12:08 +0000 2016"}
{"polarity": 0.0, "location": "New York, NY", "sentiment": "neutral", "time": "Fri Mar 11 14:12:44 +0000 2016"}
{"polarity": -0.16666666666666666, "location": "Orlando, FL", "sentiment": "negative", "time": "Fri Mar 11 14:29:08 +0000 2016"}
{"polarity": 0.875, "location": "New York, NY", "sentiment": "positive", "time": "Fri Mar 11 14:29:08 +0000 2016"}
{"polarity": 0.0625, "location": "Orlando, FL", "sentiment": "positive", "time": "Fri Mar 11 14:29:13 +0000 2016"}
{"polarity": 0.0, "location": "Atlanta, GA", "sentiment": "neutral", "time": "Fri Mar 11 14:29:36 +0000 2016"}
{"polarity": 0.0, "location": "Phoenix, AZ", "sentiment": "neutral", "time": "Fri Mar 11 14:29:38 +0000 2016"}
{"polarity": 0.25, "location": "Seattle, WA", "sentiment": "positive", "time": "Fri Mar 11 14:29:50 +0000 2016"}
{"polarity": 0.0, "location": "New York, NY", "sentiment": "neutral", "time": "Fri Mar 11 14:29:59 +0000 2016"}
{"polarity": 0.0, "location": "New York, NY", "sentiment": "neutral", "time": "Fri Mar 11 14:18:02 +0000 2016"}
{"polarity": 0.0, "location": "Phoenix, AZ", "sentiment": "neutral", "time": "Fri Mar 11 14:18:02 +0000 2016"}
{"polarity": 0.0, "location": "New York, NY", "sentiment": "neutral", "time": "Fri Mar 11 14:18:16 +0000 2016"}
{"polarity": 0.8, "location": "Phoenix, AZ", "sentiment": "positive", "time": "Fri Mar 11 14:18:19 +0000 2016"}
{"polarity": 0.0, "location": "Phoenix, AZ", "sentiment": "neutral", "time": "Fri Mar 11 14:18:22 +0000 2016"}
{"polarity": 0.25, "location": "Atlanta, GA", "sentiment": "positive", "time": "Fri Mar 11 14:18:23 +0000 2016"}
{"polarity": -0.36666666666666664, "location": "Orlando, FL", "sentiment": "negative", "time": "Fri Mar 11 14:18:25 +0000 2016"}
{"polarity": 0.0, "location": "Boston, MA", "sentiment": "neutral", "time": "Fri Mar 11 14:18:31 +0000 2016"}
{"polarity": 1.0, "location": "New York, NY", "sentiment": "positive", "time": "Fri Mar 11 14:18:38 +0000 2016"}
{"polarity": 0.0, "location": "Atlanta, GA", "sentiment": "neutral", "time": "Fri Mar 11 14:18:48 +0000 2016"}
{"polarity": 0.0, "location": "Atlanta, GA", "sentiment": "neutral", "time": "Fri Mar 11 14:18:59 +0000 2016"}
{"polarity": 0.5, "location": "Orlando, FL", "sentiment": "positive", "time": "Fri Mar 11 14:46:00 +0000 2016"}
{"polarity": 0.0, "location": "Atlanta, GA", "sentiment": "neutral", "time": "Fri Mar 11 14:46:17 +0000 2016"}
{"polarity": 0.0, "location": "San Diego, CA", "sentiment": "neutral", "time": "Fri Mar 11 14:46:20 +0000 2016"}
{"polarity": 0.0, "location": "New York, NY", "sentiment": "neutral", "time": "Fri Mar 11 14:46:32 +0000 2016"}
{"polarity": 0.0, "location": "New York, NY", "sentiment": "neutral", "time": "Fri Mar 11 14:46:37 +0000 2016"}
{"polarity": -0.4, "location": "Boston, MA", "sentiment": "negative", "time": "Fri Mar 11 14:46:42 +0000 2016"}
{"polarity": 0.0, "location": "Boston, MA", "sentiment": "neutral", "time": "Fri Mar 11 14:46:53 +0000 2016"}
{"polarity": 0.7, "location": "Seattle, WA", "sentiment": "positive", "time": "Fri Mar 11 14:00:03 +0000 2016"}
{"polarity": -0.6999999999999998, "location": "Orlando, FL", "sentiment": "negative", "time": "Fri Mar 11 14:00:04 +0000 2016"}
{"polarity": 0.0, "location": "New York, NY", "sentiment": "neutral", "time": "Fri Mar 11 14:00:06 +0000 2016"}
{"polarity": 0.0, "location": "New York, NY", "sentiment": "neutral", "time": "Fri Mar 11 14:00:07 +0000 2016"}
{"polarity": 0.0, "location": "San Diego, CA", "sentiment": "neutral", "time": "Fri Mar 11 14:00:08 +0000 2016"}
{"polarity": 0.0, "location": "Seattle, WA", "sentiment": "neutral", "time": "Fri Mar 11 14:00:10 +0000 2016"}
{"polarity": -0.125, "location": "Boston, MA", "sentiment": "negative", "time": "Fri Mar 11 14:00:14 +0000 2016"}
{"polarity": 0.0, "location": "New York, NY", "sentiment": "neutral", "time": "Fri Mar 11 14:00:24 +0000 2016"}
{"polarity": 0.0, "location": "Atlanta, GA", "sentiment": "neutral", "time": "Fri Mar 11 14:00:31 +0000 2016"}
{"polarity": 0.0, "location": "New York, NY", "sentiment": "neutral", "time": "Fri Mar 11 14:00:33 +0000 2016"}
{"polarity": 0.0, "location": "Atlanta, GA", "sentiment": "neutral", "time": "Fri Mar 11 14:00:42 +0000 2016"}
{"polarity": -0.23958333333333331, "location": "Boston, MA", "sentiment": "negative", "time": "Fri Mar 11 14:00:45 +0000 2016"}
{"polarity": -0.125, "location": "New York, NY", "sentiment": "negative", "time": "Fri Mar 11 14:00:49 +0000 2016"}
{"polarity": 0.0, "location": "Orlando, FL", "sentiment": "neutral", "time": "Fri Mar 11 14:00:52 +0000 2016"}
{"polarity": 0.625, "location": "Orlando, FL", "sentiment": "positive", "time": "Fri Mar 11 14:34:08 +0000 2016"}
{"polarity": 0.0, "location": "Atlanta, GA", "sentiment": "neutral", "time": "Fri Mar 11 14:34:09 +0000 2016"}
{"polarity": 0.0, "location": "New York, NY", "sentiment": "neutral", "time": "Fri Mar 11 14:34:10 +0000 2016"}
{"polarity": 0.0, "location": "Seattle, WA", "sentiment": "neutral", "time": "Fri Mar 11 14:34:13 +0000 2016"}
{"polarity": 0.0, "location": "Phoenix, AZ", "sentiment": "neutral", "time": "Fri Mar 11 14:34:13 +0000 2016"}
{"polarity": 0.65, "location": "Boston, MA", "sentiment": "positive", "time": "Fri Mar 11 14:34:17 +0000 2016"}
{"polarity": 0.0, "location": "Orlando, FL", "sentiment": "neutral", "time": "Fri Mar 11 14:34:19 +0000 2016"}
{"polarity": 0.25, "location": "Boston, MA", "sentiment": "positive", "time": "Fri Mar 11 14:34:33 +0000 2016"}
{"polarity": 0.25, "location": "Seattle, WA", "sentiment": "positive", "time": "Fri Mar 11 14:34:43 +0000 2016"}
{"polarity": 0.8, "location": "Boston, MA", "sentiment": "positive", "time": "Fri Mar 11 14:34:43 +0000 2016"}
{"polarity": 0.1, "location": "Atlanta, GA", "sentiment": "positive", "time": "Fri Mar 11 14:34:49 +0000 2016"}
{"polarity": 0.0, "location": "New York, NY", "sentiment": "neutral", "time": "Fri Mar 11 14:05:08 +0000 2016"}
{"polarity": 0.0, "location": "Boston, MA", "sentiment": "neutral", "time": "Fri Mar 11 14:05:11 +0000 2016"}
{"polarity": 0.0, "location": "New York, NY", "sentiment": "neutral", "time": "Fri Mar 11 14:05:25 +0000 2016"}
{"polarity": 0.0, "location": "New York, NY", "sentiment": "neutral", "time": "Fri Mar 11 14:05:30 +0000 2016"}
{"polarity": 0.0, "location": "New York, NY", "sentiment": "neutral", "time": "Fri Mar 11 14:05:37 +0000 2016"}
{"polarity": 0.5, "location": "New York, NY", "sentiment": "positive", "time": "Fri Mar 11 14:05:41 +0000 2016"}
{"polarity": 0.0, "location": "Seattle, WA", "sentiment": "neutral", "time": "Fri Mar 11 14:05:44 +0000 2016"}
{"polarity": 0.6277777777777778, "location": "Seattle, WA", "sentiment": "positive", "time": "Fri Mar 11 14:05:59 +0000 2016"}
{"polarity": 0.0, "location": "New York, NY", "sentiment": "neutral", "time": "Fri Mar 11 14:11:06 +0000 2016"}
{"polarity": 0.0, "location": "Atlanta, GA", "sentiment": "neutral", "time": "Fri Mar 11 14:11:14 +0000 2016"}
{"polarity": 0.0, "location": "Atlanta, GA", "sentiment": "neutral", "time": "Fri Mar 11 14:11:25 +0000 2016"}
{"polarity": 0.0, "location": "Boston, MA", "sentiment": "neutral", "time": "Fri Mar 11 14:11:36 +0000 2016"}
{"polarity": -0.3, "location": "New York, NY", "sentiment": "negative", "time": "Fri Mar 11 14:11:44 +0000 2016"}
{"polarity": -0.03333333333333335, "location": "New York, NY", "sentiment": "negative", "time": "Fri Mar 11 14:56:02 +0000 2016"}
{"polarity": 0.0, "location": "Atlanta, GA", "sentiment": "neutral", "time": "Fri Mar 11 14:56:06 +0000 2016"}
{"polarity": 0.0, "location": "Portland, OR", "sentiment": "neutral", "time": "Fri Mar 11 14:56:12 +0000 2016"}
{"polarity": 0.0, "location": "Seattle, WA", "sentiment": "neutral", "time": "Fri Mar 11 14:56:41 +0000 2016"}
{"polarity": 0.3333333333333333, "location": "Seattle, WA", "sentiment": "positive", "time": "Fri Mar 11 14:56:51 +0000 2016"}
{"polarity": 1.0, "location": "New York, NY", "sentiment": "positive", "time": "Fri Mar 11 14:47:00 +0000 2016"}
{"polarity": 0.0, "location": "Boston, MA", "sentiment": "neutral", "time": "Fri Mar 11 14:47:00 +0000 2016"}
{"polarity": 0.0, "location": "San Diego, CA", "sentiment": "neutral", "time": "Fri Mar 11 14:47:03 +0000 2016"}
{"polarity": 0.0, "location": "San Diego, CA", "sentiment": "neutral", "time": "Fri Mar 11 14:47:09 +0000 2016"}
{"polarity": 0.0, "location": "San Diego, CA", "sentiment": "neutral", "time": "Fri Mar 11 14:47:13 +0000 2016"}
{"polarity": 0.0, "location": "New York, NY", "sentiment": "neutral", "time": "Fri Mar 11 14:47:27 +0000 2016"}
{"polarity": 0.0, "location": "Seattle, WA", "sentiment": "neutral", "time": "Fri Mar 11 14:47:46 +0000 2016"}
{"polarity": -0.13333333333333333, "location": "San Diego, CA", "sentiment": "negative", "time": "Fri Mar 11 14:47:54 +0000 2016"}
{"polarity": 0.10000000000000002, "location": "New York, NY", "sentiment": "positive", "time": "Fri Mar 11 14:47:59 +0000 2016"}
{"polarity": 0.0, "location": "Orlando, FL", "sentiment": "neutral", "time": "Fri Mar 11 14:47:59 +0000 2016"}
{"polarity": 0.0, "location": "Boston, MA", "sentiment": "neutral", "time": "Fri Mar 11 14:47:58 +0000 2016"}
{"polarity": -0.19886363636363635, "location": "New York, NY", "sentiment": "negative", "time": "Fri Mar 11 14:52:02 +0000 2016"}
{"polarity": 0.0, "location": "New York, NY", "sentiment": "neutral", "time": "Fri Mar 11 14:52:07 +0000 2016"}
{"polarity": 0.06818181818181818, "location": "Phoenix, AZ", "sentiment": "positive", "time": "Fri Mar 11 14:52:08 +0000 2016"}
{"polarity": 0.0, "location": "Atlanta, GA", "sentiment": "neutral", "time": "Fri Mar 11 14:52:09 +0000 2016"}
{"polarity": 0.17857142857142858, "location": "New York, NY", "sentiment": "positive", "time": "Fri Mar 11 14:52:17 +0000 2016"}
{"polarity": 0.0, "location": "San Diego, CA", "sentiment": "neutral", "time": "Fri Mar 11 14:52:23 +0000 2016"}
{"polarity": 0.5, "location": "Atlanta, GA", "sentiment": "positive", "time": "Fri Mar 11 14:52:43 +0000 2016"}
{"polarity": 0.0, "location": "Seattle, WA", "sentiment": "neutral", "time": "Fri Mar 11 14:53:10 +0000 2016"}
{"polarity": 0.0, "location": "Atlanta, GA", "sentiment": "neutral", "time": "Fri Mar 11 14:53:11 +0000 2016"}
{"polarity": 1.0, "location": "Boston, MA", "sentiment": "positive", "time": "Fri Mar 11 14:53:27 +0000 2016"}
{"polarity": 0.0, "location": "Boston, MA", "sentiment": "neutral", "time": "Fri Mar 11 14:53:29 +0000 2016"}
{"polarity": 0.0, "location": "Atlanta, GA", "sentiment": "neutral", "time": "Fri Mar 11 14:53:46 +0000 2016"}
{"polarity": 0.5, "location": "Boston, MA", "sentiment": "positive", "time": "Fri Mar 11 14:53:57 +0000 2016"}
{"polarity": 0.0, "location": "San Diego, CA", "sentiment": "neutral", "time": "Fri Mar 11 14:02:01 +0000 2016"}
{"polarity": 0.0, "location": "New York, NY", "sentiment": "neutral", "time": "Fri Mar 11 14:02:15 +0000 2016"}
{"polarity": 0.17045454545454544, "location": "San Diego, CA", "sentiment": "positive", "time": "Fri Mar 11 14:02:30 +0000 2016"}
{"polarity": 0.7, "location": "Boston, MA", "sentiment": "positive", "time": "Fri Mar 11 14:02:31 +0000 2016"}
{"polarity": 0.5, "location": "Atlanta, GA", "sentiment": "positive", "time": "Fri Mar 11 14:02:34 +0000 2016"}
{"polarity": 0.0, "location": "Portland, OR", "sentiment": "neutral", "time": "Fri Mar 11 14:02:28 +0000 2016"}
{"polarity": -0.16666666666666666, "location": "Atlanta, GA", "sentiment": "negative", "time": "Fri Mar 11 14:02:43 +0000 2016"}
{"polarity": 0.16666666666666666, "location": "Boston, MA", "sentiment": "positive", "time": "Fri Mar 11 14:02:43 +0000 2016"}
{"polarity": 0.0, "location": "Boston, MA", "sentiment": "neutral", "time": "Fri Mar 11 14:02:44 +0000 2016"}
{"polarity": 0.40277777777777773, "location": "Orlando, FL", "sentiment": "positive", "time": "Fri Mar 11 14:02:46 +0000 2016"}
{"polarity": 0.0, "location": "Boston, MA", "sentiment": "neutral", "time": "Fri Mar 11 14:48:07 +0000 2016"}
{"polarity": -0.125, "location": "New York, NY", "sentiment": "negative", "time": "Fri Mar 11 14:48:12 +0000 2016"}
{"polarity": 0.0, "location": "Atlanta, GA", "sentiment": "neutral", "time": "Fri Mar 11 14:48:13 +0000 2016"}
{"polarity": 0.13636363636363635, "location": "Phoenix, AZ", "sentiment": "positive", "time": "Fri Mar 11 14:48:28 +0000 2016"}
{"polarity": -0.11111111111111112, "location": "San Diego, CA", "sentiment": "negative", "time": "Fri Mar 11 14:48:29 +0000 2016"}
{"polarity": 0.033333333333333326, "location": "San Diego, CA", "sentiment": "positive", "time": "Fri Mar 11 14:48:35 +0000 2016"}
{"polarity": 0.31363636363636366, "location": "Atlanta, GA", "sentiment": "positive", "time": "Fri Mar 11 14:48:41 +0000 2016"}
{"polarity": -0.22999999999999998, "location": "Orlando, FL", "sentiment": "negative", "time": "Fri Mar 11 14:48:40 +0000 2016"}
{"polarity": 0.5499999999999999, "location": "Orlando, FL", "sentiment": "positive", "time": "Fri Mar 11 14:48:59 +0000 2016"}
{"polarity": 0.08, "location": "Seattle, WA", "sentiment": "positive", "time": "Fri Mar 11 14:25:01 +0000 2016"}
{"polarity": 0.0, "location": "Atlanta, GA", "sentiment": "neutral", "time": "Fri Mar 11 14:25:14 +0000 2016"}
{"polarity": 0.0, "location": "New York, NY", "sentiment": "neutral", "time": "Fri Mar 11 14:25:17 +0000 2016"}
{"polarity": 0.0, "location": "Seattle, WA", "sentiment": "neutral", "time": "Fri Mar 11 14:25:33 +0000 2016"}
{"polarity": 0.0, "location": "Boston, MA", "sentiment": "neutral", "time": "Fri Mar 11 14:25:31 +0000 2016"}
{"polarity": 0.5, "location": "New York, NY", "sentiment": "positive", "time": "Fri Mar 11 14:25:43 +0000 2016"}
{"polarity": 0.25, "location": "San Diego, CA", "sentiment": "positive", "time": "Fri Mar 11 14:25:49 +0000 2016"}
{"polarity": 0.0, "location": "New York, NY", "sentiment": "neutral", "time": "Fri Mar 11 14:25:50 +0000 2016"}
{"polarity": 0.0, "location": "New York, NY", "sentiment": "neutral", "time": "Fri Mar 11 14:25:50 +0000 2016"}
{"polarity": 0.0, "location": "New York, NY", "sentiment": "neutral", "time": "Fri Mar 11 14:16:05 +0000 2016"}
{"polarity": 0.3444444444444444, "location": "Atlanta, GA", "sentiment": "positive", "time": "Fri Mar 11 14:16:12 +0000 2016"}
{"polarity": 0.2375, "location": "New York, NY", "sentiment": "positive", "time": "Fri Mar 11 14:16:27 +0000 2016"}
{"polarity": 0.25, "location": "Atlanta, GA", "sentiment": "positive", "time": "Fri Mar 11 14:16:33 +0000 2016"}
{"polarity": -0.12000000000000002, "location": "Seattle, WA", "sentiment": "negative", "time": "Fri Mar 11 14:16:35 +0000 2016"}
{"polarity": 0.0, "location": "Phoenix, AZ", "sentiment": "neutral", "time": "Fri Mar 11 14:16:36 +0000 2016"}
{"polarity": 0.7166666666666667, "location": "Seattle, WA", "sentiment": "positive", "time": "Fri Mar 11 14:16:43 +0000 2016"}
{"polarity": 0.0, "location": "New York, NY", "sentiment": "neutral", "time": "Fri Mar 11 14:16:45 +0000 2016"}
{"polarity": -0.20476190476190478, "location": "Atlanta, GA", "sentiment": "negative", "time": "Fri Mar 11 14:14:03 +0000 2016"}
{"polarity": 0.0, "location": "Boston, MA", "sentiment": "neutral", "time": "Fri Mar 11 14:14:18 +0000 2016"}
{"polarity": 0.0, "location": "Boston, MA", "sentiment": "neutral", "time": "Fri Mar 11 14:14:21 +0000 2016"}
{"polarity": 0.0, "location": "New York, NY", "sentiment": "neutral", "time": "Fri Mar 11 14:14:14 +0000 2016"}
{"polarity": 0.0, "location": "Atlanta, GA", "sentiment": "neutral", "time": "Fri Mar 11 14:14:45 +0000 2016"}
{"polarity": 0.0, "location": "Phoenix, AZ", "sentiment": "neutral", "time": "Fri Mar 11 14:14:50 +0000 2016"}
{"polarity": 0.0, "location": "Orlando, FL", "sentiment": "neutral", "time": "Fri Mar 11 14:23:12 +0000 2016"}
{"polarity": 0.0, "location": "Atlanta, GA", "sentiment": "neutral", "time": "Fri Mar 11 14:23:27 +0000 2016"}
{"polarity": 0.11904761904761905, "location": "Seattle, WA", "sentiment": "positive", "time": "Fri Mar 11 14:07:02 +0000 2016"}
{"polarity": 0.16666666666666666, "location": "St. Louis, MO", "sentiment": "positive", "time": "Fri Mar 11 14:07:03 +0000 2016"}
{"polarity": 0.0, "location": "New York, NY", "sentiment": "neutral", "time": "Fri Mar 11 14:07:01 +0000 2016"}
{"polarity": 0.0, "location": "Phoenix, AZ", "sentiment": "neutral", "time": "Fri Mar 11 14:07:09 +0000 2016"}
{"polarity": 0.25, "location": "New York, NY", "sentiment": "positive", "time": "Fri Mar 11 14:07:22 +0000 2016"}
{"polarity": 0.0, "location": "Portland, OR", "sentiment": "neutral", "time": "Fri Mar 11 14:07:22 +0000 2016"}
{"polarity": 0.0, "location": "Atlanta, GA", "sentiment": "neutral", "time": "Fri Mar 11 14:07:44 +0000 2016"}
{"polarity": -0.2, "location": "Atlanta, GA", "sentiment": "negative", "time": "Fri Mar 11 14:07:45 +0000 2016"}
{"polarity": 0.35, "location": "Atlanta, GA", "sentiment": "positive", "time": "Fri Mar 11 14:51:01 +0000 2016"}
{"polarity": 0.875, "location": "Portland, OR", "sentiment": "positive", "time": "Fri Mar 11 14:51:04 +0000 2016"}
{"polarity": 0.0, "location": "Boston, MA", "sentiment": "neutral", "time": "Fri Mar 11 14:51:11 +0000 2016"}
{"polarity": 0.0, "location": "Boston, MA", "sentiment": "neutral", "time": "Fri Mar 11 14:51:12 +0000 2016"}
{"polarity": 0.0, "location": "New York, NY", "sentiment": "neutral", "time": "Fri Mar 11 14:51:16 +0000 2016"}
{"polarity": 0.0, "location": "Phoenix, AZ", "sentiment": "neutral", "time": "Fri Mar 11 14:51:31 +0000 2016"}
{"polarity": 0.0, "location": "Phoenix, AZ", "sentiment": "neutral", "time": "Fri Mar 11 14:51:39 +0000 2016"}
{"polarity": 0.0, "location": "Seattle, WA", "sentiment": "neutral", "time": "Fri Mar 11 14:51:48 +0000 2016"}
{"polarity": 0.0, "location": "Boston, MA", "sentiment": "neutral", "time": "Fri Mar 11 14:51:55 +0000 2016"}
{"polarity": 0.0, "location": "New York, NY", "sentiment": "neutral", "time": "Fri Mar 11 14:51:53 +0000 2016"}
{"polarity": 0.0, "location": "Boston, MA", "sentiment": "neutral", "time": "Fri Mar 11 14:30:02 +0000 2016"}
{"polarity": 0.5, "location": "New York, NY", "sentiment": "positive", "time": "Fri Mar 11 14:30:06 +0000 2016"}
{"polarity": 0.0, "location": "New York, NY", "sentiment": "neutral", "time": "Fri Mar 11 14:30:11 +0000 2016"}
{"polarity": 0.09168831168831168, "location": "New York, NY", "sentiment": "positive", "time": "Fri Mar 11 14:30:17 +0000 2016"}
{"polarity": 0.0, "location": "Boston, MA", "sentiment": "neutral", "time": "Fri Mar 11 14:30:34 +0000 2016"}
{"polarity": 0.375, "location": "Seattle, WA", "sentiment": "positive", "time": "Fri Mar 11 14:30:46 +0000 2016"}
{"polarity": 0.0, "location": "New York, NY", "sentiment": "neutral", "time": "Fri Mar 11 14:30:51 +0000 2016"}
{"polarity": 0.0, "location": "New York, NY", "sentiment": "neutral", "time": "Fri Mar 11 14:30:57 +0000 2016"}
{"polarity": 0.0, "location": "Seattle, WA", "sentiment": "neutral", "time": "Fri Mar 11 14:03:09 +0000 2016"}
{"polarity": 0.3181818181818182, "location": "New York, NY", "sentiment": "positive", "time": "Fri Mar 11 14:03:13 +0000 2016"}
{"polarity": 0.225, "location": "Atlanta, GA", "sentiment": "positive", "time": "Fri Mar 11 14:03:25 +0000 2016"}
{"polarity": 0.024999999999999994, "location": "Atlanta, GA", "sentiment": "positive", "time": "Fri Mar 11 14:03:26 +0000 2016"}
{"polarity": 0.5, "location": "Boston, MA", "sentiment": "positive", "time": "Fri Mar 11 14:03:27 +0000 2016"}
{"polarity": 0.5, "location": "Atlanta, GA", "sentiment": "positive", "time": "Fri Mar 11 14:03:34 +0000 2016"}
{"polarity": 0.03333333333333336, "location": "Boston, MA", "sentiment": "positive", "time": "Fri Mar 11 14:03:40 +0000 2016"}
{"polarity": 0.0, "location": "Atlanta, GA", "sentiment": "neutral", "time": "Fri Mar 11 14:03:52 +0000 2016"}
{"polarity": 0.5499999999999999, "location": "New York, NY", "sentiment": "positive", "time": "Fri Mar 11 14:40:03 +0000 2016"}
{"polarity": 0.22348484848484848, "location": "Phoenix, AZ", "sentiment": "positive", "time": "Fri Mar 11 14:40:13 +0000 2016"}
{"polarity": 0.0, "location": "Phoenix, AZ", "sentiment": "neutral", "time": "Fri Mar 11 14:40:16 +0000 2016"}
{"polarity": 0.0, "location": "Boston, MA", "sentiment": "neutral", "time": "Fri Mar 11 14:40:20 +0000 2016"}
{"polarity": 0.0, "location": "St. Louis, MO", "sentiment": "neutral", "time": "Fri Mar 11 14:40:33 +0000 2016"}
{"polarity": 0.675, "location": "Boston, MA", "sentiment": "positive", "time": "Fri Mar 11 14:40:57 +0000 2016"}
{"polarity": 0.0, "location": "Boston, MA", "sentiment": "neutral", "time": "Fri Mar 11 14:08:56 +0000 2016"}
{"polarity": -0.5, "location": "New York, NY", "sentiment": "negative", "time": "Fri Mar 11 14:35:20 +0000 2016"}
{"polarity": 0.0, "location": "New York, NY", "sentiment": "neutral", "time": "Fri Mar 11 14:35:23 +0000 2016"}
{"polarity": 0.0, "location": "Atlanta, GA", "sentiment": "neutral", "time": "Fri Mar 11 14:35:24 +0000 2016"}
{"polarity": 0.0, "location": "Portland, OR", "sentiment": "neutral", "time": "Fri Mar 11 14:35:31 +0000 2016"}
{"polarity": -0.025000000000000005, "location": "Portland, OR", "sentiment": "negative", "time": "Fri Mar 11 14:35:38 +0000 2016"}
{"polarity": 0.5, "location": "Atlanta, GA", "sentiment": "positive", "time": "Fri Mar 11 14:35:36 +0000 2016"}
{"polarity": 0.0, "location": "Atlanta, GA", "sentiment": "neutral", "time": "Fri Mar 11 14:35:56 +0000 2016"}
{"polarity": -0.3499999999999999, "location": "Boston, MA", "sentiment": "negative", "time": "Fri Mar 11 14:43:07 +0000 2016"}
{"polarity": 0.4166666666666667, "location": "Orlando, FL", "sentiment": "positive", "time": "Fri Mar 11 14:43:08 +0000 2016"}
{"polarity": -0.4, "location": "Atlanta, GA", "sentiment": "negative", "time": "Fri Mar 11 14:43:10 +0000 2016"}
{"polarity": 0.0, "location": "Orlando, FL", "sentiment": "neutral", "time": "Fri Mar 11 14:43:12 +0000 2016"}
{"polarity": 0.25, "location": "San Diego, CA", "sentiment": "positive", "time": "Fri Mar 11 14:43:15 +0000 2016"}
{"polarity": 0.0, "location": "New York, NY", "sentiment": "neutral", "time": "Fri Mar 11 14:43:23 +0000 2016"}
{"polarity": 0.15, "location": "Atlanta, GA", "sentiment": "positive", "time": "Fri Mar 11 14:43:28 +0000 2016"}
{"polarity": 0.0, "location": "Atlanta, GA", "sentiment": "neutral", "time": "Fri Mar 11 14:43:31 +0000 2016"}
{"polarity": 0.03125, "location": "Orlando, FL", "sentiment": "positive", "time": "Fri Mar 11 14:43:34 +0000 2016"}
{"polarity": 0.0, "location": "Atlanta, GA", "sentiment": "neutral", "time": "Fri Mar 11 14:43:39 +0000 2016"}
{"polarity": 0.0, "location": "Boston, MA", "sentiment": "neutral", "time": "Fri Mar 11 14:43:40 +0000 2016"}
{"polarity": 0.0, "location": "New York, NY", "sentiment": "neutral", "time": "Fri Mar 11 14:43:48 +0000 2016"}
{"polarity": 0.0, "location": "Atlanta, GA", "sentiment": "neutral", "time": "Fri Mar 11 14:43:52 +0000 2016"}
{"polarity": 0.04999999999999999, "location": "Atlanta, GA", "sentiment": "positive", "time": "Fri Mar 11 14:43:58 +0000 2016"}
{"polarity": 0.1, "location": "New York, NY", "sentiment": "positive", "time": "Fri Mar 11 14:10:00 +0000 2016"}
{"polarity": 0.0, "location": "Seattle, WA", "sentiment": "neutral", "time": "Fri Mar 11 14:10:03 +0000 2016"}
{"polarity": 0.0, "location": "San Diego, CA", "sentiment": "neutral", "time": "Fri Mar 11 14:10:12 +0000 2016"}
{"polarity": 0.0, "location": "Boston, MA", "sentiment": "neutral", "time": "Fri Mar 11 14:10:24 +0000 2016"}
{"polarity": 0.5, "location": "New York, NY", "sentiment": "positive", "time": "Fri Mar 11 14:10:41 +0000 2016"}
{"polarity": 0.0, "location": "New York, NY", "sentiment": "neutral", "time": "Fri Mar 11 14:10:43 +0000 2016"}
{"polarity": -0.6, "location": "New York, NY", "sentiment": "negative", "time": "Fri Mar 11 14:10:54 +0000 2016"}
{"polarity": 0.0, "location": "Atlanta, GA", "sentiment": "neutral", "time": "Fri Mar 11 14:10:59 +0000 2016"}
{"polarity": 0.475, "location": "Boston, MA", "sentiment": "positive", "time": "Fri Mar 11 14:54:02 +0000 2016"}
{"polarity": 0.2, "location": "Atlanta, GA", "sentiment": "positive", "time": "Fri Mar 11 14:54:32 +0000 2016"}
{"polarity": 0.0, "location": "Atlanta, GA", "sentiment": "neutral", "time": "Fri Mar 11 14:54:42 +0000 2016"}
{"polarity": 0.0, "location": "Seattle, WA", "sentiment": "neutral", "time": "Fri Mar 11 14:54:50 +0000 2016"}
{"polarity": 0.13636363636363635, "location": "Atlanta, GA", "sentiment": "positive", "time": "Fri Mar 11 14:24:14 +0000 2016"}
{"polarity": 0.29583333333333334, "location": "Boston, MA", "sentiment": "positive", "time": "Fri Mar 11 14:24:31 +0000 2016"}
{"polarity": 0.5, "location": "New York, NY", "sentiment": "positive", "time": "Fri Mar 11 14:24:35 +0000 2016"}
{"polarity": 0.35, "location": "Phoenix, AZ", "sentiment": "positive", "time": "Fri Mar 11 14:24:54 +0000 2016"}
{"polarity": 0.0, "location": "Atlanta, GA", "sentiment": "neutral", "time": "Fri Mar 11 14:32:00 +0000 2016"}
{"polarity": 0.0, "location": "San Diego, CA", "sentiment": "neutral", "time": "Fri Mar 11 14:32:00 +0000 2016"}
{"polarity": 0.0, "location": "Orlando, FL", "sentiment": "neutral", "time": "Fri Mar 11 14:32:00 +0000 2016"}
{"polarity": 0.0, "location": "Boston, MA", "sentiment": "neutral", "time": "Fri Mar 11 14:32:02 +0000 2016"}
{"polarity": 0.06818181818181818, "location": "New York, NY", "sentiment": "positive", "time": "Fri Mar 11 14:32:09 +0000 2016"}
{"polarity": 0.6, "location": "St. Louis, MO", "sentiment": "positive", "time": "Fri Mar 11 14:32:09 +0000 2016"}
{"polarity": 0.11212121212121212, "location": "San Diego, CA", "sentiment": "positive", "time": "Fri Mar 11 14:32:14 +0000 2016"}
{"polarity": 0.0, "location": "New York, NY", "sentiment": "neutral", "time": "Fri Mar 11 14:32:18 +0000 2016"}
{"polarity": 0.0, "location": "Boston, MA", "sentiment": "neutral", "time": "Fri Mar 11 14:32:33 +0000 2016"}
{"polarity": 0.03125, "location": "Orlando, FL", "sentiment": "positive", "time": "Fri Mar 11 14:32:37 +0000 2016"}
{"polarity": 0.0, "location": "Boston, MA", "sentiment": "neutral", "time": "Fri Mar 11 14:32:37 +0000 2016"}
{"polarity": 0.7, "location": "Atlanta, GA", "sentiment": "positive", "time": "Fri Mar 11 14:36:03 +0000 2016"}
{"polarity": 0.0, "location": "Phoenix, AZ", "sentiment": "neutral", "time": "Fri Mar 11 14:36:04 +0000 2016"}
{"polarity": 0.0, "location": "San Diego, CA", "sentiment": "neutral", "time": "Fri Mar 11 14:36:09 +0000 2016"}
{"polarity": -0.024999999999999994, "location": "New York, NY", "sentiment": "negative", "time": "Fri Mar 11 14:36:18 +0000 2016"}
{"polarity": 0.0, "location": "New York, NY", "sentiment": "neutral", "time": "Fri Mar 11 14:36:23 +0000 2016"}
{"polarity": 0.14285714285714285, "location": "Boston, MA", "sentiment": "positive", "time": "Fri Mar 11 14:36:28 +0000 2016"}
{"polarity": 0.5, "location": "Boston, MA", "sentiment": "positive", "time": "Fri Mar 11 14:36:40 +0000 2016"}
{"polarity": 0.0, "location": "Boston, MA", "sentiment": "neutral", "time": "Fri Mar 11 14:36:43 +0000 2016"}
{"polarity": 0.0, "location": "Atlanta, GA", "sentiment": "neutral", "time": "Fri Mar 11 14:36:31 +0000 2016"}
{"polarity": 0.0, "location": "New York, NY", "sentiment": "neutral", "time": "Fri Mar 11 14:01:01 +0000 2016"}
{"polarity": 0.0, "location": "St. Louis, MO", "sentiment": "neutral", "time": "Fri Mar 11 14:01:10 +0000 2016"}
{"polarity": 0.05, "location": "Atlanta, GA", "sentiment": "positive", "time": "Fri Mar 11 14:01:14 +0000 2016"}
{"polarity": 0.0, "location": "New York, NY", "sentiment": "neutral", "time": "Fri Mar 11 14:01:32 +0000 2016"}
{"polarity": 0.0, "location": "New York, NY", "sentiment": "neutral", "time": "Fri Mar 11 14:01:58 +0000 2016"}
{"polarity": -0.125, "location": "Seattle, WA", "sentiment": "negative", "time": "Fri Mar 11 14:55:02 +0000 2016"}
{"polarity": 0.38749999999999996, "location": "Phoenix, AZ", "sentiment": "positive", "time": "Fri Mar 11 14:55:03 +0000 2016"}
{"polarity": 0.2625, "location": "San Diego, CA", "sentiment": "positive", "time": "Fri Mar 11 14:55:11 +0000 2016"}
{"polarity": 0.0, "location": "Seattle, WA", "sentiment": "neutral", "time": "Fri Mar 11 14:55:17 +0000 2016"}
{"polarity": 0.0, "location": "Seattle, WA", "sentiment": "neutral", "time": "Fri Mar 11 14:55:36 +0000 2016"}
{"polarity": 0.0, "location": "Orlando, FL", "sentiment": "neutral", "time": "Fri Mar 11 14:55:41 +0000 2016"}
{"polarity": 0.0, "location": "Boston, MA", "sentiment": "neutral", "time": "Fri Mar 11 14:55:41 +0000 2016"}
{"polarity": 0.0, "location": "Boston, MA", "sentiment": "neutral", "time": "Fri Mar 11 14:55:45 +0000 2016"}
{"polarity": 0.0, "location": "Boston, MA", "sentiment": "neutral", "time": "Fri Mar 11 14:09:00 +0000 2016"}
{"polarity": 0.0, "location": "New York, NY", "sentiment": "neutral", "time": "Fri Mar 11 14:09:00 +0000 2016"}
{"polarity": 0.5, "location": "Atlanta, GA", "sentiment": "positive", "time": "Fri Mar 11 14:09:07 +0000 2016"}
{"polarity": 0.0, "location": "Boston, MA", "sentiment": "neutral", "time": "Fri Mar 11 14:09:10 +0000 2016"}
{"polarity": 0.0, "location": "Boston, MA", "sentiment": "neutral", "time": "Fri Mar 11 14:09:17 +0000 2016"}
{"polarity": 0.0, "location": "Seattle, WA", "sentiment": "neutral", "time": "Fri Mar 11 14:09:21 +0000 2016"}
{"polarity": 0.0, "location": "Orlando, FL", "sentiment": "neutral", "time": "Fri Mar 11 14:09:38 +0000 2016"}
{"polarity": 0.5, "location": "Atlanta, GA", "sentiment": "positive", "time": "Fri Mar 11 14:09:44 +0000 2016"}
