{"polarity": 0.7, "location": "Atlanta, GA", "sentiment": "positive", "time": "Fri Mar 11 15:04:05 +0000 2016"}
{"polarity": 0.04464285714285714, "location": "Phoenix, AZ", "sentiment": "positive", "time": "Fri Mar 11 15:04:07 +0000 2016"}
{"polarity": 0.45, "location": "Boston, MA", "sentiment": "positive", "time": "Fri Mar 11 15:04:15 +0000 2016"}
{"polarity": 0.0, "location": "Atlanta, GA", "sentiment": "neutral", "time": "Fri Mar 11 15:04:18 +0000 2016"}
{"polarity": 0.0777777777777778, "location": "Phoenix, AZ", "sentiment": "positive", "time": "Fri Mar 11 15:04:19 +0000 2016"}
{"polarity": 0.0, "location": "New York, NY", "sentiment": "neutral", "time": "Fri Mar 11 15:04:22 +0000 2016"}
{"polarity": -0.2, "location": "New York, NY", "sentiment": "negative", "time": "Fri Mar 11 15:04:30 +0000 2016"}
{"polarity": 0.0, "location": "New York, NY", "sentiment": "neutral", "time": "Fri Mar 11 15:04:35 +0000 2016"}
{"polarity": -0.1, "location": "Phoenix, AZ", "sentiment": "negative", "time": "Fri Mar 11 15:04:37 +0000 2016"}
{"polarity": 0.0, "location": "New York, NY", "sentiment": "neutral", "time": "Sat Mar 12 03:39:01 +0000 2016"}
{"polarity": 0.0, "location": "Portland, OR", "sentiment": "neutral", "time": "Sat Mar 12 03:39:05 +0000 2016"}
{"polarity": 0.05000000000000002, "location": "Portland, OR", "sentiment": "positive", "time": "Sat Mar 12 03:39:09 +0000 2016"}
{"polarity": 0.0, "location": "New York, NY", "sentiment": "neutral", "time": "Sat Mar 12 03:39:19 +0000 2016"}
{"polarity": 0.0, "location": "New York, NY", "sentiment": "neutral", "time": "Sat Mar 12 03:39:25 +0000 2016"}
{"polarity": -0.075, "location": "Atlanta, GA", "sentiment": "negative", "time": "Sat Mar 12 03:39:29 +0000 2016"}
{"polarity": 0.25, "location": "Atlanta, GA", "sentiment": "positive", "time": "Sat Mar 12 03:39:31 +0000 2016"}
{"polarity": 0.0, "location": "Portland, OR", "sentiment": "neutral", "time": "Sat Mar 12 03:39:52 +0000 2016"}
{"polarity": 0.0, "location": "Phoenix, AZ", "sentiment": "neutral", "time": "Sat Mar 12 03:39:54 +0000 2016"}
{"polarity": 0.26904761904761904, "location": "Atlanta, GA", "sentiment": "positive", "time": "Sat Mar 12 03:39:59 +0000 2016"}
{"polarity": 0.0, "location": "Boston, MA", "sentiment": "neutral", "time": "Sat Mar 12 03:59:20 +0000 2016"}
{"polarity": 0.0, "location": "Portland, OR", "sentiment": "neutral", "time": "Sat Mar 12 03:59:23 +0000 2016"}
{"polarity": 0.0, "location": "Seattle, WA", "sentiment": "neutral", "time": "Sat Mar 12 03:59:23 +0000 2016"}
{"polarity": 0.0, "location": "Boston, MA", "sentiment": "neutral", "time": "Sat Mar 12 03:59:54 +0000 2016"}
{"polarity": 0.85, "location": "Atlanta, GA", "sentiment": "positive", "time": "Sat Mar 12 03:59:56 +0000 2016"}
{"polarity": 0.0, "location": "Seattle, WA", "sentiment": "neutral", "time": "Sat Mar 12 03:59:59 +0000 2016"}
{"polarity": 0.0, "location": "Seattle, WA", "sentiment": "neutral", "time": "Sat Mar 12 03:59:58 +0000 2016"}
{"polarity": 0.0, "location": "Orlando, FL", "sentiment": "neutral", "time": "Sat Mar 12 03:19:14 +0000 2016"}
{"polarity": 0.175, "location": "Orlando, FL", "sentiment": "positive", "time": "Sat Mar 12 03:19:29 +0000 2016"}
{"polarity": 0.0, "location": "Seattle, WA", "sentiment": "neutral", "time": "Sat Mar 12 03:19:27 +0000 2016"}
{"polarity": 0.0, "location": "Phoenix, AZ", "sentiment": "neutral", "time": "Sat Mar 12 03:19:34 +0000 2016"}
{"polarity": 0.0, "location": "New York, NY", "sentiment": "neutral", "time": "Sat Mar 12 03:19:35 +0000 2016"}
{"polarity": 0.6, "location": "Atlanta, GA", "sentiment": "positive", "time": "Sat Mar 12 03:19:59 +0000 2016"}
{"polarity": 0.43333333333333335, "location": "Phoenix, AZ", "sentiment": "positive", "time": "Sat Mar 12 03:37:04 +0000 2016"}
{"polarity": 0.0, "location": "Seattle, WA", "sentiment": "neutral", "time": "Sat Mar 12 03:37:10 +0000 2016"}
{"polarity": -0.4, "location": "Seattle, WA", "sentiment": "negative", "time": "Sat Mar 12 03:37:11 +0000 2016"}
{"polarity": 0.0, "location": "New York, NY", "sentiment": "neutral", "time": "Sat Mar 12 03:37:14 +0000 2016"}
{"polarity": 0.4928571428571428, "location": "Orlando, FL", "sentiment": "positive", "time": "Sat Mar 12 03:37:28 +0000 2016"}
{"polarity": -0.08333333333333333, "location": "San Diego, CA", "sentiment": "negative", "time": "Sat Mar 12 03:37:31 +0000 2016"}
{"polarity": 0.0, "location": "Atlanta, GA", "sentiment": "neutral", "time": "Sat Mar 12 03:37:49 +0000 2016"}
{"polarity": 0.0, "location": "Seattle, WA", "sentiment": "neutral", "time": "Sat Mar 12 03:37:52 +0000 2016"}
{"polarity": 0.0, "location": "Boston, MA", "sentiment": "neutral", "time": "Sat Mar 12 03:37:53 +0000 2016"}
{"polarity": 0.0, "location": "Boston, MA", "sentiment": "neutral", "time": "Sat Mar 12 03:31:05 +0000 2016"}
{"polarity": 0.041666666666666664, "location": "New York, NY", "sentiment": "positive", "time": "Sat Mar 12 03:31:08 +0000 2016"}
{"polarity": 0.0, "location": "Orlando, FL", "sentiment": "neutral", "time": "Sat Mar 12 03:31:16 +0000 2016"}
{"polarity": 0.0, "location": "Boston, MA", "sentiment": "neutral", "time": "Sat Mar 12 03:31:26 +0000 2016"}
{"polarity": 0.0, "location": "Portland, OR", "sentiment": "neutral", "time": "Sat Mar 12 03:31:42 +0000 2016"}
{"polarity": 0.24583333333333335, "location": "Seattle, WA", "sentiment": "positive", "time": "Sat Mar 12 03:31:53 +0000 2016"}
{"polarity": 0.0, "location": "New York, NY", "sentiment": "neutral", "time": "Sat Mar 12 03:41:00 +0000 2016"}
{"polarity": 0.0, "location": "Boston, MA", "sentiment": "neutral", "time": "Sat Mar 12 03:41:02 +0000 2016"}
{"polarity": 0.325, "location": "Atlanta, GA", "sentiment": "positive", "time": "Sat Mar 12 03:41:08 +0000 2016"}
{"polarity": -0.4, "location": "Portland, OR", "sentiment": "negative", "time": "Sat Mar 12 03:41:19 +0000 2016"}
{"polarity": -0.2, "location": "New York, NY", "sentiment": "negative", "time": "Sat Mar 12 03:41:27 +0000 2016"}
{"polarity": 0.65, "location": "Boston, MA", "sentiment": "positive", "time": "Sat Mar 12 03:41:26 +0000 2016"}
{"polarity": 0.225, "location": "St. Louis, MO", "sentiment": "positive", "time": "Sat Mar 12 03:41:31 +0000 2016"}
{"polarity": 0.2, "location": "Boston, MA", "sentiment": "positive", "time": "Sat Mar 12 03:41:35 +0000 2016"}
{"polarity": 0.0, "location": "Portland, OR", "sentiment": "neutral", "time": "Sat Mar 12 03:41:39 +0000 2016"}
{"polarity": -1.0, "location": "Portland, OR", "sentiment": "negative", "time": "Sat Mar 12 03:41:47 +0000 2016"}
{"polarity": 0.0, "location": "Portland, OR", "sentiment": "neutral", "time": "Sat Mar 12 03:41:54 +0000 2016"}
{"polarity": -0.6, "location": "New York, NY", "sentiment": "negative", "time": "Sat Mar 12 03:41:58 +0000 2016"}
{"polarity": 0.0, "location": "Seattle, WA", "sentiment": "neutral", "time": "Sat Mar 12 03:41:53 +0000 2016"}
{"polarity": 0.06666666666666667, "location": "Seattle, WA", "sentiment": "positive", "time": "Sat Mar 12 03:27:12 +0000 2016"}
{"polarity": 0.0, "location": "New York, NY", "sentiment": "neutral", "time": "Sat Mar 12 03:27:14 +0000 2016"}
{"polarity": 0.13636363636363635, "location": "Seattle, WA", "sentiment": "positive", "time": "Sat Mar 12 03:27:19 +0000 2016"}
{"polarity": 0.08, "location": "Atlanta, GA", "sentiment": "positive", "time": "Sat Mar 12 03:27:27 +0000 2016"}
{"polarity": 0.0, "location": "Boston, MA", "sentiment": "neutral", "time": "Sat Mar 12 03:27:29 +0000 2016"}
{"polarity": 0.7, "location": "Boston, MA", "sentiment": "positive", "time": "Sat Mar 12 03:27:32 +0000 2016"}
{"polarity": -0.15, "location": "San Diego, CA", "sentiment": "negative", "time": "Sat Mar 12 03:27:51 +0000 2016"}
{"polarity": 0.8, "location": "Boston, MA", "sentiment": "positive", "time": "Sat Mar 12 03:27:58 +0000 2016"}
{"polarity": 0.0, "location": "Orlando, FL", "sentiment": "neutral", "time": "Sat Mar 12 03:57:00 +0000 2016"}
{"polarity": 0.0, "location": "Seattle, WA", "sentiment": "neutral", "time": "Sat Mar 12 03:57:02 +0000 2016"}
{"polarity": -0.2, "location": "Seattle, WA", "sentiment": "negative", "time": "Sat Mar 12 03:57:03 +0000 2016"}
{"polarity": 0.037500000000000006, "location": "New York, NY", "sentiment": "positive", "time": "Sat Mar 12 03:57:04 +0000 2016"}
{"polarity": 0.0, "location": "San Diego, CA", "sentiment": "neutral", "time": "Sat Mar 12 03:57:07 +0000 2016"}
{"polarity": 0.0, "location": "Portland, OR", "sentiment": "neutral", "time": "Sat Mar 12 03:57:14 +0000 2016"}
{"polarity": 0.0, "location": "Seattle, WA", "sentiment": "neutral", "time": "Sat Mar 12 03:57:16 +0000 2016"}
{"polarity": 0.0, "location": "Seattle, WA", "sentiment": "neutral", "time": "Sat Mar 12 03:57:23 +0000 2016"}
{"polarity": 0.375, "location": "New York, NY", "sentiment": "positive", "time": "Sat Mar 12 03:57:34 +0000 2016"}
{"polarity": -0.15000000000000002, "location": "Portland, OR", "sentiment": "negative", "time": "Sat Mar 12 03:57:37 +0000 2016"}
{"polarity": 0.0, "location": "Seattle, WA", "sentiment": "neutral", "time": "Sat Mar 12 03:26:08 +0000 2016"}
{"polarity": 0.0, "location": "Portland, OR", "sentiment": "neutral", "time": "Sat Mar 12 03:26:17 +0000 2016"}
{"polarity": 0.34427083333333336, "location": "Seattle, WA", "sentiment": "positive", "time": "Sat Mar 12 03:26:17 +0000 2016"}
{"polarity": 0.4375, "location": "Orlando, FL", "sentiment": "positive", "time": "Sat Mar 12 03:26:37 +0000 2016"}
{"polarity": 0.10000000000000002, "location": "Orlando, FL", "sentiment": "positive", "time": "Sat Mar 12 03:26:37 +0000 2016"}
{"polarity": -0.7142857142857143, "location": "Orlando, FL", "sentiment": "negative", "time": "Sat Mar 12 03:26:53 +0000 2016"}
{"polarity": 0.0, "location": "Portland, OR", "sentiment": "neutral", "time": "Sat Mar 12 03:58:10 +0000 2016"}
{"polarity": 0.0, "location": "Atlanta, GA", "sentiment": "neutral", "time": "Sat Mar 12 03:58:16 +0000 2016"}
{"polarity": 0.0, "location": "Atlanta, GA", "sentiment": "neutral", "time": "Sat Mar 12 03:58:21 +0000 2016"}
{"polarity": 0.8, "location": "St. Louis, MO", "sentiment": "positive", "time": "Sat Mar 12 03:58:30 +0000 2016"}
{"polarity": 0.0, "location": "Seattle, WA", "sentiment": "neutral", "time": "Sat Mar 12 03:58:28 +0000 2016"}
{"polarity": 0.0, "location": "Atlanta, GA", "sentiment": "neutral", "time": "Sat Mar 12 03:58:41 +0000 2016"}
{"polarity": 0.0, "location": "Portland, OR", "sentiment": "neutral", "time": "Sat Mar 12 03:58:50 +0000 2016"}
{"polarity": 0.0, "location": "Atlanta, GA", "sentiment": "neutral", "time": "Sat Mar 12 03:58:51 +0000 2016"}
{"polarity": 0.0, "location": "Phoenix, AZ", "sentiment": "neutral", "time": "Sat Mar 12 03:58:57 +0000 2016"}
{"polarity": 0.0, "location": "New York, NY", "sentiment": "neutral", "time": "Sat Mar 12 03:42:06 +0000 2016"}
{"polarity": 0.1, "location": "San Diego, CA", "sentiment": "positive", "time": "Sat Mar 12 03:42:05 +0000 2016"}
{"polarity": 0.1875, "location": "Atlanta, GA", "sentiment": "positive", "time": "Sat Mar 12 03:42:44 +0000 2016"}
{"polarity": 0.0, "location": "Portland, OR", "sentiment": "neutral", "time": "Sat Mar 12 03:42:36 +0000 2016"}
{"polarity": 0.0, "location": "Atlanta, GA", "sentiment": "neutral", "time": "Sat Mar 12 03:42:59 +0000 2016"}
{"polarity": 0.0, "location": "Atlanta, GA", "sentiment": "neutral", "time": "Sat Mar 12 03:50:02 +0000 2016"}
{"polarity": 0.5, "location": "New York, NY", "sentiment": "positive", "time": "Sat Mar 12 03:50:02 +0000 2016"}
{"polarity": 0.0, "location": "New York, NY", "sentiment": "neutral", "time": "Sat Mar 12 03:50:02 +0000 2016"}
{"polarity": 0.0, "location": "Orlando, FL", "sentiment": "neutral", "time": "Sat Mar 12 03:50:06 +0000 2016"}
{"polarity": 0.18333333333333335, "location": "Boston, MA", "sentiment": "positive", "time": "Sat Mar 12 03:50:14 +0000 2016"}
{"polarity": -0.5, "location": "Orlando, FL", "sentiment": "negative", "time": "Sat Mar 12 03:50:15 +0000 2016"}
{"polarity": 0.3, "location": "New York, NY", "sentiment": "positive", "time": "Sat Mar 12 03:50:18 +0000 2016"}
{"polarity": 0.4, "location": "Portland, OR", "sentiment": "positive", "time": "Sat Mar 12 03:50:21 +0000 2016"}
{"polarity": 0.0, "location": "New York, NY", "sentiment": "neutral", "time": "Sat Mar 12 03:50:25 +0000 2016"}
{"polarity": 0.625, "location": "Atlanta, GA", "sentiment": "positive", "time": "Sat Mar 12 03:50:26 +0000 2016"}
{"polarity": 0.5, "location": "Atlanta, GA", "sentiment": "positive", "time": "Sat Mar 12 03:50:28 +0000 2016"}
{"polarity": 0.0, "location": "New York, NY", "sentiment": "neutral", "time": "Sat Mar 12 03:50:37 +0000 2016"}
{"polarity": 0.0, "location": "Seattle, WA", "sentiment": "neutral", "time": "Sat Mar 12 03:50:38 +0000 2016"}
{"polarity": 0.1, "location": "St. Louis, MO", "sentiment": "positive", "time": "Sat Mar 12 03:50:54 +0000 2016"}
{"polarity": 0.13636363636363635, "location": "Phoenix, AZ", "sentiment": "positive", "time": "Sat Mar 12 03:15:03 +0000 2016"}
{"polarity": 0.3, "location": "New York, NY", "sentiment": "positive", "time": "Sat Mar 12 03:15:04 +0000 2016"}
{"polarity": 1.0, "location": "Boston, MA", "sentiment": "positive", "time": "Sat Mar 12 03:15:05 +0000 2016"}
{"polarity": 0.0, "location": "Boston, MA", "sentiment": "neutral", "time": "Sat Mar 12 03:15:19 +0000 2016"}
{"polarity": 0.0, "location": "San Diego, CA", "sentiment": "neutral", "time": "Sat Mar 12 03:15:28 +0000 2016"}
{"polarity": 0.0, "location": "San Diego, CA", "sentiment": "neutral", "time": "Sat Mar 12 03:15:31 +0000 2016"}
{"polarity": -0.11111111111111112, "location": "San Diego, CA", "sentiment": "negative", "time": "Sat Mar 12 03:15:33 +0000 2016"}
{"polarity": 0.0, "location": "New York, NY", "sentiment": "neutral", "time": "Sat Mar 12 03:15:37 +0000 2016"}
{"polarity": 0.0, "location": "Boston, MA", "sentiment": "neutral", "time": "Sat Mar 12 03:15:39 +0000 2016"}
{"polarity": 0.0, "location": "San Diego, CA", "sentiment": "neutral", "time": "Sat Mar 12 03:15:41 +0000 2016"}
{"polarity": 0.0, "location": "Atlanta, GA", "sentiment": "neutral", "time": "Sat Mar 12 03:15:50 +0000 2016"}
{"polarity": -0.3125, "location": "Orlando, FL", "sentiment": "negative", "time": "Sat Mar 12 03:38:03 +0000 2016"}
{"polarity": 0.0, "location": "Atlanta, GA", "sentiment": "neutral", "time": "Sat Mar 12 03:38:03 +0000 2016"}
{"polarity": -0.04999999999999999, "location": "Boston, MA", "sentiment": "negative", "time": "Sat Mar 12 03:38:02 +0000 2016"}
{"polarity": 0.25, "location": "New York, NY", "sentiment": "positive", "time": "Sat Mar 12 03:38:08 +0000 2016"}
{"polarity": 0.0, "location": "San Diego, CA", "sentiment": "neutral", "time": "Sat Mar 12 03:38:12 +0000 2016"}
{"polarity": 0.5, "location": "San Diego, CA", "sentiment": "positive", "time": "Sat Mar 12 03:38:28 +0000 2016"}
{"polarity": 0.0, "location": "Orlando, FL", "sentiment": "neutral", "time": "Sat Mar 12 03:38:30 +0000 2016"}
{"polarity": 0.0, "location": "New York, NY", "sentiment": "neutral", "time": "Sat Mar 12 03:38:38 +0000 2016"}
{"polarity": 0.0, "location": "Boston, MA", "sentiment": "neutral", "time": "Sat Mar 12 03:38:40 +0000 2016"}
{"polarity": 0.0, "location": "New York, NY", "sentiment": "neutral", "time": "Sat Mar 12 03:38:44 +0000 2016"}
{"polarity": 0.0, "location": "Seattle, WA", "sentiment": "neutral", "time": "Sat Mar 12 03:17:11 +0000 2016"}
{"polarity": 0.0, "location": "Atlanta, GA", "sentiment": "neutral", "time": "Sat Mar 12 03:17:12 +0000 2016"}
{"polarity": -0.8, "location": "Phoenix, AZ", "sentiment": "negative", "time": "Sat Mar 12 03:17:14 +0000 2016"}
{"polarity": 0.0, "location": "New York, NY", "sentiment": "neutral", "time": "Sat Mar 12 03:17:17 +0000 2016"}
{"polarity": 0.0, "location": "Portland, OR", "sentiment": "neutral", "time": "Sat Mar 12 03:17:33 +0000 2016"}
{"polarity": 0.0, "location": "Atlanta, GA", "sentiment": "neutral", "time": "Sat Mar 12 03:17:38 +0000 2016"}
{"polarity": 1.0, "location": "New York, NY", "sentiment": "positive", "time": "Sat Mar 12 03:17:33 +0000 2016"}
{"polarity": 0.0, "location": "San Diego, CA", "sentiment": "neutral", "time": "Sat Mar 12 03:17:49 +0000 2016"}
{"polarity": 0.0, "location": "New York, NY", "sentiment": "neutral", "time": "Sat Mar 12 03:12:01 +0000 2016"}
{"polarity": 0.0, "location": "Orlando, FL", "sentiment": "neutral", "time": "Sat Mar 12 03:12:06 +0000 2016"}
{"polarity": -1.0, "location": "Phoenix, AZ", "sentiment": "negative", "time": "Sat Mar 12 03:12:06 +0000 2016"}
{"polarity": 0.0, "location": "Phoenix, AZ", "sentiment": "neutral", "time": "Sat Mar 12 03:12:15 +0000 2016"}
{"polarity": 0.0, "location": "New York, NY", "sentiment": "neutral", "time": "Sat Mar 12 03:12:21 +0000 2016"}
{"polarity": 0.5, "location": "San Diego, CA", "sentiment": "positive", "time": "Sat Mar 12 03:12:27 +0000 2016"}
{"polarity": 0.5, "location": "San Diego, CA", "sentiment": "positive", "time": "Sat Mar 12 03:12:33 +0000 2016"}
{"polarity": 0.1, "location": "San Diego, CA", "sentiment": "positive", "time": "Sat Mar 12 03:12:34 +0000 2016"}
{"polarity": 0.35, "location": "Atlanta, GA", "sentiment": "positive", "time": "Sat Mar 12 03:12:41 +0000 2016"}
{"polarity": 0.018181818181818174, "location": "Portland, OR", "sentiment": "positive", "time": "Sat Mar 12 03:12:42 +0000 2016"}
{"polarity": 0.35, "location": "Atlanta, GA", "sentiment": "positive", "time": "Sat Mar 12 03:12:50 +0000 2016"}
{"polarity": 0.0, "location": "Phoenix, AZ", "sentiment": "neutral", "time": "Sat Mar 12 03:12:58 +0000 2016"}
{"polarity": 0.25, "location": "San Diego, CA", "sentiment": "positive", "time": "Sat Mar 12 03:12:59 +0000 2016"}
{"polarity": 0.475, "location": "New York, NY", "sentiment": "positive", "time": "Sat Mar 12 03:12:57 +0000 2016"}
{"polarity": 0.2714285714285714, "location": "St. Louis, MO", "sentiment": "positive", "time": "Sat Mar 12 03:29:09 +0000 2016"}
{"polarity": -0.125, "location": "New York, NY", "sentiment": "negative", "time": "Sat Mar 12 03:29:23 +0000 2016"}
{"polarity": 0.049999999999999996, "location": "New York, NY", "sentiment": "positive", "time": "Sat Mar 12 03:29:26 +0000 2016"}
{"polarity": 0.0, "location": "Orlando, FL", "sentiment": "neutral", "time": "Sat Mar 12 03:29:32 +0000 2016"}
{"polarity": 0.0, "location": "Seattle, WA", "sentiment": "neutral", "time": "Sat Mar 12 03:29:56 +0000 2016"}
{"polarity": 0.8, "location": "Boston, MA", "sentiment": "positive", "time": "Sat Mar 12 03:29:59 +0000 2016"}
{"polarity": 0.0, "location": "San Diego, CA", "sentiment": "neutral", "time": "Sat Mar 12 03:18:04 +0000 2016"}
{"polarity": 0.0, "location": "Orlando, FL", "sentiment": "neutral", "time": "Sat Mar 12 03:18:09 +0000 2016"}
{"polarity": 0.0, "location": "Atlanta, GA", "sentiment": "neutral", "time": "Sat Mar 12 03:18:13 +0000 2016"}
{"polarity": -0.05, "location": "Boston, MA", "sentiment": "negative", "time": "Sat Mar 12 03:18:23 +0000 2016"}
{"polarity": 0.1, "location": "San Diego, CA", "sentiment": "positive", "time": "Sat Mar 12 03:18:25 +0000 2016"}
{"polarity": 0.0, "location": "Seattle, WA", "sentiment": "neutral", "time": "Sat Mar 12 03:46:09 +0000 2016"}
{"polarity": 0.0, "location": "Orlando, FL", "sentiment": "neutral", "time": "Sat Mar 12 03:46:14 +0000 2016"}
{"polarity": -0.041666666666666664, "location": "New York, NY", "sentiment": "negative", "time": "Sat Mar 12 03:46:33 +0000 2016"}
{"polarity": 0.0, "location": "Seattle, WA", "sentiment": "neutral", "time": "Sat Mar 12 03:46:56 +0000 2016"}
{"polarity": -0.10476190476190476, "location": "Phoenix, AZ", "sentiment": "negative", "time": "Sat Mar 12 03:00:02 +0000 2016"}
{"polarity": 0.85, "location": "Phoenix, AZ", "sentiment": "positive", "time": "Sat Mar 12 03:00:07 +0000 2016"}
{"polarity": -1.0, "location": "New York, NY", "sentiment": "negative", "time": "Sat Mar 12 03:00:09 +0000 2016"}
{"polarity": 0.0, "location": "Phoenix, AZ", "sentiment": "neutral", "time": "Sat Mar 12 03:00:11 +0000 2016"}
{"polarity": 0.0, "location": "Seattle, WA", "sentiment": "neutral", "time": "Sat Mar 12 03:00:16 +0000 2016"}
{"polarity": 0.0, "location": "New York, NY", "sentiment": "neutral", "time": "Sat Mar 12 03:00:16 +0000 2016"}
{"polarity": 0.0, "location": "Atlanta, GA", "sentiment": "neutral", "time": "Sat Mar 12 03:00:23 +0000 2016"}
{"polarity": 0.0, "location": "Boston, MA", "sentiment": "neutral", "time": "Sat Mar 12 03:00:30 +0000 2016"}
{"polarity": 0.0, "location": "Atlanta, GA", "sentiment": "neutral", "time": "Sat Mar 12 03:00:36 +0000 2016"}
{"polarity": 0.0, "location": "San Diego, CA", "sentiment": "neutral", "time": "Sat Mar 12 03:00:45 +0000 2016"}
{"polarity": 0.0, "location": "New York, NY", "sentiment": "neutral", "time": "Sat Mar 12 03:00:50 +0000 2016"}
{"polarity": 0.48828125, "location": "Atlanta, GA", "sentiment": "positive", "time": "Sat Mar 12 03:34:08 +0000 2016"}
{"polarity": -0.25, "location": "New York, NY", "sentiment": "negative", "time": "Sat Mar 12 03:34:12 +0000 2016"}
{"polarity": 0.0, "location": "Atlanta, GA", "sentiment": "neutral", "time": "Sat Mar 12 03:34:13 +0000 2016"}
{"polarity": 0.0, "location": "New York, NY", "sentiment": "neutral", "time": "Sat Mar 12 03:34:27 +0000 2016"}
{"polarity": -0.6999999999999998, "location": "Orlando, FL", "sentiment": "negative", "time": "Sat Mar 12 03:34:32 +0000 2016"}
{"polarity": 0.0, "location": "San Diego, CA", "sentiment": "neutral", "time": "Sat Mar 12 03:34:31 +0000 2016"}
{"polarity": -0.30000000000000004, "location": "San Diego, CA", "sentiment": "negative", "time": "Sat Mar 12 03:34:40 +0000 2016"}
{"polarity": 0.0, "location": "Atlanta, GA", "sentiment": "neutral", "time": "Sat Mar 12 03:34:47 +0000 2016"}
{"polarity": 0.0, "location": "Portland, OR", "sentiment": "neutral", "time": "Sat Mar 12 03:34:48 +0000 2016"}
{"polarity": -0.16666666666666666, "location": "Atlanta, GA", "sentiment": "negative", "time": "Sat Mar 12 03:34:49 +0000 2016"}
{"polarity": 0.0, "location": "San Diego, CA", "sentiment": "neutral", "time": "Sat Mar 12 03:34:58 +0000 2016"}
{"polarity": 0.5333333333333333, "location": "Atlanta, GA", "sentiment": "positive", "time": "Sat Mar 12 03:05:13 +0000 2016"}
{"polarity": 0.0, "location": "Phoenix, AZ", "sentiment": "neutral", "time": "Sat Mar 12 03:05:16 +0000 2016"}
{"polarity": 0.26666666666666666, "location": "Atlanta, GA", "sentiment": "positive", "time": "Sat Mar 12 03:05:24 +0000 2016"}
{"polarity": 0.3333333333333333, "location": "Boston, MA", "sentiment": "positive", "time": "Sat Mar 12 03:05:25 +0000 2016"}
{"polarity": 0.0, "location": "Portland, OR", "sentiment": "neutral", "time": "Sat Mar 12 03:05:36 +0000 2016"}
{"polarity": 0.125, "location": "Seattle, WA", "sentiment": "positive", "time": "Sat Mar 12 03:05:58 +0000 2016"}
{"polarity": 0.0, "location": "San Diego, CA", "sentiment": "neutral", "time": "Sat Mar 12 03:11:01 +0000 2016"}
{"polarity": 0.0, "location": "New York, NY", "sentiment": "neutral", "time": "Sat Mar 12 03:11:18 +0000 2016"}
{"polarity": 0.0, "location": "Boston, MA", "sentiment": "neutral", "time": "Sat Mar 12 03:11:23 +0000 2016"}
{"polarity": 0.0, "location": "San Diego, CA", "sentiment": "neutral", "time": "Sat Mar 12 03:11:43 +0000 2016"}
{"polarity": 0.2814814814814815, "location": "Atlanta, GA", "sentiment": "positive", "time": "Sat Mar 12 03:11:44 +0000 2016"}
{"polarity": 0.0, "location": "Boston, MA", "sentiment": "neutral", "time": "Sat Mar 12 03:11:49 +0000 2016"}
{"polarity": -0.5, "location": "Portland, OR", "sentiment": "negative", "time": "Sat Mar 12 03:11:57 +0000 2016"}
{"polarity": -0.5062499999999999, "location": "Boston, MA", "sentiment": "negative", "time": "Sat Mar 12 03:11:58 +0000 2016"}
{"polarity": 0.0, "location": "Atlanta, GA", "sentiment": "neutral", "time": "Sat Mar 12 03:11:59 +0000 2016"}
{"polarity": 0.5, "location": "Atlanta, GA", "sentiment": "positive", "time": "Sat Mar 12 03:56:23 +0000 2016"}
{"polarity": 0.5, "location": "Phoenix, AZ", "sentiment": "positive", "time": "Sat Mar 12 03:56:23 +0000 2016"}
{"polarity": 0.0, "location": "New York, NY", "sentiment": "neutral", "time": "Sat Mar 12 03:56:36 +0000 2016"}
{"polarity": 0.6, "location": "Boston, MA", "sentiment": "positive", "time": "Sat Mar 12 03:56:37 +0000 2016"}
{"polarity": 0.2857142857142857, "location": "St. Louis, MO", "sentiment": "positive", "time": "Sat Mar 12 03:56:39 +0000 2016"}
{"polarity": 0.09375, "location": "Atlanta, GA", "sentiment": "positive", "time": "Sat Mar 12 03:56:51 +0000 2016"}
{"polarity": 0.0, "location": "New York, NY", "sentiment": "neutral", "time": "Sat Mar 12 03:56:54 +0000 2016"}
{"polarity": 0.0, "location": "Phoenix, AZ", "sentiment": "neutral", "time": "Sat Mar 12 03:47:28 +0000 2016"}
{"polarity": 0.125, "location": "New York, NY", "sentiment": "positive", "time": "Sat Mar 12 03:47:29 +0000 2016"}
{"polarity": 0.43333333333333335, "location": "St. Louis, MO", "sentiment": "positive", "time": "Sat Mar 12 03:47:33 +0000 2016"}
{"polarity": 0.75, "location": "Seattle, WA", "sentiment": "positive", "time": "Sat Mar 12 03:47:53 +0000 2016"}
{"polarity": -0.125, "location": "Atlanta, GA", "sentiment": "negative", "time": "Sat Mar 12 03:52:00 +0000 2016"}
{"polarity": 0.39999999999999997, "location": "New York, NY", "sentiment": "positive", "time": "Sat Mar 12 03:52:14 +0000 2016"}
{"polarity": 0.0, "location": "Phoenix, AZ", "sentiment": "neutral", "time": "Sat Mar 12 03:52:21 +0000 2016"}
{"polarity": 0.7500000000000001, "location": "Seattle, WA", "sentiment": "positive", "time": "Sat Mar 12 03:52:30 +0000 2016"}
{"polarity": -0.18333333333333335, "location": "New York, NY", "sentiment": "negative", "time": "Sat Mar 12 03:52:59 +0000 2016"}
{"polarity": 0.0, "location": "San Diego, CA", "sentiment": "neutral", "time": "Sat Mar 12 03:53:03 +0000 2016"}
{"polarity": 0.0, "location": "St. Louis, MO", "sentiment": "neutral", "time": "Sat Mar 12 03:53:10 +0000 2016"}
{"polarity": 0.0, "location": "San Diego, CA", "sentiment": "neutral", "time": "Sat Mar 12 03:53:10 +0000 2016"}
{"polarity": 0.0, "location": "Seattle, WA", "sentiment": "neutral", "time": "Sat Mar 12 03:53:10 +0000 2016"}
{"polarity": 0.0, "location": "Orlando, FL", "sentiment": "neutral", "time": "Sat Mar 12 03:53:12 +0000 2016"}
{"polarity": 0.0, "location": "Atlanta, GA", "sentiment": "neutral", "time": "Sat Mar 12 03:53:16 +0000 2016"}
{"polarity": 0.34719967532467527, "location": "Boston, MA", "sentiment": "positive", "time": "Sat Mar 12 03:53:27 +0000 2016"}
{"polarity": 0.2, "location": "San Diego, CA", "sentiment": "positive", "time": "Sat Mar 12 03:53:28 +0000 2016"}
{"polarity": 0.0, "location": "New York, NY", "sentiment": "neutral", "time": "Sat Mar 12 03:53:37 +0000 2016"}
{"polarity": 0.0, "location": "New York, NY", "sentiment": "neutral", "time": "Sat Mar 12 03:53:37 +0000 2016"}
{"polarity": 0.0, "location": "San Diego, CA", "sentiment": "neutral", "time": "Sat Mar 12 03:53:42 +0000 2016"}
{"polarity": 0.525, "location": "San Diego, CA", "sentiment": "positive", "time": "Sat Mar 12 03:53:42 +0000 2016"}
{"polarity": 0.0, "location": "Atlanta, GA", "sentiment": "neutral", "time": "Sat Mar 12 03:53:55 +0000 2016"}
{"polarity": 1.0, "location": "Orlando, FL", "sentiment": "positive", "time": "Sat Mar 12 03:02:06 +0000 2016"}
{"polarity": 0.0, "location": "San Diego, CA", "sentiment": "neutral", "time": "Sat Mar 12 03:02:18 +0000 2016"}
{"polarity": -0.4, "location": "Atlanta, GA", "sentiment": "negative", "time": "Sat Mar 12 03:02:22 +0000 2016"}
{"polarity": 0.0, "location": "Orlando, FL", "sentiment": "neutral", "time": "Sat Mar 12 03:02:23 +0000 2016"}
{"polarity": -0.2, "location": "Atlanta, GA", "sentiment": "negative", "time": "Sat Mar 12 03:02:23 +0000 2016"}
{"polarity": 0.3523809523809524, "location": "Atlanta, GA", "sentiment": "positive", "time": "Sat Mar 12 03:02:31 +0000 2016"}
{"polarity": -0.23958333333333331, "location": "Boston, MA", "sentiment": "negative", "time": "Sat Mar 12 03:02:30 +0000 2016"}
{"polarity": 0.5, "location": "San Diego, CA", "sentiment": "positive", "time": "Sat Mar 12 03:02:48 +0000 2016"}
{"polarity": 0.21666666666666667, "location": "New York, NY", "sentiment": "positive", "time": "Sat Mar 12 03:02:54 +0000 2016"}
{"polarity": 0.0, "location": "New York, NY", "sentiment": "neutral", "time": "Sat Mar 12 03:02:56 +0000 2016"}
{"polarity": 0.0, "location": "Atlanta, GA", "sentiment": "neutral", "time": "Sat Mar 12 03:48:02 +0000 2016"}
{"polarity": 0.0, "location": "Portland, OR", "sentiment": "neutral", "time": "Sat Mar 12 03:48:16 +0000 2016"}
{"polarity": 0.0, "location": "Seattle, WA", "sentiment": "neutral", "time": "Sat Mar 12 03:48:17 +0000 2016"}
{"polarity": 0.0, "location": "Orlando, FL", "sentiment": "neutral", "time": "Sat Mar 12 03:48:21 +0000 2016"}
{"polarity": 1.0, "location": "New York, NY", "sentiment": "positive", "time": "Sat Mar 12 03:48:28 +0000 2016"}
{"polarity": 0.0, "location": "Orlando, FL", "sentiment": "neutral", "time": "Sat Mar 12 03:48:31 +0000 2016"}
{"polarity": 0.0, "location": "Portland, OR", "sentiment": "neutral", "time": "Sat Mar 12 03:48:55 +0000 2016"}
{"polarity": -0.175, "location": "Boston, MA", "sentiment": "negative", "time": "Sat Mar 12 03:48:50 +0000 2016"}
{"polarity": 0.0956950456950457, "location": "San Diego, CA", "sentiment": "positive", "time": "Sat Mar 12 03:48:58 +0000 2016"}
{"polarity": 0.0, "location": "Seattle, WA", "sentiment": "neutral", "time": "Sat Mar 12 03:25:05 +0000 2016"}
{"polarity": 0.0, "location": "Seattle, WA", "sentiment": "neutral", "time": "Sat Mar 12 03:25:17 +0000 2016"}
{"polarity": 0.0, "location": "Orlando, FL", "sentiment": "neutral", "time": "Sat Mar 12 03:25:20 +0000 2016"}
{"polarity": 0.11666666666666665, "location": "Boston, MA", "sentiment": "positive", "time": "Sat Mar 12 03:25:25 +0000 2016"}
{"polarity": 0.15, "location": "Atlanta, GA", "sentiment": "positive", "time": "Sat Mar 12 03:25:43 +0000 2016"}
{"polarity": 0.025, "location": "San Diego, CA", "sentiment": "positive", "time": "Sat Mar 12 03:25:45 +0000 2016"}
{"polarity": 0.0, "location": "San Diego, CA", "sentiment": "neutral", "time": "Sat Mar 12 03:25:52 +0000 2016"}
{"polarity": 0.0, "location": "Atlanta, GA", "sentiment": "neutral", "time": "Sat Mar 12 03:25:54 +0000 2016"}
{"polarity": 0.7, "location": "New York, NY", "sentiment": "positive", "time": "Sat Mar 12 03:16:06 +0000 2016"}
{"polarity": 0.0, "location": "Boston, MA", "sentiment": "neutral", "time": "Sat Mar 12 03:16:06 +0000 2016"}
{"polarity": 0.36190476190476195, "location": "Boston, MA", "sentiment": "positive", "time": "Sat Mar 12 03:16:10 +0000 2016"}
{"polarity": 0.0, "location": "Orlando, FL", "sentiment": "neutral", "time": "Sat Mar 12 03:16:10 +0000 2016"}
{"polarity": 0.2066666666666667, "location": "San Diego, CA", "sentiment": "positive", "time": "Sat Mar 12 03:16:17 +0000 2016"}
{"polarity": 0.0, "location": "New York, NY", "sentiment": "neutral", "time": "Sat Mar 12 03:16:19 +0000 2016"}
{"polarity": -0.3888888888888889, "location": "New York, NY", "sentiment": "negative", "time": "Sat Mar 12 03:16:26 +0000 2016"}
{"polarity": 0.0, "location": "San Diego, CA", "sentiment": "neutral", "time": "Sat Mar 12 03:16:29 +0000 2016"}
{"polarity": 0.0, "location": "Boston, MA", "sentiment": "neutral", "time": "Sat Mar 12 03:16:36 +0000 2016"}
{"polarity": 0.23484848484848483, "location": "San Diego, CA", "sentiment": "positive", "time": "Sat Mar 12 03:16:36 +0000 2016"}
{"polarity": 0.65, "location": "Orlando, FL", "sentiment": "positive", "time": "Sat Mar 12 03:16:41 +0000 2016"}
{"polarity": -0.14583333333333334, "location": "Boston, MA", "sentiment": "negative", "time": "Sat Mar 12 03:16:43 +0000 2016"}
{"polarity": 0.17045454545454544, "location": "Atlanta, GA", "sentiment": "positive", "time": "Sat Mar 12 03:16:44 +0000 2016"}
{"polarity": 0.0, "location": "New York, NY", "sentiment": "neutral", "time": "Sat Mar 12 03:16:45 +0000 2016"}
{"polarity": 0.0, "location": "Boston, MA", "sentiment": "neutral", "time": "Sat Mar 12 03:16:46 +0000 2016"}
{"polarity": 0.0, "location": "New York, NY", "sentiment": "neutral", "time": "Sat Mar 12 03:16:55 +0000 2016"}
{"polarity": 0.0, "location": "New York, NY", "sentiment": "neutral", "time": "Sat Mar 12 03:16:56 +0000 2016"}
{"polarity": -0.25, "location": "Seattle, WA", "sentiment": "negative", "time": "Sat Mar 12 03:14:10 +0000 2016"}
{"polarity": 0.0, "location": "New York, NY", "sentiment": "neutral", "time": "Sat Mar 12 03:14:22 +0000 2016"}
{"polarity": 0.3333333333333333, "location": "Atlanta, GA", "sentiment": "positive", "time": "Sat Mar 12 03:14:41 +0000 2016"}
{"polarity": 0.0, "location": "Seattle, WA", "sentiment": "neutral", "time": "Sat Mar 12 03:14:42 +0000 2016"}
{"polarity": 0.0, "location": "Boston, MA", "sentiment": "neutral", "time": "Sat Mar 12 03:14:45 +0000 2016"}
{"polarity": -0.2, "location": "Boston, MA", "sentiment": "negative", "time": "Sat Mar 12 03:23:01 +0000 2016"}
{"polarity": 0.0, "location": "Seattle, WA", "sentiment": "neutral", "time": "Sat Mar 12 03:23:09 +0000 2016"}
{"polarity": -0.5, "location": "Atlanta, GA", "sentiment": "negative", "time": "Sat Mar 12 03:23:22 +0000 2016"}
{"polarity": -0.25, "location": "San Diego, CA", "sentiment": "negative", "time": "Sat Mar 12 03:23:35 +0000 2016"}
{"polarity": -0.5, "location": "New York, NY", "sentiment": "negative", "time": "Sat Mar 12 03:23:39 +0000 2016"}
{"polarity": 0.0, "location": "Boston, MA", "sentiment": "neutral", "time": "Sat Mar 12 03:23:59 +0000 2016"}
{"polarity": 0.4, "location": "St. Louis, MO", "sentiment": "positive", "time": "Sat Mar 12 03:07:03 +0000 2016"}
{"polarity": 0.0, "location": "New York, NY", "sentiment": "neutral", "time": "Sat Mar 12 03:07:10 +0000 2016"}
{"polarity": 0.17777777777777778, "location": "Boston, MA", "sentiment": "positive", "time": "Sat Mar 12 03:07:12 +0000 2016"}
{"polarity": 0.0, "location": "Boston, MA", "sentiment": "neutral", "time": "Sat Mar 12 03:07:17 +0000 2016"}
{"polarity": 0.25, "location": "Boston, MA", "sentiment": "positive", "time": "Sat Mar 12 03:07:22 +0000 2016"}
{"polarity": 0.0, "location": "Orlando, FL", "sentiment": "neutral", "time": "Sat Mar 12 03:07:49 +0000 2016"}
{"polarity": 0.15, "location": "New York, NY", "sentiment": "positive", "time": "Sat Mar 12 03:07:56 +0000 2016"}
{"polarity": 0.0, "location": "Atlanta, GA", "sentiment": "neutral", "time": "Sat Mar 12 03:51:06 +0000 2016"}
{"polarity": -0.175, "location": "Atlanta, GA", "sentiment": "negative", "time": "Sat Mar 12 03:51:07 +0000 2016"}
{"polarity": 0.0, "location": "New York, NY", "sentiment": "neutral", "time": "Sat Mar 12 03:51:13 +0000 2016"}
{"polarity": 0.0, "location": "Boston, MA", "sentiment": "neutral", "time": "Sat Mar 12 03:51:16 +0000 2016"}
{"polarity": -0.4, "location": "Portland, OR", "sentiment": "negative", "time": "Sat Mar 12 03:51:24 +0000 2016"}
{"polarity": 0.5, "location": "New York, NY", "sentiment": "positive", "time": "Sat Mar 12 03:51:49 +0000 2016"}
{"polarity": 0.0, "location": "San Diego, CA", "sentiment": "neutral", "time": "Sat Mar 12 03:30:05 +0000 2016"}
{"polarity": -0.15190972222222224, "location": "New York, NY", "sentiment": "negative", "time": "Sat Mar 12 03:30:08 +0000 2016"}
{"polarity": 0.37222222222222223, "location": "New York, NY", "sentiment": "positive", "time": "Sat Mar 12 03:30:18 +0000 2016"}
{"polarity": 0.0, "location": "New York, NY", "sentiment": "neutral", "time": "Sat Mar 12 03:30:23 +0000 2016"}
{"polarity": 0.0, "location": "Seattle, WA", "sentiment": "neutral", "time": "Sat Mar 12 03:30:26 +0000 2016"}
{"polarity": 0.0, "location": "Atlanta, GA", "sentiment": "neutral", "time": "Sat Mar 12 03:30:31 +0000 2016"}
{"polarity": 0.0, "location": "Orlando, FL", "sentiment": "neutral", "time": "Sat Mar 12 03:30:36 +0000 2016"}
{"polarity": 0.0, "location": "Portland, OR", "sentiment": "neutral", "time": "Sat Mar 12 03:30:49 +0000 2016"}
{"polarity": 0.015625, "location": "Seattle, WA", "sentiment": "positive", "time": "Sat Mar 12 03:30:55 +0000 2016"}
{"polarity": 0.0, "location": "St. Louis, MO", "sentiment": "neutral", "time": "Sat Mar 12 03:03:01 +0000 2016"}
{"polarity": 0.25, "location": "Boston, MA", "sentiment": "positive", "time": "Sat Mar 12 03:03:04 +0000 2016"}
{"polarity": 0.5333333333333333, "location": "New York, NY", "sentiment": "positive", "time": "Sat Mar 12 03:03:04 +0000 2016"}
{"polarity": 0.0, "location": "Atlanta, GA", "sentiment": "neutral", "time": "Sat Mar 12 03:03:24 +0000 2016"}
{"polarity": -0.7999999999999999, "location": "Atlanta, GA", "sentiment": "negative", "time": "Sat Mar 12 03:03:40 +0000 2016"}
{"polarity": 0.0, "location": "Seattle, WA", "sentiment": "neutral", "time": "Sat Mar 12 03:03:53 +0000 2016"}
{"polarity": 0.0, "location": "Phoenix, AZ", "sentiment": "neutral", "time": "Sat Mar 12 03:03:59 +0000 2016"}
{"polarity": 0.0, "location": "Boston, MA", "sentiment": "neutral", "time": "Sat Mar 12 03:40:28 +0000 2016"}
{"polarity": 0.0, "location": "Atlanta, GA", "sentiment": "neutral", "time": "Sat Mar 12 03:40:23 +0000 2016"}
{"polarity": 0.0, "location": "New York, NY", "sentiment": "neutral", "time": "Sat Mar 12 03:40:36 +0000 2016"}
{"polarity": 0.15000000000000002, "location": "New York, NY", "sentiment": "positive", "time": "Sat Mar 12 03:40:38 +0000 2016"}
{"polarity": 0.0, "location": "Orlando, FL", "sentiment": "neutral", "time": "Sat Mar 12 03:40:43 +0000 2016"}
{"polarity": 0.6, "location": "Orlando, FL", "sentiment": "positive", "time": "Sat Mar 12 03:40:43 +0000 2016"}
{"polarity": -0.2, "location": "Boston, MA", "sentiment": "negative", "time": "Sat Mar 12 03:40:44 +0000 2016"}
{"polarity": 0.0, "location": "New York, NY", "sentiment": "neutral", "time": "Sat Mar 12 03:40:46 +0000 2016"}
{"polarity": -0.010101010101010102, "location": "New York, NY", "sentiment": "negative", "time": "Sat Mar 12 03:40:46 +0000 2016"}
{"polarity": 0.0, "location": "Portland, OR", "sentiment": "neutral", "time": "Sat Mar 12 03:40:46 +0000 2016"}
{"polarity": 0.0, "location": "Atlanta, GA", "sentiment": "neutral", "time": "Sat Mar 12 03:40:52 +0000 2016"}
{"polarity": 0.25, "location": "Portland, OR", "sentiment": "positive", "time": "Sat Mar 12 03:40:54 +0000 2016"}
{"polarity": 0.0, "location": "Atlanta, GA", "sentiment": "neutral", "time": "Sat Mar 12 03:40:56 +0000 2016"}
{"polarity": -0.19999999999999998, "location": "New York, NY", "sentiment": "negative", "time": "Sat Mar 12 03:08:06 +0000 2016"}
{"polarity": 0.13636363636363635, "location": "Atlanta, GA", "sentiment": "positive", "time": "Sat Mar 12 03:08:09 +0000 2016"}
{"polarity": -0.09166666666666662, "location": "New York, NY", "sentiment": "negative", "time": "Sat Mar 12 03:08:11 +0000 2016"}
{"polarity": 0.13636363636363635, "location": "Atlanta, GA", "sentiment": "positive", "time": "Sat Mar 12 03:08:09 +0000 2016"}
{"polarity": -0.4125, "location": "San Diego, CA", "sentiment": "negative", "time": "Sat Mar 12 03:08:19 +0000 2016"}
{"polarity": 0.15757575757575756, "location": "San Diego, CA", "sentiment": "positive", "time": "Sat Mar 12 03:08:27 +0000 2016"}
{"polarity": 0.0625, "location": "Seattle, WA", "sentiment": "positive", "time": "Sat Mar 12 03:08:32 +0000 2016"}
{"polarity": 0.5, "location": "San Diego, CA", "sentiment": "positive", "time": "Sat Mar 12 03:08:46 +0000 2016"}
{"polarity": 0.19999999999999998, "location": "Seattle, WA", "sentiment": "positive", "time": "Sat Mar 12 03:08:49 +0000 2016"}
{"polarity": 0.0, "location": "New York, NY", "sentiment": "neutral", "time": "Sat Mar 12 03:08:54 +0000 2016"}
{"polarity": 0.0, "location": "Seattle, WA", "sentiment": "neutral", "time": "Sat Mar 12 03:08:51 +0000 2016"}
{"polarity": -0.5, "location": "Seattle, WA", "sentiment": "negative", "time": "Sat Mar 12 03:35:01 +0000 2016"}
{"polarity": 0.0, "location": "Seattle, WA", "sentiment": "neutral", "time": "Sat Mar 12 03:35:06 +0000 2016"}
{"polarity": -0.3125, "location": "Orlando, FL", "sentiment": "negative", "time": "Sat Mar 12 03:35:07 +0000 2016"}
{"polarity": 0.7, "location": "Seattle, WA", "sentiment": "positive", "time": "Sat Mar 12 03:35:13 +0000 2016"}
{"polarity": 0.0, "location": "Atlanta, GA", "sentiment": "neutral", "time": "Sat Mar 12 03:35:15 +0000 2016"}
{"polarity": 0.0, "location": "Atlanta, GA", "sentiment": "neutral", "time": "Sat Mar 12 03:35:16 +0000 2016"}
{"polarity": 0.0, "location": "New York, NY", "sentiment": "neutral", "time": "Sat Mar 12 03:35:24 +0000 2016"}
{"polarity": 0.3333333333333333, "location": "Atlanta, GA", "sentiment": "positive", "time": "Sat Mar 12 03:35:26 +0000 2016"}
{"polarity": 0.0, "location": "New York, NY", "sentiment": "neutral", "time": "Sat Mar 12 03:35:39 +0000 2016"}
{"polarity": 0.043181818181818175, "location": "New York, NY", "sentiment": "positive", "time": "Sat Mar 12 03:35:48 +0000 2016"}
{"polarity": 0.0, "location": "Portland, OR", "sentiment": "neutral", "time": "Sat Mar 12 03:35:50 +0000 2016"}
{"polarity": 0.0, "location": "New York, NY", "sentiment": "neutral", "time": "Sat Mar 12 03:43:03 +0000 2016"}
{"polarity": 0.0, "location": "New York, NY", "sentiment": "neutral", "time": "Sat Mar 12 03:43:08 +0000 2016"}
{"polarity": 0.0, "location": "New York, NY", "sentiment": "neutral", "time": "Sat Mar 12 03:43:10 +0000 2016"}
{"polarity": 0.35, "location": "Phoenix, AZ", "sentiment": "positive", "time": "Sat Mar 12 03:43:11 +0000 2016"}
{"polarity": 0.5, "location": "Atlanta, GA", "sentiment": "positive", "time": "Sat Mar 12 03:43:15 +0000 2016"}
{"polarity": 0.0, "location": "Atlanta, GA", "sentiment": "neutral", "time": "Sat Mar 12 03:43:18 +0000 2016"}
{"polarity": 0.0, "location": "New York, NY", "sentiment": "neutral", "time": "Sat Mar 12 03:43:20 +0000 2016"}
{"polarity": 0.0, "location": "Seattle, WA", "sentiment": "neutral", "time": "Sat Mar 12 03:43:35 +0000 2016"}
{"polarity": 0.5, "location": "Orlando, FL", "sentiment": "positive", "time": "Sat Mar 12 03:43:40 +0000 2016"}
{"polarity": 0.0, "location": "New York, NY", "sentiment": "neutral", "time": "Sat Mar 12 03:43:46 +0000 2016"}
{"polarity": 0.13333333333333336, "location": "Atlanta, GA", "sentiment": "positive", "time": "Sat Mar 12 03:43:47 +0000 2016"}
{"polarity": 0.0, "location": "New York, NY", "sentiment": "neutral", "time": "Sat Mar 12 03:43:51 +0000 2016"}
{"polarity": -0.3333333333333333, "location": "San Diego, CA", "sentiment": "negative", "time": "Sat Mar 12 03:43:57 +0000 2016"}
{"polarity": 0.0, "location": "New York, NY", "sentiment": "neutral", "time": "Sat Mar 12 03:43:59 +0000 2016"}
{"polarity": 0.43333333333333335, "location": "New York, NY", "sentiment": "positive", "time": "Sat Mar 12 03:43:59 +0000 2016"}
{"polarity": 0.0, "location": "New York, NY", "sentiment": "neutral", "time": "Sat Mar 12 03:10:01 +0000 2016"}
{"polarity": 0.0, "location": "Phoenix, AZ", "sentiment": "neutral", "time": "Sat Mar 12 03:10:03 +0000 2016"}
{"polarity": 0.25, "location": "Orlando, FL", "sentiment": "positive", "time": "Sat Mar 12 03:10:07 +0000 2016"}
{"polarity": 0.0, "location": "New York, NY", "sentiment": "neutral", "time": "Sat Mar 12 03:10:09 +0000 2016"}
{"polarity": 0.0, "location": "Atlanta, GA", "sentiment": "neutral", "time": "Sat Mar 12 03:10:13 +0000 2016"}
{"polarity": -0.4, "location": "San Diego, CA", "sentiment": "negative", "time": "Sat Mar 12 03:10:19 +0000 2016"}
{"polarity": 0.30357142857142855, "location": "St. Louis, MO", "sentiment": "positive", "time": "Sat Mar 12 03:10:20 +0000 2016"}
{"polarity": -0.2, "location": "New York, NY", "sentiment": "negative", "time": "Sat Mar 12 03:10:22 +0000 2016"}
{"polarity": 0.7, "location": "Atlanta, GA", "sentiment": "positive", "time": "Sat Mar 12 03:10:28 +0000 2016"}
{"polarity": 1.0, "location": "San Diego, CA", "sentiment": "positive", "time": "Sat Mar 12 03:10:29 +0000 2016"}
{"polarity": -0.4, "location": "Orlando, FL", "sentiment": "negative", "time": "Sat Mar 12 03:10:47 +0000 2016"}
{"polarity": 0.17857142857142858, "location": "Seattle, WA", "sentiment": "positive", "time": "Sat Mar 12 03:10:47 +0000 2016"}
{"polarity": -0.5, "location": "Atlanta, GA", "sentiment": "negative", "time": "Sat Mar 12 03:10:57 +0000 2016"}
{"polarity": 0.0, "location": "Boston, MA", "sentiment": "neutral", "time": "Sat Mar 12 03:54:00 +0000 2016"}
{"polarity": 0.0, "location": "Atlanta, GA", "sentiment": "neutral", "time": "Sat Mar 12 03:54:05 +0000 2016"}
{"polarity": 0.0, "location": "San Diego, CA", "sentiment": "neutral", "time": "Sat Mar 12 03:54:04 +0000 2016"}
{"polarity": 0.0, "location": "New York, NY", "sentiment": "neutral", "time": "Sat Mar 12 03:54:14 +0000 2016"}
{"polarity": 0.2, "location": "Phoenix, AZ", "sentiment": "positive", "time": "Sat Mar 12 03:54:19 +0000 2016"}
{"polarity": 0.0, "location": "San Diego, CA", "sentiment": "neutral", "time": "Sat Mar 12 03:54:21 +0000 2016"}
{"polarity": 0.0, "location": "Phoenix, AZ", "sentiment": "neutral", "time": "Sat Mar 12 03:54:24 +0000 2016"}
{"polarity": 0.0, "location": "Phoenix, AZ", "sentiment": "neutral", "time": "Sat Mar 12 03:54:25 +0000 2016"}
{"polarity": -0.2, "location": "Boston, MA", "sentiment": "negative", "time": "Sat Mar 12 03:54:26 +0000 2016"}
{"polarity": 0.05, "location": "Phoenix, AZ", "sentiment": "positive", "time": "Sat Mar 12 03:54:35 +0000 2016"}
{"polarity": 0.0, "location": "New York, NY", "sentiment": "neutral", "time": "Sat Mar 12 03:54:49 +0000 2016"}
{"polarity": 0.3125, "location": "Atlanta, GA", "sentiment": "positive", "time": "Sat Mar 12 03:54:51 +0000 2016"}
{"polarity": 0.0, "location": "Seattle, WA", "sentiment": "neutral", "time": "Sat Mar 12 03:54:51 +0000 2016"}
{"polarity": 0.0, "location": "New York, NY", "sentiment": "neutral", "time": "Sat Mar 12 03:24:03 +0000 2016"}
{"polarity": 0.0, "location": "Atlanta, GA", "sentiment": "neutral", "time": "Sat Mar 12 03:24:04 +0000 2016"}
{"polarity": 0.0, "location": "Boston, MA", "sentiment": "neutral", "time": "Sat Mar 12 03:24:07 +0000 2016"}
{"polarity": 0.0, "location": "San Diego, CA", "sentiment": "neutral", "time": "Sat Mar 12 03:24:19 +0000 2016"}
{"polarity": 0.125, "location": "Atlanta, GA", "sentiment": "positive", "time": "Sat Mar 12 03:24:26 +0000 2016"}
{"polarity": 0.0, "location": "Atlanta, GA", "sentiment": "neutral", "time": "Sat Mar 12 03:24:30 +0000 2016"}
{"polarity": 0.8, "location": "Boston, MA", "sentiment": "positive", "time": "Sat Mar 12 03:24:33 +0000 2016"}
{"polarity": 0.17777777777777778, "location": "Seattle, WA", "sentiment": "positive", "time": "Sat Mar 12 03:24:49 +0000 2016"}
{"polarity": 0.1, "location": "New York, NY", "sentiment": "positive", "time": "Sat Mar 12 03:24:45 +0000 2016"}
{"polarity": 0.6, "location": "Seattle, WA", "sentiment": "positive", "time": "Sat Mar 12 03:24:54 +0000 2016"}
{"polarity": 0.0, "location": "New York, NY", "sentiment": "neutral", "time": "Sat Mar 12 03:32:03 +0000 2016"}
{"polarity": -0.10833333333333334, "location": "Atlanta, GA", "sentiment": "negative", "time": "Sat Mar 12 03:32:10 +0000 2016"}
{"polarity": 0.0, "location": "New York, NY", "sentiment": "neutral", "time": "Sat Mar 12 03:32:13 +0000 2016"}
{"polarity": 0.5, "location": "Atlanta, GA", "sentiment": "positive", "time": "Sat Mar 12 03:32:31 +0000 2016"}
{"polarity": 0.0, "location": "Boston, MA", "sentiment": "neutral", "time": "Sat Mar 12 03:32:44 +0000 2016"}
{"polarity": 0.0, "location": "Atlanta, GA", "sentiment": "neutral", "time": "Sat Mar 12 03:32:45 +0000 2016"}
{"polarity": 0.0, "location": "New York, NY", "sentiment": "neutral", "time": "Sat Mar 12 03:32:47 +0000 2016"}
{"polarity": 0.0, "location": "New York, NY", "sentiment": "neutral", "time": "Sat Mar 12 03:32:59 +0000 2016"}
{"polarity": 0.5, "location": "Seattle, WA", "sentiment": "positive", "time": "Sat Mar 12 03:36:04 +0000 2016"}
{"polarity": 0.0, "location": "Boston, MA", "sentiment": "neutral", "time": "Sat Mar 12 03:36:06 +0000 2016"}
{"polarity": 0.3, "location": "New York, NY", "sentiment": "positive", "time": "Sat Mar 12 03:36:16 +0000 2016"}
{"polarity": 0.0, "location": "Atlanta, GA", "sentiment": "neutral", "time": "Sat Mar 12 03:36:17 +0000 2016"}
{"polarity": 0.0, "location": "Atlanta, GA", "sentiment": "neutral", "time": "Sat Mar 12 03:36:19 +0000 2016"}
{"polarity": -0.4, "location": "San Diego, CA", "sentiment": "negative", "time": "Sat Mar 12 03:36:29 +0000 2016"}
{"polarity": -0.25, "location": "Seattle, WA", "sentiment": "negative", "time": "Sat Mar 12 03:36:29 +0000 2016"}
{"polarity": 0.6, "location": "Portland, OR", "sentiment": "positive", "time": "Sat Mar 12 03:36:45 +0000 2016"}
{"polarity": 0.0, "location": "Orlando, FL", "sentiment": "neutral", "time": "Sat Mar 12 03:36:45 +0000 2016"}
{"polarity": 0.13636363636363635, "location": "St. Louis, MO", "sentiment": "positive", "time": "Sat Mar 12 03:36:51 +0000 2016"}
{"polarity": -0.025, "location": "San Diego, CA", "sentiment": "negative", "time": "Sat Mar 12 03:36:58 +0000 2016"}
{"polarity": 0.0, "location": "Seattle, WA", "sentiment": "neutral", "time": "Sat Mar 12 03:01:05 +0000 2016"}
{"polarity": 0.26785714285714285, "location": "Portland, OR", "sentiment": "positive", "time": "Sat Mar 12 03:01:10 +0000 2016"}
{"polarity": 0.0, "location": "New York, NY", "sentiment": "neutral", "time": "Sat Mar 12 03:01:18 +0000 2016"}
{"polarity": 0.0, "location": "Portland, OR", "sentiment": "neutral", "time": "Sat Mar 12 03:01:31 +0000 2016"}
{"polarity": -0.8, "location": "San Diego, CA", "sentiment": "negative", "time": "Sat Mar 12 03:01:27 +0000 2016"}
{"polarity": -0.14404761904761906, "location": "Boston, MA", "sentiment": "negative", "time": "Sat Mar 12 03:01:30 +0000 2016"}
{"polarity": 0.35, "location": "New York, NY", "sentiment": "positive", "time": "Sat Mar 12 03:01:50 +0000 2016"}
{"polarity": -0.7142857142857143, "location": "New York, NY", "sentiment": "negative", "time": "Sat Mar 12 03:01:55 +0000 2016"}
{"polarity": 0.0, "location": "San Diego, CA", "sentiment": "neutral", "time": "Sat Mar 12 03:55:05 +0000 2016"}
{"polarity": -0.06666666666666667, "location": "Portland, OR", "sentiment": "negative", "time": "Sat Mar 12 03:55:09 +0000 2016"}
{"polarity": 0.0, "location": "Boston, MA", "sentiment": "neutral", "time": "Sat Mar 12 03:55:14 +0000 2016"}
{"polarity": 0.0, "location": "San Diego, CA", "sentiment": "neutral", "time": "Sat Mar 12 03:55:24 +0000 2016"}
{"polarity": 0.2, "location": "Seattle, WA", "sentiment": "positive", "time": "Sat Mar 12 03:55:27 +0000 2016"}
{"polarity": 0.55, "location": "Portland, OR", "sentiment": "positive", "time": "Sat Mar 12 03:55:31 +0000 2016"}
{"polarity": 0.0, "location": "Atlanta, GA", "sentiment": "neutral", "time": "Sat Mar 12 03:55:33 +0000 2016"}
{"polarity": 0.6, "location": "Boston, MA", "sentiment": "positive", "time": "Sat Mar 12 03:55:43 +0000 2016"}
{"polarity": 0.0, "location": "Phoenix, AZ", "sentiment": "neutral", "time": "Sat Mar 12 03:55:47 +0000 2016"}
{"polarity": 0.0, "location": "Boston, MA", "sentiment": "neutral", "time": "Sat Mar 12 03:55:48 +0000 2016"}
{"polarity": 0.375, "location": "Phoenix, AZ", "sentiment": "positive", "time": "Sat Mar 12 03:09:07 +0000 2016"}
{"polarity": 0.0, "location": "Atlanta, GA", "sentiment": "neutral", "time": "Sat Mar 12 03:09:08 +0000 2016"}
{"polarity": 0.0, "location": "Orlando, FL", "sentiment": "neutral", "time": "Sat Mar 12 03:09:10 +0000 2016"}
{"polarity": 0.0, "location": "Boston, MA", "sentiment": "neutral", "time": "Sat Mar 12 03:09:16 +0000 2016"}
{"polarity": 0.0, "location": "Atlanta, GA", "sentiment": "neutral", "time": "Sat Mar 12 03:09:19 +0000 2016"}
{"polarity": 0.25, "location": "San Diego, CA", "sentiment": "positive", "time": "Sat Mar 12 03:09:26 +0000 2016"}
{"polarity": 0.0, "location": "Orlando, FL", "sentiment": "neutral", "time": "Sat Mar 12 03:09:26 +0000 2016"}
{"polarity": 0.25, "location": "Seattle, WA", "sentiment": "positive", "time": "Sat Mar 12 03:09:30 +0000 2016"}
{"polarity": 0.0, "location": "New York, NY", "sentiment": "neutral", "time": "Sat Mar 12 03:09:48 +0000 2016"}
{"polarity": 0.0, "location": "Atlanta, GA", "sentiment": "neutral", "time": "Sat Mar 12 03:09:59 +0000 2016"}
{"polarity": 0.25, "location": "Atlanta, GA", "sentiment": "positive", "time": "Sat Mar 12 03:33:03 +0000 2016"}
{"polarity": 0.24285714285714285, "location": "Atlanta, GA", "sentiment": "positive", "time": "Sat Mar 12 03:33:13 +0000 2016"}
{"polarity": 0.0, "location": "Atlanta, GA", "sentiment": "neutral", "time": "Sat Mar 12 03:33:20 +0000 2016"}
{"polarity": 0.375, "location": "Seattle, WA", "sentiment": "positive", "time": "Sat Mar 12 03:33:27 +0000 2016"}
{"polarity": 1.0, "location": "Orlando, FL", "sentiment": "positive", "time": "Sat Mar 12 03:33:32 +0000 2016"}
{"polarity": 0.0, "location": "Atlanta, GA", "sentiment": "neutral", "time": "Sat Mar 12 03:33:34 +0000 2016"}
{"polarity": 0.25, "location": "Boston, MA", "sentiment": "positive", "time": "Sat Mar 12 03:33:36 +0000 2016"}
{"polarity": 0.0, "location": "Phoenix, AZ", "sentiment": "neutral", "time": "Sat Mar 12 03:33:40 +0000 2016"}
{"polarity": 0.0, "location": "Boston, MA", "sentiment": "neutral", "time": "Sat Mar 12 03:33:40 +0000 2016"}
{"polarity": 0.0, "location": "Phoenix, AZ", "sentiment": "neutral", "time": "Sat Mar 12 03:44:00 +0000 2016"}
{"polarity": 0.0, "location": "San Diego, CA", "sentiment": "neutral", "time": "Sat Mar 12 03:44:04 +0000 2016"}
{"polarity": 0.0, "location": "Atlanta, GA", "sentiment": "neutral", "time": "Sat Mar 12 03:44:03 +0000 2016"}
{"polarity": -0.1277777777777778, "location": "Atlanta, GA", "sentiment": "negative", "time": "Sat Mar 12 03:44:15 +0000 2016"}
{"polarity": 0.0, "location": "Boston, MA", "sentiment": "neutral", "time": "Sat Mar 12 03:44:21 +0000 2016"}
{"polarity": -0.18333333333333335, "location": "Atlanta, GA", "sentiment": "negative", "time": "Sat Mar 12 03:44:24 +0000 2016"}
{"polarity": 0.125, "location": "New York, NY", "sentiment": "positive", "time": "Sat Mar 12 03:44:28 +0000 2016"}
{"polarity": 0.0, "location": "Atlanta, GA", "sentiment": "neutral", "time": "Sat Mar 12 03:44:36 +0000 2016"}
{"polarity": 0.13636363636363635, "location": "New York, NY", "sentiment": "positive", "time": "Sat Mar 12 03:44:52 +0000 2016"}
{"polarity": 0.0, "location": "Orlando, FL", "sentiment": "neutral", "time": "Sat Mar 12 03:44:58 +0000 2016"}
{"polarity": 0.0, "location": "Atlanta, GA", "sentiment": "neutral", "time": "Sat Mar 12 03:28:07 +0000 2016"}
{"polarity": 0.0, "location": "Atlanta, GA", "sentiment": "neutral", "time": "Sat Mar 12 03:28:17 +0000 2016"}
{"polarity": 0.24666666666666667, "location": "San Diego, CA", "sentiment": "positive", "time": "Sat Mar 12 03:28:30 +0000 2016"}
{"polarity": 0.0, "location": "Boston, MA", "sentiment": "neutral", "time": "Sat Mar 12 03:28:29 +0000 2016"}
{"polarity": 0.4625, "location": "Atlanta, GA", "sentiment": "positive", "time": "Sat Mar 12 03:22:13 +0000 2016"}
{"polarity": 0.4, "location": "Atlanta, GA", "sentiment": "positive", "time": "Sat Mar 12 03:22:13 +0000 2016"}
{"polarity": 0.1, "location": "Boston, MA", "sentiment": "positive", "time": "Sat Mar 12 03:22:17 +0000 2016"}
{"polarity": 0.0, "location": "Orlando, FL", "sentiment": "neutral", "time": "Sat Mar 12 03:22:22 +0000 2016"}
{"polarity": 0.0, "location": "Boston, MA", "sentiment": "neutral", "time": "Sat Mar 12 03:22:24 +0000 2016"}
{"polarity": 0.0, "location": "Phoenix, AZ", "sentiment": "neutral", "time": "Sat Mar 12 03:22:29 +0000 2016"}
{"polarity": 0.0, "location": "Boston, MA", "sentiment": "neutral", "time": "Sat Mar 12 03:22:32 +0000 2016"}
{"polarity": 0.9099999999999999, "location": "Kansas City, KS", "sentiment": "positive", "time": "Sat Mar 12 03:22:33 +0000 2016"}
{"polarity": 0.0, "location": "San Diego, CA", "sentiment": "neutral", "time": "Sat Mar 12 03:22:37 +0000 2016"}
{"polarity": 1.0, "location": "Boston, MA", "sentiment": "positive", "time": "Sat Mar 12 03:22:37 +0000 2016"}
{"polarity": -0.3333333333333333, "location": "St. Louis, MO", "sentiment": "negative", "time": "Sat Mar 12 03:22:45 +0000 2016"}
{"polarity": 0.125, "location": "Portland, OR", "sentiment": "positive", "time": "Sat Mar 12 03:22:49 +0000 2016"}
{"polarity": 0.0, "location": "New York, NY", "sentiment": "neutral", "time": "Sat Mar 12 03:22:49 +0000 2016"}
{"polarity": 0.0, "location": "Boston, MA", "sentiment": "neutral", "time": "Sat Mar 12 03:49:18 +0000 2016"}
{"polarity": 0.0, "location": "Atlanta, GA", "sentiment": "neutral", "time": "Sat Mar 12 03:49:23 +0000 2016"}
{"polarity": 0.0, "location": "Portland, OR", "sentiment": "neutral", "time": "Sat Mar 12 03:49:27 +0000 2016"}
{"polarity": 0.25, "location": "New York, NY", "sentiment": "positive", "time": "Sat Mar 12 03:49:28 +0000 2016"}
{"polarity": 0.0, "location": "Atlanta, GA", "sentiment": "neutral", "time": "Sat Mar 12 03:49:37 +0000 2016"}
{"polarity": 0.0, "location": "Portland, OR", "sentiment": "neutral", "time": "Sat Mar 12 03:49:38 +0000 2016"}
{"polarity": 0.0, "location": "St. Louis, MO", "sentiment": "neutral", "time": "Sat Mar 12 03:49:43 +0000 2016"}
{"polarity": 0.15000000000000002, "location": "New York, NY", "sentiment": "positive", "time": "Sat Mar 12 03:49:56 +0000 2016"}
{"polarity": 0.0, "location": "San Diego, CA", "sentiment": "neutral", "time": "Sat Mar 12 03:45:01 +0000 2016"}
{"polarity": 0.0, "location": "Atlanta, GA", "sentiment": "neutral", "time": "Sat Mar 12 03:45:12 +0000 2016"}
{"polarity": -0.2916666666666667, "location": "New York, NY", "sentiment": "negative", "time": "Sat Mar 12 03:45:19 +0000 2016"}
{"polarity": 0.0, "location": "Atlanta, GA", "sentiment": "neutral", "time": "Sat Mar 12 03:45:30 +0000 2016"}
{"polarity": 0.7999999999999999, "location": "San Diego, CA", "sentiment": "positive", "time": "Sat Mar 12 03:45:37 +0000 2016"}
{"polarity": 0.125, "location": "New York, NY", "sentiment": "positive", "time": "Sat Mar 12 03:45:38 +0000 2016"}
{"polarity": 0.0, "location": "Atlanta, GA", "sentiment": "neutral", "time": "Sat Mar 12 03:45:45 +0000 2016"}
{"polarity": 0.0, "location": "New York, NY", "sentiment": "neutral", "time": "Sat Mar 12 03:45:52 +0000 2016"}
{"polarity": 0.0, "location": "Seattle, WA", "sentiment": "neutral", "time": "Sat Mar 12 03:06:00 +0000 2016"}
{"polarity": 0.5, "location": "Atlanta, GA", "sentiment": "positive", "time": "Sat Mar 12 03:06:07 +0000 2016"}
{"polarity": 0.0, "location": "Atlanta, GA", "sentiment": "neutral", "time": "Sat Mar 12 03:06:13 +0000 2016"}
{"polarity": 0.0, "location": "New York, NY", "sentiment": "neutral", "time": "Sat Mar 12 03:06:27 +0000 2016"}
{"polarity": 0.26666666666666666, "location": "San Diego, CA", "sentiment": "positive", "time": "Sat Mar 12 03:06:28 +0000 2016"}
{"polarity": 0.5, "location": "New York, NY", "sentiment": "positive", "time": "Sat Mar 12 03:06:29 +0000 2016"}
{"polarity": 0.13636363636363635, "location": "Atlanta, GA", "sentiment": "positive", "time": "Sat Mar 12 03:06:29 +0000 2016"}
{"polarity": 0.0, "location": "San Diego, CA", "sentiment": "neutral", "time": "Sat Mar 12 03:06:33 +0000 2016"}
{"polarity": 0.13636363636363635, "location": "Phoenix, AZ", "sentiment": "positive", "time": "Sat Mar 12 03:06:34 +0000 2016"}
{"polarity": 0.0, "location": "Atlanta, GA", "sentiment": "neutral", "time": "Sat Mar 12 03:06:37 +0000 2016"}
{"polarity": 0.5333333333333333, "location": "Atlanta, GA", "sentiment": "positive", "time": "Sat Mar 12 03:06:40 +0000 2016"}
{"polarity": 0.0, "location": "Atlanta, GA", "sentiment": "neutral", "time": "Sat Mar 12 03:06:50 +0000 2016"}
{"polarity": 0.0, "location": "New York, NY", "sentiment": "neutral", "time": "Sat Mar 12 03:20:00 +0000 2016"}
{"polarity": 0.0, "location": "New York, NY", "sentiment": "neutral", "time": "Sat Mar 12 03:20:01 +0000 2016"}
{"polarity": 0.5, "location": "Boston, MA", "sentiment": "positive", "time": "Sat Mar 12 03:20:05 +0000 2016"}
{"polarity": 1.0, "location": "Phoenix, AZ", "sentiment": "positive", "time": "Sat Mar 12 03:20:13 +0000 2016"}
{"polarity": 0.0, "location": "Phoenix, AZ", "sentiment": "neutral", "time": "Sat Mar 12 03:20:51 +0000 2016"}
{"polarity": 1.0, "location": "Seattle, WA", "sentiment": "positive", "time": "Sat Mar 12 03:20:56 +0000 2016"}
{"polarity": 0.0, "location": "New York, NY", "sentiment": "neutral", "time": "Sat Mar 12 03:20:57 +0000 2016"}
{"polarity": 0.5, "location": "Atlanta, GA", "sentiment": "positive", "time": "Sat Mar 12 03:13:08 +0000 2016"}
{"polarity": 0.0, "location": "Boston, MA", "sentiment": "neutral", "time": "Sat Mar 12 03:13:22 +0000 2016"}
{"polarity": 0.06818181818181818, "location": "New York, NY", "sentiment": "positive", "time": "Sat Mar 12 03:13:29 +0000 2016"}
{"polarity": 0.0, "location": "New York, NY", "sentiment": "neutral", "time": "Sat Mar 12 03:13:36 +0000 2016"}
{"polarity": 0.25, "location": "Boston, MA", "sentiment": "positive", "time": "Sat Mar 12 03:13:47 +0000 2016"}
{"polarity": 0.0, "location": "Boston, MA", "sentiment": "neutral", "time": "Sat Mar 12 03:13:50 +0000 2016"}
{"polarity": 0.08333333333333334, "location": "Boston, MA", "sentiment": "positive", "time": "Sat Mar 12 03:13:54 +0000 2016"}
{"polarity": 0.5, "location": "Phoenix, AZ", "sentiment": "positive", "time": "Sat Mar 12 03:13:58 +0000 2016"}
{"polarity": 0.1, "location": "Boston, MA", "sentiment": "positive", "time": "Sat Mar 12 03:04:03 +0000 2016"}
{"polarity": 0.0, "location": "Phoenix, AZ", "sentiment": "neutral", "time": "Sat Mar 12 03:04:11 +0000 2016"}
{"polarity": -0.75, "location": "Atlanta, GA", "sentiment": "negative", "time": "Sat Mar 12 03:04:12 +0000 2016"}
{"polarity": 0.3181818181818182, "location": "New York, NY", "sentiment": "positive", "time": "Sat Mar 12 03:04:13 +0000 2016"}
{"polarity": -0.16666666666666666, "location": "Phoenix, AZ", "sentiment": "negative", "time": "Sat Mar 12 03:04:14 +0000 2016"}
{"polarity": 0.0, "location": "Portland, OR", "sentiment": "neutral", "time": "Sat Mar 12 03:04:18 +0000 2016"}
{"polarity": 0.0, "location": "Portland, OR", "sentiment": "neutral", "time": "Sat Mar 12 03:04:27 +0000 2016"}
{"polarity": 0.5, "location": "Seattle, WA", "sentiment": "positive", "time": "Sat Mar 12 03:04:34 +0000 2016"}
{"polarity": 0.0, "location": "New York, NY", "sentiment": "neutral", "time": "Sat Mar 12 03:04:45 +0000 2016"}
{"polarity": -0.07777777777777779, "location": "New York, NY", "sentiment": "negative", "time": "Sat Mar 12 03:04:51 +0000 2016"}
{"polarity": 0.0, "location": "Seattle, WA", "sentiment": "neutral", "time": "Sat Mar 12 03:04:57 +0000 2016"}
{"polarity": 0.0, "location": "New York, NY", "sentiment": "neutral", "time": "Fri Mar 11 09:39:52 +0000 2016"}
{"polarity": 0.35, "location": "San Diego, CA", "sentiment": "positive", "time": "Fri Mar 11 09:59:02 +0000 2016"}
{"polarity": 0.14444444444444443, "location": "Atlanta, GA", "sentiment": "positive", "time": "Fri Mar 11 09:59:52 +0000 2016"}
{"polarity": 0.0, "location": "New York, NY", "sentiment": "neutral", "time": "Fri Mar 11 09:19:26 +0000 2016"}
{"polarity": 0.0, "location": "New York, NY", "sentiment": "neutral", "time": "Fri Mar 11 09:19:36 +0000 2016"}
{"polarity": 0.0, "location": "San Diego, CA", "sentiment": "neutral", "time": "Fri Mar 11 09:19:45 +0000 2016"}
{"polarity": -0.4, "location": "Portland, OR", "sentiment": "negative", "time": "Fri Mar 11 09:19:46 +0000 2016"}
{"polarity": -0.4, "location": "Orlando, FL", "sentiment": "negative", "time": "Fri Mar 11 09:19:47 +0000 2016"}
{"polarity": 0.0, "location": "New York, NY", "sentiment": "neutral", "time": "Fri Mar 11 09:37:24 +0000 2016"}
{"polarity": 0.0, "location": "Seattle, WA", "sentiment": "neutral", "time": "Fri Mar 11 09:37:25 +0000 2016"}
{"polarity": 0.0, "location": "Seattle, WA", "sentiment": "neutral", "time": "Fri Mar 11 09:31:24 +0000 2016"}
{"polarity": 0.2, "location": "Seattle, WA", "sentiment": "positive", "time": "Fri Mar 11 09:31:34 +0000 2016"}
{"polarity": 0.0, "location": "New York, NY", "sentiment": "neutral", "time": "Fri Mar 11 09:31:42 +0000 2016"}
{"polarity": 0.5, "location": "San Diego, CA", "sentiment": "positive", "time": "Fri Mar 11 09:31:54 +0000 2016"}
{"polarity": 0.0, "location": "Orlando, FL", "sentiment": "neutral", "time": "Fri Mar 11 09:41:26 +0000 2016"}
{"polarity": 0.43333333333333335, "location": "San Diego, CA", "sentiment": "positive", "time": "Fri Mar 11 09:41:59 +0000 2016"}
{"polarity": 0.0, "location": "San Diego, CA", "sentiment": "neutral", "time": "Fri Mar 11 09:27:16 +0000 2016"}
{"polarity": 0.13636363636363635, "location": "Atlanta, GA", "sentiment": "positive", "time": "Fri Mar 11 09:27:23 +0000 2016"}
{"polarity": 0.0, "location": "Orlando, FL", "sentiment": "neutral", "time": "Fri Mar 11 09:27:41 +0000 2016"}
{"polarity": 0.0, "location": "Seattle, WA", "sentiment": "neutral", "time": "Fri Mar 11 09:57:37 +0000 2016"}
{"polarity": 0.0, "location": "Orlando, FL", "sentiment": "neutral", "time": "Fri Mar 11 09:26:22 +0000 2016"}
{"polarity": 0.0, "location": "New York, NY", "sentiment": "neutral", "time": "Fri Mar 11 09:26:26 +0000 2016"}
{"polarity": 1.0, "location": "Portland, OR", "sentiment": "positive", "time": "Fri Mar 11 09:26:32 +0000 2016"}
{"polarity": 0.0, "location": "Seattle, WA", "sentiment": "neutral", "time": "Fri Mar 11 09:26:58 +0000 2016"}
{"polarity": 0.0, "location": "Boston, MA", "sentiment": "neutral", "time": "Fri Mar 11 09:42:32 +0000 2016"}
{"polarity": 0.0, "location": "Orlando, FL", "sentiment": "neutral", "time": "Fri Mar 11 09:50:07 +0000 2016"}
{"polarity": 1.0, "location": "Atlanta, GA", "sentiment": "positive", "time": "Fri Mar 11 09:50:19 +0000 2016"}
{"polarity": 0.5, "location": "Seattle, WA", "sentiment": "positive", "time": "Fri Mar 11 09:50:39 +0000 2016"}
{"polarity": -0.3, "location": "New York, NY", "sentiment": "negative", "time": "Fri Mar 11 09:15:20 +0000 2016"}
{"polarity": 0.0, "location": "San Diego, CA", "sentiment": "neutral", "time": "Fri Mar 11 09:15:26 +0000 2016"}
{"polarity": 0.21212121212121213, "location": "Atlanta, GA", "sentiment": "positive", "time": "Fri Mar 11 09:38:29 +0000 2016"}
{"polarity": 0.0, "location": "Phoenix, AZ", "sentiment": "neutral", "time": "Fri Mar 11 09:21:15 +0000 2016"}
{"polarity": 0.7125, "location": "New York, NY", "sentiment": "positive", "time": "Fri Mar 11 09:21:20 +0000 2016"}
{"polarity": -0.031111111111111107, "location": "Seattle, WA", "sentiment": "negative", "time": "Fri Mar 11 09:21:40 +0000 2016"}
{"polarity": 0.25, "location": "New York, NY", "sentiment": "positive", "time": "Fri Mar 11 09:12:38 +0000 2016"}
{"polarity": 0.0, "location": "New York, NY", "sentiment": "neutral", "time": "Fri Mar 11 09:12:55 +0000 2016"}
{"polarity": -0.30000000000000004, "location": "New York, NY", "sentiment": "negative", "time": "Fri Mar 11 09:29:34 +0000 2016"}
{"polarity": 0.0, "location": "Orlando, FL", "sentiment": "neutral", "time": "Fri Mar 11 09:29:42 +0000 2016"}
{"polarity": 0.0, "location": "Portland, OR", "sentiment": "neutral", "time": "Fri Mar 11 09:18:09 +0000 2016"}
{"polarity": 0.0, "location": "San Diego, CA", "sentiment": "neutral", "time": "Fri Mar 11 09:18:21 +0000 2016"}
{"polarity": 0.6000000000000001, "location": "New York, NY", "sentiment": "positive", "time": "Fri Mar 11 09:46:36 +0000 2016"}
{"polarity": 0.0, "location": "New York, NY", "sentiment": "neutral", "time": "Fri Mar 11 09:00:04 +0000 2016"}
{"polarity": 0.25, "location": "New York, NY", "sentiment": "positive", "time": "Fri Mar 11 09:00:13 +0000 2016"}
{"polarity": 0.0, "location": "New York, NY", "sentiment": "neutral", "time": "Fri Mar 11 09:00:14 +0000 2016"}
{"polarity": 0.1, "location": "Seattle, WA", "sentiment": "positive", "time": "Fri Mar 11 09:00:24 +0000 2016"}
{"polarity": 0.0, "location": "Phoenix, AZ", "sentiment": "neutral", "time": "Fri Mar 11 09:00:25 +0000 2016"}
{"polarity": 0.1, "location": "Seattle, WA", "sentiment": "positive", "time": "Fri Mar 11 09:00:52 +0000 2016"}
{"polarity": 0.0, "location": "New York, NY", "sentiment": "neutral", "time": "Fri Mar 11 09:34:40 +0000 2016"}
{"polarity": 0.0, "location": "New York, NY", "sentiment": "neutral", "time": "Fri Mar 11 09:34:55 +0000 2016"}
{"polarity": 0.0, "location": "Atlanta, GA", "sentiment": "neutral", "time": "Fri Mar 11 09:05:19 +0000 2016"}
{"polarity": 0.0, "location": "Orlando, FL", "sentiment": "neutral", "time": "Fri Mar 11 09:05:59 +0000 2016"}
{"polarity": 0.85, "location": "Portland, OR", "sentiment": "positive", "time": "Fri Mar 11 09:11:24 +0000 2016"}
{"polarity": 0.0, "location": "San Diego, CA", "sentiment": "neutral", "time": "Fri Mar 11 09:11:30 +0000 2016"}
{"polarity": 0.0, "location": "San Diego, CA", "sentiment": "neutral", "time": "Fri Mar 11 09:11:39 +0000 2016"}
{"polarity": -0.25, "location": "New York, NY", "sentiment": "negative", "time": "Fri Mar 11 09:56:01 +0000 2016"}
{"polarity": 0.75, "location": "San Diego, CA", "sentiment": "positive", "time": "Fri Mar 11 09:56:12 +0000 2016"}
{"polarity": 0.0, "location": "New York, NY", "sentiment": "neutral", "time": "Fri Mar 11 09:56:27 +0000 2016"}
{"polarity": 0.2, "location": "Seattle, WA", "sentiment": "positive", "time": "Fri Mar 11 09:56:37 +0000 2016"}
{"polarity": 0.0, "location": "Orlando, FL", "sentiment": "neutral", "time": "Fri Mar 11 09:47:04 +0000 2016"}
{"polarity": -0.16428571428571428, "location": "Portland, OR", "sentiment": "negative", "time": "Fri Mar 11 09:47:32 +0000 2016"}
{"polarity": 0.0, "location": "Seattle, WA", "sentiment": "neutral", "time": "Fri Mar 11 09:47:44 +0000 2016"}
{"polarity": 0.0, "location": "Seattle, WA", "sentiment": "neutral", "time": "Fri Mar 11 09:52:12 +0000 2016"}
{"polarity": 0.5390625, "location": "San Diego, CA", "sentiment": "positive", "time": "Fri Mar 11 09:52:36 +0000 2016"}
{"polarity": 0.0, "location": "San Diego, CA", "sentiment": "neutral", "time": "Fri Mar 11 09:52:54 +0000 2016"}
{"polarity": 0.0, "location": "Phoenix, AZ", "sentiment": "neutral", "time": "Fri Mar 11 09:53:37 +0000 2016"}
{"polarity": 0.2, "location": "New York, NY", "sentiment": "positive", "time": "Fri Mar 11 09:53:56 +0000 2016"}
{"polarity": 0.05, "location": "Seattle, WA", "sentiment": "positive", "time": "Fri Mar 11 09:02:38 +0000 2016"}
{"polarity": 0.35, "location": "Seattle, WA", "sentiment": "positive", "time": "Fri Mar 11 09:02:41 +0000 2016"}
{"polarity": 0.0, "location": "Atlanta, GA", "sentiment": "neutral", "time": "Fri Mar 11 09:02:49 +0000 2016"}
{"polarity": 0.0, "location": "Atlanta, GA", "sentiment": "neutral", "time": "Fri Mar 11 09:48:20 +0000 2016"}
{"polarity": -0.16666666666666666, "location": "Portland, OR", "sentiment": "negative", "time": "Fri Mar 11 09:48:43 +0000 2016"}
{"polarity": 0.09765625, "location": "New York, NY", "sentiment": "positive", "time": "Fri Mar 11 09:25:18 +0000 2016"}
{"polarity": 0.1, "location": "San Diego, CA", "sentiment": "positive", "time": "Fri Mar 11 09:25:31 +0000 2016"}
{"polarity": 0.13636363636363635, "location": "New York, NY", "sentiment": "positive", "time": "Fri Mar 11 09:16:34 +0000 2016"}
{"polarity": 0.0, "location": "Seattle, WA", "sentiment": "neutral", "time": "Fri Mar 11 09:16:36 +0000 2016"}
{"polarity": 0.3333333333333333, "location": "Orlando, FL", "sentiment": "positive", "time": "Fri Mar 11 09:16:47 +0000 2016"}
{"polarity": 0.375, "location": "Portland, OR", "sentiment": "positive", "time": "Fri Mar 11 09:14:03 +0000 2016"}
{"polarity": -0.2, "location": "Seattle, WA", "sentiment": "negative", "time": "Fri Mar 11 09:14:12 +0000 2016"}
{"polarity": 0.0, "location": "Portland, OR", "sentiment": "neutral", "time": "Fri Mar 11 09:14:12 +0000 2016"}
{"polarity": 1.0, "location": "Orlando, FL", "sentiment": "positive", "time": "Fri Mar 11 09:14:15 +0000 2016"}
{"polarity": 0.0, "location": "Seattle, WA", "sentiment": "neutral", "time": "Fri Mar 11 09:14:18 +0000 2016"}
{"polarity": 0.3125, "location": "Boston, MA", "sentiment": "positive", "time": "Fri Mar 11 09:14:22 +0000 2016"}
{"polarity": 0.35, "location": "San Diego, CA", "sentiment": "positive", "time": "Fri Mar 11 09:14:40 +0000 2016"}
{"polarity": 0.0, "location": "New York, NY", "sentiment": "neutral", "time": "Fri Mar 11 09:23:06 +0000 2016"}
{"polarity": 0.06818181818181818, "location": "Atlanta, GA", "sentiment": "positive", "time": "Fri Mar 11 09:23:19 +0000 2016"}
{"polarity": 0.0, "location": "Atlanta, GA", "sentiment": "neutral", "time": "Fri Mar 11 09:23:38 +0000 2016"}
{"polarity": -0.0625, "location": "Seattle, WA", "sentiment": "negative", "time": "Fri Mar 11 09:07:06 +0000 2016"}
{"polarity": 0.012500000000000039, "location": "New York, NY", "sentiment": "positive", "time": "Fri Mar 11 09:07:13 +0000 2016"}
{"polarity": 0.0, "location": "Phoenix, AZ", "sentiment": "neutral", "time": "Fri Mar 11 09:07:16 +0000 2016"}
{"polarity": -0.3333333333333333, "location": "Portland, OR", "sentiment": "negative", "time": "Fri Mar 11 09:07:31 +0000 2016"}
{"polarity": 0.0, "location": "San Diego, CA", "sentiment": "neutral", "time": "Fri Mar 11 09:07:45 +0000 2016"}
{"polarity": 0.0, "location": "Orlando, FL", "sentiment": "neutral", "time": "Fri Mar 11 09:51:22 +0000 2016"}
{"polarity": 0.08333333333333333, "location": "Atlanta, GA", "sentiment": "positive", "time": "Fri Mar 11 09:03:10 +0000 2016"}
{"polarity": 0.2, "location": "Atlanta, GA", "sentiment": "positive", "time": "Fri Mar 11 09:40:20 +0000 2016"}
{"polarity": 0.0, "location": "New York, NY", "sentiment": "neutral", "time": "Fri Mar 11 09:40:47 +0000 2016"}
{"polarity": 0.0, "location": "New York, NY", "sentiment": "neutral", "time": "Fri Mar 11 09:40:51 +0000 2016"}
