{"polarity": 0.0, "location": "San Diego, CA", "sentiment": "neutral", "time": "Tue Mar 15 04:59:10 +0000 2016"}
{"polarity": 0.0, "location": "San Diego, CA", "sentiment": "neutral", "time": "Tue Mar 15 04:59:18 +0000 2016"}
{"polarity": 0.23106060606060605, "location": "New York, NY", "sentiment": "positive", "time": "Tue Mar 15 04:59:26 +0000 2016"}
{"polarity": 0.0, "location": "Seattle, WA", "sentiment": "neutral", "time": "Tue Mar 15 04:59:26 +0000 2016"}
{"polarity": 1.0, "location": "New York, NY", "sentiment": "positive", "time": "Tue Mar 15 04:59:28 +0000 2016"}
{"polarity": 0.0, "location": "San Diego, CA", "sentiment": "neutral", "time": "Tue Mar 15 04:19:04 +0000 2016"}
{"polarity": 0.0, "location": "Orlando, FL", "sentiment": "neutral", "time": "Tue Mar 15 04:19:21 +0000 2016"}
{"polarity": 0.2875, "location": "Portland, OR", "sentiment": "positive", "time": "Tue Mar 15 04:19:26 +0000 2016"}
{"polarity": 0.06818181818181818, "location": "Boston, MA", "sentiment": "positive", "time": "Tue Mar 15 04:19:27 +0000 2016"}
{"polarity": 0.0, "location": "San Diego, CA", "sentiment": "neutral", "time": "Tue Mar 15 04:19:46 +0000 2016"}
{"polarity": 0.4, "location": "New York, NY", "sentiment": "positive", "time": "Tue Mar 15 04:19:50 +0000 2016"}
{"polarity": 0.0, "location": "San Diego, CA", "sentiment": "neutral", "time": "Tue Mar 15 04:19:57 +0000 2016"}
{"polarity": 0.0, "location": "New York, NY", "sentiment": "neutral", "time": "Tue Mar 15 04:37:00 +0000 2016"}
{"polarity": -0.7142857142857143, "location": "Atlanta, GA", "sentiment": "negative", "time": "Tue Mar 15 04:37:02 +0000 2016"}
{"polarity": 0.13636363636363635, "location": "Seattle, WA", "sentiment": "positive", "time": "Tue Mar 15 04:37:10 +0000 2016"}
{"polarity": 0.375, "location": "San Diego, CA", "sentiment": "positive", "time": "Tue Mar 15 04:37:21 +0000 2016"}
{"polarity": -0.5, "location": "Boston, MA", "sentiment": "negative", "time": "Tue Mar 15 04:37:33 +0000 2016"}
{"polarity": 0.5, "location": "Phoenix, AZ", "sentiment": "positive", "time": "Tue Mar 15 04:37:40 +0000 2016"}
{"polarity": -0.625, "location": "San Diego, CA", "sentiment": "negative", "time": "Tue Mar 15 04:37:41 +0000 2016"}
{"polarity": -0.15625, "location": "New York, NY", "sentiment": "negative", "time": "Tue Mar 15 04:37:41 +0000 2016"}
{"polarity": 0.14285714285714285, "location": "New York, NY", "sentiment": "positive", "time": "Tue Mar 15 04:31:01 +0000 2016"}
{"polarity": 0.0, "location": "New York, NY", "sentiment": "neutral", "time": "Tue Mar 15 04:31:08 +0000 2016"}
{"polarity": 0.0, "location": "St. Louis, MO", "sentiment": "neutral", "time": "Tue Mar 15 04:31:09 +0000 2016"}
{"polarity": 0.35, "location": "Boston, MA", "sentiment": "positive", "time": "Tue Mar 15 04:31:15 +0000 2016"}
{"polarity": -0.4, "location": "Orlando, FL", "sentiment": "negative", "time": "Tue Mar 15 04:31:17 +0000 2016"}
{"polarity": 0.0, "location": "Atlanta, GA", "sentiment": "neutral", "time": "Tue Mar 15 04:31:29 +0000 2016"}
{"polarity": 0.0, "location": "New York, NY", "sentiment": "neutral", "time": "Tue Mar 15 04:31:31 +0000 2016"}
{"polarity": 0.0, "location": "San Diego, CA", "sentiment": "neutral", "time": "Tue Mar 15 04:31:37 +0000 2016"}
{"polarity": -0.2, "location": "Phoenix, AZ", "sentiment": "negative", "time": "Tue Mar 15 04:31:46 +0000 2016"}
{"polarity": 0.0, "location": "San Diego, CA", "sentiment": "neutral", "time": "Tue Mar 15 04:31:59 +0000 2016"}
{"polarity": 0.0, "location": "New York, NY", "sentiment": "neutral", "time": "Tue Mar 15 04:31:59 +0000 2016"}
{"polarity": -0.015151515151515152, "location": "San Diego, CA", "sentiment": "negative", "time": "Tue Mar 15 04:41:01 +0000 2016"}
{"polarity": 0.8, "location": "Atlanta, GA", "sentiment": "positive", "time": "Tue Mar 15 04:41:30 +0000 2016"}
{"polarity": 0.0, "location": "Seattle, WA", "sentiment": "neutral", "time": "Tue Mar 15 04:41:42 +0000 2016"}
{"polarity": 0.0, "location": "Portland, OR", "sentiment": "neutral", "time": "Tue Mar 15 04:41:56 +0000 2016"}
{"polarity": 0.0, "location": "Atlanta, GA", "sentiment": "neutral", "time": "Tue Mar 15 04:27:22 +0000 2016"}
{"polarity": 0.625, "location": "Atlanta, GA", "sentiment": "positive", "time": "Tue Mar 15 04:27:39 +0000 2016"}
{"polarity": 0.4, "location": "New York, NY", "sentiment": "positive", "time": "Tue Mar 15 04:27:45 +0000 2016"}
{"polarity": 0.2125, "location": "San Diego, CA", "sentiment": "positive", "time": "Tue Mar 15 04:27:52 +0000 2016"}
{"polarity": 0.0, "location": "Atlanta, GA", "sentiment": "neutral", "time": "Tue Mar 15 04:57:09 +0000 2016"}
{"polarity": 0.0, "location": "New York, NY", "sentiment": "neutral", "time": "Tue Mar 15 04:57:20 +0000 2016"}
{"polarity": 0.125, "location": "New York, NY", "sentiment": "positive", "time": "Tue Mar 15 04:57:20 +0000 2016"}
{"polarity": 0.0, "location": "Orlando, FL", "sentiment": "neutral", "time": "Tue Mar 15 04:57:30 +0000 2016"}
{"polarity": 0.3333333333333333, "location": "New York, NY", "sentiment": "positive", "time": "Tue Mar 15 04:57:43 +0000 2016"}
{"polarity": 0.2, "location": "New York, NY", "sentiment": "positive", "time": "Tue Mar 15 04:57:44 +0000 2016"}
{"polarity": 0.3, "location": "New York, NY", "sentiment": "positive", "time": "Tue Mar 15 04:57:45 +0000 2016"}
{"polarity": 0.0, "location": "Atlanta, GA", "sentiment": "neutral", "time": "Tue Mar 15 04:57:48 +0000 2016"}
{"polarity": 0.0, "location": "Orlando, FL", "sentiment": "neutral", "time": "Tue Mar 15 04:57:50 +0000 2016"}
{"polarity": 0.0, "location": "San Diego, CA", "sentiment": "neutral", "time": "Tue Mar 15 04:26:01 +0000 2016"}
{"polarity": 0.0, "location": "Atlanta, GA", "sentiment": "neutral", "time": "Tue Mar 15 04:26:04 +0000 2016"}
{"polarity": 0.0, "location": "Seattle, WA", "sentiment": "neutral", "time": "Tue Mar 15 04:26:07 +0000 2016"}
{"polarity": 0.0, "location": "San Diego, CA", "sentiment": "neutral", "time": "Tue Mar 15 04:26:32 +0000 2016"}
{"polarity": 0.2, "location": "Seattle, WA", "sentiment": "positive", "time": "Tue Mar 15 04:26:37 +0000 2016"}
{"polarity": 0.0, "location": "New York, NY", "sentiment": "neutral", "time": "Tue Mar 15 04:26:37 +0000 2016"}
{"polarity": 0.75, "location": "New York, NY", "sentiment": "positive", "time": "Tue Mar 15 04:26:50 +0000 2016"}
{"polarity": 0.7, "location": "New York, NY", "sentiment": "positive", "time": "Tue Mar 15 04:58:08 +0000 2016"}
{"polarity": 0.3, "location": "Orlando, FL", "sentiment": "positive", "time": "Tue Mar 15 04:58:40 +0000 2016"}
{"polarity": 0.0, "location": "Atlanta, GA", "sentiment": "neutral", "time": "Tue Mar 15 04:58:53 +0000 2016"}
{"polarity": -0.5, "location": "Seattle, WA", "sentiment": "negative", "time": "Tue Mar 15 04:42:10 +0000 2016"}
{"polarity": 0.0, "location": "Phoenix, AZ", "sentiment": "neutral", "time": "Tue Mar 15 04:42:14 +0000 2016"}
{"polarity": 0.0, "location": "New York, NY", "sentiment": "neutral", "time": "Tue Mar 15 04:42:33 +0000 2016"}
{"polarity": 0.5, "location": "Atlanta, GA", "sentiment": "positive", "time": "Tue Mar 15 04:42:55 +0000 2016"}
{"polarity": 0.0, "location": "Portland, OR", "sentiment": "neutral", "time": "Tue Mar 15 04:50:06 +0000 2016"}
{"polarity": -0.45, "location": "San Diego, CA", "sentiment": "negative", "time": "Tue Mar 15 04:50:06 +0000 2016"}
{"polarity": 0.0, "location": "San Diego, CA", "sentiment": "neutral", "time": "Tue Mar 15 04:50:20 +0000 2016"}
{"polarity": 0.32999999999999996, "location": "Seattle, WA", "sentiment": "positive", "time": "Tue Mar 15 04:50:47 +0000 2016"}
{"polarity": 0.0, "location": "Atlanta, GA", "sentiment": "neutral", "time": "Tue Mar 15 04:50:51 +0000 2016"}
{"polarity": 0.32999999999999996, "location": "Seattle, WA", "sentiment": "positive", "time": "Tue Mar 15 04:50:47 +0000 2016"}
{"polarity": 1.0, "location": "Atlanta, GA", "sentiment": "positive", "time": "Tue Mar 15 04:15:12 +0000 2016"}
{"polarity": 0.0, "location": "San Diego, CA", "sentiment": "neutral", "time": "Tue Mar 15 04:15:16 +0000 2016"}
{"polarity": 0.12333333333333334, "location": "Orlando, FL", "sentiment": "positive", "time": "Tue Mar 15 04:15:20 +0000 2016"}
{"polarity": 0.625, "location": "Atlanta, GA", "sentiment": "positive", "time": "Tue Mar 15 04:15:21 +0000 2016"}
{"polarity": 0.0, "location": "Atlanta, GA", "sentiment": "neutral", "time": "Tue Mar 15 04:15:40 +0000 2016"}
{"polarity": 0.0, "location": "New York, NY", "sentiment": "neutral", "time": "Tue Mar 15 04:15:40 +0000 2016"}
{"polarity": -0.4000000000000001, "location": "New York, NY", "sentiment": "negative", "time": "Tue Mar 15 04:15:49 +0000 2016"}
{"polarity": 0.0, "location": "New York, NY", "sentiment": "neutral", "time": "Tue Mar 15 04:15:53 +0000 2016"}
{"polarity": 0.0, "location": "San Diego, CA", "sentiment": "neutral", "time": "Tue Mar 15 04:15:58 +0000 2016"}
{"polarity": -0.75, "location": "Atlanta, GA", "sentiment": "negative", "time": "Tue Mar 15 04:15:59 +0000 2016"}
{"polarity": 0.0, "location": "Atlanta, GA", "sentiment": "neutral", "time": "Tue Mar 15 04:38:02 +0000 2016"}
{"polarity": 0.0, "location": "Atlanta, GA", "sentiment": "neutral", "time": "Tue Mar 15 04:38:02 +0000 2016"}
{"polarity": -0.2380952380952381, "location": "St. Louis, MO", "sentiment": "negative", "time": "Tue Mar 15 04:38:05 +0000 2016"}
{"polarity": 0.05, "location": "Seattle, WA", "sentiment": "positive", "time": "Tue Mar 15 04:38:06 +0000 2016"}
{"polarity": 0.0, "location": "Seattle, WA", "sentiment": "neutral", "time": "Tue Mar 15 04:38:07 +0000 2016"}
{"polarity": 0.0, "location": "Atlanta, GA", "sentiment": "neutral", "time": "Tue Mar 15 04:38:07 +0000 2016"}
{"polarity": 0.0, "location": "Portland, OR", "sentiment": "neutral", "time": "Tue Mar 15 04:38:10 +0000 2016"}
{"polarity": -0.1, "location": "Boston, MA", "sentiment": "negative", "time": "Tue Mar 15 04:38:15 +0000 2016"}
{"polarity": 0.15625, "location": "Portland, OR", "sentiment": "positive", "time": "Tue Mar 15 04:38:33 +0000 2016"}
{"polarity": 0.1, "location": "San Diego, CA", "sentiment": "positive", "time": "Tue Mar 15 04:38:44 +0000 2016"}
{"polarity": 0.20416666666666664, "location": "Orlando, FL", "sentiment": "positive", "time": "Tue Mar 15 04:21:11 +0000 2016"}
{"polarity": 0.11666666666666668, "location": "Atlanta, GA", "sentiment": "positive", "time": "Tue Mar 15 04:21:11 +0000 2016"}
{"polarity": 0.0, "location": "Atlanta, GA", "sentiment": "neutral", "time": "Tue Mar 15 04:21:21 +0000 2016"}
{"polarity": 0.03333333333333333, "location": "San Diego, CA", "sentiment": "positive", "time": "Tue Mar 15 04:21:22 +0000 2016"}
{"polarity": 0.5, "location": "San Diego, CA", "sentiment": "positive", "time": "Tue Mar 15 04:21:27 +0000 2016"}
{"polarity": -0.21, "location": "New York, NY", "sentiment": "negative", "time": "Tue Mar 15 04:21:28 +0000 2016"}
{"polarity": 0.2, "location": "Seattle, WA", "sentiment": "positive", "time": "Tue Mar 15 04:21:34 +0000 2016"}
{"polarity": 0.3055555555555556, "location": "San Diego, CA", "sentiment": "positive", "time": "Tue Mar 15 04:21:43 +0000 2016"}
{"polarity": 0.3902777777777778, "location": "Seattle, WA", "sentiment": "positive", "time": "Tue Mar 15 04:21:44 +0000 2016"}
{"polarity": 0.1, "location": "Portland, OR", "sentiment": "positive", "time": "Tue Mar 15 04:21:45 +0000 2016"}
{"polarity": 0.0, "location": "New York, NY", "sentiment": "neutral", "time": "Tue Mar 15 04:21:46 +0000 2016"}
{"polarity": 0.16607142857142856, "location": "New York, NY", "sentiment": "positive", "time": "Tue Mar 15 04:17:11 +0000 2016"}
{"polarity": 0.2, "location": "Boston, MA", "sentiment": "positive", "time": "Tue Mar 15 04:17:25 +0000 2016"}
{"polarity": 0.0, "location": "Orlando, FL", "sentiment": "neutral", "time": "Tue Mar 15 04:17:28 +0000 2016"}
{"polarity": 0.0, "location": "Orlando, FL", "sentiment": "neutral", "time": "Tue Mar 15 04:17:29 +0000 2016"}
{"polarity": 0.2, "location": "Boston, MA", "sentiment": "positive", "time": "Tue Mar 15 04:17:37 +0000 2016"}
{"polarity": 0.0, "location": "San Diego, CA", "sentiment": "neutral", "time": "Tue Mar 15 04:17:40 +0000 2016"}
{"polarity": -0.13333333333333333, "location": "Atlanta, GA", "sentiment": "negative", "time": "Tue Mar 15 04:17:45 +0000 2016"}
{"polarity": 0.8, "location": "Seattle, WA", "sentiment": "positive", "time": "Tue Mar 15 04:17:47 +0000 2016"}
{"polarity": 0.0, "location": "New York, NY", "sentiment": "neutral", "time": "Tue Mar 15 04:17:50 +0000 2016"}
{"polarity": 0.0, "location": "San Diego, CA", "sentiment": "neutral", "time": "Tue Mar 15 04:17:59 +0000 2016"}
{"polarity": 0.0, "location": "Orlando, FL", "sentiment": "neutral", "time": "Tue Mar 15 04:12:12 +0000 2016"}
{"polarity": 0.0, "location": "Orlando, FL", "sentiment": "neutral", "time": "Tue Mar 15 04:12:21 +0000 2016"}
{"polarity": 0.13636363636363635, "location": "Boston, MA", "sentiment": "positive", "time": "Tue Mar 15 04:12:27 +0000 2016"}
{"polarity": 0.0, "location": "Kansas City, KS", "sentiment": "neutral", "time": "Tue Mar 15 04:12:51 +0000 2016"}
{"polarity": 0.04999999999999999, "location": "Atlanta, GA", "sentiment": "positive", "time": "Tue Mar 15 04:29:08 +0000 2016"}
{"polarity": 0.0, "location": "New York, NY", "sentiment": "neutral", "time": "Tue Mar 15 04:29:13 +0000 2016"}
{"polarity": 0.17222222222222222, "location": "Phoenix, AZ", "sentiment": "positive", "time": "Tue Mar 15 04:29:17 +0000 2016"}
{"polarity": 0.16666666666666669, "location": "Seattle, WA", "sentiment": "positive", "time": "Tue Mar 15 04:29:20 +0000 2016"}
{"polarity": 0.0, "location": "Atlanta, GA", "sentiment": "neutral", "time": "Tue Mar 15 04:29:25 +0000 2016"}
{"polarity": 0.0, "location": "Atlanta, GA", "sentiment": "neutral", "time": "Tue Mar 15 04:29:29 +0000 2016"}
{"polarity": 0.2, "location": "Seattle, WA", "sentiment": "positive", "time": "Tue Mar 15 04:29:37 +0000 2016"}
{"polarity": 0.0, "location": "Phoenix, AZ", "sentiment": "neutral", "time": "Tue Mar 15 04:29:41 +0000 2016"}
{"polarity": 0.0, "location": "New York, NY", "sentiment": "neutral", "time": "Tue Mar 15 04:29:46 +0000 2016"}
{"polarity": 0.2, "location": "Portland, OR", "sentiment": "positive", "time": "Tue Mar 15 04:18:06 +0000 2016"}
{"polarity": -0.08333333333333333, "location": "Atlanta, GA", "sentiment": "negative", "time": "Tue Mar 15 04:18:07 +0000 2016"}
{"polarity": 0.0, "location": "Atlanta, GA", "sentiment": "neutral", "time": "Tue Mar 15 04:18:15 +0000 2016"}
{"polarity": 0.25, "location": "New York, NY", "sentiment": "positive", "time": "Tue Mar 15 04:18:30 +0000 2016"}
{"polarity": 0.5, "location": "New York, NY", "sentiment": "positive", "time": "Tue Mar 15 04:18:32 +0000 2016"}
{"polarity": 0.13636363636363635, "location": "Seattle, WA", "sentiment": "positive", "time": "Tue Mar 15 04:18:37 +0000 2016"}
{"polarity": 0.0, "location": "New York, NY", "sentiment": "neutral", "time": "Tue Mar 15 04:18:43 +0000 2016"}
{"polarity": 0.0, "location": "Atlanta, GA", "sentiment": "neutral", "time": "Tue Mar 15 04:18:50 +0000 2016"}
{"polarity": 0.635, "location": "Boston, MA", "sentiment": "positive", "time": "Tue Mar 15 04:46:06 +0000 2016"}
{"polarity": 0.25, "location": "Phoenix, AZ", "sentiment": "positive", "time": "Tue Mar 15 04:46:07 +0000 2016"}
{"polarity": 0.0, "location": "New York, NY", "sentiment": "neutral", "time": "Tue Mar 15 04:46:11 +0000 2016"}
{"polarity": 0.0, "location": "Seattle, WA", "sentiment": "neutral", "time": "Tue Mar 15 04:46:20 +0000 2016"}
{"polarity": 0.0, "location": "Atlanta, GA", "sentiment": "neutral", "time": "Tue Mar 15 04:46:27 +0000 2016"}
{"polarity": 0.5, "location": "Boston, MA", "sentiment": "positive", "time": "Tue Mar 15 04:46:29 +0000 2016"}
{"polarity": 0.0, "location": "Atlanta, GA", "sentiment": "neutral", "time": "Tue Mar 15 04:46:37 +0000 2016"}
{"polarity": 0.0, "location": "Atlanta, GA", "sentiment": "neutral", "time": "Tue Mar 15 04:00:01 +0000 2016"}
{"polarity": 0.0, "location": "Seattle, WA", "sentiment": "neutral", "time": "Tue Mar 15 04:00:02 +0000 2016"}
{"polarity": 0.0, "location": "Phoenix, AZ", "sentiment": "neutral", "time": "Tue Mar 15 04:00:04 +0000 2016"}
{"polarity": 0.0, "location": "Phoenix, AZ", "sentiment": "neutral", "time": "Tue Mar 15 04:00:05 +0000 2016"}
{"polarity": 0.0, "location": "New York, NY", "sentiment": "neutral", "time": "Tue Mar 15 04:00:06 +0000 2016"}
{"polarity": -0.09285714285714286, "location": "New York, NY", "sentiment": "negative", "time": "Tue Mar 15 04:00:30 +0000 2016"}
{"polarity": 0.3038461538461538, "location": "New York, NY", "sentiment": "positive", "time": "Tue Mar 15 04:00:32 +0000 2016"}
{"polarity": 0.2, "location": "New York, NY", "sentiment": "positive", "time": "Tue Mar 15 04:00:32 +0000 2016"}
{"polarity": 0.3, "location": "Seattle, WA", "sentiment": "positive", "time": "Tue Mar 15 04:00:51 +0000 2016"}
{"polarity": 0.0, "location": "New York, NY", "sentiment": "neutral", "time": "Tue Mar 15 04:00:59 +0000 2016"}
{"polarity": 0.65, "location": "Boston, MA", "sentiment": "positive", "time": "Tue Mar 15 04:34:04 +0000 2016"}
{"polarity": 0.0, "location": "Portland, OR", "sentiment": "neutral", "time": "Tue Mar 15 04:34:14 +0000 2016"}
{"polarity": 0.0, "location": "Orlando, FL", "sentiment": "neutral", "time": "Tue Mar 15 04:34:16 +0000 2016"}
{"polarity": -0.2, "location": "Seattle, WA", "sentiment": "negative", "time": "Tue Mar 15 04:34:28 +0000 2016"}
{"polarity": -0.25, "location": "Atlanta, GA", "sentiment": "negative", "time": "Tue Mar 15 04:34:43 +0000 2016"}
{"polarity": 0.0, "location": "Atlanta, GA", "sentiment": "neutral", "time": "Tue Mar 15 04:34:54 +0000 2016"}
{"polarity": 0.05, "location": "St. Louis, MO", "sentiment": "positive", "time": "Tue Mar 15 04:05:20 +0000 2016"}
{"polarity": 0.0, "location": "Atlanta, GA", "sentiment": "neutral", "time": "Tue Mar 15 04:05:20 +0000 2016"}
{"polarity": 0.0, "location": "Atlanta, GA", "sentiment": "neutral", "time": "Tue Mar 15 04:05:20 +0000 2016"}
{"polarity": 0.0, "location": "Boston, MA", "sentiment": "neutral", "time": "Tue Mar 15 04:05:28 +0000 2016"}
{"polarity": 0.0, "location": "Boston, MA", "sentiment": "neutral", "time": "Tue Mar 15 04:05:32 +0000 2016"}
{"polarity": 0.5, "location": "Portland, OR", "sentiment": "positive", "time": "Tue Mar 15 04:05:33 +0000 2016"}
{"polarity": 0.0, "location": "Portland, OR", "sentiment": "neutral", "time": "Tue Mar 15 04:05:34 +0000 2016"}
{"polarity": 0.0, "location": "Atlanta, GA", "sentiment": "neutral", "time": "Tue Mar 15 04:05:34 +0000 2016"}
{"polarity": 0.0, "location": "Phoenix, AZ", "sentiment": "neutral", "time": "Tue Mar 15 04:05:37 +0000 2016"}
{"polarity": 0.0, "location": "Atlanta, GA", "sentiment": "neutral", "time": "Tue Mar 15 04:05:48 +0000 2016"}
{"polarity": 0.0, "location": "Portland, OR", "sentiment": "neutral", "time": "Tue Mar 15 04:11:03 +0000 2016"}
{"polarity": -0.25, "location": "Atlanta, GA", "sentiment": "negative", "time": "Tue Mar 15 04:11:07 +0000 2016"}
{"polarity": 0.0, "location": "Seattle, WA", "sentiment": "neutral", "time": "Tue Mar 15 04:11:44 +0000 2016"}
{"polarity": 0.0, "location": "Seattle, WA", "sentiment": "neutral", "time": "Tue Mar 15 04:11:47 +0000 2016"}
{"polarity": -0.3, "location": "New York, NY", "sentiment": "negative", "time": "Tue Mar 15 04:11:51 +0000 2016"}
{"polarity": 0.1, "location": "Portland, OR", "sentiment": "positive", "time": "Tue Mar 15 04:11:58 +0000 2016"}
{"polarity": 0.5, "location": "Atlanta, GA", "sentiment": "positive", "time": "Tue Mar 15 04:56:00 +0000 2016"}
{"polarity": 0.0, "location": "San Diego, CA", "sentiment": "neutral", "time": "Tue Mar 15 04:56:17 +0000 2016"}
{"polarity": -0.175, "location": "St. Louis, MO", "sentiment": "negative", "time": "Tue Mar 15 04:56:26 +0000 2016"}
{"polarity": 0.0, "location": "Portland, OR", "sentiment": "neutral", "time": "Tue Mar 15 04:56:46 +0000 2016"}
{"polarity": 0.0, "location": "Boston, MA", "sentiment": "neutral", "time": "Tue Mar 15 04:56:53 +0000 2016"}
{"polarity": 0.0, "location": "Seattle, WA", "sentiment": "neutral", "time": "Tue Mar 15 04:56:53 +0000 2016"}
{"polarity": 0.2, "location": "New York, NY", "sentiment": "positive", "time": "Tue Mar 15 04:47:00 +0000 2016"}
{"polarity": 0.0, "location": "Orlando, FL", "sentiment": "neutral", "time": "Tue Mar 15 04:47:12 +0000 2016"}
{"polarity": 0.4, "location": "Phoenix, AZ", "sentiment": "positive", "time": "Tue Mar 15 04:47:20 +0000 2016"}
{"polarity": -0.025, "location": "Atlanta, GA", "sentiment": "negative", "time": "Tue Mar 15 04:47:43 +0000 2016"}
{"polarity": 0.0, "location": "Atlanta, GA", "sentiment": "neutral", "time": "Tue Mar 15 04:47:47 +0000 2016"}
{"polarity": 0.0, "location": "New York, NY", "sentiment": "neutral", "time": "Tue Mar 15 04:52:04 +0000 2016"}
{"polarity": 0.2857142857142857, "location": "San Diego, CA", "sentiment": "positive", "time": "Tue Mar 15 04:52:05 +0000 2016"}
{"polarity": 0.0, "location": "New York, NY", "sentiment": "neutral", "time": "Tue Mar 15 04:52:18 +0000 2016"}
{"polarity": 0.5, "location": "San Diego, CA", "sentiment": "positive", "time": "Tue Mar 15 04:52:19 +0000 2016"}
{"polarity": -0.4, "location": "Atlanta, GA", "sentiment": "negative", "time": "Tue Mar 15 04:52:20 +0000 2016"}
{"polarity": 0.0, "location": "Phoenix, AZ", "sentiment": "neutral", "time": "Tue Mar 15 04:52:22 +0000 2016"}
{"polarity": -0.2, "location": "Atlanta, GA", "sentiment": "negative", "time": "Tue Mar 15 04:52:33 +0000 2016"}
{"polarity": 0.2275, "location": "New York, NY", "sentiment": "positive", "time": "Tue Mar 15 04:52:36 +0000 2016"}
{"polarity": 0.4, "location": "St. Louis, MO", "sentiment": "positive", "time": "Tue Mar 15 04:52:49 +0000 2016"}
{"polarity": 0.0, "location": "San Diego, CA", "sentiment": "neutral", "time": "Tue Mar 15 04:52:52 +0000 2016"}
{"polarity": 0.0, "location": "New York, NY", "sentiment": "neutral", "time": "Tue Mar 15 04:53:00 +0000 2016"}
{"polarity": 0.0, "location": "San Diego, CA", "sentiment": "neutral", "time": "Tue Mar 15 04:53:03 +0000 2016"}
{"polarity": -0.13333333333333333, "location": "New York, NY", "sentiment": "negative", "time": "Tue Mar 15 04:53:28 +0000 2016"}
{"polarity": 0.03333333333333333, "location": "New York, NY", "sentiment": "positive", "time": "Tue Mar 15 04:53:39 +0000 2016"}
{"polarity": 0.6065340909090909, "location": "Phoenix, AZ", "sentiment": "positive", "time": "Tue Mar 15 04:02:02 +0000 2016"}
{"polarity": 0.0, "location": "Atlanta, GA", "sentiment": "neutral", "time": "Tue Mar 15 04:02:06 +0000 2016"}
{"polarity": 0.6, "location": "New York, NY", "sentiment": "positive", "time": "Tue Mar 15 04:02:13 +0000 2016"}
{"polarity": 0.0, "location": "Portland, OR", "sentiment": "neutral", "time": "Tue Mar 15 04:02:24 +0000 2016"}
{"polarity": 0.0, "location": "Phoenix, AZ", "sentiment": "neutral", "time": "Tue Mar 15 04:02:25 +0000 2016"}
{"polarity": 0.35, "location": "New York, NY", "sentiment": "positive", "time": "Tue Mar 15 04:02:27 +0000 2016"}
{"polarity": -0.1, "location": "Phoenix, AZ", "sentiment": "negative", "time": "Tue Mar 15 04:02:28 +0000 2016"}
{"polarity": 0.0, "location": "Boston, MA", "sentiment": "neutral", "time": "Tue Mar 15 04:02:42 +0000 2016"}
{"polarity": 0.0, "location": "Seattle, WA", "sentiment": "neutral", "time": "Tue Mar 15 04:02:48 +0000 2016"}
{"polarity": 0.5, "location": "New York, NY", "sentiment": "positive", "time": "Tue Mar 15 04:02:56 +0000 2016"}
{"polarity": 0.4, "location": "New York, NY", "sentiment": "positive", "time": "Tue Mar 15 04:48:09 +0000 2016"}
{"polarity": 0.6083333333333334, "location": "Phoenix, AZ", "sentiment": "positive", "time": "Tue Mar 15 04:48:11 +0000 2016"}
{"polarity": 0.0, "location": "San Diego, CA", "sentiment": "neutral", "time": "Tue Mar 15 04:48:24 +0000 2016"}
{"polarity": 0.6, "location": "Portland, OR", "sentiment": "positive", "time": "Tue Mar 15 04:48:31 +0000 2016"}
{"polarity": -0.09999999999999992, "location": "New York, NY", "sentiment": "negative", "time": "Tue Mar 15 04:48:31 +0000 2016"}
{"polarity": 0.0, "location": "Seattle, WA", "sentiment": "neutral", "time": "Tue Mar 15 04:48:39 +0000 2016"}
{"polarity": -0.16666666666666666, "location": "San Diego, CA", "sentiment": "negative", "time": "Tue Mar 15 04:48:49 +0000 2016"}
{"polarity": 0.0, "location": "Seattle, WA", "sentiment": "neutral", "time": "Tue Mar 15 04:25:06 +0000 2016"}
{"polarity": 0.0, "location": "Portland, OR", "sentiment": "neutral", "time": "Tue Mar 15 04:25:10 +0000 2016"}
{"polarity": 1.0, "location": "Orlando, FL", "sentiment": "positive", "time": "Tue Mar 15 04:25:17 +0000 2016"}
{"polarity": 0.0, "location": "Seattle, WA", "sentiment": "neutral", "time": "Tue Mar 15 04:25:17 +0000 2016"}
{"polarity": 0.13636363636363635, "location": "San Diego, CA", "sentiment": "positive", "time": "Tue Mar 15 04:25:20 +0000 2016"}
{"polarity": 0.8, "location": "Atlanta, GA", "sentiment": "positive", "time": "Tue Mar 15 04:25:33 +0000 2016"}
{"polarity": 0.0, "location": "Seattle, WA", "sentiment": "neutral", "time": "Tue Mar 15 04:25:46 +0000 2016"}
{"polarity": 0.0, "location": "Atlanta, GA", "sentiment": "neutral", "time": "Tue Mar 15 04:25:46 +0000 2016"}
{"polarity": 0.09999999999999998, "location": "Seattle, WA", "sentiment": "positive", "time": "Tue Mar 15 04:25:48 +0000 2016"}
{"polarity": 0.0, "location": "Portland, OR", "sentiment": "neutral", "time": "Tue Mar 15 04:25:53 +0000 2016"}
{"polarity": 0.4375, "location": "San Diego, CA", "sentiment": "positive", "time": "Tue Mar 15 04:25:58 +0000 2016"}
{"polarity": -0.6071428571428572, "location": "Seattle, WA", "sentiment": "negative", "time": "Tue Mar 15 04:16:04 +0000 2016"}
{"polarity": 0.4, "location": "Seattle, WA", "sentiment": "positive", "time": "Tue Mar 15 04:16:04 +0000 2016"}
{"polarity": 0.0, "location": "Atlanta, GA", "sentiment": "neutral", "time": "Tue Mar 15 04:16:09 +0000 2016"}
{"polarity": 0.0, "location": "Boston, MA", "sentiment": "neutral", "time": "Tue Mar 15 04:16:11 +0000 2016"}
{"polarity": 0.06666666666666667, "location": "Atlanta, GA", "sentiment": "positive", "time": "Tue Mar 15 04:16:15 +0000 2016"}
{"polarity": -0.5, "location": "Orlando, FL", "sentiment": "negative", "time": "Tue Mar 15 04:16:17 +0000 2016"}
{"polarity": 0.0, "location": "Phoenix, AZ", "sentiment": "neutral", "time": "Tue Mar 15 04:16:21 +0000 2016"}
{"polarity": 0.8, "location": "New York, NY", "sentiment": "positive", "time": "Tue Mar 15 04:16:21 +0000 2016"}
{"polarity": -0.8, "location": "Orlando, FL", "sentiment": "negative", "time": "Tue Mar 15 04:16:51 +0000 2016"}
{"polarity": -0.2, "location": "New York, NY", "sentiment": "negative", "time": "Tue Mar 15 04:16:56 +0000 2016"}
{"polarity": 0.0, "location": "Atlanta, GA", "sentiment": "neutral", "time": "Tue Mar 15 04:16:56 +0000 2016"}
{"polarity": 0.0, "location": "Atlanta, GA", "sentiment": "neutral", "time": "Tue Mar 15 04:16:57 +0000 2016"}
{"polarity": 0.0, "location": "Atlanta, GA", "sentiment": "neutral", "time": "Tue Mar 15 04:14:09 +0000 2016"}
{"polarity": 0.0, "location": "Atlanta, GA", "sentiment": "neutral", "time": "Tue Mar 15 04:14:17 +0000 2016"}
{"polarity": -0.0638888888888889, "location": "Portland, OR", "sentiment": "negative", "time": "Tue Mar 15 04:14:20 +0000 2016"}
{"polarity": 0.0, "location": "Seattle, WA", "sentiment": "neutral", "time": "Tue Mar 15 04:14:30 +0000 2016"}
{"polarity": 0.0, "location": "Atlanta, GA", "sentiment": "neutral", "time": "Tue Mar 15 04:14:30 +0000 2016"}
{"polarity": 0.0, "location": "Boston, MA", "sentiment": "neutral", "time": "Tue Mar 15 04:14:30 +0000 2016"}
{"polarity": 0.0, "location": "New York, NY", "sentiment": "neutral", "time": "Tue Mar 15 04:14:48 +0000 2016"}
{"polarity": 0.0, "location": "Seattle, WA", "sentiment": "neutral", "time": "Tue Mar 15 04:23:01 +0000 2016"}
{"polarity": 0.0, "location": "Portland, OR", "sentiment": "neutral", "time": "Tue Mar 15 04:23:18 +0000 2016"}
{"polarity": 0.6166666666666667, "location": "San Diego, CA", "sentiment": "positive", "time": "Tue Mar 15 04:23:23 +0000 2016"}
{"polarity": 0.13636363636363635, "location": "Portland, OR", "sentiment": "positive", "time": "Tue Mar 15 04:23:24 +0000 2016"}
{"polarity": 0.0, "location": "Atlanta, GA", "sentiment": "neutral", "time": "Tue Mar 15 04:23:32 +0000 2016"}
{"polarity": 0.0, "location": "Atlanta, GA", "sentiment": "neutral", "time": "Tue Mar 15 04:23:41 +0000 2016"}
{"polarity": 0.5222222222222223, "location": "San Diego, CA", "sentiment": "positive", "time": "Tue Mar 15 04:23:54 +0000 2016"}
{"polarity": 0.0, "location": "New York, NY", "sentiment": "neutral", "time": "Tue Mar 15 04:07:02 +0000 2016"}
{"polarity": 0.0, "location": "Seattle, WA", "sentiment": "neutral", "time": "Tue Mar 15 04:07:07 +0000 2016"}
{"polarity": -1.0, "location": "Atlanta, GA", "sentiment": "negative", "time": "Tue Mar 15 04:07:08 +0000 2016"}
{"polarity": 0.0, "location": "Portland, OR", "sentiment": "neutral", "time": "Tue Mar 15 04:07:10 +0000 2016"}
{"polarity": 0.0, "location": "Atlanta, GA", "sentiment": "neutral", "time": "Tue Mar 15 04:07:11 +0000 2016"}
{"polarity": 0.0, "location": "Seattle, WA", "sentiment": "neutral", "time": "Tue Mar 15 04:07:24 +0000 2016"}
{"polarity": -0.15555555555555559, "location": "Phoenix, AZ", "sentiment": "negative", "time": "Tue Mar 15 04:07:28 +0000 2016"}
{"polarity": -0.28181818181818175, "location": "Seattle, WA", "sentiment": "negative", "time": "Tue Mar 15 04:07:28 +0000 2016"}
{"polarity": 0.0, "location": "Boston, MA", "sentiment": "neutral", "time": "Tue Mar 15 04:07:33 +0000 2016"}
{"polarity": 0.14285714285714285, "location": "New York, NY", "sentiment": "positive", "time": "Tue Mar 15 04:07:34 +0000 2016"}
{"polarity": 0.0, "location": "New York, NY", "sentiment": "neutral", "time": "Tue Mar 15 04:07:41 +0000 2016"}
{"polarity": 0.0, "location": "Atlanta, GA", "sentiment": "neutral", "time": "Tue Mar 15 04:07:45 +0000 2016"}
{"polarity": 0.0, "location": "Atlanta, GA", "sentiment": "neutral", "time": "Tue Mar 15 04:07:45 +0000 2016"}
{"polarity": 0.1, "location": "Phoenix, AZ", "sentiment": "positive", "time": "Tue Mar 15 04:07:48 +0000 2016"}
{"polarity": -1.0, "location": "New York, NY", "sentiment": "negative", "time": "Tue Mar 15 04:07:49 +0000 2016"}
{"polarity": -0.16666666666666666, "location": "New York, NY", "sentiment": "negative", "time": "Tue Mar 15 04:07:50 +0000 2016"}
{"polarity": 0.85, "location": "San Diego, CA", "sentiment": "positive", "time": "Tue Mar 15 04:07:59 +0000 2016"}
{"polarity": 0.0, "location": "San Diego, CA", "sentiment": "neutral", "time": "Tue Mar 15 04:51:02 +0000 2016"}
{"polarity": 0.2111111111111111, "location": "Boston, MA", "sentiment": "positive", "time": "Tue Mar 15 04:51:10 +0000 2016"}
{"polarity": 0.8, "location": "Boston, MA", "sentiment": "positive", "time": "Tue Mar 15 04:51:13 +0000 2016"}
{"polarity": 0.475, "location": "Atlanta, GA", "sentiment": "positive", "time": "Tue Mar 15 04:51:18 +0000 2016"}
{"polarity": 0.0, "location": "Seattle, WA", "sentiment": "neutral", "time": "Tue Mar 15 04:51:28 +0000 2016"}
{"polarity": 0.0, "location": "Seattle, WA", "sentiment": "neutral", "time": "Tue Mar 15 04:51:43 +0000 2016"}
{"polarity": 0.0, "location": "New York, NY", "sentiment": "neutral", "time": "Tue Mar 15 04:30:01 +0000 2016"}
{"polarity": 0.25, "location": "Atlanta, GA", "sentiment": "positive", "time": "Tue Mar 15 04:30:04 +0000 2016"}
{"polarity": 0.5, "location": "San Diego, CA", "sentiment": "positive", "time": "Tue Mar 15 04:30:09 +0000 2016"}
{"polarity": 0.0, "location": "San Diego, CA", "sentiment": "neutral", "time": "Tue Mar 15 04:30:13 +0000 2016"}
{"polarity": 0.0, "location": "San Diego, CA", "sentiment": "neutral", "time": "Tue Mar 15 04:30:22 +0000 2016"}
{"polarity": 0.3333333333333333, "location": "Orlando, FL", "sentiment": "positive", "time": "Tue Mar 15 04:30:25 +0000 2016"}
{"polarity": -0.15, "location": "Seattle, WA", "sentiment": "negative", "time": "Tue Mar 15 04:30:38 +0000 2016"}
{"polarity": 0.5, "location": "Portland, OR", "sentiment": "positive", "time": "Tue Mar 15 04:30:43 +0000 2016"}
{"polarity": 0.0, "location": "Atlanta, GA", "sentiment": "neutral", "time": "Tue Mar 15 04:30:48 +0000 2016"}
{"polarity": 0.26785714285714285, "location": "New York, NY", "sentiment": "positive", "time": "Tue Mar 15 04:30:52 +0000 2016"}
{"polarity": 0.0, "location": "Boston, MA", "sentiment": "neutral", "time": "Tue Mar 15 04:30:58 +0000 2016"}
{"polarity": 0.0, "location": "Orlando, FL", "sentiment": "neutral", "time": "Tue Mar 15 04:03:02 +0000 2016"}
{"polarity": 0.0, "location": "Orlando, FL", "sentiment": "neutral", "time": "Tue Mar 15 04:03:06 +0000 2016"}
{"polarity": 0.0, "location": "Atlanta, GA", "sentiment": "neutral", "time": "Tue Mar 15 04:03:12 +0000 2016"}
{"polarity": -0.6, "location": "Orlando, FL", "sentiment": "negative", "time": "Tue Mar 15 04:03:30 +0000 2016"}
{"polarity": 0.0, "location": "Portland, OR", "sentiment": "neutral", "time": "Tue Mar 15 04:03:32 +0000 2016"}
{"polarity": 0.0, "location": "San Diego, CA", "sentiment": "neutral", "time": "Tue Mar 15 04:03:51 +0000 2016"}
{"polarity": 0.34375, "location": "New York, NY", "sentiment": "positive", "time": "Tue Mar 15 04:03:57 +0000 2016"}
{"polarity": 0.0, "location": "San Diego, CA", "sentiment": "neutral", "time": "Tue Mar 15 04:03:58 +0000 2016"}
{"polarity": 0.0, "location": "San Diego, CA", "sentiment": "neutral", "time": "Tue Mar 15 04:40:00 +0000 2016"}
{"polarity": 0.0, "location": "Atlanta, GA", "sentiment": "neutral", "time": "Tue Mar 15 04:40:03 +0000 2016"}
{"polarity": 0.0, "location": "San Diego, CA", "sentiment": "neutral", "time": "Tue Mar 15 04:40:07 +0000 2016"}
{"polarity": 0.0, "location": "New York, NY", "sentiment": "neutral", "time": "Tue Mar 15 04:40:07 +0000 2016"}
{"polarity": 0.13636363636363635, "location": "Atlanta, GA", "sentiment": "positive", "time": "Tue Mar 15 04:40:10 +0000 2016"}
{"polarity": 0.0, "location": "New York, NY", "sentiment": "neutral", "time": "Tue Mar 15 04:40:34 +0000 2016"}
{"polarity": 0.5, "location": "New York, NY", "sentiment": "positive", "time": "Tue Mar 15 04:40:35 +0000 2016"}
{"polarity": 0.46875, "location": "Seattle, WA", "sentiment": "positive", "time": "Tue Mar 15 04:40:42 +0000 2016"}
{"polarity": 0.0, "location": "Atlanta, GA", "sentiment": "neutral", "time": "Tue Mar 15 04:40:42 +0000 2016"}
{"polarity": 0.0, "location": "Seattle, WA", "sentiment": "neutral", "time": "Tue Mar 15 04:40:45 +0000 2016"}
{"polarity": 0.0, "location": "Boston, MA", "sentiment": "neutral", "time": "Tue Mar 15 04:08:07 +0000 2016"}
{"polarity": 0.22348484848484848, "location": "Seattle, WA", "sentiment": "positive", "time": "Tue Mar 15 04:08:08 +0000 2016"}
{"polarity": 0.5, "location": "San Diego, CA", "sentiment": "positive", "time": "Tue Mar 15 04:08:17 +0000 2016"}
{"polarity": 0.0, "location": "San Diego, CA", "sentiment": "neutral", "time": "Tue Mar 15 04:08:25 +0000 2016"}
{"polarity": 0.0, "location": "Boston, MA", "sentiment": "neutral", "time": "Tue Mar 15 04:08:39 +0000 2016"}
{"polarity": 0.8, "location": "San Diego, CA", "sentiment": "positive", "time": "Tue Mar 15 04:08:40 +0000 2016"}
{"polarity": 0.05, "location": "Orlando, FL", "sentiment": "positive", "time": "Tue Mar 15 04:08:42 +0000 2016"}
{"polarity": 0.0, "location": "Portland, OR", "sentiment": "neutral", "time": "Tue Mar 15 04:08:52 +0000 2016"}
{"polarity": 0.43333333333333335, "location": "Atlanta, GA", "sentiment": "positive", "time": "Tue Mar 15 04:08:53 +0000 2016"}
{"polarity": 0.0, "location": "New York, NY", "sentiment": "neutral", "time": "Tue Mar 15 04:35:03 +0000 2016"}
{"polarity": -0.18571428571428572, "location": "Atlanta, GA", "sentiment": "negative", "time": "Tue Mar 15 04:35:12 +0000 2016"}
{"polarity": 0.0, "location": "New York, NY", "sentiment": "neutral", "time": "Tue Mar 15 04:35:15 +0000 2016"}
{"polarity": 0.0, "location": "San Diego, CA", "sentiment": "neutral", "time": "Tue Mar 15 04:35:22 +0000 2016"}
{"polarity": -0.4, "location": "Atlanta, GA", "sentiment": "negative", "time": "Tue Mar 15 04:35:28 +0000 2016"}
{"polarity": 0.2857142857142857, "location": "New York, NY", "sentiment": "positive", "time": "Tue Mar 15 04:35:38 +0000 2016"}
{"polarity": 0.43333333333333335, "location": "Boston, MA", "sentiment": "positive", "time": "Tue Mar 15 04:35:45 +0000 2016"}
{"polarity": 0.0, "location": "Seattle, WA", "sentiment": "neutral", "time": "Tue Mar 15 04:35:55 +0000 2016"}
{"polarity": 0.0, "location": "Phoenix, AZ", "sentiment": "neutral", "time": "Tue Mar 15 04:43:00 +0000 2016"}
{"polarity": 0.0, "location": "New York, NY", "sentiment": "neutral", "time": "Tue Mar 15 04:43:04 +0000 2016"}
{"polarity": 0.2, "location": "Portland, OR", "sentiment": "positive", "time": "Tue Mar 15 04:43:16 +0000 2016"}
{"polarity": -0.5, "location": "Atlanta, GA", "sentiment": "negative", "time": "Tue Mar 15 04:43:17 +0000 2016"}
{"polarity": 0.0, "location": "San Diego, CA", "sentiment": "neutral", "time": "Tue Mar 15 04:43:36 +0000 2016"}
{"polarity": 0.0, "location": "Seattle, WA", "sentiment": "neutral", "time": "Tue Mar 15 04:43:44 +0000 2016"}
{"polarity": 0.5, "location": "Atlanta, GA", "sentiment": "positive", "time": "Tue Mar 15 04:43:44 +0000 2016"}
{"polarity": 0.5, "location": "Atlanta, GA", "sentiment": "positive", "time": "Tue Mar 15 04:43:43 +0000 2016"}
{"polarity": 0.0, "location": "Phoenix, AZ", "sentiment": "neutral", "time": "Tue Mar 15 04:43:47 +0000 2016"}
{"polarity": 0.0, "location": "New York, NY", "sentiment": "neutral", "time": "Tue Mar 15 04:43:47 +0000 2016"}
{"polarity": 0.5, "location": "Atlanta, GA", "sentiment": "positive", "time": "Tue Mar 15 04:10:02 +0000 2016"}
{"polarity": 0.0, "location": "Portland, OR", "sentiment": "neutral", "time": "Tue Mar 15 04:10:03 +0000 2016"}
{"polarity": 0.0, "location": "Seattle, WA", "sentiment": "neutral", "time": "Tue Mar 15 04:10:04 +0000 2016"}
{"polarity": 0.7, "location": "New York, NY", "sentiment": "positive", "time": "Tue Mar 15 04:10:05 +0000 2016"}
{"polarity": 0.6000000000000001, "location": "Atlanta, GA", "sentiment": "positive", "time": "Tue Mar 15 04:10:05 +0000 2016"}
{"polarity": 0.0, "location": "Atlanta, GA", "sentiment": "neutral", "time": "Tue Mar 15 04:10:18 +0000 2016"}
{"polarity": -0.6, "location": "Boston, MA", "sentiment": "negative", "time": "Tue Mar 15 04:10:31 +0000 2016"}
{"polarity": -1.0, "location": "Portland, OR", "sentiment": "negative", "time": "Tue Mar 15 04:10:56 +0000 2016"}
{"polarity": 0.0, "location": "Seattle, WA", "sentiment": "neutral", "time": "Tue Mar 15 04:54:04 +0000 2016"}
{"polarity": 0.0, "location": "Atlanta, GA", "sentiment": "neutral", "time": "Tue Mar 15 04:54:08 +0000 2016"}
{"polarity": 0.0, "location": "Seattle, WA", "sentiment": "neutral", "time": "Tue Mar 15 04:54:14 +0000 2016"}
{"polarity": 0.0, "location": "New York, NY", "sentiment": "neutral", "time": "Tue Mar 15 04:54:22 +0000 2016"}
{"polarity": -0.6, "location": "Seattle, WA", "sentiment": "negative", "time": "Tue Mar 15 04:54:45 +0000 2016"}
{"polarity": 0.0, "location": "Atlanta, GA", "sentiment": "neutral", "time": "Tue Mar 15 04:54:47 +0000 2016"}
{"polarity": 0.16666666666666666, "location": "Atlanta, GA", "sentiment": "positive", "time": "Tue Mar 15 04:54:48 +0000 2016"}
{"polarity": 0.0, "location": "Phoenix, AZ", "sentiment": "neutral", "time": "Tue Mar 15 04:24:00 +0000 2016"}
{"polarity": 0.0, "location": "Seattle, WA", "sentiment": "neutral", "time": "Tue Mar 15 04:24:03 +0000 2016"}
{"polarity": 0.625, "location": "Seattle, WA", "sentiment": "positive", "time": "Tue Mar 15 04:24:05 +0000 2016"}
{"polarity": 0.0, "location": "Orlando, FL", "sentiment": "neutral", "time": "Tue Mar 15 04:24:17 +0000 2016"}
{"polarity": 0.0, "location": "Boston, MA", "sentiment": "neutral", "time": "Tue Mar 15 04:24:20 +0000 2016"}
{"polarity": 0.18333333333333335, "location": "Seattle, WA", "sentiment": "positive", "time": "Tue Mar 15 04:24:45 +0000 2016"}
{"polarity": 0.0, "location": "San Diego, CA", "sentiment": "neutral", "time": "Tue Mar 15 04:32:00 +0000 2016"}
{"polarity": 0.0, "location": "Atlanta, GA", "sentiment": "neutral", "time": "Tue Mar 15 04:32:06 +0000 2016"}
{"polarity": 0.5, "location": "Portland, OR", "sentiment": "positive", "time": "Tue Mar 15 04:32:13 +0000 2016"}
{"polarity": -0.09999999999999992, "location": "New York, NY", "sentiment": "negative", "time": "Tue Mar 15 04:32:19 +0000 2016"}
{"polarity": 0.0, "location": "Atlanta, GA", "sentiment": "neutral", "time": "Tue Mar 15 04:32:23 +0000 2016"}
{"polarity": 0.25, "location": "Seattle, WA", "sentiment": "positive", "time": "Tue Mar 15 04:32:34 +0000 2016"}
{"polarity": 0.0, "location": "New York, NY", "sentiment": "neutral", "time": "Tue Mar 15 04:32:47 +0000 2016"}
{"polarity": 0.0, "location": "New York, NY", "sentiment": "neutral", "time": "Tue Mar 15 04:32:55 +0000 2016"}
{"polarity": 0.0, "location": "Atlanta, GA", "sentiment": "neutral", "time": "Tue Mar 15 04:32:59 +0000 2016"}
{"polarity": 0.7, "location": "Boston, MA", "sentiment": "positive", "time": "Tue Mar 15 04:36:06 +0000 2016"}
{"polarity": 0.0, "location": "Boston, MA", "sentiment": "neutral", "time": "Tue Mar 15 04:36:10 +0000 2016"}
{"polarity": 0.0, "location": "Phoenix, AZ", "sentiment": "neutral", "time": "Tue Mar 15 04:36:20 +0000 2016"}
{"polarity": 0.0, "location": "Atlanta, GA", "sentiment": "neutral", "time": "Tue Mar 15 04:36:25 +0000 2016"}
{"polarity": 0.75, "location": "Seattle, WA", "sentiment": "positive", "time": "Tue Mar 15 04:36:30 +0000 2016"}
{"polarity": 0.32499999999999996, "location": "Phoenix, AZ", "sentiment": "positive", "time": "Tue Mar 15 04:36:39 +0000 2016"}
{"polarity": 0.0, "location": "Seattle, WA", "sentiment": "neutral", "time": "Tue Mar 15 04:36:51 +0000 2016"}
{"polarity": 0.6666666666666666, "location": "San Diego, CA", "sentiment": "positive", "time": "Tue Mar 15 04:01:02 +0000 2016"}
{"polarity": -0.08333333333333333, "location": "Atlanta, GA", "sentiment": "negative", "time": "Tue Mar 15 04:01:05 +0000 2016"}
{"polarity": 0.1111111111111111, "location": "Seattle, WA", "sentiment": "positive", "time": "Tue Mar 15 04:01:09 +0000 2016"}
{"polarity": 0.0, "location": "Portland, OR", "sentiment": "neutral", "time": "Tue Mar 15 04:01:18 +0000 2016"}
{"polarity": 0.0, "location": "New York, NY", "sentiment": "neutral", "time": "Tue Mar 15 04:01:21 +0000 2016"}
{"polarity": 0.04545454545454545, "location": "Seattle, WA", "sentiment": "positive", "time": "Tue Mar 15 04:01:23 +0000 2016"}
{"polarity": 0.3333333333333333, "location": "San Diego, CA", "sentiment": "positive", "time": "Tue Mar 15 04:01:24 +0000 2016"}
{"polarity": 0.5, "location": "Phoenix, AZ", "sentiment": "positive", "time": "Tue Mar 15 04:01:38 +0000 2016"}
{"polarity": -0.16666666666666666, "location": "Atlanta, GA", "sentiment": "negative", "time": "Tue Mar 15 04:01:54 +0000 2016"}
{"polarity": 0.0, "location": "San Diego, CA", "sentiment": "neutral", "time": "Tue Mar 15 04:01:54 +0000 2016"}
{"polarity": 0.0, "location": "New York, NY", "sentiment": "neutral", "time": "Tue Mar 15 04:01:59 +0000 2016"}
{"polarity": 0.0, "location": "Orlando, FL", "sentiment": "neutral", "time": "Tue Mar 15 04:55:03 +0000 2016"}
{"polarity": 0.0, "location": "New York, NY", "sentiment": "neutral", "time": "Tue Mar 15 04:55:04 +0000 2016"}
{"polarity": 0.5, "location": "Phoenix, AZ", "sentiment": "positive", "time": "Tue Mar 15 04:55:14 +0000 2016"}
{"polarity": 0.0, "location": "San Diego, CA", "sentiment": "neutral", "time": "Tue Mar 15 04:55:15 +0000 2016"}
{"polarity": 0.4267857142857143, "location": "Phoenix, AZ", "sentiment": "positive", "time": "Tue Mar 15 04:55:17 +0000 2016"}
{"polarity": 0.0, "location": "Portland, OR", "sentiment": "neutral", "time": "Tue Mar 15 04:55:32 +0000 2016"}
{"polarity": 0.0, "location": "Atlanta, GA", "sentiment": "neutral", "time": "Tue Mar 15 04:55:45 +0000 2016"}
{"polarity": 0.0, "location": "Atlanta, GA", "sentiment": "neutral", "time": "Tue Mar 15 04:55:54 +0000 2016"}
{"polarity": 0.0, "location": "Orlando, FL", "sentiment": "neutral", "time": "Tue Mar 15 04:55:54 +0000 2016"}
{"polarity": 0.0, "location": "Seattle, WA", "sentiment": "neutral", "time": "Tue Mar 15 04:55:57 +0000 2016"}
{"polarity": -0.5, "location": "Portland, OR", "sentiment": "negative", "time": "Tue Mar 15 04:09:05 +0000 2016"}
{"polarity": 0.13636363636363635, "location": "Portland, OR", "sentiment": "positive", "time": "Tue Mar 15 04:09:05 +0000 2016"}
{"polarity": 0.05555555555555555, "location": "San Diego, CA", "sentiment": "positive", "time": "Tue Mar 15 04:09:19 +0000 2016"}
{"polarity": -0.0625, "location": "New York, NY", "sentiment": "negative", "time": "Tue Mar 15 04:09:35 +0000 2016"}
{"polarity": 0.0, "location": "Atlanta, GA", "sentiment": "neutral", "time": "Tue Mar 15 04:09:40 +0000 2016"}
{"polarity": -0.05, "location": "Boston, MA", "sentiment": "negative", "time": "Tue Mar 15 04:09:44 +0000 2016"}
{"polarity": 0.7000000000000001, "location": "Atlanta, GA", "sentiment": "positive", "time": "Tue Mar 15 04:09:45 +0000 2016"}
{"polarity": -0.25, "location": "Orlando, FL", "sentiment": "negative", "time": "Tue Mar 15 04:09:48 +0000 2016"}
{"polarity": -0.4, "location": "Boston, MA", "sentiment": "negative", "time": "Tue Mar 15 04:09:55 +0000 2016"}
{"polarity": 0.7, "location": "Boston, MA", "sentiment": "positive", "time": "Tue Mar 15 04:33:00 +0000 2016"}
{"polarity": 0.8, "location": "San Diego, CA", "sentiment": "positive", "time": "Tue Mar 15 04:33:11 +0000 2016"}
{"polarity": 0.2125, "location": "New York, NY", "sentiment": "positive", "time": "Tue Mar 15 04:33:20 +0000 2016"}
{"polarity": 0.5, "location": "New York, NY", "sentiment": "positive", "time": "Tue Mar 15 04:33:41 +0000 2016"}
{"polarity": 0.0, "location": "Atlanta, GA", "sentiment": "neutral", "time": "Tue Mar 15 04:33:46 +0000 2016"}
{"polarity": 0.0, "location": "Seattle, WA", "sentiment": "neutral", "time": "Tue Mar 15 04:33:53 +0000 2016"}
{"polarity": 0.5, "location": "Orlando, FL", "sentiment": "positive", "time": "Tue Mar 15 04:33:56 +0000 2016"}
{"polarity": 0.0, "location": "Boston, MA", "sentiment": "neutral", "time": "Tue Mar 15 04:33:56 +0000 2016"}
{"polarity": 0.375, "location": "Portland, OR", "sentiment": "positive", "time": "Tue Mar 15 04:33:57 +0000 2016"}
{"polarity": -0.015873015873015872, "location": "Phoenix, AZ", "sentiment": "negative", "time": "Tue Mar 15 04:44:07 +0000 2016"}
{"polarity": 0.8, "location": "Atlanta, GA", "sentiment": "positive", "time": "Tue Mar 15 04:44:08 +0000 2016"}
{"polarity": 0.35, "location": "Phoenix, AZ", "sentiment": "positive", "time": "Tue Mar 15 04:44:08 +0000 2016"}
{"polarity": 0.75, "location": "San Diego, CA", "sentiment": "positive", "time": "Tue Mar 15 04:44:27 +0000 2016"}
{"polarity": 0.4, "location": "Atlanta, GA", "sentiment": "positive", "time": "Tue Mar 15 04:44:38 +0000 2016"}
{"polarity": 0.0, "location": "Seattle, WA", "sentiment": "neutral", "time": "Tue Mar 15 04:44:40 +0000 2016"}
{"polarity": 0.4, "location": "Seattle, WA", "sentiment": "positive", "time": "Tue Mar 15 04:44:46 +0000 2016"}
{"polarity": -0.225, "location": "San Diego, CA", "sentiment": "negative", "time": "Tue Mar 15 04:44:53 +0000 2016"}
{"polarity": 0.0, "location": "Seattle, WA", "sentiment": "neutral", "time": "Tue Mar 15 04:44:55 +0000 2016"}
{"polarity": 0.475, "location": "Seattle, WA", "sentiment": "positive", "time": "Tue Mar 15 04:44:57 +0000 2016"}
{"polarity": 0.5, "location": "New York, NY", "sentiment": "positive", "time": "Tue Mar 15 04:28:02 +0000 2016"}
{"polarity": 0.0, "location": "New York, NY", "sentiment": "neutral", "time": "Tue Mar 15 04:28:22 +0000 2016"}
{"polarity": 0.0, "location": "Atlanta, GA", "sentiment": "neutral", "time": "Tue Mar 15 04:28:22 +0000 2016"}
{"polarity": 0.6, "location": "San Diego, CA", "sentiment": "positive", "time": "Tue Mar 15 04:28:29 +0000 2016"}
{"polarity": 0.0, "location": "Boston, MA", "sentiment": "neutral", "time": "Tue Mar 15 04:28:34 +0000 2016"}
{"polarity": 0.0, "location": "San Diego, CA", "sentiment": "neutral", "time": "Tue Mar 15 04:28:56 +0000 2016"}
{"polarity": 0.5, "location": "Orlando, FL", "sentiment": "positive", "time": "Tue Mar 15 04:22:04 +0000 2016"}
{"polarity": 0.0, "location": "Seattle, WA", "sentiment": "neutral", "time": "Tue Mar 15 04:22:09 +0000 2016"}
{"polarity": -0.3888888888888889, "location": "Phoenix, AZ", "sentiment": "negative", "time": "Tue Mar 15 04:22:31 +0000 2016"}
{"polarity": 0.0, "location": "Kansas City, KS", "sentiment": "neutral", "time": "Tue Mar 15 04:22:48 +0000 2016"}
{"polarity": 0.0, "location": "Atlanta, GA", "sentiment": "neutral", "time": "Tue Mar 15 04:22:51 +0000 2016"}
{"polarity": 0.0, "location": "San Diego, CA", "sentiment": "neutral", "time": "Tue Mar 15 04:22:56 +0000 2016"}
{"polarity": 1.0, "location": "New York, NY", "sentiment": "positive", "time": "Tue Mar 15 04:22:56 +0000 2016"}
{"polarity": 0.0, "location": "New York, NY", "sentiment": "neutral", "time": "Tue Mar 15 04:22:58 +0000 2016"}
{"polarity": 0.37499999999999994, "location": "Boston, MA", "sentiment": "positive", "time": "Tue Mar 15 04:49:09 +0000 2016"}
{"polarity": -0.26041666666666663, "location": "Portland, OR", "sentiment": "negative", "time": "Tue Mar 15 04:49:10 +0000 2016"}
{"polarity": 0.0, "location": "Seattle, WA", "sentiment": "neutral", "time": "Tue Mar 15 04:49:14 +0000 2016"}
{"polarity": 0.0, "location": "San Diego, CA", "sentiment": "neutral", "time": "Tue Mar 15 04:49:15 +0000 2016"}
{"polarity": 0.0, "location": "Seattle, WA", "sentiment": "neutral", "time": "Tue Mar 15 04:49:37 +0000 2016"}
{"polarity": 0.0, "location": "Atlanta, GA", "sentiment": "neutral", "time": "Tue Mar 15 04:49:37 +0000 2016"}
{"polarity": -0.07, "location": "Phoenix, AZ", "sentiment": "negative", "time": "Tue Mar 15 04:49:40 +0000 2016"}
{"polarity": -0.15, "location": "Phoenix, AZ", "sentiment": "negative", "time": "Tue Mar 15 04:49:45 +0000 2016"}
{"polarity": 0.35, "location": "Portland, OR", "sentiment": "positive", "time": "Tue Mar 15 04:49:47 +0000 2016"}
{"polarity": 0.875, "location": "Atlanta, GA", "sentiment": "positive", "time": "Tue Mar 15 04:49:49 +0000 2016"}
{"polarity": 0.0, "location": "San Diego, CA", "sentiment": "neutral", "time": "Tue Mar 15 04:49:50 +0000 2016"}
{"polarity": 0.0, "location": "Atlanta, GA", "sentiment": "neutral", "time": "Tue Mar 15 04:49:51 +0000 2016"}
{"polarity": 0.0, "location": "Seattle, WA", "sentiment": "neutral", "time": "Tue Mar 15 04:49:56 +0000 2016"}
{"polarity": 0.0, "location": "Phoenix, AZ", "sentiment": "neutral", "time": "Tue Mar 15 04:49:57 +0000 2016"}
{"polarity": -0.07, "location": "Phoenix, AZ", "sentiment": "negative", "time": "Tue Mar 15 04:49:40 +0000 2016"}
{"polarity": 0.8, "location": "New York, NY", "sentiment": "positive", "time": "Tue Mar 15 04:45:03 +0000 2016"}
{"polarity": 0.0, "location": "New York, NY", "sentiment": "neutral", "time": "Tue Mar 15 04:45:13 +0000 2016"}
{"polarity": 0.0, "location": "Phoenix, AZ", "sentiment": "neutral", "time": "Tue Mar 15 04:45:31 +0000 2016"}
{"polarity": 0.0, "location": "Seattle, WA", "sentiment": "neutral", "time": "Tue Mar 15 04:45:44 +0000 2016"}
{"polarity": 0.2, "location": "San Diego, CA", "sentiment": "positive", "time": "Tue Mar 15 04:45:52 +0000 2016"}
{"polarity": 0.3846153846153846, "location": "New York, NY", "sentiment": "positive", "time": "Tue Mar 15 04:06:00 +0000 2016"}
{"polarity": 0.0, "location": "Portland, OR", "sentiment": "neutral", "time": "Tue Mar 15 04:06:01 +0000 2016"}
{"polarity": 0.0, "location": "New York, NY", "sentiment": "neutral", "time": "Tue Mar 15 04:06:02 +0000 2016"}
{"polarity": 0.0, "location": "New York, NY", "sentiment": "neutral", "time": "Tue Mar 15 04:06:05 +0000 2016"}
{"polarity": 0.0, "location": "Atlanta, GA", "sentiment": "neutral", "time": "Tue Mar 15 04:06:33 +0000 2016"}
{"polarity": 0.0, "location": "San Diego, CA", "sentiment": "neutral", "time": "Tue Mar 15 04:06:39 +0000 2016"}
{"polarity": 0.7, "location": "St. Louis, MO", "sentiment": "positive", "time": "Tue Mar 15 04:06:54 +0000 2016"}
{"polarity": 0.13636363636363635, "location": "New York, NY", "sentiment": "positive", "time": "Tue Mar 15 04:20:09 +0000 2016"}
{"polarity": 0.13636363636363635, "location": "New York, NY", "sentiment": "positive", "time": "Tue Mar 15 04:20:13 +0000 2016"}
{"polarity": 0.0, "location": "St. Louis, MO", "sentiment": "neutral", "time": "Tue Mar 15 04:20:22 +0000 2016"}
{"polarity": -0.07142857142857142, "location": "Atlanta, GA", "sentiment": "negative", "time": "Tue Mar 15 04:20:25 +0000 2016"}
{"polarity": 0.0, "location": "Atlanta, GA", "sentiment": "neutral", "time": "Tue Mar 15 04:20:29 +0000 2016"}
{"polarity": 0.2, "location": "Boston, MA", "sentiment": "positive", "time": "Tue Mar 15 04:20:31 +0000 2016"}
{"polarity": 0.13636363636363635, "location": "New York, NY", "sentiment": "positive", "time": "Tue Mar 15 04:20:31 +0000 2016"}
{"polarity": 0.0, "location": "Phoenix, AZ", "sentiment": "neutral", "time": "Tue Mar 15 04:20:38 +0000 2016"}
{"polarity": 0.0, "location": "Orlando, FL", "sentiment": "neutral", "time": "Tue Mar 15 04:13:01 +0000 2016"}
{"polarity": 0.0, "location": "San Diego, CA", "sentiment": "neutral", "time": "Tue Mar 15 04:13:05 +0000 2016"}
{"polarity": 0.0, "location": "Seattle, WA", "sentiment": "neutral", "time": "Tue Mar 15 04:13:08 +0000 2016"}
{"polarity": -0.14583333333333334, "location": "Phoenix, AZ", "sentiment": "negative", "time": "Tue Mar 15 04:13:09 +0000 2016"}
{"polarity": 0.0, "location": "New York, NY", "sentiment": "neutral", "time": "Tue Mar 15 04:13:44 +0000 2016"}
{"polarity": 0.10000000000000003, "location": "Phoenix, AZ", "sentiment": "positive", "time": "Tue Mar 15 04:13:52 +0000 2016"}
{"polarity": 0.425, "location": "Atlanta, GA", "sentiment": "positive", "time": "Tue Mar 15 04:13:56 +0000 2016"}
{"polarity": 0.10000000000000002, "location": "Atlanta, GA", "sentiment": "positive", "time": "Tue Mar 15 04:04:05 +0000 2016"}
{"polarity": 0.0, "location": "San Diego, CA", "sentiment": "neutral", "time": "Tue Mar 15 04:04:05 +0000 2016"}
{"polarity": 0.1, "location": "Boston, MA", "sentiment": "positive", "time": "Tue Mar 15 04:04:17 +0000 2016"}
{"polarity": -0.5, "location": "Orlando, FL", "sentiment": "negative", "time": "Tue Mar 15 04:04:34 +0000 2016"}
{"polarity": 0.0, "location": "Phoenix, AZ", "sentiment": "neutral", "time": "Tue Mar 15 04:04:38 +0000 2016"}
{"polarity": 0.0, "location": "Atlanta, GA", "sentiment": "neutral", "time": "Tue Mar 15 04:04:45 +0000 2016"}
{"polarity": 0.5583333333333333, "location": "Atlanta, GA", "sentiment": "positive", "time": "Mon Mar 14 13:39:03 +0000 2016"}
{"polarity": 0.0, "location": "New York, NY", "sentiment": "neutral", "time": "Mon Mar 14 13:39:11 +0000 2016"}
{"polarity": -0.020238095238095243, "location": "New York, NY", "sentiment": "negative", "time": "Mon Mar 14 13:39:29 +0000 2016"}
{"polarity": 1.0, "location": "Atlanta, GA", "sentiment": "positive", "time": "Mon Mar 14 13:39:46 +0000 2016"}
{"polarity": -0.25, "location": "New York, NY", "sentiment": "negative", "time": "Mon Mar 14 13:39:49 +0000 2016"}
{"polarity": 0.1, "location": "Portland, OR", "sentiment": "positive", "time": "Mon Mar 14 13:39:50 +0000 2016"}
{"polarity": 0.0, "location": "New York, NY", "sentiment": "neutral", "time": "Mon Mar 14 13:39:55 +0000 2016"}
{"polarity": 0.0, "location": "Boston, MA", "sentiment": "neutral", "time": "Mon Mar 14 13:39:57 +0000 2016"}
{"polarity": 0.290625, "location": "San Diego, CA", "sentiment": "positive", "time": "Mon Mar 14 13:59:06 +0000 2016"}
{"polarity": 0.0, "location": "Portland, OR", "sentiment": "neutral", "time": "Mon Mar 14 13:59:08 +0000 2016"}
{"polarity": 0.0, "location": "San Diego, CA", "sentiment": "neutral", "time": "Mon Mar 14 13:59:20 +0000 2016"}
{"polarity": 0.0, "location": "Seattle, WA", "sentiment": "neutral", "time": "Mon Mar 14 13:59:28 +0000 2016"}
{"polarity": 0.0, "location": "Atlanta, GA", "sentiment": "neutral", "time": "Mon Mar 14 13:59:36 +0000 2016"}
{"polarity": 0.0, "location": "New York, NY", "sentiment": "neutral", "time": "Mon Mar 14 13:59:42 +0000 2016"}
{"polarity": 0.0, "location": "New York, NY", "sentiment": "neutral", "time": "Mon Mar 14 13:59:54 +0000 2016"}
{"polarity": 0.0, "location": "New York, NY", "sentiment": "neutral", "time": "Mon Mar 14 13:19:08 +0000 2016"}
{"polarity": 0.3571428571428571, "location": "Seattle, WA", "sentiment": "positive", "time": "Mon Mar 14 13:19:48 +0000 2016"}
{"polarity": 0.0, "location": "Atlanta, GA", "sentiment": "neutral", "time": "Mon Mar 14 13:37:14 +0000 2016"}
{"polarity": 0.0, "location": "Orlando, FL", "sentiment": "neutral", "time": "Mon Mar 14 13:37:30 +0000 2016"}
{"polarity": 0.2, "location": "Orlando, FL", "sentiment": "positive", "time": "Mon Mar 14 13:37:30 +0000 2016"}
{"polarity": 0.13636363636363635, "location": "New York, NY", "sentiment": "positive", "time": "Mon Mar 14 13:37:32 +0000 2016"}
{"polarity": 0.2833333333333334, "location": "New York, NY", "sentiment": "positive", "time": "Mon Mar 14 13:37:44 +0000 2016"}
{"polarity": 1.0, "location": "San Diego, CA", "sentiment": "positive", "time": "Mon Mar 14 13:31:24 +0000 2016"}
{"polarity": 0.0, "location": "New York, NY", "sentiment": "neutral", "time": "Mon Mar 14 13:31:30 +0000 2016"}
{"polarity": 0.0, "location": "Orlando, FL", "sentiment": "neutral", "time": "Mon Mar 14 13:31:35 +0000 2016"}
{"polarity": 0.0, "location": "Orlando, FL", "sentiment": "neutral", "time": "Mon Mar 14 13:31:45 +0000 2016"}
{"polarity": 0.5, "location": "Atlanta, GA", "sentiment": "positive", "time": "Mon Mar 14 13:31:49 +0000 2016"}
{"polarity": -0.28125, "location": "Orlando, FL", "sentiment": "negative", "time": "Mon Mar 14 13:41:35 +0000 2016"}
{"polarity": 0.0, "location": "Boston, MA", "sentiment": "neutral", "time": "Mon Mar 14 13:41:47 +0000 2016"}
{"polarity": -0.5, "location": "Seattle, WA", "sentiment": "negative", "time": "Mon Mar 14 13:27:01 +0000 2016"}
{"polarity": 1.0, "location": "Boston, MA", "sentiment": "positive", "time": "Mon Mar 14 13:27:08 +0000 2016"}
{"polarity": 0.5, "location": "Portland, OR", "sentiment": "positive", "time": "Mon Mar 14 13:27:09 +0000 2016"}
{"polarity": -0.125, "location": "Boston, MA", "sentiment": "negative", "time": "Mon Mar 14 13:27:23 +0000 2016"}
{"polarity": 0.0, "location": "Atlanta, GA", "sentiment": "neutral", "time": "Mon Mar 14 13:27:24 +0000 2016"}
{"polarity": 0.0, "location": "San Diego, CA", "sentiment": "neutral", "time": "Mon Mar 14 13:27:29 +0000 2016"}
{"polarity": 0.0, "location": "San Diego, CA", "sentiment": "neutral", "time": "Mon Mar 14 13:27:33 +0000 2016"}
{"polarity": 0.0, "location": "Atlanta, GA", "sentiment": "neutral", "time": "Mon Mar 14 13:27:35 +0000 2016"}
{"polarity": 0.8, "location": "Atlanta, GA", "sentiment": "positive", "time": "Mon Mar 14 13:27:41 +0000 2016"}
{"polarity": 0.5, "location": "Phoenix, AZ", "sentiment": "positive", "time": "Mon Mar 14 13:27:51 +0000 2016"}
{"polarity": 0.625, "location": "New York, NY", "sentiment": "positive", "time": "Mon Mar 14 13:57:04 +0000 2016"}
{"polarity": 0.0, "location": "Atlanta, GA", "sentiment": "neutral", "time": "Mon Mar 14 13:57:05 +0000 2016"}
{"polarity": 0.0, "location": "Atlanta, GA", "sentiment": "neutral", "time": "Mon Mar 14 13:57:11 +0000 2016"}
{"polarity": 0.0, "location": "St. Louis, MO", "sentiment": "neutral", "time": "Mon Mar 14 13:57:17 +0000 2016"}
{"polarity": 0.11499999999999999, "location": "New York, NY", "sentiment": "positive", "time": "Mon Mar 14 13:57:39 +0000 2016"}
{"polarity": 0.0, "location": "New York, NY", "sentiment": "neutral", "time": "Mon Mar 14 13:57:56 +0000 2016"}
{"polarity": 0.0, "location": "Atlanta, GA", "sentiment": "neutral", "time": "Mon Mar 14 13:26:14 +0000 2016"}
{"polarity": -0.5, "location": "Boston, MA", "sentiment": "negative", "time": "Mon Mar 14 13:26:32 +0000 2016"}
{"polarity": 0.13636363636363635, "location": "New York, NY", "sentiment": "positive", "time": "Mon Mar 14 13:26:33 +0000 2016"}
{"polarity": 0.0, "location": "Atlanta, GA", "sentiment": "neutral", "time": "Mon Mar 14 13:26:34 +0000 2016"}
{"polarity": 0.3, "location": "San Diego, CA", "sentiment": "positive", "time": "Mon Mar 14 13:26:41 +0000 2016"}
{"polarity": -0.30000000000000004, "location": "Atlanta, GA", "sentiment": "negative", "time": "Mon Mar 14 13:58:09 +0000 2016"}
{"polarity": 0.0, "location": "New York, NY", "sentiment": "neutral", "time": "Mon Mar 14 13:58:16 +0000 2016"}
{"polarity": 0.625, "location": "New York, NY", "sentiment": "positive", "time": "Mon Mar 14 13:58:33 +0000 2016"}
{"polarity": 0.0, "location": "Orlando, FL", "sentiment": "neutral", "time": "Mon Mar 14 13:58:43 +0000 2016"}
{"polarity": -0.04999999999999999, "location": "New York, NY", "sentiment": "negative", "time": "Mon Mar 14 13:58:44 +0000 2016"}
{"polarity": -0.19090909090909092, "location": "Portland, OR", "sentiment": "negative", "time": "Mon Mar 14 13:42:02 +0000 2016"}
{"polarity": 0.0, "location": "Phoenix, AZ", "sentiment": "neutral", "time": "Mon Mar 14 13:42:11 +0000 2016"}
{"polarity": 0.5, "location": "Seattle, WA", "sentiment": "positive", "time": "Mon Mar 14 13:42:20 +0000 2016"}
{"polarity": 0.5666666666666667, "location": "Boston, MA", "sentiment": "positive", "time": "Mon Mar 14 13:42:20 +0000 2016"}
{"polarity": 0.25, "location": "New York, NY", "sentiment": "positive", "time": "Mon Mar 14 13:42:24 +0000 2016"}
{"polarity": 0.6, "location": "San Diego, CA", "sentiment": "positive", "time": "Mon Mar 14 13:42:28 +0000 2016"}
{"polarity": 0.0, "location": "Boston, MA", "sentiment": "neutral", "time": "Mon Mar 14 13:42:39 +0000 2016"}
{"polarity": 0.0, "location": "New York, NY", "sentiment": "neutral", "time": "Mon Mar 14 13:42:40 +0000 2016"}
{"polarity": 0.15, "location": "New York, NY", "sentiment": "positive", "time": "Mon Mar 14 13:42:42 +0000 2016"}
{"polarity": 0.17222222222222222, "location": "Portland, OR", "sentiment": "positive", "time": "Mon Mar 14 13:50:16 +0000 2016"}
{"polarity": 0.0, "location": "Boston, MA", "sentiment": "neutral", "time": "Mon Mar 14 13:50:16 +0000 2016"}
{"polarity": 0.7, "location": "Orlando, FL", "sentiment": "positive", "time": "Mon Mar 14 13:50:17 +0000 2016"}
{"polarity": 0.0, "location": "Portland, OR", "sentiment": "neutral", "time": "Mon Mar 14 13:50:23 +0000 2016"}
{"polarity": 0.0, "location": "Orlando, FL", "sentiment": "neutral", "time": "Mon Mar 14 13:50:27 +0000 2016"}
{"polarity": 0.05, "location": "New York, NY", "sentiment": "positive", "time": "Mon Mar 14 13:15:10 +0000 2016"}
{"polarity": 0.13636363636363635, "location": "Orlando, FL", "sentiment": "positive", "time": "Mon Mar 14 13:15:11 +0000 2016"}
{"polarity": 0.8, "location": "Atlanta, GA", "sentiment": "positive", "time": "Mon Mar 14 13:15:35 +0000 2016"}
{"polarity": 0.0, "location": "Atlanta, GA", "sentiment": "neutral", "time": "Mon Mar 14 13:15:40 +0000 2016"}
{"polarity": -0.5, "location": "Boston, MA", "sentiment": "negative", "time": "Mon Mar 14 13:15:44 +0000 2016"}
{"polarity": 0.0, "location": "Atlanta, GA", "sentiment": "neutral", "time": "Mon Mar 14 13:38:11 +0000 2016"}
{"polarity": 0.0, "location": "New York, NY", "sentiment": "neutral", "time": "Mon Mar 14 13:38:14 +0000 2016"}
{"polarity": 0.0, "location": "New York, NY", "sentiment": "neutral", "time": "Mon Mar 14 13:38:15 +0000 2016"}
{"polarity": -0.15555555555555559, "location": "Atlanta, GA", "sentiment": "negative", "time": "Mon Mar 14 13:38:31 +0000 2016"}
{"polarity": 0.0, "location": "New York, NY", "sentiment": "neutral", "time": "Mon Mar 14 13:38:43 +0000 2016"}
{"polarity": 0.0, "location": "Seattle, WA", "sentiment": "neutral", "time": "Mon Mar 14 13:38:47 +0000 2016"}
{"polarity": -0.2916666666666667, "location": "San Diego, CA", "sentiment": "negative", "time": "Mon Mar 14 13:38:53 +0000 2016"}
{"polarity": 0.0, "location": "Atlanta, GA", "sentiment": "neutral", "time": "Mon Mar 14 13:21:21 +0000 2016"}
{"polarity": 0.13636363636363635, "location": "New York, NY", "sentiment": "positive", "time": "Mon Mar 14 13:21:24 +0000 2016"}
{"polarity": 0.13636363636363635, "location": "Phoenix, AZ", "sentiment": "positive", "time": "Mon Mar 14 13:17:06 +0000 2016"}
{"polarity": 0.0, "location": "San Diego, CA", "sentiment": "neutral", "time": "Mon Mar 14 13:17:35 +0000 2016"}
{"polarity": 0.34285714285714286, "location": "Portland, OR", "sentiment": "positive", "time": "Mon Mar 14 13:12:03 +0000 2016"}
{"polarity": -0.01428571428571431, "location": "New York, NY", "sentiment": "negative", "time": "Mon Mar 14 13:12:15 +0000 2016"}
{"polarity": 0.0, "location": "San Diego, CA", "sentiment": "neutral", "time": "Mon Mar 14 13:12:18 +0000 2016"}
{"polarity": 0.6, "location": "New York, NY", "sentiment": "positive", "time": "Mon Mar 14 13:12:24 +0000 2016"}
{"polarity": -0.4, "location": "Boston, MA", "sentiment": "negative", "time": "Mon Mar 14 13:12:31 +0000 2016"}
{"polarity": -0.375, "location": "New York, NY", "sentiment": "negative", "time": "Mon Mar 14 13:29:06 +0000 2016"}
{"polarity": 0.0, "location": "New York, NY", "sentiment": "neutral", "time": "Mon Mar 14 13:29:12 +0000 2016"}
{"polarity": 0.55, "location": "New York, NY", "sentiment": "positive", "time": "Mon Mar 14 13:29:38 +0000 2016"}
{"polarity": 0.0, "location": "Atlanta, GA", "sentiment": "neutral", "time": "Mon Mar 14 13:29:57 +0000 2016"}
{"polarity": 0.45, "location": "San Diego, CA", "sentiment": "positive", "time": "Mon Mar 14 13:18:20 +0000 2016"}
{"polarity": 0.0, "location": "New York, NY", "sentiment": "neutral", "time": "Mon Mar 14 13:18:25 +0000 2016"}
{"polarity": 0.0, "location": "Orlando, FL", "sentiment": "neutral", "time": "Mon Mar 14 13:18:37 +0000 2016"}
{"polarity": 0.0, "location": "Atlanta, GA", "sentiment": "neutral", "time": "Mon Mar 14 13:46:11 +0000 2016"}
{"polarity": 0.0, "location": "Boston, MA", "sentiment": "neutral", "time": "Mon Mar 14 13:46:23 +0000 2016"}
{"polarity": 0.13636363636363635, "location": "Portland, OR", "sentiment": "positive", "time": "Mon Mar 14 13:46:23 +0000 2016"}
{"polarity": -0.1875, "location": "Phoenix, AZ", "sentiment": "negative", "time": "Mon Mar 14 13:46:31 +0000 2016"}
{"polarity": 0.0, "location": "Atlanta, GA", "sentiment": "neutral", "time": "Mon Mar 14 13:46:34 +0000 2016"}
{"polarity": 0.13636363636363635, "location": "Atlanta, GA", "sentiment": "positive", "time": "Mon Mar 14 13:46:34 +0000 2016"}
{"polarity": 0.15, "location": "Orlando, FL", "sentiment": "positive", "time": "Mon Mar 14 13:46:42 +0000 2016"}
{"polarity": 0.4464285714285714, "location": "Atlanta, GA", "sentiment": "positive", "time": "Mon Mar 14 13:46:46 +0000 2016"}
{"polarity": 0.0, "location": "New York, NY", "sentiment": "neutral", "time": "Mon Mar 14 13:46:55 +0000 2016"}
{"polarity": -0.16666666666666666, "location": "New York, NY", "sentiment": "negative", "time": "Mon Mar 14 13:46:56 +0000 2016"}
{"polarity": 0.0, "location": "New York, NY", "sentiment": "neutral", "time": "Mon Mar 14 13:00:00 +0000 2016"}
{"polarity": 1.0, "location": "Seattle, WA", "sentiment": "positive", "time": "Mon Mar 14 13:00:07 +0000 2016"}
{"polarity": 0.0, "location": "Orlando, FL", "sentiment": "neutral", "time": "Mon Mar 14 13:00:08 +0000 2016"}
{"polarity": -0.8, "location": "Phoenix, AZ", "sentiment": "negative", "time": "Mon Mar 14 13:00:23 +0000 2016"}
{"polarity": -0.04999999999999999, "location": "San Diego, CA", "sentiment": "negative", "time": "Mon Mar 14 13:00:27 +0000 2016"}
{"polarity": -0.15000000000000002, "location": "New York, NY", "sentiment": "negative", "time": "Mon Mar 14 13:00:34 +0000 2016"}
{"polarity": 0.0, "location": "New York, NY", "sentiment": "neutral", "time": "Mon Mar 14 13:00:52 +0000 2016"}
{"polarity": 0.0, "location": "Orlando, FL", "sentiment": "neutral", "time": "Mon Mar 14 13:00:57 +0000 2016"}
{"polarity": 0.375, "location": "Atlanta, GA", "sentiment": "positive", "time": "Mon Mar 14 13:34:01 +0000 2016"}
{"polarity": -0.05714285714285716, "location": "Atlanta, GA", "sentiment": "negative", "time": "Mon Mar 14 13:34:06 +0000 2016"}
{"polarity": 0.13636363636363635, "location": "Seattle, WA", "sentiment": "positive", "time": "Mon Mar 14 13:34:26 +0000 2016"}
{"polarity": -0.06666666666666665, "location": "Boston, MA", "sentiment": "negative", "time": "Mon Mar 14 13:34:28 +0000 2016"}
{"polarity": 0.0, "location": "Seattle, WA", "sentiment": "neutral", "time": "Mon Mar 14 13:34:28 +0000 2016"}
{"polarity": 0.0, "location": "Phoenix, AZ", "sentiment": "neutral", "time": "Mon Mar 14 13:34:42 +0000 2016"}
{"polarity": -0.9, "location": "Atlanta, GA", "sentiment": "negative", "time": "Mon Mar 14 13:34:54 +0000 2016"}
{"polarity": 0.0, "location": "New York, NY", "sentiment": "neutral", "time": "Mon Mar 14 13:05:01 +0000 2016"}
{"polarity": 0.0, "location": "Atlanta, GA", "sentiment": "neutral", "time": "Mon Mar 14 13:05:19 +0000 2016"}
{"polarity": 0.0, "location": "New York, NY", "sentiment": "neutral", "time": "Mon Mar 14 13:05:20 +0000 2016"}
{"polarity": 0.0, "location": "New York, NY", "sentiment": "neutral", "time": "Mon Mar 14 13:05:26 +0000 2016"}
{"polarity": 0.4, "location": "Atlanta, GA", "sentiment": "positive", "time": "Mon Mar 14 13:05:32 +0000 2016"}
{"polarity": 0.0, "location": "Boston, MA", "sentiment": "neutral", "time": "Mon Mar 14 13:05:37 +0000 2016"}
{"polarity": 0.0, "location": "Boston, MA", "sentiment": "neutral", "time": "Mon Mar 14 13:11:00 +0000 2016"}
{"polarity": 0.0, "location": "Portland, OR", "sentiment": "neutral", "time": "Mon Mar 14 13:11:02 +0000 2016"}
{"polarity": -0.8, "location": "San Diego, CA", "sentiment": "negative", "time": "Mon Mar 14 13:11:05 +0000 2016"}
{"polarity": 0.06666666666666665, "location": "Boston, MA", "sentiment": "positive", "time": "Mon Mar 14 13:11:18 +0000 2016"}
{"polarity": 0.0, "location": "Orlando, FL", "sentiment": "neutral", "time": "Mon Mar 14 13:11:23 +0000 2016"}
{"polarity": 0.2, "location": "Seattle, WA", "sentiment": "positive", "time": "Mon Mar 14 13:11:57 +0000 2016"}
{"polarity": 0.0, "location": "Portland, OR", "sentiment": "neutral", "time": "Mon Mar 14 13:56:09 +0000 2016"}
{"polarity": 0.25, "location": "Phoenix, AZ", "sentiment": "positive", "time": "Mon Mar 14 13:56:13 +0000 2016"}
{"polarity": 0.0, "location": "San Diego, CA", "sentiment": "neutral", "time": "Mon Mar 14 13:56:18 +0000 2016"}
{"polarity": 0.0, "location": "Atlanta, GA", "sentiment": "neutral", "time": "Mon Mar 14 13:56:20 +0000 2016"}
{"polarity": 0.0, "location": "New York, NY", "sentiment": "neutral", "time": "Mon Mar 14 13:56:25 +0000 2016"}
{"polarity": 1.0, "location": "Phoenix, AZ", "sentiment": "positive", "time": "Mon Mar 14 13:56:28 +0000 2016"}
{"polarity": 0.04999999999999999, "location": "Boston, MA", "sentiment": "positive", "time": "Mon Mar 14 13:56:46 +0000 2016"}
{"polarity": 0.0, "location": "Portland, OR", "sentiment": "neutral", "time": "Mon Mar 14 13:56:47 +0000 2016"}
{"polarity": 0.0, "location": "Atlanta, GA", "sentiment": "neutral", "time": "Mon Mar 14 13:56:48 +0000 2016"}
{"polarity": 0.5, "location": "Portland, OR", "sentiment": "positive", "time": "Mon Mar 14 13:56:51 +0000 2016"}
{"polarity": 0.0, "location": "San Diego, CA", "sentiment": "neutral", "time": "Mon Mar 14 13:56:59 +0000 2016"}
{"polarity": 0.26666666666666666, "location": "New York, NY", "sentiment": "positive", "time": "Mon Mar 14 13:47:07 +0000 2016"}
{"polarity": 0.0, "location": "Seattle, WA", "sentiment": "neutral", "time": "Mon Mar 14 13:47:29 +0000 2016"}
{"polarity": 0.0, "location": "Seattle, WA", "sentiment": "neutral", "time": "Mon Mar 14 13:47:44 +0000 2016"}
{"polarity": 0.0, "location": "New York, NY", "sentiment": "neutral", "time": "Mon Mar 14 13:47:49 +0000 2016"}
{"polarity": -0.3, "location": "New York, NY", "sentiment": "negative", "time": "Mon Mar 14 13:47:55 +0000 2016"}
{"polarity": 0.2, "location": "New York, NY", "sentiment": "positive", "time": "Mon Mar 14 13:52:07 +0000 2016"}
{"polarity": -0.16666666666666666, "location": "Boston, MA", "sentiment": "negative", "time": "Mon Mar 14 13:52:19 +0000 2016"}
{"polarity": 0.0, "location": "Boston, MA", "sentiment": "neutral", "time": "Mon Mar 14 13:52:22 +0000 2016"}
{"polarity": 0.0, "location": "New York, NY", "sentiment": "neutral", "time": "Mon Mar 14 13:52:23 +0000 2016"}
{"polarity": 1.0, "location": "Portland, OR", "sentiment": "positive", "time": "Mon Mar 14 13:52:26 +0000 2016"}
{"polarity": 0.0, "location": "Orlando, FL", "sentiment": "neutral", "time": "Mon Mar 14 13:52:32 +0000 2016"}
{"polarity": 0.0, "location": "San Diego, CA", "sentiment": "neutral", "time": "Mon Mar 14 13:53:01 +0000 2016"}
{"polarity": 0.5, "location": "Boston, MA", "sentiment": "positive", "time": "Mon Mar 14 13:53:05 +0000 2016"}
{"polarity": 0.5, "location": "New York, NY", "sentiment": "positive", "time": "Mon Mar 14 13:53:12 +0000 2016"}
{"polarity": 0.0, "location": "Atlanta, GA", "sentiment": "neutral", "time": "Mon Mar 14 13:53:45 +0000 2016"}
{"polarity": 0.0, "location": "San Diego, CA", "sentiment": "neutral", "time": "Mon Mar 14 13:02:12 +0000 2016"}
{"polarity": 0.35714285714285715, "location": "Boston, MA", "sentiment": "positive", "time": "Mon Mar 14 13:02:13 +0000 2016"}
{"polarity": 0.0, "location": "New York, NY", "sentiment": "neutral", "time": "Mon Mar 14 13:02:14 +0000 2016"}
{"polarity": 0.0, "location": "Atlanta, GA", "sentiment": "neutral", "time": "Mon Mar 14 13:02:27 +0000 2016"}
{"polarity": 0.3375, "location": "Boston, MA", "sentiment": "positive", "time": "Mon Mar 14 13:02:33 +0000 2016"}
{"polarity": 0.4, "location": "Seattle, WA", "sentiment": "positive", "time": "Mon Mar 14 13:02:48 +0000 2016"}
{"polarity": -0.2, "location": "Atlanta, GA", "sentiment": "negative", "time": "Mon Mar 14 13:02:57 +0000 2016"}
{"polarity": 0.55625, "location": "Boston, MA", "sentiment": "positive", "time": "Mon Mar 14 13:48:03 +0000 2016"}
{"polarity": 0.46875, "location": "Portland, OR", "sentiment": "positive", "time": "Mon Mar 14 13:48:05 +0000 2016"}
{"polarity": 0.1, "location": "Orlando, FL", "sentiment": "positive", "time": "Mon Mar 14 13:48:09 +0000 2016"}
{"polarity": -0.625, "location": "Orlando, FL", "sentiment": "negative", "time": "Mon Mar 14 13:48:10 +0000 2016"}
{"polarity": 0.35, "location": "Phoenix, AZ", "sentiment": "positive", "time": "Mon Mar 14 13:48:45 +0000 2016"}
{"polarity": 1.0, "location": "Boston, MA", "sentiment": "positive", "time": "Mon Mar 14 13:48:56 +0000 2016"}
{"polarity": 0.0, "location": "Atlanta, GA", "sentiment": "neutral", "time": "Mon Mar 14 13:25:05 +0000 2016"}
{"polarity": 0.0, "location": "Orlando, FL", "sentiment": "neutral", "time": "Mon Mar 14 13:25:11 +0000 2016"}
{"polarity": 0.2, "location": "Seattle, WA", "sentiment": "positive", "time": "Mon Mar 14 13:25:30 +0000 2016"}
{"polarity": 0.16666666666666666, "location": "Orlando, FL", "sentiment": "positive", "time": "Mon Mar 14 13:25:40 +0000 2016"}
{"polarity": 0.22023809523809523, "location": "Atlanta, GA", "sentiment": "positive", "time": "Mon Mar 14 13:25:47 +0000 2016"}
{"polarity": 0.6000000000000001, "location": "San Diego, CA", "sentiment": "positive", "time": "Mon Mar 14 13:16:02 +0000 2016"}
{"polarity": 0.0, "location": "New York, NY", "sentiment": "neutral", "time": "Mon Mar 14 13:16:10 +0000 2016"}
{"polarity": 0.0, "location": "Portland, OR", "sentiment": "neutral", "time": "Mon Mar 14 13:16:11 +0000 2016"}
{"polarity": -0.04999999999999993, "location": "Seattle, WA", "sentiment": "negative", "time": "Mon Mar 14 13:16:12 +0000 2016"}
{"polarity": 0.1, "location": "San Diego, CA", "sentiment": "positive", "time": "Mon Mar 14 13:16:17 +0000 2016"}
{"polarity": 0.5, "location": "New York, NY", "sentiment": "positive", "time": "Mon Mar 14 13:16:33 +0000 2016"}
{"polarity": 0.0, "location": "Boston, MA", "sentiment": "neutral", "time": "Mon Mar 14 13:16:36 +0000 2016"}
{"polarity": 0.0, "location": "San Diego, CA", "sentiment": "neutral", "time": "Mon Mar 14 13:16:40 +0000 2016"}
{"polarity": 0.0, "location": "Seattle, WA", "sentiment": "neutral", "time": "Mon Mar 14 13:16:54 +0000 2016"}
{"polarity": 0.0, "location": "Atlanta, GA", "sentiment": "neutral", "time": "Mon Mar 14 13:16:54 +0000 2016"}
{"polarity": 0.0, "location": "Boston, MA", "sentiment": "neutral", "time": "Mon Mar 14 13:14:02 +0000 2016"}
{"polarity": 0.24375, "location": "Phoenix, AZ", "sentiment": "positive", "time": "Mon Mar 14 13:14:09 +0000 2016"}
{"polarity": 0.13636363636363635, "location": "Phoenix, AZ", "sentiment": "positive", "time": "Mon Mar 14 13:14:25 +0000 2016"}
{"polarity": 0.13636363636363635, "location": "New York, NY", "sentiment": "positive", "time": "Mon Mar 14 13:14:46 +0000 2016"}
{"polarity": 0.5, "location": "Atlanta, GA", "sentiment": "positive", "time": "Mon Mar 14 13:23:02 +0000 2016"}
{"polarity": 0.0, "location": "Boston, MA", "sentiment": "neutral", "time": "Mon Mar 14 13:23:02 +0000 2016"}
{"polarity": 0.5, "location": "Boston, MA", "sentiment": "positive", "time": "Mon Mar 14 13:23:05 +0000 2016"}
{"polarity": 0.0, "location": "New York, NY", "sentiment": "neutral", "time": "Mon Mar 14 13:23:11 +0000 2016"}
{"polarity": 0.5, "location": "Boston, MA", "sentiment": "positive", "time": "Mon Mar 14 13:23:14 +0000 2016"}
{"polarity": -0.15555555555555559, "location": "New York, NY", "sentiment": "negative", "time": "Mon Mar 14 13:23:14 +0000 2016"}
{"polarity": 0.4464285714285714, "location": "Atlanta, GA", "sentiment": "positive", "time": "Mon Mar 14 13:23:27 +0000 2016"}
{"polarity": 0.3, "location": "Atlanta, GA", "sentiment": "positive", "time": "Mon Mar 14 13:23:28 +0000 2016"}
{"polarity": 0.5069444444444445, "location": "Orlando, FL", "sentiment": "positive", "time": "Mon Mar 14 13:23:28 +0000 2016"}
{"polarity": 1.0, "location": "Boston, MA", "sentiment": "positive", "time": "Mon Mar 14 13:23:39 +0000 2016"}
{"polarity": 0.0, "location": "San Diego, CA", "sentiment": "neutral", "time": "Mon Mar 14 13:23:49 +0000 2016"}
{"polarity": 0.0, "location": "New York, NY", "sentiment": "neutral", "time": "Mon Mar 14 13:23:57 +0000 2016"}
{"polarity": 0.0, "location": "San Diego, CA", "sentiment": "neutral", "time": "Mon Mar 14 13:07:10 +0000 2016"}
{"polarity": 0.0, "location": "Boston, MA", "sentiment": "neutral", "time": "Mon Mar 14 13:07:35 +0000 2016"}
{"polarity": 0.0, "location": "Boston, MA", "sentiment": "neutral", "time": "Mon Mar 14 13:07:53 +0000 2016"}
{"polarity": 0.8125, "location": "Atlanta, GA", "sentiment": "positive", "time": "Mon Mar 14 13:51:10 +0000 2016"}
{"polarity": 0.13636363636363635, "location": "Portland, OR", "sentiment": "positive", "time": "Mon Mar 14 13:51:23 +0000 2016"}
{"polarity": 0.0, "location": "Portland, OR", "sentiment": "neutral", "time": "Mon Mar 14 13:51:26 +0000 2016"}
{"polarity": 0.0, "location": "Atlanta, GA", "sentiment": "neutral", "time": "Mon Mar 14 13:51:34 +0000 2016"}
{"polarity": 0.0, "location": "Orlando, FL", "sentiment": "neutral", "time": "Mon Mar 14 13:51:37 +0000 2016"}
{"polarity": 0.0, "location": "Boston, MA", "sentiment": "neutral", "time": "Mon Mar 14 13:51:44 +0000 2016"}
{"polarity": 0.0, "location": "Seattle, WA", "sentiment": "neutral", "time": "Mon Mar 14 13:51:48 +0000 2016"}
{"polarity": 0.0, "location": "New York, NY", "sentiment": "neutral", "time": "Mon Mar 14 13:30:04 +0000 2016"}
{"polarity": 1.0, "location": "New York, NY", "sentiment": "positive", "time": "Mon Mar 14 13:30:04 +0000 2016"}
{"polarity": 0.0, "location": "Portland, OR", "sentiment": "neutral", "time": "Mon Mar 14 13:30:11 +0000 2016"}
{"polarity": 0.0, "location": "Atlanta, GA", "sentiment": "neutral", "time": "Mon Mar 14 13:30:13 +0000 2016"}
{"polarity": -0.165625, "location": "Atlanta, GA", "sentiment": "negative", "time": "Mon Mar 14 13:30:21 +0000 2016"}
{"polarity": -0.09999999999999999, "location": "Orlando, FL", "sentiment": "negative", "time": "Mon Mar 14 13:30:39 +0000 2016"}
{"polarity": 0.0, "location": "New York, NY", "sentiment": "neutral", "time": "Mon Mar 14 13:30:55 +0000 2016"}
{"polarity": 0.26666666666666666, "location": "New York, NY", "sentiment": "positive", "time": "Mon Mar 14 13:30:59 +0000 2016"}
{"polarity": 0.55625, "location": "Portland, OR", "sentiment": "positive", "time": "Mon Mar 14 13:03:06 +0000 2016"}
{"polarity": 0.0, "location": "New York, NY", "sentiment": "neutral", "time": "Mon Mar 14 13:03:25 +0000 2016"}
{"polarity": 0.0, "location": "Boston, MA", "sentiment": "neutral", "time": "Mon Mar 14 13:03:57 +0000 2016"}
{"polarity": 0.8, "location": "Phoenix, AZ", "sentiment": "positive", "time": "Mon Mar 14 13:03:59 +0000 2016"}
{"polarity": 0.0, "location": "Atlanta, GA", "sentiment": "neutral", "time": "Mon Mar 14 13:40:04 +0000 2016"}
{"polarity": 0.3541666666666667, "location": "New York, NY", "sentiment": "positive", "time": "Mon Mar 14 13:40:08 +0000 2016"}
{"polarity": 0.0, "location": "Seattle, WA", "sentiment": "neutral", "time": "Mon Mar 14 13:40:15 +0000 2016"}
{"polarity": 0.0, "location": "New York, NY", "sentiment": "neutral", "time": "Mon Mar 14 13:40:34 +0000 2016"}
{"polarity": 0.0, "location": "New York, NY", "sentiment": "neutral", "time": "Mon Mar 14 13:40:46 +0000 2016"}
{"polarity": -0.3166666666666667, "location": "New York, NY", "sentiment": "negative", "time": "Mon Mar 14 13:08:02 +0000 2016"}
{"polarity": 0.0, "location": "Portland, OR", "sentiment": "neutral", "time": "Mon Mar 14 13:08:13 +0000 2016"}
{"polarity": 0.0, "location": "Atlanta, GA", "sentiment": "neutral", "time": "Mon Mar 14 13:08:13 +0000 2016"}
{"polarity": 0.0, "location": "Boston, MA", "sentiment": "neutral", "time": "Mon Mar 14 13:08:14 +0000 2016"}
{"polarity": 0.0, "location": "New York, NY", "sentiment": "neutral", "time": "Mon Mar 14 13:08:22 +0000 2016"}
{"polarity": 0.0, "location": "Seattle, WA", "sentiment": "neutral", "time": "Mon Mar 14 13:08:32 +0000 2016"}
{"polarity": 0.0, "location": "Seattle, WA", "sentiment": "neutral", "time": "Mon Mar 14 13:08:36 +0000 2016"}
{"polarity": 0.0, "location": "Orlando, FL", "sentiment": "neutral", "time": "Mon Mar 14 13:08:40 +0000 2016"}
{"polarity": 0.0, "location": "Portland, OR", "sentiment": "neutral", "time": "Mon Mar 14 13:08:41 +0000 2016"}
{"polarity": 0.0, "location": "Boston, MA", "sentiment": "neutral", "time": "Mon Mar 14 13:08:55 +0000 2016"}
{"polarity": 0.35, "location": "New York, NY", "sentiment": "positive", "time": "Mon Mar 14 13:35:17 +0000 2016"}
{"polarity": 0.0, "location": "Seattle, WA", "sentiment": "neutral", "time": "Mon Mar 14 13:35:17 +0000 2016"}
{"polarity": 0.0, "location": "New York, NY", "sentiment": "neutral", "time": "Mon Mar 14 13:35:21 +0000 2016"}
{"polarity": 0.0, "location": "New York, NY", "sentiment": "neutral", "time": "Mon Mar 14 13:35:23 +0000 2016"}
{"polarity": 0.5, "location": "New York, NY", "sentiment": "positive", "time": "Mon Mar 14 13:35:43 +0000 2016"}
{"polarity": 0.2, "location": "New York, NY", "sentiment": "positive", "time": "Mon Mar 14 13:35:54 +0000 2016"}
