{"polarity": 0.05000000000000001, "location": "Seattle, WA", "sentiment": "positive", "time": "Mon Mar 14 13:43:00 +0000 2016"}
{"polarity": 0.5, "location": "Atlanta, GA", "sentiment": "positive", "time": "Mon Mar 14 13:43:10 +0000 2016"}
{"polarity": 0.11111111111111112, "location": "Orlando, FL", "sentiment": "positive", "time": "Mon Mar 14 13:43:23 +0000 2016"}
{"polarity": 0.9, "location": "Orlando, FL", "sentiment": "positive", "time": "Mon Mar 14 13:43:27 +0000 2016"}
{"polarity": 0.25, "location": "New York, NY", "sentiment": "positive", "time": "Mon Mar 14 13:43:31 +0000 2016"}
{"polarity": 0.2, "location": "Seattle, WA", "sentiment": "positive", "time": "Mon Mar 14 13:43:40 +0000 2016"}
{"polarity": 0.0, "location": "Phoenix, AZ", "sentiment": "neutral", "time": "Mon Mar 14 13:43:40 +0000 2016"}
{"polarity": 0.0, "location": "New York, NY", "sentiment": "neutral", "time": "Mon Mar 14 13:43:40 +0000 2016"}
{"polarity": 0.0, "location": "New York, NY", "sentiment": "neutral", "time": "Mon Mar 14 13:43:41 +0000 2016"}
{"polarity": 0.5, "location": "San Diego, CA", "sentiment": "positive", "time": "Mon Mar 14 13:43:50 +0000 2016"}
{"polarity": 0.0, "location": "Atlanta, GA", "sentiment": "neutral", "time": "Mon Mar 14 13:43:50 +0000 2016"}
{"polarity": 0.0, "location": "Orlando, FL", "sentiment": "neutral", "time": "Mon Mar 14 13:10:02 +0000 2016"}
{"polarity": 0.5, "location": "Atlanta, GA", "sentiment": "positive", "time": "Mon Mar 14 13:10:10 +0000 2016"}
{"polarity": 0.18333333333333335, "location": "Atlanta, GA", "sentiment": "positive", "time": "Mon Mar 14 13:10:10 +0000 2016"}
{"polarity": 0.5, "location": "Orlando, FL", "sentiment": "positive", "time": "Mon Mar 14 13:10:26 +0000 2016"}
{"polarity": 0.0, "location": "Boston, MA", "sentiment": "neutral", "time": "Mon Mar 14 13:10:35 +0000 2016"}
{"polarity": -0.051851851851851864, "location": "New York, NY", "sentiment": "negative", "time": "Mon Mar 14 13:10:35 +0000 2016"}
{"polarity": 0.0, "location": "Boston, MA", "sentiment": "neutral", "time": "Mon Mar 14 13:10:37 +0000 2016"}
{"polarity": 0.0, "location": "Orlando, FL", "sentiment": "neutral", "time": "Mon Mar 14 13:10:39 +0000 2016"}
{"polarity": 0.0, "location": "New York, NY", "sentiment": "neutral", "time": "Mon Mar 14 13:10:42 +0000 2016"}
{"polarity": 0.0, "location": "Atlanta, GA", "sentiment": "neutral", "time": "Mon Mar 14 13:10:42 +0000 2016"}
{"polarity": 0.0, "location": "New York, NY", "sentiment": "neutral", "time": "Mon Mar 14 13:54:13 +0000 2016"}
{"polarity": 0.675, "location": "New York, NY", "sentiment": "positive", "time": "Mon Mar 14 13:54:14 +0000 2016"}
{"polarity": -0.1, "location": "Phoenix, AZ", "sentiment": "negative", "time": "Mon Mar 14 13:54:17 +0000 2016"}
{"polarity": 0.0, "location": "Boston, MA", "sentiment": "neutral", "time": "Mon Mar 14 13:54:17 +0000 2016"}
{"polarity": -1.0, "location": "Seattle, WA", "sentiment": "negative", "time": "Mon Mar 14 13:54:19 +0000 2016"}
{"polarity": 0.0, "location": "Portland, OR", "sentiment": "neutral", "time": "Mon Mar 14 13:54:21 +0000 2016"}
{"polarity": 0.0, "location": "New York, NY", "sentiment": "neutral", "time": "Mon Mar 14 13:54:23 +0000 2016"}
{"polarity": 0.0, "location": "San Diego, CA", "sentiment": "neutral", "time": "Mon Mar 14 13:54:29 +0000 2016"}
{"polarity": 0.5, "location": "Seattle, WA", "sentiment": "positive", "time": "Mon Mar 14 13:54:40 +0000 2016"}
{"polarity": 0.0, "location": "Boston, MA", "sentiment": "neutral", "time": "Mon Mar 14 13:54:50 +0000 2016"}
{"polarity": 0.7, "location": "San Diego, CA", "sentiment": "positive", "time": "Mon Mar 14 13:54:54 +0000 2016"}
{"polarity": 0.0, "location": "Seattle, WA", "sentiment": "neutral", "time": "Mon Mar 14 13:24:11 +0000 2016"}
{"polarity": 0.0, "location": "Seattle, WA", "sentiment": "neutral", "time": "Mon Mar 14 13:24:18 +0000 2016"}
{"polarity": 0.5, "location": "Kansas City, KS", "sentiment": "positive", "time": "Mon Mar 14 13:24:35 +0000 2016"}
{"polarity": 0.7166666666666667, "location": "Boston, MA", "sentiment": "positive", "time": "Mon Mar 14 13:24:44 +0000 2016"}
{"polarity": -0.5, "location": "Seattle, WA", "sentiment": "negative", "time": "Mon Mar 14 13:24:50 +0000 2016"}
{"polarity": 0.5, "location": "New York, NY", "sentiment": "positive", "time": "Mon Mar 14 13:32:27 +0000 2016"}
{"polarity": 0.125, "location": "Seattle, WA", "sentiment": "positive", "time": "Mon Mar 14 13:32:28 +0000 2016"}
{"polarity": -0.1, "location": "Atlanta, GA", "sentiment": "negative", "time": "Mon Mar 14 13:32:34 +0000 2016"}
{"polarity": 0.3666666666666667, "location": "Boston, MA", "sentiment": "positive", "time": "Mon Mar 14 13:32:34 +0000 2016"}
{"polarity": 0.2, "location": "Phoenix, AZ", "sentiment": "positive", "time": "Mon Mar 14 13:36:08 +0000 2016"}
{"polarity": 0.375, "location": "Atlanta, GA", "sentiment": "positive", "time": "Mon Mar 14 13:36:24 +0000 2016"}
{"polarity": 0.0, "location": "New York, NY", "sentiment": "neutral", "time": "Mon Mar 14 13:36:29 +0000 2016"}
{"polarity": 0.2, "location": "Phoenix, AZ", "sentiment": "positive", "time": "Mon Mar 14 13:36:08 +0000 2016"}
{"polarity": 0.5, "location": "New York, NY", "sentiment": "positive", "time": "Mon Mar 14 13:01:04 +0000 2016"}
{"polarity": 0.5, "location": "New York, NY", "sentiment": "positive", "time": "Mon Mar 14 13:01:06 +0000 2016"}
{"polarity": -0.2318181818181818, "location": "New York, NY", "sentiment": "negative", "time": "Mon Mar 14 13:01:09 +0000 2016"}
{"polarity": 0.0, "location": "Boston, MA", "sentiment": "neutral", "time": "Mon Mar 14 13:01:36 +0000 2016"}
{"polarity": 0.0, "location": "Atlanta, GA", "sentiment": "neutral", "time": "Mon Mar 14 13:55:12 +0000 2016"}
{"polarity": 0.0, "location": "New York, NY", "sentiment": "neutral", "time": "Mon Mar 14 13:55:26 +0000 2016"}
{"polarity": 0.0, "location": "Atlanta, GA", "sentiment": "neutral", "time": "Mon Mar 14 13:55:45 +0000 2016"}
{"polarity": 0.425, "location": "San Diego, CA", "sentiment": "positive", "time": "Mon Mar 14 13:55:52 +0000 2016"}
{"polarity": 0.13636363636363635, "location": "Atlanta, GA", "sentiment": "positive", "time": "Mon Mar 14 13:55:56 +0000 2016"}
{"polarity": 0.0, "location": "Boston, MA", "sentiment": "neutral", "time": "Mon Mar 14 13:55:58 +0000 2016"}
{"polarity": 0.0, "location": "Seattle, WA", "sentiment": "neutral", "time": "Mon Mar 14 13:09:03 +0000 2016"}
{"polarity": 0.0, "location": "Orlando, FL", "sentiment": "neutral", "time": "Mon Mar 14 13:09:06 +0000 2016"}
{"polarity": 0.0, "location": "New York, NY", "sentiment": "neutral", "time": "Mon Mar 14 13:09:10 +0000 2016"}
{"polarity": 0.0, "location": "Boston, MA", "sentiment": "neutral", "time": "Mon Mar 14 13:09:13 +0000 2016"}
{"polarity": 0.0, "location": "Seattle, WA", "sentiment": "neutral", "time": "Mon Mar 14 13:09:13 +0000 2016"}
{"polarity": 0.13636363636363635, "location": "Atlanta, GA", "sentiment": "positive", "time": "Mon Mar 14 13:09:15 +0000 2016"}
{"polarity": 0.0, "location": "Boston, MA", "sentiment": "neutral", "time": "Mon Mar 14 13:09:29 +0000 2016"}
{"polarity": 0.0, "location": "Atlanta, GA", "sentiment": "neutral", "time": "Mon Mar 14 13:09:53 +0000 2016"}
{"polarity": 0.85, "location": "New York, NY", "sentiment": "positive", "time": "Mon Mar 14 13:09:58 +0000 2016"}
{"polarity": 1.0, "location": "New York, NY", "sentiment": "positive", "time": "Mon Mar 14 13:33:23 +0000 2016"}
{"polarity": 0.21363636363636362, "location": "New York, NY", "sentiment": "positive", "time": "Mon Mar 14 13:33:46 +0000 2016"}
{"polarity": 0.0, "location": "New York, NY", "sentiment": "neutral", "time": "Mon Mar 14 13:33:56 +0000 2016"}
{"polarity": 0.05000000000000002, "location": "Phoenix, AZ", "sentiment": "positive", "time": "Mon Mar 14 13:44:06 +0000 2016"}
{"polarity": 0.0, "location": "Atlanta, GA", "sentiment": "neutral", "time": "Mon Mar 14 13:44:12 +0000 2016"}
{"polarity": 0.2, "location": "St. Louis, MO", "sentiment": "positive", "time": "Mon Mar 14 13:44:18 +0000 2016"}
{"polarity": 0.0, "location": "New York, NY", "sentiment": "neutral", "time": "Mon Mar 14 13:44:27 +0000 2016"}
{"polarity": -0.03333333333333333, "location": "Seattle, WA", "sentiment": "negative", "time": "Mon Mar 14 13:44:41 +0000 2016"}
{"polarity": 0.5, "location": "Atlanta, GA", "sentiment": "positive", "time": "Mon Mar 14 13:44:42 +0000 2016"}
{"polarity": -0.5, "location": "Atlanta, GA", "sentiment": "negative", "time": "Mon Mar 14 13:44:46 +0000 2016"}
{"polarity": 0.85, "location": "San Diego, CA", "sentiment": "positive", "time": "Mon Mar 14 13:28:08 +0000 2016"}
{"polarity": 0.17714285714285716, "location": "New York, NY", "sentiment": "positive", "time": "Mon Mar 14 13:28:08 +0000 2016"}
{"polarity": 0.0, "location": "Boston, MA", "sentiment": "neutral", "time": "Mon Mar 14 13:28:10 +0000 2016"}
{"polarity": 0.0, "location": "New York, NY", "sentiment": "neutral", "time": "Mon Mar 14 13:28:24 +0000 2016"}
{"polarity": 0.28214285714285714, "location": "Boston, MA", "sentiment": "positive", "time": "Mon Mar 14 13:28:34 +0000 2016"}
{"polarity": 0.0, "location": "Atlanta, GA", "sentiment": "neutral", "time": "Mon Mar 14 13:28:36 +0000 2016"}
{"polarity": 0.0, "location": "Boston, MA", "sentiment": "neutral", "time": "Mon Mar 14 13:28:37 +0000 2016"}
{"polarity": 0.0, "location": "New York, NY", "sentiment": "neutral", "time": "Mon Mar 14 13:28:42 +0000 2016"}
{"polarity": 0.0, "location": "Atlanta, GA", "sentiment": "neutral", "time": "Mon Mar 14 13:22:01 +0000 2016"}
{"polarity": 0.2872159090909091, "location": "New York, NY", "sentiment": "positive", "time": "Mon Mar 14 13:22:18 +0000 2016"}
{"polarity": 0.0, "location": "Atlanta, GA", "sentiment": "neutral", "time": "Mon Mar 14 13:22:25 +0000 2016"}
{"polarity": 0.0, "location": "Seattle, WA", "sentiment": "neutral", "time": "Mon Mar 14 13:22:28 +0000 2016"}
{"polarity": 0.0, "location": "New York, NY", "sentiment": "neutral", "time": "Mon Mar 14 13:22:29 +0000 2016"}
{"polarity": 1.0, "location": "New York, NY", "sentiment": "positive", "time": "Mon Mar 14 13:22:30 +0000 2016"}
{"polarity": 0.0, "location": "Atlanta, GA", "sentiment": "neutral", "time": "Mon Mar 14 13:22:48 +0000 2016"}
{"polarity": 0.0, "location": "Atlanta, GA", "sentiment": "neutral", "time": "Mon Mar 14 13:22:59 +0000 2016"}
{"polarity": 0.0, "location": "New York, NY", "sentiment": "neutral", "time": "Mon Mar 14 13:49:01 +0000 2016"}
{"polarity": 0.0, "location": "Phoenix, AZ", "sentiment": "neutral", "time": "Mon Mar 14 13:49:21 +0000 2016"}
{"polarity": 0.0, "location": "Atlanta, GA", "sentiment": "neutral", "time": "Mon Mar 14 13:49:22 +0000 2016"}
{"polarity": 0.0, "location": "Atlanta, GA", "sentiment": "neutral", "time": "Mon Mar 14 13:49:27 +0000 2016"}
{"polarity": 0.2, "location": "Atlanta, GA", "sentiment": "positive", "time": "Mon Mar 14 13:49:49 +0000 2016"}
{"polarity": 0.08125, "location": "Boston, MA", "sentiment": "positive", "time": "Mon Mar 14 13:49:55 +0000 2016"}
{"polarity": 0.25, "location": "New York, NY", "sentiment": "positive", "time": "Mon Mar 14 13:45:06 +0000 2016"}
{"polarity": 0.0, "location": "New York, NY", "sentiment": "neutral", "time": "Mon Mar 14 13:45:26 +0000 2016"}
{"polarity": 0.13333333333333333, "location": "Boston, MA", "sentiment": "positive", "time": "Mon Mar 14 13:45:37 +0000 2016"}
{"polarity": 0.0, "location": "New York, NY", "sentiment": "neutral", "time": "Mon Mar 14 13:06:06 +0000 2016"}
{"polarity": 0.0, "location": "San Diego, CA", "sentiment": "neutral", "time": "Mon Mar 14 13:06:08 +0000 2016"}
{"polarity": 0.0, "location": "Seattle, WA", "sentiment": "neutral", "time": "Mon Mar 14 13:06:22 +0000 2016"}
{"polarity": 0.13636363636363635, "location": "New York, NY", "sentiment": "positive", "time": "Mon Mar 14 13:06:25 +0000 2016"}
{"polarity": 0.0, "location": "New York, NY", "sentiment": "neutral", "time": "Mon Mar 14 13:06:36 +0000 2016"}
{"polarity": 0.19999999999999998, "location": "New York, NY", "sentiment": "positive", "time": "Mon Mar 14 13:06:49 +0000 2016"}
{"polarity": 0.0, "location": "New York, NY", "sentiment": "neutral", "time": "Mon Mar 14 13:06:50 +0000 2016"}
{"polarity": 0.0, "location": "Seattle, WA", "sentiment": "neutral", "time": "Mon Mar 14 13:06:56 +0000 2016"}
{"polarity": 0.3, "location": "New York, NY", "sentiment": "positive", "time": "Mon Mar 14 13:20:11 +0000 2016"}
{"polarity": 0.0, "location": "Atlanta, GA", "sentiment": "neutral", "time": "Mon Mar 14 13:20:22 +0000 2016"}
{"polarity": 0.0, "location": "Boston, MA", "sentiment": "neutral", "time": "Mon Mar 14 13:20:35 +0000 2016"}
{"polarity": 0.21212121212121213, "location": "Atlanta, GA", "sentiment": "positive", "time": "Mon Mar 14 13:20:39 +0000 2016"}
{"polarity": 0.5, "location": "New York, NY", "sentiment": "positive", "time": "Mon Mar 14 13:13:02 +0000 2016"}
{"polarity": 0.0, "location": "Atlanta, GA", "sentiment": "neutral", "time": "Mon Mar 14 13:13:06 +0000 2016"}
{"polarity": 0.5, "location": "Atlanta, GA", "sentiment": "positive", "time": "Mon Mar 14 13:13:12 +0000 2016"}
{"polarity": -0.75, "location": "Orlando, FL", "sentiment": "negative", "time": "Mon Mar 14 13:13:24 +0000 2016"}
{"polarity": 0.25, "location": "Seattle, WA", "sentiment": "positive", "time": "Mon Mar 14 13:13:28 +0000 2016"}
{"polarity": 0.225, "location": "New York, NY", "sentiment": "positive", "time": "Mon Mar 14 13:04:18 +0000 2016"}
{"polarity": -0.35, "location": "New York, NY", "sentiment": "negative", "time": "Mon Mar 14 13:04:18 +0000 2016"}
{"polarity": 0.0, "location": "San Diego, CA", "sentiment": "neutral", "time": "Mon Mar 14 13:04:20 +0000 2016"}
{"polarity": 0.0, "location": "New York, NY", "sentiment": "neutral", "time": "Mon Mar 14 13:04:22 +0000 2016"}
{"polarity": -0.25, "location": "Portland, OR", "sentiment": "negative", "time": "Mon Mar 14 13:04:28 +0000 2016"}
{"polarity": 0.0, "location": "Phoenix, AZ", "sentiment": "neutral", "time": "Mon Mar 14 18:39:00 +0000 2016"}
{"polarity": 0.34375, "location": "Orlando, FL", "sentiment": "positive", "time": "Mon Mar 14 18:39:01 +0000 2016"}
{"polarity": 0.0, "location": "San Diego, CA", "sentiment": "neutral", "time": "Mon Mar 14 18:39:27 +0000 2016"}
{"polarity": -0.8, "location": "Atlanta, GA", "sentiment": "negative", "time": "Mon Mar 14 18:39:28 +0000 2016"}
{"polarity": 0.0, "location": "Atlanta, GA", "sentiment": "neutral", "time": "Mon Mar 14 18:39:31 +0000 2016"}
{"polarity": 0.25, "location": "Boston, MA", "sentiment": "positive", "time": "Mon Mar 14 18:39:36 +0000 2016"}
{"polarity": 0.3, "location": "Atlanta, GA", "sentiment": "positive", "time": "Mon Mar 14 18:59:06 +0000 2016"}
{"polarity": -0.1, "location": "New York, NY", "sentiment": "negative", "time": "Mon Mar 14 18:59:09 +0000 2016"}
{"polarity": 0.0, "location": "San Diego, CA", "sentiment": "neutral", "time": "Mon Mar 14 18:59:15 +0000 2016"}
{"polarity": 1.0, "location": "Atlanta, GA", "sentiment": "positive", "time": "Mon Mar 14 18:59:19 +0000 2016"}
{"polarity": 0.0, "location": "New York, NY", "sentiment": "neutral", "time": "Mon Mar 14 18:59:35 +0000 2016"}
{"polarity": -0.5, "location": "New York, NY", "sentiment": "negative", "time": "Mon Mar 14 18:59:41 +0000 2016"}
{"polarity": 0.0, "location": "Seattle, WA", "sentiment": "neutral", "time": "Mon Mar 14 18:59:42 +0000 2016"}
{"polarity": 0.4356770833333334, "location": "San Diego, CA", "sentiment": "positive", "time": "Mon Mar 14 18:59:47 +0000 2016"}
{"polarity": 0.2, "location": "New York, NY", "sentiment": "positive", "time": "Mon Mar 14 18:59:50 +0000 2016"}
{"polarity": 0.0, "location": "Boston, MA", "sentiment": "neutral", "time": "Mon Mar 14 18:19:04 +0000 2016"}
{"polarity": 0.13636363636363635, "location": "Boston, MA", "sentiment": "positive", "time": "Mon Mar 14 18:19:04 +0000 2016"}
{"polarity": 0.5, "location": "New York, NY", "sentiment": "positive", "time": "Mon Mar 14 18:19:13 +0000 2016"}
{"polarity": 0.1, "location": "Boston, MA", "sentiment": "positive", "time": "Mon Mar 14 18:19:15 +0000 2016"}
{"polarity": 0.0, "location": "Atlanta, GA", "sentiment": "neutral", "time": "Mon Mar 14 18:19:46 +0000 2016"}
{"polarity": 0.0, "location": "San Diego, CA", "sentiment": "neutral", "time": "Mon Mar 14 18:19:56 +0000 2016"}
{"polarity": 0.0, "location": "New York, NY", "sentiment": "neutral", "time": "Mon Mar 14 18:19:58 +0000 2016"}
{"polarity": 0.0, "location": "New York, NY", "sentiment": "neutral", "time": "Mon Mar 14 18:37:12 +0000 2016"}
{"polarity": 0.0, "location": "New York, NY", "sentiment": "neutral", "time": "Mon Mar 14 18:37:17 +0000 2016"}
{"polarity": 0.0, "location": "San Diego, CA", "sentiment": "neutral", "time": "Mon Mar 14 18:37:26 +0000 2016"}
{"polarity": 0.0, "location": "Phoenix, AZ", "sentiment": "neutral", "time": "Mon Mar 14 18:37:34 +0000 2016"}
{"polarity": -0.12121212121212122, "location": "New York, NY", "sentiment": "negative", "time": "Mon Mar 14 18:37:42 +0000 2016"}
{"polarity": 0.35714285714285715, "location": "Portland, OR", "sentiment": "positive", "time": "Mon Mar 14 18:37:44 +0000 2016"}
{"polarity": 0.0, "location": "Orlando, FL", "sentiment": "neutral", "time": "Mon Mar 14 18:37:45 +0000 2016"}
{"polarity": 0.0, "location": "Orlando, FL", "sentiment": "neutral", "time": "Mon Mar 14 18:37:50 +0000 2016"}
{"polarity": 0.0, "location": "Atlanta, GA", "sentiment": "neutral", "time": "Mon Mar 14 18:31:01 +0000 2016"}
{"polarity": -0.05, "location": "Boston, MA", "sentiment": "negative", "time": "Mon Mar 14 18:31:01 +0000 2016"}
{"polarity": 0.0, "location": "Seattle, WA", "sentiment": "neutral", "time": "Mon Mar 14 18:31:09 +0000 2016"}
{"polarity": 0.0, "location": "Atlanta, GA", "sentiment": "neutral", "time": "Mon Mar 14 18:31:10 +0000 2016"}
{"polarity": 0.0, "location": "Boston, MA", "sentiment": "neutral", "time": "Mon Mar 14 18:31:22 +0000 2016"}
{"polarity": 0.0, "location": "San Diego, CA", "sentiment": "neutral", "time": "Mon Mar 14 18:31:26 +0000 2016"}
{"polarity": 0.0, "location": "New York, NY", "sentiment": "neutral", "time": "Mon Mar 14 18:31:32 +0000 2016"}
{"polarity": 0.0, "location": "Phoenix, AZ", "sentiment": "neutral", "time": "Mon Mar 14 18:31:48 +0000 2016"}
{"polarity": 0.0, "location": "New York, NY", "sentiment": "neutral", "time": "Mon Mar 14 18:31:51 +0000 2016"}
{"polarity": 0.0, "location": "Phoenix, AZ", "sentiment": "neutral", "time": "Mon Mar 14 18:31:58 +0000 2016"}
{"polarity": 0.55, "location": "Orlando, FL", "sentiment": "positive", "time": "Mon Mar 14 18:31:59 +0000 2016"}
{"polarity": 0.0, "location": "Phoenix, AZ", "sentiment": "neutral", "time": "Mon Mar 14 18:41:01 +0000 2016"}
{"polarity": 0.2, "location": "San Diego, CA", "sentiment": "positive", "time": "Mon Mar 14 18:41:04 +0000 2016"}
{"polarity": 0.6000000000000001, "location": "New York, NY", "sentiment": "positive", "time": "Mon Mar 14 18:41:06 +0000 2016"}
{"polarity": -0.3, "location": "New York, NY", "sentiment": "negative", "time": "Mon Mar 14 18:41:12 +0000 2016"}
{"polarity": 0.0, "location": "New York, NY", "sentiment": "neutral", "time": "Mon Mar 14 18:41:18 +0000 2016"}
{"polarity": 0.0, "location": "Seattle, WA", "sentiment": "neutral", "time": "Mon Mar 14 18:41:26 +0000 2016"}
{"polarity": 0.0, "location": "New York, NY", "sentiment": "neutral", "time": "Mon Mar 14 18:41:28 +0000 2016"}
{"polarity": 0.0, "location": "Boston, MA", "sentiment": "neutral", "time": "Mon Mar 14 18:41:34 +0000 2016"}
{"polarity": -0.8, "location": "Portland, OR", "sentiment": "negative", "time": "Mon Mar 14 18:41:43 +0000 2016"}
{"polarity": 0.2681818181818182, "location": "New York, NY", "sentiment": "positive", "time": "Mon Mar 14 18:27:01 +0000 2016"}
{"polarity": 0.4, "location": "Phoenix, AZ", "sentiment": "positive", "time": "Mon Mar 14 18:27:08 +0000 2016"}
{"polarity": 0.13636363636363635, "location": "Portland, OR", "sentiment": "positive", "time": "Mon Mar 14 18:27:27 +0000 2016"}
{"polarity": 0.0, "location": "Atlanta, GA", "sentiment": "neutral", "time": "Mon Mar 14 18:27:45 +0000 2016"}
{"polarity": 0.0, "location": "Atlanta, GA", "sentiment": "neutral", "time": "Mon Mar 14 18:27:47 +0000 2016"}
{"polarity": -0.2, "location": "New York, NY", "sentiment": "negative", "time": "Mon Mar 14 18:27:52 +0000 2016"}
{"polarity": 0.0, "location": "Phoenix, AZ", "sentiment": "neutral", "time": "Mon Mar 14 18:27:53 +0000 2016"}
{"polarity": 0.0, "location": "Orlando, FL", "sentiment": "neutral", "time": "Mon Mar 14 18:27:54 +0000 2016"}
{"polarity": 0.16, "location": "Orlando, FL", "sentiment": "positive", "time": "Mon Mar 14 18:27:56 +0000 2016"}
{"polarity": 0.0, "location": "Atlanta, GA", "sentiment": "neutral", "time": "Mon Mar 14 18:57:07 +0000 2016"}
{"polarity": 0.6, "location": "San Diego, CA", "sentiment": "positive", "time": "Mon Mar 14 18:57:08 +0000 2016"}
{"polarity": 0.0, "location": "Seattle, WA", "sentiment": "neutral", "time": "Mon Mar 14 18:57:08 +0000 2016"}
{"polarity": 0.0, "location": "New York, NY", "sentiment": "neutral", "time": "Mon Mar 14 18:57:15 +0000 2016"}
{"polarity": 0.0, "location": "Boston, MA", "sentiment": "neutral", "time": "Mon Mar 14 18:57:24 +0000 2016"}
{"polarity": 0.2222222222222222, "location": "New York, NY", "sentiment": "positive", "time": "Mon Mar 14 18:57:26 +0000 2016"}
{"polarity": -0.6, "location": "Portland, OR", "sentiment": "negative", "time": "Mon Mar 14 18:57:30 +0000 2016"}
{"polarity": 0.0, "location": "Boston, MA", "sentiment": "neutral", "time": "Mon Mar 14 18:57:34 +0000 2016"}
{"polarity": 0.0, "location": "New York, NY", "sentiment": "neutral", "time": "Mon Mar 14 18:57:37 +0000 2016"}
{"polarity": 0.0, "location": "New York, NY", "sentiment": "neutral", "time": "Mon Mar 14 18:57:39 +0000 2016"}
{"polarity": 0.25, "location": "Atlanta, GA", "sentiment": "positive", "time": "Mon Mar 14 18:57:41 +0000 2016"}
{"polarity": 0.5, "location": "Atlanta, GA", "sentiment": "positive", "time": "Mon Mar 14 18:57:44 +0000 2016"}
{"polarity": -0.07857142857142857, "location": "Boston, MA", "sentiment": "negative", "time": "Mon Mar 14 18:57:48 +0000 2016"}
{"polarity": 0.0, "location": "New York, NY", "sentiment": "neutral", "time": "Mon Mar 14 18:57:57 +0000 2016"}
{"polarity": 0.6000000000000001, "location": "Orlando, FL", "sentiment": "positive", "time": "Mon Mar 14 18:26:04 +0000 2016"}
{"polarity": 0.46875, "location": "New York, NY", "sentiment": "positive", "time": "Mon Mar 14 18:26:10 +0000 2016"}
{"polarity": -0.45, "location": "Atlanta, GA", "sentiment": "negative", "time": "Mon Mar 14 18:26:12 +0000 2016"}
{"polarity": 0.0, "location": "Boston, MA", "sentiment": "neutral", "time": "Mon Mar 14 18:26:30 +0000 2016"}
{"polarity": 0.5, "location": "New York, NY", "sentiment": "positive", "time": "Mon Mar 14 18:26:47 +0000 2016"}
{"polarity": 0.0, "location": "Orlando, FL", "sentiment": "neutral", "time": "Mon Mar 14 18:58:04 +0000 2016"}
{"polarity": 0.0, "location": "New York, NY", "sentiment": "neutral", "time": "Mon Mar 14 18:58:07 +0000 2016"}
{"polarity": 0.0, "location": "Phoenix, AZ", "sentiment": "neutral", "time": "Mon Mar 14 18:58:12 +0000 2016"}
{"polarity": 0.0, "location": "Atlanta, GA", "sentiment": "neutral", "time": "Mon Mar 14 18:58:12 +0000 2016"}
{"polarity": -0.3, "location": "St. Louis, MO", "sentiment": "negative", "time": "Mon Mar 14 18:58:32 +0000 2016"}
{"polarity": 0.0, "location": "Phoenix, AZ", "sentiment": "neutral", "time": "Mon Mar 14 18:58:33 +0000 2016"}
{"polarity": 0.4, "location": "Atlanta, GA", "sentiment": "positive", "time": "Mon Mar 14 18:58:49 +0000 2016"}
{"polarity": 0.0, "location": "San Diego, CA", "sentiment": "neutral", "time": "Mon Mar 14 18:58:51 +0000 2016"}
{"polarity": 0.8, "location": "New York, NY", "sentiment": "positive", "time": "Mon Mar 14 18:58:54 +0000 2016"}
{"polarity": 0.0, "location": "Portland, OR", "sentiment": "neutral", "time": "Mon Mar 14 18:58:55 +0000 2016"}
{"polarity": 0.225, "location": "Seattle, WA", "sentiment": "positive", "time": "Mon Mar 14 18:42:16 +0000 2016"}
{"polarity": 0.0, "location": "New York, NY", "sentiment": "neutral", "time": "Mon Mar 14 18:42:21 +0000 2016"}
{"polarity": 0.0, "location": "New York, NY", "sentiment": "neutral", "time": "Mon Mar 14 18:42:28 +0000 2016"}
{"polarity": 0.7, "location": "Portland, OR", "sentiment": "positive", "time": "Mon Mar 14 18:42:36 +0000 2016"}
{"polarity": -0.6, "location": "Boston, MA", "sentiment": "negative", "time": "Mon Mar 14 18:42:37 +0000 2016"}
{"polarity": 0.0, "location": "Atlanta, GA", "sentiment": "neutral", "time": "Mon Mar 14 18:42:39 +0000 2016"}
{"polarity": 0.0, "location": "New York, NY", "sentiment": "neutral", "time": "Mon Mar 14 18:42:43 +0000 2016"}
{"polarity": 0.0, "location": "New York, NY", "sentiment": "neutral", "time": "Mon Mar 14 18:42:51 +0000 2016"}
{"polarity": 0.0, "location": "Portland, OR", "sentiment": "neutral", "time": "Mon Mar 14 18:42:54 +0000 2016"}
{"polarity": 0.5, "location": "Atlanta, GA", "sentiment": "positive", "time": "Mon Mar 14 18:42:57 +0000 2016"}
{"polarity": 0.18333333333333335, "location": "New York, NY", "sentiment": "positive", "time": "Mon Mar 14 18:50:03 +0000 2016"}
{"polarity": 0.0, "location": "Boston, MA", "sentiment": "neutral", "time": "Mon Mar 14 18:50:09 +0000 2016"}
{"polarity": 0.0, "location": "Seattle, WA", "sentiment": "neutral", "time": "Mon Mar 14 18:50:23 +0000 2016"}
{"polarity": 0.0, "location": "Boston, MA", "sentiment": "neutral", "time": "Mon Mar 14 18:50:25 +0000 2016"}
{"polarity": 0.4, "location": "New York, NY", "sentiment": "positive", "time": "Mon Mar 14 18:50:26 +0000 2016"}
{"polarity": 0.0, "location": "Boston, MA", "sentiment": "neutral", "time": "Mon Mar 14 18:50:38 +0000 2016"}
{"polarity": -0.5, "location": "San Diego, CA", "sentiment": "negative", "time": "Mon Mar 14 18:50:39 +0000 2016"}
{"polarity": 0.0, "location": "St. Louis, MO", "sentiment": "neutral", "time": "Mon Mar 14 18:50:45 +0000 2016"}
{"polarity": 0.0, "location": "Portland, OR", "sentiment": "neutral", "time": "Mon Mar 14 18:50:48 +0000 2016"}
{"polarity": -0.4, "location": "Phoenix, AZ", "sentiment": "negative", "time": "Mon Mar 14 18:50:52 +0000 2016"}
{"polarity": 0.0, "location": "New York, NY", "sentiment": "neutral", "time": "Mon Mar 14 18:15:09 +0000 2016"}
{"polarity": 0.17499999999999996, "location": "New York, NY", "sentiment": "positive", "time": "Mon Mar 14 18:15:19 +0000 2016"}
{"polarity": 0.3, "location": "San Diego, CA", "sentiment": "positive", "time": "Mon Mar 14 18:15:23 +0000 2016"}
{"polarity": -0.10416666666666666, "location": "Atlanta, GA", "sentiment": "negative", "time": "Mon Mar 14 18:15:30 +0000 2016"}
{"polarity": 0.2, "location": "Orlando, FL", "sentiment": "positive", "time": "Mon Mar 14 18:15:32 +0000 2016"}
{"polarity": 0.0, "location": "San Diego, CA", "sentiment": "neutral", "time": "Mon Mar 14 18:15:43 +0000 2016"}
{"polarity": 0.0, "location": "St. Louis, MO", "sentiment": "neutral", "time": "Mon Mar 14 18:38:17 +0000 2016"}
{"polarity": 0.0, "location": "Orlando, FL", "sentiment": "neutral", "time": "Mon Mar 14 18:38:21 +0000 2016"}
{"polarity": 0.0, "location": "Seattle, WA", "sentiment": "neutral", "time": "Mon Mar 14 18:38:25 +0000 2016"}
{"polarity": 0.2857142857142857, "location": "New York, NY", "sentiment": "positive", "time": "Mon Mar 14 18:38:27 +0000 2016"}
{"polarity": 0.0, "location": "Portland, OR", "sentiment": "neutral", "time": "Mon Mar 14 18:38:38 +0000 2016"}
{"polarity": -0.5, "location": "New York, NY", "sentiment": "negative", "time": "Mon Mar 14 18:38:40 +0000 2016"}
{"polarity": 0.0, "location": "Orlando, FL", "sentiment": "neutral", "time": "Mon Mar 14 18:38:48 +0000 2016"}
{"polarity": 0.0, "location": "New York, NY", "sentiment": "neutral", "time": "Mon Mar 14 18:38:49 +0000 2016"}
{"polarity": 0.319047619047619, "location": "Boston, MA", "sentiment": "positive", "time": "Mon Mar 14 18:38:50 +0000 2016"}
{"polarity": 0.5166666666666667, "location": "Orlando, FL", "sentiment": "positive", "time": "Mon Mar 14 18:38:51 +0000 2016"}
{"polarity": 0.5, "location": "Atlanta, GA", "sentiment": "positive", "time": "Mon Mar 14 18:21:02 +0000 2016"}
{"polarity": 0.0, "location": "Seattle, WA", "sentiment": "neutral", "time": "Mon Mar 14 18:21:03 +0000 2016"}
{"polarity": 0.052083333333333336, "location": "Portland, OR", "sentiment": "positive", "time": "Mon Mar 14 18:21:08 +0000 2016"}
{"polarity": 0.0, "location": "New York, NY", "sentiment": "neutral", "time": "Mon Mar 14 18:21:23 +0000 2016"}
{"polarity": 0.0, "location": "New York, NY", "sentiment": "neutral", "time": "Mon Mar 14 18:21:43 +0000 2016"}
{"polarity": 0.71875, "location": "Phoenix, AZ", "sentiment": "positive", "time": "Mon Mar 14 18:21:49 +0000 2016"}
{"polarity": 0.0, "location": "New York, NY", "sentiment": "neutral", "time": "Mon Mar 14 18:21:43 +0000 2016"}
{"polarity": 0.0, "location": "St. Louis, MO", "sentiment": "neutral", "time": "Mon Mar 14 18:17:01 +0000 2016"}
{"polarity": 0.5, "location": "Seattle, WA", "sentiment": "positive", "time": "Mon Mar 14 18:17:06 +0000 2016"}
{"polarity": 0.22083333333333335, "location": "Seattle, WA", "sentiment": "positive", "time": "Mon Mar 14 18:17:23 +0000 2016"}
{"polarity": 0.375, "location": "New York, NY", "sentiment": "positive", "time": "Mon Mar 14 18:17:38 +0000 2016"}
{"polarity": 0.0, "location": "New York, NY", "sentiment": "neutral", "time": "Mon Mar 14 18:17:38 +0000 2016"}
{"polarity": 0.0, "location": "Atlanta, GA", "sentiment": "neutral", "time": "Mon Mar 14 18:17:44 +0000 2016"}
{"polarity": 0.30000000000000004, "location": "New York, NY", "sentiment": "positive", "time": "Mon Mar 14 18:17:45 +0000 2016"}
{"polarity": 0.0, "location": "Portland, OR", "sentiment": "neutral", "time": "Mon Mar 14 18:17:59 +0000 2016"}
{"polarity": -0.6999999999999998, "location": "Atlanta, GA", "sentiment": "negative", "time": "Mon Mar 14 18:17:59 +0000 2016"}
{"polarity": -0.7999999999999999, "location": "Portland, OR", "sentiment": "negative", "time": "Mon Mar 14 18:12:19 +0000 2016"}
{"polarity": -0.25, "location": "Portland, OR", "sentiment": "negative", "time": "Mon Mar 14 18:12:24 +0000 2016"}
{"polarity": 0.0, "location": "Boston, MA", "sentiment": "neutral", "time": "Mon Mar 14 18:12:40 +0000 2016"}
{"polarity": 0.0, "location": "Atlanta, GA", "sentiment": "neutral", "time": "Mon Mar 14 18:29:05 +0000 2016"}
{"polarity": 0.75, "location": "Atlanta, GA", "sentiment": "positive", "time": "Mon Mar 14 18:29:05 +0000 2016"}
{"polarity": 1.0, "location": "Seattle, WA", "sentiment": "positive", "time": "Mon Mar 14 18:29:05 +0000 2016"}
{"polarity": 0.0, "location": "Seattle, WA", "sentiment": "neutral", "time": "Mon Mar 14 18:29:19 +0000 2016"}
{"polarity": 0.08333333333333333, "location": "New York, NY", "sentiment": "positive", "time": "Mon Mar 14 18:29:21 +0000 2016"}
{"polarity": 0.26666666666666666, "location": "New York, NY", "sentiment": "positive", "time": "Mon Mar 14 18:29:34 +0000 2016"}
{"polarity": 0.0, "location": "New York, NY", "sentiment": "neutral", "time": "Mon Mar 14 18:29:36 +0000 2016"}
{"polarity": 0.5, "location": "New York, NY", "sentiment": "positive", "time": "Mon Mar 14 18:29:46 +0000 2016"}
{"polarity": 0.13636363636363635, "location": "New York, NY", "sentiment": "positive", "time": "Mon Mar 14 18:29:46 +0000 2016"}
{"polarity": 0.0, "location": "Atlanta, GA", "sentiment": "neutral", "time": "Mon Mar 14 18:29:49 +0000 2016"}
{"polarity": 0.0, "location": "Atlanta, GA", "sentiment": "neutral", "time": "Mon Mar 14 18:29:55 +0000 2016"}
{"polarity": 0.625, "location": "New York, NY", "sentiment": "positive", "time": "Mon Mar 14 18:29:59 +0000 2016"}
{"polarity": 0.0, "location": "St. Louis, MO", "sentiment": "neutral", "time": "Mon Mar 14 18:18:00 +0000 2016"}
{"polarity": 0.1, "location": "New York, NY", "sentiment": "positive", "time": "Mon Mar 14 18:18:15 +0000 2016"}
{"polarity": 0.0, "location": "New York, NY", "sentiment": "neutral", "time": "Mon Mar 14 18:18:19 +0000 2016"}
{"polarity": 0.0, "location": "Atlanta, GA", "sentiment": "neutral", "time": "Mon Mar 14 18:18:36 +0000 2016"}
{"polarity": 0.2, "location": "Boston, MA", "sentiment": "positive", "time": "Mon Mar 14 18:18:47 +0000 2016"}
{"polarity": 0.0, "location": "New York, NY", "sentiment": "neutral", "time": "Mon Mar 14 18:18:47 +0000 2016"}
{"polarity": 0.0, "location": "Atlanta, GA", "sentiment": "neutral", "time": "Mon Mar 14 18:18:56 +0000 2016"}
{"polarity": 0.0, "location": "San Diego, CA", "sentiment": "neutral", "time": "Mon Mar 14 18:18:58 +0000 2016"}
{"polarity": 0.25, "location": "Boston, MA", "sentiment": "positive", "time": "Mon Mar 14 18:46:00 +0000 2016"}
{"polarity": -0.625, "location": "Boston, MA", "sentiment": "negative", "time": "Mon Mar 14 18:46:11 +0000 2016"}
{"polarity": 0.0, "location": "New York, NY", "sentiment": "neutral", "time": "Mon Mar 14 18:46:14 +0000 2016"}
{"polarity": 0.13636363636363635, "location": "Atlanta, GA", "sentiment": "positive", "time": "Mon Mar 14 18:46:17 +0000 2016"}
{"polarity": 0.6000000000000001, "location": "Portland, OR", "sentiment": "positive", "time": "Mon Mar 14 18:46:34 +0000 2016"}
{"polarity": 0.7, "location": "Boston, MA", "sentiment": "positive", "time": "Mon Mar 14 18:46:36 +0000 2016"}
{"polarity": -0.16666666666666666, "location": "New York, NY", "sentiment": "negative", "time": "Mon Mar 14 18:46:49 +0000 2016"}
{"polarity": 0.0, "location": "New York, NY", "sentiment": "neutral", "time": "Mon Mar 14 18:46:55 +0000 2016"}
{"polarity": 0.06818181818181818, "location": "Atlanta, GA", "sentiment": "positive", "time": "Mon Mar 14 18:00:06 +0000 2016"}
{"polarity": 0.6000000000000001, "location": "Seattle, WA", "sentiment": "positive", "time": "Mon Mar 14 18:00:10 +0000 2016"}
{"polarity": 0.8, "location": "New York, NY", "sentiment": "positive", "time": "Mon Mar 14 18:00:10 +0000 2016"}
{"polarity": -0.05, "location": "New York, NY", "sentiment": "negative", "time": "Mon Mar 14 18:00:14 +0000 2016"}
{"polarity": 0.0, "location": "New York, NY", "sentiment": "neutral", "time": "Mon Mar 14 18:00:19 +0000 2016"}
{"polarity": 0.0, "location": "Phoenix, AZ", "sentiment": "neutral", "time": "Mon Mar 14 18:00:20 +0000 2016"}
{"polarity": 0.5, "location": "Seattle, WA", "sentiment": "positive", "time": "Mon Mar 14 18:00:29 +0000 2016"}
{"polarity": 0.43333333333333335, "location": "New York, NY", "sentiment": "positive", "time": "Mon Mar 14 18:00:33 +0000 2016"}
{"polarity": 0.0, "location": "San Diego, CA", "sentiment": "neutral", "time": "Mon Mar 14 18:00:38 +0000 2016"}
{"polarity": 0.15, "location": "Atlanta, GA", "sentiment": "positive", "time": "Mon Mar 14 18:00:41 +0000 2016"}
{"polarity": 0.5, "location": "Portland, OR", "sentiment": "positive", "time": "Mon Mar 14 18:00:56 +0000 2016"}
{"polarity": 0.0, "location": "New York, NY", "sentiment": "neutral", "time": "Mon Mar 14 18:00:56 +0000 2016"}
{"polarity": 0.0, "location": "Seattle, WA", "sentiment": "neutral", "time": "Mon Mar 14 18:34:00 +0000 2016"}
{"polarity": 0.425, "location": "Seattle, WA", "sentiment": "positive", "time": "Mon Mar 14 18:34:02 +0000 2016"}
{"polarity": 0.0, "location": "Atlanta, GA", "sentiment": "neutral", "time": "Mon Mar 14 18:34:07 +0000 2016"}
{"polarity": 0.0, "location": "Boston, MA", "sentiment": "neutral", "time": "Mon Mar 14 18:34:11 +0000 2016"}
{"polarity": 0.0, "location": "Seattle, WA", "sentiment": "neutral", "time": "Mon Mar 14 18:34:15 +0000 2016"}
{"polarity": 0.0, "location": "Orlando, FL", "sentiment": "neutral", "time": "Mon Mar 14 18:34:23 +0000 2016"}
{"polarity": 0.1, "location": "Phoenix, AZ", "sentiment": "positive", "time": "Mon Mar 14 18:34:28 +0000 2016"}
{"polarity": 0.0, "location": "New York, NY", "sentiment": "neutral", "time": "Mon Mar 14 18:34:32 +0000 2016"}
{"polarity": 0.0, "location": "Seattle, WA", "sentiment": "neutral", "time": "Mon Mar 14 18:34:34 +0000 2016"}
{"polarity": 0.0, "location": "Orlando, FL", "sentiment": "neutral", "time": "Mon Mar 14 18:34:35 +0000 2016"}
{"polarity": 0.0, "location": "Atlanta, GA", "sentiment": "neutral", "time": "Mon Mar 14 18:34:35 +0000 2016"}
{"polarity": 0.0, "location": "Boston, MA", "sentiment": "neutral", "time": "Mon Mar 14 18:34:35 +0000 2016"}
{"polarity": 0.0, "location": "New York, NY", "sentiment": "neutral", "time": "Mon Mar 14 18:34:52 +0000 2016"}
{"polarity": -0.4, "location": "San Diego, CA", "sentiment": "negative", "time": "Mon Mar 14 18:34:56 +0000 2016"}
{"polarity": 0.25, "location": "Phoenix, AZ", "sentiment": "positive", "time": "Mon Mar 14 18:05:04 +0000 2016"}
{"polarity": 0.0, "location": "Atlanta, GA", "sentiment": "neutral", "time": "Mon Mar 14 18:05:07 +0000 2016"}
{"polarity": 0.0, "location": "Orlando, FL", "sentiment": "neutral", "time": "Mon Mar 14 18:05:06 +0000 2016"}
{"polarity": 0.0, "location": "San Diego, CA", "sentiment": "neutral", "time": "Mon Mar 14 18:05:17 +0000 2016"}
{"polarity": 0.5, "location": "Atlanta, GA", "sentiment": "positive", "time": "Mon Mar 14 18:05:17 +0000 2016"}
{"polarity": 0.0, "location": "New York, NY", "sentiment": "neutral", "time": "Mon Mar 14 18:05:19 +0000 2016"}
{"polarity": -0.125, "location": "Boston, MA", "sentiment": "negative", "time": "Mon Mar 14 18:05:22 +0000 2016"}
{"polarity": 0.08333333333333333, "location": "New York, NY", "sentiment": "positive", "time": "Mon Mar 14 18:05:29 +0000 2016"}
{"polarity": 0.3, "location": "Atlanta, GA", "sentiment": "positive", "time": "Mon Mar 14 18:05:34 +0000 2016"}
{"polarity": 0.6083333333333334, "location": "San Diego, CA", "sentiment": "positive", "time": "Mon Mar 14 18:05:34 +0000 2016"}
{"polarity": 0.8125, "location": "Seattle, WA", "sentiment": "positive", "time": "Mon Mar 14 18:05:40 +0000 2016"}
{"polarity": 0.0, "location": "Seattle, WA", "sentiment": "neutral", "time": "Mon Mar 14 18:05:41 +0000 2016"}
{"polarity": 0.2, "location": "New York, NY", "sentiment": "positive", "time": "Mon Mar 14 18:05:41 +0000 2016"}
{"polarity": -0.25, "location": "Boston, MA", "sentiment": "negative", "time": "Mon Mar 14 18:05:48 +0000 2016"}
{"polarity": -0.6999999999999998, "location": "New York, NY", "sentiment": "negative", "time": "Mon Mar 14 18:05:49 +0000 2016"}
{"polarity": -0.2, "location": "Seattle, WA", "sentiment": "negative", "time": "Mon Mar 14 18:05:50 +0000 2016"}
{"polarity": 0.1, "location": "Portland, OR", "sentiment": "positive", "time": "Mon Mar 14 18:05:50 +0000 2016"}
{"polarity": 0.0, "location": "New York, NY", "sentiment": "neutral", "time": "Mon Mar 14 18:05:51 +0000 2016"}
{"polarity": 0.0, "location": "Orlando, FL", "sentiment": "neutral", "time": "Mon Mar 14 18:05:54 +0000 2016"}
{"polarity": 0.13636363636363635, "location": "New York, NY", "sentiment": "positive", "time": "Mon Mar 14 18:05:55 +0000 2016"}
{"polarity": 0.0, "location": "New York, NY", "sentiment": "neutral", "time": "Mon Mar 14 18:11:05 +0000 2016"}
{"polarity": 0.8, "location": "New York, NY", "sentiment": "positive", "time": "Mon Mar 14 18:11:07 +0000 2016"}
{"polarity": 0.75, "location": "San Diego, CA", "sentiment": "positive", "time": "Mon Mar 14 18:11:19 +0000 2016"}
{"polarity": 0.0, "location": "Phoenix, AZ", "sentiment": "neutral", "time": "Mon Mar 14 18:11:45 +0000 2016"}
{"polarity": 0.2, "location": "Phoenix, AZ", "sentiment": "positive", "time": "Mon Mar 14 18:11:45 +0000 2016"}
{"polarity": 0.13636363636363635, "location": "Atlanta, GA", "sentiment": "positive", "time": "Mon Mar 14 18:11:51 +0000 2016"}
{"polarity": -0.48125, "location": "Atlanta, GA", "sentiment": "negative", "time": "Mon Mar 14 18:11:56 +0000 2016"}
{"polarity": 0.0, "location": "New York, NY", "sentiment": "neutral", "time": "Mon Mar 14 18:56:03 +0000 2016"}
{"polarity": 0.0, "location": "New York, NY", "sentiment": "neutral", "time": "Mon Mar 14 18:56:14 +0000 2016"}
{"polarity": 0.0, "location": "Boston, MA", "sentiment": "neutral", "time": "Mon Mar 14 18:56:18 +0000 2016"}
{"polarity": 0.0, "location": "Boston, MA", "sentiment": "neutral", "time": "Mon Mar 14 18:56:28 +0000 2016"}
{"polarity": 0.018181818181818174, "location": "New York, NY", "sentiment": "positive", "time": "Mon Mar 14 18:56:29 +0000 2016"}
{"polarity": 0.0, "location": "Portland, OR", "sentiment": "neutral", "time": "Mon Mar 14 18:56:33 +0000 2016"}
{"polarity": 0.0, "location": "Atlanta, GA", "sentiment": "neutral", "time": "Mon Mar 14 18:56:39 +0000 2016"}
{"polarity": 0.0, "location": "New York, NY", "sentiment": "neutral", "time": "Mon Mar 14 18:56:48 +0000 2016"}
{"polarity": -0.5, "location": "Atlanta, GA", "sentiment": "negative", "time": "Mon Mar 14 18:56:48 +0000 2016"}
{"polarity": 0.0, "location": "Boston, MA", "sentiment": "neutral", "time": "Mon Mar 14 18:56:55 +0000 2016"}
{"polarity": 0.35714285714285715, "location": "Portland, OR", "sentiment": "positive", "time": "Mon Mar 14 18:56:59 +0000 2016"}
{"polarity": 0.3181818181818182, "location": "New York, NY", "sentiment": "positive", "time": "Mon Mar 14 18:47:12 +0000 2016"}
{"polarity": 0.0, "location": "New York, NY", "sentiment": "neutral", "time": "Mon Mar 14 18:47:12 +0000 2016"}
{"polarity": 0.41818181818181815, "location": "Seattle, WA", "sentiment": "positive", "time": "Mon Mar 14 18:47:18 +0000 2016"}
{"polarity": 0.6, "location": "San Diego, CA", "sentiment": "positive", "time": "Mon Mar 14 18:47:19 +0000 2016"}
{"polarity": 0.03125, "location": "St. Louis, MO", "sentiment": "positive", "time": "Mon Mar 14 18:47:19 +0000 2016"}
{"polarity": 0.0, "location": "Atlanta, GA", "sentiment": "neutral", "time": "Mon Mar 14 18:47:19 +0000 2016"}
{"polarity": 0.25, "location": "New York, NY", "sentiment": "positive", "time": "Mon Mar 14 18:47:23 +0000 2016"}
{"polarity": 0.0, "location": "Atlanta, GA", "sentiment": "neutral", "time": "Mon Mar 14 18:47:41 +0000 2016"}
{"polarity": 0.5, "location": "Seattle, WA", "sentiment": "positive", "time": "Mon Mar 14 18:52:02 +0000 2016"}
{"polarity": 0.17045454545454544, "location": "New York, NY", "sentiment": "positive", "time": "Mon Mar 14 18:52:08 +0000 2016"}
{"polarity": -0.175, "location": "Orlando, FL", "sentiment": "negative", "time": "Mon Mar 14 18:52:10 +0000 2016"}
{"polarity": 0.0, "location": "Atlanta, GA", "sentiment": "neutral", "time": "Mon Mar 14 18:52:12 +0000 2016"}
{"polarity": 0.13636363636363635, "location": "Atlanta, GA", "sentiment": "positive", "time": "Mon Mar 14 18:52:14 +0000 2016"}
{"polarity": 0.7, "location": "Atlanta, GA", "sentiment": "positive", "time": "Mon Mar 14 18:52:15 +0000 2016"}
{"polarity": 0.0, "location": "San Diego, CA", "sentiment": "neutral", "time": "Mon Mar 14 18:52:20 +0000 2016"}
{"polarity": 0.8, "location": "New York, NY", "sentiment": "positive", "time": "Mon Mar 14 18:52:20 +0000 2016"}
{"polarity": 0.0, "location": "San Diego, CA", "sentiment": "neutral", "time": "Mon Mar 14 18:52:22 +0000 2016"}
{"polarity": 0.0, "location": "New York, NY", "sentiment": "neutral", "time": "Mon Mar 14 18:52:22 +0000 2016"}
{"polarity": 0.25, "location": "New York, NY", "sentiment": "positive", "time": "Mon Mar 14 18:52:25 +0000 2016"}
{"polarity": 0.375, "location": "San Diego, CA", "sentiment": "positive", "time": "Mon Mar 14 18:52:31 +0000 2016"}
{"polarity": 0.0, "location": "San Diego, CA", "sentiment": "neutral", "time": "Mon Mar 14 18:52:32 +0000 2016"}
{"polarity": -0.1, "location": "New York, NY", "sentiment": "negative", "time": "Mon Mar 14 18:52:34 +0000 2016"}
{"polarity": 0.0, "location": "Atlanta, GA", "sentiment": "neutral", "time": "Mon Mar 14 18:52:48 +0000 2016"}
{"polarity": 0.0, "location": "Atlanta, GA", "sentiment": "neutral", "time": "Mon Mar 14 18:52:48 +0000 2016"}
{"polarity": 0.0, "location": "Boston, MA", "sentiment": "neutral", "time": "Mon Mar 14 18:52:51 +0000 2016"}
{"polarity": 0.55, "location": "Atlanta, GA", "sentiment": "positive", "time": "Mon Mar 14 18:53:04 +0000 2016"}
{"polarity": 0.14285714285714285, "location": "Orlando, FL", "sentiment": "positive", "time": "Mon Mar 14 18:53:08 +0000 2016"}
{"polarity": 0.37500000000000006, "location": "Orlando, FL", "sentiment": "positive", "time": "Mon Mar 14 18:53:16 +0000 2016"}
{"polarity": 0.0, "location": "Portland, OR", "sentiment": "neutral", "time": "Mon Mar 14 18:53:28 +0000 2016"}
{"polarity": 0.0, "location": "Atlanta, GA", "sentiment": "neutral", "time": "Mon Mar 14 18:53:34 +0000 2016"}
{"polarity": 0.13636363636363635, "location": "New York, NY", "sentiment": "positive", "time": "Mon Mar 14 18:53:38 +0000 2016"}
{"polarity": 0.0, "location": "Boston, MA", "sentiment": "neutral", "time": "Mon Mar 14 18:53:44 +0000 2016"}
{"polarity": 0.4375, "location": "New York, NY", "sentiment": "positive", "time": "Mon Mar 14 18:53:47 +0000 2016"}
{"polarity": 0.75, "location": "Seattle, WA", "sentiment": "positive", "time": "Mon Mar 14 18:53:53 +0000 2016"}
{"polarity": 0.0, "location": "Orlando, FL", "sentiment": "neutral", "time": "Mon Mar 14 18:53:57 +0000 2016"}
{"polarity": 0.0, "location": "Seattle, WA", "sentiment": "neutral", "time": "Mon Mar 14 18:02:10 +0000 2016"}
{"polarity": 0.13636363636363635, "location": "Portland, OR", "sentiment": "positive", "time": "Mon Mar 14 18:02:20 +0000 2016"}
{"polarity": 0.0, "location": "Portland, OR", "sentiment": "neutral", "time": "Mon Mar 14 18:02:29 +0000 2016"}
{"polarity": 0.0, "location": "New York, NY", "sentiment": "neutral", "time": "Mon Mar 14 18:02:35 +0000 2016"}
{"polarity": 0.0, "location": "New York, NY", "sentiment": "neutral", "time": "Mon Mar 14 18:02:40 +0000 2016"}
{"polarity": -0.5, "location": "Portland, OR", "sentiment": "negative", "time": "Mon Mar 14 18:02:46 +0000 2016"}
{"polarity": 0.0, "location": "San Diego, CA", "sentiment": "neutral", "time": "Mon Mar 14 18:02:49 +0000 2016"}
{"polarity": 0.0, "location": "Atlanta, GA", "sentiment": "neutral", "time": "Mon Mar 14 18:02:51 +0000 2016"}
{"polarity": 0.0, "location": "Atlanta, GA", "sentiment": "neutral", "time": "Mon Mar 14 18:02:58 +0000 2016"}
{"polarity": 0.016666666666666663, "location": "Atlanta, GA", "sentiment": "positive", "time": "Mon Mar 14 18:02:58 +0000 2016"}
{"polarity": 0.0, "location": "San Diego, CA", "sentiment": "neutral", "time": "Mon Mar 14 18:02:59 +0000 2016"}
{"polarity": -0.2, "location": "Boston, MA", "sentiment": "negative", "time": "Mon Mar 14 18:48:00 +0000 2016"}
{"polarity": -0.48125, "location": "San Diego, CA", "sentiment": "negative", "time": "Mon Mar 14 18:48:06 +0000 2016"}
{"polarity": 0.0, "location": "Orlando, FL", "sentiment": "neutral", "time": "Mon Mar 14 18:48:24 +0000 2016"}
{"polarity": 0.5166666666666667, "location": "Boston, MA", "sentiment": "positive", "time": "Mon Mar 14 18:48:28 +0000 2016"}
{"polarity": -0.012500000000000011, "location": "Boston, MA", "sentiment": "negative", "time": "Mon Mar 14 18:48:32 +0000 2016"}
{"polarity": 0.3333333333333333, "location": "Orlando, FL", "sentiment": "positive", "time": "Mon Mar 14 18:48:35 +0000 2016"}
{"polarity": 0.0, "location": "Boston, MA", "sentiment": "neutral", "time": "Mon Mar 14 18:48:49 +0000 2016"}
{"polarity": 0.0, "location": "Phoenix, AZ", "sentiment": "neutral", "time": "Mon Mar 14 18:48:57 +0000 2016"}
{"polarity": 0.2, "location": "Phoenix, AZ", "sentiment": "positive", "time": "Mon Mar 14 18:25:04 +0000 2016"}
{"polarity": 0.0, "location": "Boston, MA", "sentiment": "neutral", "time": "Mon Mar 14 18:25:12 +0000 2016"}
{"polarity": 0.2, "location": "Atlanta, GA", "sentiment": "positive", "time": "Mon Mar 14 18:25:12 +0000 2016"}
{"polarity": 0.25, "location": "Atlanta, GA", "sentiment": "positive", "time": "Mon Mar 14 18:25:13 +0000 2016"}
{"polarity": 0.0, "location": "Orlando, FL", "sentiment": "neutral", "time": "Mon Mar 14 18:25:17 +0000 2016"}
{"polarity": 0.0, "location": "Boston, MA", "sentiment": "neutral", "time": "Mon Mar 14 18:25:36 +0000 2016"}
{"polarity": 0.0, "location": "New York, NY", "sentiment": "neutral", "time": "Mon Mar 14 18:25:41 +0000 2016"}
{"polarity": 0.0, "location": "Phoenix, AZ", "sentiment": "neutral", "time": "Mon Mar 14 18:25:51 +0000 2016"}
{"polarity": 0.0, "location": "New York, NY", "sentiment": "neutral", "time": "Mon Mar 14 18:25:55 +0000 2016"}
{"polarity": 0.4, "location": "New York, NY", "sentiment": "positive", "time": "Mon Mar 14 18:25:56 +0000 2016"}
{"polarity": 0.5, "location": "New York, NY", "sentiment": "positive", "time": "Mon Mar 14 18:16:09 +0000 2016"}
{"polarity": 0.0, "location": "Atlanta, GA", "sentiment": "neutral", "time": "Mon Mar 14 18:16:13 +0000 2016"}
{"polarity": 0.0, "location": "Phoenix, AZ", "sentiment": "neutral", "time": "Mon Mar 14 18:16:18 +0000 2016"}
{"polarity": -0.3693181818181818, "location": "Phoenix, AZ", "sentiment": "negative", "time": "Mon Mar 14 18:16:20 +0000 2016"}
{"polarity": 0.0, "location": "San Diego, CA", "sentiment": "neutral", "time": "Mon Mar 14 18:16:20 +0000 2016"}
{"polarity": 0.0, "location": "Atlanta, GA", "sentiment": "neutral", "time": "Mon Mar 14 18:16:22 +0000 2016"}
{"polarity": 0.0, "location": "San Diego, CA", "sentiment": "neutral", "time": "Mon Mar 14 18:16:23 +0000 2016"}
{"polarity": 0.8, "location": "New York, NY", "sentiment": "positive", "time": "Mon Mar 14 18:16:23 +0000 2016"}
{"polarity": 0.0, "location": "New York, NY", "sentiment": "neutral", "time": "Mon Mar 14 18:16:24 +0000 2016"}
{"polarity": 0.0, "location": "San Diego, CA", "sentiment": "neutral", "time": "Mon Mar 14 18:16:30 +0000 2016"}
{"polarity": 0.54, "location": "Atlanta, GA", "sentiment": "positive", "time": "Mon Mar 14 18:16:37 +0000 2016"}
{"polarity": 0.0, "location": "San Diego, CA", "sentiment": "neutral", "time": "Mon Mar 14 18:16:38 +0000 2016"}
{"polarity": 0.0, "location": "St. Louis, MO", "sentiment": "neutral", "time": "Mon Mar 14 18:16:27 +0000 2016"}
{"polarity": 0.0, "location": "Portland, OR", "sentiment": "neutral", "time": "Mon Mar 14 18:16:41 +0000 2016"}
{"polarity": 0.0, "location": "San Diego, CA", "sentiment": "neutral", "time": "Mon Mar 14 18:16:43 +0000 2016"}
{"polarity": 0.0, "location": "Atlanta, GA", "sentiment": "neutral", "time": "Mon Mar 14 18:14:05 +0000 2016"}
{"polarity": 0.0, "location": "New York, NY", "sentiment": "neutral", "time": "Mon Mar 14 18:14:09 +0000 2016"}
{"polarity": 0.3840909090909091, "location": "San Diego, CA", "sentiment": "positive", "time": "Mon Mar 14 18:14:13 +0000 2016"}
{"polarity": 0.3666666666666667, "location": "Phoenix, AZ", "sentiment": "positive", "time": "Mon Mar 14 18:14:14 +0000 2016"}
{"polarity": 0.0, "location": "Atlanta, GA", "sentiment": "neutral", "time": "Mon Mar 14 18:14:15 +0000 2016"}
{"polarity": 0.125, "location": "St. Louis, MO", "sentiment": "positive", "time": "Mon Mar 14 18:14:17 +0000 2016"}
{"polarity": 0.0, "location": "Atlanta, GA", "sentiment": "neutral", "time": "Mon Mar 14 18:14:22 +0000 2016"}
{"polarity": 0.1875, "location": "New York, NY", "sentiment": "positive", "time": "Mon Mar 14 18:14:24 +0000 2016"}
{"polarity": 0.2, "location": "New York, NY", "sentiment": "positive", "time": "Mon Mar 14 18:14:28 +0000 2016"}
{"polarity": 0.17045454545454544, "location": "New York, NY", "sentiment": "positive", "time": "Mon Mar 14 18:14:35 +0000 2016"}
{"polarity": 0.2, "location": "Seattle, WA", "sentiment": "positive", "time": "Mon Mar 14 18:14:47 +0000 2016"}
{"polarity": 0.0, "location": "Phoenix, AZ", "sentiment": "neutral", "time": "Mon Mar 14 18:14:47 +0000 2016"}
{"polarity": 0.0, "location": "St. Louis, MO", "sentiment": "neutral", "time": "Mon Mar 14 18:14:52 +0000 2016"}
{"polarity": -0.2516666666666667, "location": "Boston, MA", "sentiment": "negative", "time": "Mon Mar 14 18:23:03 +0000 2016"}
{"polarity": 0.625, "location": "Boston, MA", "sentiment": "positive", "time": "Mon Mar 14 18:23:05 +0000 2016"}
{"polarity": 0.0, "location": "San Diego, CA", "sentiment": "neutral", "time": "Mon Mar 14 18:23:06 +0000 2016"}
{"polarity": 0.0, "location": "Orlando, FL", "sentiment": "neutral", "time": "Mon Mar 14 18:23:15 +0000 2016"}
{"polarity": 0.0, "location": "Phoenix, AZ", "sentiment": "neutral", "time": "Mon Mar 14 18:23:19 +0000 2016"}
{"polarity": 0.0, "location": "New York, NY", "sentiment": "neutral", "time": "Mon Mar 14 18:23:19 +0000 2016"}
{"polarity": 0.0, "location": "Boston, MA", "sentiment": "neutral", "time": "Mon Mar 14 18:23:27 +0000 2016"}
{"polarity": 0.43333333333333335, "location": "San Diego, CA", "sentiment": "positive", "time": "Mon Mar 14 18:23:27 +0000 2016"}
{"polarity": 0.0, "location": "Seattle, WA", "sentiment": "neutral", "time": "Mon Mar 14 18:23:39 +0000 2016"}
{"polarity": 0.34375, "location": "Phoenix, AZ", "sentiment": "positive", "time": "Mon Mar 14 18:23:42 +0000 2016"}
{"polarity": 0.0, "location": "San Diego, CA", "sentiment": "neutral", "time": "Mon Mar 14 18:23:49 +0000 2016"}
{"polarity": 0.13636363636363635, "location": "Boston, MA", "sentiment": "positive", "time": "Mon Mar 14 18:23:49 +0000 2016"}
{"polarity": 0.0, "location": "New York, NY", "sentiment": "neutral", "time": "Mon Mar 14 18:23:49 +0000 2016"}
{"polarity": 0.1, "location": "Boston, MA", "sentiment": "positive", "time": "Mon Mar 14 18:23:54 +0000 2016"}
{"polarity": 0.6, "location": "New York, NY", "sentiment": "positive", "time": "Mon Mar 14 18:23:58 +0000 2016"}
{"polarity": -0.08333333333333333, "location": "Orlando, FL", "sentiment": "negative", "time": "Mon Mar 14 18:07:04 +0000 2016"}
{"polarity": 0.0, "location": "New York, NY", "sentiment": "neutral", "time": "Mon Mar 14 18:07:14 +0000 2016"}
{"polarity": 0.0, "location": "San Diego, CA", "sentiment": "neutral", "time": "Mon Mar 14 18:07:27 +0000 2016"}
{"polarity": 0.0, "location": "New York, NY", "sentiment": "neutral", "time": "Mon Mar 14 18:07:28 +0000 2016"}
{"polarity": -1.0, "location": "Portland, OR", "sentiment": "negative", "time": "Mon Mar 14 18:07:32 +0000 2016"}
{"polarity": 0.0, "location": "San Diego, CA", "sentiment": "neutral", "time": "Mon Mar 14 18:07:47 +0000 2016"}
{"polarity": 0.5, "location": "San Diego, CA", "sentiment": "positive", "time": "Mon Mar 14 18:07:53 +0000 2016"}
{"polarity": 0.475, "location": "Phoenix, AZ", "sentiment": "positive", "time": "Mon Mar 14 18:07:54 +0000 2016"}
{"polarity": -0.5, "location": "Portland, OR", "sentiment": "negative", "time": "Mon Mar 14 18:07:55 +0000 2016"}
{"polarity": 0.0, "location": "Phoenix, AZ", "sentiment": "neutral", "time": "Mon Mar 14 18:07:56 +0000 2016"}
{"polarity": -0.125, "location": "New York, NY", "sentiment": "negative", "time": "Mon Mar 14 18:51:05 +0000 2016"}
{"polarity": 0.0, "location": "Boston, MA", "sentiment": "neutral", "time": "Mon Mar 14 18:51:07 +0000 2016"}
{"polarity": 0.0, "location": "New York, NY", "sentiment": "neutral", "time": "Mon Mar 14 18:51:15 +0000 2016"}
{"polarity": 0.3, "location": "Portland, OR", "sentiment": "positive", "time": "Mon Mar 14 18:51:15 +0000 2016"}
{"polarity": 0.0, "location": "Boston, MA", "sentiment": "neutral", "time": "Mon Mar 14 18:51:26 +0000 2016"}
{"polarity": 0.13636363636363635, "location": "San Diego, CA", "sentiment": "positive", "time": "Mon Mar 14 18:51:39 +0000 2016"}
{"polarity": 0.9375, "location": "New York, NY", "sentiment": "positive", "time": "Mon Mar 14 18:51:41 +0000 2016"}
{"polarity": 0.6, "location": "New York, NY", "sentiment": "positive", "time": "Mon Mar 14 18:51:55 +0000 2016"}
{"polarity": 0.16, "location": "Phoenix, AZ", "sentiment": "positive", "time": "Mon Mar 14 18:30:01 +0000 2016"}
{"polarity": 0.21212121212121213, "location": "Atlanta, GA", "sentiment": "positive", "time": "Mon Mar 14 18:30:02 +0000 2016"}
{"polarity": 0.06818181818181818, "location": "New York, NY", "sentiment": "positive", "time": "Mon Mar 14 18:30:06 +0000 2016"}
{"polarity": 0.0, "location": "New York, NY", "sentiment": "neutral", "time": "Mon Mar 14 18:30:09 +0000 2016"}
{"polarity": 0.0, "location": "Atlanta, GA", "sentiment": "neutral", "time": "Mon Mar 14 18:30:14 +0000 2016"}
{"polarity": 0.5, "location": "Seattle, WA", "sentiment": "positive", "time": "Mon Mar 14 18:30:22 +0000 2016"}
{"polarity": -0.16666666666666666, "location": "Atlanta, GA", "sentiment": "negative", "time": "Mon Mar 14 18:30:23 +0000 2016"}
{"polarity": 0.3333333333333333, "location": "Atlanta, GA", "sentiment": "positive", "time": "Mon Mar 14 18:30:25 +0000 2016"}
{"polarity": 0.18333333333333335, "location": "New York, NY", "sentiment": "positive", "time": "Mon Mar 14 18:30:28 +0000 2016"}
{"polarity": 0.0, "location": "Seattle, WA", "sentiment": "neutral", "time": "Mon Mar 14 18:30:34 +0000 2016"}
{"polarity": 0.0, "location": "San Diego, CA", "sentiment": "neutral", "time": "Mon Mar 14 18:30:36 +0000 2016"}
{"polarity": 0.6499999999999999, "location": "New York, NY", "sentiment": "positive", "time": "Mon Mar 14 18:30:42 +0000 2016"}
{"polarity": 0.0, "location": "Boston, MA", "sentiment": "neutral", "time": "Mon Mar 14 18:30:53 +0000 2016"}
{"polarity": 0.0, "location": "New York, NY", "sentiment": "neutral", "time": "Mon Mar 14 18:30:57 +0000 2016"}
{"polarity": 1.0, "location": "New York, NY", "sentiment": "positive", "time": "Mon Mar 14 18:03:02 +0000 2016"}
{"polarity": 0.125, "location": "St. Louis, MO", "sentiment": "positive", "time": "Mon Mar 14 18:03:09 +0000 2016"}
{"polarity": 0.0, "location": "Phoenix, AZ", "sentiment": "neutral", "time": "Mon Mar 14 18:03:11 +0000 2016"}
{"polarity": 1.0, "location": "New York, NY", "sentiment": "positive", "time": "Mon Mar 14 18:03:16 +0000 2016"}
{"polarity": 1.0, "location": "Atlanta, GA", "sentiment": "positive", "time": "Mon Mar 14 18:03:18 +0000 2016"}
{"polarity": 0.5, "location": "Atlanta, GA", "sentiment": "positive", "time": "Mon Mar 14 18:03:19 +0000 2016"}
{"polarity": 0.0, "location": "Orlando, FL", "sentiment": "neutral", "time": "Mon Mar 14 18:03:19 +0000 2016"}
{"polarity": 0.0, "location": "Orlando, FL", "sentiment": "neutral", "time": "Mon Mar 14 18:03:24 +0000 2016"}
{"polarity": 0.19999999999999998, "location": "Phoenix, AZ", "sentiment": "positive", "time": "Mon Mar 14 18:03:25 +0000 2016"}
{"polarity": -0.8, "location": "Boston, MA", "sentiment": "negative", "time": "Mon Mar 14 18:03:34 +0000 2016"}
{"polarity": 0.0, "location": "Orlando, FL", "sentiment": "neutral", "time": "Mon Mar 14 18:03:36 +0000 2016"}
{"polarity": 0.0, "location": "Orlando, FL", "sentiment": "neutral", "time": "Mon Mar 14 18:03:40 +0000 2016"}
{"polarity": 0.0, "location": "Boston, MA", "sentiment": "neutral", "time": "Mon Mar 14 18:03:48 +0000 2016"}
{"polarity": 0.3, "location": "Atlanta, GA", "sentiment": "positive", "time": "Mon Mar 14 18:03:49 +0000 2016"}
{"polarity": 0.3595238095238095, "location": "Seattle, WA", "sentiment": "positive", "time": "Mon Mar 14 18:03:58 +0000 2016"}
{"polarity": 1.850371707708594e-17, "location": "Phoenix, AZ", "sentiment": "positive", "time": "Mon Mar 14 18:03:59 +0000 2016"}
{"polarity": 0.0, "location": "Phoenix, AZ", "sentiment": "neutral", "time": "Mon Mar 14 18:40:02 +0000 2016"}
{"polarity": 0.0, "location": "Atlanta, GA", "sentiment": "neutral", "time": "Mon Mar 14 18:40:10 +0000 2016"}
{"polarity": -0.07142857142857142, "location": "Atlanta, GA", "sentiment": "negative", "time": "Mon Mar 14 18:40:13 +0000 2016"}
{"polarity": 0.4, "location": "Atlanta, GA", "sentiment": "positive", "time": "Mon Mar 14 18:40:26 +0000 2016"}
{"polarity": 0.3768939393939394, "location": "Seattle, WA", "sentiment": "positive", "time": "Mon Mar 14 18:40:26 +0000 2016"}
{"polarity": -0.5, "location": "Atlanta, GA", "sentiment": "negative", "time": "Mon Mar 14 18:40:28 +0000 2016"}
{"polarity": 0.8, "location": "Atlanta, GA", "sentiment": "positive", "time": "Mon Mar 14 18:40:35 +0000 2016"}
{"polarity": 0.2, "location": "New York, NY", "sentiment": "positive", "time": "Mon Mar 14 18:40:40 +0000 2016"}
{"polarity": 0.0, "location": "Orlando, FL", "sentiment": "neutral", "time": "Mon Mar 14 18:40:42 +0000 2016"}
{"polarity": 0.15, "location": "New York, NY", "sentiment": "positive", "time": "Mon Mar 14 18:40:51 +0000 2016"}
{"polarity": 0.13636363636363635, "location": "New York, NY", "sentiment": "positive", "time": "Mon Mar 14 18:40:53 +0000 2016"}
{"polarity": 0.8, "location": "San Diego, CA", "sentiment": "positive", "time": "Mon Mar 14 18:40:54 +0000 2016"}
{"polarity": 0.25, "location": "Phoenix, AZ", "sentiment": "positive", "time": "Mon Mar 14 18:08:03 +0000 2016"}
{"polarity": 0.0, "location": "Atlanta, GA", "sentiment": "neutral", "time": "Mon Mar 14 18:08:16 +0000 2016"}
{"polarity": 0.0, "location": "New York, NY", "sentiment": "neutral", "time": "Mon Mar 14 18:08:21 +0000 2016"}
{"polarity": 0.0, "location": "Atlanta, GA", "sentiment": "neutral", "time": "Mon Mar 14 18:08:24 +0000 2016"}
{"polarity": 1.0, "location": "St. Louis, MO", "sentiment": "positive", "time": "Mon Mar 14 18:08:29 +0000 2016"}
{"polarity": 0.0, "location": "Seattle, WA", "sentiment": "neutral", "time": "Mon Mar 14 18:08:33 +0000 2016"}
{"polarity": 0.0, "location": "San Diego, CA", "sentiment": "neutral", "time": "Mon Mar 14 18:08:48 +0000 2016"}
{"polarity": 0.0, "location": "Seattle, WA", "sentiment": "neutral", "time": "Mon Mar 14 18:08:49 +0000 2016"}
{"polarity": 0.0, "location": "New York, NY", "sentiment": "neutral", "time": "Mon Mar 14 18:08:52 +0000 2016"}
{"polarity": 0.0, "location": "San Diego, CA", "sentiment": "neutral", "time": "Mon Mar 14 18:08:57 +0000 2016"}
{"polarity": 0.2857142857142857, "location": "Boston, MA", "sentiment": "positive", "time": "Mon Mar 14 18:35:08 +0000 2016"}
{"polarity": 0.0, "location": "Boston, MA", "sentiment": "neutral", "time": "Mon Mar 14 18:35:09 +0000 2016"}
{"polarity": 0.319047619047619, "location": "Boston, MA", "sentiment": "positive", "time": "Mon Mar 14 18:35:10 +0000 2016"}
{"polarity": 0.25, "location": "New York, NY", "sentiment": "positive", "time": "Mon Mar 14 18:35:14 +0000 2016"}
{"polarity": 0.0, "location": "Atlanta, GA", "sentiment": "neutral", "time": "Mon Mar 14 18:35:15 +0000 2016"}
{"polarity": 0.0, "location": "New York, NY", "sentiment": "neutral", "time": "Mon Mar 14 18:35:16 +0000 2016"}
{"polarity": 0.31666666666666665, "location": "Orlando, FL", "sentiment": "positive", "time": "Mon Mar 14 18:35:17 +0000 2016"}
{"polarity": 0.0, "location": "Boston, MA", "sentiment": "neutral", "time": "Mon Mar 14 18:35:25 +0000 2016"}
{"polarity": 0.0, "location": "Boston, MA", "sentiment": "neutral", "time": "Mon Mar 14 18:35:33 +0000 2016"}
{"polarity": 0.4375, "location": "Atlanta, GA", "sentiment": "positive", "time": "Mon Mar 14 18:35:35 +0000 2016"}
{"polarity": 0.26510416666666664, "location": "New York, NY", "sentiment": "positive", "time": "Mon Mar 14 18:35:44 +0000 2016"}
{"polarity": 0.0, "location": "Atlanta, GA", "sentiment": "neutral", "time": "Mon Mar 14 18:35:50 +0000 2016"}
{"polarity": 0.0, "location": "New York, NY", "sentiment": "neutral", "time": "Mon Mar 14 18:35:53 +0000 2016"}
{"polarity": 0.0, "location": "Orlando, FL", "sentiment": "neutral", "time": "Mon Mar 14 18:35:54 +0000 2016"}
{"polarity": 0.0, "location": "Atlanta, GA", "sentiment": "neutral", "time": "Mon Mar 14 18:35:59 +0000 2016"}
{"polarity": 0.0, "location": "New York, NY", "sentiment": "neutral", "time": "Mon Mar 14 18:43:01 +0000 2016"}
{"polarity": 0.0, "location": "Seattle, WA", "sentiment": "neutral", "time": "Mon Mar 14 18:43:06 +0000 2016"}
{"polarity": -0.1, "location": "Seattle, WA", "sentiment": "negative", "time": "Mon Mar 14 18:43:06 +0000 2016"}
{"polarity": 0.0, "location": "Seattle, WA", "sentiment": "neutral", "time": "Mon Mar 14 18:43:17 +0000 2016"}
{"polarity": 0.13636363636363635, "location": "Phoenix, AZ", "sentiment": "positive", "time": "Mon Mar 14 18:43:18 +0000 2016"}
{"polarity": -0.05000000000000001, "location": "Atlanta, GA", "sentiment": "negative", "time": "Mon Mar 14 18:43:22 +0000 2016"}
{"polarity": 0.2, "location": "Orlando, FL", "sentiment": "positive", "time": "Mon Mar 14 18:43:23 +0000 2016"}
{"polarity": -0.23402777777777778, "location": "Boston, MA", "sentiment": "negative", "time": "Mon Mar 14 18:43:30 +0000 2016"}
{"polarity": 0.10416666666666666, "location": "Atlanta, GA", "sentiment": "positive", "time": "Mon Mar 14 18:43:33 +0000 2016"}
{"polarity": 0.0, "location": "Phoenix, AZ", "sentiment": "neutral", "time": "Mon Mar 14 18:43:37 +0000 2016"}
{"polarity": 0.2, "location": "New York, NY", "sentiment": "positive", "time": "Mon Mar 14 18:43:40 +0000 2016"}
{"polarity": 0.0, "location": "New York, NY", "sentiment": "neutral", "time": "Mon Mar 14 18:43:49 +0000 2016"}
{"polarity": 0.08, "location": "Seattle, WA", "sentiment": "positive", "time": "Mon Mar 14 18:10:01 +0000 2016"}
{"polarity": -0.15000000000000002, "location": "Phoenix, AZ", "sentiment": "negative", "time": "Mon Mar 14 18:10:04 +0000 2016"}
{"polarity": 0.016666666666666677, "location": "Phoenix, AZ", "sentiment": "positive", "time": "Mon Mar 14 18:10:04 +0000 2016"}
{"polarity": 0.0, "location": "New York, NY", "sentiment": "neutral", "time": "Mon Mar 14 18:10:07 +0000 2016"}
{"polarity": 0.0, "location": "Atlanta, GA", "sentiment": "neutral", "time": "Mon Mar 14 18:10:09 +0000 2016"}
{"polarity": -0.25, "location": "Portland, OR", "sentiment": "negative", "time": "Mon Mar 14 18:10:11 +0000 2016"}
{"polarity": 0.0, "location": "New York, NY", "sentiment": "neutral", "time": "Mon Mar 14 18:10:15 +0000 2016"}
{"polarity": 0.0, "location": "New York, NY", "sentiment": "neutral", "time": "Mon Mar 14 18:10:17 +0000 2016"}
{"polarity": 0.0, "location": "Seattle, WA", "sentiment": "neutral", "time": "Mon Mar 14 18:10:19 +0000 2016"}
{"polarity": 0.325, "location": "San Diego, CA", "sentiment": "positive", "time": "Mon Mar 14 18:10:20 +0000 2016"}
{"polarity": 0.3, "location": "Atlanta, GA", "sentiment": "positive", "time": "Mon Mar 14 18:10:23 +0000 2016"}
{"polarity": 0.0, "location": "Portland, OR", "sentiment": "neutral", "time": "Mon Mar 14 18:10:32 +0000 2016"}
{"polarity": -0.3125, "location": "Orlando, FL", "sentiment": "negative", "time": "Mon Mar 14 18:10:43 +0000 2016"}
{"polarity": 0.0, "location": "Phoenix, AZ", "sentiment": "neutral", "time": "Mon Mar 14 18:10:47 +0000 2016"}
{"polarity": 0.85, "location": "New York, NY", "sentiment": "positive", "time": "Mon Mar 14 18:54:00 +0000 2016"}
{"polarity": 0.13636363636363635, "location": "Boston, MA", "sentiment": "positive", "time": "Mon Mar 14 18:54:01 +0000 2016"}
{"polarity": -0.15555555555555559, "location": "New York, NY", "sentiment": "negative", "time": "Mon Mar 14 18:54:01 +0000 2016"}
{"polarity": 0.04166666666666666, "location": "Atlanta, GA", "sentiment": "positive", "time": "Mon Mar 14 18:54:05 +0000 2016"}
{"polarity": 0.525, "location": "New York, NY", "sentiment": "positive", "time": "Mon Mar 14 18:54:13 +0000 2016"}
{"polarity": 0.0, "location": "San Diego, CA", "sentiment": "neutral", "time": "Mon Mar 14 18:54:16 +0000 2016"}
{"polarity": 0.4, "location": "Portland, OR", "sentiment": "positive", "time": "Mon Mar 14 18:54:29 +0000 2016"}
{"polarity": 0.0, "location": "Orlando, FL", "sentiment": "neutral", "time": "Mon Mar 14 18:54:35 +0000 2016"}
{"polarity": 0.25, "location": "Seattle, WA", "sentiment": "positive", "time": "Mon Mar 14 18:54:36 +0000 2016"}
{"polarity": -0.5, "location": "Seattle, WA", "sentiment": "negative", "time": "Mon Mar 14 18:54:42 +0000 2016"}
{"polarity": 0.25, "location": "San Diego, CA", "sentiment": "positive", "time": "Mon Mar 14 18:54:52 +0000 2016"}
{"polarity": 0.0, "location": "New York, NY", "sentiment": "neutral", "time": "Mon Mar 14 18:24:04 +0000 2016"}
{"polarity": -0.07142857142857142, "location": "Boston, MA", "sentiment": "negative", "time": "Mon Mar 14 18:24:06 +0000 2016"}
{"polarity": -0.1, "location": "New York, NY", "sentiment": "negative", "time": "Mon Mar 14 18:24:26 +0000 2016"}
{"polarity": 0.0, "location": "San Diego, CA", "sentiment": "neutral", "time": "Mon Mar 14 18:24:30 +0000 2016"}
{"polarity": 0.0, "location": "San Diego, CA", "sentiment": "neutral", "time": "Mon Mar 14 18:24:38 +0000 2016"}
{"polarity": 0.0, "location": "Orlando, FL", "sentiment": "neutral", "time": "Mon Mar 14 18:24:39 +0000 2016"}
{"polarity": 0.25, "location": "New York, NY", "sentiment": "positive", "time": "Mon Mar 14 18:24:45 +0000 2016"}
{"polarity": 0.0, "location": "New York, NY", "sentiment": "neutral", "time": "Mon Mar 14 18:24:46 +0000 2016"}
{"polarity": 0.0, "location": "Boston, MA", "sentiment": "neutral", "time": "Mon Mar 14 18:24:47 +0000 2016"}
{"polarity": 0.0, "location": "Phoenix, AZ", "sentiment": "neutral", "time": "Mon Mar 14 18:24:54 +0000 2016"}
{"polarity": 0.0, "location": "Seattle, WA", "sentiment": "neutral", "time": "Mon Mar 14 18:32:01 +0000 2016"}
{"polarity": 0.11666666666666665, "location": "New York, NY", "sentiment": "positive", "time": "Mon Mar 14 18:32:02 +0000 2016"}
{"polarity": -1.0, "location": "Seattle, WA", "sentiment": "negative", "time": "Mon Mar 14 18:32:04 +0000 2016"}
{"polarity": 0.0, "location": "San Diego, CA", "sentiment": "neutral", "time": "Mon Mar 14 18:32:17 +0000 2016"}
{"polarity": 0.4000000000000001, "location": "San Diego, CA", "sentiment": "positive", "time": "Mon Mar 14 18:32:17 +0000 2016"}
{"polarity": 0.0, "location": "Orlando, FL", "sentiment": "neutral", "time": "Mon Mar 14 18:32:18 +0000 2016"}
{"polarity": 0.0, "location": "New York, NY", "sentiment": "neutral", "time": "Mon Mar 14 18:32:23 +0000 2016"}
{"polarity": 0.0, "location": "New York, NY", "sentiment": "neutral", "time": "Mon Mar 14 18:32:24 +0000 2016"}
{"polarity": 0.0, "location": "Seattle, WA", "sentiment": "neutral", "time": "Mon Mar 14 18:32:24 +0000 2016"}
{"polarity": 0.0, "location": "Boston, MA", "sentiment": "neutral", "time": "Mon Mar 14 18:32:24 +0000 2016"}
{"polarity": 0.0, "location": "Atlanta, GA", "sentiment": "neutral", "time": "Mon Mar 14 18:32:26 +0000 2016"}
{"polarity": 0.0, "location": "San Diego, CA", "sentiment": "neutral", "time": "Mon Mar 14 18:32:27 +0000 2016"}
{"polarity": 0.04545454545454545, "location": "Boston, MA", "sentiment": "positive", "time": "Mon Mar 14 18:32:32 +0000 2016"}
{"polarity": 0.25, "location": "Atlanta, GA", "sentiment": "positive", "time": "Mon Mar 14 18:32:37 +0000 2016"}
{"polarity": -0.06666666666666667, "location": "Orlando, FL", "sentiment": "negative", "time": "Mon Mar 14 18:32:38 +0000 2016"}
{"polarity": 0.0, "location": "New York, NY", "sentiment": "neutral", "time": "Mon Mar 14 18:32:41 +0000 2016"}
{"polarity": 0.13636363636363635, "location": "Seattle, WA", "sentiment": "positive", "time": "Mon Mar 14 18:32:47 +0000 2016"}
{"polarity": -0.012500000000000011, "location": "Boston, MA", "sentiment": "negative", "time": "Mon Mar 14 18:32:47 +0000 2016"}
{"polarity": 0.0, "location": "Phoenix, AZ", "sentiment": "neutral", "time": "Mon Mar 14 18:32:51 +0000 2016"}
{"polarity": 0.1583333333333334, "location": "Phoenix, AZ", "sentiment": "positive", "time": "Mon Mar 14 18:32:55 +0000 2016"}
{"polarity": 1.0, "location": "New York, NY", "sentiment": "positive", "time": "Mon Mar 14 18:32:59 +0000 2016"}
{"polarity": 0.0, "location": "St. Louis, MO", "sentiment": "neutral", "time": "Mon Mar 14 18:36:21 +0000 2016"}
{"polarity": 0.0, "location": "Orlando, FL", "sentiment": "neutral", "time": "Mon Mar 14 18:36:23 +0000 2016"}
{"polarity": 0.35, "location": "New York, NY", "sentiment": "positive", "time": "Mon Mar 14 18:36:26 +0000 2016"}
{"polarity": 0.0, "location": "New York, NY", "sentiment": "neutral", "time": "Mon Mar 14 18:36:36 +0000 2016"}
{"polarity": 0.0, "location": "Boston, MA", "sentiment": "neutral", "time": "Mon Mar 14 18:36:40 +0000 2016"}
{"polarity": 0.0, "location": "Atlanta, GA", "sentiment": "neutral", "time": "Mon Mar 14 18:36:42 +0000 2016"}
{"polarity": 0.5, "location": "Boston, MA", "sentiment": "positive", "time": "Mon Mar 14 18:36:49 +0000 2016"}
{"polarity": 0.0, "location": "New York, NY", "sentiment": "neutral", "time": "Mon Mar 14 18:36:51 +0000 2016"}
{"polarity": 0.0, "location": "Orlando, FL", "sentiment": "neutral", "time": "Mon Mar 14 18:36:52 +0000 2016"}
{"polarity": 0.0, "location": "Atlanta, GA", "sentiment": "neutral", "time": "Mon Mar 14 18:01:19 +0000 2016"}
{"polarity": 0.0, "location": "San Diego, CA", "sentiment": "neutral", "time": "Mon Mar 14 18:01:23 +0000 2016"}
{"polarity": 0.2, "location": "Phoenix, AZ", "sentiment": "positive", "time": "Mon Mar 14 18:01:28 +0000 2016"}
{"polarity": 0.0, "location": "Seattle, WA", "sentiment": "neutral", "time": "Mon Mar 14 18:01:28 +0000 2016"}
{"polarity": 0.0, "location": "New York, NY", "sentiment": "neutral", "time": "Mon Mar 14 18:01:34 +0000 2016"}
{"polarity": 0.0, "location": "Seattle, WA", "sentiment": "neutral", "time": "Mon Mar 14 18:01:42 +0000 2016"}
{"polarity": 0.5, "location": "New York, NY", "sentiment": "positive", "time": "Mon Mar 14 18:01:45 +0000 2016"}
{"polarity": 0.0, "location": "Orlando, FL", "sentiment": "neutral", "time": "Mon Mar 14 18:01:54 +0000 2016"}
{"polarity": 0.78125, "location": "New York, NY", "sentiment": "positive", "time": "Mon Mar 14 18:01:57 +0000 2016"}
{"polarity": 0.0, "location": "Atlanta, GA", "sentiment": "neutral", "time": "Mon Mar 14 18:01:59 +0000 2016"}
{"polarity": 0.0, "location": "Seattle, WA", "sentiment": "neutral", "time": "Mon Mar 14 18:55:30 +0000 2016"}
{"polarity": 0.4583333333333333, "location": "Atlanta, GA", "sentiment": "positive", "time": "Mon Mar 14 18:55:44 +0000 2016"}
{"polarity": 0.0, "location": "New York, NY", "sentiment": "neutral", "time": "Mon Mar 14 18:55:52 +0000 2016"}
{"polarity": 0.0, "location": "Orlando, FL", "sentiment": "neutral", "time": "Mon Mar 14 18:55:54 +0000 2016"}
{"polarity": 0.0, "location": "Boston, MA", "sentiment": "neutral", "time": "Mon Mar 14 18:55:56 +0000 2016"}
{"polarity": 0.5, "location": "Atlanta, GA", "sentiment": "positive", "time": "Mon Mar 14 18:09:01 +0000 2016"}
{"polarity": 0.0, "location": "Atlanta, GA", "sentiment": "neutral", "time": "Mon Mar 14 18:09:28 +0000 2016"}
{"polarity": -0.09999999999999992, "location": "New York, NY", "sentiment": "negative", "time": "Mon Mar 14 18:09:34 +0000 2016"}
{"polarity": 0.0, "location": "Seattle, WA", "sentiment": "neutral", "time": "Mon Mar 14 18:09:46 +0000 2016"}
{"polarity": 0.14166666666666666, "location": "Orlando, FL", "sentiment": "positive", "time": "Mon Mar 14 18:09:46 +0000 2016"}
{"polarity": -0.22916666666666669, "location": "Seattle, WA", "sentiment": "negative", "time": "Mon Mar 14 18:09:58 +0000 2016"}
{"polarity": 0.3125, "location": "Boston, MA", "sentiment": "positive", "time": "Mon Mar 14 18:09:59 +0000 2016"}
{"polarity": 0.1642857142857143, "location": "Orlando, FL", "sentiment": "positive", "time": "Mon Mar 14 18:09:59 +0000 2016"}
{"polarity": 0.0, "location": "Phoenix, AZ", "sentiment": "neutral", "time": "Mon Mar 14 18:33:08 +0000 2016"}
{"polarity": 0.16, "location": "Orlando, FL", "sentiment": "positive", "time": "Mon Mar 14 18:33:22 +0000 2016"}
{"polarity": -0.325, "location": "Seattle, WA", "sentiment": "negative", "time": "Mon Mar 14 18:33:23 +0000 2016"}
{"polarity": 0.0, "location": "Orlando, FL", "sentiment": "neutral", "time": "Mon Mar 14 18:33:25 +0000 2016"}
{"polarity": 0.0, "location": "New York, NY", "sentiment": "neutral", "time": "Mon Mar 14 18:33:25 +0000 2016"}
{"polarity": 0.9, "location": "New York, NY", "sentiment": "positive", "time": "Mon Mar 14 18:33:25 +0000 2016"}
{"polarity": -0.25, "location": "New York, NY", "sentiment": "negative", "time": "Mon Mar 14 18:33:31 +0000 2016"}
{"polarity": 0.0, "location": "San Diego, CA", "sentiment": "neutral", "time": "Mon Mar 14 18:33:32 +0000 2016"}
{"polarity": -0.2, "location": "Phoenix, AZ", "sentiment": "negative", "time": "Mon Mar 14 18:33:36 +0000 2016"}
{"polarity": -0.09722222222222225, "location": "San Diego, CA", "sentiment": "negative", "time": "Mon Mar 14 18:33:52 +0000 2016"}
{"polarity": 0.0, "location": "San Diego, CA", "sentiment": "neutral", "time": "Mon Mar 14 18:33:52 +0000 2016"}
{"polarity": 0.5, "location": "Phoenix, AZ", "sentiment": "positive", "time": "Mon Mar 14 18:33:52 +0000 2016"}
{"polarity": 0.0, "location": "New York, NY", "sentiment": "neutral", "time": "Mon Mar 14 18:33:54 +0000 2016"}
{"polarity": 0.2722222222222222, "location": "Seattle, WA", "sentiment": "positive", "time": "Mon Mar 14 18:33:57 +0000 2016"}
{"polarity": 0.7, "location": "Seattle, WA", "sentiment": "positive", "time": "Mon Mar 14 18:33:59 +0000 2016"}
{"polarity": 0.0, "location": "Boston, MA", "sentiment": "neutral", "time": "Mon Mar 14 18:44:12 +0000 2016"}
{"polarity": 0.1814814814814815, "location": "Seattle, WA", "sentiment": "positive", "time": "Mon Mar 14 18:44:13 +0000 2016"}
{"polarity": 0.0, "location": "Atlanta, GA", "sentiment": "neutral", "time": "Mon Mar 14 18:44:37 +0000 2016"}
{"polarity": 0.0, "location": "New York, NY", "sentiment": "neutral", "time": "Mon Mar 14 18:44:39 +0000 2016"}
{"polarity": 0.0, "location": "San Diego, CA", "sentiment": "neutral", "time": "Mon Mar 14 18:44:47 +0000 2016"}
{"polarity": -0.1, "location": "Seattle, WA", "sentiment": "negative", "time": "Mon Mar 14 18:44:49 +0000 2016"}
{"polarity": 0.0, "location": "Atlanta, GA", "sentiment": "neutral", "time": "Mon Mar 14 18:44:52 +0000 2016"}
{"polarity": 0.0, "location": "Atlanta, GA", "sentiment": "neutral", "time": "Mon Mar 14 18:44:37 +0000 2016"}
{"polarity": 0.0, "location": "Boston, MA", "sentiment": "neutral", "time": "Mon Mar 14 18:28:03 +0000 2016"}
{"polarity": 0.13636363636363635, "location": "New York, NY", "sentiment": "positive", "time": "Mon Mar 14 18:28:07 +0000 2016"}
{"polarity": 0.4, "location": "Atlanta, GA", "sentiment": "positive", "time": "Mon Mar 14 18:28:16 +0000 2016"}
{"polarity": -0.1, "location": "New York, NY", "sentiment": "negative", "time": "Mon Mar 14 18:28:23 +0000 2016"}
{"polarity": 1.0, "location": "New York, NY", "sentiment": "positive", "time": "Mon Mar 14 18:28:28 +0000 2016"}
{"polarity": 0.0, "location": "Phoenix, AZ", "sentiment": "neutral", "time": "Mon Mar 14 18:28:38 +0000 2016"}
{"polarity": 0.8, "location": "San Diego, CA", "sentiment": "positive", "time": "Mon Mar 14 18:28:49 +0000 2016"}
{"polarity": 1.0, "location": "Seattle, WA", "sentiment": "positive", "time": "Mon Mar 14 18:28:50 +0000 2016"}
{"polarity": 0.0, "location": "Boston, MA", "sentiment": "neutral", "time": "Mon Mar 14 18:28:58 +0000 2016"}
{"polarity": 0.0, "location": "Atlanta, GA", "sentiment": "neutral", "time": "Mon Mar 14 18:22:04 +0000 2016"}
{"polarity": 0.0, "location": "Portland, OR", "sentiment": "neutral", "time": "Mon Mar 14 18:22:07 +0000 2016"}
{"polarity": 0.0, "location": "Portland, OR", "sentiment": "neutral", "time": "Mon Mar 14 18:22:10 +0000 2016"}
{"polarity": 0.2, "location": "Seattle, WA", "sentiment": "positive", "time": "Mon Mar 14 18:22:11 +0000 2016"}
{"polarity": 0.0, "location": "New York, NY", "sentiment": "neutral", "time": "Mon Mar 14 18:22:19 +0000 2016"}
{"polarity": 0.0, "location": "Seattle, WA", "sentiment": "neutral", "time": "Mon Mar 14 18:22:29 +0000 2016"}
{"polarity": 0.0, "location": "Seattle, WA", "sentiment": "neutral", "time": "Mon Mar 14 18:22:30 +0000 2016"}
{"polarity": 0.78125, "location": "New York, NY", "sentiment": "positive", "time": "Mon Mar 14 18:22:34 +0000 2016"}
{"polarity": 0.0, "location": "Orlando, FL", "sentiment": "neutral", "time": "Mon Mar 14 18:22:36 +0000 2016"}
{"polarity": 0.0, "location": "Orlando, FL", "sentiment": "neutral", "time": "Mon Mar 14 18:22:39 +0000 2016"}
{"polarity": -0.14285714285714285, "location": "New York, NY", "sentiment": "negative", "time": "Mon Mar 14 18:22:54 +0000 2016"}
{"polarity": 0.0, "location": "Phoenix, AZ", "sentiment": "neutral", "time": "Mon Mar 14 18:22:58 +0000 2016"}
{"polarity": 0.0, "location": "Atlanta, GA", "sentiment": "neutral", "time": "Mon Mar 14 18:49:10 +0000 2016"}
{"polarity": 0.0, "location": "Atlanta, GA", "sentiment": "neutral", "time": "Mon Mar 14 18:49:24 +0000 2016"}
{"polarity": 0.0, "location": "San Diego, CA", "sentiment": "neutral", "time": "Mon Mar 14 18:49:26 +0000 2016"}
{"polarity": 0.0, "location": "Atlanta, GA", "sentiment": "neutral", "time": "Mon Mar 14 18:49:26 +0000 2016"}
{"polarity": 0.4, "location": "Atlanta, GA", "sentiment": "positive", "time": "Mon Mar 14 18:49:27 +0000 2016"}
{"polarity": 0.0, "location": "Seattle, WA", "sentiment": "neutral", "time": "Mon Mar 14 18:49:35 +0000 2016"}
{"polarity": 0.06818181818181818, "location": "New York, NY", "sentiment": "positive", "time": "Mon Mar 14 18:49:40 +0000 2016"}
{"polarity": 0.0, "location": "Atlanta, GA", "sentiment": "neutral", "time": "Mon Mar 14 18:49:47 +0000 2016"}
{"polarity": 0.0, "location": "Boston, MA", "sentiment": "neutral", "time": "Mon Mar 14 18:49:49 +0000 2016"}
{"polarity": 0.0, "location": "Atlanta, GA", "sentiment": "neutral", "time": "Mon Mar 14 18:49:50 +0000 2016"}
{"polarity": 0.0, "location": "San Diego, CA", "sentiment": "neutral", "time": "Mon Mar 14 18:49:55 +0000 2016"}
{"polarity": 0.35714285714285715, "location": "Phoenix, AZ", "sentiment": "positive", "time": "Mon Mar 14 18:49:59 +0000 2016"}
{"polarity": 0.0, "location": "New York, NY", "sentiment": "neutral", "time": "Mon Mar 14 18:45:06 +0000 2016"}
{"polarity": -0.05, "location": "Atlanta, GA", "sentiment": "negative", "time": "Mon Mar 14 18:45:16 +0000 2016"}
{"polarity": 0.0, "location": "New York, NY", "sentiment": "neutral", "time": "Mon Mar 14 18:45:17 +0000 2016"}
{"polarity": 0.25, "location": "Boston, MA", "sentiment": "positive", "time": "Mon Mar 14 18:45:21 +0000 2016"}
{"polarity": -0.29296875, "location": "Orlando, FL", "sentiment": "negative", "time": "Mon Mar 14 18:45:22 +0000 2016"}
{"polarity": 1.0, "location": "Boston, MA", "sentiment": "positive", "time": "Mon Mar 14 18:45:25 +0000 2016"}
{"polarity": 0.1, "location": "Seattle, WA", "sentiment": "positive", "time": "Mon Mar 14 18:45:27 +0000 2016"}
{"polarity": -0.22500000000000003, "location": "Seattle, WA", "sentiment": "negative", "time": "Mon Mar 14 18:45:28 +0000 2016"}
{"polarity": 0.35, "location": "Orlando, FL", "sentiment": "positive", "time": "Mon Mar 14 18:45:43 +0000 2016"}
{"polarity": 0.0, "location": "Seattle, WA", "sentiment": "neutral", "time": "Mon Mar 14 18:45:46 +0000 2016"}
{"polarity": 0.6, "location": "New York, NY", "sentiment": "positive", "time": "Mon Mar 14 18:45:50 +0000 2016"}
{"polarity": 0.0, "location": "New York, NY", "sentiment": "neutral", "time": "Mon Mar 14 18:45:51 +0000 2016"}
{"polarity": 0.2, "location": "Atlanta, GA", "sentiment": "positive", "time": "Mon Mar 14 18:45:59 +0000 2016"}
{"polarity": 0.13636363636363635, "location": "New York, NY", "sentiment": "positive", "time": "Mon Mar 14 18:06:00 +0000 2016"}
{"polarity": 1.0, "location": "Phoenix, AZ", "sentiment": "positive", "time": "Mon Mar 14 18:06:01 +0000 2016"}
{"polarity": 0.06666666666666665, "location": "Boston, MA", "sentiment": "positive", "time": "Mon Mar 14 18:06:25 +0000 2016"}
{"polarity": 0.0, "location": "Phoenix, AZ", "sentiment": "neutral", "time": "Mon Mar 14 18:06:27 +0000 2016"}
{"polarity": 0.0, "location": "Boston, MA", "sentiment": "neutral", "time": "Mon Mar 14 18:06:33 +0000 2016"}
{"polarity": 0.13636363636363635, "location": "Atlanta, GA", "sentiment": "positive", "time": "Mon Mar 14 18:06:37 +0000 2016"}
{"polarity": 0.5, "location": "Seattle, WA", "sentiment": "positive", "time": "Mon Mar 14 18:06:54 +0000 2016"}
{"polarity": 0.0, "location": "New York, NY", "sentiment": "neutral", "time": "Mon Mar 14 18:06:59 +0000 2016"}
{"polarity": 0.009523809523809526, "location": "New York, NY", "sentiment": "positive", "time": "Mon Mar 14 18:20:03 +0000 2016"}
{"polarity": 0.35, "location": "New York, NY", "sentiment": "positive", "time": "Mon Mar 14 18:20:07 +0000 2016"}
{"polarity": 0.0, "location": "Atlanta, GA", "sentiment": "neutral", "time": "Mon Mar 14 18:20:14 +0000 2016"}
{"polarity": 0.05, "location": "Orlando, FL", "sentiment": "positive", "time": "Mon Mar 14 18:20:29 +0000 2016"}
{"polarity": 0.0, "location": "Boston, MA", "sentiment": "neutral", "time": "Mon Mar 14 18:20:32 +0000 2016"}
{"polarity": 0.0, "location": "Boston, MA", "sentiment": "neutral", "time": "Mon Mar 14 18:20:39 +0000 2016"}
{"polarity": 0.0, "location": "Atlanta, GA", "sentiment": "neutral", "time": "Mon Mar 14 18:20:46 +0000 2016"}
{"polarity": 0.0, "location": "San Diego, CA", "sentiment": "neutral", "time": "Mon Mar 14 18:20:48 +0000 2016"}
{"polarity": -0.5, "location": "New York, NY", "sentiment": "negative", "time": "Mon Mar 14 18:13:02 +0000 2016"}
{"polarity": 0.0, "location": "Atlanta, GA", "sentiment": "neutral", "time": "Mon Mar 14 18:13:06 +0000 2016"}
{"polarity": 0.0, "location": "San Diego, CA", "sentiment": "neutral", "time": "Mon Mar 14 18:13:17 +0000 2016"}
{"polarity": 0.0, "location": "San Diego, CA", "sentiment": "neutral", "time": "Mon Mar 14 18:13:18 +0000 2016"}
{"polarity": 0.25234375, "location": "New York, NY", "sentiment": "positive", "time": "Mon Mar 14 18:13:28 +0000 2016"}
{"polarity": 0.0, "location": "Atlanta, GA", "sentiment": "neutral", "time": "Mon Mar 14 18:13:32 +0000 2016"}
{"polarity": 0.0, "location": "New York, NY", "sentiment": "neutral", "time": "Mon Mar 14 18:13:39 +0000 2016"}
{"polarity": 0.0, "location": "San Diego, CA", "sentiment": "neutral", "time": "Mon Mar 14 18:04:03 +0000 2016"}
{"polarity": 0.5, "location": "San Diego, CA", "sentiment": "positive", "time": "Mon Mar 14 18:04:05 +0000 2016"}
{"polarity": 0.0, "location": "New York, NY", "sentiment": "neutral", "time": "Mon Mar 14 18:04:10 +0000 2016"}
{"polarity": 0.0, "location": "Boston, MA", "sentiment": "neutral", "time": "Mon Mar 14 18:04:27 +0000 2016"}
{"polarity": -0.2916666666666667, "location": "Atlanta, GA", "sentiment": "negative", "time": "Mon Mar 14 18:04:27 +0000 2016"}
{"polarity": 0.0, "location": "Seattle, WA", "sentiment": "neutral", "time": "Mon Mar 14 18:04:34 +0000 2016"}
{"polarity": 0.0, "location": "New York, NY", "sentiment": "neutral", "time": "Mon Mar 14 18:04:34 +0000 2016"}
{"polarity": 0.09166666666666672, "location": "Boston, MA", "sentiment": "positive", "time": "Mon Mar 14 18:04:39 +0000 2016"}
{"polarity": 0.27499999999999997, "location": "Seattle, WA", "sentiment": "positive", "time": "Mon Mar 14 10:39:43 +0000 2016"}
{"polarity": 0.0, "location": "New York, NY", "sentiment": "neutral", "time": "Mon Mar 14 10:59:26 +0000 2016"}
{"polarity": 0.11818181818181818, "location": "Seattle, WA", "sentiment": "positive", "time": "Mon Mar 14 10:59:27 +0000 2016"}
{"polarity": 0.5, "location": "Seattle, WA", "sentiment": "positive", "time": "Mon Mar 14 10:59:38 +0000 2016"}
{"polarity": -0.07500000000000001, "location": "New York, NY", "sentiment": "negative", "time": "Mon Mar 14 10:37:05 +0000 2016"}
{"polarity": 0.3, "location": "Atlanta, GA", "sentiment": "positive", "time": "Mon Mar 14 10:37:43 +0000 2016"}
{"polarity": 0.0, "location": "Atlanta, GA", "sentiment": "neutral", "time": "Mon Mar 14 10:31:05 +0000 2016"}
{"polarity": 0.0, "location": "Atlanta, GA", "sentiment": "neutral", "time": "Mon Mar 14 10:31:21 +0000 2016"}
{"polarity": -0.04999999999999999, "location": "Atlanta, GA", "sentiment": "negative", "time": "Mon Mar 14 10:31:35 +0000 2016"}
{"polarity": 0.0, "location": "New York, NY", "sentiment": "neutral", "time": "Mon Mar 14 10:31:37 +0000 2016"}
{"polarity": 0.0, "location": "Seattle, WA", "sentiment": "neutral", "time": "Mon Mar 14 10:41:38 +0000 2016"}
{"polarity": 0.0, "location": "New York, NY", "sentiment": "neutral", "time": "Mon Mar 14 10:41:39 +0000 2016"}
{"polarity": 0.0, "location": "Seattle, WA", "sentiment": "neutral", "time": "Mon Mar 14 10:41:46 +0000 2016"}
{"polarity": 0.2, "location": "Seattle, WA", "sentiment": "positive", "time": "Mon Mar 14 10:27:33 +0000 2016"}
{"polarity": 0.0, "location": "Atlanta, GA", "sentiment": "neutral", "time": "Mon Mar 14 10:27:39 +0000 2016"}
{"polarity": 0.8, "location": "New York, NY", "sentiment": "positive", "time": "Mon Mar 14 10:27:52 +0000 2016"}
{"polarity": 0.0, "location": "Atlanta, GA", "sentiment": "neutral", "time": "Mon Mar 14 10:57:04 +0000 2016"}
{"polarity": 0.5, "location": "New York, NY", "sentiment": "positive", "time": "Mon Mar 14 10:57:39 +0000 2016"}
{"polarity": 0.0, "location": "Portland, OR", "sentiment": "neutral", "time": "Mon Mar 14 10:57:49 +0000 2016"}
{"polarity": -0.125, "location": "Atlanta, GA", "sentiment": "negative", "time": "Mon Mar 14 10:58:02 +0000 2016"}
{"polarity": 0.0, "location": "Orlando, FL", "sentiment": "neutral", "time": "Mon Mar 14 10:58:16 +0000 2016"}
{"polarity": 0.35, "location": "Seattle, WA", "sentiment": "positive", "time": "Mon Mar 14 10:58:25 +0000 2016"}
{"polarity": -0.1, "location": "Atlanta, GA", "sentiment": "negative", "time": "Mon Mar 14 10:58:37 +0000 2016"}
{"polarity": -0.8, "location": "Orlando, FL", "sentiment": "negative", "time": "Mon Mar 14 10:42:02 +0000 2016"}
{"polarity": 0.0, "location": "Atlanta, GA", "sentiment": "neutral", "time": "Mon Mar 14 10:42:16 +0000 2016"}
{"polarity": 0.0, "location": "New York, NY", "sentiment": "neutral", "time": "Mon Mar 14 10:42:52 +0000 2016"}
{"polarity": -0.05000000000000001, "location": "San Diego, CA", "sentiment": "negative", "time": "Mon Mar 14 10:50:06 +0000 2016"}
{"polarity": 0.0, "location": "Boston, MA", "sentiment": "neutral", "time": "Mon Mar 14 10:50:34 +0000 2016"}
{"polarity": 0.0, "location": "Boston, MA", "sentiment": "neutral", "time": "Mon Mar 14 10:50:34 +0000 2016"}
{"polarity": 0.13636363636363635, "location": "Orlando, FL", "sentiment": "positive", "time": "Mon Mar 14 10:50:44 +0000 2016"}
{"polarity": 0.0, "location": "Seattle, WA", "sentiment": "neutral", "time": "Mon Mar 14 10:15:08 +0000 2016"}
{"polarity": 0.1, "location": "Boston, MA", "sentiment": "positive", "time": "Mon Mar 14 10:15:10 +0000 2016"}
{"polarity": 0.0, "location": "Seattle, WA", "sentiment": "neutral", "time": "Mon Mar 14 10:15:30 +0000 2016"}
{"polarity": 0.0, "location": "Atlanta, GA", "sentiment": "neutral", "time": "Mon Mar 14 10:15:36 +0000 2016"}
{"polarity": -0.10000000000000002, "location": "Phoenix, AZ", "sentiment": "negative", "time": "Mon Mar 14 10:15:47 +0000 2016"}
{"polarity": 0.4666666666666666, "location": "Boston, MA", "sentiment": "positive", "time": "Mon Mar 14 10:38:17 +0000 2016"}
{"polarity": 0.0, "location": "Boston, MA", "sentiment": "neutral", "time": "Mon Mar 14 10:38:18 +0000 2016"}
{"polarity": 0.39687500000000003, "location": "Boston, MA", "sentiment": "positive", "time": "Mon Mar 14 10:38:25 +0000 2016"}
{"polarity": 0.0, "location": "Atlanta, GA", "sentiment": "neutral", "time": "Mon Mar 14 10:38:48 +0000 2016"}
{"polarity": 0.0, "location": "New York, NY", "sentiment": "neutral", "time": "Mon Mar 14 10:38:56 +0000 2016"}
{"polarity": 0.39285714285714285, "location": "New York, NY", "sentiment": "positive", "time": "Mon Mar 14 10:21:06 +0000 2016"}
{"polarity": 0.0, "location": "Phoenix, AZ", "sentiment": "neutral", "time": "Mon Mar 14 10:21:10 +0000 2016"}
{"polarity": 0.0, "location": "Atlanta, GA", "sentiment": "neutral", "time": "Mon Mar 14 10:21:16 +0000 2016"}
{"polarity": 0.0, "location": "Orlando, FL", "sentiment": "neutral", "time": "Mon Mar 14 10:21:45 +0000 2016"}
{"polarity": 0.0, "location": "Atlanta, GA", "sentiment": "neutral", "time": "Mon Mar 14 10:17:02 +0000 2016"}
{"polarity": 0.07500000000000001, "location": "San Diego, CA", "sentiment": "positive", "time": "Mon Mar 14 10:17:10 +0000 2016"}
{"polarity": 0.0, "location": "New York, NY", "sentiment": "neutral", "time": "Mon Mar 14 10:12:04 +0000 2016"}
{"polarity": 0.5, "location": "Boston, MA", "sentiment": "positive", "time": "Mon Mar 14 10:12:18 +0000 2016"}
{"polarity": 0.2, "location": "Orlando, FL", "sentiment": "positive", "time": "Mon Mar 14 10:12:57 +0000 2016"}
{"polarity": 0.08, "location": "New York, NY", "sentiment": "positive", "time": "Mon Mar 14 10:29:05 +0000 2016"}
{"polarity": 0.0, "location": "New York, NY", "sentiment": "neutral", "time": "Mon Mar 14 10:18:09 +0000 2016"}
{"polarity": 0.09999999999999998, "location": "San Diego, CA", "sentiment": "positive", "time": "Mon Mar 14 10:18:12 +0000 2016"}
{"polarity": -0.26666666666666666, "location": "St. Louis, MO", "sentiment": "negative", "time": "Mon Mar 14 10:18:35 +0000 2016"}
{"polarity": 0.2, "location": "Atlanta, GA", "sentiment": "positive", "time": "Mon Mar 14 10:18:40 +0000 2016"}
{"polarity": 0.875, "location": "Orlando, FL", "sentiment": "positive", "time": "Mon Mar 14 10:18:52 +0000 2016"}
{"polarity": -0.1027777777777778, "location": "New York, NY", "sentiment": "negative", "time": "Mon Mar 14 10:46:35 +0000 2016"}
{"polarity": 0.15, "location": "San Diego, CA", "sentiment": "positive", "time": "Mon Mar 14 10:00:35 +0000 2016"}
