{"polarity": 1.0, "location": "Atlanta, GA", "sentiment": "positive", "time": "Mon Mar 14 23:59:00 +0000 2016"}
{"polarity": 0.0, "location": "Atlanta, GA", "sentiment": "neutral", "time": "Mon Mar 14 23:59:04 +0000 2016"}
{"polarity": 0.0, "location": "New York, NY", "sentiment": "neutral", "time": "Mon Mar 14 23:59:04 +0000 2016"}
{"polarity": 0.4166666666666667, "location": "Atlanta, GA", "sentiment": "positive", "time": "Mon Mar 14 23:59:06 +0000 2016"}
{"polarity": 0.0, "location": "Boston, MA", "sentiment": "neutral", "time": "Mon Mar 14 23:59:12 +0000 2016"}
{"polarity": 0.0, "location": "St. Louis, MO", "sentiment": "neutral", "time": "Mon Mar 14 23:59:15 +0000 2016"}
{"polarity": 0.0, "location": "New York, NY", "sentiment": "neutral", "time": "Mon Mar 14 23:59:34 +0000 2016"}
{"polarity": 0.0, "location": "Atlanta, GA", "sentiment": "neutral", "time": "Mon Mar 14 23:59:35 +0000 2016"}
{"polarity": 0.0, "location": "Atlanta, GA", "sentiment": "neutral", "time": "Mon Mar 14 23:59:35 +0000 2016"}
{"polarity": 0.0, "location": "Atlanta, GA", "sentiment": "neutral", "time": "Mon Mar 14 23:59:42 +0000 2016"}
{"polarity": 0.0, "location": "Phoenix, AZ", "sentiment": "neutral", "time": "Mon Mar 14 23:59:43 +0000 2016"}
{"polarity": -0.2, "location": "Atlanta, GA", "sentiment": "negative", "time": "Mon Mar 14 23:59:49 +0000 2016"}
{"polarity": 0.0, "location": "New York, NY", "sentiment": "neutral", "time": "Mon Mar 14 23:59:50 +0000 2016"}
{"polarity": 0.625, "location": "Boston, MA", "sentiment": "positive", "time": "Mon Mar 14 23:59:56 +0000 2016"}
{"polarity": 0.39285714285714285, "location": "Seattle, WA", "sentiment": "positive", "time": "Mon Mar 14 23:19:00 +0000 2016"}
{"polarity": 0.4, "location": "Boston, MA", "sentiment": "positive", "time": "Mon Mar 14 23:19:01 +0000 2016"}
{"polarity": 0.0, "location": "Seattle, WA", "sentiment": "neutral", "time": "Mon Mar 14 23:19:20 +0000 2016"}
{"polarity": 0.5, "location": "Phoenix, AZ", "sentiment": "positive", "time": "Mon Mar 14 23:19:29 +0000 2016"}
{"polarity": 0.0, "location": "Seattle, WA", "sentiment": "neutral", "time": "Mon Mar 14 23:19:46 +0000 2016"}
{"polarity": 0.375, "location": "Phoenix, AZ", "sentiment": "positive", "time": "Mon Mar 14 23:37:11 +0000 2016"}
{"polarity": 0.0, "location": "Seattle, WA", "sentiment": "neutral", "time": "Mon Mar 14 23:37:26 +0000 2016"}
{"polarity": -0.3, "location": "Orlando, FL", "sentiment": "negative", "time": "Mon Mar 14 23:37:34 +0000 2016"}
{"polarity": 0.5375, "location": "Portland, OR", "sentiment": "positive", "time": "Mon Mar 14 23:37:39 +0000 2016"}
{"polarity": 0.3125, "location": "Boston, MA", "sentiment": "positive", "time": "Mon Mar 14 23:31:08 +0000 2016"}
{"polarity": 0.0, "location": "Seattle, WA", "sentiment": "neutral", "time": "Mon Mar 14 23:31:33 +0000 2016"}
{"polarity": 0.0, "location": "Orlando, FL", "sentiment": "neutral", "time": "Mon Mar 14 23:31:55 +0000 2016"}
{"polarity": 0.0, "location": "Atlanta, GA", "sentiment": "neutral", "time": "Mon Mar 14 23:31:56 +0000 2016"}
{"polarity": 0.0, "location": "Atlanta, GA", "sentiment": "neutral", "time": "Mon Mar 14 23:31:57 +0000 2016"}
{"polarity": 0.0, "location": "Seattle, WA", "sentiment": "neutral", "time": "Mon Mar 14 23:41:02 +0000 2016"}
{"polarity": 0.0, "location": "Atlanta, GA", "sentiment": "neutral", "time": "Mon Mar 14 23:41:02 +0000 2016"}
{"polarity": 0.0, "location": "New York, NY", "sentiment": "neutral", "time": "Mon Mar 14 23:41:05 +0000 2016"}
{"polarity": 0.0, "location": "Seattle, WA", "sentiment": "neutral", "time": "Mon Mar 14 23:41:14 +0000 2016"}
{"polarity": 0.3666666666666667, "location": "Orlando, FL", "sentiment": "positive", "time": "Mon Mar 14 23:41:15 +0000 2016"}
{"polarity": 0.4, "location": "New York, NY", "sentiment": "positive", "time": "Mon Mar 14 23:41:17 +0000 2016"}
{"polarity": 0.0, "location": "New York, NY", "sentiment": "neutral", "time": "Mon Mar 14 23:41:18 +0000 2016"}
{"polarity": 0.0, "location": "New York, NY", "sentiment": "neutral", "time": "Mon Mar 14 23:41:24 +0000 2016"}
{"polarity": 0.0, "location": "New York, NY", "sentiment": "neutral", "time": "Mon Mar 14 23:41:25 +0000 2016"}
{"polarity": 0.275, "location": "Seattle, WA", "sentiment": "positive", "time": "Mon Mar 14 23:41:25 +0000 2016"}
{"polarity": -0.15, "location": "Boston, MA", "sentiment": "negative", "time": "Mon Mar 14 23:41:37 +0000 2016"}
{"polarity": -0.04999999999999999, "location": "Atlanta, GA", "sentiment": "negative", "time": "Mon Mar 14 23:41:44 +0000 2016"}
{"polarity": 0.0, "location": "Atlanta, GA", "sentiment": "neutral", "time": "Mon Mar 14 23:41:00 +0000 2016"}
{"polarity": 0.0, "location": "Atlanta, GA", "sentiment": "neutral", "time": "Mon Mar 14 23:41:52 +0000 2016"}
{"polarity": 0.0, "location": "New York, NY", "sentiment": "neutral", "time": "Mon Mar 14 23:41:54 +0000 2016"}
{"polarity": 0.20833333333333334, "location": "Phoenix, AZ", "sentiment": "positive", "time": "Mon Mar 14 23:41:58 +0000 2016"}
{"polarity": 0.0, "location": "Atlanta, GA", "sentiment": "neutral", "time": "Mon Mar 14 23:27:02 +0000 2016"}
{"polarity": 0.0, "location": "Atlanta, GA", "sentiment": "neutral", "time": "Mon Mar 14 23:27:05 +0000 2016"}
{"polarity": 0.0, "location": "Atlanta, GA", "sentiment": "neutral", "time": "Mon Mar 14 23:27:12 +0000 2016"}
{"polarity": 0.0, "location": "Atlanta, GA", "sentiment": "neutral", "time": "Mon Mar 14 23:27:20 +0000 2016"}
{"polarity": 0.0, "location": "Phoenix, AZ", "sentiment": "neutral", "time": "Mon Mar 14 23:27:21 +0000 2016"}
{"polarity": 0.0, "location": "San Diego, CA", "sentiment": "neutral", "time": "Mon Mar 14 23:27:21 +0000 2016"}
{"polarity": 0.0, "location": "San Diego, CA", "sentiment": "neutral", "time": "Mon Mar 14 23:27:22 +0000 2016"}
{"polarity": 0.0, "location": "New York, NY", "sentiment": "neutral", "time": "Mon Mar 14 23:27:22 +0000 2016"}
{"polarity": 0.0, "location": "Atlanta, GA", "sentiment": "neutral", "time": "Mon Mar 14 23:27:27 +0000 2016"}
{"polarity": 0.0, "location": "Boston, MA", "sentiment": "neutral", "time": "Mon Mar 14 23:27:30 +0000 2016"}
{"polarity": 0.19999999999999998, "location": "Atlanta, GA", "sentiment": "positive", "time": "Mon Mar 14 23:27:30 +0000 2016"}
{"polarity": 0.0, "location": "San Diego, CA", "sentiment": "neutral", "time": "Mon Mar 14 23:27:37 +0000 2016"}
{"polarity": 0.0, "location": "San Diego, CA", "sentiment": "neutral", "time": "Mon Mar 14 23:27:37 +0000 2016"}
{"polarity": 0.6000000000000001, "location": "Orlando, FL", "sentiment": "positive", "time": "Mon Mar 14 23:27:41 +0000 2016"}
{"polarity": 0.0, "location": "San Diego, CA", "sentiment": "neutral", "time": "Mon Mar 14 23:27:43 +0000 2016"}
{"polarity": 0.0, "location": "San Diego, CA", "sentiment": "neutral", "time": "Mon Mar 14 23:27:48 +0000 2016"}
{"polarity": 0.8, "location": "Phoenix, AZ", "sentiment": "positive", "time": "Mon Mar 14 23:27:50 +0000 2016"}
{"polarity": 0.0, "location": "Portland, OR", "sentiment": "neutral", "time": "Mon Mar 14 23:27:56 +0000 2016"}
{"polarity": 0.0, "location": "Seattle, WA", "sentiment": "neutral", "time": "Mon Mar 14 23:57:08 +0000 2016"}
{"polarity": 0.13636363636363635, "location": "San Diego, CA", "sentiment": "positive", "time": "Mon Mar 14 23:57:25 +0000 2016"}
{"polarity": 0.2, "location": "Seattle, WA", "sentiment": "positive", "time": "Mon Mar 14 23:57:27 +0000 2016"}
{"polarity": 0.30000000000000004, "location": "New York, NY", "sentiment": "positive", "time": "Mon Mar 14 23:57:43 +0000 2016"}
{"polarity": 0.0, "location": "Orlando, FL", "sentiment": "neutral", "time": "Mon Mar 14 23:57:55 +0000 2016"}
{"polarity": 0.75, "location": "Boston, MA", "sentiment": "positive", "time": "Mon Mar 14 23:57:55 +0000 2016"}
{"polarity": 0.0, "location": "Atlanta, GA", "sentiment": "neutral", "time": "Mon Mar 14 23:57:57 +0000 2016"}
{"polarity": 0.0, "location": "Boston, MA", "sentiment": "neutral", "time": "Mon Mar 14 23:26:00 +0000 2016"}
{"polarity": -0.4, "location": "New York, NY", "sentiment": "negative", "time": "Mon Mar 14 23:26:04 +0000 2016"}
{"polarity": 0.6, "location": "Atlanta, GA", "sentiment": "positive", "time": "Mon Mar 14 23:26:11 +0000 2016"}
{"polarity": 0.5, "location": "Orlando, FL", "sentiment": "positive", "time": "Mon Mar 14 23:26:15 +0000 2016"}
{"polarity": 0.3041666666666667, "location": "Portland, OR", "sentiment": "positive", "time": "Mon Mar 14 23:26:20 +0000 2016"}
{"polarity": 0.625, "location": "Boston, MA", "sentiment": "positive", "time": "Mon Mar 14 23:26:25 +0000 2016"}
{"polarity": 0.4625, "location": "New York, NY", "sentiment": "positive", "time": "Mon Mar 14 23:26:29 +0000 2016"}
{"polarity": 0.4, "location": "Atlanta, GA", "sentiment": "positive", "time": "Mon Mar 14 23:26:43 +0000 2016"}
{"polarity": 0.13636363636363635, "location": "San Diego, CA", "sentiment": "positive", "time": "Mon Mar 14 23:26:52 +0000 2016"}
{"polarity": 0.0, "location": "San Diego, CA", "sentiment": "neutral", "time": "Mon Mar 14 23:58:07 +0000 2016"}
{"polarity": 0.0, "location": "Phoenix, AZ", "sentiment": "neutral", "time": "Mon Mar 14 23:58:14 +0000 2016"}
{"polarity": 0.0, "location": "Portland, OR", "sentiment": "neutral", "time": "Mon Mar 14 23:58:15 +0000 2016"}
{"polarity": 0.7, "location": "New York, NY", "sentiment": "positive", "time": "Mon Mar 14 23:58:21 +0000 2016"}
{"polarity": -0.1, "location": "Atlanta, GA", "sentiment": "negative", "time": "Mon Mar 14 23:58:26 +0000 2016"}
{"polarity": 0.06888888888888889, "location": "Boston, MA", "sentiment": "positive", "time": "Mon Mar 14 23:58:28 +0000 2016"}
{"polarity": 0.38749999999999996, "location": "Portland, OR", "sentiment": "positive", "time": "Mon Mar 14 23:58:30 +0000 2016"}
{"polarity": 0.0, "location": "San Diego, CA", "sentiment": "neutral", "time": "Mon Mar 14 23:58:30 +0000 2016"}
{"polarity": -0.375, "location": "Atlanta, GA", "sentiment": "negative", "time": "Mon Mar 14 23:58:31 +0000 2016"}
{"polarity": 0.0, "location": "Boston, MA", "sentiment": "neutral", "time": "Mon Mar 14 23:58:35 +0000 2016"}
{"polarity": 0.016666666666666663, "location": "San Diego, CA", "sentiment": "positive", "time": "Mon Mar 14 23:58:47 +0000 2016"}
{"polarity": 0.0, "location": "Orlando, FL", "sentiment": "neutral", "time": "Mon Mar 14 23:58:50 +0000 2016"}
{"polarity": 0.4, "location": "Seattle, WA", "sentiment": "positive", "time": "Mon Mar 14 23:58:53 +0000 2016"}
{"polarity": 0.13636363636363635, "location": "Portland, OR", "sentiment": "positive", "time": "Mon Mar 14 23:42:00 +0000 2016"}
{"polarity": 0.0, "location": "Atlanta, GA", "sentiment": "neutral", "time": "Mon Mar 14 23:42:07 +0000 2016"}
{"polarity": -0.1, "location": "Seattle, WA", "sentiment": "negative", "time": "Mon Mar 14 23:42:09 +0000 2016"}
{"polarity": 0.26333333333333336, "location": "San Diego, CA", "sentiment": "positive", "time": "Mon Mar 14 23:42:11 +0000 2016"}
{"polarity": 1.0, "location": "Orlando, FL", "sentiment": "positive", "time": "Mon Mar 14 23:42:11 +0000 2016"}
{"polarity": 0.0, "location": "Seattle, WA", "sentiment": "neutral", "time": "Mon Mar 14 23:42:22 +0000 2016"}
{"polarity": 0.052083333333333336, "location": "Boston, MA", "sentiment": "positive", "time": "Mon Mar 14 23:42:25 +0000 2016"}
{"polarity": 0.0, "location": "New York, NY", "sentiment": "neutral", "time": "Mon Mar 14 23:42:40 +0000 2016"}
{"polarity": 0.0, "location": "New York, NY", "sentiment": "neutral", "time": "Mon Mar 14 23:42:54 +0000 2016"}
{"polarity": 0.1, "location": "New York, NY", "sentiment": "positive", "time": "Mon Mar 14 23:50:13 +0000 2016"}
{"polarity": 0.0, "location": "New York, NY", "sentiment": "neutral", "time": "Mon Mar 14 23:50:17 +0000 2016"}
{"polarity": 0.0, "location": "Orlando, FL", "sentiment": "neutral", "time": "Mon Mar 14 23:50:17 +0000 2016"}
{"polarity": 0.05, "location": "Phoenix, AZ", "sentiment": "positive", "time": "Mon Mar 14 23:50:32 +0000 2016"}
{"polarity": -0.15, "location": "Boston, MA", "sentiment": "negative", "time": "Mon Mar 14 23:50:41 +0000 2016"}
{"polarity": 0.1011904761904762, "location": "Seattle, WA", "sentiment": "positive", "time": "Mon Mar 14 23:50:42 +0000 2016"}
{"polarity": 0.5, "location": "Boston, MA", "sentiment": "positive", "time": "Mon Mar 14 23:50:43 +0000 2016"}
{"polarity": 0.0, "location": "Atlanta, GA", "sentiment": "neutral", "time": "Mon Mar 14 23:50:46 +0000 2016"}
{"polarity": 0.0, "location": "New York, NY", "sentiment": "neutral", "time": "Mon Mar 14 23:15:02 +0000 2016"}
{"polarity": 0.0, "location": "San Diego, CA", "sentiment": "neutral", "time": "Mon Mar 14 23:15:07 +0000 2016"}
{"polarity": 0.125, "location": "New York, NY", "sentiment": "positive", "time": "Mon Mar 14 23:15:11 +0000 2016"}
{"polarity": -0.35, "location": "Boston, MA", "sentiment": "negative", "time": "Mon Mar 14 23:15:13 +0000 2016"}
{"polarity": -0.25416666666666665, "location": "Orlando, FL", "sentiment": "negative", "time": "Mon Mar 14 23:15:20 +0000 2016"}
{"polarity": 0.0, "location": "Atlanta, GA", "sentiment": "neutral", "time": "Mon Mar 14 23:15:29 +0000 2016"}
{"polarity": 0.0, "location": "Boston, MA", "sentiment": "neutral", "time": "Mon Mar 14 23:15:30 +0000 2016"}
{"polarity": 0.0, "location": "Atlanta, GA", "sentiment": "neutral", "time": "Mon Mar 14 23:15:31 +0000 2016"}
{"polarity": 0.35000000000000003, "location": "New York, NY", "sentiment": "positive", "time": "Mon Mar 14 23:15:32 +0000 2016"}
{"polarity": 0.0, "location": "Seattle, WA", "sentiment": "neutral", "time": "Mon Mar 14 23:15:47 +0000 2016"}
{"polarity": 0.0, "location": "Boston, MA", "sentiment": "neutral", "time": "Mon Mar 14 23:15:50 +0000 2016"}
{"polarity": 0.0, "location": "Atlanta, GA", "sentiment": "neutral", "time": "Mon Mar 14 23:38:02 +0000 2016"}
{"polarity": 0.5, "location": "New York, NY", "sentiment": "positive", "time": "Mon Mar 14 23:38:04 +0000 2016"}
{"polarity": 0.0, "location": "New York, NY", "sentiment": "neutral", "time": "Mon Mar 14 23:38:12 +0000 2016"}
{"polarity": 0.0, "location": "New York, NY", "sentiment": "neutral", "time": "Mon Mar 14 23:38:19 +0000 2016"}
{"polarity": 0.0, "location": "Atlanta, GA", "sentiment": "neutral", "time": "Mon Mar 14 23:38:26 +0000 2016"}
{"polarity": -0.6, "location": "San Diego, CA", "sentiment": "negative", "time": "Mon Mar 14 23:38:36 +0000 2016"}
{"polarity": 0.0, "location": "Boston, MA", "sentiment": "neutral", "time": "Mon Mar 14 23:38:49 +0000 2016"}
{"polarity": 0.0, "location": "Boston, MA", "sentiment": "neutral", "time": "Mon Mar 14 23:38:57 +0000 2016"}
{"polarity": 0.0, "location": "New York, NY", "sentiment": "neutral", "time": "Mon Mar 14 23:21:02 +0000 2016"}
{"polarity": 0.15714285714285714, "location": "Seattle, WA", "sentiment": "positive", "time": "Mon Mar 14 23:21:03 +0000 2016"}
{"polarity": 0.0, "location": "Boston, MA", "sentiment": "neutral", "time": "Mon Mar 14 23:21:07 +0000 2016"}
{"polarity": 0.14999999999999997, "location": "Atlanta, GA", "sentiment": "positive", "time": "Mon Mar 14 23:21:10 +0000 2016"}
{"polarity": 0.06818181818181818, "location": "Orlando, FL", "sentiment": "positive", "time": "Mon Mar 14 23:21:10 +0000 2016"}
{"polarity": 0.0, "location": "Atlanta, GA", "sentiment": "neutral", "time": "Mon Mar 14 23:21:15 +0000 2016"}
{"polarity": 0.0, "location": "Orlando, FL", "sentiment": "neutral", "time": "Mon Mar 14 23:21:16 +0000 2016"}
{"polarity": 0.0, "location": "Phoenix, AZ", "sentiment": "neutral", "time": "Mon Mar 14 23:21:19 +0000 2016"}
{"polarity": 0.0, "location": "Orlando, FL", "sentiment": "neutral", "time": "Mon Mar 14 23:21:31 +0000 2016"}
{"polarity": 1.0, "location": "Atlanta, GA", "sentiment": "positive", "time": "Mon Mar 14 23:21:36 +0000 2016"}
{"polarity": 0.0, "location": "New York, NY", "sentiment": "neutral", "time": "Mon Mar 14 23:21:49 +0000 2016"}
{"polarity": 0.0, "location": "New York, NY", "sentiment": "neutral", "time": "Mon Mar 14 23:21:50 +0000 2016"}
{"polarity": 0.0, "location": "Orlando, FL", "sentiment": "neutral", "time": "Mon Mar 14 23:17:04 +0000 2016"}
{"polarity": 0.0, "location": "New York, NY", "sentiment": "neutral", "time": "Mon Mar 14 23:17:09 +0000 2016"}
{"polarity": 0.0, "location": "Atlanta, GA", "sentiment": "neutral", "time": "Mon Mar 14 23:17:14 +0000 2016"}
{"polarity": -0.125, "location": "Phoenix, AZ", "sentiment": "negative", "time": "Mon Mar 14 23:17:16 +0000 2016"}
{"polarity": 0.784375, "location": "Portland, OR", "sentiment": "positive", "time": "Mon Mar 14 23:17:18 +0000 2016"}
{"polarity": 0.0, "location": "Seattle, WA", "sentiment": "neutral", "time": "Mon Mar 14 23:17:19 +0000 2016"}
{"polarity": -0.4, "location": "Atlanta, GA", "sentiment": "negative", "time": "Mon Mar 14 23:17:15 +0000 2016"}
{"polarity": 0.0, "location": "San Diego, CA", "sentiment": "neutral", "time": "Mon Mar 14 23:17:41 +0000 2016"}
{"polarity": 0.0, "location": "Atlanta, GA", "sentiment": "neutral", "time": "Mon Mar 14 23:17:42 +0000 2016"}
{"polarity": 0.3333333333333333, "location": "Boston, MA", "sentiment": "positive", "time": "Mon Mar 14 23:17:44 +0000 2016"}
{"polarity": 0.0, "location": "Portland, OR", "sentiment": "neutral", "time": "Mon Mar 14 23:17:50 +0000 2016"}
{"polarity": 0.3, "location": "Phoenix, AZ", "sentiment": "positive", "time": "Mon Mar 14 23:17:52 +0000 2016"}
{"polarity": 0.0, "location": "New York, NY", "sentiment": "neutral", "time": "Mon Mar 14 23:17:54 +0000 2016"}
{"polarity": 0.1, "location": "New York, NY", "sentiment": "positive", "time": "Mon Mar 14 23:17:55 +0000 2016"}
{"polarity": 0.2, "location": "Phoenix, AZ", "sentiment": "positive", "time": "Mon Mar 14 23:17:52 +0000 2016"}
{"polarity": 0.0, "location": "Atlanta, GA", "sentiment": "neutral", "time": "Mon Mar 14 23:12:10 +0000 2016"}
{"polarity": 0.4000000000000001, "location": "Boston, MA", "sentiment": "positive", "time": "Mon Mar 14 23:12:15 +0000 2016"}
{"polarity": -0.05681818181818182, "location": "New York, NY", "sentiment": "negative", "time": "Mon Mar 14 23:12:16 +0000 2016"}
{"polarity": -0.2, "location": "Atlanta, GA", "sentiment": "negative", "time": "Mon Mar 14 23:12:21 +0000 2016"}
{"polarity": 0.0, "location": "Atlanta, GA", "sentiment": "neutral", "time": "Mon Mar 14 23:12:23 +0000 2016"}
{"polarity": -0.7, "location": "Orlando, FL", "sentiment": "negative", "time": "Mon Mar 14 23:12:47 +0000 2016"}
{"polarity": -0.16666666666666666, "location": "Orlando, FL", "sentiment": "negative", "time": "Mon Mar 14 23:29:17 +0000 2016"}
{"polarity": 0.0, "location": "Phoenix, AZ", "sentiment": "neutral", "time": "Mon Mar 14 23:29:24 +0000 2016"}
{"polarity": -0.2, "location": "Orlando, FL", "sentiment": "negative", "time": "Mon Mar 14 23:29:26 +0000 2016"}
{"polarity": 0.0, "location": "San Diego, CA", "sentiment": "neutral", "time": "Mon Mar 14 23:29:38 +0000 2016"}
{"polarity": 0.0, "location": "San Diego, CA", "sentiment": "neutral", "time": "Mon Mar 14 23:29:38 +0000 2016"}
{"polarity": 0.0, "location": "Atlanta, GA", "sentiment": "neutral", "time": "Mon Mar 14 23:29:50 +0000 2016"}
{"polarity": 0.0, "location": "San Diego, CA", "sentiment": "neutral", "time": "Mon Mar 14 23:18:00 +0000 2016"}
{"polarity": 0.6, "location": "Seattle, WA", "sentiment": "positive", "time": "Mon Mar 14 23:18:03 +0000 2016"}
{"polarity": -0.15555555555555559, "location": "Boston, MA", "sentiment": "negative", "time": "Mon Mar 14 23:18:19 +0000 2016"}
{"polarity": 0.0, "location": "New York, NY", "sentiment": "neutral", "time": "Mon Mar 14 23:18:25 +0000 2016"}
{"polarity": 0.25, "location": "Seattle, WA", "sentiment": "positive", "time": "Mon Mar 14 23:18:49 +0000 2016"}
{"polarity": 0.35, "location": "Atlanta, GA", "sentiment": "positive", "time": "Mon Mar 14 23:18:49 +0000 2016"}
{"polarity": 0.0, "location": "Atlanta, GA", "sentiment": "neutral", "time": "Mon Mar 14 23:18:49 +0000 2016"}
{"polarity": 0.0, "location": "Orlando, FL", "sentiment": "neutral", "time": "Mon Mar 14 23:18:52 +0000 2016"}
{"polarity": 0.2333333333333333, "location": "Phoenix, AZ", "sentiment": "positive", "time": "Mon Mar 14 23:18:57 +0000 2016"}
{"polarity": 0.0, "location": "Seattle, WA", "sentiment": "neutral", "time": "Mon Mar 14 23:18:58 +0000 2016"}
{"polarity": 0.0, "location": "New York, NY", "sentiment": "neutral", "time": "Mon Mar 14 23:18:59 +0000 2016"}
{"polarity": 0.0, "location": "New York, NY", "sentiment": "neutral", "time": "Mon Mar 14 23:46:10 +0000 2016"}
{"polarity": 0.8, "location": "Boston, MA", "sentiment": "positive", "time": "Mon Mar 14 23:46:20 +0000 2016"}
{"polarity": 0.0, "location": "Atlanta, GA", "sentiment": "neutral", "time": "Mon Mar 14 23:46:23 +0000 2016"}
{"polarity": 0.0, "location": "Seattle, WA", "sentiment": "neutral", "time": "Mon Mar 14 23:46:23 +0000 2016"}
{"polarity": -1.0, "location": "Atlanta, GA", "sentiment": "negative", "time": "Mon Mar 14 23:46:24 +0000 2016"}
{"polarity": 0.4166666666666667, "location": "New York, NY", "sentiment": "positive", "time": "Mon Mar 14 23:46:34 +0000 2016"}
{"polarity": 0.8, "location": "New York, NY", "sentiment": "positive", "time": "Mon Mar 14 23:46:35 +0000 2016"}
{"polarity": 0.44999999999999996, "location": "Portland, OR", "sentiment": "positive", "time": "Mon Mar 14 23:46:35 +0000 2016"}
{"polarity": 0.0, "location": "Portland, OR", "sentiment": "neutral", "time": "Mon Mar 14 23:46:43 +0000 2016"}
{"polarity": 0.8375, "location": "Phoenix, AZ", "sentiment": "positive", "time": "Mon Mar 14 23:46:58 +0000 2016"}
{"polarity": 0.0, "location": "Seattle, WA", "sentiment": "neutral", "time": "Mon Mar 14 23:00:01 +0000 2016"}
{"polarity": 0.0, "location": "Boston, MA", "sentiment": "neutral", "time": "Mon Mar 14 23:00:01 +0000 2016"}
{"polarity": -0.2, "location": "Atlanta, GA", "sentiment": "negative", "time": "Mon Mar 14 23:00:06 +0000 2016"}
{"polarity": 0.13636363636363635, "location": "New York, NY", "sentiment": "positive", "time": "Mon Mar 14 23:00:13 +0000 2016"}
{"polarity": 0.0, "location": "Portland, OR", "sentiment": "neutral", "time": "Mon Mar 14 23:00:19 +0000 2016"}
{"polarity": 0.0, "location": "Atlanta, GA", "sentiment": "neutral", "time": "Mon Mar 14 23:00:29 +0000 2016"}
{"polarity": 0.0, "location": "New York, NY", "sentiment": "neutral", "time": "Mon Mar 14 23:00:31 +0000 2016"}
{"polarity": 0.0, "location": "New York, NY", "sentiment": "neutral", "time": "Mon Mar 14 23:00:31 +0000 2016"}
{"polarity": 0.18333333333333335, "location": "Boston, MA", "sentiment": "positive", "time": "Mon Mar 14 23:00:39 +0000 2016"}
{"polarity": 0.0, "location": "New York, NY", "sentiment": "neutral", "time": "Mon Mar 14 23:00:37 +0000 2016"}
{"polarity": 0.5, "location": "Seattle, WA", "sentiment": "positive", "time": "Mon Mar 14 23:00:48 +0000 2016"}
{"polarity": 0.5, "location": "Phoenix, AZ", "sentiment": "positive", "time": "Mon Mar 14 23:00:49 +0000 2016"}
{"polarity": 0.0, "location": "Boston, MA", "sentiment": "neutral", "time": "Mon Mar 14 23:00:53 +0000 2016"}
{"polarity": -0.25, "location": "New York, NY", "sentiment": "negative", "time": "Mon Mar 14 23:00:56 +0000 2016"}
{"polarity": 0.2, "location": "Portland, OR", "sentiment": "positive", "time": "Mon Mar 14 23:00:57 +0000 2016"}
{"polarity": 0.0, "location": "Atlanta, GA", "sentiment": "neutral", "time": "Mon Mar 14 23:00:59 +0000 2016"}
{"polarity": 0.0, "location": "New York, NY", "sentiment": "neutral", "time": "Mon Mar 14 23:34:04 +0000 2016"}
{"polarity": 0.10000000000000002, "location": "Atlanta, GA", "sentiment": "positive", "time": "Mon Mar 14 23:34:10 +0000 2016"}
{"polarity": 0.0, "location": "Phoenix, AZ", "sentiment": "neutral", "time": "Mon Mar 14 23:34:16 +0000 2016"}
{"polarity": 0.0, "location": "Seattle, WA", "sentiment": "neutral", "time": "Mon Mar 14 23:34:16 +0000 2016"}
{"polarity": 0.0, "location": "Boston, MA", "sentiment": "neutral", "time": "Mon Mar 14 23:34:20 +0000 2016"}
{"polarity": -0.08333333333333333, "location": "Seattle, WA", "sentiment": "negative", "time": "Mon Mar 14 23:34:24 +0000 2016"}
{"polarity": 0.0, "location": "Boston, MA", "sentiment": "neutral", "time": "Mon Mar 14 23:34:30 +0000 2016"}
{"polarity": 0.0, "location": "Phoenix, AZ", "sentiment": "neutral", "time": "Mon Mar 14 23:34:35 +0000 2016"}
{"polarity": 0.8, "location": "Boston, MA", "sentiment": "positive", "time": "Mon Mar 14 23:34:35 +0000 2016"}
{"polarity": 0.2, "location": "Phoenix, AZ", "sentiment": "positive", "time": "Mon Mar 14 23:34:58 +0000 2016"}
{"polarity": -0.1, "location": "Seattle, WA", "sentiment": "negative", "time": "Mon Mar 14 23:05:01 +0000 2016"}
{"polarity": 0.1708333333333333, "location": "New York, NY", "sentiment": "positive", "time": "Mon Mar 14 23:05:17 +0000 2016"}
{"polarity": 0.0, "location": "Phoenix, AZ", "sentiment": "neutral", "time": "Mon Mar 14 23:05:29 +0000 2016"}
{"polarity": 0.78125, "location": "New York, NY", "sentiment": "positive", "time": "Mon Mar 14 23:05:30 +0000 2016"}
{"polarity": 0.25, "location": "Orlando, FL", "sentiment": "positive", "time": "Mon Mar 14 23:11:06 +0000 2016"}
{"polarity": 0.7, "location": "Atlanta, GA", "sentiment": "positive", "time": "Mon Mar 14 23:11:06 +0000 2016"}
{"polarity": 0.0, "location": "Seattle, WA", "sentiment": "neutral", "time": "Mon Mar 14 23:11:08 +0000 2016"}
{"polarity": 0.0, "location": "Boston, MA", "sentiment": "neutral", "time": "Mon Mar 14 23:11:11 +0000 2016"}
{"polarity": 0.0, "location": "San Diego, CA", "sentiment": "neutral", "time": "Mon Mar 14 23:11:16 +0000 2016"}
{"polarity": 0.0, "location": "Seattle, WA", "sentiment": "neutral", "time": "Mon Mar 14 23:11:21 +0000 2016"}
{"polarity": 0.4, "location": "New York, NY", "sentiment": "positive", "time": "Mon Mar 14 23:11:22 +0000 2016"}
{"polarity": 0.0, "location": "Seattle, WA", "sentiment": "neutral", "time": "Mon Mar 14 23:11:37 +0000 2016"}
{"polarity": 0.0, "location": "Orlando, FL", "sentiment": "neutral", "time": "Mon Mar 14 23:11:48 +0000 2016"}
{"polarity": 0.2, "location": "Orlando, FL", "sentiment": "positive", "time": "Mon Mar 14 23:56:13 +0000 2016"}
{"polarity": 0.0, "location": "San Diego, CA", "sentiment": "neutral", "time": "Mon Mar 14 23:56:16 +0000 2016"}
{"polarity": 0.05555555555555555, "location": "Orlando, FL", "sentiment": "positive", "time": "Mon Mar 14 23:56:28 +0000 2016"}
{"polarity": 0.0, "location": "Atlanta, GA", "sentiment": "neutral", "time": "Mon Mar 14 23:56:28 +0000 2016"}
{"polarity": 0.0, "location": "Atlanta, GA", "sentiment": "neutral", "time": "Mon Mar 14 23:56:37 +0000 2016"}
{"polarity": 1.0, "location": "Seattle, WA", "sentiment": "positive", "time": "Mon Mar 14 23:56:52 +0000 2016"}
{"polarity": 0.0, "location": "Atlanta, GA", "sentiment": "neutral", "time": "Mon Mar 14 23:56:59 +0000 2016"}
{"polarity": 0.0, "location": "San Diego, CA", "sentiment": "neutral", "time": "Mon Mar 14 23:47:05 +0000 2016"}
{"polarity": 0.75, "location": "Boston, MA", "sentiment": "positive", "time": "Mon Mar 14 23:47:14 +0000 2016"}
{"polarity": 0.0, "location": "St. Louis, MO", "sentiment": "neutral", "time": "Mon Mar 14 23:47:15 +0000 2016"}
{"polarity": 0.0, "location": "Atlanta, GA", "sentiment": "neutral", "time": "Mon Mar 14 23:47:16 +0000 2016"}
{"polarity": 0.0, "location": "Atlanta, GA", "sentiment": "neutral", "time": "Mon Mar 14 23:47:20 +0000 2016"}
{"polarity": 0.17777777777777773, "location": "Boston, MA", "sentiment": "positive", "time": "Mon Mar 14 23:47:35 +0000 2016"}
{"polarity": 0.0, "location": "Phoenix, AZ", "sentiment": "neutral", "time": "Mon Mar 14 23:47:43 +0000 2016"}
{"polarity": 0.0, "location": "Atlanta, GA", "sentiment": "neutral", "time": "Mon Mar 14 23:47:56 +0000 2016"}
{"polarity": 0.25, "location": "New York, NY", "sentiment": "positive", "time": "Mon Mar 14 23:47:58 +0000 2016"}
{"polarity": -0.4, "location": "New York, NY", "sentiment": "negative", "time": "Mon Mar 14 23:52:01 +0000 2016"}
{"polarity": 0.0, "location": "Boston, MA", "sentiment": "neutral", "time": "Mon Mar 14 23:52:08 +0000 2016"}
{"polarity": 0.0, "location": "Seattle, WA", "sentiment": "neutral", "time": "Mon Mar 14 23:52:13 +0000 2016"}
{"polarity": 0.05, "location": "New York, NY", "sentiment": "positive", "time": "Mon Mar 14 23:52:23 +0000 2016"}
{"polarity": -0.2, "location": "New York, NY", "sentiment": "negative", "time": "Mon Mar 14 23:52:25 +0000 2016"}
{"polarity": 0.35, "location": "San Diego, CA", "sentiment": "positive", "time": "Mon Mar 14 23:52:29 +0000 2016"}
{"polarity": 0.3333333333333333, "location": "Seattle, WA", "sentiment": "positive", "time": "Mon Mar 14 23:52:32 +0000 2016"}
{"polarity": 0.0, "location": "Phoenix, AZ", "sentiment": "neutral", "time": "Mon Mar 14 23:52:34 +0000 2016"}
{"polarity": 0.0, "location": "New York, NY", "sentiment": "neutral", "time": "Mon Mar 14 23:52:35 +0000 2016"}
{"polarity": 0.0, "location": "New York, NY", "sentiment": "neutral", "time": "Mon Mar 14 23:52:39 +0000 2016"}
{"polarity": 0.0, "location": "Phoenix, AZ", "sentiment": "neutral", "time": "Mon Mar 14 23:52:48 +0000 2016"}
{"polarity": 0.0, "location": "Portland, OR", "sentiment": "neutral", "time": "Mon Mar 14 23:52:51 +0000 2016"}
{"polarity": 0.2, "location": "Seattle, WA", "sentiment": "positive", "time": "Mon Mar 14 23:52:55 +0000 2016"}
{"polarity": -0.1, "location": "Portland, OR", "sentiment": "negative", "time": "Mon Mar 14 23:52:56 +0000 2016"}
{"polarity": 0.05, "location": "Orlando, FL", "sentiment": "positive", "time": "Mon Mar 14 23:53:01 +0000 2016"}
{"polarity": 0.0, "location": "St. Louis, MO", "sentiment": "neutral", "time": "Mon Mar 14 23:53:06 +0000 2016"}
{"polarity": 0.30735930735930733, "location": "Atlanta, GA", "sentiment": "positive", "time": "Mon Mar 14 23:53:12 +0000 2016"}
{"polarity": 0.0, "location": "Boston, MA", "sentiment": "neutral", "time": "Mon Mar 14 23:53:20 +0000 2016"}
{"polarity": -0.015384615384615385, "location": "Seattle, WA", "sentiment": "negative", "time": "Mon Mar 14 23:53:21 +0000 2016"}
{"polarity": -0.8, "location": "Boston, MA", "sentiment": "negative", "time": "Mon Mar 14 23:53:35 +0000 2016"}
{"polarity": 0.0, "location": "Atlanta, GA", "sentiment": "neutral", "time": "Mon Mar 14 23:53:45 +0000 2016"}
{"polarity": 0.3, "location": "Atlanta, GA", "sentiment": "positive", "time": "Mon Mar 14 23:53:47 +0000 2016"}
{"polarity": 0.0, "location": "San Diego, CA", "sentiment": "neutral", "time": "Mon Mar 14 23:53:53 +0000 2016"}
{"polarity": 0.25, "location": "Boston, MA", "sentiment": "positive", "time": "Mon Mar 14 23:53:54 +0000 2016"}
{"polarity": -0.2, "location": "New York, NY", "sentiment": "negative", "time": "Mon Mar 14 23:02:01 +0000 2016"}
{"polarity": -0.15555555555555559, "location": "Atlanta, GA", "sentiment": "negative", "time": "Mon Mar 14 23:02:02 +0000 2016"}
{"polarity": 0.0, "location": "St. Louis, MO", "sentiment": "neutral", "time": "Mon Mar 14 23:02:09 +0000 2016"}
{"polarity": 0.0, "location": "New York, NY", "sentiment": "neutral", "time": "Mon Mar 14 23:02:09 +0000 2016"}
{"polarity": 0.25, "location": "Atlanta, GA", "sentiment": "positive", "time": "Mon Mar 14 23:02:19 +0000 2016"}
{"polarity": 0.10714285714285714, "location": "San Diego, CA", "sentiment": "positive", "time": "Mon Mar 14 23:02:43 +0000 2016"}
{"polarity": 0.21666666666666667, "location": "Seattle, WA", "sentiment": "positive", "time": "Mon Mar 14 23:02:50 +0000 2016"}
{"polarity": -0.15625, "location": "Seattle, WA", "sentiment": "negative", "time": "Mon Mar 14 23:02:59 +0000 2016"}
{"polarity": -0.041666666666666664, "location": "Boston, MA", "sentiment": "negative", "time": "Mon Mar 14 23:02:59 +0000 2016"}
{"polarity": 0.13636363636363635, "location": "Atlanta, GA", "sentiment": "positive", "time": "Mon Mar 14 23:48:04 +0000 2016"}
{"polarity": 0.0, "location": "St. Louis, MO", "sentiment": "neutral", "time": "Mon Mar 14 23:48:10 +0000 2016"}
{"polarity": -0.175, "location": "Atlanta, GA", "sentiment": "negative", "time": "Mon Mar 14 23:48:14 +0000 2016"}
{"polarity": 0.0, "location": "New York, NY", "sentiment": "neutral", "time": "Mon Mar 14 23:48:19 +0000 2016"}
{"polarity": 0.019444444444444445, "location": "Seattle, WA", "sentiment": "positive", "time": "Mon Mar 14 23:48:47 +0000 2016"}
{"polarity": 0.25, "location": "Boston, MA", "sentiment": "positive", "time": "Mon Mar 14 23:48:47 +0000 2016"}
{"polarity": 0.14285714285714285, "location": "San Diego, CA", "sentiment": "positive", "time": "Mon Mar 14 23:48:52 +0000 2016"}
{"polarity": 0.0, "location": "Atlanta, GA", "sentiment": "neutral", "time": "Mon Mar 14 23:25:00 +0000 2016"}
{"polarity": 0.0, "location": "New York, NY", "sentiment": "neutral", "time": "Mon Mar 14 23:25:14 +0000 2016"}
{"polarity": 0.0, "location": "San Diego, CA", "sentiment": "neutral", "time": "Mon Mar 14 23:25:24 +0000 2016"}
{"polarity": 0.0, "location": "Seattle, WA", "sentiment": "neutral", "time": "Mon Mar 14 23:25:26 +0000 2016"}
{"polarity": -0.4, "location": "Atlanta, GA", "sentiment": "negative", "time": "Mon Mar 14 23:25:29 +0000 2016"}
{"polarity": 0.13636363636363635, "location": "Seattle, WA", "sentiment": "positive", "time": "Mon Mar 14 23:25:32 +0000 2016"}
{"polarity": 0.8, "location": "Boston, MA", "sentiment": "positive", "time": "Mon Mar 14 23:25:43 +0000 2016"}
{"polarity": 0.25, "location": "Atlanta, GA", "sentiment": "positive", "time": "Mon Mar 14 23:25:54 +0000 2016"}
{"polarity": 0.6, "location": "Atlanta, GA", "sentiment": "positive", "time": "Mon Mar 14 23:25:56 +0000 2016"}
{"polarity": 0.75, "location": "St. Louis, MO", "sentiment": "positive", "time": "Mon Mar 14 23:25:59 +0000 2016"}
{"polarity": 0.4875, "location": "New York, NY", "sentiment": "positive", "time": "Mon Mar 14 23:16:08 +0000 2016"}
{"polarity": 0.0, "location": "New York, NY", "sentiment": "neutral", "time": "Mon Mar 14 23:16:12 +0000 2016"}
{"polarity": 0.0, "location": "Atlanta, GA", "sentiment": "neutral", "time": "Mon Mar 14 23:16:13 +0000 2016"}
{"polarity": 0.5, "location": "Boston, MA", "sentiment": "positive", "time": "Mon Mar 14 23:16:14 +0000 2016"}
{"polarity": 0.0, "location": "Atlanta, GA", "sentiment": "neutral", "time": "Mon Mar 14 23:16:17 +0000 2016"}
{"polarity": 0.0, "location": "Orlando, FL", "sentiment": "neutral", "time": "Mon Mar 14 23:16:34 +0000 2016"}
{"polarity": 0.06818181818181818, "location": "Portland, OR", "sentiment": "positive", "time": "Mon Mar 14 23:16:36 +0000 2016"}
{"polarity": 0.25, "location": "San Diego, CA", "sentiment": "positive", "time": "Mon Mar 14 23:16:40 +0000 2016"}
{"polarity": 0.0, "location": "Atlanta, GA", "sentiment": "neutral", "time": "Mon Mar 14 23:16:54 +0000 2016"}
{"polarity": -0.2777777777777778, "location": "New York, NY", "sentiment": "negative", "time": "Mon Mar 14 23:16:56 +0000 2016"}
{"polarity": 0.0, "location": "New York, NY", "sentiment": "neutral", "time": "Mon Mar 14 23:14:00 +0000 2016"}
{"polarity": -0.1875, "location": "New York, NY", "sentiment": "negative", "time": "Mon Mar 14 23:14:08 +0000 2016"}
{"polarity": 0.0, "location": "New York, NY", "sentiment": "neutral", "time": "Mon Mar 14 23:14:16 +0000 2016"}
{"polarity": 0.0, "location": "New York, NY", "sentiment": "neutral", "time": "Mon Mar 14 23:14:17 +0000 2016"}
{"polarity": 0.0, "location": "Atlanta, GA", "sentiment": "neutral", "time": "Mon Mar 14 23:14:22 +0000 2016"}
{"polarity": 0.0, "location": "San Diego, CA", "sentiment": "neutral", "time": "Mon Mar 14 23:14:26 +0000 2016"}
{"polarity": 0.0, "location": "San Diego, CA", "sentiment": "neutral", "time": "Mon Mar 14 23:14:27 +0000 2016"}
{"polarity": -0.23076923076923078, "location": "Orlando, FL", "sentiment": "negative", "time": "Mon Mar 14 23:14:34 +0000 2016"}
{"polarity": 0.0, "location": "Boston, MA", "sentiment": "neutral", "time": "Mon Mar 14 23:14:38 +0000 2016"}
{"polarity": 0.25, "location": "Seattle, WA", "sentiment": "positive", "time": "Mon Mar 14 23:14:46 +0000 2016"}
{"polarity": 0.5, "location": "Portland, OR", "sentiment": "positive", "time": "Mon Mar 14 23:14:47 +0000 2016"}
{"polarity": 0.0, "location": "San Diego, CA", "sentiment": "neutral", "time": "Mon Mar 14 23:14:48 +0000 2016"}
{"polarity": -0.7142857142857143, "location": "Portland, OR", "sentiment": "negative", "time": "Mon Mar 14 23:14:59 +0000 2016"}
{"polarity": 0.0, "location": "Atlanta, GA", "sentiment": "neutral", "time": "Mon Mar 14 23:23:13 +0000 2016"}
{"polarity": 0.0, "location": "Portland, OR", "sentiment": "neutral", "time": "Mon Mar 14 23:23:17 +0000 2016"}
{"polarity": 0.0, "location": "San Diego, CA", "sentiment": "neutral", "time": "Mon Mar 14 23:23:35 +0000 2016"}
{"polarity": -0.1, "location": "New York, NY", "sentiment": "negative", "time": "Mon Mar 14 23:23:40 +0000 2016"}
{"polarity": 0.0, "location": "Seattle, WA", "sentiment": "neutral", "time": "Mon Mar 14 23:23:43 +0000 2016"}
{"polarity": 0.0, "location": "Orlando, FL", "sentiment": "neutral", "time": "Mon Mar 14 23:23:47 +0000 2016"}
{"polarity": 0.0, "location": "Orlando, FL", "sentiment": "neutral", "time": "Mon Mar 14 23:07:02 +0000 2016"}
{"polarity": 0.0, "location": "New York, NY", "sentiment": "neutral", "time": "Mon Mar 14 23:07:11 +0000 2016"}
{"polarity": 0.0, "location": "San Diego, CA", "sentiment": "neutral", "time": "Mon Mar 14 23:07:20 +0000 2016"}
{"polarity": -0.1875, "location": "Boston, MA", "sentiment": "negative", "time": "Mon Mar 14 23:07:43 +0000 2016"}
{"polarity": 0.1, "location": "Portland, OR", "sentiment": "positive", "time": "Mon Mar 14 23:07:52 +0000 2016"}
{"polarity": -0.4, "location": "San Diego, CA", "sentiment": "negative", "time": "Mon Mar 14 23:51:03 +0000 2016"}
{"polarity": 0.0, "location": "Portland, OR", "sentiment": "neutral", "time": "Mon Mar 14 23:51:05 +0000 2016"}
{"polarity": 0.0, "location": "New York, NY", "sentiment": "neutral", "time": "Mon Mar 14 23:51:07 +0000 2016"}
{"polarity": 0.011111111111111112, "location": "Portland, OR", "sentiment": "positive", "time": "Mon Mar 14 23:51:10 +0000 2016"}
{"polarity": 0.0, "location": "New York, NY", "sentiment": "neutral", "time": "Mon Mar 14 23:51:14 +0000 2016"}
{"polarity": -0.11477272727272729, "location": "Seattle, WA", "sentiment": "negative", "time": "Mon Mar 14 23:51:28 +0000 2016"}
{"polarity": -0.13333333333333333, "location": "Portland, OR", "sentiment": "negative", "time": "Mon Mar 14 23:51:29 +0000 2016"}
{"polarity": 1.0, "location": "Portland, OR", "sentiment": "positive", "time": "Mon Mar 14 23:51:44 +0000 2016"}
{"polarity": 0.0, "location": "Portland, OR", "sentiment": "neutral", "time": "Mon Mar 14 23:51:44 +0000 2016"}
{"polarity": 0.25, "location": "Atlanta, GA", "sentiment": "positive", "time": "Mon Mar 14 23:51:46 +0000 2016"}
{"polarity": -0.20833333333333334, "location": "New York, NY", "sentiment": "negative", "time": "Mon Mar 14 23:51:47 +0000 2016"}
{"polarity": 0.0, "location": "San Diego, CA", "sentiment": "neutral", "time": "Mon Mar 14 23:51:51 +0000 2016"}
{"polarity": 0.15000000000000002, "location": "New York, NY", "sentiment": "positive", "time": "Mon Mar 14 23:51:52 +0000 2016"}
{"polarity": -1.850371707708594e-17, "location": "New York, NY", "sentiment": "negative", "time": "Mon Mar 14 23:51:53 +0000 2016"}
{"polarity": 0.425, "location": "Boston, MA", "sentiment": "positive", "time": "Mon Mar 14 23:51:55 +0000 2016"}
{"polarity": 0.33125, "location": "Atlanta, GA", "sentiment": "positive", "time": "Mon Mar 14 23:30:01 +0000 2016"}
{"polarity": 0.0, "location": "New York, NY", "sentiment": "neutral", "time": "Mon Mar 14 23:30:03 +0000 2016"}
{"polarity": 0.2, "location": "San Diego, CA", "sentiment": "positive", "time": "Mon Mar 14 23:30:05 +0000 2016"}
{"polarity": 0.0, "location": "Orlando, FL", "sentiment": "neutral", "time": "Mon Mar 14 23:30:06 +0000 2016"}
{"polarity": 0.0, "location": "Seattle, WA", "sentiment": "neutral", "time": "Mon Mar 14 23:30:08 +0000 2016"}
{"polarity": 0.3, "location": "New York, NY", "sentiment": "positive", "time": "Mon Mar 14 23:30:11 +0000 2016"}
{"polarity": 0.0, "location": "Atlanta, GA", "sentiment": "neutral", "time": "Mon Mar 14 23:30:16 +0000 2016"}
{"polarity": 0.0, "location": "Seattle, WA", "sentiment": "neutral", "time": "Mon Mar 14 23:30:23 +0000 2016"}
{"polarity": 0.5, "location": "Seattle, WA", "sentiment": "positive", "time": "Mon Mar 14 23:30:25 +0000 2016"}
{"polarity": 0.0, "location": "Atlanta, GA", "sentiment": "neutral", "time": "Mon Mar 14 23:30:28 +0000 2016"}
{"polarity": 0.0, "location": "Phoenix, AZ", "sentiment": "neutral", "time": "Mon Mar 14 23:30:42 +0000 2016"}
{"polarity": -0.3888888888888889, "location": "Portland, OR", "sentiment": "negative", "time": "Mon Mar 14 23:30:56 +0000 2016"}
{"polarity": 0.0, "location": "Atlanta, GA", "sentiment": "neutral", "time": "Mon Mar 14 23:03:01 +0000 2016"}
{"polarity": 0.0, "location": "San Diego, CA", "sentiment": "neutral", "time": "Mon Mar 14 23:03:10 +0000 2016"}
{"polarity": 0.0, "location": "New York, NY", "sentiment": "neutral", "time": "Mon Mar 14 23:03:13 +0000 2016"}
{"polarity": -0.3333333333333333, "location": "Orlando, FL", "sentiment": "negative", "time": "Mon Mar 14 23:03:26 +0000 2016"}
{"polarity": 0.25, "location": "Atlanta, GA", "sentiment": "positive", "time": "Mon Mar 14 23:03:42 +0000 2016"}
{"polarity": 0.5, "location": "Seattle, WA", "sentiment": "positive", "time": "Mon Mar 14 23:03:59 +0000 2016"}
{"polarity": 0.0, "location": "St. Louis, MO", "sentiment": "neutral", "time": "Mon Mar 14 23:40:01 +0000 2016"}
{"polarity": -0.14375, "location": "Boston, MA", "sentiment": "negative", "time": "Mon Mar 14 23:40:04 +0000 2016"}
{"polarity": -0.22499999999999998, "location": "New York, NY", "sentiment": "negative", "time": "Mon Mar 14 23:40:07 +0000 2016"}
{"polarity": -0.2, "location": "Atlanta, GA", "sentiment": "negative", "time": "Mon Mar 14 23:40:20 +0000 2016"}
{"polarity": 0.0, "location": "Seattle, WA", "sentiment": "neutral", "time": "Mon Mar 14 23:40:24 +0000 2016"}
{"polarity": 0.0, "location": "Atlanta, GA", "sentiment": "neutral", "time": "Mon Mar 14 23:40:25 +0000 2016"}
{"polarity": 0.0, "location": "Atlanta, GA", "sentiment": "neutral", "time": "Mon Mar 14 23:40:38 +0000 2016"}
{"polarity": -0.19047619047619047, "location": "Atlanta, GA", "sentiment": "negative", "time": "Mon Mar 14 23:40:50 +0000 2016"}
{"polarity": 0.16700000000000004, "location": "Seattle, WA", "sentiment": "positive", "time": "Mon Mar 14 23:40:53 +0000 2016"}
{"polarity": -0.14444444444444443, "location": "New York, NY", "sentiment": "negative", "time": "Mon Mar 14 23:40:57 +0000 2016"}
{"polarity": 0.0, "location": "Boston, MA", "sentiment": "neutral", "time": "Mon Mar 14 23:08:10 +0000 2016"}
{"polarity": 0.5, "location": "San Diego, CA", "sentiment": "positive", "time": "Mon Mar 14 23:08:10 +0000 2016"}
{"polarity": 0.16666666666666666, "location": "New York, NY", "sentiment": "positive", "time": "Mon Mar 14 23:08:22 +0000 2016"}
{"polarity": 0.03333333333333333, "location": "New York, NY", "sentiment": "positive", "time": "Mon Mar 14 23:08:24 +0000 2016"}
{"polarity": 0.0, "location": "San Diego, CA", "sentiment": "neutral", "time": "Mon Mar 14 23:08:26 +0000 2016"}
{"polarity": -0.18333333333333335, "location": "Orlando, FL", "sentiment": "negative", "time": "Mon Mar 14 23:08:38 +0000 2016"}
{"polarity": 0.0, "location": "Boston, MA", "sentiment": "neutral", "time": "Mon Mar 14 23:35:06 +0000 2016"}
{"polarity": 0.7, "location": "Atlanta, GA", "sentiment": "positive", "time": "Mon Mar 14 23:35:17 +0000 2016"}
{"polarity": 0.0, "location": "New York, NY", "sentiment": "neutral", "time": "Mon Mar 14 23:35:24 +0000 2016"}
{"polarity": 0.8, "location": "Atlanta, GA", "sentiment": "positive", "time": "Mon Mar 14 23:35:49 +0000 2016"}
{"polarity": 0.0, "location": "San Diego, CA", "sentiment": "neutral", "time": "Mon Mar 14 23:35:54 +0000 2016"}
{"polarity": 0.0, "location": "Boston, MA", "sentiment": "neutral", "time": "Mon Mar 14 23:43:01 +0000 2016"}
{"polarity": 0.43333333333333335, "location": "Atlanta, GA", "sentiment": "positive", "time": "Mon Mar 14 23:43:12 +0000 2016"}
{"polarity": 0.0, "location": "San Diego, CA", "sentiment": "neutral", "time": "Mon Mar 14 23:43:16 +0000 2016"}
{"polarity": 0.0, "location": "San Diego, CA", "sentiment": "neutral", "time": "Mon Mar 14 23:43:20 +0000 2016"}
{"polarity": 0.0, "location": "Boston, MA", "sentiment": "neutral", "time": "Mon Mar 14 23:43:22 +0000 2016"}
{"polarity": 0.0, "location": "Orlando, FL", "sentiment": "neutral", "time": "Mon Mar 14 23:43:24 +0000 2016"}
{"polarity": 0.0, "location": "New York, NY", "sentiment": "neutral", "time": "Mon Mar 14 23:43:28 +0000 2016"}
{"polarity": 0.0, "location": "New York, NY", "sentiment": "neutral", "time": "Mon Mar 14 23:43:29 +0000 2016"}
{"polarity": 0.0, "location": "Portland, OR", "sentiment": "neutral", "time": "Mon Mar 14 23:43:44 +0000 2016"}
{"polarity": 0.5, "location": "Orlando, FL", "sentiment": "positive", "time": "Mon Mar 14 23:43:45 +0000 2016"}
{"polarity": 0.0, "location": "New York, NY", "sentiment": "neutral", "time": "Mon Mar 14 23:43:50 +0000 2016"}
{"polarity": 0.0, "location": "Kansas City, KS", "sentiment": "neutral", "time": "Mon Mar 14 23:43:52 +0000 2016"}
{"polarity": 0.10000000000000002, "location": "Atlanta, GA", "sentiment": "positive", "time": "Mon Mar 14 23:43:52 +0000 2016"}
{"polarity": 0.0, "location": "San Diego, CA", "sentiment": "neutral", "time": "Mon Mar 14 23:43:56 +0000 2016"}
{"polarity": -0.4147727272727273, "location": "Boston, MA", "sentiment": "negative", "time": "Mon Mar 14 23:43:59 +0000 2016"}
{"polarity": -0.9, "location": "Boston, MA", "sentiment": "negative", "time": "Mon Mar 14 23:10:01 +0000 2016"}
{"polarity": 0.0, "location": "Seattle, WA", "sentiment": "neutral", "time": "Mon Mar 14 23:10:12 +0000 2016"}
{"polarity": 0.0, "location": "New York, NY", "sentiment": "neutral", "time": "Mon Mar 14 23:10:21 +0000 2016"}
{"polarity": 0.0, "location": "Atlanta, GA", "sentiment": "neutral", "time": "Mon Mar 14 23:10:22 +0000 2016"}
{"polarity": 0.375, "location": "New York, NY", "sentiment": "positive", "time": "Mon Mar 14 23:10:24 +0000 2016"}
{"polarity": -0.11249999999999999, "location": "Atlanta, GA", "sentiment": "negative", "time": "Mon Mar 14 23:10:36 +0000 2016"}
{"polarity": -1.0, "location": "Boston, MA", "sentiment": "negative", "time": "Mon Mar 14 23:10:52 +0000 2016"}
{"polarity": 0.4681818181818182, "location": "Phoenix, AZ", "sentiment": "positive", "time": "Mon Mar 14 23:10:58 +0000 2016"}
{"polarity": 0.9, "location": "New York, NY", "sentiment": "positive", "time": "Mon Mar 14 23:54:00 +0000 2016"}
{"polarity": -0.8, "location": "San Diego, CA", "sentiment": "negative", "time": "Mon Mar 14 23:54:13 +0000 2016"}
{"polarity": 0.15, "location": "Boston, MA", "sentiment": "positive", "time": "Mon Mar 14 23:54:15 +0000 2016"}
{"polarity": 0.0, "location": "Seattle, WA", "sentiment": "neutral", "time": "Mon Mar 14 23:54:20 +0000 2016"}
{"polarity": 0.0, "location": "Atlanta, GA", "sentiment": "neutral", "time": "Mon Mar 14 23:54:27 +0000 2016"}
{"polarity": 0.5, "location": "New York, NY", "sentiment": "positive", "time": "Mon Mar 14 23:54:45 +0000 2016"}
{"polarity": 0.2, "location": "Orlando, FL", "sentiment": "positive", "time": "Mon Mar 14 23:54:56 +0000 2016"}
{"polarity": 0.5, "location": "Orlando, FL", "sentiment": "positive", "time": "Mon Mar 14 23:54:58 +0000 2016"}
{"polarity": 0.26875, "location": "Atlanta, GA", "sentiment": "positive", "time": "Mon Mar 14 23:24:17 +0000 2016"}
{"polarity": 0.14375, "location": "Atlanta, GA", "sentiment": "positive", "time": "Mon Mar 14 23:24:23 +0000 2016"}
{"polarity": -0.25, "location": "Orlando, FL", "sentiment": "negative", "time": "Mon Mar 14 23:24:23 +0000 2016"}
{"polarity": 0.0, "location": "San Diego, CA", "sentiment": "neutral", "time": "Mon Mar 14 23:24:24 +0000 2016"}
{"polarity": 0.37878787878787873, "location": "San Diego, CA", "sentiment": "positive", "time": "Mon Mar 14 23:24:32 +0000 2016"}
{"polarity": 0.0, "location": "Orlando, FL", "sentiment": "neutral", "time": "Mon Mar 14 23:24:34 +0000 2016"}
{"polarity": 0.0, "location": "Boston, MA", "sentiment": "neutral", "time": "Mon Mar 14 23:24:35 +0000 2016"}
{"polarity": 0.0, "location": "Boston, MA", "sentiment": "neutral", "time": "Mon Mar 14 23:24:39 +0000 2016"}
{"polarity": 0.0, "location": "New York, NY", "sentiment": "neutral", "time": "Mon Mar 14 23:24:41 +0000 2016"}
{"polarity": -0.3, "location": "Boston, MA", "sentiment": "negative", "time": "Mon Mar 14 23:24:45 +0000 2016"}
{"polarity": 0.0, "location": "Portland, OR", "sentiment": "neutral", "time": "Mon Mar 14 23:24:45 +0000 2016"}
{"polarity": 0.0, "location": "Phoenix, AZ", "sentiment": "neutral", "time": "Mon Mar 14 23:24:46 +0000 2016"}
{"polarity": 0.0, "location": "Boston, MA", "sentiment": "neutral", "time": "Mon Mar 14 23:24:58 +0000 2016"}
{"polarity": 0.1, "location": "Atlanta, GA", "sentiment": "positive", "time": "Mon Mar 14 23:32:01 +0000 2016"}
{"polarity": -0.325, "location": "New York, NY", "sentiment": "negative", "time": "Mon Mar 14 23:32:19 +0000 2016"}
{"polarity": 0.7, "location": "Portland, OR", "sentiment": "positive", "time": "Mon Mar 14 23:32:20 +0000 2016"}
{"polarity": 0.0, "location": "Seattle, WA", "sentiment": "neutral", "time": "Mon Mar 14 23:32:38 +0000 2016"}
{"polarity": 0.0, "location": "Boston, MA", "sentiment": "neutral", "time": "Mon Mar 14 23:32:47 +0000 2016"}
{"polarity": -0.022222222222222216, "location": "Atlanta, GA", "sentiment": "negative", "time": "Mon Mar 14 23:32:50 +0000 2016"}
{"polarity": 0.0, "location": "Seattle, WA", "sentiment": "neutral", "time": "Mon Mar 14 23:32:50 +0000 2016"}
{"polarity": 0.0, "location": "San Diego, CA", "sentiment": "neutral", "time": "Mon Mar 14 23:36:00 +0000 2016"}
{"polarity": 0.0, "location": "Atlanta, GA", "sentiment": "neutral", "time": "Mon Mar 14 23:36:02 +0000 2016"}
{"polarity": 0.13636363636363635, "location": "Phoenix, AZ", "sentiment": "positive", "time": "Mon Mar 14 23:36:21 +0000 2016"}
{"polarity": -0.25, "location": "Atlanta, GA", "sentiment": "negative", "time": "Mon Mar 14 23:36:23 +0000 2016"}
{"polarity": 0.0, "location": "Atlanta, GA", "sentiment": "neutral", "time": "Mon Mar 14 23:36:29 +0000 2016"}
{"polarity": 0.1, "location": "New York, NY", "sentiment": "positive", "time": "Mon Mar 14 23:36:31 +0000 2016"}
{"polarity": 0.0, "location": "New York, NY", "sentiment": "neutral", "time": "Mon Mar 14 23:36:43 +0000 2016"}
{"polarity": 0.0, "location": "Portland, OR", "sentiment": "neutral", "time": "Mon Mar 14 23:01:05 +0000 2016"}
{"polarity": 0.0, "location": "San Diego, CA", "sentiment": "neutral", "time": "Mon Mar 14 23:01:06 +0000 2016"}
{"polarity": 0.0, "location": "New York, NY", "sentiment": "neutral", "time": "Mon Mar 14 23:01:12 +0000 2016"}
{"polarity": 1.0, "location": "New York, NY", "sentiment": "positive", "time": "Mon Mar 14 23:01:13 +0000 2016"}
{"polarity": 1.0, "location": "New York, NY", "sentiment": "positive", "time": "Mon Mar 14 23:01:13 +0000 2016"}
{"polarity": 0.13, "location": "San Diego, CA", "sentiment": "positive", "time": "Mon Mar 14 23:01:15 +0000 2016"}
{"polarity": 0.2333333333333333, "location": "Phoenix, AZ", "sentiment": "positive", "time": "Mon Mar 14 23:01:22 +0000 2016"}
{"polarity": -0.015151515151515152, "location": "Atlanta, GA", "sentiment": "negative", "time": "Mon Mar 14 23:01:24 +0000 2016"}
{"polarity": -0.78125, "location": "Phoenix, AZ", "sentiment": "negative", "time": "Mon Mar 14 23:01:26 +0000 2016"}
{"polarity": 0.0, "location": "New York, NY", "sentiment": "neutral", "time": "Mon Mar 14 23:01:35 +0000 2016"}
{"polarity": 0.625, "location": "Orlando, FL", "sentiment": "positive", "time": "Mon Mar 14 23:01:42 +0000 2016"}
{"polarity": 0.625, "location": "Boston, MA", "sentiment": "positive", "time": "Mon Mar 14 23:01:42 +0000 2016"}
{"polarity": 0.0, "location": "San Diego, CA", "sentiment": "neutral", "time": "Mon Mar 14 23:01:54 +0000 2016"}
{"polarity": 0.0, "location": "San Diego, CA", "sentiment": "neutral", "time": "Mon Mar 14 23:55:09 +0000 2016"}
{"polarity": 0.8, "location": "Boston, MA", "sentiment": "positive", "time": "Mon Mar 14 23:55:12 +0000 2016"}
{"polarity": 0.4, "location": "New York, NY", "sentiment": "positive", "time": "Mon Mar 14 23:55:19 +0000 2016"}
{"polarity": 0.0, "location": "Atlanta, GA", "sentiment": "neutral", "time": "Mon Mar 14 23:55:19 +0000 2016"}
{"polarity": 0.0, "location": "New York, NY", "sentiment": "neutral", "time": "Mon Mar 14 23:55:28 +0000 2016"}
{"polarity": -0.2, "location": "Boston, MA", "sentiment": "negative", "time": "Mon Mar 14 23:55:37 +0000 2016"}
{"polarity": 0.0, "location": "Orlando, FL", "sentiment": "neutral", "time": "Mon Mar 14 23:55:43 +0000 2016"}
{"polarity": 0.0, "location": "Phoenix, AZ", "sentiment": "neutral", "time": "Mon Mar 14 23:55:44 +0000 2016"}
{"polarity": 0.25, "location": "New York, NY", "sentiment": "positive", "time": "Mon Mar 14 23:09:02 +0000 2016"}
{"polarity": 0.0, "location": "San Diego, CA", "sentiment": "neutral", "time": "Mon Mar 14 23:09:04 +0000 2016"}
{"polarity": 0.0, "location": "San Diego, CA", "sentiment": "neutral", "time": "Mon Mar 14 23:09:10 +0000 2016"}
{"polarity": 0.0, "location": "San Diego, CA", "sentiment": "neutral", "time": "Mon Mar 14 23:09:12 +0000 2016"}
{"polarity": 0.13636363636363635, "location": "Boston, MA", "sentiment": "positive", "time": "Mon Mar 14 23:09:17 +0000 2016"}
{"polarity": 0.5, "location": "Phoenix, AZ", "sentiment": "positive", "time": "Mon Mar 14 23:09:27 +0000 2016"}
{"polarity": 0.0, "location": "Seattle, WA", "sentiment": "neutral", "time": "Mon Mar 14 23:09:34 +0000 2016"}
{"polarity": 0.0, "location": "Seattle, WA", "sentiment": "neutral", "time": "Mon Mar 14 23:09:45 +0000 2016"}
{"polarity": 0.6, "location": "Seattle, WA", "sentiment": "positive", "time": "Mon Mar 14 23:09:47 +0000 2016"}
{"polarity": 0.13636363636363635, "location": "Seattle, WA", "sentiment": "positive", "time": "Mon Mar 14 23:09:48 +0000 2016"}
{"polarity": 0.0, "location": "Orlando, FL", "sentiment": "neutral", "time": "Mon Mar 14 23:09:50 +0000 2016"}
{"polarity": -0.2, "location": "Atlanta, GA", "sentiment": "negative", "time": "Mon Mar 14 23:09:52 +0000 2016"}
{"polarity": 0.3, "location": "Orlando, FL", "sentiment": "positive", "time": "Mon Mar 14 23:09:53 +0000 2016"}
{"polarity": 0.0, "location": "Atlanta, GA", "sentiment": "neutral", "time": "Mon Mar 14 23:09:59 +0000 2016"}
{"polarity": 0.0, "location": "Atlanta, GA", "sentiment": "neutral", "time": "Mon Mar 14 23:33:06 +0000 2016"}
{"polarity": 1.0, "location": "Portland, OR", "sentiment": "positive", "time": "Mon Mar 14 23:33:08 +0000 2016"}
{"polarity": 0.0, "location": "Seattle, WA", "sentiment": "neutral", "time": "Mon Mar 14 23:33:08 +0000 2016"}
{"polarity": 0.35, "location": "Portland, OR", "sentiment": "positive", "time": "Mon Mar 14 23:33:14 +0000 2016"}
{"polarity": 0.5, "location": "Portland, OR", "sentiment": "positive", "time": "Mon Mar 14 23:33:22 +0000 2016"}
{"polarity": 0.0, "location": "New York, NY", "sentiment": "neutral", "time": "Mon Mar 14 23:33:42 +0000 2016"}
{"polarity": 0.06666666666666667, "location": "Portland, OR", "sentiment": "positive", "time": "Mon Mar 14 23:33:55 +0000 2016"}
{"polarity": 0.0, "location": "New York, NY", "sentiment": "neutral", "time": "Mon Mar 14 23:33:58 +0000 2016"}
{"polarity": 0.0, "location": "Seattle, WA", "sentiment": "neutral", "time": "Mon Mar 14 23:44:04 +0000 2016"}
{"polarity": 0.0, "location": "Phoenix, AZ", "sentiment": "neutral", "time": "Mon Mar 14 23:44:14 +0000 2016"}
{"polarity": 0.5, "location": "San Diego, CA", "sentiment": "positive", "time": "Mon Mar 14 23:44:18 +0000 2016"}
{"polarity": 0.0, "location": "Orlando, FL", "sentiment": "neutral", "time": "Mon Mar 14 23:44:21 +0000 2016"}
{"polarity": 0.0, "location": "Seattle, WA", "sentiment": "neutral", "time": "Mon Mar 14 23:44:24 +0000 2016"}
{"polarity": 0.0, "location": "Boston, MA", "sentiment": "neutral", "time": "Mon Mar 14 23:44:42 +0000 2016"}
{"polarity": 0.2, "location": "Seattle, WA", "sentiment": "positive", "time": "Mon Mar 14 23:44:43 +0000 2016"}
{"polarity": 0.0, "location": "San Diego, CA", "sentiment": "neutral", "time": "Mon Mar 14 23:44:44 +0000 2016"}
{"polarity": -0.5, "location": "Orlando, FL", "sentiment": "negative", "time": "Mon Mar 14 23:44:45 +0000 2016"}
{"polarity": 0.65, "location": "Atlanta, GA", "sentiment": "positive", "time": "Mon Mar 14 23:44:47 +0000 2016"}
{"polarity": 0.4, "location": "St. Louis, MO", "sentiment": "positive", "time": "Mon Mar 14 23:44:51 +0000 2016"}
{"polarity": 0.0, "location": "New York, NY", "sentiment": "neutral", "time": "Mon Mar 14 23:44:58 +0000 2016"}
{"polarity": 0.0, "location": "Phoenix, AZ", "sentiment": "neutral", "time": "Mon Mar 14 23:28:00 +0000 2016"}
{"polarity": 0.5, "location": "Seattle, WA", "sentiment": "positive", "time": "Mon Mar 14 23:28:03 +0000 2016"}
{"polarity": 0.0, "location": "Boston, MA", "sentiment": "neutral", "time": "Mon Mar 14 23:28:07 +0000 2016"}
{"polarity": 0.06818181818181818, "location": "New York, NY", "sentiment": "positive", "time": "Mon Mar 14 23:28:08 +0000 2016"}
{"polarity": -0.008333333333333333, "location": "New York, NY", "sentiment": "negative", "time": "Mon Mar 14 23:28:18 +0000 2016"}
{"polarity": 0.5, "location": "Orlando, FL", "sentiment": "positive", "time": "Mon Mar 14 23:28:20 +0000 2016"}
{"polarity": 0.0, "location": "New York, NY", "sentiment": "neutral", "time": "Mon Mar 14 23:28:21 +0000 2016"}
{"polarity": 0.1875, "location": "Atlanta, GA", "sentiment": "positive", "time": "Mon Mar 14 23:28:25 +0000 2016"}
{"polarity": 0.0, "location": "Orlando, FL", "sentiment": "neutral", "time": "Mon Mar 14 23:28:31 +0000 2016"}
{"polarity": 0.06190476190476191, "location": "San Diego, CA", "sentiment": "positive", "time": "Mon Mar 14 23:28:55 +0000 2016"}
{"polarity": 0.8, "location": "New York, NY", "sentiment": "positive", "time": "Mon Mar 14 23:28:56 +0000 2016"}
{"polarity": 0.8, "location": "San Diego, CA", "sentiment": "positive", "time": "Mon Mar 14 23:28:58 +0000 2016"}
{"polarity": 0.13636363636363635, "location": "New York, NY", "sentiment": "positive", "time": "Mon Mar 14 23:22:08 +0000 2016"}
{"polarity": 0.13636363636363635, "location": "New York, NY", "sentiment": "positive", "time": "Mon Mar 14 23:22:11 +0000 2016"}
{"polarity": 0.0, "location": "Boston, MA", "sentiment": "neutral", "time": "Mon Mar 14 23:22:12 +0000 2016"}
{"polarity": 0.0, "location": "New York, NY", "sentiment": "neutral", "time": "Mon Mar 14 23:22:19 +0000 2016"}
{"polarity": 0.0, "location": "Atlanta, GA", "sentiment": "neutral", "time": "Mon Mar 14 23:22:30 +0000 2016"}
{"polarity": 0.0, "location": "Phoenix, AZ", "sentiment": "neutral", "time": "Mon Mar 14 23:22:42 +0000 2016"}
{"polarity": -0.7142857142857143, "location": "Boston, MA", "sentiment": "negative", "time": "Mon Mar 14 23:22:43 +0000 2016"}
{"polarity": 0.08333333333333333, "location": "Boston, MA", "sentiment": "positive", "time": "Mon Mar 14 23:22:49 +0000 2016"}
{"polarity": 0.0, "location": "Orlando, FL", "sentiment": "neutral", "time": "Mon Mar 14 23:22:50 +0000 2016"}
{"polarity": 0.5, "location": "Boston, MA", "sentiment": "positive", "time": "Mon Mar 14 23:22:58 +0000 2016"}
{"polarity": 0.0, "location": "Seattle, WA", "sentiment": "neutral", "time": "Mon Mar 14 23:49:06 +0000 2016"}
{"polarity": 0.13636363636363635, "location": "Boston, MA", "sentiment": "positive", "time": "Mon Mar 14 23:49:09 +0000 2016"}
{"polarity": 0.0, "location": "Atlanta, GA", "sentiment": "neutral", "time": "Mon Mar 14 23:49:12 +0000 2016"}
{"polarity": 0.0, "location": "Seattle, WA", "sentiment": "neutral", "time": "Mon Mar 14 23:49:13 +0000 2016"}
{"polarity": 0.5, "location": "New York, NY", "sentiment": "positive", "time": "Mon Mar 14 23:49:24 +0000 2016"}
{"polarity": 0.0, "location": "Portland, OR", "sentiment": "neutral", "time": "Mon Mar 14 23:49:25 +0000 2016"}
{"polarity": 0.0, "location": "New York, NY", "sentiment": "neutral", "time": "Mon Mar 14 23:49:31 +0000 2016"}
{"polarity": -0.08333333333333333, "location": "Atlanta, GA", "sentiment": "negative", "time": "Mon Mar 14 23:49:34 +0000 2016"}
{"polarity": 0.0, "location": "Atlanta, GA", "sentiment": "neutral", "time": "Mon Mar 14 23:49:35 +0000 2016"}
{"polarity": 0.13636363636363635, "location": "Boston, MA", "sentiment": "positive", "time": "Mon Mar 14 23:49:40 +0000 2016"}
{"polarity": 0.6, "location": "Seattle, WA", "sentiment": "positive", "time": "Mon Mar 14 23:49:50 +0000 2016"}
{"polarity": 0.0, "location": "Boston, MA", "sentiment": "neutral", "time": "Mon Mar 14 23:49:50 +0000 2016"}
{"polarity": 0.0, "location": "New York, NY", "sentiment": "neutral", "time": "Mon Mar 14 23:45:04 +0000 2016"}
{"polarity": 0.0, "location": "New York, NY", "sentiment": "neutral", "time": "Mon Mar 14 23:45:04 +0000 2016"}
{"polarity": 0.0, "location": "Atlanta, GA", "sentiment": "neutral", "time": "Mon Mar 14 23:45:10 +0000 2016"}
{"polarity": 0.0, "location": "San Diego, CA", "sentiment": "neutral", "time": "Mon Mar 14 23:45:14 +0000 2016"}
{"polarity": 0.2, "location": "New York, NY", "sentiment": "positive", "time": "Mon Mar 14 23:45:16 +0000 2016"}
{"polarity": 0.0, "location": "New York, NY", "sentiment": "neutral", "time": "Mon Mar 14 23:45:23 +0000 2016"}
{"polarity": 0.0, "location": "Orlando, FL", "sentiment": "neutral", "time": "Mon Mar 14 23:45:25 +0000 2016"}
{"polarity": -0.027499999999999997, "location": "Seattle, WA", "sentiment": "negative", "time": "Mon Mar 14 23:45:27 +0000 2016"}
{"polarity": -0.09999999999999999, "location": "Portland, OR", "sentiment": "negative", "time": "Mon Mar 14 23:45:28 +0000 2016"}
{"polarity": 0.2833333333333334, "location": "New York, NY", "sentiment": "positive", "time": "Mon Mar 14 23:45:28 +0000 2016"}
{"polarity": 0.0, "location": "New York, NY", "sentiment": "neutral", "time": "Mon Mar 14 23:45:47 +0000 2016"}
{"polarity": 0.0, "location": "Atlanta, GA", "sentiment": "neutral", "time": "Mon Mar 14 23:45:50 +0000 2016"}
{"polarity": -0.6, "location": "Atlanta, GA", "sentiment": "negative", "time": "Mon Mar 14 23:06:04 +0000 2016"}
{"polarity": 0.3, "location": "Boston, MA", "sentiment": "positive", "time": "Mon Mar 14 23:06:30 +0000 2016"}
{"polarity": 0.0, "location": "Atlanta, GA", "sentiment": "neutral", "time": "Mon Mar 14 23:06:44 +0000 2016"}
{"polarity": 0.0, "location": "Phoenix, AZ", "sentiment": "neutral", "time": "Mon Mar 14 23:06:50 +0000 2016"}
{"polarity": 0.0, "location": "Portland, OR", "sentiment": "neutral", "time": "Mon Mar 14 23:20:00 +0000 2016"}
{"polarity": 0.0, "location": "Atlanta, GA", "sentiment": "neutral", "time": "Mon Mar 14 23:20:14 +0000 2016"}
{"polarity": 0.0, "location": "San Diego, CA", "sentiment": "neutral", "time": "Mon Mar 14 23:20:14 +0000 2016"}
{"polarity": 0.13636363636363635, "location": "Portland, OR", "sentiment": "positive", "time": "Mon Mar 14 23:20:21 +0000 2016"}
{"polarity": -0.2, "location": "Orlando, FL", "sentiment": "negative", "time": "Mon Mar 14 23:20:21 +0000 2016"}
{"polarity": 0.5, "location": "Orlando, FL", "sentiment": "positive", "time": "Mon Mar 14 23:20:22 +0000 2016"}
{"polarity": 0.2, "location": "New York, NY", "sentiment": "positive", "time": "Mon Mar 14 23:20:37 +0000 2016"}
{"polarity": 0.13636363636363635, "location": "New York, NY", "sentiment": "positive", "time": "Mon Mar 14 23:20:51 +0000 2016"}
{"polarity": 0.0, "location": "Portland, OR", "sentiment": "neutral", "time": "Mon Mar 14 23:20:52 +0000 2016"}
{"polarity": 0.13636363636363635, "location": "New York, NY", "sentiment": "positive", "time": "Mon Mar 14 23:13:01 +0000 2016"}
{"polarity": 0.0, "location": "New York, NY", "sentiment": "neutral", "time": "Mon Mar 14 23:13:03 +0000 2016"}
{"polarity": 0.0, "location": "New York, NY", "sentiment": "neutral", "time": "Mon Mar 14 23:13:04 +0000 2016"}
{"polarity": 0.0, "location": "Phoenix, AZ", "sentiment": "neutral", "time": "Mon Mar 14 23:13:11 +0000 2016"}
{"polarity": 0.0, "location": "New York, NY", "sentiment": "neutral", "time": "Mon Mar 14 23:13:16 +0000 2016"}
{"polarity": 0.4583333333333333, "location": "New York, NY", "sentiment": "positive", "time": "Mon Mar 14 23:13:19 +0000 2016"}
{"polarity": 0.5, "location": "Phoenix, AZ", "sentiment": "positive", "time": "Mon Mar 14 23:13:20 +0000 2016"}
{"polarity": 0.0, "location": "St. Louis, MO", "sentiment": "neutral", "time": "Mon Mar 14 23:13:21 +0000 2016"}
{"polarity": 0.0, "location": "Phoenix, AZ", "sentiment": "neutral", "time": "Mon Mar 14 23:13:27 +0000 2016"}
{"polarity": 0.0, "location": "Boston, MA", "sentiment": "neutral", "time": "Mon Mar 14 23:13:36 +0000 2016"}
{"polarity": 0.0, "location": "New York, NY", "sentiment": "neutral", "time": "Mon Mar 14 23:13:42 +0000 2016"}
{"polarity": 0.4, "location": "Atlanta, GA", "sentiment": "positive", "time": "Mon Mar 14 23:04:01 +0000 2016"}
{"polarity": 0.0, "location": "New York, NY", "sentiment": "neutral", "time": "Mon Mar 14 23:04:07 +0000 2016"}
{"polarity": 0.0, "location": "New York, NY", "sentiment": "neutral", "time": "Mon Mar 14 23:04:10 +0000 2016"}
{"polarity": -0.1, "location": "Atlanta, GA", "sentiment": "negative", "time": "Mon Mar 14 23:04:11 +0000 2016"}
{"polarity": 0.0, "location": "New York, NY", "sentiment": "neutral", "time": "Mon Mar 14 23:04:11 +0000 2016"}
{"polarity": 0.0, "location": "Atlanta, GA", "sentiment": "neutral", "time": "Mon Mar 14 23:04:15 +0000 2016"}
{"polarity": 0.0, "location": "Boston, MA", "sentiment": "neutral", "time": "Mon Mar 14 23:04:24 +0000 2016"}
{"polarity": 0.0, "location": "Phoenix, AZ", "sentiment": "neutral", "time": "Mon Mar 14 23:04:28 +0000 2016"}
{"polarity": 0.0, "location": "Orlando, FL", "sentiment": "neutral", "time": "Mon Mar 14 23:04:29 +0000 2016"}
{"polarity": 0.0, "location": "Atlanta, GA", "sentiment": "neutral", "time": "Mon Mar 14 23:04:29 +0000 2016"}
{"polarity": 0.0, "location": "Orlando, FL", "sentiment": "neutral", "time": "Mon Mar 14 23:04:33 +0000 2016"}
{"polarity": 0.0, "location": "Orlando, FL", "sentiment": "neutral", "time": "Mon Mar 14 23:04:40 +0000 2016"}
{"polarity": 0.0, "location": "Atlanta, GA", "sentiment": "neutral", "time": "Mon Mar 14 23:04:55 +0000 2016"}
{"polarity": 0.0, "location": "Seattle, WA", "sentiment": "neutral", "time": "Mon Mar 14 23:04:55 +0000 2016"}
{"polarity": -0.638888888888889, "location": "Portland, OR", "sentiment": "negative", "time": "Mon Mar 14 06:39:03 +0000 2016"}
{"polarity": 0.8, "location": "San Diego, CA", "sentiment": "positive", "time": "Mon Mar 14 06:39:39 +0000 2016"}
{"polarity": 0.2, "location": "Atlanta, GA", "sentiment": "positive", "time": "Mon Mar 14 06:59:06 +0000 2016"}
{"polarity": 0.0, "location": "Boston, MA", "sentiment": "neutral", "time": "Mon Mar 14 06:59:09 +0000 2016"}
{"polarity": 0.0, "location": "Boston, MA", "sentiment": "neutral", "time": "Mon Mar 14 06:59:23 +0000 2016"}
{"polarity": 0.0, "location": "Atlanta, GA", "sentiment": "neutral", "time": "Mon Mar 14 06:59:38 +0000 2016"}
{"polarity": -0.5833333333333334, "location": "Seattle, WA", "sentiment": "negative", "time": "Mon Mar 14 06:59:38 +0000 2016"}
{"polarity": 0.0, "location": "Seattle, WA", "sentiment": "neutral", "time": "Mon Mar 14 06:59:52 +0000 2016"}
{"polarity": 0.03437499999999999, "location": "New York, NY", "sentiment": "positive", "time": "Mon Mar 14 06:59:55 +0000 2016"}
{"polarity": 0.0, "location": "Phoenix, AZ", "sentiment": "neutral", "time": "Mon Mar 14 06:37:06 +0000 2016"}
{"polarity": 0.0, "location": "Atlanta, GA", "sentiment": "neutral", "time": "Mon Mar 14 06:37:11 +0000 2016"}
{"polarity": 0.4, "location": "Atlanta, GA", "sentiment": "positive", "time": "Mon Mar 14 06:37:14 +0000 2016"}
{"polarity": -1.0, "location": "Portland, OR", "sentiment": "negative", "time": "Mon Mar 14 06:37:20 +0000 2016"}
{"polarity": 0.2681818181818182, "location": "Boston, MA", "sentiment": "positive", "time": "Mon Mar 14 06:37:52 +0000 2016"}
{"polarity": -0.3, "location": "Atlanta, GA", "sentiment": "negative", "time": "Mon Mar 14 06:31:03 +0000 2016"}
{"polarity": 0.0, "location": "San Diego, CA", "sentiment": "neutral", "time": "Mon Mar 14 06:31:19 +0000 2016"}
{"polarity": 0.0, "location": "Seattle, WA", "sentiment": "neutral", "time": "Mon Mar 14 06:31:25 +0000 2016"}
{"polarity": 0.175, "location": "Atlanta, GA", "sentiment": "positive", "time": "Mon Mar 14 06:31:50 +0000 2016"}
{"polarity": 0.0, "location": "New York, NY", "sentiment": "neutral", "time": "Mon Mar 14 06:41:09 +0000 2016"}
{"polarity": 0.0, "location": "San Diego, CA", "sentiment": "neutral", "time": "Mon Mar 14 06:41:16 +0000 2016"}
{"polarity": 0.26999999999999996, "location": "Phoenix, AZ", "sentiment": "positive", "time": "Mon Mar 14 06:41:36 +0000 2016"}
{"polarity": 0.27999999999999997, "location": "San Diego, CA", "sentiment": "positive", "time": "Mon Mar 14 06:41:41 +0000 2016"}
{"polarity": 0.0, "location": "Orlando, FL", "sentiment": "neutral", "time": "Mon Mar 14 06:57:01 +0000 2016"}
{"polarity": 0.0, "location": "New York, NY", "sentiment": "neutral", "time": "Mon Mar 14 06:57:02 +0000 2016"}
{"polarity": 0.0, "location": "Boston, MA", "sentiment": "neutral", "time": "Mon Mar 14 06:57:13 +0000 2016"}
{"polarity": 0.0, "location": "Portland, OR", "sentiment": "neutral", "time": "Mon Mar 14 06:57:27 +0000 2016"}
{"polarity": 0.3181818181818182, "location": "New York, NY", "sentiment": "positive", "time": "Mon Mar 14 06:57:31 +0000 2016"}
{"polarity": -0.1, "location": "Boston, MA", "sentiment": "negative", "time": "Mon Mar 14 06:57:36 +0000 2016"}
{"polarity": 0.25, "location": "Atlanta, GA", "sentiment": "positive", "time": "Mon Mar 14 06:57:40 +0000 2016"}
{"polarity": 0.20833333333333334, "location": "Seattle, WA", "sentiment": "positive", "time": "Mon Mar 14 06:57:55 +0000 2016"}
{"polarity": 0.0, "location": "San Diego, CA", "sentiment": "neutral", "time": "Mon Mar 14 06:58:11 +0000 2016"}
{"polarity": 0.5, "location": "San Diego, CA", "sentiment": "positive", "time": "Mon Mar 14 06:58:12 +0000 2016"}
{"polarity": 0.0, "location": "San Diego, CA", "sentiment": "neutral", "time": "Mon Mar 14 06:58:13 +0000 2016"}
{"polarity": 1.0, "location": "Seattle, WA", "sentiment": "positive", "time": "Mon Mar 14 06:58:27 +0000 2016"}
{"polarity": 0.6, "location": "Phoenix, AZ", "sentiment": "positive", "time": "Mon Mar 14 06:58:31 +0000 2016"}
{"polarity": 0.2681818181818182, "location": "New York, NY", "sentiment": "positive", "time": "Mon Mar 14 06:58:40 +0000 2016"}
{"polarity": 0.0, "location": "Atlanta, GA", "sentiment": "neutral", "time": "Mon Mar 14 06:58:50 +0000 2016"}
{"polarity": 0.2, "location": "Atlanta, GA", "sentiment": "positive", "time": "Mon Mar 14 06:42:00 +0000 2016"}
{"polarity": 0.0, "location": "New York, NY", "sentiment": "neutral", "time": "Mon Mar 14 06:42:06 +0000 2016"}
{"polarity": 0.0, "location": "Seattle, WA", "sentiment": "neutral", "time": "Mon Mar 14 06:42:19 +0000 2016"}
{"polarity": 0.8, "location": "San Diego, CA", "sentiment": "positive", "time": "Mon Mar 14 06:42:26 +0000 2016"}
{"polarity": 0.0, "location": "Portland, OR", "sentiment": "neutral", "time": "Mon Mar 14 06:42:35 +0000 2016"}
{"polarity": 0.4831676136363636, "location": "New York, NY", "sentiment": "positive", "time": "Mon Mar 14 06:42:49 +0000 2016"}
{"polarity": 0.25, "location": "Orlando, FL", "sentiment": "positive", "time": "Mon Mar 14 06:42:51 +0000 2016"}
{"polarity": 0.5, "location": "Phoenix, AZ", "sentiment": "positive", "time": "Mon Mar 14 06:50:00 +0000 2016"}
{"polarity": 0.0, "location": "New York, NY", "sentiment": "neutral", "time": "Mon Mar 14 06:50:03 +0000 2016"}
{"polarity": 0.0, "location": "Seattle, WA", "sentiment": "neutral", "time": "Mon Mar 14 06:50:19 +0000 2016"}
{"polarity": 0.0, "location": "New York, NY", "sentiment": "neutral", "time": "Mon Mar 14 06:50:39 +0000 2016"}
{"polarity": 0.0, "location": "Phoenix, AZ", "sentiment": "neutral", "time": "Mon Mar 14 06:50:58 +0000 2016"}
{"polarity": 0.0, "location": "New York, NY", "sentiment": "neutral", "time": "Mon Mar 14 06:29:31 +0000 2016"}
{"polarity": 0.6, "location": "New York, NY", "sentiment": "positive", "time": "Mon Mar 14 06:29:46 +0000 2016"}
{"polarity": 0.0, "location": "San Diego, CA", "sentiment": "neutral", "time": "Mon Mar 14 06:46:25 +0000 2016"}
{"polarity": 0.0, "location": "Portland, OR", "sentiment": "neutral", "time": "Mon Mar 14 06:46:27 +0000 2016"}
{"polarity": 0.0, "location": "San Diego, CA", "sentiment": "neutral", "time": "Mon Mar 14 06:46:52 +0000 2016"}
{"polarity": 0.0, "location": "Boston, MA", "sentiment": "neutral", "time": "Mon Mar 14 06:56:15 +0000 2016"}
{"polarity": 0.0, "location": "Boston, MA", "sentiment": "neutral", "time": "Mon Mar 14 06:56:25 +0000 2016"}
{"polarity": 0.0, "location": "Orlando, FL", "sentiment": "neutral", "time": "Mon Mar 14 06:56:27 +0000 2016"}
{"polarity": 0.5875, "location": "Orlando, FL", "sentiment": "positive", "time": "Mon Mar 14 06:56:53 +0000 2016"}
{"polarity": 0.2333333333333333, "location": "Atlanta, GA", "sentiment": "positive", "time": "Mon Mar 14 06:47:11 +0000 2016"}
{"polarity": 0.14285714285714285, "location": "San Diego, CA", "sentiment": "positive", "time": "Mon Mar 14 06:47:17 +0000 2016"}
{"polarity": 0.0, "location": "New York, NY", "sentiment": "neutral", "time": "Mon Mar 14 06:47:20 +0000 2016"}
{"polarity": -0.2, "location": "Seattle, WA", "sentiment": "negative", "time": "Mon Mar 14 06:47:51 +0000 2016"}
{"polarity": 0.0, "location": "Orlando, FL", "sentiment": "neutral", "time": "Mon Mar 14 06:52:14 +0000 2016"}
{"polarity": 0.6875, "location": "San Diego, CA", "sentiment": "positive", "time": "Mon Mar 14 06:52:30 +0000 2016"}
{"polarity": 0.0, "location": "St. Louis, MO", "sentiment": "neutral", "time": "Mon Mar 14 06:53:10 +0000 2016"}
{"polarity": -0.5, "location": "Seattle, WA", "sentiment": "negative", "time": "Mon Mar 14 06:53:19 +0000 2016"}
{"polarity": 0.5, "location": "San Diego, CA", "sentiment": "positive", "time": "Mon Mar 14 06:53:27 +0000 2016"}
{"polarity": 0.0, "location": "Seattle, WA", "sentiment": "neutral", "time": "Mon Mar 14 06:53:57 +0000 2016"}
{"polarity": -0.16666666666666666, "location": "Phoenix, AZ", "sentiment": "negative", "time": "Mon Mar 14 06:48:12 +0000 2016"}
{"polarity": 0.26666666666666666, "location": "San Diego, CA", "sentiment": "positive", "time": "Mon Mar 14 06:48:16 +0000 2016"}
{"polarity": 0.0, "location": "Boston, MA", "sentiment": "neutral", "time": "Mon Mar 14 06:48:21 +0000 2016"}
{"polarity": 0.0, "location": "New York, NY", "sentiment": "neutral", "time": "Mon Mar 14 06:48:51 +0000 2016"}
{"polarity": 0.0, "location": "New York, NY", "sentiment": "neutral", "time": "Mon Mar 14 06:51:00 +0000 2016"}
{"polarity": 0.0, "location": "New York, NY", "sentiment": "neutral", "time": "Mon Mar 14 06:30:09 +0000 2016"}
{"polarity": 0.0, "location": "Atlanta, GA", "sentiment": "neutral", "time": "Mon Mar 14 06:30:18 +0000 2016"}
{"polarity": 0.0, "location": "San Diego, CA", "sentiment": "neutral", "time": "Mon Mar 14 06:30:24 +0000 2016"}
{"polarity": 0.0, "location": "Portland, OR", "sentiment": "neutral", "time": "Mon Mar 14 06:30:59 +0000 2016"}
{"polarity": 0.0, "location": "Boston, MA", "sentiment": "neutral", "time": "Mon Mar 14 06:40:04 +0000 2016"}
{"polarity": 0.0, "location": "Boston, MA", "sentiment": "neutral", "time": "Mon Mar 14 06:40:12 +0000 2016"}
{"polarity": 0.0, "location": "Portland, OR", "sentiment": "neutral", "time": "Mon Mar 14 06:40:13 +0000 2016"}
{"polarity": 0.0, "location": "New York, NY", "sentiment": "neutral", "time": "Mon Mar 14 06:40:16 +0000 2016"}
{"polarity": 0.35, "location": "Phoenix, AZ", "sentiment": "positive", "time": "Mon Mar 14 06:40:19 +0000 2016"}
{"polarity": 0.0, "location": "Atlanta, GA", "sentiment": "neutral", "time": "Mon Mar 14 06:40:22 +0000 2016"}
{"polarity": 0.0, "location": "New York, NY", "sentiment": "neutral", "time": "Mon Mar 14 06:40:47 +0000 2016"}
{"polarity": 0.0, "location": "San Diego, CA", "sentiment": "neutral", "time": "Mon Mar 14 06:35:41 +0000 2016"}
{"polarity": 0.1, "location": "Seattle, WA", "sentiment": "positive", "time": "Mon Mar 14 06:35:48 +0000 2016"}
{"polarity": 0.0, "location": "San Diego, CA", "sentiment": "neutral", "time": "Mon Mar 14 06:35:51 +0000 2016"}
{"polarity": 0.2, "location": "Seattle, WA", "sentiment": "positive", "time": "Mon Mar 14 06:35:58 +0000 2016"}
{"polarity": -0.375, "location": "New York, NY", "sentiment": "negative", "time": "Mon Mar 14 06:43:27 +0000 2016"}
{"polarity": 0.875, "location": "Orlando, FL", "sentiment": "positive", "time": "Mon Mar 14 06:54:01 +0000 2016"}
{"polarity": -0.0666666666666667, "location": "Orlando, FL", "sentiment": "negative", "time": "Mon Mar 14 06:54:07 +0000 2016"}
{"polarity": 0.41666666666666663, "location": "Portland, OR", "sentiment": "positive", "time": "Mon Mar 14 06:54:39 +0000 2016"}
{"polarity": 0.0, "location": "Orlando, FL", "sentiment": "neutral", "time": "Mon Mar 14 06:54:51 +0000 2016"}
{"polarity": 0.0, "location": "San Diego, CA", "sentiment": "neutral", "time": "Mon Mar 14 06:32:01 +0000 2016"}
{"polarity": 1.0, "location": "Seattle, WA", "sentiment": "positive", "time": "Mon Mar 14 06:32:03 +0000 2016"}
{"polarity": 0.8, "location": "Seattle, WA", "sentiment": "positive", "time": "Mon Mar 14 06:32:04 +0000 2016"}
{"polarity": 0.6000000000000001, "location": "Seattle, WA", "sentiment": "positive", "time": "Mon Mar 14 06:32:05 +0000 2016"}
{"polarity": 0.5, "location": "Portland, OR", "sentiment": "positive", "time": "Mon Mar 14 06:32:40 +0000 2016"}
{"polarity": 0.65, "location": "New York, NY", "sentiment": "positive", "time": "Mon Mar 14 06:32:48 +0000 2016"}
{"polarity": 0.0, "location": "Seattle, WA", "sentiment": "neutral", "time": "Mon Mar 14 06:36:02 +0000 2016"}
{"polarity": 0.625, "location": "San Diego, CA", "sentiment": "positive", "time": "Mon Mar 14 06:36:07 +0000 2016"}
{"polarity": -0.5, "location": "New York, NY", "sentiment": "negative", "time": "Mon Mar 14 06:36:20 +0000 2016"}
{"polarity": 0.0, "location": "San Diego, CA", "sentiment": "neutral", "time": "Mon Mar 14 06:36:28 +0000 2016"}
{"polarity": 0.0, "location": "Atlanta, GA", "sentiment": "neutral", "time": "Mon Mar 14 06:36:49 +0000 2016"}
{"polarity": -0.05, "location": "New York, NY", "sentiment": "negative", "time": "Mon Mar 14 06:36:52 +0000 2016"}
{"polarity": 0.0, "location": "New York, NY", "sentiment": "neutral", "time": "Mon Mar 14 06:36:52 +0000 2016"}
{"polarity": 0.25, "location": "Orlando, FL", "sentiment": "positive", "time": "Mon Mar 14 06:55:06 +0000 2016"}
{"polarity": 0.15000000000000002, "location": "Portland, OR", "sentiment": "positive", "time": "Mon Mar 14 06:55:32 +0000 2016"}
{"polarity": 0.0, "location": "Atlanta, GA", "sentiment": "neutral", "time": "Mon Mar 14 06:55:35 +0000 2016"}
{"polarity": 0.0, "location": "Seattle, WA", "sentiment": "neutral", "time": "Mon Mar 14 06:44:07 +0000 2016"}
{"polarity": 0.5, "location": "Portland, OR", "sentiment": "positive", "time": "Mon Mar 14 06:44:09 +0000 2016"}
{"polarity": 0.3, "location": "New York, NY", "sentiment": "positive", "time": "Mon Mar 14 06:44:21 +0000 2016"}
{"polarity": 0.22499999999999998, "location": "New York, NY", "sentiment": "positive", "time": "Mon Mar 14 06:44:21 +0000 2016"}
{"polarity": 0.0, "location": "San Diego, CA", "sentiment": "neutral", "time": "Mon Mar 14 06:44:37 +0000 2016"}
{"polarity": 0.0, "location": "Orlando, FL", "sentiment": "neutral", "time": "Mon Mar 14 06:49:21 +0000 2016"}
{"polarity": 0.5, "location": "Phoenix, AZ", "sentiment": "positive", "time": "Mon Mar 14 06:49:23 +0000 2016"}
{"polarity": 0.6, "location": "Kansas City, KS", "sentiment": "positive", "time": "Mon Mar 14 06:49:44 +0000 2016"}
{"polarity": -0.5, "location": "New York, NY", "sentiment": "negative", "time": "Mon Mar 14 06:49:57 +0000 2016"}
{"polarity": 0.0, "location": "Boston, MA", "sentiment": "neutral", "time": "Mon Mar 14 06:45:03 +0000 2016"}
{"polarity": 0.0, "location": "New York, NY", "sentiment": "neutral", "time": "Mon Mar 14 06:45:10 +0000 2016"}
{"polarity": 0.0, "location": "San Diego, CA", "sentiment": "neutral", "time": "Mon Mar 14 06:45:14 +0000 2016"}
{"polarity": 0.06818181818181818, "location": "San Diego, CA", "sentiment": "positive", "time": "Mon Mar 14 06:45:42 +0000 2016"}
{"polarity": 0.35, "location": "Boston, MA", "sentiment": "positive", "time": "Mon Mar 14 06:45:44 +0000 2016"}
{"polarity": 0.0, "location": "Atlanta, GA", "sentiment": "neutral", "time": "Mon Mar 14 06:45:59 +0000 2016"}
{"polarity": 0.0, "location": "New York, NY", "sentiment": "neutral", "time": "Mon Mar 14 09:39:53 +0000 2016"}
{"polarity": 0.35714285714285715, "location": "Boston, MA", "sentiment": "positive", "time": "Mon Mar 14 09:19:15 +0000 2016"}
{"polarity": 0.0, "location": "New York, NY", "sentiment": "neutral", "time": "Mon Mar 14 09:19:16 +0000 2016"}
{"polarity": 0.0, "location": "Boston, MA", "sentiment": "neutral", "time": "Mon Mar 14 09:19:36 +0000 2016"}
{"polarity": 0.19999999999999998, "location": "New York, NY", "sentiment": "positive", "time": "Mon Mar 14 09:37:04 +0000 2016"}
{"polarity": 0.0, "location": "Orlando, FL", "sentiment": "neutral", "time": "Mon Mar 14 09:37:11 +0000 2016"}
{"polarity": 0.0, "location": "Orlando, FL", "sentiment": "neutral", "time": "Mon Mar 14 09:37:18 +0000 2016"}
{"polarity": 0.0, "location": "San Diego, CA", "sentiment": "neutral", "time": "Mon Mar 14 09:31:01 +0000 2016"}
{"polarity": 0.0, "location": "Seattle, WA", "sentiment": "neutral", "time": "Mon Mar 14 09:31:05 +0000 2016"}
{"polarity": 0.0, "location": "Seattle, WA", "sentiment": "neutral", "time": "Mon Mar 14 09:31:07 +0000 2016"}
{"polarity": -0.2, "location": "Seattle, WA", "sentiment": "negative", "time": "Mon Mar 14 09:31:31 +0000 2016"}
{"polarity": 0.0, "location": "New York, NY", "sentiment": "neutral", "time": "Mon Mar 14 09:41:00 +0000 2016"}
{"polarity": 0.0, "location": "New York, NY", "sentiment": "neutral", "time": "Mon Mar 14 09:41:14 +0000 2016"}
{"polarity": -0.5, "location": "Atlanta, GA", "sentiment": "negative", "time": "Mon Mar 14 09:41:29 +0000 2016"}
{"polarity": 0.7, "location": "Atlanta, GA", "sentiment": "positive", "time": "Mon Mar 14 09:27:06 +0000 2016"}
{"polarity": 0.0, "location": "New York, NY", "sentiment": "neutral", "time": "Mon Mar 14 09:27:10 +0000 2016"}
{"polarity": 0.13636363636363635, "location": "New York, NY", "sentiment": "positive", "time": "Mon Mar 14 09:27:11 +0000 2016"}
{"polarity": 0.0, "location": "Boston, MA", "sentiment": "neutral", "time": "Mon Mar 14 09:27:56 +0000 2016"}
{"polarity": 0.0, "location": "New York, NY", "sentiment": "neutral", "time": "Mon Mar 14 09:57:10 +0000 2016"}
{"polarity": 0.0, "location": "New York, NY", "sentiment": "neutral", "time": "Mon Mar 14 09:57:24 +0000 2016"}
{"polarity": 0.0, "location": "New York, NY", "sentiment": "neutral", "time": "Mon Mar 14 09:57:29 +0000 2016"}
{"polarity": 0.3166666666666667, "location": "Phoenix, AZ", "sentiment": "positive", "time": "Mon Mar 14 09:26:03 +0000 2016"}
{"polarity": 0.75, "location": "New York, NY", "sentiment": "positive", "time": "Mon Mar 14 09:26:12 +0000 2016"}
{"polarity": 0.0, "location": "New York, NY", "sentiment": "neutral", "time": "Mon Mar 14 09:26:14 +0000 2016"}
{"polarity": 0.43333333333333335, "location": "Boston, MA", "sentiment": "positive", "time": "Mon Mar 14 09:26:29 +0000 2016"}
{"polarity": 0.13636363636363635, "location": "Seattle, WA", "sentiment": "positive", "time": "Mon Mar 14 09:26:29 +0000 2016"}
{"polarity": 0.0, "location": "New York, NY", "sentiment": "neutral", "time": "Mon Mar 14 09:58:03 +0000 2016"}
{"polarity": 0.2, "location": "New York, NY", "sentiment": "positive", "time": "Mon Mar 14 09:58:33 +0000 2016"}
{"polarity": 0.0, "location": "Seattle, WA", "sentiment": "neutral", "time": "Mon Mar 14 09:58:51 +0000 2016"}
{"polarity": -0.08499999999999996, "location": "New York, NY", "sentiment": "negative", "time": "Mon Mar 14 09:42:02 +0000 2016"}
{"polarity": 0.0, "location": "New York, NY", "sentiment": "neutral", "time": "Mon Mar 14 09:42:05 +0000 2016"}
{"polarity": 0.0, "location": "San Diego, CA", "sentiment": "neutral", "time": "Mon Mar 14 09:42:41 +0000 2016"}
{"polarity": -0.6, "location": "Atlanta, GA", "sentiment": "negative", "time": "Mon Mar 14 09:50:26 +0000 2016"}
{"polarity": -0.5208333333333334, "location": "Phoenix, AZ", "sentiment": "negative", "time": "Mon Mar 14 09:50:45 +0000 2016"}
