{"polarity": 0.0, "location": "New York, NY", "sentiment": "neutral", "time": "Mon Mar 14 11:21:07 +0000 2016"}
{"polarity": 0.0, "location": "Boston, MA", "sentiment": "neutral", "time": "Mon Mar 14 11:21:19 +0000 2016"}
{"polarity": 0.0, "location": "Orlando, FL", "sentiment": "neutral", "time": "Mon Mar 14 11:21:40 +0000 2016"}
{"polarity": 0.0, "location": "Atlanta, GA", "sentiment": "neutral", "time": "Mon Mar 14 11:21:45 +0000 2016"}
{"polarity": 0.515, "location": "New York, NY", "sentiment": "positive", "time": "Mon Mar 14 11:21:58 +0000 2016"}
{"polarity": 0.0, "location": "New York, NY", "sentiment": "neutral", "time": "Mon Mar 14 11:17:02 +0000 2016"}
{"polarity": 0.0, "location": "Boston, MA", "sentiment": "neutral", "time": "Mon Mar 14 11:17:06 +0000 2016"}
{"polarity": 0.0, "location": "Atlanta, GA", "sentiment": "neutral", "time": "Mon Mar 14 11:17:12 +0000 2016"}
{"polarity": -0.6, "location": "New York, NY", "sentiment": "negative", "time": "Mon Mar 14 11:17:17 +0000 2016"}
{"polarity": -0.6, "location": "Boston, MA", "sentiment": "negative", "time": "Mon Mar 14 11:17:19 +0000 2016"}
{"polarity": 0.35, "location": "Boston, MA", "sentiment": "positive", "time": "Mon Mar 14 11:17:18 +0000 2016"}
{"polarity": 0.8, "location": "Orlando, FL", "sentiment": "positive", "time": "Mon Mar 14 11:17:34 +0000 2016"}
{"polarity": -0.275, "location": "Boston, MA", "sentiment": "negative", "time": "Mon Mar 14 11:17:44 +0000 2016"}
{"polarity": 0.0, "location": "Boston, MA", "sentiment": "neutral", "time": "Mon Mar 14 11:17:55 +0000 2016"}
{"polarity": 0.2, "location": "Atlanta, GA", "sentiment": "positive", "time": "Mon Mar 14 11:12:28 +0000 2016"}
{"polarity": -0.03333333333333333, "location": "Phoenix, AZ", "sentiment": "negative", "time": "Mon Mar 14 11:12:52 +0000 2016"}
{"polarity": 0.1, "location": "Atlanta, GA", "sentiment": "positive", "time": "Mon Mar 14 11:29:09 +0000 2016"}
{"polarity": -0.4, "location": "New York, NY", "sentiment": "negative", "time": "Mon Mar 14 11:29:44 +0000 2016"}
{"polarity": 0.0, "location": "Atlanta, GA", "sentiment": "neutral", "time": "Mon Mar 14 11:18:25 +0000 2016"}
{"polarity": 0.0, "location": "Boston, MA", "sentiment": "neutral", "time": "Mon Mar 14 11:18:32 +0000 2016"}
{"polarity": 0.0, "location": "New York, NY", "sentiment": "neutral", "time": "Mon Mar 14 11:18:33 +0000 2016"}
{"polarity": 0.0, "location": "New York, NY", "sentiment": "neutral", "time": "Mon Mar 14 11:46:03 +0000 2016"}
{"polarity": 0.0, "location": "New York, NY", "sentiment": "neutral", "time": "Mon Mar 14 11:46:06 +0000 2016"}
{"polarity": 0.3666666666666667, "location": "Atlanta, GA", "sentiment": "positive", "time": "Mon Mar 14 11:46:23 +0000 2016"}
{"polarity": 0.375, "location": "Orlando, FL", "sentiment": "positive", "time": "Mon Mar 14 11:46:32 +0000 2016"}
{"polarity": 0.31785714285714284, "location": "New York, NY", "sentiment": "positive", "time": "Mon Mar 14 11:46:31 +0000 2016"}
{"polarity": 0.0, "location": "Seattle, WA", "sentiment": "neutral", "time": "Mon Mar 14 11:46:55 +0000 2016"}
{"polarity": 0.0, "location": "Boston, MA", "sentiment": "neutral", "time": "Mon Mar 14 11:46:57 +0000 2016"}
{"polarity": 0.0, "location": "Portland, OR", "sentiment": "neutral", "time": "Mon Mar 14 11:00:09 +0000 2016"}
{"polarity": 0.0, "location": "Orlando, FL", "sentiment": "neutral", "time": "Mon Mar 14 11:00:33 +0000 2016"}
{"polarity": 0.875, "location": "Orlando, FL", "sentiment": "positive", "time": "Mon Mar 14 11:00:36 +0000 2016"}
{"polarity": 0.5, "location": "New York, NY", "sentiment": "positive", "time": "Mon Mar 14 11:00:53 +0000 2016"}
{"polarity": 0.2, "location": "Atlanta, GA", "sentiment": "positive", "time": "Mon Mar 14 11:34:21 +0000 2016"}
{"polarity": 0.0, "location": "Orlando, FL", "sentiment": "neutral", "time": "Mon Mar 14 11:34:41 +0000 2016"}
{"polarity": -0.2, "location": "New York, NY", "sentiment": "negative", "time": "Mon Mar 14 11:34:49 +0000 2016"}
{"polarity": 1.0, "location": "Atlanta, GA", "sentiment": "positive", "time": "Mon Mar 14 11:34:50 +0000 2016"}
{"polarity": 0.0, "location": "New York, NY", "sentiment": "neutral", "time": "Mon Mar 14 11:05:00 +0000 2016"}
{"polarity": 0.17045454545454544, "location": "Atlanta, GA", "sentiment": "positive", "time": "Mon Mar 14 11:05:03 +0000 2016"}
{"polarity": 0.0, "location": "Boston, MA", "sentiment": "neutral", "time": "Mon Mar 14 11:05:59 +0000 2016"}
{"polarity": 0.43333333333333335, "location": "Atlanta, GA", "sentiment": "positive", "time": "Mon Mar 14 11:11:15 +0000 2016"}
{"polarity": 0.0, "location": "Phoenix, AZ", "sentiment": "neutral", "time": "Mon Mar 14 11:11:33 +0000 2016"}
{"polarity": 0.11666666666666665, "location": "St. Louis, MO", "sentiment": "positive", "time": "Mon Mar 14 11:11:34 +0000 2016"}
{"polarity": 0.23214285714285715, "location": "Boston, MA", "sentiment": "positive", "time": "Mon Mar 14 11:11:55 +0000 2016"}
{"polarity": 0.25, "location": "Atlanta, GA", "sentiment": "positive", "time": "Mon Mar 14 11:11:56 +0000 2016"}
{"polarity": 0.5583333333333333, "location": "Atlanta, GA", "sentiment": "positive", "time": "Mon Mar 14 11:56:18 +0000 2016"}
{"polarity": 0.0, "location": "New York, NY", "sentiment": "neutral", "time": "Mon Mar 14 11:56:42 +0000 2016"}
{"polarity": 0.0, "location": "New York, NY", "sentiment": "neutral", "time": "Mon Mar 14 11:56:44 +0000 2016"}
{"polarity": 0.0, "location": "Boston, MA", "sentiment": "neutral", "time": "Mon Mar 14 11:56:45 +0000 2016"}
{"polarity": 0.42857142857142855, "location": "New York, NY", "sentiment": "positive", "time": "Mon Mar 14 11:56:45 +0000 2016"}
{"polarity": 0.0, "location": "Seattle, WA", "sentiment": "neutral", "time": "Mon Mar 14 11:56:48 +0000 2016"}
{"polarity": -0.3125, "location": "Atlanta, GA", "sentiment": "negative", "time": "Mon Mar 14 11:56:52 +0000 2016"}
{"polarity": 0.0, "location": "Boston, MA", "sentiment": "neutral", "time": "Mon Mar 14 11:56:53 +0000 2016"}
{"polarity": 0.0, "location": "Boston, MA", "sentiment": "neutral", "time": "Mon Mar 14 11:56:59 +0000 2016"}
{"polarity": 0.0, "location": "Orlando, FL", "sentiment": "neutral", "time": "Mon Mar 14 11:56:59 +0000 2016"}
{"polarity": 0.2, "location": "Boston, MA", "sentiment": "positive", "time": "Mon Mar 14 11:47:04 +0000 2016"}
{"polarity": 0.45, "location": "San Diego, CA", "sentiment": "positive", "time": "Mon Mar 14 11:47:39 +0000 2016"}
{"polarity": 1.0, "location": "Boston, MA", "sentiment": "positive", "time": "Mon Mar 14 11:47:55 +0000 2016"}
{"polarity": 0.0, "location": "Portland, OR", "sentiment": "neutral", "time": "Mon Mar 14 11:47:45 +0000 2016"}
{"polarity": -0.25, "location": "Boston, MA", "sentiment": "negative", "time": "Mon Mar 14 11:52:08 +0000 2016"}
{"polarity": 0.0, "location": "Boston, MA", "sentiment": "neutral", "time": "Mon Mar 14 11:52:29 +0000 2016"}
{"polarity": 0.0, "location": "New York, NY", "sentiment": "neutral", "time": "Mon Mar 14 11:52:29 +0000 2016"}
{"polarity": 0.0, "location": "Seattle, WA", "sentiment": "neutral", "time": "Mon Mar 14 11:52:34 +0000 2016"}
{"polarity": 0.0, "location": "New York, NY", "sentiment": "neutral", "time": "Mon Mar 14 11:52:40 +0000 2016"}
{"polarity": 0.625, "location": "Atlanta, GA", "sentiment": "positive", "time": "Mon Mar 14 11:53:14 +0000 2016"}
{"polarity": 0.30000000000000004, "location": "New York, NY", "sentiment": "positive", "time": "Mon Mar 14 11:53:18 +0000 2016"}
{"polarity": 0.0, "location": "New York, NY", "sentiment": "neutral", "time": "Mon Mar 14 11:02:20 +0000 2016"}
{"polarity": 0.0, "location": "St. Louis, MO", "sentiment": "neutral", "time": "Mon Mar 14 11:02:33 +0000 2016"}
{"polarity": 0.375, "location": "New York, NY", "sentiment": "positive", "time": "Mon Mar 14 11:02:45 +0000 2016"}
{"polarity": 0.3181818181818182, "location": "New York, NY", "sentiment": "positive", "time": "Mon Mar 14 11:02:47 +0000 2016"}
{"polarity": 0.05, "location": "Portland, OR", "sentiment": "positive", "time": "Mon Mar 14 11:48:03 +0000 2016"}
{"polarity": 0.2111111111111111, "location": "Seattle, WA", "sentiment": "positive", "time": "Mon Mar 14 11:48:04 +0000 2016"}
{"polarity": 0.0, "location": "Atlanta, GA", "sentiment": "neutral", "time": "Mon Mar 14 11:48:32 +0000 2016"}
{"polarity": 0.0, "location": "New York, NY", "sentiment": "neutral", "time": "Mon Mar 14 11:25:14 +0000 2016"}
{"polarity": 0.0, "location": "New York, NY", "sentiment": "neutral", "time": "Mon Mar 14 11:25:18 +0000 2016"}
{"polarity": -0.375, "location": "New York, NY", "sentiment": "negative", "time": "Mon Mar 14 11:16:15 +0000 2016"}
{"polarity": 0.0, "location": "New York, NY", "sentiment": "neutral", "time": "Mon Mar 14 11:16:16 +0000 2016"}
{"polarity": 0.0, "location": "New York, NY", "sentiment": "neutral", "time": "Mon Mar 14 11:16:23 +0000 2016"}
{"polarity": 0.47265625000000006, "location": "San Diego, CA", "sentiment": "positive", "time": "Mon Mar 14 11:16:33 +0000 2016"}
{"polarity": 0.0, "location": "New York, NY", "sentiment": "neutral", "time": "Mon Mar 14 11:16:57 +0000 2016"}
{"polarity": 0.0, "location": "Portland, OR", "sentiment": "neutral", "time": "Mon Mar 14 11:14:05 +0000 2016"}
{"polarity": 0.8, "location": "Phoenix, AZ", "sentiment": "positive", "time": "Mon Mar 14 11:14:15 +0000 2016"}
{"polarity": 0.4, "location": "Phoenix, AZ", "sentiment": "positive", "time": "Mon Mar 14 11:14:32 +0000 2016"}
{"polarity": 0.13636363636363635, "location": "Portland, OR", "sentiment": "positive", "time": "Mon Mar 14 11:14:57 +0000 2016"}
{"polarity": 0.0, "location": "New York, NY", "sentiment": "neutral", "time": "Mon Mar 14 11:23:14 +0000 2016"}
{"polarity": 0.0, "location": "Phoenix, AZ", "sentiment": "neutral", "time": "Mon Mar 14 11:07:02 +0000 2016"}
{"polarity": 0.0, "location": "Phoenix, AZ", "sentiment": "neutral", "time": "Mon Mar 14 11:07:02 +0000 2016"}
{"polarity": 0.0, "location": "Phoenix, AZ", "sentiment": "neutral", "time": "Mon Mar 14 11:07:09 +0000 2016"}
{"polarity": 0.35, "location": "New York, NY", "sentiment": "positive", "time": "Mon Mar 14 11:07:12 +0000 2016"}
{"polarity": 0.0, "location": "New York, NY", "sentiment": "neutral", "time": "Mon Mar 14 11:07:47 +0000 2016"}
{"polarity": 0.6590909090909091, "location": "Boston, MA", "sentiment": "positive", "time": "Mon Mar 14 11:07:48 +0000 2016"}
{"polarity": 0.65, "location": "New York, NY", "sentiment": "positive", "time": "Mon Mar 14 11:51:07 +0000 2016"}
{"polarity": 0.3, "location": "New York, NY", "sentiment": "positive", "time": "Mon Mar 14 11:51:22 +0000 2016"}
{"polarity": 0.0, "location": "New York, NY", "sentiment": "neutral", "time": "Mon Mar 14 11:51:23 +0000 2016"}
{"polarity": 0.43333333333333335, "location": "Orlando, FL", "sentiment": "positive", "time": "Mon Mar 14 11:51:36 +0000 2016"}
{"polarity": 0.7, "location": "Atlanta, GA", "sentiment": "positive", "time": "Mon Mar 14 11:30:14 +0000 2016"}
{"polarity": 0.13333333333333333, "location": "New York, NY", "sentiment": "positive", "time": "Mon Mar 14 11:30:22 +0000 2016"}
{"polarity": 0.19318181818181818, "location": "San Diego, CA", "sentiment": "positive", "time": "Mon Mar 14 11:30:35 +0000 2016"}
{"polarity": 0.4875, "location": "Boston, MA", "sentiment": "positive", "time": "Mon Mar 14 11:30:41 +0000 2016"}
{"polarity": 0.0, "location": "New York, NY", "sentiment": "neutral", "time": "Mon Mar 14 11:30:41 +0000 2016"}
{"polarity": 0.0, "location": "Orlando, FL", "sentiment": "neutral", "time": "Mon Mar 14 11:30:53 +0000 2016"}
{"polarity": 0.625, "location": "Atlanta, GA", "sentiment": "positive", "time": "Mon Mar 14 11:03:08 +0000 2016"}
{"polarity": 0.0, "location": "Atlanta, GA", "sentiment": "neutral", "time": "Mon Mar 14 11:03:22 +0000 2016"}
{"polarity": 0.0, "location": "Phoenix, AZ", "sentiment": "neutral", "time": "Mon Mar 14 11:03:41 +0000 2016"}
{"polarity": 0.0, "location": "Seattle, WA", "sentiment": "neutral", "time": "Mon Mar 14 11:40:24 +0000 2016"}
{"polarity": 0.0, "location": "Atlanta, GA", "sentiment": "neutral", "time": "Mon Mar 14 11:40:29 +0000 2016"}
{"polarity": 0.0, "location": "New York, NY", "sentiment": "neutral", "time": "Mon Mar 14 11:40:32 +0000 2016"}
{"polarity": 0.2857142857142857, "location": "New York, NY", "sentiment": "positive", "time": "Mon Mar 14 11:40:48 +0000 2016"}
{"polarity": 0.0, "location": "Boston, MA", "sentiment": "neutral", "time": "Mon Mar 14 11:08:35 +0000 2016"}
{"polarity": 0.0, "location": "Boston, MA", "sentiment": "neutral", "time": "Mon Mar 14 11:08:37 +0000 2016"}
{"polarity": 0.0, "location": "Orlando, FL", "sentiment": "neutral", "time": "Mon Mar 14 11:08:40 +0000 2016"}
{"polarity": 0.5, "location": "New York, NY", "sentiment": "positive", "time": "Mon Mar 14 11:35:28 +0000 2016"}
{"polarity": 0.5, "location": "Atlanta, GA", "sentiment": "positive", "time": "Mon Mar 14 11:35:41 +0000 2016"}
{"polarity": 1.0, "location": "Seattle, WA", "sentiment": "positive", "time": "Mon Mar 14 11:35:48 +0000 2016"}
{"polarity": 0.2833333333333333, "location": "San Diego, CA", "sentiment": "positive", "time": "Mon Mar 14 11:35:48 +0000 2016"}
{"polarity": 0.0, "location": "Atlanta, GA", "sentiment": "neutral", "time": "Mon Mar 14 11:35:57 +0000 2016"}
{"polarity": 0.0, "location": "Orlando, FL", "sentiment": "neutral", "time": "Mon Mar 14 11:35:58 +0000 2016"}
{"polarity": 0.4, "location": "New York, NY", "sentiment": "positive", "time": "Mon Mar 14 11:43:10 +0000 2016"}
{"polarity": 0.0, "location": "New York, NY", "sentiment": "neutral", "time": "Mon Mar 14 11:43:25 +0000 2016"}
{"polarity": 0.19999999999999998, "location": "San Diego, CA", "sentiment": "positive", "time": "Mon Mar 14 11:43:32 +0000 2016"}
{"polarity": 0.0, "location": "Seattle, WA", "sentiment": "neutral", "time": "Mon Mar 14 11:43:57 +0000 2016"}
{"polarity": 0.02083333333333333, "location": "New York, NY", "sentiment": "positive", "time": "Mon Mar 14 11:10:04 +0000 2016"}
{"polarity": 0.3, "location": "New York, NY", "sentiment": "positive", "time": "Mon Mar 14 11:10:04 +0000 2016"}
{"polarity": 0.4, "location": "Atlanta, GA", "sentiment": "positive", "time": "Mon Mar 14 11:10:04 +0000 2016"}
{"polarity": 0.15, "location": "Boston, MA", "sentiment": "positive", "time": "Mon Mar 14 11:10:18 +0000 2016"}
{"polarity": -0.6999999999999998, "location": "Atlanta, GA", "sentiment": "negative", "time": "Mon Mar 14 11:10:26 +0000 2016"}
{"polarity": 0.0, "location": "New York, NY", "sentiment": "neutral", "time": "Mon Mar 14 11:10:32 +0000 2016"}
{"polarity": 0.0, "location": "Boston, MA", "sentiment": "neutral", "time": "Mon Mar 14 11:10:58 +0000 2016"}
{"polarity": 0.35, "location": "Atlanta, GA", "sentiment": "positive", "time": "Mon Mar 14 11:54:06 +0000 2016"}
{"polarity": 0.0, "location": "Boston, MA", "sentiment": "neutral", "time": "Mon Mar 14 11:54:07 +0000 2016"}
{"polarity": 0.0, "location": "New York, NY", "sentiment": "neutral", "time": "Mon Mar 14 11:54:36 +0000 2016"}
{"polarity": 0.37857142857142856, "location": "Atlanta, GA", "sentiment": "positive", "time": "Mon Mar 14 11:24:40 +0000 2016"}
{"polarity": 0.5, "location": "Boston, MA", "sentiment": "positive", "time": "Mon Mar 14 11:24:54 +0000 2016"}
{"polarity": 0.0, "location": "Portland, OR", "sentiment": "neutral", "time": "Mon Mar 14 11:32:01 +0000 2016"}
{"polarity": 0.6, "location": "Atlanta, GA", "sentiment": "positive", "time": "Mon Mar 14 11:32:01 +0000 2016"}
{"polarity": 0.0, "location": "Atlanta, GA", "sentiment": "neutral", "time": "Mon Mar 14 11:32:03 +0000 2016"}
{"polarity": 0.45021645021645024, "location": "Atlanta, GA", "sentiment": "positive", "time": "Mon Mar 14 11:32:43 +0000 2016"}
{"polarity": 0.0, "location": "Phoenix, AZ", "sentiment": "neutral", "time": "Mon Mar 14 11:36:03 +0000 2016"}
{"polarity": 0.0, "location": "Seattle, WA", "sentiment": "neutral", "time": "Mon Mar 14 11:36:17 +0000 2016"}
{"polarity": 0.13636363636363635, "location": "Boston, MA", "sentiment": "positive", "time": "Mon Mar 14 11:36:30 +0000 2016"}
{"polarity": 0.0, "location": "New York, NY", "sentiment": "neutral", "time": "Mon Mar 14 11:36:37 +0000 2016"}
{"polarity": 0.0, "location": "San Diego, CA", "sentiment": "neutral", "time": "Mon Mar 14 11:01:35 +0000 2016"}
{"polarity": -0.5, "location": "Atlanta, GA", "sentiment": "negative", "time": "Mon Mar 14 11:01:39 +0000 2016"}
{"polarity": 0.0, "location": "San Diego, CA", "sentiment": "neutral", "time": "Mon Mar 14 11:01:40 +0000 2016"}
{"polarity": 0.0, "location": "Atlanta, GA", "sentiment": "neutral", "time": "Mon Mar 14 11:01:45 +0000 2016"}
{"polarity": -0.08333333333333333, "location": "St. Louis, MO", "sentiment": "negative", "time": "Mon Mar 14 11:55:05 +0000 2016"}
{"polarity": -0.75, "location": "Atlanta, GA", "sentiment": "negative", "time": "Mon Mar 14 11:55:45 +0000 2016"}
{"polarity": -0.5, "location": "Atlanta, GA", "sentiment": "negative", "time": "Mon Mar 14 11:55:50 +0000 2016"}
{"polarity": 0.0, "location": "San Diego, CA", "sentiment": "neutral", "time": "Mon Mar 14 11:55:56 +0000 2016"}
{"polarity": -0.125, "location": "New York, NY", "sentiment": "negative", "time": "Mon Mar 14 11:55:57 +0000 2016"}
{"polarity": 0.25, "location": "New York, NY", "sentiment": "positive", "time": "Mon Mar 14 11:09:13 +0000 2016"}
{"polarity": 0.0, "location": "New York, NY", "sentiment": "neutral", "time": "Mon Mar 14 11:09:14 +0000 2016"}
{"polarity": 0.0, "location": "New York, NY", "sentiment": "neutral", "time": "Mon Mar 14 11:09:59 +0000 2016"}
{"polarity": 0.0, "location": "Atlanta, GA", "sentiment": "neutral", "time": "Mon Mar 14 11:33:04 +0000 2016"}
{"polarity": 0.2, "location": "Boston, MA", "sentiment": "positive", "time": "Mon Mar 14 11:33:07 +0000 2016"}
{"polarity": -0.75, "location": "St. Louis, MO", "sentiment": "negative", "time": "Mon Mar 14 11:33:13 +0000 2016"}
{"polarity": 0.0, "location": "Boston, MA", "sentiment": "neutral", "time": "Mon Mar 14 11:33:47 +0000 2016"}
{"polarity": 0.016666666666666666, "location": "New York, NY", "sentiment": "positive", "time": "Mon Mar 14 11:33:55 +0000 2016"}
{"polarity": 0.03333333333333333, "location": "Atlanta, GA", "sentiment": "positive", "time": "Mon Mar 14 11:44:11 +0000 2016"}
{"polarity": 0.0, "location": "Atlanta, GA", "sentiment": "neutral", "time": "Mon Mar 14 11:44:40 +0000 2016"}
{"polarity": -0.8, "location": "Atlanta, GA", "sentiment": "negative", "time": "Mon Mar 14 11:28:12 +0000 2016"}
{"polarity": 0.03333333333333333, "location": "New York, NY", "sentiment": "positive", "time": "Mon Mar 14 11:28:27 +0000 2016"}
{"polarity": 0.5, "location": "Phoenix, AZ", "sentiment": "positive", "time": "Mon Mar 14 11:28:56 +0000 2016"}
{"polarity": 0.0, "location": "Atlanta, GA", "sentiment": "neutral", "time": "Mon Mar 14 11:49:00 +0000 2016"}
{"polarity": 0.06818181818181818, "location": "New York, NY", "sentiment": "positive", "time": "Mon Mar 14 11:49:12 +0000 2016"}
{"polarity": 0.0, "location": "Orlando, FL", "sentiment": "neutral", "time": "Mon Mar 14 11:49:25 +0000 2016"}
{"polarity": 1.0, "location": "Atlanta, GA", "sentiment": "positive", "time": "Mon Mar 14 11:49:30 +0000 2016"}
{"polarity": 0.0, "location": "New York, NY", "sentiment": "neutral", "time": "Mon Mar 14 11:45:02 +0000 2016"}
{"polarity": -0.6, "location": "Atlanta, GA", "sentiment": "negative", "time": "Mon Mar 14 11:45:27 +0000 2016"}
{"polarity": 0.0, "location": "Portland, OR", "sentiment": "neutral", "time": "Mon Mar 14 11:45:39 +0000 2016"}
{"polarity": -0.12626262626262627, "location": "New York, NY", "sentiment": "negative", "time": "Mon Mar 14 11:45:48 +0000 2016"}
{"polarity": -0.5, "location": "Atlanta, GA", "sentiment": "negative", "time": "Mon Mar 14 11:45:49 +0000 2016"}
{"polarity": 0.2, "location": "New York, NY", "sentiment": "positive", "time": "Mon Mar 14 11:45:49 +0000 2016"}
{"polarity": 0.0, "location": "Atlanta, GA", "sentiment": "neutral", "time": "Mon Mar 14 11:45:51 +0000 2016"}
{"polarity": 0.0, "location": "New York, NY", "sentiment": "neutral", "time": "Mon Mar 14 11:06:46 +0000 2016"}
{"polarity": 0.8, "location": "Boston, MA", "sentiment": "positive", "time": "Mon Mar 14 11:20:00 +0000 2016"}
{"polarity": 0.0, "location": "Phoenix, AZ", "sentiment": "neutral", "time": "Mon Mar 14 11:20:01 +0000 2016"}
{"polarity": 0.045833333333333344, "location": "New York, NY", "sentiment": "positive", "time": "Mon Mar 14 11:20:05 +0000 2016"}
{"polarity": 0.27878787878787875, "location": "New York, NY", "sentiment": "positive", "time": "Mon Mar 14 11:20:14 +0000 2016"}
{"polarity": 0.0, "location": "Seattle, WA", "sentiment": "neutral", "time": "Mon Mar 14 11:20:40 +0000 2016"}
{"polarity": -0.5, "location": "Atlanta, GA", "sentiment": "negative", "time": "Mon Mar 14 11:13:20 +0000 2016"}
{"polarity": 0.0, "location": "New York, NY", "sentiment": "neutral", "time": "Mon Mar 14 11:13:21 +0000 2016"}
{"polarity": 0.0, "location": "Atlanta, GA", "sentiment": "neutral", "time": "Mon Mar 14 11:13:44 +0000 2016"}
{"polarity": 0.0, "location": "New York, NY", "sentiment": "neutral", "time": "Mon Mar 14 11:04:03 +0000 2016"}
{"polarity": 0.0, "location": "New York, NY", "sentiment": "neutral", "time": "Mon Mar 14 11:04:24 +0000 2016"}
{"polarity": 0.0, "location": "Atlanta, GA", "sentiment": "neutral", "time": "Mon Mar 14 11:04:26 +0000 2016"}
{"polarity": 0.13636363636363635, "location": "Phoenix, AZ", "sentiment": "positive", "time": "Mon Mar 14 11:04:33 +0000 2016"}
{"polarity": 0.2, "location": "San Diego, CA", "sentiment": "positive", "time": "Mon Mar 14 11:04:34 +0000 2016"}
{"polarity": -0.75, "location": "Boston, MA", "sentiment": "negative", "time": "Mon Mar 14 11:04:34 +0000 2016"}
{"polarity": 0.85, "location": "Atlanta, GA", "sentiment": "positive", "time": "Mon Mar 14 11:04:46 +0000 2016"}
{"polarity": 0.08035714285714285, "location": "Portland, OR", "sentiment": "positive", "time": "Mon Mar 14 22:39:04 +0000 2016"}
{"polarity": -0.375, "location": "Boston, MA", "sentiment": "negative", "time": "Mon Mar 14 22:39:05 +0000 2016"}
{"polarity": 0.05, "location": "San Diego, CA", "sentiment": "positive", "time": "Mon Mar 14 22:39:12 +0000 2016"}
{"polarity": 0.0, "location": "New York, NY", "sentiment": "neutral", "time": "Mon Mar 14 22:39:15 +0000 2016"}
{"polarity": 0.0, "location": "Boston, MA", "sentiment": "neutral", "time": "Mon Mar 14 22:39:23 +0000 2016"}
{"polarity": 0.12175324675324675, "location": "New York, NY", "sentiment": "positive", "time": "Mon Mar 14 22:39:24 +0000 2016"}
{"polarity": -0.4, "location": "Phoenix, AZ", "sentiment": "negative", "time": "Mon Mar 14 22:39:34 +0000 2016"}
{"polarity": 0.48, "location": "Phoenix, AZ", "sentiment": "positive", "time": "Mon Mar 14 22:39:41 +0000 2016"}
{"polarity": -0.1, "location": "Atlanta, GA", "sentiment": "negative", "time": "Mon Mar 14 22:39:58 +0000 2016"}
{"polarity": 0.13636363636363635, "location": "New York, NY", "sentiment": "positive", "time": "Mon Mar 14 22:39:59 +0000 2016"}
{"polarity": 0.0, "location": "San Diego, CA", "sentiment": "neutral", "time": "Mon Mar 14 22:59:04 +0000 2016"}
{"polarity": 0.8, "location": "Phoenix, AZ", "sentiment": "positive", "time": "Mon Mar 14 22:59:06 +0000 2016"}
{"polarity": 0.85, "location": "New York, NY", "sentiment": "positive", "time": "Mon Mar 14 22:59:06 +0000 2016"}
{"polarity": 0.0, "location": "Phoenix, AZ", "sentiment": "neutral", "time": "Mon Mar 14 22:59:07 +0000 2016"}
{"polarity": 0.5, "location": "Boston, MA", "sentiment": "positive", "time": "Mon Mar 14 22:59:17 +0000 2016"}
{"polarity": -0.1, "location": "New York, NY", "sentiment": "negative", "time": "Mon Mar 14 22:59:33 +0000 2016"}
{"polarity": 0.0, "location": "New York, NY", "sentiment": "neutral", "time": "Mon Mar 14 22:59:45 +0000 2016"}
{"polarity": -0.1, "location": "New York, NY", "sentiment": "negative", "time": "Mon Mar 14 22:59:57 +0000 2016"}
{"polarity": 0.325, "location": "Boston, MA", "sentiment": "positive", "time": "Mon Mar 14 22:19:16 +0000 2016"}
{"polarity": 0.0, "location": "San Diego, CA", "sentiment": "neutral", "time": "Mon Mar 14 22:19:21 +0000 2016"}
{"polarity": 0.0, "location": "Portland, OR", "sentiment": "neutral", "time": "Mon Mar 14 22:19:27 +0000 2016"}
{"polarity": -0.3125, "location": "New York, NY", "sentiment": "negative", "time": "Mon Mar 14 22:19:31 +0000 2016"}
{"polarity": 0.0, "location": "Atlanta, GA", "sentiment": "neutral", "time": "Mon Mar 14 22:19:51 +0000 2016"}
{"polarity": 0.0, "location": "San Diego, CA", "sentiment": "neutral", "time": "Mon Mar 14 22:19:55 +0000 2016"}
{"polarity": 0.1, "location": "New York, NY", "sentiment": "positive", "time": "Mon Mar 14 22:37:02 +0000 2016"}
{"polarity": 0.85, "location": "Atlanta, GA", "sentiment": "positive", "time": "Mon Mar 14 22:37:22 +0000 2016"}
{"polarity": 0.5, "location": "New York, NY", "sentiment": "positive", "time": "Mon Mar 14 22:37:23 +0000 2016"}
{"polarity": 0.0, "location": "Orlando, FL", "sentiment": "neutral", "time": "Mon Mar 14 22:37:34 +0000 2016"}
{"polarity": 0.7333333333333334, "location": "San Diego, CA", "sentiment": "positive", "time": "Mon Mar 14 22:37:35 +0000 2016"}
{"polarity": 0.0, "location": "Atlanta, GA", "sentiment": "neutral", "time": "Mon Mar 14 22:31:04 +0000 2016"}
{"polarity": 0.0, "location": "San Diego, CA", "sentiment": "neutral", "time": "Mon Mar 14 22:31:13 +0000 2016"}
{"polarity": -0.3333333333333333, "location": "New York, NY", "sentiment": "negative", "time": "Mon Mar 14 22:31:17 +0000 2016"}
{"polarity": 0.0, "location": "New York, NY", "sentiment": "neutral", "time": "Mon Mar 14 22:31:45 +0000 2016"}
{"polarity": 0.0, "location": "Portland, OR", "sentiment": "neutral", "time": "Mon Mar 14 22:31:54 +0000 2016"}
{"polarity": -0.3277777777777778, "location": "New York, NY", "sentiment": "negative", "time": "Mon Mar 14 22:31:54 +0000 2016"}
{"polarity": 0.0, "location": "New York, NY", "sentiment": "neutral", "time": "Mon Mar 14 22:41:02 +0000 2016"}
{"polarity": -0.5, "location": "Atlanta, GA", "sentiment": "negative", "time": "Mon Mar 14 22:41:12 +0000 2016"}
{"polarity": 0.0, "location": "Seattle, WA", "sentiment": "neutral", "time": "Mon Mar 14 22:41:20 +0000 2016"}
{"polarity": 0.25, "location": "Seattle, WA", "sentiment": "positive", "time": "Mon Mar 14 22:41:23 +0000 2016"}
{"polarity": 0.425, "location": "Boston, MA", "sentiment": "positive", "time": "Mon Mar 14 22:41:23 +0000 2016"}
{"polarity": 0.0, "location": "San Diego, CA", "sentiment": "neutral", "time": "Mon Mar 14 22:41:27 +0000 2016"}
{"polarity": 0.0, "location": "New York, NY", "sentiment": "neutral", "time": "Mon Mar 14 22:41:33 +0000 2016"}
{"polarity": 0.0, "location": "Atlanta, GA", "sentiment": "neutral", "time": "Mon Mar 14 22:41:33 +0000 2016"}
{"polarity": -0.125, "location": "Atlanta, GA", "sentiment": "negative", "time": "Mon Mar 14 22:41:33 +0000 2016"}
{"polarity": 0.0, "location": "Atlanta, GA", "sentiment": "neutral", "time": "Mon Mar 14 22:41:42 +0000 2016"}
{"polarity": 0.0, "location": "Seattle, WA", "sentiment": "neutral", "time": "Mon Mar 14 22:41:44 +0000 2016"}
{"polarity": 0.0, "location": "Boston, MA", "sentiment": "neutral", "time": "Mon Mar 14 22:41:46 +0000 2016"}
{"polarity": 0.0, "location": "Portland, OR", "sentiment": "neutral", "time": "Mon Mar 14 22:27:00 +0000 2016"}
{"polarity": 0.0, "location": "Boston, MA", "sentiment": "neutral", "time": "Mon Mar 14 22:27:06 +0000 2016"}
{"polarity": 0.8, "location": "San Diego, CA", "sentiment": "positive", "time": "Mon Mar 14 22:27:18 +0000 2016"}
{"polarity": 0.46875, "location": "San Diego, CA", "sentiment": "positive", "time": "Mon Mar 14 22:27:25 +0000 2016"}
{"polarity": 1.0, "location": "Atlanta, GA", "sentiment": "positive", "time": "Mon Mar 14 22:27:39 +0000 2016"}
{"polarity": 0.4, "location": "Atlanta, GA", "sentiment": "positive", "time": "Mon Mar 14 22:27:57 +0000 2016"}
{"polarity": 0.25, "location": "New York, NY", "sentiment": "positive", "time": "Mon Mar 14 22:57:01 +0000 2016"}
{"polarity": 0.0, "location": "Orlando, FL", "sentiment": "neutral", "time": "Mon Mar 14 22:57:12 +0000 2016"}
{"polarity": 0.0, "location": "Portland, OR", "sentiment": "neutral", "time": "Mon Mar 14 22:57:18 +0000 2016"}
{"polarity": 0.0, "location": "San Diego, CA", "sentiment": "neutral", "time": "Mon Mar 14 22:57:23 +0000 2016"}
{"polarity": 0.0, "location": "San Diego, CA", "sentiment": "neutral", "time": "Mon Mar 14 22:57:29 +0000 2016"}
{"polarity": 0.0, "location": "Phoenix, AZ", "sentiment": "neutral", "time": "Mon Mar 14 22:57:30 +0000 2016"}
{"polarity": 0.0, "location": "New York, NY", "sentiment": "neutral", "time": "Mon Mar 14 22:57:34 +0000 2016"}
{"polarity": 0.0, "location": "San Diego, CA", "sentiment": "neutral", "time": "Mon Mar 14 22:57:46 +0000 2016"}
{"polarity": 0.0, "location": "Portland, OR", "sentiment": "neutral", "time": "Mon Mar 14 22:57:47 +0000 2016"}
{"polarity": 0.7, "location": "New York, NY", "sentiment": "positive", "time": "Mon Mar 14 22:57:53 +0000 2016"}
{"polarity": 0.0, "location": "New York, NY", "sentiment": "neutral", "time": "Mon Mar 14 22:26:00 +0000 2016"}
{"polarity": 0.0, "location": "Orlando, FL", "sentiment": "neutral", "time": "Mon Mar 14 22:26:00 +0000 2016"}
{"polarity": 0.4166666666666667, "location": "New York, NY", "sentiment": "positive", "time": "Mon Mar 14 22:26:08 +0000 2016"}
{"polarity": 0.0, "location": "Seattle, WA", "sentiment": "neutral", "time": "Mon Mar 14 22:26:22 +0000 2016"}
{"polarity": 0.10000000000000002, "location": "New York, NY", "sentiment": "positive", "time": "Mon Mar 14 22:26:25 +0000 2016"}
{"polarity": 0.7, "location": "Atlanta, GA", "sentiment": "positive", "time": "Mon Mar 14 22:26:30 +0000 2016"}
{"polarity": 0.0, "location": "Phoenix, AZ", "sentiment": "neutral", "time": "Mon Mar 14 22:26:43 +0000 2016"}
{"polarity": 0.5, "location": "Atlanta, GA", "sentiment": "positive", "time": "Mon Mar 14 22:26:48 +0000 2016"}
{"polarity": 0.0, "location": "Seattle, WA", "sentiment": "neutral", "time": "Mon Mar 14 22:26:55 +0000 2016"}
{"polarity": 0.0, "location": "San Diego, CA", "sentiment": "neutral", "time": "Mon Mar 14 22:58:03 +0000 2016"}
{"polarity": 0.0, "location": "Boston, MA", "sentiment": "neutral", "time": "Mon Mar 14 22:58:11 +0000 2016"}
{"polarity": 0.7, "location": "Atlanta, GA", "sentiment": "positive", "time": "Mon Mar 14 22:58:11 +0000 2016"}
{"polarity": 0.0, "location": "New York, NY", "sentiment": "neutral", "time": "Mon Mar 14 22:58:21 +0000 2016"}
{"polarity": 0.4, "location": "Seattle, WA", "sentiment": "positive", "time": "Mon Mar 14 22:58:26 +0000 2016"}
{"polarity": 0.0, "location": "San Diego, CA", "sentiment": "neutral", "time": "Mon Mar 14 22:58:34 +0000 2016"}
{"polarity": -0.8, "location": "Boston, MA", "sentiment": "negative", "time": "Mon Mar 14 22:58:35 +0000 2016"}
{"polarity": 0.0, "location": "Portland, OR", "sentiment": "neutral", "time": "Mon Mar 14 22:58:45 +0000 2016"}
{"polarity": 0.0, "location": "New York, NY", "sentiment": "neutral", "time": "Mon Mar 14 22:58:51 +0000 2016"}
{"polarity": 0.0, "location": "San Diego, CA", "sentiment": "neutral", "time": "Mon Mar 14 22:42:17 +0000 2016"}
{"polarity": 0.0, "location": "Atlanta, GA", "sentiment": "neutral", "time": "Mon Mar 14 22:42:23 +0000 2016"}
{"polarity": 0.0, "location": "Boston, MA", "sentiment": "neutral", "time": "Mon Mar 14 22:42:28 +0000 2016"}
{"polarity": 0.0, "location": "Boston, MA", "sentiment": "neutral", "time": "Mon Mar 14 22:42:31 +0000 2016"}
{"polarity": 0.0, "location": "Orlando, FL", "sentiment": "neutral", "time": "Mon Mar 14 22:42:32 +0000 2016"}
{"polarity": 0.85, "location": "Atlanta, GA", "sentiment": "positive", "time": "Mon Mar 14 22:42:39 +0000 2016"}
{"polarity": 0.0, "location": "Atlanta, GA", "sentiment": "neutral", "time": "Mon Mar 14 22:42:45 +0000 2016"}
{"polarity": 0.0, "location": "New York, NY", "sentiment": "neutral", "time": "Mon Mar 14 22:50:04 +0000 2016"}
{"polarity": 0.0, "location": "New York, NY", "sentiment": "neutral", "time": "Mon Mar 14 22:50:32 +0000 2016"}
{"polarity": 0.0, "location": "Seattle, WA", "sentiment": "neutral", "time": "Mon Mar 14 22:50:34 +0000 2016"}
{"polarity": 0.0, "location": "Portland, OR", "sentiment": "neutral", "time": "Mon Mar 14 22:50:36 +0000 2016"}
{"polarity": -0.1, "location": "Seattle, WA", "sentiment": "negative", "time": "Mon Mar 14 22:50:52 +0000 2016"}
{"polarity": 0.25, "location": "Orlando, FL", "sentiment": "positive", "time": "Mon Mar 14 22:50:52 +0000 2016"}
{"polarity": -0.1, "location": "Seattle, WA", "sentiment": "negative", "time": "Mon Mar 14 22:50:52 +0000 2016"}
{"polarity": 0.13636363636363635, "location": "Seattle, WA", "sentiment": "positive", "time": "Mon Mar 14 22:50:55 +0000 2016"}
{"polarity": 0.0, "location": "Seattle, WA", "sentiment": "neutral", "time": "Mon Mar 14 22:15:06 +0000 2016"}
{"polarity": 0.0, "location": "Boston, MA", "sentiment": "neutral", "time": "Mon Mar 14 22:15:13 +0000 2016"}
{"polarity": -0.25, "location": "New York, NY", "sentiment": "negative", "time": "Mon Mar 14 22:15:17 +0000 2016"}
{"polarity": 0.16666666666666666, "location": "Seattle, WA", "sentiment": "positive", "time": "Mon Mar 14 22:15:23 +0000 2016"}
{"polarity": 0.75, "location": "Seattle, WA", "sentiment": "positive", "time": "Mon Mar 14 22:15:26 +0000 2016"}
{"polarity": 0.45, "location": "New York, NY", "sentiment": "positive", "time": "Mon Mar 14 22:15:28 +0000 2016"}
{"polarity": -1.0, "location": "Portland, OR", "sentiment": "negative", "time": "Mon Mar 14 22:15:30 +0000 2016"}
{"polarity": 0.0, "location": "New York, NY", "sentiment": "neutral", "time": "Mon Mar 14 22:15:30 +0000 2016"}
{"polarity": 0.25, "location": "Portland, OR", "sentiment": "positive", "time": "Mon Mar 14 22:15:32 +0000 2016"}
{"polarity": 0.0, "location": "Atlanta, GA", "sentiment": "neutral", "time": "Mon Mar 14 22:15:35 +0000 2016"}
{"polarity": 0.0, "location": "Orlando, FL", "sentiment": "neutral", "time": "Mon Mar 14 22:38:02 +0000 2016"}
{"polarity": 0.11666666666666665, "location": "Boston, MA", "sentiment": "positive", "time": "Mon Mar 14 22:38:19 +0000 2016"}
{"polarity": -0.6, "location": "Boston, MA", "sentiment": "negative", "time": "Mon Mar 14 22:38:19 +0000 2016"}
{"polarity": 0.0, "location": "Seattle, WA", "sentiment": "neutral", "time": "Mon Mar 14 22:38:22 +0000 2016"}
{"polarity": 0.0, "location": "New York, NY", "sentiment": "neutral", "time": "Mon Mar 14 22:38:27 +0000 2016"}
{"polarity": 0.0, "location": "New York, NY", "sentiment": "neutral", "time": "Mon Mar 14 22:38:32 +0000 2016"}
{"polarity": 0.0, "location": "New York, NY", "sentiment": "neutral", "time": "Mon Mar 14 22:38:48 +0000 2016"}
{"polarity": 0.0, "location": "San Diego, CA", "sentiment": "neutral", "time": "Mon Mar 14 22:38:49 +0000 2016"}
{"polarity": 0.0, "location": "New York, NY", "sentiment": "neutral", "time": "Mon Mar 14 22:38:49 +0000 2016"}
{"polarity": 0.0, "location": "San Diego, CA", "sentiment": "neutral", "time": "Mon Mar 14 22:38:55 +0000 2016"}
{"polarity": 0.3, "location": "Seattle, WA", "sentiment": "positive", "time": "Mon Mar 14 22:38:58 +0000 2016"}
{"polarity": 0.0, "location": "Boston, MA", "sentiment": "neutral", "time": "Mon Mar 14 22:21:01 +0000 2016"}
{"polarity": 0.0, "location": "San Diego, CA", "sentiment": "neutral", "time": "Mon Mar 14 22:21:18 +0000 2016"}
{"polarity": 0.0, "location": "Atlanta, GA", "sentiment": "neutral", "time": "Mon Mar 14 22:21:34 +0000 2016"}
{"polarity": 0.0, "location": "New York, NY", "sentiment": "neutral", "time": "Mon Mar 14 22:21:35 +0000 2016"}
{"polarity": 0.875, "location": "Seattle, WA", "sentiment": "positive", "time": "Mon Mar 14 22:21:55 +0000 2016"}
{"polarity": 0.0, "location": "San Diego, CA", "sentiment": "neutral", "time": "Mon Mar 14 22:17:00 +0000 2016"}
{"polarity": 0.8, "location": "San Diego, CA", "sentiment": "positive", "time": "Mon Mar 14 22:17:02 +0000 2016"}
{"polarity": 0.0, "location": "Seattle, WA", "sentiment": "neutral", "time": "Mon Mar 14 22:17:06 +0000 2016"}
{"polarity": 0.0, "location": "San Diego, CA", "sentiment": "neutral", "time": "Mon Mar 14 22:17:07 +0000 2016"}
{"polarity": -0.01339285714285715, "location": "San Diego, CA", "sentiment": "negative", "time": "Mon Mar 14 22:17:09 +0000 2016"}
{"polarity": -0.228125, "location": "Boston, MA", "sentiment": "negative", "time": "Mon Mar 14 22:17:17 +0000 2016"}
{"polarity": 0.0, "location": "Phoenix, AZ", "sentiment": "neutral", "time": "Mon Mar 14 22:17:23 +0000 2016"}
{"polarity": 0.0, "location": "Boston, MA", "sentiment": "neutral", "time": "Mon Mar 14 22:17:25 +0000 2016"}
{"polarity": 0.0, "location": "Boston, MA", "sentiment": "neutral", "time": "Mon Mar 14 22:17:25 +0000 2016"}
{"polarity": 0.0, "location": "Atlanta, GA", "sentiment": "neutral", "time": "Mon Mar 14 22:17:42 +0000 2016"}
{"polarity": -0.1, "location": "San Diego, CA", "sentiment": "negative", "time": "Mon Mar 14 22:17:47 +0000 2016"}
{"polarity": 0.1, "location": "Boston, MA", "sentiment": "positive", "time": "Mon Mar 14 22:17:49 +0000 2016"}
{"polarity": 0.3, "location": "Atlanta, GA", "sentiment": "positive", "time": "Mon Mar 14 22:17:59 +0000 2016"}
{"polarity": 0.5, "location": "Boston, MA", "sentiment": "positive", "time": "Mon Mar 14 22:12:04 +0000 2016"}
{"polarity": 0.08730158730158728, "location": "Portland, OR", "sentiment": "positive", "time": "Mon Mar 14 22:12:30 +0000 2016"}
{"polarity": 0.0, "location": "New York, NY", "sentiment": "neutral", "time": "Mon Mar 14 22:12:38 +0000 2016"}
{"polarity": 0.0, "location": "Seattle, WA", "sentiment": "neutral", "time": "Mon Mar 14 22:12:38 +0000 2016"}
{"polarity": 0.13636363636363635, "location": "Portland, OR", "sentiment": "positive", "time": "Mon Mar 14 22:12:42 +0000 2016"}
{"polarity": 0.0, "location": "Atlanta, GA", "sentiment": "neutral", "time": "Mon Mar 14 22:12:44 +0000 2016"}
{"polarity": 0.0, "location": "Boston, MA", "sentiment": "neutral", "time": "Mon Mar 14 22:29:08 +0000 2016"}
{"polarity": 0.0, "location": "Atlanta, GA", "sentiment": "neutral", "time": "Mon Mar 14 22:29:14 +0000 2016"}
{"polarity": 0.125, "location": "Seattle, WA", "sentiment": "positive", "time": "Mon Mar 14 22:29:26 +0000 2016"}
{"polarity": -0.1, "location": "Phoenix, AZ", "sentiment": "negative", "time": "Mon Mar 14 22:29:30 +0000 2016"}
{"polarity": 0.0, "location": "San Diego, CA", "sentiment": "neutral", "time": "Mon Mar 14 22:29:39 +0000 2016"}
{"polarity": 0.0, "location": "Phoenix, AZ", "sentiment": "neutral", "time": "Mon Mar 14 22:29:40 +0000 2016"}
{"polarity": 0.0, "location": "Boston, MA", "sentiment": "neutral", "time": "Mon Mar 14 22:29:47 +0000 2016"}
{"polarity": 0.0, "location": "Boston, MA", "sentiment": "neutral", "time": "Mon Mar 14 22:29:53 +0000 2016"}
{"polarity": 0.0, "location": "New York, NY", "sentiment": "neutral", "time": "Mon Mar 14 22:29:58 +0000 2016"}
{"polarity": 0.0, "location": "Atlanta, GA", "sentiment": "neutral", "time": "Mon Mar 14 22:18:01 +0000 2016"}
{"polarity": 0.0, "location": "Seattle, WA", "sentiment": "neutral", "time": "Mon Mar 14 22:18:03 +0000 2016"}
{"polarity": -0.8, "location": "Atlanta, GA", "sentiment": "negative", "time": "Mon Mar 14 22:18:05 +0000 2016"}
{"polarity": -0.1, "location": "Orlando, FL", "sentiment": "negative", "time": "Mon Mar 14 22:18:06 +0000 2016"}
{"polarity": 0.0, "location": "Atlanta, GA", "sentiment": "neutral", "time": "Mon Mar 14 22:18:08 +0000 2016"}
{"polarity": 0.0, "location": "New York, NY", "sentiment": "neutral", "time": "Mon Mar 14 22:18:09 +0000 2016"}
{"polarity": 0.1, "location": "Portland, OR", "sentiment": "positive", "time": "Mon Mar 14 22:18:12 +0000 2016"}
{"polarity": 0.0, "location": "Atlanta, GA", "sentiment": "neutral", "time": "Mon Mar 14 22:18:15 +0000 2016"}
{"polarity": 0.09659090909090909, "location": "New York, NY", "sentiment": "positive", "time": "Mon Mar 14 22:18:26 +0000 2016"}
{"polarity": 0.21666666666666665, "location": "Atlanta, GA", "sentiment": "positive", "time": "Mon Mar 14 22:18:27 +0000 2016"}
{"polarity": 0.0, "location": "Atlanta, GA", "sentiment": "neutral", "time": "Mon Mar 14 22:18:27 +0000 2016"}
{"polarity": 0.25, "location": "San Diego, CA", "sentiment": "positive", "time": "Mon Mar 14 22:18:33 +0000 2016"}
{"polarity": 0.25, "location": "Portland, OR", "sentiment": "positive", "time": "Mon Mar 14 22:18:38 +0000 2016"}
{"polarity": -0.09999999999999992, "location": "Atlanta, GA", "sentiment": "negative", "time": "Mon Mar 14 22:18:44 +0000 2016"}
{"polarity": 0.0, "location": "Atlanta, GA", "sentiment": "neutral", "time": "Mon Mar 14 22:18:48 +0000 2016"}
{"polarity": -0.5, "location": "Orlando, FL", "sentiment": "negative", "time": "Mon Mar 14 22:18:55 +0000 2016"}
{"polarity": -0.35, "location": "Boston, MA", "sentiment": "negative", "time": "Mon Mar 14 22:18:57 +0000 2016"}
{"polarity": -0.7, "location": "New York, NY", "sentiment": "negative", "time": "Mon Mar 14 22:46:00 +0000 2016"}
{"polarity": 0.4333333333333333, "location": "Atlanta, GA", "sentiment": "positive", "time": "Mon Mar 14 22:46:02 +0000 2016"}
{"polarity": 0.0, "location": "San Diego, CA", "sentiment": "neutral", "time": "Mon Mar 14 22:46:06 +0000 2016"}
{"polarity": 0.5, "location": "St. Louis, MO", "sentiment": "positive", "time": "Mon Mar 14 22:46:09 +0000 2016"}
{"polarity": 0.13636363636363635, "location": "San Diego, CA", "sentiment": "positive", "time": "Mon Mar 14 22:46:19 +0000 2016"}
{"polarity": 0.0, "location": "New York, NY", "sentiment": "neutral", "time": "Mon Mar 14 22:46:30 +0000 2016"}
{"polarity": 0.25, "location": "Atlanta, GA", "sentiment": "positive", "time": "Mon Mar 14 22:46:36 +0000 2016"}
{"polarity": 0.25, "location": "Boston, MA", "sentiment": "positive", "time": "Mon Mar 14 22:46:41 +0000 2016"}
{"polarity": 0.0, "location": "Seattle, WA", "sentiment": "neutral", "time": "Mon Mar 14 22:00:30 +0000 2016"}
{"polarity": 0.0, "location": "San Diego, CA", "sentiment": "neutral", "time": "Mon Mar 14 22:00:40 +0000 2016"}
{"polarity": 0.0, "location": "Portland, OR", "sentiment": "neutral", "time": "Mon Mar 14 22:00:43 +0000 2016"}
{"polarity": -0.25, "location": "Portland, OR", "sentiment": "negative", "time": "Mon Mar 14 22:00:55 +0000 2016"}
{"polarity": -0.30000000000000004, "location": "Seattle, WA", "sentiment": "negative", "time": "Mon Mar 14 22:00:59 +0000 2016"}
{"polarity": 1.0, "location": "Atlanta, GA", "sentiment": "positive", "time": "Mon Mar 14 22:34:03 +0000 2016"}
{"polarity": 0.0, "location": "Phoenix, AZ", "sentiment": "neutral", "time": "Mon Mar 14 22:34:04 +0000 2016"}
{"polarity": 0.0, "location": "San Diego, CA", "sentiment": "neutral", "time": "Mon Mar 14 22:34:08 +0000 2016"}
{"polarity": 0.0, "location": "Boston, MA", "sentiment": "neutral", "time": "Mon Mar 14 22:34:08 +0000 2016"}
{"polarity": 0.0, "location": "Boston, MA", "sentiment": "neutral", "time": "Mon Mar 14 22:34:10 +0000 2016"}
{"polarity": 0.0, "location": "Atlanta, GA", "sentiment": "neutral", "time": "Mon Mar 14 22:34:26 +0000 2016"}
{"polarity": -0.6, "location": "Atlanta, GA", "sentiment": "negative", "time": "Mon Mar 14 22:34:27 +0000 2016"}
{"polarity": 0.0, "location": "Seattle, WA", "sentiment": "neutral", "time": "Mon Mar 14 22:34:27 +0000 2016"}
{"polarity": 0.0, "location": "Seattle, WA", "sentiment": "neutral", "time": "Mon Mar 14 22:34:29 +0000 2016"}
{"polarity": 0.0, "location": "Orlando, FL", "sentiment": "neutral", "time": "Mon Mar 14 22:34:30 +0000 2016"}
{"polarity": 0.0, "location": "Boston, MA", "sentiment": "neutral", "time": "Mon Mar 14 22:34:33 +0000 2016"}
{"polarity": -0.125, "location": "Seattle, WA", "sentiment": "negative", "time": "Mon Mar 14 22:34:41 +0000 2016"}
{"polarity": 0.0875, "location": "San Diego, CA", "sentiment": "positive", "time": "Mon Mar 14 22:05:00 +0000 2016"}
{"polarity": 0.0, "location": "Atlanta, GA", "sentiment": "neutral", "time": "Mon Mar 14 22:05:02 +0000 2016"}
{"polarity": -0.4, "location": "Phoenix, AZ", "sentiment": "negative", "time": "Mon Mar 14 22:05:03 +0000 2016"}
{"polarity": 0.0, "location": "Boston, MA", "sentiment": "neutral", "time": "Mon Mar 14 22:05:17 +0000 2016"}
{"polarity": 0.25, "location": "New York, NY", "sentiment": "positive", "time": "Mon Mar 14 22:05:22 +0000 2016"}
{"polarity": 0.8, "location": "Orlando, FL", "sentiment": "positive", "time": "Mon Mar 14 22:05:27 +0000 2016"}
{"polarity": 0.1, "location": "New York, NY", "sentiment": "positive", "time": "Mon Mar 14 22:05:27 +0000 2016"}
{"polarity": 0.0, "location": "Atlanta, GA", "sentiment": "neutral", "time": "Mon Mar 14 22:05:35 +0000 2016"}
{"polarity": 0.0, "location": "Atlanta, GA", "sentiment": "neutral", "time": "Mon Mar 14 22:05:37 +0000 2016"}
{"polarity": 0.35, "location": "New York, NY", "sentiment": "positive", "time": "Mon Mar 14 22:05:38 +0000 2016"}
{"polarity": 0.0, "location": "Atlanta, GA", "sentiment": "neutral", "time": "Mon Mar 14 22:05:43 +0000 2016"}
{"polarity": 0.0, "location": "Orlando, FL", "sentiment": "neutral", "time": "Mon Mar 14 22:05:57 +0000 2016"}
{"polarity": 0.0, "location": "Atlanta, GA", "sentiment": "neutral", "time": "Mon Mar 14 22:05:59 +0000 2016"}
{"polarity": 0.0, "location": "Atlanta, GA", "sentiment": "neutral", "time": "Mon Mar 14 22:11:00 +0000 2016"}
{"polarity": 0.0, "location": "Atlanta, GA", "sentiment": "neutral", "time": "Mon Mar 14 22:11:14 +0000 2016"}
{"polarity": 0.9, "location": "New York, NY", "sentiment": "positive", "time": "Mon Mar 14 22:11:15 +0000 2016"}
{"polarity": 0.0, "location": "New York, NY", "sentiment": "neutral", "time": "Mon Mar 14 22:11:20 +0000 2016"}
{"polarity": -0.8, "location": "New York, NY", "sentiment": "negative", "time": "Mon Mar 14 22:11:24 +0000 2016"}
{"polarity": 0.0500000000000001, "location": "Orlando, FL", "sentiment": "positive", "time": "Mon Mar 14 22:11:27 +0000 2016"}
{"polarity": 0.0, "location": "Seattle, WA", "sentiment": "neutral", "time": "Mon Mar 14 22:11:34 +0000 2016"}
{"polarity": 0.1, "location": "Boston, MA", "sentiment": "positive", "time": "Mon Mar 14 22:11:35 +0000 2016"}
{"polarity": 0.0, "location": "Seattle, WA", "sentiment": "neutral", "time": "Mon Mar 14 22:11:35 +0000 2016"}
{"polarity": -0.7142857142857143, "location": "Orlando, FL", "sentiment": "negative", "time": "Mon Mar 14 22:11:36 +0000 2016"}
{"polarity": -0.13333333333333333, "location": "Seattle, WA", "sentiment": "negative", "time": "Mon Mar 14 22:11:37 +0000 2016"}
{"polarity": 0.0, "location": "Orlando, FL", "sentiment": "neutral", "time": "Mon Mar 14 22:11:38 +0000 2016"}
{"polarity": 0.5, "location": "New York, NY", "sentiment": "positive", "time": "Mon Mar 14 22:11:39 +0000 2016"}
{"polarity": 0.4000000000000001, "location": "Seattle, WA", "sentiment": "positive", "time": "Mon Mar 14 22:11:41 +0000 2016"}
{"polarity": 0.0, "location": "San Diego, CA", "sentiment": "neutral", "time": "Mon Mar 14 22:11:45 +0000 2016"}
{"polarity": 0.0, "location": "Atlanta, GA", "sentiment": "neutral", "time": "Mon Mar 14 22:11:48 +0000 2016"}
{"polarity": 0.6, "location": "Boston, MA", "sentiment": "positive", "time": "Mon Mar 14 22:11:49 +0000 2016"}
{"polarity": 0.5, "location": "Orlando, FL", "sentiment": "positive", "time": "Mon Mar 14 22:11:53 +0000 2016"}
{"polarity": 0.4, "location": "Atlanta, GA", "sentiment": "positive", "time": "Mon Mar 14 22:11:54 +0000 2016"}
{"polarity": 0.0, "location": "Seattle, WA", "sentiment": "neutral", "time": "Mon Mar 14 22:56:09 +0000 2016"}
{"polarity": 1.0, "location": "Boston, MA", "sentiment": "positive", "time": "Mon Mar 14 22:56:18 +0000 2016"}
{"polarity": 0.2333333333333333, "location": "Orlando, FL", "sentiment": "positive", "time": "Mon Mar 14 22:56:21 +0000 2016"}
{"polarity": 0.0, "location": "San Diego, CA", "sentiment": "neutral", "time": "Mon Mar 14 22:56:23 +0000 2016"}
{"polarity": 0.20555555555555557, "location": "New York, NY", "sentiment": "positive", "time": "Mon Mar 14 22:56:23 +0000 2016"}
{"polarity": 0.0, "location": "New York, NY", "sentiment": "neutral", "time": "Mon Mar 14 22:56:32 +0000 2016"}
{"polarity": 0.0, "location": "St. Louis, MO", "sentiment": "neutral", "time": "Mon Mar 14 22:56:33 +0000 2016"}
{"polarity": -0.125, "location": "Phoenix, AZ", "sentiment": "negative", "time": "Mon Mar 14 22:56:47 +0000 2016"}
{"polarity": 0.19166666666666665, "location": "St. Louis, MO", "sentiment": "positive", "time": "Mon Mar 14 22:56:48 +0000 2016"}
{"polarity": 0.1477272727272727, "location": "Phoenix, AZ", "sentiment": "positive", "time": "Mon Mar 14 22:56:49 +0000 2016"}
{"polarity": 0.0, "location": "New York, NY", "sentiment": "neutral", "time": "Mon Mar 14 22:56:59 +0000 2016"}
{"polarity": 0.0, "location": "New York, NY", "sentiment": "neutral", "time": "Mon Mar 14 22:56:59 +0000 2016"}
{"polarity": 0.0, "location": "Seattle, WA", "sentiment": "neutral", "time": "Mon Mar 14 22:47:00 +0000 2016"}
{"polarity": 0.0, "location": "Boston, MA", "sentiment": "neutral", "time": "Mon Mar 14 22:47:00 +0000 2016"}
{"polarity": 0.0, "location": "Seattle, WA", "sentiment": "neutral", "time": "Mon Mar 14 22:47:15 +0000 2016"}
{"polarity": -0.44999999999999996, "location": "New York, NY", "sentiment": "negative", "time": "Mon Mar 14 22:47:16 +0000 2016"}
{"polarity": 0.0, "location": "St. Louis, MO", "sentiment": "neutral", "time": "Mon Mar 14 22:47:17 +0000 2016"}
{"polarity": -0.15555555555555559, "location": "Atlanta, GA", "sentiment": "negative", "time": "Mon Mar 14 22:47:23 +0000 2016"}
{"polarity": 0.1, "location": "Seattle, WA", "sentiment": "positive", "time": "Mon Mar 14 22:47:37 +0000 2016"}
{"polarity": 0.05000000000000001, "location": "Orlando, FL", "sentiment": "positive", "time": "Mon Mar 14 22:47:48 +0000 2016"}
{"polarity": -0.25, "location": "New York, NY", "sentiment": "negative", "time": "Mon Mar 14 22:47:58 +0000 2016"}
{"polarity": 0.4, "location": "San Diego, CA", "sentiment": "positive", "time": "Mon Mar 14 22:52:00 +0000 2016"}
{"polarity": 0.2, "location": "Kansas City, KS", "sentiment": "positive", "time": "Mon Mar 14 22:52:15 +0000 2016"}
{"polarity": 0.0, "location": "San Diego, CA", "sentiment": "neutral", "time": "Mon Mar 14 22:52:19 +0000 2016"}
{"polarity": -0.06666666666666665, "location": "Atlanta, GA", "sentiment": "negative", "time": "Mon Mar 14 22:52:25 +0000 2016"}
{"polarity": 0.0, "location": "Portland, OR", "sentiment": "neutral", "time": "Mon Mar 14 22:52:28 +0000 2016"}
{"polarity": 0.4, "location": "Portland, OR", "sentiment": "positive", "time": "Mon Mar 14 22:52:46 +0000 2016"}
{"polarity": -0.2, "location": "Orlando, FL", "sentiment": "negative", "time": "Mon Mar 14 22:52:48 +0000 2016"}
{"polarity": -0.25, "location": "New York, NY", "sentiment": "negative", "time": "Mon Mar 14 22:52:57 +0000 2016"}
{"polarity": 0.0, "location": "Atlanta, GA", "sentiment": "neutral", "time": "Mon Mar 14 22:53:22 +0000 2016"}
{"polarity": -0.07499999999999998, "location": "San Diego, CA", "sentiment": "negative", "time": "Mon Mar 14 22:53:34 +0000 2016"}
{"polarity": 0.0, "location": "Boston, MA", "sentiment": "neutral", "time": "Mon Mar 14 22:53:34 +0000 2016"}
{"polarity": 0.0, "location": "San Diego, CA", "sentiment": "neutral", "time": "Mon Mar 14 22:53:45 +0000 2016"}
{"polarity": -0.5, "location": "Boston, MA", "sentiment": "negative", "time": "Mon Mar 14 22:53:50 +0000 2016"}
{"polarity": 0.0, "location": "Atlanta, GA", "sentiment": "neutral", "time": "Mon Mar 14 22:02:03 +0000 2016"}
{"polarity": 0.02500000000000001, "location": "Seattle, WA", "sentiment": "positive", "time": "Mon Mar 14 22:02:19 +0000 2016"}
{"polarity": 0.0, "location": "Boston, MA", "sentiment": "neutral", "time": "Mon Mar 14 22:02:28 +0000 2016"}
{"polarity": 0.06818181818181818, "location": "Boston, MA", "sentiment": "positive", "time": "Mon Mar 14 22:02:35 +0000 2016"}
{"polarity": 0.0, "location": "Orlando, FL", "sentiment": "neutral", "time": "Mon Mar 14 22:48:04 +0000 2016"}
{"polarity": 0.0, "location": "New York, NY", "sentiment": "neutral", "time": "Mon Mar 14 22:48:12 +0000 2016"}
{"polarity": 0.0, "location": "Orlando, FL", "sentiment": "neutral", "time": "Mon Mar 14 22:48:16 +0000 2016"}
{"polarity": 0.6, "location": "Phoenix, AZ", "sentiment": "positive", "time": "Mon Mar 14 22:48:45 +0000 2016"}
{"polarity": 0.0, "location": "New York, NY", "sentiment": "neutral", "time": "Mon Mar 14 22:48:48 +0000 2016"}
{"polarity": 0.0, "location": "Phoenix, AZ", "sentiment": "neutral", "time": "Mon Mar 14 22:48:51 +0000 2016"}
{"polarity": 0.0, "location": "San Diego, CA", "sentiment": "neutral", "time": "Mon Mar 14 22:48:58 +0000 2016"}
{"polarity": 0.125, "location": "Seattle, WA", "sentiment": "positive", "time": "Mon Mar 14 22:48:59 +0000 2016"}
{"polarity": 0.29523809523809524, "location": "New York, NY", "sentiment": "positive", "time": "Mon Mar 14 22:25:13 +0000 2016"}
{"polarity": 0.5, "location": "Portland, OR", "sentiment": "positive", "time": "Mon Mar 14 22:25:14 +0000 2016"}
{"polarity": 0.0, "location": "Orlando, FL", "sentiment": "neutral", "time": "Mon Mar 14 22:25:27 +0000 2016"}
{"polarity": -0.16666666666666666, "location": "Boston, MA", "sentiment": "negative", "time": "Mon Mar 14 22:25:30 +0000 2016"}
{"polarity": 0.0, "location": "San Diego, CA", "sentiment": "neutral", "time": "Mon Mar 14 22:25:33 +0000 2016"}
{"polarity": 0.0, "location": "San Diego, CA", "sentiment": "neutral", "time": "Mon Mar 14 22:25:35 +0000 2016"}
{"polarity": 0.0, "location": "Seattle, WA", "sentiment": "neutral", "time": "Mon Mar 14 22:25:49 +0000 2016"}
{"polarity": 0.75, "location": "Orlando, FL", "sentiment": "positive", "time": "Mon Mar 14 22:25:50 +0000 2016"}
{"polarity": -0.07777777777777779, "location": "Atlanta, GA", "sentiment": "negative", "time": "Mon Mar 14 22:25:51 +0000 2016"}
{"polarity": 0.45, "location": "Atlanta, GA", "sentiment": "positive", "time": "Mon Mar 14 22:25:57 +0000 2016"}
{"polarity": 0.0, "location": "Orlando, FL", "sentiment": "neutral", "time": "Mon Mar 14 22:25:58 +0000 2016"}
{"polarity": 0.0018939393939393923, "location": "Atlanta, GA", "sentiment": "positive", "time": "Mon Mar 14 22:16:00 +0000 2016"}
{"polarity": 0.4, "location": "Atlanta, GA", "sentiment": "positive", "time": "Mon Mar 14 22:16:02 +0000 2016"}
{"polarity": 0.08, "location": "New York, NY", "sentiment": "positive", "time": "Mon Mar 14 22:16:15 +0000 2016"}
{"polarity": 0.3177083333333333, "location": "Phoenix, AZ", "sentiment": "positive", "time": "Mon Mar 14 22:16:16 +0000 2016"}
{"polarity": -0.2, "location": "Phoenix, AZ", "sentiment": "negative", "time": "Mon Mar 14 22:16:19 +0000 2016"}
{"polarity": 0.0, "location": "New York, NY", "sentiment": "neutral", "time": "Mon Mar 14 22:16:24 +0000 2016"}
{"polarity": 0.0, "location": "New York, NY", "sentiment": "neutral", "time": "Mon Mar 14 22:16:24 +0000 2016"}
{"polarity": 0.0, "location": "New York, NY", "sentiment": "neutral", "time": "Mon Mar 14 22:16:26 +0000 2016"}
{"polarity": 0.0, "location": "Atlanta, GA", "sentiment": "neutral", "time": "Mon Mar 14 22:16:26 +0000 2016"}
{"polarity": 0.0, "location": "San Diego, CA", "sentiment": "neutral", "time": "Mon Mar 14 22:16:32 +0000 2016"}
{"polarity": 0.5666666666666668, "location": "Phoenix, AZ", "sentiment": "positive", "time": "Mon Mar 14 22:16:34 +0000 2016"}
{"polarity": -0.65, "location": "New York, NY", "sentiment": "negative", "time": "Mon Mar 14 22:14:11 +0000 2016"}
{"polarity": 0.0, "location": "New York, NY", "sentiment": "neutral", "time": "Mon Mar 14 22:14:17 +0000 2016"}
{"polarity": 0.1, "location": "San Diego, CA", "sentiment": "positive", "time": "Mon Mar 14 22:14:23 +0000 2016"}
{"polarity": 0.0625, "location": "New York, NY", "sentiment": "positive", "time": "Mon Mar 14 22:14:26 +0000 2016"}
{"polarity": 0.0, "location": "Phoenix, AZ", "sentiment": "neutral", "time": "Mon Mar 14 22:14:26 +0000 2016"}
{"polarity": 0.0, "location": "New York, NY", "sentiment": "neutral", "time": "Mon Mar 14 22:14:32 +0000 2016"}
{"polarity": 0.0, "location": "Atlanta, GA", "sentiment": "neutral", "time": "Mon Mar 14 22:14:45 +0000 2016"}
{"polarity": 0.0, "location": "Atlanta, GA", "sentiment": "neutral", "time": "Mon Mar 14 22:14:50 +0000 2016"}
{"polarity": 0.7, "location": "Atlanta, GA", "sentiment": "positive", "time": "Mon Mar 14 22:14:52 +0000 2016"}
{"polarity": 0.21103896103896103, "location": "New York, NY", "sentiment": "positive", "time": "Mon Mar 14 22:23:11 +0000 2016"}
{"polarity": 0.0, "location": "Seattle, WA", "sentiment": "neutral", "time": "Mon Mar 14 22:23:19 +0000 2016"}
{"polarity": 0.0, "location": "Atlanta, GA", "sentiment": "neutral", "time": "Mon Mar 14 22:23:21 +0000 2016"}
{"polarity": 0.125, "location": "Atlanta, GA", "sentiment": "positive", "time": "Mon Mar 14 22:23:21 +0000 2016"}
{"polarity": 0.0, "location": "St. Louis, MO", "sentiment": "neutral", "time": "Mon Mar 14 22:23:36 +0000 2016"}
{"polarity": -1.0, "location": "San Diego, CA", "sentiment": "negative", "time": "Mon Mar 14 22:23:37 +0000 2016"}
{"polarity": 0.0, "location": "Boston, MA", "sentiment": "neutral", "time": "Mon Mar 14 22:23:39 +0000 2016"}
{"polarity": 0.0875, "location": "San Diego, CA", "sentiment": "positive", "time": "Mon Mar 14 22:23:45 +0000 2016"}
{"polarity": -0.2, "location": "Atlanta, GA", "sentiment": "negative", "time": "Mon Mar 14 22:07:07 +0000 2016"}
{"polarity": 0.3125, "location": "Atlanta, GA", "sentiment": "positive", "time": "Mon Mar 14 22:07:23 +0000 2016"}
{"polarity": -0.1, "location": "Seattle, WA", "sentiment": "negative", "time": "Mon Mar 14 22:07:24 +0000 2016"}
{"polarity": 0.0, "location": "New York, NY", "sentiment": "neutral", "time": "Mon Mar 14 22:07:32 +0000 2016"}
{"polarity": 0.3333333333333333, "location": "New York, NY", "sentiment": "positive", "time": "Mon Mar 14 22:07:39 +0000 2016"}
{"polarity": 0.0, "location": "New York, NY", "sentiment": "neutral", "time": "Mon Mar 14 22:07:40 +0000 2016"}
{"polarity": 0.0, "location": "San Diego, CA", "sentiment": "neutral", "time": "Mon Mar 14 22:07:47 +0000 2016"}
{"polarity": 0.0, "location": "New York, NY", "sentiment": "neutral", "time": "Mon Mar 14 22:07:48 +0000 2016"}
{"polarity": 0.0, "location": "Portland, OR", "sentiment": "neutral", "time": "Mon Mar 14 22:07:53 +0000 2016"}
{"polarity": 0.5, "location": "New York, NY", "sentiment": "positive", "time": "Mon Mar 14 22:07:58 +0000 2016"}
{"polarity": 0.0, "location": "San Diego, CA", "sentiment": "neutral", "time": "Mon Mar 14 22:51:02 +0000 2016"}
{"polarity": 0.55, "location": "Boston, MA", "sentiment": "positive", "time": "Mon Mar 14 22:51:03 +0000 2016"}
{"polarity": 0.0, "location": "Phoenix, AZ", "sentiment": "neutral", "time": "Mon Mar 14 22:51:15 +0000 2016"}
{"polarity": -0.21590909090909088, "location": "San Diego, CA", "sentiment": "negative", "time": "Mon Mar 14 22:51:17 +0000 2016"}
{"polarity": 0.6, "location": "St. Louis, MO", "sentiment": "positive", "time": "Mon Mar 14 22:51:22 +0000 2016"}
{"polarity": 0.0, "location": "Portland, OR", "sentiment": "neutral", "time": "Mon Mar 14 22:51:27 +0000 2016"}
{"polarity": 0.0, "location": "San Diego, CA", "sentiment": "neutral", "time": "Mon Mar 14 22:51:29 +0000 2016"}
{"polarity": 0.41818181818181815, "location": "New York, NY", "sentiment": "positive", "time": "Mon Mar 14 22:51:40 +0000 2016"}
{"polarity": 0.25, "location": "San Diego, CA", "sentiment": "positive", "time": "Mon Mar 14 22:51:47 +0000 2016"}
{"polarity": 0.0, "location": "Seattle, WA", "sentiment": "neutral", "time": "Mon Mar 14 22:51:48 +0000 2016"}
{"polarity": 0.0, "location": "New York, NY", "sentiment": "neutral", "time": "Mon Mar 14 22:51:52 +0000 2016"}
{"polarity": 0.0, "location": "San Diego, CA", "sentiment": "neutral", "time": "Mon Mar 14 22:30:02 +0000 2016"}
{"polarity": 0.0, "location": "San Diego, CA", "sentiment": "neutral", "time": "Mon Mar 14 22:30:03 +0000 2016"}
{"polarity": -0.03333333333333335, "location": "New York, NY", "sentiment": "negative", "time": "Mon Mar 14 22:30:06 +0000 2016"}
{"polarity": -0.06547619047619048, "location": "New York, NY", "sentiment": "negative", "time": "Mon Mar 14 22:30:12 +0000 2016"}
{"polarity": 0.0, "location": "Seattle, WA", "sentiment": "neutral", "time": "Mon Mar 14 22:30:14 +0000 2016"}
{"polarity": 0.3, "location": "Phoenix, AZ", "sentiment": "positive", "time": "Mon Mar 14 22:30:22 +0000 2016"}
{"polarity": 0.0, "location": "Seattle, WA", "sentiment": "neutral", "time": "Mon Mar 14 22:30:31 +0000 2016"}
{"polarity": 0.5, "location": "Atlanta, GA", "sentiment": "positive", "time": "Mon Mar 14 22:30:32 +0000 2016"}
{"polarity": 0.0, "location": "New York, NY", "sentiment": "neutral", "time": "Mon Mar 14 22:30:39 +0000 2016"}
{"polarity": 0.0, "location": "Seattle, WA", "sentiment": "neutral", "time": "Mon Mar 14 22:30:42 +0000 2016"}
{"polarity": 0.2, "location": "Seattle, WA", "sentiment": "positive", "time": "Mon Mar 14 22:30:43 +0000 2016"}
{"polarity": 0.4000000000000001, "location": "New York, NY", "sentiment": "positive", "time": "Mon Mar 14 22:30:44 +0000 2016"}
{"polarity": 0.0, "location": "New York, NY", "sentiment": "neutral", "time": "Mon Mar 14 22:30:51 +0000 2016"}
{"polarity": 0.0, "location": "San Diego, CA", "sentiment": "neutral", "time": "Mon Mar 14 22:30:55 +0000 2016"}
{"polarity": 0.525, "location": "Seattle, WA", "sentiment": "positive", "time": "Mon Mar 14 22:30:55 +0000 2016"}
{"polarity": 0.14285714285714285, "location": "Atlanta, GA", "sentiment": "positive", "time": "Mon Mar 14 22:30:56 +0000 2016"}
{"polarity": 0.0, "location": "Orlando, FL", "sentiment": "neutral", "time": "Mon Mar 14 22:30:59 +0000 2016"}
{"polarity": 0.5, "location": "Boston, MA", "sentiment": "positive", "time": "Mon Mar 14 22:03:02 +0000 2016"}
{"polarity": 0.5, "location": "Orlando, FL", "sentiment": "positive", "time": "Mon Mar 14 22:03:03 +0000 2016"}
{"polarity": 0.0, "location": "New York, NY", "sentiment": "neutral", "time": "Mon Mar 14 22:03:22 +0000 2016"}
{"polarity": 0.175, "location": "Seattle, WA", "sentiment": "positive", "time": "Mon Mar 14 22:03:23 +0000 2016"}
{"polarity": -0.25, "location": "Portland, OR", "sentiment": "negative", "time": "Mon Mar 14 22:03:25 +0000 2016"}
{"polarity": 0.5, "location": "New York, NY", "sentiment": "positive", "time": "Mon Mar 14 22:03:25 +0000 2016"}
{"polarity": 0.0, "location": "Orlando, FL", "sentiment": "neutral", "time": "Mon Mar 14 22:03:25 +0000 2016"}
{"polarity": 0.0, "location": "New York, NY", "sentiment": "neutral", "time": "Mon Mar 14 22:03:29 +0000 2016"}
{"polarity": 0.5, "location": "New York, NY", "sentiment": "positive", "time": "Mon Mar 14 22:03:43 +0000 2016"}
{"polarity": 0.0, "location": "New York, NY", "sentiment": "neutral", "time": "Mon Mar 14 22:03:46 +0000 2016"}
{"polarity": 0.0, "location": "Orlando, FL", "sentiment": "neutral", "time": "Mon Mar 14 22:03:50 +0000 2016"}
{"polarity": 0.78125, "location": "San Diego, CA", "sentiment": "positive", "time": "Mon Mar 14 22:03:51 +0000 2016"}
{"polarity": 0.15, "location": "San Diego, CA", "sentiment": "positive", "time": "Mon Mar 14 22:40:04 +0000 2016"}
{"polarity": 0.0, "location": "Portland, OR", "sentiment": "neutral", "time": "Mon Mar 14 22:40:05 +0000 2016"}
{"polarity": 0.7, "location": "New York, NY", "sentiment": "positive", "time": "Mon Mar 14 22:40:11 +0000 2016"}
{"polarity": 0.5, "location": "Portland, OR", "sentiment": "positive", "time": "Mon Mar 14 22:40:14 +0000 2016"}
{"polarity": -0.325, "location": "Orlando, FL", "sentiment": "negative", "time": "Mon Mar 14 22:40:27 +0000 2016"}
{"polarity": 0.0, "location": "New York, NY", "sentiment": "neutral", "time": "Mon Mar 14 22:40:27 +0000 2016"}
{"polarity": 0.0, "location": "Phoenix, AZ", "sentiment": "neutral", "time": "Mon Mar 14 22:40:52 +0000 2016"}
{"polarity": 0.0, "location": "Orlando, FL", "sentiment": "neutral", "time": "Mon Mar 14 22:40:52 +0000 2016"}
{"polarity": 0.1325, "location": "Portland, OR", "sentiment": "positive", "time": "Mon Mar 14 22:40:54 +0000 2016"}
{"polarity": 0.0, "location": "Atlanta, GA", "sentiment": "neutral", "time": "Mon Mar 14 22:40:55 +0000 2016"}
{"polarity": 0.0, "location": "San Diego, CA", "sentiment": "neutral", "time": "Mon Mar 14 22:08:02 +0000 2016"}
{"polarity": 0.0, "location": "New York, NY", "sentiment": "neutral", "time": "Mon Mar 14 22:08:05 +0000 2016"}
{"polarity": 0.08333333333333334, "location": "Atlanta, GA", "sentiment": "positive", "time": "Mon Mar 14 22:08:07 +0000 2016"}
{"polarity": 0.0, "location": "Atlanta, GA", "sentiment": "neutral", "time": "Mon Mar 14 22:08:08 +0000 2016"}
{"polarity": 0.0, "location": "Boston, MA", "sentiment": "neutral", "time": "Mon Mar 14 22:08:10 +0000 2016"}
{"polarity": 0.0, "location": "Seattle, WA", "sentiment": "neutral", "time": "Mon Mar 14 22:08:15 +0000 2016"}
{"polarity": 0.05925925925925924, "location": "Orlando, FL", "sentiment": "positive", "time": "Mon Mar 14 22:08:33 +0000 2016"}
{"polarity": 0.0, "location": "Seattle, WA", "sentiment": "neutral", "time": "Mon Mar 14 22:08:34 +0000 2016"}
{"polarity": 0.0, "location": "New York, NY", "sentiment": "neutral", "time": "Mon Mar 14 22:08:56 +0000 2016"}
{"polarity": 0.75, "location": "San Diego, CA", "sentiment": "positive", "time": "Mon Mar 14 22:35:07 +0000 2016"}
{"polarity": 0.0, "location": "New York, NY", "sentiment": "neutral", "time": "Mon Mar 14 22:35:11 +0000 2016"}
{"polarity": 0.0, "location": "Boston, MA", "sentiment": "neutral", "time": "Mon Mar 14 22:35:14 +0000 2016"}
{"polarity": -0.4, "location": "Atlanta, GA", "sentiment": "negative", "time": "Mon Mar 14 22:35:16 +0000 2016"}
{"polarity": 0.09999999999999999, "location": "Boston, MA", "sentiment": "positive", "time": "Mon Mar 14 22:35:20 +0000 2016"}
{"polarity": 0.0, "location": "New York, NY", "sentiment": "neutral", "time": "Mon Mar 14 22:35:22 +0000 2016"}
{"polarity": 0.0, "location": "Orlando, FL", "sentiment": "neutral", "time": "Mon Mar 14 22:35:22 +0000 2016"}
{"polarity": 0.5, "location": "Boston, MA", "sentiment": "positive", "time": "Mon Mar 14 22:35:32 +0000 2016"}
{"polarity": 0.1, "location": "Atlanta, GA", "sentiment": "positive", "time": "Mon Mar 14 22:35:33 +0000 2016"}
{"polarity": 0.0, "location": "Atlanta, GA", "sentiment": "neutral", "time": "Mon Mar 14 22:35:33 +0000 2016"}
{"polarity": 0.05, "location": "Portland, OR", "sentiment": "positive", "time": "Mon Mar 14 22:35:42 +0000 2016"}
{"polarity": 0.13636363636363635, "location": "New York, NY", "sentiment": "positive", "time": "Mon Mar 14 22:35:42 +0000 2016"}
{"polarity": 0.8, "location": "San Diego, CA", "sentiment": "positive", "time": "Mon Mar 14 22:35:59 +0000 2016"}
{"polarity": 0.3333333333333333, "location": "Orlando, FL", "sentiment": "positive", "time": "Mon Mar 14 22:43:05 +0000 2016"}
{"polarity": 0.05, "location": "Boston, MA", "sentiment": "positive", "time": "Mon Mar 14 22:43:08 +0000 2016"}
{"polarity": 0.0, "location": "Boston, MA", "sentiment": "neutral", "time": "Mon Mar 14 22:43:10 +0000 2016"}
{"polarity": 0.0, "location": "Atlanta, GA", "sentiment": "neutral", "time": "Mon Mar 14 22:43:11 +0000 2016"}
{"polarity": 0.0, "location": "Orlando, FL", "sentiment": "neutral", "time": "Mon Mar 14 22:43:30 +0000 2016"}
{"polarity": 0.0, "location": "Atlanta, GA", "sentiment": "neutral", "time": "Mon Mar 14 22:43:34 +0000 2016"}
{"polarity": 0.5, "location": "St. Louis, MO", "sentiment": "positive", "time": "Mon Mar 14 22:43:44 +0000 2016"}
{"polarity": -0.3, "location": "New York, NY", "sentiment": "negative", "time": "Mon Mar 14 22:43:45 +0000 2016"}
{"polarity": 0.125, "location": "Orlando, FL", "sentiment": "positive", "time": "Mon Mar 14 22:43:58 +0000 2016"}
{"polarity": 0.0, "location": "Portland, OR", "sentiment": "neutral", "time": "Mon Mar 14 22:10:00 +0000 2016"}
{"polarity": 0.0, "location": "Seattle, WA", "sentiment": "neutral", "time": "Mon Mar 14 22:10:02 +0000 2016"}
{"polarity": 0.3181818181818182, "location": "Atlanta, GA", "sentiment": "positive", "time": "Mon Mar 14 22:10:03 +0000 2016"}
{"polarity": 0.5, "location": "New York, NY", "sentiment": "positive", "time": "Mon Mar 14 22:10:04 +0000 2016"}
{"polarity": 0.0, "location": "Atlanta, GA", "sentiment": "neutral", "time": "Mon Mar 14 22:10:18 +0000 2016"}
{"polarity": 0.75, "location": "Atlanta, GA", "sentiment": "positive", "time": "Mon Mar 14 22:10:24 +0000 2016"}
{"polarity": 0.625, "location": "San Diego, CA", "sentiment": "positive", "time": "Mon Mar 14 22:10:39 +0000 2016"}
{"polarity": 0.5299242424242425, "location": "Atlanta, GA", "sentiment": "positive", "time": "Mon Mar 14 22:10:42 +0000 2016"}
{"polarity": 0.5666666666666668, "location": "Phoenix, AZ", "sentiment": "positive", "time": "Mon Mar 14 22:10:50 +0000 2016"}
{"polarity": 0.0, "location": "Atlanta, GA", "sentiment": "neutral", "time": "Mon Mar 14 22:10:54 +0000 2016"}
{"polarity": 0.041666666666666664, "location": "Atlanta, GA", "sentiment": "positive", "time": "Mon Mar 14 22:54:00 +0000 2016"}
{"polarity": 0.041666666666666664, "location": "Atlanta, GA", "sentiment": "positive", "time": "Mon Mar 14 22:54:00 +0000 2016"}
{"polarity": 1.0, "location": "Portland, OR", "sentiment": "positive", "time": "Mon Mar 14 22:54:07 +0000 2016"}
{"polarity": -0.125, "location": "Orlando, FL", "sentiment": "negative", "time": "Mon Mar 14 22:54:44 +0000 2016"}
{"polarity": 0.0, "location": "Boston, MA", "sentiment": "neutral", "time": "Mon Mar 14 22:54:45 +0000 2016"}
{"polarity": 0.0, "location": "Seattle, WA", "sentiment": "neutral", "time": "Mon Mar 14 22:24:02 +0000 2016"}
{"polarity": 0.0, "location": "San Diego, CA", "sentiment": "neutral", "time": "Mon Mar 14 22:24:08 +0000 2016"}
{"polarity": 0.0, "location": "New York, NY", "sentiment": "neutral", "time": "Mon Mar 14 22:24:12 +0000 2016"}
{"polarity": 0.0, "location": "St. Louis, MO", "sentiment": "neutral", "time": "Mon Mar 14 22:24:22 +0000 2016"}
{"polarity": 0.0, "location": "Atlanta, GA", "sentiment": "neutral", "time": "Mon Mar 14 22:24:29 +0000 2016"}
{"polarity": -0.125, "location": "Atlanta, GA", "sentiment": "negative", "time": "Mon Mar 14 22:24:34 +0000 2016"}
{"polarity": 0.0, "location": "Portland, OR", "sentiment": "neutral", "time": "Mon Mar 14 22:24:38 +0000 2016"}
{"polarity": 0.0, "location": "Seattle, WA", "sentiment": "neutral", "time": "Mon Mar 14 22:24:39 +0000 2016"}
{"polarity": 0.0, "location": "Portland, OR", "sentiment": "neutral", "time": "Mon Mar 14 22:24:39 +0000 2016"}
{"polarity": 0.0, "location": "Boston, MA", "sentiment": "neutral", "time": "Mon Mar 14 22:24:48 +0000 2016"}
{"polarity": 0.2142857142857143, "location": "Atlanta, GA", "sentiment": "positive", "time": "Mon Mar 14 22:32:00 +0000 2016"}
{"polarity": 0.0, "location": "San Diego, CA", "sentiment": "neutral", "time": "Mon Mar 14 22:32:04 +0000 2016"}
{"polarity": 1.0, "location": "New York, NY", "sentiment": "positive", "time": "Mon Mar 14 22:32:12 +0000 2016"}
{"polarity": -0.6, "location": "San Diego, CA", "sentiment": "negative", "time": "Mon Mar 14 22:32:24 +0000 2016"}
{"polarity": 0.65, "location": "St. Louis, MO", "sentiment": "positive", "time": "Mon Mar 14 22:32:36 +0000 2016"}
{"polarity": 0.0, "location": "Orlando, FL", "sentiment": "neutral", "time": "Mon Mar 14 22:32:45 +0000 2016"}
{"polarity": 0.0, "location": "Orlando, FL", "sentiment": "neutral", "time": "Mon Mar 14 22:32:47 +0000 2016"}
{"polarity": 0.0, "location": "Atlanta, GA", "sentiment": "neutral", "time": "Mon Mar 14 22:32:52 +0000 2016"}
{"polarity": 0.375, "location": "Atlanta, GA", "sentiment": "positive", "time": "Mon Mar 14 22:36:03 +0000 2016"}
{"polarity": 0.0, "location": "New York, NY", "sentiment": "neutral", "time": "Mon Mar 14 22:36:04 +0000 2016"}
{"polarity": 0.0, "location": "Atlanta, GA", "sentiment": "neutral", "time": "Mon Mar 14 22:36:04 +0000 2016"}
{"polarity": 0.3333333333333333, "location": "Boston, MA", "sentiment": "positive", "time": "Mon Mar 14 22:36:18 +0000 2016"}
{"polarity": 0.625, "location": "Seattle, WA", "sentiment": "positive", "time": "Mon Mar 14 22:36:20 +0000 2016"}
{"polarity": -0.1, "location": "San Diego, CA", "sentiment": "negative", "time": "Mon Mar 14 22:36:35 +0000 2016"}
{"polarity": -0.5, "location": "New York, NY", "sentiment": "negative", "time": "Mon Mar 14 22:36:35 +0000 2016"}
{"polarity": -0.3333333333333333, "location": "Seattle, WA", "sentiment": "negative", "time": "Mon Mar 14 22:36:56 +0000 2016"}
{"polarity": 0.13333333333333333, "location": "New York, NY", "sentiment": "positive", "time": "Mon Mar 14 22:01:13 +0000 2016"}
{"polarity": 0.0, "location": "Atlanta, GA", "sentiment": "neutral", "time": "Mon Mar 14 22:01:14 +0000 2016"}
{"polarity": -0.05000000000000002, "location": "San Diego, CA", "sentiment": "negative", "time": "Mon Mar 14 22:01:19 +0000 2016"}
{"polarity": -0.5, "location": "New York, NY", "sentiment": "negative", "time": "Mon Mar 14 22:01:51 +0000 2016"}
{"polarity": 0.0, "location": "New York, NY", "sentiment": "neutral", "time": "Mon Mar 14 22:01:57 +0000 2016"}
{"polarity": -0.25, "location": "St. Louis, MO", "sentiment": "negative", "time": "Mon Mar 14 22:55:01 +0000 2016"}
{"polarity": 0.0, "location": "Atlanta, GA", "sentiment": "neutral", "time": "Mon Mar 14 22:55:06 +0000 2016"}
{"polarity": -0.6999999999999998, "location": "Boston, MA", "sentiment": "negative", "time": "Mon Mar 14 22:55:10 +0000 2016"}
{"polarity": 0.1, "location": "Boston, MA", "sentiment": "positive", "time": "Mon Mar 14 22:55:14 +0000 2016"}
{"polarity": 0.0, "location": "Boston, MA", "sentiment": "neutral", "time": "Mon Mar 14 22:55:17 +0000 2016"}
{"polarity": 0.005681818181818177, "location": "New York, NY", "sentiment": "positive", "time": "Mon Mar 14 22:55:17 +0000 2016"}
{"polarity": 0.85, "location": "Atlanta, GA", "sentiment": "positive", "time": "Mon Mar 14 22:55:30 +0000 2016"}
{"polarity": 0.0, "location": "New York, NY", "sentiment": "neutral", "time": "Mon Mar 14 22:55:33 +0000 2016"}
{"polarity": 0.13636363636363635, "location": "Boston, MA", "sentiment": "positive", "time": "Mon Mar 14 22:55:35 +0000 2016"}
{"polarity": 0.0, "location": "Portland, OR", "sentiment": "neutral", "time": "Mon Mar 14 22:55:47 +0000 2016"}
{"polarity": 0.13636363636363635, "location": "St. Louis, MO", "sentiment": "positive", "time": "Mon Mar 14 22:09:03 +0000 2016"}
{"polarity": 0.0, "location": "Portland, OR", "sentiment": "neutral", "time": "Mon Mar 14 22:09:04 +0000 2016"}
{"polarity": 0.0, "location": "San Diego, CA", "sentiment": "neutral", "time": "Mon Mar 14 22:09:14 +0000 2016"}
{"polarity": 0.2619047619047619, "location": "New York, NY", "sentiment": "positive", "time": "Mon Mar 14 22:09:20 +0000 2016"}
{"polarity": 0.0, "location": "Seattle, WA", "sentiment": "neutral", "time": "Mon Mar 14 22:09:38 +0000 2016"}
{"polarity": 0.0, "location": "San Diego, CA", "sentiment": "neutral", "time": "Mon Mar 14 22:09:44 +0000 2016"}
{"polarity": 0.0, "location": "Atlanta, GA", "sentiment": "neutral", "time": "Mon Mar 14 22:09:53 +0000 2016"}
{"polarity": 0.0, "location": "Phoenix, AZ", "sentiment": "neutral", "time": "Mon Mar 14 22:09:55 +0000 2016"}
{"polarity": 0.0, "location": "Portland, OR", "sentiment": "neutral", "time": "Mon Mar 14 22:09:57 +0000 2016"}
{"polarity": 0.19999999999999998, "location": "Portland, OR", "sentiment": "positive", "time": "Mon Mar 14 22:33:01 +0000 2016"}
{"polarity": 0.7, "location": "New York, NY", "sentiment": "positive", "time": "Mon Mar 14 22:33:02 +0000 2016"}
{"polarity": 0.6, "location": "Boston, MA", "sentiment": "positive", "time": "Mon Mar 14 22:33:19 +0000 2016"}
{"polarity": 0.0, "location": "Seattle, WA", "sentiment": "neutral", "time": "Mon Mar 14 22:33:28 +0000 2016"}
{"polarity": 0.5, "location": "Seattle, WA", "sentiment": "positive", "time": "Mon Mar 14 22:33:29 +0000 2016"}
{"polarity": 0.0, "location": "Portland, OR", "sentiment": "neutral", "time": "Mon Mar 14 22:33:33 +0000 2016"}
{"polarity": 0.0, "location": "Boston, MA", "sentiment": "neutral", "time": "Mon Mar 14 22:33:58 +0000 2016"}
{"polarity": 0.2, "location": "Atlanta, GA", "sentiment": "positive", "time": "Mon Mar 14 22:44:00 +0000 2016"}
{"polarity": -0.4, "location": "New York, NY", "sentiment": "negative", "time": "Mon Mar 14 22:44:04 +0000 2016"}
{"polarity": 0.0, "location": "Atlanta, GA", "sentiment": "neutral", "time": "Mon Mar 14 22:44:12 +0000 2016"}
{"polarity": 0.0, "location": "Orlando, FL", "sentiment": "neutral", "time": "Mon Mar 14 22:44:31 +0000 2016"}
{"polarity": 0.09583333333333337, "location": "San Diego, CA", "sentiment": "positive", "time": "Mon Mar 14 22:44:39 +0000 2016"}
{"polarity": 0.0, "location": "Seattle, WA", "sentiment": "neutral", "time": "Mon Mar 14 22:44:41 +0000 2016"}
{"polarity": 0.0, "location": "Portland, OR", "sentiment": "neutral", "time": "Mon Mar 14 22:44:53 +0000 2016"}
{"polarity": 0.0, "location": "Boston, MA", "sentiment": "neutral", "time": "Mon Mar 14 22:28:01 +0000 2016"}
{"polarity": 0.1, "location": "New York, NY", "sentiment": "positive", "time": "Mon Mar 14 22:28:04 +0000 2016"}
{"polarity": 0.1, "location": "Seattle, WA", "sentiment": "positive", "time": "Mon Mar 14 22:28:09 +0000 2016"}
{"polarity": 0.7125, "location": "Boston, MA", "sentiment": "positive", "time": "Mon Mar 14 22:28:25 +0000 2016"}
{"polarity": 0.5, "location": "Atlanta, GA", "sentiment": "positive", "time": "Mon Mar 14 22:28:27 +0000 2016"}
{"polarity": 0.4, "location": "Boston, MA", "sentiment": "positive", "time": "Mon Mar 14 22:28:33 +0000 2016"}
{"polarity": 0.625, "location": "New York, NY", "sentiment": "positive", "time": "Mon Mar 14 22:28:34 +0000 2016"}
{"polarity": -0.6, "location": "Seattle, WA", "sentiment": "negative", "time": "Mon Mar 14 22:28:48 +0000 2016"}
{"polarity": 0.0, "location": "Orlando, FL", "sentiment": "neutral", "time": "Mon Mar 14 22:22:07 +0000 2016"}
{"polarity": -0.5, "location": "Phoenix, AZ", "sentiment": "negative", "time": "Mon Mar 14 22:22:17 +0000 2016"}
{"polarity": 0.5, "location": "Atlanta, GA", "sentiment": "positive", "time": "Mon Mar 14 22:22:21 +0000 2016"}
{"polarity": 0.0, "location": "Seattle, WA", "sentiment": "neutral", "time": "Mon Mar 14 22:22:21 +0000 2016"}
{"polarity": 0.0, "location": "Boston, MA", "sentiment": "neutral", "time": "Mon Mar 14 22:22:22 +0000 2016"}
{"polarity": 0.0, "location": "New York, NY", "sentiment": "neutral", "time": "Mon Mar 14 22:22:43 +0000 2016"}
