{"polarity": 0.5681818181818181, "location": "New York, NY", "sentiment": "positive", "time": "Sun Mar 20 00:21:20 +0000 2016"}
{"polarity": 0.0, "location": "Atlanta, GA", "sentiment": "neutral", "time": "Sun Mar 20 00:21:40 +0000 2016"}
{"polarity": 0.0, "location": "Seattle, WA", "sentiment": "neutral", "time": "Sun Mar 20 00:21:44 +0000 2016"}
{"polarity": 0.0, "location": "Atlanta, GA", "sentiment": "neutral", "time": "Sun Mar 20 00:21:45 +0000 2016"}
{"polarity": -0.18333333333333335, "location": "Atlanta, GA", "sentiment": "negative", "time": "Sun Mar 20 00:17:05 +0000 2016"}
{"polarity": -0.2, "location": "San Diego, CA", "sentiment": "negative", "time": "Sun Mar 20 00:17:06 +0000 2016"}
{"polarity": 0.0, "location": "Seattle, WA", "sentiment": "neutral", "time": "Sun Mar 20 00:17:20 +0000 2016"}
{"polarity": 0.0, "location": "Atlanta, GA", "sentiment": "neutral", "time": "Sun Mar 20 00:17:21 +0000 2016"}
{"polarity": 0.9, "location": "Phoenix, AZ", "sentiment": "positive", "time": "Sun Mar 20 00:17:32 +0000 2016"}
{"polarity": 0.0, "location": "Boston, MA", "sentiment": "neutral", "time": "Sun Mar 20 00:17:37 +0000 2016"}
{"polarity": 0.13636363636363635, "location": "Atlanta, GA", "sentiment": "positive", "time": "Sun Mar 20 00:17:40 +0000 2016"}
{"polarity": 0.0, "location": "Atlanta, GA", "sentiment": "neutral", "time": "Sun Mar 20 00:17:45 +0000 2016"}
{"polarity": -0.23749999999999996, "location": "Atlanta, GA", "sentiment": "negative", "time": "Sun Mar 20 00:17:51 +0000 2016"}
{"polarity": 0.0, "location": "Orlando, FL", "sentiment": "neutral", "time": "Sun Mar 20 00:17:52 +0000 2016"}
{"polarity": 0.0, "location": "Seattle, WA", "sentiment": "neutral", "time": "Sun Mar 20 00:17:54 +0000 2016"}
{"polarity": 0.8, "location": "Orlando, FL", "sentiment": "positive", "time": "Sun Mar 20 00:17:55 +0000 2016"}
{"polarity": 0.0, "location": "Phoenix, AZ", "sentiment": "neutral", "time": "Sun Mar 20 00:17:59 +0000 2016"}
{"polarity": 0.0, "location": "Seattle, WA", "sentiment": "neutral", "time": "Sun Mar 20 00:17:59 +0000 2016"}
{"polarity": 0.0, "location": "Seattle, WA", "sentiment": "neutral", "time": "Sun Mar 20 00:12:01 +0000 2016"}
{"polarity": 0.55, "location": "New York, NY", "sentiment": "positive", "time": "Sun Mar 20 00:12:01 +0000 2016"}
{"polarity": 0.0, "location": "New York, NY", "sentiment": "neutral", "time": "Sun Mar 20 00:12:02 +0000 2016"}
{"polarity": 0.0, "location": "Portland, OR", "sentiment": "neutral", "time": "Sun Mar 20 00:12:26 +0000 2016"}
{"polarity": 0.5, "location": "Boston, MA", "sentiment": "positive", "time": "Sun Mar 20 00:12:33 +0000 2016"}
{"polarity": 0.0, "location": "Phoenix, AZ", "sentiment": "neutral", "time": "Sun Mar 20 00:12:45 +0000 2016"}
{"polarity": 0.0, "location": "Atlanta, GA", "sentiment": "neutral", "time": "Sun Mar 20 00:12:45 +0000 2016"}
{"polarity": 0.0, "location": "Portland, OR", "sentiment": "neutral", "time": "Sun Mar 20 00:29:05 +0000 2016"}
{"polarity": -0.2897727272727273, "location": "Atlanta, GA", "sentiment": "negative", "time": "Sun Mar 20 00:29:15 +0000 2016"}
{"polarity": 0.8, "location": "Seattle, WA", "sentiment": "positive", "time": "Sun Mar 20 00:29:23 +0000 2016"}
{"polarity": -0.15, "location": "Atlanta, GA", "sentiment": "negative", "time": "Sun Mar 20 00:29:40 +0000 2016"}
{"polarity": 0.3333333333333333, "location": "Boston, MA", "sentiment": "positive", "time": "Sun Mar 20 00:18:11 +0000 2016"}
{"polarity": 0.0, "location": "Atlanta, GA", "sentiment": "neutral", "time": "Sun Mar 20 00:18:23 +0000 2016"}
{"polarity": 0.25, "location": "New York, NY", "sentiment": "positive", "time": "Sun Mar 20 00:18:28 +0000 2016"}
{"polarity": 0.0, "location": "Seattle, WA", "sentiment": "neutral", "time": "Sun Mar 20 00:18:29 +0000 2016"}
{"polarity": 0.25, "location": "Atlanta, GA", "sentiment": "positive", "time": "Sun Mar 20 00:18:32 +0000 2016"}
{"polarity": 0.0, "location": "Seattle, WA", "sentiment": "neutral", "time": "Sun Mar 20 00:18:33 +0000 2016"}
{"polarity": -0.025, "location": "Orlando, FL", "sentiment": "negative", "time": "Sun Mar 20 00:18:35 +0000 2016"}
{"polarity": 0.0, "location": "Phoenix, AZ", "sentiment": "neutral", "time": "Sun Mar 20 00:18:36 +0000 2016"}
{"polarity": 0.0, "location": "Boston, MA", "sentiment": "neutral", "time": "Sun Mar 20 00:18:39 +0000 2016"}
{"polarity": 0.0, "location": "San Diego, CA", "sentiment": "neutral", "time": "Sun Mar 20 00:18:46 +0000 2016"}
{"polarity": 0.0, "location": "Orlando, FL", "sentiment": "neutral", "time": "Sun Mar 20 00:18:49 +0000 2016"}
{"polarity": 0.0, "location": "Atlanta, GA", "sentiment": "neutral", "time": "Sun Mar 20 00:18:59 +0000 2016"}
{"polarity": 0.4777777777777778, "location": "Portland, OR", "sentiment": "positive", "time": "Sun Mar 20 00:46:21 +0000 2016"}
{"polarity": -0.29500000000000004, "location": "New York, NY", "sentiment": "negative", "time": "Sun Mar 20 00:46:32 +0000 2016"}
{"polarity": 1.0, "location": "San Diego, CA", "sentiment": "positive", "time": "Sun Mar 20 00:46:37 +0000 2016"}
{"polarity": 0.1, "location": "Atlanta, GA", "sentiment": "positive", "time": "Sun Mar 20 00:46:39 +0000 2016"}
{"polarity": 0.0, "location": "San Diego, CA", "sentiment": "neutral", "time": "Sun Mar 20 00:46:44 +0000 2016"}
{"polarity": 0.0, "location": "Seattle, WA", "sentiment": "neutral", "time": "Sun Mar 20 00:46:45 +0000 2016"}
{"polarity": -0.8, "location": "New York, NY", "sentiment": "negative", "time": "Sun Mar 20 00:46:55 +0000 2016"}
{"polarity": 0.0, "location": "Portland, OR", "sentiment": "neutral", "time": "Sun Mar 20 00:46:55 +0000 2016"}
{"polarity": -0.15625, "location": "Atlanta, GA", "sentiment": "negative", "time": "Sun Mar 20 00:46:57 +0000 2016"}
{"polarity": 0.0, "location": "Portland, OR", "sentiment": "neutral", "time": "Sun Mar 20 00:00:01 +0000 2016"}
{"polarity": 1.0, "location": "Orlando, FL", "sentiment": "positive", "time": "Sun Mar 20 00:00:09 +0000 2016"}
{"polarity": 0.3333333333333333, "location": "San Diego, CA", "sentiment": "positive", "time": "Sun Mar 20 00:00:29 +0000 2016"}
{"polarity": -0.125, "location": "Phoenix, AZ", "sentiment": "negative", "time": "Sun Mar 20 00:00:32 +0000 2016"}
{"polarity": 0.0, "location": "Boston, MA", "sentiment": "neutral", "time": "Sun Mar 20 00:00:38 +0000 2016"}
{"polarity": 0.3, "location": "Atlanta, GA", "sentiment": "positive", "time": "Sun Mar 20 00:00:44 +0000 2016"}
{"polarity": 0.9, "location": "Portland, OR", "sentiment": "positive", "time": "Sun Mar 20 00:00:46 +0000 2016"}
{"polarity": 0.0, "location": "Phoenix, AZ", "sentiment": "neutral", "time": "Sun Mar 20 00:00:53 +0000 2016"}
{"polarity": 0.0, "location": "Atlanta, GA", "sentiment": "neutral", "time": "Sun Mar 20 00:34:09 +0000 2016"}
{"polarity": 0.4, "location": "New York, NY", "sentiment": "positive", "time": "Sun Mar 20 00:34:21 +0000 2016"}
{"polarity": 0.15625, "location": "Atlanta, GA", "sentiment": "positive", "time": "Sun Mar 20 00:34:26 +0000 2016"}
{"polarity": 1.0, "location": "Portland, OR", "sentiment": "positive", "time": "Sun Mar 20 00:34:40 +0000 2016"}
{"polarity": 0.0, "location": "Atlanta, GA", "sentiment": "neutral", "time": "Sun Mar 20 00:34:43 +0000 2016"}
{"polarity": -0.6, "location": "Portland, OR", "sentiment": "negative", "time": "Sun Mar 20 00:34:49 +0000 2016"}
{"polarity": 0.0, "location": "Atlanta, GA", "sentiment": "neutral", "time": "Sun Mar 20 00:05:06 +0000 2016"}
{"polarity": 0.7, "location": "Seattle, WA", "sentiment": "positive", "time": "Sun Mar 20 00:05:28 +0000 2016"}
{"polarity": -0.2, "location": "Atlanta, GA", "sentiment": "negative", "time": "Sun Mar 20 00:05:30 +0000 2016"}
{"polarity": 0.0, "location": "San Diego, CA", "sentiment": "neutral", "time": "Sun Mar 20 00:05:34 +0000 2016"}
{"polarity": -0.75, "location": "Phoenix, AZ", "sentiment": "negative", "time": "Sun Mar 20 00:05:39 +0000 2016"}
{"polarity": 0.0, "location": "Phoenix, AZ", "sentiment": "neutral", "time": "Sun Mar 20 00:05:44 +0000 2016"}
{"polarity": 0.0, "location": "Phoenix, AZ", "sentiment": "neutral", "time": "Sun Mar 20 00:11:00 +0000 2016"}
{"polarity": 0.0, "location": "Orlando, FL", "sentiment": "neutral", "time": "Sun Mar 20 00:11:00 +0000 2016"}
{"polarity": -0.125, "location": "New York, NY", "sentiment": "negative", "time": "Sun Mar 20 00:11:00 +0000 2016"}
{"polarity": 0.0, "location": "Orlando, FL", "sentiment": "neutral", "time": "Sun Mar 20 00:11:06 +0000 2016"}
{"polarity": 0.0, "location": "Portland, OR", "sentiment": "neutral", "time": "Sun Mar 20 00:11:14 +0000 2016"}
{"polarity": 0.0, "location": "Seattle, WA", "sentiment": "neutral", "time": "Sun Mar 20 00:11:17 +0000 2016"}
{"polarity": 0.0, "location": "Seattle, WA", "sentiment": "neutral", "time": "Sun Mar 20 00:11:17 +0000 2016"}
{"polarity": 0.5, "location": "Orlando, FL", "sentiment": "positive", "time": "Sun Mar 20 00:11:19 +0000 2016"}
{"polarity": 0.0, "location": "San Diego, CA", "sentiment": "neutral", "time": "Sun Mar 20 00:11:27 +0000 2016"}
{"polarity": 0.0, "location": "Portland, OR", "sentiment": "neutral", "time": "Sun Mar 20 00:11:27 +0000 2016"}
{"polarity": 0.0, "location": "San Diego, CA", "sentiment": "neutral", "time": "Sun Mar 20 00:11:34 +0000 2016"}
{"polarity": 0.375, "location": "New York, NY", "sentiment": "positive", "time": "Sun Mar 20 00:11:41 +0000 2016"}
{"polarity": 0.0, "location": "New York, NY", "sentiment": "neutral", "time": "Sun Mar 20 00:11:52 +0000 2016"}
{"polarity": 0.45, "location": "Atlanta, GA", "sentiment": "positive", "time": "Sun Mar 20 00:11:59 +0000 2016"}
{"polarity": 0.0, "location": "Boston, MA", "sentiment": "neutral", "time": "Sun Mar 20 00:56:05 +0000 2016"}
{"polarity": 0.0, "location": "Atlanta, GA", "sentiment": "neutral", "time": "Sun Mar 20 00:56:31 +0000 2016"}
{"polarity": 0.13636363636363635, "location": "Phoenix, AZ", "sentiment": "positive", "time": "Sun Mar 20 00:56:38 +0000 2016"}
{"polarity": 0.0, "location": "Orlando, FL", "sentiment": "neutral", "time": "Sun Mar 20 00:47:02 +0000 2016"}
{"polarity": -0.25, "location": "Seattle, WA", "sentiment": "negative", "time": "Sun Mar 20 00:47:05 +0000 2016"}
{"polarity": -0.1, "location": "Boston, MA", "sentiment": "negative", "time": "Sun Mar 20 00:47:06 +0000 2016"}
{"polarity": -0.2, "location": "Orlando, FL", "sentiment": "negative", "time": "Sun Mar 20 00:47:06 +0000 2016"}
{"polarity": 0.2, "location": "New York, NY", "sentiment": "positive", "time": "Sun Mar 20 00:47:18 +0000 2016"}
{"polarity": 0.0, "location": "Seattle, WA", "sentiment": "neutral", "time": "Sun Mar 20 00:47:30 +0000 2016"}
{"polarity": -0.03888888888888888, "location": "New York, NY", "sentiment": "negative", "time": "Sun Mar 20 00:47:37 +0000 2016"}
{"polarity": 0.1, "location": "Boston, MA", "sentiment": "positive", "time": "Sun Mar 20 00:47:38 +0000 2016"}
{"polarity": 0.2, "location": "Seattle, WA", "sentiment": "positive", "time": "Sun Mar 20 00:47:41 +0000 2016"}
{"polarity": -0.75, "location": "San Diego, CA", "sentiment": "negative", "time": "Sun Mar 20 00:47:42 +0000 2016"}
{"polarity": 0.6, "location": "Boston, MA", "sentiment": "positive", "time": "Sun Mar 20 00:47:42 +0000 2016"}
{"polarity": 0.11666666666666665, "location": "Seattle, WA", "sentiment": "positive", "time": "Sun Mar 20 00:47:47 +0000 2016"}
{"polarity": 0.0, "location": "New York, NY", "sentiment": "neutral", "time": "Sun Mar 20 00:47:47 +0000 2016"}
{"polarity": 0.0, "location": "New York, NY", "sentiment": "neutral", "time": "Sun Mar 20 00:47:53 +0000 2016"}
{"polarity": 0.0, "location": "Atlanta, GA", "sentiment": "neutral", "time": "Sun Mar 20 00:52:01 +0000 2016"}
{"polarity": 0.0, "location": "Orlando, FL", "sentiment": "neutral", "time": "Sun Mar 20 00:52:03 +0000 2016"}
{"polarity": 0.0, "location": "Atlanta, GA", "sentiment": "neutral", "time": "Sun Mar 20 00:52:07 +0000 2016"}
{"polarity": 0.0, "location": "Orlando, FL", "sentiment": "neutral", "time": "Sun Mar 20 00:52:17 +0000 2016"}
{"polarity": 1.0, "location": "Seattle, WA", "sentiment": "positive", "time": "Sun Mar 20 00:52:49 +0000 2016"}
{"polarity": 0.0, "location": "Seattle, WA", "sentiment": "neutral", "time": "Sun Mar 20 00:53:06 +0000 2016"}
{"polarity": 0.0, "location": "Atlanta, GA", "sentiment": "neutral", "time": "Sun Mar 20 00:53:07 +0000 2016"}
{"polarity": 1.0, "location": "San Diego, CA", "sentiment": "positive", "time": "Sun Mar 20 00:53:08 +0000 2016"}
{"polarity": 0.8, "location": "Seattle, WA", "sentiment": "positive", "time": "Sun Mar 20 00:53:20 +0000 2016"}
{"polarity": 0.0, "location": "San Diego, CA", "sentiment": "neutral", "time": "Sun Mar 20 00:53:30 +0000 2016"}
{"polarity": 0.0, "location": "Seattle, WA", "sentiment": "neutral", "time": "Sun Mar 20 00:53:32 +0000 2016"}
{"polarity": 0.0, "location": "Boston, MA", "sentiment": "neutral", "time": "Sun Mar 20 00:53:44 +0000 2016"}
{"polarity": 0.0, "location": "New York, NY", "sentiment": "neutral", "time": "Sun Mar 20 00:53:47 +0000 2016"}
{"polarity": 0.0, "location": "Seattle, WA", "sentiment": "neutral", "time": "Sun Mar 20 00:02:01 +0000 2016"}
{"polarity": 0.5, "location": "Portland, OR", "sentiment": "positive", "time": "Sun Mar 20 00:02:16 +0000 2016"}
{"polarity": 0.0, "location": "Atlanta, GA", "sentiment": "neutral", "time": "Sun Mar 20 00:02:22 +0000 2016"}
{"polarity": 0.0, "location": "Phoenix, AZ", "sentiment": "neutral", "time": "Sun Mar 20 00:02:38 +0000 2016"}
{"polarity": 0.0, "location": "New York, NY", "sentiment": "neutral", "time": "Sun Mar 20 00:48:06 +0000 2016"}
{"polarity": 0.0, "location": "Portland, OR", "sentiment": "neutral", "time": "Sun Mar 20 00:48:29 +0000 2016"}
{"polarity": 0.0, "location": "Portland, OR", "sentiment": "neutral", "time": "Sun Mar 20 00:48:29 +0000 2016"}
{"polarity": 0.0, "location": "Portland, OR", "sentiment": "neutral", "time": "Sun Mar 20 00:48:34 +0000 2016"}
{"polarity": 0.0, "location": "Phoenix, AZ", "sentiment": "neutral", "time": "Sun Mar 20 00:48:36 +0000 2016"}
{"polarity": 0.1, "location": "New York, NY", "sentiment": "positive", "time": "Sun Mar 20 00:48:44 +0000 2016"}
{"polarity": 0.4, "location": "New York, NY", "sentiment": "positive", "time": "Sun Mar 20 00:48:46 +0000 2016"}
{"polarity": 0.0, "location": "Boston, MA", "sentiment": "neutral", "time": "Sun Mar 20 00:48:49 +0000 2016"}
{"polarity": 0.0, "location": "Boston, MA", "sentiment": "neutral", "time": "Sun Mar 20 00:25:03 +0000 2016"}
{"polarity": 0.0, "location": "New York, NY", "sentiment": "neutral", "time": "Sun Mar 20 00:25:08 +0000 2016"}
{"polarity": 1.0, "location": "New York, NY", "sentiment": "positive", "time": "Sun Mar 20 00:25:18 +0000 2016"}
{"polarity": 0.0, "location": "Seattle, WA", "sentiment": "neutral", "time": "Sun Mar 20 00:25:27 +0000 2016"}
{"polarity": -0.15000000000000002, "location": "Seattle, WA", "sentiment": "negative", "time": "Sun Mar 20 00:25:33 +0000 2016"}
{"polarity": -0.24431818181818182, "location": "New York, NY", "sentiment": "negative", "time": "Sun Mar 20 00:25:36 +0000 2016"}
{"polarity": 0.35, "location": "Atlanta, GA", "sentiment": "positive", "time": "Sun Mar 20 00:25:39 +0000 2016"}
{"polarity": 0.0, "location": "New York, NY", "sentiment": "neutral", "time": "Sun Mar 20 00:25:50 +0000 2016"}
{"polarity": 0.525, "location": "New York, NY", "sentiment": "positive", "time": "Sun Mar 20 00:16:04 +0000 2016"}
{"polarity": 0.6, "location": "Boston, MA", "sentiment": "positive", "time": "Sun Mar 20 00:16:28 +0000 2016"}
{"polarity": 0.8, "location": "Seattle, WA", "sentiment": "positive", "time": "Sun Mar 20 00:16:56 +0000 2016"}
{"polarity": 0.0, "location": "Boston, MA", "sentiment": "neutral", "time": "Sun Mar 20 00:14:09 +0000 2016"}
{"polarity": 0.5, "location": "New York, NY", "sentiment": "positive", "time": "Sun Mar 20 00:14:10 +0000 2016"}
{"polarity": -0.5, "location": "New York, NY", "sentiment": "negative", "time": "Sun Mar 20 00:14:11 +0000 2016"}
{"polarity": 0.21666666666666667, "location": "Seattle, WA", "sentiment": "positive", "time": "Sun Mar 20 00:14:13 +0000 2016"}
{"polarity": 0.0, "location": "Boston, MA", "sentiment": "neutral", "time": "Sun Mar 20 00:14:22 +0000 2016"}
{"polarity": 0.9375000000000001, "location": "San Diego, CA", "sentiment": "positive", "time": "Sun Mar 20 00:14:24 +0000 2016"}
{"polarity": 0.0, "location": "New York, NY", "sentiment": "neutral", "time": "Sun Mar 20 00:14:25 +0000 2016"}
{"polarity": 0.23750000000000002, "location": "Phoenix, AZ", "sentiment": "positive", "time": "Sun Mar 20 00:14:29 +0000 2016"}
{"polarity": 0.6, "location": "San Diego, CA", "sentiment": "positive", "time": "Sun Mar 20 00:14:47 +0000 2016"}
{"polarity": 0.55, "location": "New York, NY", "sentiment": "positive", "time": "Sun Mar 20 00:14:48 +0000 2016"}
{"polarity": 0.0, "location": "Atlanta, GA", "sentiment": "neutral", "time": "Sun Mar 20 00:14:54 +0000 2016"}
{"polarity": 1.0, "location": "Orlando, FL", "sentiment": "positive", "time": "Sun Mar 20 00:23:01 +0000 2016"}
{"polarity": 0.8, "location": "Seattle, WA", "sentiment": "positive", "time": "Sun Mar 20 00:23:08 +0000 2016"}
{"polarity": 0.0, "location": "Boston, MA", "sentiment": "neutral", "time": "Sun Mar 20 00:23:14 +0000 2016"}
{"polarity": 0.4, "location": "New York, NY", "sentiment": "positive", "time": "Sun Mar 20 00:23:23 +0000 2016"}
{"polarity": -0.16111111111111112, "location": "New York, NY", "sentiment": "negative", "time": "Sun Mar 20 00:23:27 +0000 2016"}
{"polarity": 0.0, "location": "San Diego, CA", "sentiment": "neutral", "time": "Sun Mar 20 00:23:31 +0000 2016"}
{"polarity": 0.0, "location": "New York, NY", "sentiment": "neutral", "time": "Sun Mar 20 00:23:33 +0000 2016"}
{"polarity": 0.0, "location": "Portland, OR", "sentiment": "neutral", "time": "Sun Mar 20 00:23:42 +0000 2016"}
{"polarity": 0.0, "location": "Atlanta, GA", "sentiment": "neutral", "time": "Sun Mar 20 00:23:46 +0000 2016"}
{"polarity": 0.0, "location": "New York, NY", "sentiment": "neutral", "time": "Sun Mar 20 00:07:06 +0000 2016"}
{"polarity": 0.19, "location": "Seattle, WA", "sentiment": "positive", "time": "Sun Mar 20 00:07:09 +0000 2016"}
{"polarity": -0.14166666666666666, "location": "New York, NY", "sentiment": "negative", "time": "Sun Mar 20 00:07:11 +0000 2016"}
{"polarity": -0.3, "location": "Orlando, FL", "sentiment": "negative", "time": "Sun Mar 20 00:07:23 +0000 2016"}
{"polarity": 0.0, "location": "Orlando, FL", "sentiment": "neutral", "time": "Sun Mar 20 00:07:23 +0000 2016"}
{"polarity": 0.16111111111111112, "location": "Atlanta, GA", "sentiment": "positive", "time": "Sun Mar 20 00:07:31 +0000 2016"}
{"polarity": -0.27499999999999997, "location": "Portland, OR", "sentiment": "negative", "time": "Sun Mar 20 00:07:31 +0000 2016"}
{"polarity": 0.0, "location": "Phoenix, AZ", "sentiment": "neutral", "time": "Sun Mar 20 00:07:38 +0000 2016"}
{"polarity": 0.0, "location": "San Diego, CA", "sentiment": "neutral", "time": "Sun Mar 20 00:07:43 +0000 2016"}
{"polarity": 0.0, "location": "New York, NY", "sentiment": "neutral", "time": "Sun Mar 20 00:07:54 +0000 2016"}
{"polarity": 0.0, "location": "New York, NY", "sentiment": "neutral", "time": "Sun Mar 20 00:51:00 +0000 2016"}
{"polarity": -0.20000000000000004, "location": "St. Louis, MO", "sentiment": "negative", "time": "Sun Mar 20 00:51:21 +0000 2016"}
{"polarity": 0.13636363636363635, "location": "Seattle, WA", "sentiment": "positive", "time": "Sun Mar 20 00:51:22 +0000 2016"}
{"polarity": 0.2916666666666667, "location": "Seattle, WA", "sentiment": "positive", "time": "Sun Mar 20 00:51:29 +0000 2016"}
{"polarity": -0.16666666666666666, "location": "Seattle, WA", "sentiment": "negative", "time": "Sun Mar 20 00:51:31 +0000 2016"}
{"polarity": 0.0, "location": "Seattle, WA", "sentiment": "neutral", "time": "Sun Mar 20 00:51:46 +0000 2016"}
{"polarity": 0.0, "location": "Seattle, WA", "sentiment": "neutral", "time": "Sun Mar 20 00:30:00 +0000 2016"}
{"polarity": 0.0, "location": "Seattle, WA", "sentiment": "neutral", "time": "Sun Mar 20 00:30:05 +0000 2016"}
{"polarity": 0.13636363636363635, "location": "Boston, MA", "sentiment": "positive", "time": "Sun Mar 20 00:30:12 +0000 2016"}
{"polarity": 0.1, "location": "New York, NY", "sentiment": "positive", "time": "Sun Mar 20 00:30:31 +0000 2016"}
{"polarity": 0.0, "location": "Atlanta, GA", "sentiment": "neutral", "time": "Sun Mar 20 00:30:33 +0000 2016"}
{"polarity": 0.4017857142857143, "location": "New York, NY", "sentiment": "positive", "time": "Sun Mar 20 00:30:37 +0000 2016"}
{"polarity": 0.0, "location": "Atlanta, GA", "sentiment": "neutral", "time": "Sun Mar 20 00:30:37 +0000 2016"}
{"polarity": 0.0, "location": "Atlanta, GA", "sentiment": "neutral", "time": "Sun Mar 20 00:30:53 +0000 2016"}
{"polarity": 0.0, "location": "Atlanta, GA", "sentiment": "neutral", "time": "Sun Mar 20 00:30:54 +0000 2016"}
{"polarity": 0.8, "location": "San Diego, CA", "sentiment": "positive", "time": "Sun Mar 20 00:30:56 +0000 2016"}
{"polarity": 0.0, "location": "Orlando, FL", "sentiment": "neutral", "time": "Sun Mar 20 00:03:02 +0000 2016"}
{"polarity": 0.0, "location": "New York, NY", "sentiment": "neutral", "time": "Sun Mar 20 00:03:05 +0000 2016"}
{"polarity": 0.37857142857142856, "location": "Atlanta, GA", "sentiment": "positive", "time": "Sun Mar 20 00:03:12 +0000 2016"}
{"polarity": -0.05, "location": "Atlanta, GA", "sentiment": "negative", "time": "Sun Mar 20 00:03:12 +0000 2016"}
{"polarity": 0.25, "location": "Seattle, WA", "sentiment": "positive", "time": "Sun Mar 20 00:03:19 +0000 2016"}
{"polarity": 0.375, "location": "Portland, OR", "sentiment": "positive", "time": "Sun Mar 20 00:03:20 +0000 2016"}
{"polarity": -0.4, "location": "Phoenix, AZ", "sentiment": "negative", "time": "Sun Mar 20 00:03:24 +0000 2016"}
{"polarity": 0.4, "location": "San Diego, CA", "sentiment": "positive", "time": "Sun Mar 20 00:03:30 +0000 2016"}
{"polarity": -0.15, "location": "Portland, OR", "sentiment": "negative", "time": "Sun Mar 20 00:03:30 +0000 2016"}
{"polarity": 0.0, "location": "New York, NY", "sentiment": "neutral", "time": "Sun Mar 20 00:03:31 +0000 2016"}
{"polarity": 0.0, "location": "Seattle, WA", "sentiment": "neutral", "time": "Sun Mar 20 00:03:45 +0000 2016"}
{"polarity": 0.0, "location": "San Diego, CA", "sentiment": "neutral", "time": "Sun Mar 20 00:03:52 +0000 2016"}
{"polarity": 0.0, "location": "Boston, MA", "sentiment": "neutral", "time": "Sun Mar 20 00:03:56 +0000 2016"}
{"polarity": 0.0, "location": "New York, NY", "sentiment": "neutral", "time": "Sun Mar 20 00:03:59 +0000 2016"}
{"polarity": 0.4, "location": "Boston, MA", "sentiment": "positive", "time": "Sun Mar 20 00:40:13 +0000 2016"}
{"polarity": 0.0, "location": "Orlando, FL", "sentiment": "neutral", "time": "Sun Mar 20 00:40:21 +0000 2016"}
{"polarity": 0.0, "location": "Atlanta, GA", "sentiment": "neutral", "time": "Sun Mar 20 00:40:33 +0000 2016"}
{"polarity": 0.11666666666666668, "location": "Atlanta, GA", "sentiment": "positive", "time": "Sun Mar 20 00:40:37 +0000 2016"}
{"polarity": 0.13636363636363635, "location": "San Diego, CA", "sentiment": "positive", "time": "Sun Mar 20 00:08:06 +0000 2016"}
{"polarity": 0.30000000000000004, "location": "Atlanta, GA", "sentiment": "positive", "time": "Sun Mar 20 00:08:14 +0000 2016"}
{"polarity": 0.0, "location": "Atlanta, GA", "sentiment": "neutral", "time": "Sun Mar 20 00:08:20 +0000 2016"}
{"polarity": 0.0, "location": "Seattle, WA", "sentiment": "neutral", "time": "Sun Mar 20 00:08:27 +0000 2016"}
{"polarity": 1.0, "location": "New York, NY", "sentiment": "positive", "time": "Sun Mar 20 00:08:29 +0000 2016"}
{"polarity": 0.8, "location": "Portland, OR", "sentiment": "positive", "time": "Sun Mar 20 00:08:32 +0000 2016"}
{"polarity": 0.06666666666666667, "location": "New York, NY", "sentiment": "positive", "time": "Sun Mar 20 00:08:42 +0000 2016"}
{"polarity": 0.5, "location": "Portland, OR", "sentiment": "positive", "time": "Sun Mar 20 00:08:47 +0000 2016"}
{"polarity": 0.0, "location": "Phoenix, AZ", "sentiment": "neutral", "time": "Sun Mar 20 00:35:00 +0000 2016"}
{"polarity": 0.0, "location": "New York, NY", "sentiment": "neutral", "time": "Sun Mar 20 00:35:05 +0000 2016"}
{"polarity": 0.0, "location": "Boston, MA", "sentiment": "neutral", "time": "Sun Mar 20 00:35:07 +0000 2016"}
{"polarity": 0.0, "location": "San Diego, CA", "sentiment": "neutral", "time": "Sun Mar 20 00:35:13 +0000 2016"}
{"polarity": 0.75, "location": "Atlanta, GA", "sentiment": "positive", "time": "Sun Mar 20 00:35:15 +0000 2016"}
{"polarity": 0.0, "location": "New York, NY", "sentiment": "neutral", "time": "Sun Mar 20 00:35:21 +0000 2016"}
{"polarity": 0.0, "location": "New York, NY", "sentiment": "neutral", "time": "Sun Mar 20 00:35:24 +0000 2016"}
{"polarity": 0.0, "location": "Seattle, WA", "sentiment": "neutral", "time": "Sun Mar 20 00:35:27 +0000 2016"}
{"polarity": 0.1, "location": "New York, NY", "sentiment": "positive", "time": "Sun Mar 20 00:35:43 +0000 2016"}
{"polarity": 0.0, "location": "Boston, MA", "sentiment": "neutral", "time": "Sun Mar 20 00:35:50 +0000 2016"}
{"polarity": 0.0, "location": "New York, NY", "sentiment": "neutral", "time": "Sun Mar 20 00:35:50 +0000 2016"}
{"polarity": 0.0, "location": "Seattle, WA", "sentiment": "neutral", "time": "Sun Mar 20 00:43:01 +0000 2016"}
{"polarity": 0.0, "location": "San Diego, CA", "sentiment": "neutral", "time": "Sun Mar 20 00:43:10 +0000 2016"}
{"polarity": 0.3181818181818182, "location": "San Diego, CA", "sentiment": "positive", "time": "Sun Mar 20 00:43:14 +0000 2016"}
{"polarity": 0.4777777777777778, "location": "Atlanta, GA", "sentiment": "positive", "time": "Sun Mar 20 00:43:19 +0000 2016"}
{"polarity": 0.39204545454545453, "location": "Orlando, FL", "sentiment": "positive", "time": "Sun Mar 20 00:43:29 +0000 2016"}
{"polarity": -0.10615079365079366, "location": "Portland, OR", "sentiment": "negative", "time": "Sun Mar 20 00:43:38 +0000 2016"}
{"polarity": 0.0, "location": "Atlanta, GA", "sentiment": "neutral", "time": "Sun Mar 20 00:43:39 +0000 2016"}
{"polarity": 0.0, "location": "Phoenix, AZ", "sentiment": "neutral", "time": "Sun Mar 20 00:43:51 +0000 2016"}
{"polarity": -0.1, "location": "Orlando, FL", "sentiment": "negative", "time": "Sun Mar 20 00:10:00 +0000 2016"}
{"polarity": 0.0, "location": "New York, NY", "sentiment": "neutral", "time": "Sun Mar 20 00:10:04 +0000 2016"}
{"polarity": 0.0, "location": "Seattle, WA", "sentiment": "neutral", "time": "Sun Mar 20 00:10:12 +0000 2016"}
{"polarity": 0.0, "location": "Atlanta, GA", "sentiment": "neutral", "time": "Sun Mar 20 00:10:30 +0000 2016"}
{"polarity": -0.25, "location": "Boston, MA", "sentiment": "negative", "time": "Sun Mar 20 00:10:38 +0000 2016"}
{"polarity": 0.0, "location": "Boston, MA", "sentiment": "neutral", "time": "Sun Mar 20 00:54:08 +0000 2016"}
{"polarity": 0.0, "location": "Atlanta, GA", "sentiment": "neutral", "time": "Sun Mar 20 00:54:12 +0000 2016"}
{"polarity": -0.25, "location": "Boston, MA", "sentiment": "negative", "time": "Sun Mar 20 00:54:14 +0000 2016"}
{"polarity": 0.0, "location": "Seattle, WA", "sentiment": "neutral", "time": "Sun Mar 20 00:54:35 +0000 2016"}
{"polarity": 0.0, "location": "San Diego, CA", "sentiment": "neutral", "time": "Sun Mar 20 00:54:37 +0000 2016"}
{"polarity": 0.5, "location": "New York, NY", "sentiment": "positive", "time": "Sun Mar 20 00:54:42 +0000 2016"}
{"polarity": -0.6, "location": "Phoenix, AZ", "sentiment": "negative", "time": "Sun Mar 20 00:54:44 +0000 2016"}
{"polarity": 0.18333333333333335, "location": "Atlanta, GA", "sentiment": "positive", "time": "Sun Mar 20 00:54:52 +0000 2016"}
{"polarity": 0.0, "location": "Boston, MA", "sentiment": "neutral", "time": "Sun Mar 20 00:24:10 +0000 2016"}
{"polarity": 0.08333333333333331, "location": "Atlanta, GA", "sentiment": "positive", "time": "Sun Mar 20 00:24:11 +0000 2016"}
{"polarity": 0.0, "location": "Portland, OR", "sentiment": "neutral", "time": "Sun Mar 20 00:24:20 +0000 2016"}
{"polarity": 1.0, "location": "Atlanta, GA", "sentiment": "positive", "time": "Sun Mar 20 00:24:24 +0000 2016"}
{"polarity": 0.0, "location": "Portland, OR", "sentiment": "neutral", "time": "Sun Mar 20 00:24:25 +0000 2016"}
{"polarity": 0.0, "location": "San Diego, CA", "sentiment": "neutral", "time": "Sun Mar 20 00:24:33 +0000 2016"}
{"polarity": 0.25, "location": "New York, NY", "sentiment": "positive", "time": "Sun Mar 20 00:24:50 +0000 2016"}
{"polarity": 0.0, "location": "Atlanta, GA", "sentiment": "neutral", "time": "Sun Mar 20 00:24:51 +0000 2016"}
{"polarity": 0.0, "location": "Atlanta, GA", "sentiment": "neutral", "time": "Sun Mar 20 00:32:03 +0000 2016"}
{"polarity": 0.0, "location": "Phoenix, AZ", "sentiment": "neutral", "time": "Sun Mar 20 00:32:15 +0000 2016"}
{"polarity": 0.0, "location": "Seattle, WA", "sentiment": "neutral", "time": "Sun Mar 20 00:32:19 +0000 2016"}
{"polarity": 0.5, "location": "New York, NY", "sentiment": "positive", "time": "Sun Mar 20 00:32:33 +0000 2016"}
{"polarity": -0.175, "location": "Portland, OR", "sentiment": "negative", "time": "Sun Mar 20 00:32:34 +0000 2016"}
{"polarity": 0.35, "location": "Atlanta, GA", "sentiment": "positive", "time": "Sun Mar 20 00:32:35 +0000 2016"}
{"polarity": 0.0, "location": "San Diego, CA", "sentiment": "neutral", "time": "Sun Mar 20 00:32:46 +0000 2016"}
{"polarity": 0.0, "location": "Kansas City, KS", "sentiment": "neutral", "time": "Sun Mar 20 00:32:52 +0000 2016"}
{"polarity": -0.4, "location": "Portland, OR", "sentiment": "negative", "time": "Sun Mar 20 00:32:59 +0000 2016"}
{"polarity": 0.0, "location": "Atlanta, GA", "sentiment": "neutral", "time": "Sun Mar 20 00:36:22 +0000 2016"}
{"polarity": 0.3181818181818182, "location": "San Diego, CA", "sentiment": "positive", "time": "Sun Mar 20 00:36:28 +0000 2016"}
{"polarity": 0.0, "location": "New York, NY", "sentiment": "neutral", "time": "Sun Mar 20 00:36:33 +0000 2016"}
{"polarity": 0.0, "location": "Orlando, FL", "sentiment": "neutral", "time": "Sun Mar 20 00:36:34 +0000 2016"}
{"polarity": -0.1875, "location": "Boston, MA", "sentiment": "negative", "time": "Sun Mar 20 00:36:38 +0000 2016"}
{"polarity": -0.1875, "location": "San Diego, CA", "sentiment": "negative", "time": "Sun Mar 20 00:01:09 +0000 2016"}
{"polarity": 0.0, "location": "Portland, OR", "sentiment": "neutral", "time": "Sun Mar 20 00:01:18 +0000 2016"}
{"polarity": 1.0, "location": "Atlanta, GA", "sentiment": "positive", "time": "Sun Mar 20 00:01:20 +0000 2016"}
{"polarity": 0.024999999999999994, "location": "Boston, MA", "sentiment": "positive", "time": "Sun Mar 20 00:01:20 +0000 2016"}
{"polarity": 0.2625, "location": "St. Louis, MO", "sentiment": "positive", "time": "Sun Mar 20 00:01:36 +0000 2016"}
{"polarity": 0.0, "location": "Boston, MA", "sentiment": "neutral", "time": "Sun Mar 20 00:01:39 +0000 2016"}
{"polarity": 0.0, "location": "New York, NY", "sentiment": "neutral", "time": "Sun Mar 20 00:01:43 +0000 2016"}
{"polarity": 0.6, "location": "Boston, MA", "sentiment": "positive", "time": "Sun Mar 20 00:55:02 +0000 2016"}
{"polarity": 0.2, "location": "Seattle, WA", "sentiment": "positive", "time": "Sun Mar 20 00:55:05 +0000 2016"}
{"polarity": 0.0, "location": "Boston, MA", "sentiment": "neutral", "time": "Sun Mar 20 00:09:00 +0000 2016"}
{"polarity": 0.0, "location": "New York, NY", "sentiment": "neutral", "time": "Sun Mar 20 00:09:11 +0000 2016"}
{"polarity": 0.8, "location": "Seattle, WA", "sentiment": "positive", "time": "Sun Mar 20 00:09:17 +0000 2016"}
{"polarity": 0.0, "location": "Seattle, WA", "sentiment": "neutral", "time": "Sun Mar 20 00:09:20 +0000 2016"}
{"polarity": -0.625, "location": "Seattle, WA", "sentiment": "negative", "time": "Sun Mar 20 00:09:21 +0000 2016"}
{"polarity": 0.0, "location": "San Diego, CA", "sentiment": "neutral", "time": "Sun Mar 20 00:09:22 +0000 2016"}
{"polarity": 0.0, "location": "Seattle, WA", "sentiment": "neutral", "time": "Sun Mar 20 00:09:33 +0000 2016"}
{"polarity": 0.0, "location": "Atlanta, GA", "sentiment": "neutral", "time": "Sun Mar 20 00:09:39 +0000 2016"}
{"polarity": -0.1, "location": "Orlando, FL", "sentiment": "negative", "time": "Sun Mar 20 00:09:40 +0000 2016"}
{"polarity": 0.0, "location": "Atlanta, GA", "sentiment": "neutral", "time": "Sun Mar 20 00:09:46 +0000 2016"}
{"polarity": 0.0, "location": "Seattle, WA", "sentiment": "neutral", "time": "Sun Mar 20 00:09:52 +0000 2016"}
{"polarity": 0.5, "location": "San Diego, CA", "sentiment": "positive", "time": "Sun Mar 20 00:09:54 +0000 2016"}
{"polarity": 0.0, "location": "Boston, MA", "sentiment": "neutral", "time": "Sun Mar 20 00:33:01 +0000 2016"}
{"polarity": -0.15, "location": "Atlanta, GA", "sentiment": "negative", "time": "Sun Mar 20 00:33:06 +0000 2016"}
{"polarity": 0.34719967532467527, "location": "Kansas City, KS", "sentiment": "positive", "time": "Sun Mar 20 00:33:16 +0000 2016"}
{"polarity": 0.0, "location": "Atlanta, GA", "sentiment": "neutral", "time": "Sun Mar 20 00:33:18 +0000 2016"}
{"polarity": 0.1, "location": "Phoenix, AZ", "sentiment": "positive", "time": "Sun Mar 20 00:33:20 +0000 2016"}
{"polarity": -0.15625, "location": "Atlanta, GA", "sentiment": "negative", "time": "Sun Mar 20 00:33:21 +0000 2016"}
{"polarity": 0.0, "location": "Orlando, FL", "sentiment": "neutral", "time": "Sun Mar 20 00:33:21 +0000 2016"}
{"polarity": 0.3416666666666667, "location": "Atlanta, GA", "sentiment": "positive", "time": "Sun Mar 20 00:33:22 +0000 2016"}
{"polarity": 0.375, "location": "Phoenix, AZ", "sentiment": "positive", "time": "Sun Mar 20 00:33:25 +0000 2016"}
{"polarity": 0.8125, "location": "Orlando, FL", "sentiment": "positive", "time": "Sun Mar 20 00:33:45 +0000 2016"}
{"polarity": 0.20653409090909092, "location": "Seattle, WA", "sentiment": "positive", "time": "Sun Mar 20 00:33:50 +0000 2016"}
{"polarity": 0.175, "location": "Atlanta, GA", "sentiment": "positive", "time": "Sun Mar 20 00:33:51 +0000 2016"}
{"polarity": 0.2, "location": "Orlando, FL", "sentiment": "positive", "time": "Sun Mar 20 00:33:52 +0000 2016"}
{"polarity": 0.9, "location": "New York, NY", "sentiment": "positive", "time": "Sun Mar 20 00:44:05 +0000 2016"}
{"polarity": -0.3333333333333333, "location": "Atlanta, GA", "sentiment": "negative", "time": "Sun Mar 20 00:44:07 +0000 2016"}
{"polarity": 0.0, "location": "New York, NY", "sentiment": "neutral", "time": "Sun Mar 20 00:44:22 +0000 2016"}
{"polarity": 0.375, "location": "San Diego, CA", "sentiment": "positive", "time": "Sun Mar 20 00:44:32 +0000 2016"}
{"polarity": 0.01666666666666672, "location": "Atlanta, GA", "sentiment": "positive", "time": "Sun Mar 20 00:44:36 +0000 2016"}
{"polarity": 0.625, "location": "Orlando, FL", "sentiment": "positive", "time": "Sun Mar 20 00:44:52 +0000 2016"}
{"polarity": 0.0, "location": "Boston, MA", "sentiment": "neutral", "time": "Sun Mar 20 00:28:02 +0000 2016"}
{"polarity": 0.25, "location": "Phoenix, AZ", "sentiment": "positive", "time": "Sun Mar 20 00:28:13 +0000 2016"}
{"polarity": 0.0, "location": "Seattle, WA", "sentiment": "neutral", "time": "Sun Mar 20 00:28:22 +0000 2016"}
{"polarity": -0.25, "location": "New York, NY", "sentiment": "negative", "time": "Sun Mar 20 00:28:47 +0000 2016"}
{"polarity": 0.0, "location": "New York, NY", "sentiment": "neutral", "time": "Sun Mar 20 00:28:49 +0000 2016"}
{"polarity": 0.0, "location": "Atlanta, GA", "sentiment": "neutral", "time": "Sun Mar 20 00:28:57 +0000 2016"}
{"polarity": 0.2, "location": "Boston, MA", "sentiment": "positive", "time": "Sun Mar 20 00:22:11 +0000 2016"}
{"polarity": 0.2, "location": "Boston, MA", "sentiment": "positive", "time": "Sun Mar 20 00:22:14 +0000 2016"}
{"polarity": 0.0, "location": "San Diego, CA", "sentiment": "neutral", "time": "Sun Mar 20 00:22:26 +0000 2016"}
{"polarity": 0.0, "location": "Orlando, FL", "sentiment": "neutral", "time": "Sun Mar 20 00:22:32 +0000 2016"}
{"polarity": 0.3, "location": "Portland, OR", "sentiment": "positive", "time": "Sun Mar 20 00:22:32 +0000 2016"}
{"polarity": 0.0, "location": "Seattle, WA", "sentiment": "neutral", "time": "Sun Mar 20 00:22:46 +0000 2016"}
{"polarity": -0.007575757575757576, "location": "Atlanta, GA", "sentiment": "negative", "time": "Sun Mar 20 00:22:52 +0000 2016"}
{"polarity": 0.0, "location": "New York, NY", "sentiment": "neutral", "time": "Sun Mar 20 00:22:56 +0000 2016"}
{"polarity": 0.0, "location": "San Diego, CA", "sentiment": "neutral", "time": "Sun Mar 20 00:22:57 +0000 2016"}
{"polarity": 0.30000000000000004, "location": "Phoenix, AZ", "sentiment": "positive", "time": "Sun Mar 20 00:49:06 +0000 2016"}
{"polarity": 0.0, "location": "New York, NY", "sentiment": "neutral", "time": "Sun Mar 20 00:49:18 +0000 2016"}
{"polarity": -0.0625, "location": "Boston, MA", "sentiment": "negative", "time": "Sun Mar 20 00:49:20 +0000 2016"}
{"polarity": 0.0, "location": "Atlanta, GA", "sentiment": "neutral", "time": "Sun Mar 20 00:49:39 +0000 2016"}
{"polarity": 0.25, "location": "Seattle, WA", "sentiment": "positive", "time": "Sun Mar 20 00:49:41 +0000 2016"}
{"polarity": 0.0, "location": "New York, NY", "sentiment": "neutral", "time": "Sun Mar 20 00:49:43 +0000 2016"}
{"polarity": 0.5, "location": "Portland, OR", "sentiment": "positive", "time": "Sun Mar 20 00:49:44 +0000 2016"}
{"polarity": 0.0, "location": "Atlanta, GA", "sentiment": "neutral", "time": "Sun Mar 20 00:49:50 +0000 2016"}
{"polarity": 0.2, "location": "Seattle, WA", "sentiment": "positive", "time": "Sun Mar 20 00:49:59 +0000 2016"}
{"polarity": 0.5, "location": "New York, NY", "sentiment": "positive", "time": "Sun Mar 20 00:45:17 +0000 2016"}
{"polarity": -0.05, "location": "Orlando, FL", "sentiment": "negative", "time": "Sun Mar 20 00:45:24 +0000 2016"}
{"polarity": 0.0, "location": "Phoenix, AZ", "sentiment": "neutral", "time": "Sun Mar 20 00:45:52 +0000 2016"}
{"polarity": 0.0, "location": "Boston, MA", "sentiment": "neutral", "time": "Sun Mar 20 00:45:56 +0000 2016"}
{"polarity": 0.0, "location": "Boston, MA", "sentiment": "neutral", "time": "Sun Mar 20 00:06:14 +0000 2016"}
{"polarity": 1.0, "location": "San Diego, CA", "sentiment": "positive", "time": "Sun Mar 20 00:06:15 +0000 2016"}
{"polarity": 0.0, "location": "New York, NY", "sentiment": "neutral", "time": "Sun Mar 20 00:06:25 +0000 2016"}
{"polarity": 0.0, "location": "San Diego, CA", "sentiment": "neutral", "time": "Sun Mar 20 00:06:28 +0000 2016"}
{"polarity": 0.85, "location": "Boston, MA", "sentiment": "positive", "time": "Sun Mar 20 00:06:32 +0000 2016"}
{"polarity": 0.35, "location": "Boston, MA", "sentiment": "positive", "time": "Sun Mar 20 00:06:41 +0000 2016"}
{"polarity": 0.0, "location": "Atlanta, GA", "sentiment": "neutral", "time": "Sun Mar 20 00:06:45 +0000 2016"}
{"polarity": 0.05, "location": "New York, NY", "sentiment": "positive", "time": "Sun Mar 20 00:06:47 +0000 2016"}
{"polarity": -0.011111111111111118, "location": "New York, NY", "sentiment": "negative", "time": "Sun Mar 20 00:06:49 +0000 2016"}
{"polarity": 0.0, "location": "New York, NY", "sentiment": "neutral", "time": "Sun Mar 20 00:06:52 +0000 2016"}
{"polarity": 0.0, "location": "New York, NY", "sentiment": "neutral", "time": "Sun Mar 20 00:06:57 +0000 2016"}
{"polarity": 0.4875, "location": "Phoenix, AZ", "sentiment": "positive", "time": "Sun Mar 20 00:20:05 +0000 2016"}
{"polarity": 0.0, "location": "Phoenix, AZ", "sentiment": "neutral", "time": "Sun Mar 20 00:20:11 +0000 2016"}
{"polarity": 0.0, "location": "Boston, MA", "sentiment": "neutral", "time": "Sun Mar 20 00:20:34 +0000 2016"}
{"polarity": 0.0, "location": "Portland, OR", "sentiment": "neutral", "time": "Sun Mar 20 00:20:37 +0000 2016"}
{"polarity": 0.7, "location": "New York, NY", "sentiment": "positive", "time": "Sun Mar 20 00:20:45 +0000 2016"}
{"polarity": 0.0, "location": "Boston, MA", "sentiment": "neutral", "time": "Sun Mar 20 00:13:06 +0000 2016"}
{"polarity": 0.25, "location": "Orlando, FL", "sentiment": "positive", "time": "Sun Mar 20 00:13:09 +0000 2016"}
{"polarity": 0.0, "location": "New York, NY", "sentiment": "neutral", "time": "Sun Mar 20 00:13:18 +0000 2016"}
{"polarity": -0.16666666666666666, "location": "New York, NY", "sentiment": "negative", "time": "Sun Mar 20 00:13:20 +0000 2016"}
{"polarity": 0.0, "location": "San Diego, CA", "sentiment": "neutral", "time": "Sun Mar 20 00:13:22 +0000 2016"}
{"polarity": 0.0, "location": "Atlanta, GA", "sentiment": "neutral", "time": "Sun Mar 20 00:13:22 +0000 2016"}
{"polarity": 0.23333333333333336, "location": "Phoenix, AZ", "sentiment": "positive", "time": "Sun Mar 20 00:13:42 +0000 2016"}
{"polarity": 0.20833333333333331, "location": "Atlanta, GA", "sentiment": "positive", "time": "Sun Mar 20 00:13:50 +0000 2016"}
{"polarity": 0.13636363636363635, "location": "New York, NY", "sentiment": "positive", "time": "Sun Mar 20 00:13:51 +0000 2016"}
{"polarity": 0.0, "location": "Boston, MA", "sentiment": "neutral", "time": "Sun Mar 20 00:13:51 +0000 2016"}
{"polarity": 0.5, "location": "St. Louis, MO", "sentiment": "positive", "time": "Sun Mar 20 00:13:58 +0000 2016"}
{"polarity": 0.0, "location": "New York, NY", "sentiment": "neutral", "time": "Sun Mar 20 00:04:04 +0000 2016"}
{"polarity": 0.2, "location": "New York, NY", "sentiment": "positive", "time": "Sun Mar 20 00:04:10 +0000 2016"}
{"polarity": 0.0, "location": "New York, NY", "sentiment": "neutral", "time": "Sun Mar 20 00:04:12 +0000 2016"}
{"polarity": 0.6875, "location": "Seattle, WA", "sentiment": "positive", "time": "Sun Mar 20 00:04:24 +0000 2016"}
{"polarity": 0.0, "location": "Seattle, WA", "sentiment": "neutral", "time": "Sun Mar 20 00:04:25 +0000 2016"}
{"polarity": -0.3125, "location": "Atlanta, GA", "sentiment": "negative", "time": "Sun Mar 20 00:04:33 +0000 2016"}
{"polarity": 0.0, "location": "Seattle, WA", "sentiment": "neutral", "time": "Sun Mar 20 00:04:57 +0000 2016"}
{"polarity": 0.0, "location": "Atlanta, GA", "sentiment": "neutral", "time": "Sat Mar 19 21:39:01 +0000 2016"}
{"polarity": 0.0, "location": "New York, NY", "sentiment": "neutral", "time": "Sat Mar 19 21:39:30 +0000 2016"}
{"polarity": 0.5333333333333333, "location": "Seattle, WA", "sentiment": "positive", "time": "Sat Mar 19 21:39:41 +0000 2016"}
{"polarity": 0.4, "location": "Atlanta, GA", "sentiment": "positive", "time": "Sat Mar 19 21:39:59 +0000 2016"}
{"polarity": 0.0, "location": "Atlanta, GA", "sentiment": "neutral", "time": "Sat Mar 19 21:59:07 +0000 2016"}
{"polarity": 0.20833333333333331, "location": "Boston, MA", "sentiment": "positive", "time": "Sat Mar 19 21:59:13 +0000 2016"}
{"polarity": 0.0, "location": "Seattle, WA", "sentiment": "neutral", "time": "Sat Mar 19 21:59:19 +0000 2016"}
{"polarity": 0.0, "location": "Seattle, WA", "sentiment": "neutral", "time": "Sat Mar 19 21:59:30 +0000 2016"}
{"polarity": 0.5, "location": "Orlando, FL", "sentiment": "positive", "time": "Sat Mar 19 21:59:32 +0000 2016"}
{"polarity": 0.4222222222222222, "location": "Orlando, FL", "sentiment": "positive", "time": "Sat Mar 19 21:59:44 +0000 2016"}
{"polarity": 0.0, "location": "Boston, MA", "sentiment": "neutral", "time": "Sat Mar 19 21:59:48 +0000 2016"}
{"polarity": 0.0, "location": "Atlanta, GA", "sentiment": "neutral", "time": "Sat Mar 19 21:19:21 +0000 2016"}
{"polarity": 0.13636363636363635, "location": "New York, NY", "sentiment": "positive", "time": "Sat Mar 19 21:19:21 +0000 2016"}
{"polarity": 0.45, "location": "Seattle, WA", "sentiment": "positive", "time": "Sat Mar 19 21:19:25 +0000 2016"}
{"polarity": -0.08333333333333333, "location": "Atlanta, GA", "sentiment": "negative", "time": "Sat Mar 19 21:37:00 +0000 2016"}
{"polarity": 0.0, "location": "Portland, OR", "sentiment": "neutral", "time": "Sat Mar 19 21:37:16 +0000 2016"}
{"polarity": 0.0, "location": "Boston, MA", "sentiment": "neutral", "time": "Sat Mar 19 21:37:17 +0000 2016"}
{"polarity": 0.13636363636363635, "location": "New York, NY", "sentiment": "positive", "time": "Sat Mar 19 21:37:28 +0000 2016"}
{"polarity": 0.4, "location": "Atlanta, GA", "sentiment": "positive", "time": "Sat Mar 19 21:37:29 +0000 2016"}
{"polarity": 0.0, "location": "New York, NY", "sentiment": "neutral", "time": "Sat Mar 19 21:37:31 +0000 2016"}
{"polarity": 0.25, "location": "New York, NY", "sentiment": "positive", "time": "Sat Mar 19 21:37:31 +0000 2016"}
{"polarity": 0.5, "location": "Atlanta, GA", "sentiment": "positive", "time": "Sat Mar 19 21:37:31 +0000 2016"}
{"polarity": 0.4166666666666667, "location": "New York, NY", "sentiment": "positive", "time": "Sat Mar 19 21:37:36 +0000 2016"}
{"polarity": 0.0, "location": "New York, NY", "sentiment": "neutral", "time": "Sat Mar 19 21:37:38 +0000 2016"}
{"polarity": 0.0, "location": "Portland, OR", "sentiment": "neutral", "time": "Sat Mar 19 21:37:41 +0000 2016"}
{"polarity": 0.2, "location": "Atlanta, GA", "sentiment": "positive", "time": "Sat Mar 19 21:37:52 +0000 2016"}
{"polarity": 0.0, "location": "New York, NY", "sentiment": "neutral", "time": "Sat Mar 19 21:37:54 +0000 2016"}
{"polarity": 0.0, "location": "Atlanta, GA", "sentiment": "neutral", "time": "Sat Mar 19 21:37:55 +0000 2016"}
{"polarity": 0.5, "location": "St. Louis, MO", "sentiment": "positive", "time": "Sat Mar 19 21:37:58 +0000 2016"}
{"polarity": 0.0, "location": "New York, NY", "sentiment": "neutral", "time": "Sat Mar 19 21:31:06 +0000 2016"}
{"polarity": 0.0, "location": "Seattle, WA", "sentiment": "neutral", "time": "Sat Mar 19 21:31:08 +0000 2016"}
{"polarity": -0.6, "location": "San Diego, CA", "sentiment": "negative", "time": "Sat Mar 19 21:31:19 +0000 2016"}
{"polarity": -0.75, "location": "Atlanta, GA", "sentiment": "negative", "time": "Sat Mar 19 21:31:19 +0000 2016"}
{"polarity": 0.0, "location": "New York, NY", "sentiment": "neutral", "time": "Sat Mar 19 21:31:23 +0000 2016"}
{"polarity": -0.15555555555555559, "location": "Seattle, WA", "sentiment": "negative", "time": "Sat Mar 19 21:31:29 +0000 2016"}
{"polarity": 0.0, "location": "Boston, MA", "sentiment": "neutral", "time": "Sat Mar 19 21:31:39 +0000 2016"}
{"polarity": -0.3, "location": "New York, NY", "sentiment": "negative", "time": "Sat Mar 19 21:41:03 +0000 2016"}
{"polarity": 0.43333333333333335, "location": "San Diego, CA", "sentiment": "positive", "time": "Sat Mar 19 21:41:17 +0000 2016"}
{"polarity": 0.0, "location": "Phoenix, AZ", "sentiment": "neutral", "time": "Sat Mar 19 21:41:26 +0000 2016"}
{"polarity": 0.15000000000000002, "location": "Boston, MA", "sentiment": "positive", "time": "Sat Mar 19 21:41:32 +0000 2016"}
{"polarity": -0.5999999999999999, "location": "Atlanta, GA", "sentiment": "negative", "time": "Sat Mar 19 21:41:57 +0000 2016"}
{"polarity": 0.25, "location": "Phoenix, AZ", "sentiment": "positive", "time": "Sat Mar 19 21:27:02 +0000 2016"}
{"polarity": 0.0, "location": "Boston, MA", "sentiment": "neutral", "time": "Sat Mar 19 21:27:24 +0000 2016"}
{"polarity": 0.3, "location": "New York, NY", "sentiment": "positive", "time": "Sat Mar 19 21:27:41 +0000 2016"}
{"polarity": 1.0, "location": "New York, NY", "sentiment": "positive", "time": "Sat Mar 19 21:27:47 +0000 2016"}
{"polarity": 0.0, "location": "Phoenix, AZ", "sentiment": "neutral", "time": "Sat Mar 19 21:57:04 +0000 2016"}
{"polarity": 0.0, "location": "Boston, MA", "sentiment": "neutral", "time": "Sat Mar 19 21:57:04 +0000 2016"}
{"polarity": 0.0, "location": "Boston, MA", "sentiment": "neutral", "time": "Sat Mar 19 21:57:20 +0000 2016"}
{"polarity": 0.21875, "location": "Boston, MA", "sentiment": "positive", "time": "Sat Mar 19 21:57:22 +0000 2016"}
{"polarity": 0.375, "location": "Portland, OR", "sentiment": "positive", "time": "Sat Mar 19 21:57:22 +0000 2016"}
{"polarity": 0.0, "location": "New York, NY", "sentiment": "neutral", "time": "Sat Mar 19 21:57:33 +0000 2016"}
{"polarity": 0.0, "location": "New York, NY", "sentiment": "neutral", "time": "Sat Mar 19 21:57:49 +0000 2016"}
{"polarity": 0.4333333333333333, "location": "New York, NY", "sentiment": "positive", "time": "Sat Mar 19 21:57:54 +0000 2016"}
{"polarity": 0.06071428571428571, "location": "St. Louis, MO", "sentiment": "positive", "time": "Sat Mar 19 21:57:55 +0000 2016"}
{"polarity": 0.25, "location": "Boston, MA", "sentiment": "positive", "time": "Sat Mar 19 21:26:13 +0000 2016"}
{"polarity": 0.0, "location": "Atlanta, GA", "sentiment": "neutral", "time": "Sat Mar 19 21:26:14 +0000 2016"}
{"polarity": 0.0, "location": "Portland, OR", "sentiment": "neutral", "time": "Sat Mar 19 21:26:16 +0000 2016"}
{"polarity": 0.0, "location": "Atlanta, GA", "sentiment": "neutral", "time": "Sat Mar 19 21:26:33 +0000 2016"}
{"polarity": -0.19999999999999993, "location": "Boston, MA", "sentiment": "negative", "time": "Sat Mar 19 21:58:05 +0000 2016"}
{"polarity": 0.0, "location": "Seattle, WA", "sentiment": "neutral", "time": "Sat Mar 19 21:58:06 +0000 2016"}
{"polarity": 0.0, "location": "Boston, MA", "sentiment": "neutral", "time": "Sat Mar 19 21:58:09 +0000 2016"}
{"polarity": 1.0, "location": "New York, NY", "sentiment": "positive", "time": "Sat Mar 19 21:58:15 +0000 2016"}
{"polarity": 0.0, "location": "Boston, MA", "sentiment": "neutral", "time": "Sat Mar 19 21:58:31 +0000 2016"}
{"polarity": 0.0, "location": "Boston, MA", "sentiment": "neutral", "time": "Sat Mar 19 21:58:31 +0000 2016"}
{"polarity": 0.0, "location": "Atlanta, GA", "sentiment": "neutral", "time": "Sat Mar 19 21:58:41 +0000 2016"}
{"polarity": 0.0, "location": "San Diego, CA", "sentiment": "neutral", "time": "Sat Mar 19 21:58:50 +0000 2016"}
{"polarity": 0.5666666666666668, "location": "Phoenix, AZ", "sentiment": "positive", "time": "Sat Mar 19 21:58:52 +0000 2016"}
{"polarity": 0.5, "location": "New York, NY", "sentiment": "positive", "time": "Sat Mar 19 21:58:56 +0000 2016"}
{"polarity": 0.0, "location": "Atlanta, GA", "sentiment": "neutral", "time": "Sat Mar 19 21:58:58 +0000 2016"}
{"polarity": 0.06666666666666667, "location": "Phoenix, AZ", "sentiment": "positive", "time": "Sat Mar 19 21:42:01 +0000 2016"}
{"polarity": 0.0, "location": "New York, NY", "sentiment": "neutral", "time": "Sat Mar 19 21:42:07 +0000 2016"}
{"polarity": 0.0, "location": "Boston, MA", "sentiment": "neutral", "time": "Sat Mar 19 21:42:20 +0000 2016"}
{"polarity": 0.35, "location": "New York, NY", "sentiment": "positive", "time": "Sat Mar 19 21:42:25 +0000 2016"}
{"polarity": 0.0, "location": "Seattle, WA", "sentiment": "neutral", "time": "Sat Mar 19 21:42:26 +0000 2016"}
{"polarity": 0.016666666666666677, "location": "San Diego, CA", "sentiment": "positive", "time": "Sat Mar 19 21:42:33 +0000 2016"}
{"polarity": 0.0, "location": "New York, NY", "sentiment": "neutral", "time": "Sat Mar 19 21:42:36 +0000 2016"}
{"polarity": 0.0, "location": "Phoenix, AZ", "sentiment": "neutral", "time": "Sat Mar 19 21:42:43 +0000 2016"}
{"polarity": 0.15892857142857142, "location": "New York, NY", "sentiment": "positive", "time": "Sat Mar 19 21:42:54 +0000 2016"}
{"polarity": 0.0, "location": "Atlanta, GA", "sentiment": "neutral", "time": "Sat Mar 19 21:42:57 +0000 2016"}
{"polarity": 0.0, "location": "Orlando, FL", "sentiment": "neutral", "time": "Sat Mar 19 21:42:59 +0000 2016"}
{"polarity": 0.4166666666666667, "location": "Orlando, FL", "sentiment": "positive", "time": "Sat Mar 19 21:50:02 +0000 2016"}
{"polarity": 0.0, "location": "San Diego, CA", "sentiment": "neutral", "time": "Sat Mar 19 21:50:03 +0000 2016"}
{"polarity": 0.0, "location": "New York, NY", "sentiment": "neutral", "time": "Sat Mar 19 21:50:15 +0000 2016"}
{"polarity": 0.0, "location": "Portland, OR", "sentiment": "neutral", "time": "Sat Mar 19 21:50:26 +0000 2016"}
{"polarity": 0.0, "location": "New York, NY", "sentiment": "neutral", "time": "Sat Mar 19 21:50:47 +0000 2016"}
{"polarity": 0.0, "location": "Seattle, WA", "sentiment": "neutral", "time": "Sat Mar 19 21:15:05 +0000 2016"}
{"polarity": 0.1, "location": "Seattle, WA", "sentiment": "positive", "time": "Sat Mar 19 21:15:06 +0000 2016"}
{"polarity": 0.4, "location": "Orlando, FL", "sentiment": "positive", "time": "Sat Mar 19 21:15:09 +0000 2016"}
{"polarity": 0.8, "location": "Seattle, WA", "sentiment": "positive", "time": "Sat Mar 19 21:15:14 +0000 2016"}
{"polarity": 0.0, "location": "Atlanta, GA", "sentiment": "neutral", "time": "Sat Mar 19 21:15:19 +0000 2016"}
{"polarity": 0.25, "location": "Boston, MA", "sentiment": "positive", "time": "Sat Mar 19 21:15:19 +0000 2016"}
{"polarity": -0.325, "location": "New York, NY", "sentiment": "negative", "time": "Sat Mar 19 21:15:32 +0000 2016"}
{"polarity": 0.25, "location": "New York, NY", "sentiment": "positive", "time": "Sat Mar 19 21:15:39 +0000 2016"}
{"polarity": 0.0, "location": "Atlanta, GA", "sentiment": "neutral", "time": "Sat Mar 19 21:15:50 +0000 2016"}
{"polarity": 0.0, "location": "Seattle, WA", "sentiment": "neutral", "time": "Sat Mar 19 21:15:51 +0000 2016"}
{"polarity": 0.0, "location": "New York, NY", "sentiment": "neutral", "time": "Sat Mar 19 21:15:54 +0000 2016"}
{"polarity": 0.0, "location": "Boston, MA", "sentiment": "neutral", "time": "Sat Mar 19 21:38:03 +0000 2016"}
{"polarity": 0.2857142857142857, "location": "Boston, MA", "sentiment": "positive", "time": "Sat Mar 19 21:38:05 +0000 2016"}
{"polarity": 1.0, "location": "San Diego, CA", "sentiment": "positive", "time": "Sat Mar 19 21:38:08 +0000 2016"}
{"polarity": 0.56875, "location": "Phoenix, AZ", "sentiment": "positive", "time": "Sat Mar 19 21:38:09 +0000 2016"}
{"polarity": 0.0, "location": "Seattle, WA", "sentiment": "neutral", "time": "Sat Mar 19 21:38:20 +0000 2016"}
{"polarity": 0.0, "location": "New York, NY", "sentiment": "neutral", "time": "Sat Mar 19 21:38:31 +0000 2016"}
{"polarity": 0.0, "location": "Atlanta, GA", "sentiment": "neutral", "time": "Sat Mar 19 21:38:50 +0000 2016"}
{"polarity": -0.23214285714285715, "location": "New York, NY", "sentiment": "negative", "time": "Sat Mar 19 21:21:02 +0000 2016"}
{"polarity": -0.23214285714285715, "location": "New York, NY", "sentiment": "negative", "time": "Sat Mar 19 21:21:02 +0000 2016"}
{"polarity": 0.2, "location": "Phoenix, AZ", "sentiment": "positive", "time": "Sat Mar 19 21:21:02 +0000 2016"}
{"polarity": 0.0, "location": "Seattle, WA", "sentiment": "neutral", "time": "Sat Mar 19 21:21:04 +0000 2016"}
{"polarity": -0.03571428571428571, "location": "Phoenix, AZ", "sentiment": "negative", "time": "Sat Mar 19 21:21:18 +0000 2016"}
{"polarity": 0.6000000000000001, "location": "Phoenix, AZ", "sentiment": "positive", "time": "Sat Mar 19 21:21:28 +0000 2016"}
{"polarity": 0.0, "location": "San Diego, CA", "sentiment": "neutral", "time": "Sat Mar 19 21:17:00 +0000 2016"}
{"polarity": -0.2833333333333333, "location": "Portland, OR", "sentiment": "negative", "time": "Sat Mar 19 21:17:02 +0000 2016"}
{"polarity": 0.0, "location": "St. Louis, MO", "sentiment": "neutral", "time": "Sat Mar 19 21:17:06 +0000 2016"}
{"polarity": 0.05, "location": "Kansas City, KS", "sentiment": "positive", "time": "Sat Mar 19 21:17:29 +0000 2016"}
{"polarity": 0.6, "location": "Portland, OR", "sentiment": "positive", "time": "Sat Mar 19 21:17:31 +0000 2016"}
{"polarity": -0.1, "location": "Boston, MA", "sentiment": "negative", "time": "Sat Mar 19 21:17:49 +0000 2016"}
{"polarity": -0.05, "location": "San Diego, CA", "sentiment": "negative", "time": "Sat Mar 19 21:12:06 +0000 2016"}
{"polarity": 0.43333333333333335, "location": "Phoenix, AZ", "sentiment": "positive", "time": "Sat Mar 19 21:12:06 +0000 2016"}
{"polarity": 0.0, "location": "New York, NY", "sentiment": "neutral", "time": "Sat Mar 19 21:12:12 +0000 2016"}
{"polarity": 0.2, "location": "Atlanta, GA", "sentiment": "positive", "time": "Sat Mar 19 21:12:24 +0000 2016"}
{"polarity": 0.0, "location": "Portland, OR", "sentiment": "neutral", "time": "Sat Mar 19 21:12:35 +0000 2016"}
{"polarity": 0.0, "location": "New York, NY", "sentiment": "neutral", "time": "Sat Mar 19 21:12:38 +0000 2016"}
{"polarity": 0.0, "location": "Boston, MA", "sentiment": "neutral", "time": "Sat Mar 19 21:12:41 +0000 2016"}
{"polarity": 0.0, "location": "Portland, OR", "sentiment": "neutral", "time": "Sat Mar 19 21:12:52 +0000 2016"}
{"polarity": 0.5, "location": "Boston, MA", "sentiment": "positive", "time": "Sat Mar 19 21:12:53 +0000 2016"}
{"polarity": 0.0, "location": "San Diego, CA", "sentiment": "neutral", "time": "Sat Mar 19 21:29:09 +0000 2016"}
{"polarity": 0.0, "location": "Atlanta, GA", "sentiment": "neutral", "time": "Sat Mar 19 21:29:16 +0000 2016"}
{"polarity": 0.0, "location": "Seattle, WA", "sentiment": "neutral", "time": "Sat Mar 19 21:29:18 +0000 2016"}
{"polarity": 0.0, "location": "Atlanta, GA", "sentiment": "neutral", "time": "Sat Mar 19 21:29:26 +0000 2016"}
{"polarity": 0.4, "location": "New York, NY", "sentiment": "positive", "time": "Sat Mar 19 21:29:32 +0000 2016"}
{"polarity": 0.0, "location": "Atlanta, GA", "sentiment": "neutral", "time": "Sat Mar 19 21:29:53 +0000 2016"}
{"polarity": -0.2, "location": "St. Louis, MO", "sentiment": "negative", "time": "Sat Mar 19 21:29:56 +0000 2016"}
{"polarity": 0.0, "location": "Seattle, WA", "sentiment": "neutral", "time": "Sat Mar 19 21:29:59 +0000 2016"}
{"polarity": 0.0, "location": "Boston, MA", "sentiment": "neutral", "time": "Sat Mar 19 21:18:04 +0000 2016"}
{"polarity": 0.0, "location": "Phoenix, AZ", "sentiment": "neutral", "time": "Sat Mar 19 21:18:14 +0000 2016"}
{"polarity": 0.65, "location": "Atlanta, GA", "sentiment": "positive", "time": "Sat Mar 19 21:18:21 +0000 2016"}
{"polarity": 0.0, "location": "Atlanta, GA", "sentiment": "neutral", "time": "Sat Mar 19 21:18:23 +0000 2016"}
{"polarity": 0.0, "location": "New York, NY", "sentiment": "neutral", "time": "Sat Mar 19 21:18:37 +0000 2016"}
{"polarity": 0.0, "location": "Atlanta, GA", "sentiment": "neutral", "time": "Sat Mar 19 21:46:04 +0000 2016"}
{"polarity": 0.0, "location": "Orlando, FL", "sentiment": "neutral", "time": "Sat Mar 19 21:46:08 +0000 2016"}
{"polarity": 0.12222222222222222, "location": "Seattle, WA", "sentiment": "positive", "time": "Sat Mar 19 21:46:15 +0000 2016"}
{"polarity": 0.1, "location": "Phoenix, AZ", "sentiment": "positive", "time": "Sat Mar 19 21:46:16 +0000 2016"}
{"polarity": 0.0, "location": "Orlando, FL", "sentiment": "neutral", "time": "Sat Mar 19 21:46:22 +0000 2016"}
{"polarity": -0.45625, "location": "Phoenix, AZ", "sentiment": "negative", "time": "Sat Mar 19 21:46:35 +0000 2016"}
{"polarity": 0.25, "location": "San Diego, CA", "sentiment": "positive", "time": "Sat Mar 19 21:46:36 +0000 2016"}
{"polarity": 0.0, "location": "Atlanta, GA", "sentiment": "neutral", "time": "Sat Mar 19 21:46:44 +0000 2016"}
{"polarity": 0.5, "location": "Seattle, WA", "sentiment": "positive", "time": "Sat Mar 19 21:46:45 +0000 2016"}
{"polarity": -0.2, "location": "San Diego, CA", "sentiment": "negative", "time": "Sat Mar 19 21:46:54 +0000 2016"}
{"polarity": 0.0, "location": "Seattle, WA", "sentiment": "neutral", "time": "Sat Mar 19 21:46:59 +0000 2016"}
{"polarity": 0.1, "location": "New York, NY", "sentiment": "positive", "time": "Sat Mar 19 21:00:00 +0000 2016"}
{"polarity": 0.9, "location": "Seattle, WA", "sentiment": "positive", "time": "Sat Mar 19 21:00:05 +0000 2016"}
{"polarity": 0.0, "location": "Boston, MA", "sentiment": "neutral", "time": "Sat Mar 19 21:00:05 +0000 2016"}
{"polarity": 0.3875, "location": "San Diego, CA", "sentiment": "positive", "time": "Sat Mar 19 21:00:13 +0000 2016"}
{"polarity": 0.0, "location": "New York, NY", "sentiment": "neutral", "time": "Sat Mar 19 21:00:30 +0000 2016"}
{"polarity": 0.3125, "location": "Seattle, WA", "sentiment": "positive", "time": "Sat Mar 19 21:00:40 +0000 2016"}
{"polarity": 0.0, "location": "Phoenix, AZ", "sentiment": "neutral", "time": "Sat Mar 19 21:00:45 +0000 2016"}
{"polarity": -0.02638888888888889, "location": "Orlando, FL", "sentiment": "negative", "time": "Sat Mar 19 21:00:52 +0000 2016"}
{"polarity": 0.0, "location": "Boston, MA", "sentiment": "neutral", "time": "Sat Mar 19 21:00:57 +0000 2016"}
{"polarity": 0.5, "location": "Boston, MA", "sentiment": "positive", "time": "Sat Mar 19 21:34:04 +0000 2016"}
{"polarity": -0.11666666666666665, "location": "San Diego, CA", "sentiment": "negative", "time": "Sat Mar 19 21:34:12 +0000 2016"}
{"polarity": 0.375, "location": "Phoenix, AZ", "sentiment": "positive", "time": "Sat Mar 19 21:34:13 +0000 2016"}
{"polarity": 0.3, "location": "St. Louis, MO", "sentiment": "positive", "time": "Sat Mar 19 21:34:25 +0000 2016"}
{"polarity": -0.16666666666666666, "location": "Phoenix, AZ", "sentiment": "negative", "time": "Sat Mar 19 21:34:26 +0000 2016"}
{"polarity": -0.2, "location": "Seattle, WA", "sentiment": "negative", "time": "Sat Mar 19 21:34:27 +0000 2016"}
{"polarity": 0.0, "location": "Seattle, WA", "sentiment": "neutral", "time": "Sat Mar 19 21:34:37 +0000 2016"}
{"polarity": 0.0, "location": "Portland, OR", "sentiment": "neutral", "time": "Sat Mar 19 21:34:42 +0000 2016"}
{"polarity": 0.0, "location": "Seattle, WA", "sentiment": "neutral", "time": "Sat Mar 19 21:34:57 +0000 2016"}
{"polarity": 0.0, "location": "Orlando, FL", "sentiment": "neutral", "time": "Sat Mar 19 21:34:58 +0000 2016"}
{"polarity": 0.55, "location": "San Diego, CA", "sentiment": "positive", "time": "Sat Mar 19 21:05:05 +0000 2016"}
{"polarity": 0.13333333333333333, "location": "New York, NY", "sentiment": "positive", "time": "Sat Mar 19 21:05:39 +0000 2016"}
{"polarity": 0.25, "location": "Phoenix, AZ", "sentiment": "positive", "time": "Sat Mar 19 21:05:43 +0000 2016"}
{"polarity": 0.25, "location": "Atlanta, GA", "sentiment": "positive", "time": "Sat Mar 19 21:05:47 +0000 2016"}
{"polarity": 0.0, "location": "New York, NY", "sentiment": "neutral", "time": "Sat Mar 19 21:05:52 +0000 2016"}
{"polarity": 0.6875, "location": "Boston, MA", "sentiment": "positive", "time": "Sat Mar 19 21:11:01 +0000 2016"}
{"polarity": 0.29545454545454547, "location": "Portland, OR", "sentiment": "positive", "time": "Sat Mar 19 21:11:04 +0000 2016"}
{"polarity": 0.0, "location": "Atlanta, GA", "sentiment": "neutral", "time": "Sat Mar 19 21:11:04 +0000 2016"}
{"polarity": 0.13392857142857142, "location": "Boston, MA", "sentiment": "positive", "time": "Sat Mar 19 21:11:13 +0000 2016"}
{"polarity": -0.25, "location": "Boston, MA", "sentiment": "negative", "time": "Sat Mar 19 21:11:23 +0000 2016"}
{"polarity": 0.0, "location": "Seattle, WA", "sentiment": "neutral", "time": "Sat Mar 19 21:11:30 +0000 2016"}
{"polarity": 0.0, "location": "Seattle, WA", "sentiment": "neutral", "time": "Sat Mar 19 21:11:35 +0000 2016"}
{"polarity": 0.5, "location": "Boston, MA", "sentiment": "positive", "time": "Sat Mar 19 21:11:36 +0000 2016"}
{"polarity": 0.3666666666666667, "location": "San Diego, CA", "sentiment": "positive", "time": "Sat Mar 19 21:11:36 +0000 2016"}
{"polarity": 0.0, "location": "Orlando, FL", "sentiment": "neutral", "time": "Sat Mar 19 21:11:37 +0000 2016"}
{"polarity": 0.0, "location": "Orlando, FL", "sentiment": "neutral", "time": "Sat Mar 19 21:11:38 +0000 2016"}
{"polarity": 0.0, "location": "Seattle, WA", "sentiment": "neutral", "time": "Sat Mar 19 21:11:39 +0000 2016"}
{"polarity": -0.24583333333333335, "location": "Orlando, FL", "sentiment": "negative", "time": "Sat Mar 19 21:11:53 +0000 2016"}
{"polarity": 0.8, "location": "Boston, MA", "sentiment": "positive", "time": "Sat Mar 19 21:11:55 +0000 2016"}
{"polarity": 0.2, "location": "New York, NY", "sentiment": "positive", "time": "Sat Mar 19 21:56:01 +0000 2016"}
{"polarity": 0.0, "location": "Seattle, WA", "sentiment": "neutral", "time": "Sat Mar 19 21:56:11 +0000 2016"}
{"polarity": 0.0, "location": "Phoenix, AZ", "sentiment": "neutral", "time": "Sat Mar 19 21:56:24 +0000 2016"}
{"polarity": 0.0, "location": "Portland, OR", "sentiment": "neutral", "time": "Sat Mar 19 21:56:27 +0000 2016"}
{"polarity": 0.0, "location": "Atlanta, GA", "sentiment": "neutral", "time": "Sat Mar 19 21:56:28 +0000 2016"}
{"polarity": 0.0, "location": "Boston, MA", "sentiment": "neutral", "time": "Sat Mar 19 21:56:44 +0000 2016"}
{"polarity": 0.0, "location": "Seattle, WA", "sentiment": "neutral", "time": "Sat Mar 19 21:56:55 +0000 2016"}
{"polarity": 0.0, "location": "Boston, MA", "sentiment": "neutral", "time": "Sat Mar 19 21:47:03 +0000 2016"}
{"polarity": 0.43333333333333335, "location": "Seattle, WA", "sentiment": "positive", "time": "Sat Mar 19 21:47:17 +0000 2016"}
{"polarity": 0.0, "location": "New York, NY", "sentiment": "neutral", "time": "Sat Mar 19 21:47:24 +0000 2016"}
{"polarity": 0.6000000000000001, "location": "Atlanta, GA", "sentiment": "positive", "time": "Sat Mar 19 21:47:27 +0000 2016"}
{"polarity": 0.8125, "location": "Boston, MA", "sentiment": "positive", "time": "Sat Mar 19 21:47:29 +0000 2016"}
{"polarity": 0.3, "location": "New York, NY", "sentiment": "positive", "time": "Sat Mar 19 21:47:34 +0000 2016"}
{"polarity": 0.17045454545454544, "location": "Atlanta, GA", "sentiment": "positive", "time": "Sat Mar 19 21:47:38 +0000 2016"}
{"polarity": 0.0, "location": "Phoenix, AZ", "sentiment": "neutral", "time": "Sat Mar 19 21:47:40 +0000 2016"}
{"polarity": 0.1517857142857143, "location": "Phoenix, AZ", "sentiment": "positive", "time": "Sat Mar 19 21:47:58 +0000 2016"}
{"polarity": -0.125, "location": "New York, NY", "sentiment": "negative", "time": "Sat Mar 19 21:52:05 +0000 2016"}
{"polarity": 0.0, "location": "New York, NY", "sentiment": "neutral", "time": "Sat Mar 19 21:52:09 +0000 2016"}
{"polarity": 0.0, "location": "New York, NY", "sentiment": "neutral", "time": "Sat Mar 19 21:52:10 +0000 2016"}
{"polarity": 0.0, "location": "Boston, MA", "sentiment": "neutral", "time": "Sat Mar 19 21:52:13 +0000 2016"}
{"polarity": 0.07878787878787878, "location": "New York, NY", "sentiment": "positive", "time": "Sat Mar 19 21:52:21 +0000 2016"}
{"polarity": 0.16, "location": "Atlanta, GA", "sentiment": "positive", "time": "Sat Mar 19 21:52:25 +0000 2016"}
{"polarity": 0.05000000000000002, "location": "Phoenix, AZ", "sentiment": "positive", "time": "Sat Mar 19 21:52:27 +0000 2016"}
{"polarity": 0.0, "location": "Phoenix, AZ", "sentiment": "neutral", "time": "Sat Mar 19 21:52:29 +0000 2016"}
{"polarity": 0.0, "location": "Boston, MA", "sentiment": "neutral", "time": "Sat Mar 19 21:52:29 +0000 2016"}
{"polarity": 0.0, "location": "San Diego, CA", "sentiment": "neutral", "time": "Sat Mar 19 21:52:46 +0000 2016"}
{"polarity": 0.0, "location": "Boston, MA", "sentiment": "neutral", "time": "Sat Mar 19 21:52:52 +0000 2016"}
{"polarity": 0.1, "location": "Atlanta, GA", "sentiment": "positive", "time": "Sat Mar 19 21:52:54 +0000 2016"}
{"polarity": 0.0, "location": "Seattle, WA", "sentiment": "neutral", "time": "Sat Mar 19 21:52:58 +0000 2016"}
{"polarity": 0.0, "location": "Boston, MA", "sentiment": "neutral", "time": "Sat Mar 19 21:53:27 +0000 2016"}
{"polarity": 0.0, "location": "New York, NY", "sentiment": "neutral", "time": "Sat Mar 19 21:53:37 +0000 2016"}
{"polarity": -0.012500000000000004, "location": "San Diego, CA", "sentiment": "negative", "time": "Sat Mar 19 21:53:39 +0000 2016"}
{"polarity": -0.20000000000000004, "location": "Portland, OR", "sentiment": "negative", "time": "Sat Mar 19 21:53:48 +0000 2016"}
{"polarity": 0.0, "location": "Phoenix, AZ", "sentiment": "neutral", "time": "Sat Mar 19 21:53:49 +0000 2016"}
{"polarity": 0.0, "location": "New York, NY", "sentiment": "neutral", "time": "Sat Mar 19 21:53:59 +0000 2016"}
{"polarity": -0.15, "location": "Boston, MA", "sentiment": "negative", "time": "Sat Mar 19 21:02:02 +0000 2016"}
{"polarity": 0.5, "location": "Phoenix, AZ", "sentiment": "positive", "time": "Sat Mar 19 21:02:05 +0000 2016"}
{"polarity": -0.2, "location": "Atlanta, GA", "sentiment": "negative", "time": "Sat Mar 19 21:02:16 +0000 2016"}
{"polarity": -0.2, "location": "New York, NY", "sentiment": "negative", "time": "Sat Mar 19 21:02:44 +0000 2016"}
{"polarity": 0.0, "location": "Seattle, WA", "sentiment": "neutral", "time": "Sat Mar 19 21:02:47 +0000 2016"}
{"polarity": 0.325, "location": "San Diego, CA", "sentiment": "positive", "time": "Sat Mar 19 21:02:48 +0000 2016"}
{"polarity": 0.875, "location": "Portland, OR", "sentiment": "positive", "time": "Sat Mar 19 21:02:53 +0000 2016"}
{"polarity": 0.25, "location": "Atlanta, GA", "sentiment": "positive", "time": "Sat Mar 19 21:02:54 +0000 2016"}
{"polarity": 0.8, "location": "Atlanta, GA", "sentiment": "positive", "time": "Sat Mar 19 21:02:59 +0000 2016"}
{"polarity": -0.48, "location": "San Diego, CA", "sentiment": "negative", "time": "Sat Mar 19 21:48:08 +0000 2016"}
{"polarity": 0.35, "location": "New York, NY", "sentiment": "positive", "time": "Sat Mar 19 21:48:12 +0000 2016"}
{"polarity": 0.0, "location": "Phoenix, AZ", "sentiment": "neutral", "time": "Sat Mar 19 21:48:21 +0000 2016"}
{"polarity": 0.0, "location": "Portland, OR", "sentiment": "neutral", "time": "Sat Mar 19 21:48:27 +0000 2016"}
{"polarity": 0.0, "location": "Portland, OR", "sentiment": "neutral", "time": "Sat Mar 19 21:48:27 +0000 2016"}
{"polarity": 0.0, "location": "Boston, MA", "sentiment": "neutral", "time": "Sat Mar 19 21:48:41 +0000 2016"}
{"polarity": 0.16, "location": "Atlanta, GA", "sentiment": "positive", "time": "Sat Mar 19 21:48:45 +0000 2016"}
{"polarity": 0.2, "location": "Seattle, WA", "sentiment": "positive", "time": "Sat Mar 19 21:48:50 +0000 2016"}
{"polarity": 0.2232142857142857, "location": "Seattle, WA", "sentiment": "positive", "time": "Sat Mar 19 21:25:12 +0000 2016"}
{"polarity": -0.051851851851851864, "location": "New York, NY", "sentiment": "negative", "time": "Sat Mar 19 21:25:12 +0000 2016"}
{"polarity": 0.0, "location": "St. Louis, MO", "sentiment": "neutral", "time": "Sat Mar 19 21:25:12 +0000 2016"}
{"polarity": -0.16666666666666666, "location": "New York, NY", "sentiment": "negative", "time": "Sat Mar 19 21:25:17 +0000 2016"}
{"polarity": 0.0, "location": "New York, NY", "sentiment": "neutral", "time": "Sat Mar 19 21:25:17 +0000 2016"}
{"polarity": 0.0, "location": "New York, NY", "sentiment": "neutral", "time": "Sat Mar 19 21:25:43 +0000 2016"}
{"polarity": 0.35, "location": "Atlanta, GA", "sentiment": "positive", "time": "Sat Mar 19 21:25:44 +0000 2016"}
{"polarity": 0.475, "location": "Portland, OR", "sentiment": "positive", "time": "Sat Mar 19 21:25:52 +0000 2016"}
{"polarity": 0.0, "location": "Phoenix, AZ", "sentiment": "neutral", "time": "Sat Mar 19 21:25:57 +0000 2016"}
{"polarity": 0.125, "location": "Atlanta, GA", "sentiment": "positive", "time": "Sat Mar 19 21:16:06 +0000 2016"}
{"polarity": 0.0, "location": "Boston, MA", "sentiment": "neutral", "time": "Sat Mar 19 21:16:07 +0000 2016"}
{"polarity": -0.5, "location": "Phoenix, AZ", "sentiment": "negative", "time": "Sat Mar 19 21:16:13 +0000 2016"}
{"polarity": 0.0, "location": "Atlanta, GA", "sentiment": "neutral", "time": "Sat Mar 19 21:16:13 +0000 2016"}
{"polarity": 0.25, "location": "Seattle, WA", "sentiment": "positive", "time": "Sat Mar 19 21:16:13 +0000 2016"}
{"polarity": 0.0, "location": "Portland, OR", "sentiment": "neutral", "time": "Sat Mar 19 21:16:20 +0000 2016"}
{"polarity": 0.0, "location": "New York, NY", "sentiment": "neutral", "time": "Sat Mar 19 21:16:20 +0000 2016"}
{"polarity": 0.0, "location": "Boston, MA", "sentiment": "neutral", "time": "Sat Mar 19 21:16:34 +0000 2016"}
{"polarity": 0.0, "location": "New York, NY", "sentiment": "neutral", "time": "Sat Mar 19 21:16:39 +0000 2016"}
{"polarity": -0.45357142857142857, "location": "San Diego, CA", "sentiment": "negative", "time": "Sat Mar 19 21:16:41 +0000 2016"}
{"polarity": 1.0, "location": "Boston, MA", "sentiment": "positive", "time": "Sat Mar 19 21:14:13 +0000 2016"}
{"polarity": -0.30714285714285716, "location": "Portland, OR", "sentiment": "negative", "time": "Sat Mar 19 21:14:14 +0000 2016"}
{"polarity": 0.0, "location": "Atlanta, GA", "sentiment": "neutral", "time": "Sat Mar 19 21:14:21 +0000 2016"}
{"polarity": 0.35, "location": "Seattle, WA", "sentiment": "positive", "time": "Sat Mar 19 21:14:35 +0000 2016"}
{"polarity": 0.0, "location": "New York, NY", "sentiment": "neutral", "time": "Sat Mar 19 21:14:39 +0000 2016"}
{"polarity": 0.0, "location": "Seattle, WA", "sentiment": "neutral", "time": "Sat Mar 19 21:14:40 +0000 2016"}
{"polarity": 0.0, "location": "Boston, MA", "sentiment": "neutral", "time": "Sat Mar 19 21:23:10 +0000 2016"}
{"polarity": 0.75, "location": "Phoenix, AZ", "sentiment": "positive", "time": "Sat Mar 19 21:23:18 +0000 2016"}
{"polarity": -0.03333333333333336, "location": "Boston, MA", "sentiment": "negative", "time": "Sat Mar 19 21:23:26 +0000 2016"}
{"polarity": -0.8, "location": "Boston, MA", "sentiment": "negative", "time": "Sat Mar 19 21:23:27 +0000 2016"}
{"polarity": 0.0, "location": "Atlanta, GA", "sentiment": "neutral", "time": "Sat Mar 19 21:23:32 +0000 2016"}
{"polarity": 0.0, "location": "Phoenix, AZ", "sentiment": "neutral", "time": "Sat Mar 19 21:23:34 +0000 2016"}
{"polarity": 0.0, "location": "Boston, MA", "sentiment": "neutral", "time": "Sat Mar 19 21:23:39 +0000 2016"}
{"polarity": 0.0, "location": "New York, NY", "sentiment": "neutral", "time": "Sat Mar 19 21:23:40 +0000 2016"}
{"polarity": 0.0, "location": "Boston, MA", "sentiment": "neutral", "time": "Sat Mar 19 21:23:41 +0000 2016"}
{"polarity": 0.0, "location": "New York, NY", "sentiment": "neutral", "time": "Sat Mar 19 21:23:54 +0000 2016"}
{"polarity": 0.0, "location": "Seattle, WA", "sentiment": "neutral", "time": "Sat Mar 19 21:23:56 +0000 2016"}
{"polarity": -0.075, "location": "Atlanta, GA", "sentiment": "negative", "time": "Sat Mar 19 21:23:57 +0000 2016"}
{"polarity": 0.2, "location": "Seattle, WA", "sentiment": "positive", "time": "Sat Mar 19 21:07:09 +0000 2016"}
{"polarity": 0.0, "location": "Portland, OR", "sentiment": "neutral", "time": "Sat Mar 19 21:07:09 +0000 2016"}
{"polarity": 0.23435374149659863, "location": "New York, NY", "sentiment": "positive", "time": "Sat Mar 19 21:07:09 +0000 2016"}
{"polarity": 0.0, "location": "Seattle, WA", "sentiment": "neutral", "time": "Sat Mar 19 21:07:11 +0000 2016"}
{"polarity": -0.3166666666666667, "location": "Seattle, WA", "sentiment": "negative", "time": "Sat Mar 19 21:07:12 +0000 2016"}
{"polarity": 0.0, "location": "New York, NY", "sentiment": "neutral", "time": "Sat Mar 19 21:07:30 +0000 2016"}
{"polarity": 0.0, "location": "Phoenix, AZ", "sentiment": "neutral", "time": "Sat Mar 19 21:07:35 +0000 2016"}
{"polarity": 0.0, "location": "Seattle, WA", "sentiment": "neutral", "time": "Sat Mar 19 21:07:36 +0000 2016"}
{"polarity": 0.875, "location": "Boston, MA", "sentiment": "positive", "time": "Sat Mar 19 21:07:36 +0000 2016"}
{"polarity": 0.30000000000000004, "location": "Boston, MA", "sentiment": "positive", "time": "Sat Mar 19 21:07:37 +0000 2016"}
{"polarity": 0.0, "location": "Seattle, WA", "sentiment": "neutral", "time": "Sat Mar 19 21:07:43 +0000 2016"}
{"polarity": 0.0, "location": "Seattle, WA", "sentiment": "neutral", "time": "Sat Mar 19 21:07:44 +0000 2016"}
{"polarity": 0.0, "location": "Portland, OR", "sentiment": "neutral", "time": "Sat Mar 19 21:07:46 +0000 2016"}
{"polarity": 0.13636363636363635, "location": "New York, NY", "sentiment": "positive", "time": "Sat Mar 19 21:07:47 +0000 2016"}
{"polarity": 0.2, "location": "Orlando, FL", "sentiment": "positive", "time": "Sat Mar 19 21:07:56 +0000 2016"}
{"polarity": -0.05, "location": "New York, NY", "sentiment": "negative", "time": "Sat Mar 19 21:51:09 +0000 2016"}
{"polarity": 0.35, "location": "Boston, MA", "sentiment": "positive", "time": "Sat Mar 19 21:51:15 +0000 2016"}
{"polarity": 0.30000000000000004, "location": "Portland, OR", "sentiment": "positive", "time": "Sat Mar 19 21:51:19 +0000 2016"}
{"polarity": 0.0, "location": "Atlanta, GA", "sentiment": "neutral", "time": "Sat Mar 19 21:51:20 +0000 2016"}
{"polarity": 0.0, "location": "Atlanta, GA", "sentiment": "neutral", "time": "Sat Mar 19 21:51:27 +0000 2016"}
{"polarity": 0.0, "location": "Phoenix, AZ", "sentiment": "neutral", "time": "Sat Mar 19 21:51:31 +0000 2016"}
{"polarity": -0.3, "location": "Orlando, FL", "sentiment": "negative", "time": "Sat Mar 19 21:51:35 +0000 2016"}
{"polarity": 0.0, "location": "Portland, OR", "sentiment": "neutral", "time": "Sat Mar 19 21:51:35 +0000 2016"}
{"polarity": 0.0, "location": "Portland, OR", "sentiment": "neutral", "time": "Sat Mar 19 21:51:36 +0000 2016"}
{"polarity": 0.2, "location": "San Diego, CA", "sentiment": "positive", "time": "Sat Mar 19 21:51:38 +0000 2016"}
{"polarity": 0.25, "location": "New York, NY", "sentiment": "positive", "time": "Sat Mar 19 21:30:01 +0000 2016"}
{"polarity": 0.0, "location": "Seattle, WA", "sentiment": "neutral", "time": "Sat Mar 19 21:30:16 +0000 2016"}
{"polarity": 0.0, "location": "Orlando, FL", "sentiment": "neutral", "time": "Sat Mar 19 21:30:16 +0000 2016"}
{"polarity": 0.0, "location": "Boston, MA", "sentiment": "neutral", "time": "Sat Mar 19 21:30:22 +0000 2016"}
{"polarity": 0.0, "location": "Atlanta, GA", "sentiment": "neutral", "time": "Sat Mar 19 21:30:24 +0000 2016"}
{"polarity": 0.625, "location": "New York, NY", "sentiment": "positive", "time": "Sat Mar 19 21:30:30 +0000 2016"}
{"polarity": 0.5, "location": "Orlando, FL", "sentiment": "positive", "time": "Sat Mar 19 21:30:31 +0000 2016"}
{"polarity": -0.75, "location": "Atlanta, GA", "sentiment": "negative", "time": "Sat Mar 19 21:30:50 +0000 2016"}
{"polarity": 0.25, "location": "Phoenix, AZ", "sentiment": "positive", "time": "Sat Mar 19 21:30:53 +0000 2016"}
{"polarity": 0.0, "location": "Seattle, WA", "sentiment": "neutral", "time": "Sat Mar 19 21:30:56 +0000 2016"}
{"polarity": 0.6000000000000001, "location": "Atlanta, GA", "sentiment": "positive", "time": "Sat Mar 19 21:03:06 +0000 2016"}
{"polarity": 0.0, "location": "Portland, OR", "sentiment": "neutral", "time": "Sat Mar 19 21:03:14 +0000 2016"}
{"polarity": 0.0, "location": "New York, NY", "sentiment": "neutral", "time": "Sat Mar 19 21:03:32 +0000 2016"}
{"polarity": 0.05000000000000002, "location": "Orlando, FL", "sentiment": "positive", "time": "Sat Mar 19 21:03:50 +0000 2016"}
{"polarity": 0.35, "location": "New York, NY", "sentiment": "positive", "time": "Sat Mar 19 21:03:51 +0000 2016"}
{"polarity": 0.5, "location": "New York, NY", "sentiment": "positive", "time": "Sat Mar 19 21:03:53 +0000 2016"}
{"polarity": -0.1, "location": "Boston, MA", "sentiment": "negative", "time": "Sat Mar 19 21:03:57 +0000 2016"}
{"polarity": 0.11249999999999999, "location": "New York, NY", "sentiment": "positive", "time": "Sat Mar 19 21:40:07 +0000 2016"}
{"polarity": 0.16818181818181818, "location": "Seattle, WA", "sentiment": "positive", "time": "Sat Mar 19 21:40:11 +0000 2016"}
{"polarity": 0.0, "location": "Orlando, FL", "sentiment": "neutral", "time": "Sat Mar 19 21:40:13 +0000 2016"}
{"polarity": 0.0, "location": "New York, NY", "sentiment": "neutral", "time": "Sat Mar 19 21:40:23 +0000 2016"}
{"polarity": 0.27904761904761904, "location": "Boston, MA", "sentiment": "positive", "time": "Sat Mar 19 21:40:24 +0000 2016"}
{"polarity": 0.0, "location": "Boston, MA", "sentiment": "neutral", "time": "Sat Mar 19 21:40:37 +0000 2016"}
{"polarity": -0.2, "location": "Orlando, FL", "sentiment": "negative", "time": "Sat Mar 19 21:40:45 +0000 2016"}
{"polarity": 0.4, "location": "Portland, OR", "sentiment": "positive", "time": "Sat Mar 19 21:40:50 +0000 2016"}
{"polarity": 0.0, "location": "Boston, MA", "sentiment": "neutral", "time": "Sat Mar 19 21:08:19 +0000 2016"}
{"polarity": 0.0, "location": "Atlanta, GA", "sentiment": "neutral", "time": "Sat Mar 19 21:08:26 +0000 2016"}
{"polarity": 0.8, "location": "Atlanta, GA", "sentiment": "positive", "time": "Sat Mar 19 21:08:29 +0000 2016"}
{"polarity": 0.0, "location": "San Diego, CA", "sentiment": "neutral", "time": "Sat Mar 19 21:08:31 +0000 2016"}
{"polarity": 0.1, "location": "San Diego, CA", "sentiment": "positive", "time": "Sat Mar 19 21:08:33 +0000 2016"}
{"polarity": 1.0, "location": "Boston, MA", "sentiment": "positive", "time": "Sat Mar 19 21:35:00 +0000 2016"}
{"polarity": 0.0, "location": "Seattle, WA", "sentiment": "neutral", "time": "Sat Mar 19 21:35:01 +0000 2016"}
{"polarity": 0.25, "location": "Atlanta, GA", "sentiment": "positive", "time": "Sat Mar 19 21:35:01 +0000 2016"}
{"polarity": 0.5, "location": "Phoenix, AZ", "sentiment": "positive", "time": "Sat Mar 19 21:35:04 +0000 2016"}
{"polarity": 0.0, "location": "New York, NY", "sentiment": "neutral", "time": "Sat Mar 19 21:35:05 +0000 2016"}
{"polarity": 0.4, "location": "San Diego, CA", "sentiment": "positive", "time": "Sat Mar 19 21:35:07 +0000 2016"}
{"polarity": 0.0, "location": "Atlanta, GA", "sentiment": "neutral", "time": "Sat Mar 19 21:35:43 +0000 2016"}
{"polarity": 0.0, "location": "Seattle, WA", "sentiment": "neutral", "time": "Sat Mar 19 21:35:51 +0000 2016"}
{"polarity": -0.075, "location": "New York, NY", "sentiment": "negative", "time": "Sat Mar 19 21:43:02 +0000 2016"}
{"polarity": 0.0, "location": "San Diego, CA", "sentiment": "neutral", "time": "Sat Mar 19 21:43:03 +0000 2016"}
{"polarity": -0.2, "location": "Orlando, FL", "sentiment": "negative", "time": "Sat Mar 19 21:43:09 +0000 2016"}
{"polarity": -0.0625, "location": "Atlanta, GA", "sentiment": "negative", "time": "Sat Mar 19 21:43:20 +0000 2016"}
{"polarity": -0.2, "location": "Portland, OR", "sentiment": "negative", "time": "Sat Mar 19 21:43:28 +0000 2016"}
{"polarity": -0.15, "location": "Boston, MA", "sentiment": "negative", "time": "Sat Mar 19 21:43:29 +0000 2016"}
{"polarity": -0.1875, "location": "San Diego, CA", "sentiment": "negative", "time": "Sat Mar 19 21:43:32 +0000 2016"}
{"polarity": 0.0, "location": "New York, NY", "sentiment": "neutral", "time": "Sat Mar 19 21:43:41 +0000 2016"}
{"polarity": -0.1, "location": "Portland, OR", "sentiment": "negative", "time": "Sat Mar 19 21:10:03 +0000 2016"}
{"polarity": -0.15999999999999998, "location": "Atlanta, GA", "sentiment": "negative", "time": "Sat Mar 19 21:10:07 +0000 2016"}
{"polarity": 0.0, "location": "New York, NY", "sentiment": "neutral", "time": "Sat Mar 19 21:10:12 +0000 2016"}
{"polarity": 0.0, "location": "Atlanta, GA", "sentiment": "neutral", "time": "Sat Mar 19 21:10:19 +0000 2016"}
{"polarity": 0.2, "location": "Atlanta, GA", "sentiment": "positive", "time": "Sat Mar 19 21:10:23 +0000 2016"}
{"polarity": -0.05, "location": "Phoenix, AZ", "sentiment": "negative", "time": "Sat Mar 19 21:10:38 +0000 2016"}
{"polarity": 0.016666666666666666, "location": "New York, NY", "sentiment": "positive", "time": "Sat Mar 19 21:10:46 +0000 2016"}
{"polarity": 0.6666666666666666, "location": "Portland, OR", "sentiment": "positive", "time": "Sat Mar 19 21:10:53 +0000 2016"}
{"polarity": 0.0, "location": "Atlanta, GA", "sentiment": "neutral", "time": "Sat Mar 19 21:10:58 +0000 2016"}
{"polarity": 0.4, "location": "Orlando, FL", "sentiment": "positive", "time": "Sat Mar 19 21:10:59 +0000 2016"}
{"polarity": 0.5, "location": "Phoenix, AZ", "sentiment": "positive", "time": "Sat Mar 19 21:54:22 +0000 2016"}
{"polarity": 0.0380952380952381, "location": "New York, NY", "sentiment": "positive", "time": "Sat Mar 19 21:54:25 +0000 2016"}
{"polarity": 0.65, "location": "Atlanta, GA", "sentiment": "positive", "time": "Sat Mar 19 21:54:36 +0000 2016"}
{"polarity": 0.25, "location": "Boston, MA", "sentiment": "positive", "time": "Sat Mar 19 21:54:39 +0000 2016"}
{"polarity": 0.0, "location": "New York, NY", "sentiment": "neutral", "time": "Sat Mar 19 21:54:43 +0000 2016"}
{"polarity": 0.03333333333333333, "location": "San Diego, CA", "sentiment": "positive", "time": "Sat Mar 19 21:54:45 +0000 2016"}
{"polarity": 0.13636363636363635, "location": "Seattle, WA", "sentiment": "positive", "time": "Sat Mar 19 21:54:45 +0000 2016"}
{"polarity": 0.0, "location": "Phoenix, AZ", "sentiment": "neutral", "time": "Sat Mar 19 21:24:00 +0000 2016"}
{"polarity": 0.0, "location": "New York, NY", "sentiment": "neutral", "time": "Sat Mar 19 21:24:16 +0000 2016"}
{"polarity": 0.1, "location": "New York, NY", "sentiment": "positive", "time": "Sat Mar 19 21:24:19 +0000 2016"}
{"polarity": 0.0, "location": "Portland, OR", "sentiment": "neutral", "time": "Sat Mar 19 21:24:37 +0000 2016"}
{"polarity": 0.6000000000000001, "location": "New York, NY", "sentiment": "positive", "time": "Sat Mar 19 21:24:40 +0000 2016"}
{"polarity": 0.8, "location": "Seattle, WA", "sentiment": "positive", "time": "Sat Mar 19 21:24:43 +0000 2016"}
{"polarity": 0.03333333333333333, "location": "New York, NY", "sentiment": "positive", "time": "Sat Mar 19 21:24:58 +0000 2016"}
{"polarity": 0.0, "location": "Orlando, FL", "sentiment": "neutral", "time": "Sat Mar 19 21:32:14 +0000 2016"}
{"polarity": 0.0, "location": "Seattle, WA", "sentiment": "neutral", "time": "Sat Mar 19 21:32:20 +0000 2016"}
{"polarity": 0.0, "location": "Atlanta, GA", "sentiment": "neutral", "time": "Sat Mar 19 21:32:21 +0000 2016"}
{"polarity": 0.0, "location": "Seattle, WA", "sentiment": "neutral", "time": "Sat Mar 19 21:32:27 +0000 2016"}
{"polarity": 0.0, "location": "Atlanta, GA", "sentiment": "neutral", "time": "Sat Mar 19 21:32:29 +0000 2016"}
{"polarity": 0.0, "location": "Boston, MA", "sentiment": "neutral", "time": "Sat Mar 19 21:32:33 +0000 2016"}
{"polarity": 0.25, "location": "San Diego, CA", "sentiment": "positive", "time": "Sat Mar 19 21:32:39 +0000 2016"}
{"polarity": 0.0, "location": "Phoenix, AZ", "sentiment": "neutral", "time": "Sat Mar 19 21:32:57 +0000 2016"}
{"polarity": 0.0, "location": "New York, NY", "sentiment": "neutral", "time": "Sat Mar 19 21:36:08 +0000 2016"}
{"polarity": 0.0, "location": "Orlando, FL", "sentiment": "neutral", "time": "Sat Mar 19 21:36:22 +0000 2016"}
{"polarity": 0.0, "location": "San Diego, CA", "sentiment": "neutral", "time": "Sat Mar 19 21:36:27 +0000 2016"}
{"polarity": 0.38749999999999996, "location": "Atlanta, GA", "sentiment": "positive", "time": "Sat Mar 19 21:36:31 +0000 2016"}
{"polarity": 0.0, "location": "San Diego, CA", "sentiment": "neutral", "time": "Sat Mar 19 21:36:38 +0000 2016"}
{"polarity": 1.0, "location": "New York, NY", "sentiment": "positive", "time": "Sat Mar 19 21:36:44 +0000 2016"}
{"polarity": 0.0, "location": "Orlando, FL", "sentiment": "neutral", "time": "Sat Mar 19 21:36:53 +0000 2016"}
{"polarity": 0.0, "location": "San Diego, CA", "sentiment": "neutral", "time": "Sat Mar 19 21:01:03 +0000 2016"}
{"polarity": 0.13636363636363635, "location": "New York, NY", "sentiment": "positive", "time": "Sat Mar 19 21:01:08 +0000 2016"}
{"polarity": 0.0, "location": "Boston, MA", "sentiment": "neutral", "time": "Sat Mar 19 21:01:14 +0000 2016"}
{"polarity": 0.26666666666666666, "location": "Orlando, FL", "sentiment": "positive", "time": "Sat Mar 19 21:01:35 +0000 2016"}
{"polarity": 0.0, "location": "Atlanta, GA", "sentiment": "neutral", "time": "Sat Mar 19 21:55:00 +0000 2016"}
{"polarity": 0.0, "location": "Atlanta, GA", "sentiment": "neutral", "time": "Sat Mar 19 21:55:01 +0000 2016"}
{"polarity": 0.0, "location": "New York, NY", "sentiment": "neutral", "time": "Sat Mar 19 21:55:05 +0000 2016"}
{"polarity": 0.8, "location": "Phoenix, AZ", "sentiment": "positive", "time": "Sat Mar 19 21:55:07 +0000 2016"}
{"polarity": 1.0, "location": "New York, NY", "sentiment": "positive", "time": "Sat Mar 19 21:55:20 +0000 2016"}
{"polarity": 0.39999999999999997, "location": "New York, NY", "sentiment": "positive", "time": "Sat Mar 19 21:55:26 +0000 2016"}
{"polarity": -0.7999999999999999, "location": "Boston, MA", "sentiment": "negative", "time": "Sat Mar 19 21:55:26 +0000 2016"}
{"polarity": -0.24305555555555558, "location": "Portland, OR", "sentiment": "negative", "time": "Sat Mar 19 21:55:28 +0000 2016"}
{"polarity": 0.0, "location": "Orlando, FL", "sentiment": "neutral", "time": "Sat Mar 19 21:55:35 +0000 2016"}
{"polarity": 0.0, "location": "Kansas City, KS", "sentiment": "neutral", "time": "Sat Mar 19 21:55:44 +0000 2016"}
{"polarity": 0.0, "location": "New York, NY", "sentiment": "neutral", "time": "Sat Mar 19 21:55:48 +0000 2016"}
{"polarity": -0.1101851851851852, "location": "Atlanta, GA", "sentiment": "negative", "time": "Sat Mar 19 21:55:50 +0000 2016"}
{"polarity": -0.35714285714285715, "location": "Phoenix, AZ", "sentiment": "negative", "time": "Sat Mar 19 21:09:33 +0000 2016"}
{"polarity": 0.0, "location": "Seattle, WA", "sentiment": "neutral", "time": "Sat Mar 19 21:09:34 +0000 2016"}
{"polarity": -0.275, "location": "Atlanta, GA", "sentiment": "negative", "time": "Sat Mar 19 21:09:39 +0000 2016"}
{"polarity": 0.0, "location": "San Diego, CA", "sentiment": "neutral", "time": "Sat Mar 19 21:09:43 +0000 2016"}
{"polarity": 0.1, "location": "New York, NY", "sentiment": "positive", "time": "Sat Mar 19 21:09:44 +0000 2016"}
{"polarity": 0.0, "location": "Atlanta, GA", "sentiment": "neutral", "time": "Sat Mar 19 21:09:46 +0000 2016"}
{"polarity": 0.875, "location": "San Diego, CA", "sentiment": "positive", "time": "Sat Mar 19 21:09:49 +0000 2016"}
{"polarity": 0.0, "location": "New York, NY", "sentiment": "neutral", "time": "Sat Mar 19 21:33:14 +0000 2016"}
{"polarity": 0.0, "location": "Atlanta, GA", "sentiment": "neutral", "time": "Sat Mar 19 21:33:18 +0000 2016"}
{"polarity": 0.5, "location": "Phoenix, AZ", "sentiment": "positive", "time": "Sat Mar 19 21:33:26 +0000 2016"}
{"polarity": -0.037500000000000006, "location": "Atlanta, GA", "sentiment": "negative", "time": "Sat Mar 19 21:33:26 +0000 2016"}
{"polarity": 0.625, "location": "San Diego, CA", "sentiment": "positive", "time": "Sat Mar 19 21:33:30 +0000 2016"}
{"polarity": 0.0, "location": "New York, NY", "sentiment": "neutral", "time": "Sat Mar 19 21:33:52 +0000 2016"}
{"polarity": 0.0, "location": "Atlanta, GA", "sentiment": "neutral", "time": "Sat Mar 19 21:33:56 +0000 2016"}
{"polarity": 0.0, "location": "San Diego, CA", "sentiment": "neutral", "time": "Sat Mar 19 21:44:04 +0000 2016"}
{"polarity": -0.13333333333333328, "location": "New York, NY", "sentiment": "negative", "time": "Sat Mar 19 21:44:30 +0000 2016"}
{"polarity": 0.0, "location": "Boston, MA", "sentiment": "neutral", "time": "Sat Mar 19 21:44:33 +0000 2016"}
{"polarity": 0.5, "location": "Portland, OR", "sentiment": "positive", "time": "Sat Mar 19 21:44:45 +0000 2016"}
{"polarity": 0.0, "location": "Seattle, WA", "sentiment": "neutral", "time": "Sat Mar 19 21:28:01 +0000 2016"}
{"polarity": 0.0, "location": "New York, NY", "sentiment": "neutral", "time": "Sat Mar 19 21:28:07 +0000 2016"}
{"polarity": 0.0, "location": "San Diego, CA", "sentiment": "neutral", "time": "Sat Mar 19 21:28:12 +0000 2016"}
{"polarity": 0.0, "location": "Portland, OR", "sentiment": "neutral", "time": "Sat Mar 19 21:28:13 +0000 2016"}
{"polarity": 0.0, "location": "Boston, MA", "sentiment": "neutral", "time": "Sat Mar 19 21:28:13 +0000 2016"}
{"polarity": 0.475, "location": "Portland, OR", "sentiment": "positive", "time": "Sat Mar 19 21:28:23 +0000 2016"}
{"polarity": -1.0, "location": "New York, NY", "sentiment": "negative", "time": "Sat Mar 19 21:28:29 +0000 2016"}
{"polarity": -0.48828125, "location": "New York, NY", "sentiment": "negative", "time": "Sat Mar 19 21:28:30 +0000 2016"}
{"polarity": 0.0, "location": "New York, NY", "sentiment": "neutral", "time": "Sat Mar 19 21:28:42 +0000 2016"}
{"polarity": 0.0, "location": "San Diego, CA", "sentiment": "neutral", "time": "Sat Mar 19 21:28:44 +0000 2016"}
{"polarity": 0.0, "location": "New York, NY", "sentiment": "neutral", "time": "Sat Mar 19 21:28:49 +0000 2016"}
{"polarity": 0.0, "location": "Atlanta, GA", "sentiment": "neutral", "time": "Sat Mar 19 21:28:50 +0000 2016"}
{"polarity": 0.0, "location": "Phoenix, AZ", "sentiment": "neutral", "time": "Sat Mar 19 21:28:58 +0000 2016"}
{"polarity": 0.0, "location": "Seattle, WA", "sentiment": "neutral", "time": "Sat Mar 19 21:22:01 +0000 2016"}
{"polarity": 0.0, "location": "San Diego, CA", "sentiment": "neutral", "time": "Sat Mar 19 21:22:06 +0000 2016"}
{"polarity": 0.0, "location": "San Diego, CA", "sentiment": "neutral", "time": "Sat Mar 19 21:22:06 +0000 2016"}
{"polarity": 0.35, "location": "Orlando, FL", "sentiment": "positive", "time": "Sat Mar 19 21:22:09 +0000 2016"}
{"polarity": 0.0, "location": "Atlanta, GA", "sentiment": "neutral", "time": "Sat Mar 19 21:22:10 +0000 2016"}
{"polarity": 0.175, "location": "Orlando, FL", "sentiment": "positive", "time": "Sat Mar 19 21:22:25 +0000 2016"}
{"polarity": -0.11666666666666667, "location": "Portland, OR", "sentiment": "negative", "time": "Sat Mar 19 21:22:36 +0000 2016"}
{"polarity": -0.25, "location": "San Diego, CA", "sentiment": "negative", "time": "Sat Mar 19 21:22:37 +0000 2016"}
{"polarity": 0.0, "location": "New York, NY", "sentiment": "neutral", "time": "Sat Mar 19 21:22:46 +0000 2016"}
{"polarity": 0.0, "location": "Atlanta, GA", "sentiment": "neutral", "time": "Sat Mar 19 21:22:59 +0000 2016"}
