{"polarity": 0.037500000000000006, "location": "Atlanta, GA", "sentiment": "positive", "time": "Fri Jul 29 12:39:01 +0000 2016"}
{"polarity": 0.30000000000000004, "location": "Boston, MA", "sentiment": "positive", "time": "Fri Jul 29 12:39:23 +0000 2016"}
{"polarity": 0.0, "location": "New York, NY", "sentiment": "neutral", "time": "Fri Jul 29 12:39:40 +0000 2016"}
{"polarity": 0.6, "location": "Atlanta, GA", "sentiment": "positive", "time": "Fri Jul 29 12:39:49 +0000 2016"}
{"polarity": 0.5, "location": "Atlanta, GA", "sentiment": "positive", "time": "Fri Jul 29 12:59:16 +0000 2016"}
{"polarity": 0.0, "location": "Atlanta, GA", "sentiment": "neutral", "time": "Fri Jul 29 12:59:41 +0000 2016"}
{"polarity": 0.5, "location": "New York, NY", "sentiment": "positive", "time": "Fri Jul 29 12:19:20 +0000 2016"}
{"polarity": 0.0, "location": "Seattle, WA", "sentiment": "neutral", "time": "Fri Jul 29 12:19:21 +0000 2016"}
{"polarity": -0.9999999999999999, "location": "Boston, MA", "sentiment": "negative", "time": "Fri Jul 29 12:19:23 +0000 2016"}
{"polarity": 0.0, "location": "Boston, MA", "sentiment": "neutral", "time": "Fri Jul 29 12:19:38 +0000 2016"}
{"polarity": 0.25, "location": "Portland, OR", "sentiment": "positive", "time": "Fri Jul 29 12:19:45 +0000 2016"}
{"polarity": 0.2, "location": "Portland, OR", "sentiment": "positive", "time": "Fri Jul 29 12:19:47 +0000 2016"}
{"polarity": -0.04791666666666668, "location": "Boston, MA", "sentiment": "negative", "time": "Fri Jul 29 12:37:04 +0000 2016"}
{"polarity": 0.0, "location": "Seattle, WA", "sentiment": "neutral", "time": "Fri Jul 29 12:37:13 +0000 2016"}
{"polarity": 0.0, "location": "San Diego, CA", "sentiment": "neutral", "time": "Fri Jul 29 12:37:14 +0000 2016"}
{"polarity": 0.06818181818181818, "location": "New York, NY", "sentiment": "positive", "time": "Fri Jul 29 12:37:46 +0000 2016"}
{"polarity": 0.0, "location": "Boston, MA", "sentiment": "neutral", "time": "Fri Jul 29 12:37:53 +0000 2016"}
{"polarity": 0.0, "location": "San Diego, CA", "sentiment": "neutral", "time": "Fri Jul 29 12:31:06 +0000 2016"}
{"polarity": 1.0, "location": "San Diego, CA", "sentiment": "positive", "time": "Fri Jul 29 12:31:29 +0000 2016"}
{"polarity": 0.5, "location": "Portland, OR", "sentiment": "positive", "time": "Fri Jul 29 12:31:29 +0000 2016"}
{"polarity": 0.0, "location": "New York, NY", "sentiment": "neutral", "time": "Fri Jul 29 12:31:50 +0000 2016"}
{"polarity": 0.0, "location": "New York, NY", "sentiment": "neutral", "time": "Fri Jul 29 12:31:56 +0000 2016"}
{"polarity": 0.2, "location": "New York, NY", "sentiment": "positive", "time": "Fri Jul 29 12:41:09 +0000 2016"}
{"polarity": -0.46666666666666673, "location": "Seattle, WA", "sentiment": "negative", "time": "Fri Jul 29 12:41:20 +0000 2016"}
{"polarity": 0.0, "location": "Orlando, FL", "sentiment": "neutral", "time": "Fri Jul 29 12:41:29 +0000 2016"}
{"polarity": -0.07777777777777779, "location": "Atlanta, GA", "sentiment": "negative", "time": "Fri Jul 29 12:27:02 +0000 2016"}
{"polarity": 0.0, "location": "Atlanta, GA", "sentiment": "neutral", "time": "Fri Jul 29 12:27:10 +0000 2016"}
{"polarity": -0.07222222222222226, "location": "New York, NY", "sentiment": "negative", "time": "Fri Jul 29 12:27:25 +0000 2016"}
{"polarity": -0.5, "location": "Atlanta, GA", "sentiment": "negative", "time": "Fri Jul 29 12:27:45 +0000 2016"}
{"polarity": 0.5190476190476191, "location": "Atlanta, GA", "sentiment": "positive", "time": "Fri Jul 29 12:57:09 +0000 2016"}
{"polarity": 0.0, "location": "New York, NY", "sentiment": "neutral", "time": "Fri Jul 29 12:57:39 +0000 2016"}
{"polarity": -0.3, "location": "New York, NY", "sentiment": "negative", "time": "Fri Jul 29 12:57:43 +0000 2016"}
{"polarity": 0.0, "location": "Atlanta, GA", "sentiment": "neutral", "time": "Fri Jul 29 12:26:07 +0000 2016"}
{"polarity": 0.0, "location": "Boston, MA", "sentiment": "neutral", "time": "Fri Jul 29 12:26:14 +0000 2016"}
{"polarity": 0.0, "location": "Boston, MA", "sentiment": "neutral", "time": "Fri Jul 29 12:26:23 +0000 2016"}
{"polarity": -0.025, "location": "Atlanta, GA", "sentiment": "negative", "time": "Fri Jul 29 12:26:48 +0000 2016"}
{"polarity": 0.0, "location": "Boston, MA", "sentiment": "neutral", "time": "Fri Jul 29 12:26:59 +0000 2016"}
{"polarity": 0.6, "location": "Atlanta, GA", "sentiment": "positive", "time": "Fri Jul 29 12:26:59 +0000 2016"}
{"polarity": 0.0, "location": "Boston, MA", "sentiment": "neutral", "time": "Fri Jul 29 12:58:08 +0000 2016"}
{"polarity": -0.13749999999999998, "location": "Boston, MA", "sentiment": "negative", "time": "Fri Jul 29 12:58:17 +0000 2016"}
{"polarity": 0.5, "location": "Phoenix, AZ", "sentiment": "positive", "time": "Fri Jul 29 12:58:20 +0000 2016"}
{"polarity": 0.0, "location": "Atlanta, GA", "sentiment": "neutral", "time": "Fri Jul 29 12:58:22 +0000 2016"}
{"polarity": -0.4, "location": "New York, NY", "sentiment": "negative", "time": "Fri Jul 29 12:58:53 +0000 2016"}
{"polarity": 0.15, "location": "Atlanta, GA", "sentiment": "positive", "time": "Fri Jul 29 12:42:02 +0000 2016"}
{"polarity": 0.0, "location": "Boston, MA", "sentiment": "neutral", "time": "Fri Jul 29 12:42:09 +0000 2016"}
{"polarity": 0.0, "location": "Boston, MA", "sentiment": "neutral", "time": "Fri Jul 29 12:42:19 +0000 2016"}
{"polarity": 0.05000000000000002, "location": "New York, NY", "sentiment": "positive", "time": "Fri Jul 29 12:42:28 +0000 2016"}
{"polarity": 0.0, "location": "New York, NY", "sentiment": "neutral", "time": "Fri Jul 29 12:42:35 +0000 2016"}
{"polarity": 0.0, "location": "San Diego, CA", "sentiment": "neutral", "time": "Fri Jul 29 12:42:35 +0000 2016"}
{"polarity": 0.5916666666666667, "location": "New York, NY", "sentiment": "positive", "time": "Fri Jul 29 12:42:46 +0000 2016"}
{"polarity": 0.0, "location": "Atlanta, GA", "sentiment": "neutral", "time": "Fri Jul 29 12:42:53 +0000 2016"}
{"polarity": 0.0, "location": "New York, NY", "sentiment": "neutral", "time": "Fri Jul 29 12:50:07 +0000 2016"}
{"polarity": 0.13636363636363635, "location": "New York, NY", "sentiment": "positive", "time": "Fri Jul 29 12:50:10 +0000 2016"}
{"polarity": 0.35, "location": "New York, NY", "sentiment": "positive", "time": "Fri Jul 29 12:50:25 +0000 2016"}
{"polarity": 0.55, "location": "New York, NY", "sentiment": "positive", "time": "Fri Jul 29 12:50:25 +0000 2016"}
{"polarity": 0.5, "location": "New York, NY", "sentiment": "positive", "time": "Fri Jul 29 12:50:29 +0000 2016"}
{"polarity": 0.16818181818181818, "location": "Orlando, FL", "sentiment": "positive", "time": "Fri Jul 29 12:50:52 +0000 2016"}
{"polarity": 0.175, "location": "New York, NY", "sentiment": "positive", "time": "Fri Jul 29 12:15:13 +0000 2016"}
{"polarity": 0.0, "location": "Orlando, FL", "sentiment": "neutral", "time": "Fri Jul 29 12:15:17 +0000 2016"}
{"polarity": 0.0, "location": "New York, NY", "sentiment": "neutral", "time": "Fri Jul 29 12:15:35 +0000 2016"}
{"polarity": 0.0, "location": "Phoenix, AZ", "sentiment": "neutral", "time": "Fri Jul 29 12:15:42 +0000 2016"}
{"polarity": 0.0, "location": "New York, NY", "sentiment": "neutral", "time": "Fri Jul 29 12:15:48 +0000 2016"}
{"polarity": 0.2857142857142857, "location": "New York, NY", "sentiment": "positive", "time": "Fri Jul 29 12:15:54 +0000 2016"}
{"polarity": 0.2681818181818182, "location": "New York, NY", "sentiment": "positive", "time": "Fri Jul 29 12:15:59 +0000 2016"}
{"polarity": 0.15, "location": "New York, NY", "sentiment": "positive", "time": "Fri Jul 29 12:38:01 +0000 2016"}
{"polarity": 0.0, "location": "Seattle, WA", "sentiment": "neutral", "time": "Fri Jul 29 12:38:07 +0000 2016"}
{"polarity": 0.0, "location": "Atlanta, GA", "sentiment": "neutral", "time": "Fri Jul 29 12:38:14 +0000 2016"}
{"polarity": 0.0, "location": "Boston, MA", "sentiment": "neutral", "time": "Fri Jul 29 12:38:37 +0000 2016"}
{"polarity": 0.0, "location": "Orlando, FL", "sentiment": "neutral", "time": "Fri Jul 29 12:38:58 +0000 2016"}
{"polarity": 0.0, "location": "New York, NY", "sentiment": "neutral", "time": "Fri Jul 29 12:21:18 +0000 2016"}
{"polarity": -0.3083333333333333, "location": "Atlanta, GA", "sentiment": "negative", "time": "Fri Jul 29 12:21:19 +0000 2016"}
{"polarity": 0.0, "location": "New York, NY", "sentiment": "neutral", "time": "Fri Jul 29 12:21:32 +0000 2016"}
{"polarity": -0.2, "location": "Atlanta, GA", "sentiment": "negative", "time": "Fri Jul 29 12:21:34 +0000 2016"}
{"polarity": -0.2, "location": "Boston, MA", "sentiment": "negative", "time": "Fri Jul 29 12:21:55 +0000 2016"}
{"polarity": 0.125, "location": "Seattle, WA", "sentiment": "positive", "time": "Fri Jul 29 12:17:04 +0000 2016"}
{"polarity": 0.0, "location": "Orlando, FL", "sentiment": "neutral", "time": "Fri Jul 29 12:17:06 +0000 2016"}
{"polarity": 0.45, "location": "Seattle, WA", "sentiment": "positive", "time": "Fri Jul 29 12:17:12 +0000 2016"}
{"polarity": 0.0, "location": "Portland, OR", "sentiment": "neutral", "time": "Fri Jul 29 12:17:18 +0000 2016"}
{"polarity": 0.0, "location": "Atlanta, GA", "sentiment": "neutral", "time": "Fri Jul 29 12:17:23 +0000 2016"}
{"polarity": 0.0, "location": "Atlanta, GA", "sentiment": "neutral", "time": "Fri Jul 29 12:17:28 +0000 2016"}
{"polarity": 0.0, "location": "Portland, OR", "sentiment": "neutral", "time": "Fri Jul 29 12:12:00 +0000 2016"}
{"polarity": 0.0, "location": "New York, NY", "sentiment": "neutral", "time": "Fri Jul 29 12:12:00 +0000 2016"}
{"polarity": 0.05, "location": "Portland, OR", "sentiment": "positive", "time": "Fri Jul 29 12:12:01 +0000 2016"}
{"polarity": -0.25, "location": "New York, NY", "sentiment": "negative", "time": "Fri Jul 29 12:12:13 +0000 2016"}
{"polarity": 0.0, "location": "New York, NY", "sentiment": "neutral", "time": "Fri Jul 29 12:12:27 +0000 2016"}
{"polarity": 0.6125, "location": "Boston, MA", "sentiment": "positive", "time": "Fri Jul 29 12:12:33 +0000 2016"}
{"polarity": 0.025000000000000005, "location": "Atlanta, GA", "sentiment": "positive", "time": "Fri Jul 29 12:12:41 +0000 2016"}
{"polarity": 0.0, "location": "New York, NY", "sentiment": "neutral", "time": "Fri Jul 29 12:12:49 +0000 2016"}
{"polarity": 0.0, "location": "New York, NY", "sentiment": "neutral", "time": "Fri Jul 29 12:29:35 +0000 2016"}
{"polarity": 0.0625, "location": "Boston, MA", "sentiment": "positive", "time": "Fri Jul 29 12:29:37 +0000 2016"}
{"polarity": 0.0, "location": "New York, NY", "sentiment": "neutral", "time": "Fri Jul 29 12:18:05 +0000 2016"}
{"polarity": 1.0, "location": "Boston, MA", "sentiment": "positive", "time": "Fri Jul 29 12:18:50 +0000 2016"}
{"polarity": 0.0, "location": "New York, NY", "sentiment": "neutral", "time": "Fri Jul 29 12:18:54 +0000 2016"}
{"polarity": 0.0, "location": "Atlanta, GA", "sentiment": "neutral", "time": "Fri Jul 29 12:46:22 +0000 2016"}
{"polarity": 0.0, "location": "Orlando, FL", "sentiment": "neutral", "time": "Fri Jul 29 12:46:22 +0000 2016"}
{"polarity": -0.25, "location": "Boston, MA", "sentiment": "negative", "time": "Fri Jul 29 12:46:27 +0000 2016"}
{"polarity": 0.09166666666666667, "location": "New York, NY", "sentiment": "positive", "time": "Fri Jul 29 12:46:48 +0000 2016"}
{"polarity": 0.0, "location": "San Diego, CA", "sentiment": "neutral", "time": "Fri Jul 29 12:46:49 +0000 2016"}
{"polarity": 0.5, "location": "Atlanta, GA", "sentiment": "positive", "time": "Fri Jul 29 12:46:53 +0000 2016"}
{"polarity": 0.17045454545454544, "location": "Boston, MA", "sentiment": "positive", "time": "Fri Jul 29 12:00:01 +0000 2016"}
{"polarity": 1.0, "location": "Seattle, WA", "sentiment": "positive", "time": "Fri Jul 29 12:00:02 +0000 2016"}
{"polarity": 0.1, "location": "Boston, MA", "sentiment": "positive", "time": "Fri Jul 29 12:00:05 +0000 2016"}
{"polarity": 0.5, "location": "Atlanta, GA", "sentiment": "positive", "time": "Fri Jul 29 12:00:07 +0000 2016"}
{"polarity": 0.0, "location": "Atlanta, GA", "sentiment": "neutral", "time": "Fri Jul 29 12:00:07 +0000 2016"}
{"polarity": 0.0, "location": "New York, NY", "sentiment": "neutral", "time": "Fri Jul 29 12:00:08 +0000 2016"}
{"polarity": 0.0, "location": "New York, NY", "sentiment": "neutral", "time": "Fri Jul 29 12:00:17 +0000 2016"}
{"polarity": 0.0, "location": "Orlando, FL", "sentiment": "neutral", "time": "Fri Jul 29 12:00:26 +0000 2016"}
{"polarity": 1.0, "location": "San Diego, CA", "sentiment": "positive", "time": "Fri Jul 29 12:00:27 +0000 2016"}
{"polarity": 0.5, "location": "Boston, MA", "sentiment": "positive", "time": "Fri Jul 29 12:00:50 +0000 2016"}
{"polarity": 0.0, "location": "Atlanta, GA", "sentiment": "neutral", "time": "Fri Jul 29 12:34:07 +0000 2016"}
{"polarity": 0.0, "location": "Atlanta, GA", "sentiment": "neutral", "time": "Fri Jul 29 12:34:13 +0000 2016"}
{"polarity": -0.1875, "location": "Portland, OR", "sentiment": "negative", "time": "Fri Jul 29 12:34:15 +0000 2016"}
{"polarity": 0.0, "location": "Boston, MA", "sentiment": "neutral", "time": "Fri Jul 29 12:34:26 +0000 2016"}
{"polarity": 0.0, "location": "New York, NY", "sentiment": "neutral", "time": "Fri Jul 29 12:34:32 +0000 2016"}
{"polarity": 0.0, "location": "Boston, MA", "sentiment": "neutral", "time": "Fri Jul 29 12:34:32 +0000 2016"}
{"polarity": -0.0625, "location": "New York, NY", "sentiment": "negative", "time": "Fri Jul 29 12:34:43 +0000 2016"}
{"polarity": 0.0, "location": "Boston, MA", "sentiment": "neutral", "time": "Fri Jul 29 12:34:43 +0000 2016"}
{"polarity": -0.125, "location": "New York, NY", "sentiment": "negative", "time": "Fri Jul 29 12:34:51 +0000 2016"}
{"polarity": 0.0, "location": "Atlanta, GA", "sentiment": "neutral", "time": "Fri Jul 29 12:05:05 +0000 2016"}
{"polarity": 0.016666666666666666, "location": "New York, NY", "sentiment": "positive", "time": "Fri Jul 29 12:05:18 +0000 2016"}
{"polarity": 0.0, "location": "Orlando, FL", "sentiment": "neutral", "time": "Fri Jul 29 12:05:19 +0000 2016"}
{"polarity": 0.17045454545454544, "location": "New York, NY", "sentiment": "positive", "time": "Fri Jul 29 12:05:19 +0000 2016"}
{"polarity": 0.0, "location": "New York, NY", "sentiment": "neutral", "time": "Fri Jul 29 12:05:20 +0000 2016"}
{"polarity": 0.1, "location": "Atlanta, GA", "sentiment": "positive", "time": "Fri Jul 29 12:05:24 +0000 2016"}
{"polarity": -0.5, "location": "New York, NY", "sentiment": "negative", "time": "Fri Jul 29 12:05:30 +0000 2016"}
{"polarity": 0.0, "location": "Atlanta, GA", "sentiment": "neutral", "time": "Fri Jul 29 12:05:59 +0000 2016"}
{"polarity": -0.9, "location": "Atlanta, GA", "sentiment": "negative", "time": "Fri Jul 29 12:11:20 +0000 2016"}
{"polarity": -0.2, "location": "Atlanta, GA", "sentiment": "negative", "time": "Fri Jul 29 12:11:20 +0000 2016"}
{"polarity": -0.0625, "location": "New York, NY", "sentiment": "negative", "time": "Fri Jul 29 12:11:23 +0000 2016"}
{"polarity": 0.0, "location": "Boston, MA", "sentiment": "neutral", "time": "Fri Jul 29 12:11:25 +0000 2016"}
{"polarity": 0.13636363636363635, "location": "Boston, MA", "sentiment": "positive", "time": "Fri Jul 29 12:11:41 +0000 2016"}
{"polarity": 0.390625, "location": "New York, NY", "sentiment": "positive", "time": "Fri Jul 29 12:11:55 +0000 2016"}
{"polarity": 0.35, "location": "Portland, OR", "sentiment": "positive", "time": "Fri Jul 29 12:56:10 +0000 2016"}
{"polarity": 0.0, "location": "Atlanta, GA", "sentiment": "neutral", "time": "Fri Jul 29 12:56:22 +0000 2016"}
{"polarity": 0.0, "location": "New York, NY", "sentiment": "neutral", "time": "Fri Jul 29 12:56:35 +0000 2016"}
{"polarity": 0.0, "location": "New York, NY", "sentiment": "neutral", "time": "Fri Jul 29 12:56:36 +0000 2016"}
{"polarity": 0.25, "location": "New York, NY", "sentiment": "positive", "time": "Fri Jul 29 12:56:36 +0000 2016"}
{"polarity": 0.55, "location": "New York, NY", "sentiment": "positive", "time": "Fri Jul 29 12:56:49 +0000 2016"}
{"polarity": 0.0, "location": "Phoenix, AZ", "sentiment": "neutral", "time": "Fri Jul 29 12:56:54 +0000 2016"}
{"polarity": 1.0, "location": "Atlanta, GA", "sentiment": "positive", "time": "Fri Jul 29 12:47:02 +0000 2016"}
{"polarity": 0.0, "location": "New York, NY", "sentiment": "neutral", "time": "Fri Jul 29 12:47:16 +0000 2016"}
{"polarity": 0.25, "location": "Seattle, WA", "sentiment": "positive", "time": "Fri Jul 29 12:47:46 +0000 2016"}
{"polarity": 0.19545454545454546, "location": "Atlanta, GA", "sentiment": "positive", "time": "Fri Jul 29 12:47:49 +0000 2016"}
{"polarity": 0.0, "location": "Orlando, FL", "sentiment": "neutral", "time": "Fri Jul 29 12:52:11 +0000 2016"}
{"polarity": 0.0, "location": "Orlando, FL", "sentiment": "neutral", "time": "Fri Jul 29 12:52:20 +0000 2016"}
{"polarity": -0.19125, "location": "New York, NY", "sentiment": "negative", "time": "Fri Jul 29 12:52:21 +0000 2016"}
{"polarity": 0.0, "location": "Boston, MA", "sentiment": "neutral", "time": "Fri Jul 29 12:52:31 +0000 2016"}
{"polarity": 0.7, "location": "Atlanta, GA", "sentiment": "positive", "time": "Fri Jul 29 12:52:32 +0000 2016"}
{"polarity": 0.0, "location": "New York, NY", "sentiment": "neutral", "time": "Fri Jul 29 12:52:37 +0000 2016"}
{"polarity": 0.35, "location": "New York, NY", "sentiment": "positive", "time": "Fri Jul 29 12:52:40 +0000 2016"}
{"polarity": 0.0, "location": "Boston, MA", "sentiment": "neutral", "time": "Fri Jul 29 12:52:41 +0000 2016"}
{"polarity": 0.25, "location": "Atlanta, GA", "sentiment": "positive", "time": "Fri Jul 29 12:52:41 +0000 2016"}
{"polarity": -0.13392857142857142, "location": "Boston, MA", "sentiment": "negative", "time": "Fri Jul 29 12:52:46 +0000 2016"}
{"polarity": -0.16666666666666666, "location": "Atlanta, GA", "sentiment": "negative", "time": "Fri Jul 29 12:52:53 +0000 2016"}
{"polarity": 0.0, "location": "Atlanta, GA", "sentiment": "neutral", "time": "Fri Jul 29 12:53:07 +0000 2016"}
{"polarity": 0.65, "location": "Boston, MA", "sentiment": "positive", "time": "Fri Jul 29 12:53:09 +0000 2016"}
{"polarity": -0.04999999999999999, "location": "Orlando, FL", "sentiment": "negative", "time": "Fri Jul 29 12:53:11 +0000 2016"}
{"polarity": 0.421875, "location": "Boston, MA", "sentiment": "positive", "time": "Fri Jul 29 12:53:20 +0000 2016"}
{"polarity": 0.25, "location": "New York, NY", "sentiment": "positive", "time": "Fri Jul 29 12:53:21 +0000 2016"}
{"polarity": 0.0, "location": "New York, NY", "sentiment": "neutral", "time": "Fri Jul 29 12:53:25 +0000 2016"}
{"polarity": 0.7, "location": "New York, NY", "sentiment": "positive", "time": "Fri Jul 29 12:53:25 +0000 2016"}
{"polarity": 0.0, "location": "Boston, MA", "sentiment": "neutral", "time": "Fri Jul 29 12:53:37 +0000 2016"}
{"polarity": 0.0, "location": "Boston, MA", "sentiment": "neutral", "time": "Fri Jul 29 12:53:50 +0000 2016"}
{"polarity": -0.175, "location": "Orlando, FL", "sentiment": "negative", "time": "Fri Jul 29 12:53:51 +0000 2016"}
{"polarity": -0.5, "location": "Seattle, WA", "sentiment": "negative", "time": "Fri Jul 29 12:53:52 +0000 2016"}
{"polarity": 0.0, "location": "Portland, OR", "sentiment": "neutral", "time": "Fri Jul 29 12:02:01 +0000 2016"}
{"polarity": 0.0, "location": "New York, NY", "sentiment": "neutral", "time": "Fri Jul 29 12:02:02 +0000 2016"}
{"polarity": 0.4, "location": "New York, NY", "sentiment": "positive", "time": "Fri Jul 29 12:02:02 +0000 2016"}
{"polarity": 0.0, "location": "Boston, MA", "sentiment": "neutral", "time": "Fri Jul 29 12:02:02 +0000 2016"}
{"polarity": 0.0, "location": "Atlanta, GA", "sentiment": "neutral", "time": "Fri Jul 29 12:02:08 +0000 2016"}
{"polarity": 0.0, "location": "Boston, MA", "sentiment": "neutral", "time": "Fri Jul 29 12:02:08 +0000 2016"}
{"polarity": 0.0, "location": "New York, NY", "sentiment": "neutral", "time": "Fri Jul 29 12:02:16 +0000 2016"}
{"polarity": 0.25, "location": "Portland, OR", "sentiment": "positive", "time": "Fri Jul 29 12:02:26 +0000 2016"}
{"polarity": 0.5, "location": "Orlando, FL", "sentiment": "positive", "time": "Fri Jul 29 12:02:27 +0000 2016"}
{"polarity": 0.0, "location": "New York, NY", "sentiment": "neutral", "time": "Fri Jul 29 12:02:33 +0000 2016"}
{"polarity": 0.0, "location": "Boston, MA", "sentiment": "neutral", "time": "Fri Jul 29 12:02:39 +0000 2016"}
{"polarity": 0.0, "location": "New York, NY", "sentiment": "neutral", "time": "Fri Jul 29 12:02:52 +0000 2016"}
{"polarity": 0.0, "location": "New York, NY", "sentiment": "neutral", "time": "Fri Jul 29 12:48:04 +0000 2016"}
{"polarity": 1.0, "location": "Boston, MA", "sentiment": "positive", "time": "Fri Jul 29 12:48:22 +0000 2016"}
{"polarity": 0.0, "location": "San Diego, CA", "sentiment": "neutral", "time": "Fri Jul 29 12:48:25 +0000 2016"}
{"polarity": 0.25, "location": "Atlanta, GA", "sentiment": "positive", "time": "Fri Jul 29 12:48:35 +0000 2016"}
{"polarity": 0.0, "location": "Seattle, WA", "sentiment": "neutral", "time": "Fri Jul 29 12:48:47 +0000 2016"}
{"polarity": 0.04545454545454545, "location": "St. Louis, MO", "sentiment": "positive", "time": "Fri Jul 29 12:48:49 +0000 2016"}
{"polarity": 0.04999999999999997, "location": "Boston, MA", "sentiment": "positive", "time": "Fri Jul 29 12:25:02 +0000 2016"}
{"polarity": 0.0, "location": "New York, NY", "sentiment": "neutral", "time": "Fri Jul 29 12:25:25 +0000 2016"}
{"polarity": 0.85, "location": "Atlanta, GA", "sentiment": "positive", "time": "Fri Jul 29 12:25:27 +0000 2016"}
{"polarity": -0.175, "location": "New York, NY", "sentiment": "negative", "time": "Fri Jul 29 12:25:46 +0000 2016"}
{"polarity": 0.0, "location": "St. Louis, MO", "sentiment": "neutral", "time": "Fri Jul 29 12:25:49 +0000 2016"}
{"polarity": 0.13, "location": "Seattle, WA", "sentiment": "positive", "time": "Fri Jul 29 12:25:52 +0000 2016"}
{"polarity": 0.0, "location": "San Diego, CA", "sentiment": "neutral", "time": "Fri Jul 29 12:16:05 +0000 2016"}
{"polarity": 0.021645021645021644, "location": "Boston, MA", "sentiment": "positive", "time": "Fri Jul 29 12:16:15 +0000 2016"}
{"polarity": 0.13636363636363635, "location": "Orlando, FL", "sentiment": "positive", "time": "Fri Jul 29 12:16:20 +0000 2016"}
{"polarity": 0.0, "location": "New York, NY", "sentiment": "neutral", "time": "Fri Jul 29 12:16:34 +0000 2016"}
{"polarity": -0.15, "location": "Portland, OR", "sentiment": "negative", "time": "Fri Jul 29 12:16:51 +0000 2016"}
{"polarity": 0.08, "location": "Boston, MA", "sentiment": "positive", "time": "Fri Jul 29 12:14:11 +0000 2016"}
{"polarity": 0.0, "location": "New York, NY", "sentiment": "neutral", "time": "Fri Jul 29 12:14:11 +0000 2016"}
{"polarity": 0.85, "location": "Atlanta, GA", "sentiment": "positive", "time": "Fri Jul 29 12:14:20 +0000 2016"}
{"polarity": 0.3, "location": "Orlando, FL", "sentiment": "positive", "time": "Fri Jul 29 12:14:32 +0000 2016"}
{"polarity": 0.0, "location": "New York, NY", "sentiment": "neutral", "time": "Fri Jul 29 12:23:00 +0000 2016"}
{"polarity": 0.0, "location": "Boston, MA", "sentiment": "neutral", "time": "Fri Jul 29 12:23:03 +0000 2016"}
{"polarity": 0.03333333333333333, "location": "Portland, OR", "sentiment": "positive", "time": "Fri Jul 29 12:23:45 +0000 2016"}
{"polarity": 0.22916666666666666, "location": "San Diego, CA", "sentiment": "positive", "time": "Fri Jul 29 12:23:53 +0000 2016"}
{"polarity": 0.0, "location": "New York, NY", "sentiment": "neutral", "time": "Fri Jul 29 12:07:15 +0000 2016"}
{"polarity": 0.0, "location": "Seattle, WA", "sentiment": "neutral", "time": "Fri Jul 29 12:07:20 +0000 2016"}
{"polarity": 0.0, "location": "Seattle, WA", "sentiment": "neutral", "time": "Fri Jul 29 12:07:33 +0000 2016"}
{"polarity": -0.1, "location": "Orlando, FL", "sentiment": "negative", "time": "Fri Jul 29 12:07:49 +0000 2016"}
{"polarity": -0.5, "location": "New York, NY", "sentiment": "negative", "time": "Fri Jul 29 12:51:02 +0000 2016"}
{"polarity": -0.04999999999999999, "location": "Seattle, WA", "sentiment": "negative", "time": "Fri Jul 29 12:51:12 +0000 2016"}
{"polarity": 0.0, "location": "Portland, OR", "sentiment": "neutral", "time": "Fri Jul 29 12:51:16 +0000 2016"}
{"polarity": 0.5, "location": "Atlanta, GA", "sentiment": "positive", "time": "Fri Jul 29 12:51:25 +0000 2016"}
{"polarity": -1.0, "location": "Atlanta, GA", "sentiment": "negative", "time": "Fri Jul 29 12:51:26 +0000 2016"}
{"polarity": 0.0, "location": "Boston, MA", "sentiment": "neutral", "time": "Fri Jul 29 12:51:33 +0000 2016"}
{"polarity": -0.2277777777777778, "location": "Orlando, FL", "sentiment": "negative", "time": "Fri Jul 29 12:51:37 +0000 2016"}
{"polarity": 0.0, "location": "New York, NY", "sentiment": "neutral", "time": "Fri Jul 29 12:30:00 +0000 2016"}
{"polarity": 0.0, "location": "Atlanta, GA", "sentiment": "neutral", "time": "Fri Jul 29 12:30:01 +0000 2016"}
{"polarity": 0.0, "location": "Boston, MA", "sentiment": "neutral", "time": "Fri Jul 29 12:30:03 +0000 2016"}
{"polarity": 0.0, "location": "San Diego, CA", "sentiment": "neutral", "time": "Fri Jul 29 12:30:03 +0000 2016"}
{"polarity": 0.75, "location": "Boston, MA", "sentiment": "positive", "time": "Fri Jul 29 12:30:07 +0000 2016"}
{"polarity": 0.7, "location": "Atlanta, GA", "sentiment": "positive", "time": "Fri Jul 29 12:30:07 +0000 2016"}
{"polarity": 0.0, "location": "Boston, MA", "sentiment": "neutral", "time": "Fri Jul 29 12:30:08 +0000 2016"}
{"polarity": 0.0, "location": "Orlando, FL", "sentiment": "neutral", "time": "Fri Jul 29 12:30:15 +0000 2016"}
{"polarity": 0.2642857142857143, "location": "San Diego, CA", "sentiment": "positive", "time": "Fri Jul 29 12:30:21 +0000 2016"}
{"polarity": 0.16285714285714287, "location": "Seattle, WA", "sentiment": "positive", "time": "Fri Jul 29 12:03:11 +0000 2016"}
{"polarity": -0.15555555555555559, "location": "New York, NY", "sentiment": "negative", "time": "Fri Jul 29 12:03:20 +0000 2016"}
{"polarity": -0.6999999999999998, "location": "Atlanta, GA", "sentiment": "negative", "time": "Fri Jul 29 12:40:31 +0000 2016"}
{"polarity": 0.0, "location": "New York, NY", "sentiment": "neutral", "time": "Fri Jul 29 12:40:42 +0000 2016"}
{"polarity": 0.0, "location": "New York, NY", "sentiment": "neutral", "time": "Fri Jul 29 12:40:46 +0000 2016"}
{"polarity": 0.0, "location": "Atlanta, GA", "sentiment": "neutral", "time": "Fri Jul 29 12:08:16 +0000 2016"}
{"polarity": 0.0, "location": "Phoenix, AZ", "sentiment": "neutral", "time": "Fri Jul 29 12:08:24 +0000 2016"}
{"polarity": 0.0, "location": "New York, NY", "sentiment": "neutral", "time": "Fri Jul 29 12:08:44 +0000 2016"}
{"polarity": 0.0, "location": "New York, NY", "sentiment": "neutral", "time": "Fri Jul 29 12:08:57 +0000 2016"}
{"polarity": 0.0, "location": "Orlando, FL", "sentiment": "neutral", "time": "Fri Jul 29 12:35:05 +0000 2016"}
{"polarity": 0.0, "location": "New York, NY", "sentiment": "neutral", "time": "Fri Jul 29 12:35:13 +0000 2016"}
{"polarity": 0.0, "location": "Phoenix, AZ", "sentiment": "neutral", "time": "Fri Jul 29 12:35:31 +0000 2016"}
{"polarity": 0.25, "location": "Boston, MA", "sentiment": "positive", "time": "Fri Jul 29 12:35:42 +0000 2016"}
{"polarity": 0.7, "location": "Atlanta, GA", "sentiment": "positive", "time": "Fri Jul 29 12:35:51 +0000 2016"}
{"polarity": 0.0, "location": "Orlando, FL", "sentiment": "neutral", "time": "Fri Jul 29 12:35:53 +0000 2016"}
{"polarity": 0.0, "location": "Seattle, WA", "sentiment": "neutral", "time": "Fri Jul 29 12:35:55 +0000 2016"}
{"polarity": 0.0, "location": "Phoenix, AZ", "sentiment": "neutral", "time": "Fri Jul 29 12:43:04 +0000 2016"}
{"polarity": 0.0, "location": "New York, NY", "sentiment": "neutral", "time": "Fri Jul 29 12:43:15 +0000 2016"}
{"polarity": 0.0, "location": "New York, NY", "sentiment": "neutral", "time": "Fri Jul 29 12:43:18 +0000 2016"}
{"polarity": -0.78, "location": "Boston, MA", "sentiment": "negative", "time": "Fri Jul 29 12:43:26 +0000 2016"}
{"polarity": 0.2333333333333333, "location": "Atlanta, GA", "sentiment": "positive", "time": "Fri Jul 29 12:43:33 +0000 2016"}
{"polarity": -0.25, "location": "New York, NY", "sentiment": "negative", "time": "Fri Jul 29 12:43:36 +0000 2016"}
{"polarity": 0.25, "location": "Seattle, WA", "sentiment": "positive", "time": "Fri Jul 29 12:43:40 +0000 2016"}
{"polarity": 0.0, "location": "Orlando, FL", "sentiment": "neutral", "time": "Fri Jul 29 12:43:41 +0000 2016"}
{"polarity": 0.0, "location": "Orlando, FL", "sentiment": "neutral", "time": "Fri Jul 29 12:43:57 +0000 2016"}
{"polarity": 0.13636363636363635, "location": "Atlanta, GA", "sentiment": "positive", "time": "Fri Jul 29 12:10:21 +0000 2016"}
{"polarity": 0.5, "location": "Atlanta, GA", "sentiment": "positive", "time": "Fri Jul 29 12:10:46 +0000 2016"}
{"polarity": 0.85, "location": "Atlanta, GA", "sentiment": "positive", "time": "Fri Jul 29 12:10:48 +0000 2016"}
{"polarity": 0.0, "location": "Portland, OR", "sentiment": "neutral", "time": "Fri Jul 29 12:10:49 +0000 2016"}
{"polarity": 0.16666666666666666, "location": "New York, NY", "sentiment": "positive", "time": "Fri Jul 29 12:10:55 +0000 2016"}
{"polarity": 0.0, "location": "Phoenix, AZ", "sentiment": "neutral", "time": "Fri Jul 29 12:10:56 +0000 2016"}
{"polarity": -0.4, "location": "Seattle, WA", "sentiment": "negative", "time": "Fri Jul 29 12:54:01 +0000 2016"}
{"polarity": 0.0, "location": "New York, NY", "sentiment": "neutral", "time": "Fri Jul 29 12:54:13 +0000 2016"}
{"polarity": 0.0, "location": "New York, NY", "sentiment": "neutral", "time": "Fri Jul 29 12:54:34 +0000 2016"}
{"polarity": 0.0, "location": "New York, NY", "sentiment": "neutral", "time": "Fri Jul 29 12:54:45 +0000 2016"}
{"polarity": 0.25, "location": "Atlanta, GA", "sentiment": "positive", "time": "Fri Jul 29 12:54:51 +0000 2016"}
{"polarity": 0.0, "location": "Atlanta, GA", "sentiment": "neutral", "time": "Fri Jul 29 12:54:54 +0000 2016"}
{"polarity": 0.4166666666666667, "location": "Atlanta, GA", "sentiment": "positive", "time": "Fri Jul 29 12:24:16 +0000 2016"}
{"polarity": 0.0, "location": "Atlanta, GA", "sentiment": "neutral", "time": "Fri Jul 29 12:24:19 +0000 2016"}
{"polarity": 0.0, "location": "New York, NY", "sentiment": "neutral", "time": "Fri Jul 29 12:24:22 +0000 2016"}
{"polarity": 0.35, "location": "Boston, MA", "sentiment": "positive", "time": "Fri Jul 29 12:24:29 +0000 2016"}
{"polarity": 0.0, "location": "New York, NY", "sentiment": "neutral", "time": "Fri Jul 29 12:24:38 +0000 2016"}
{"polarity": -0.3125, "location": "New York, NY", "sentiment": "negative", "time": "Fri Jul 29 12:24:39 +0000 2016"}
{"polarity": 0.22727272727272727, "location": "Seattle, WA", "sentiment": "positive", "time": "Fri Jul 29 12:24:57 +0000 2016"}
{"polarity": 0.5, "location": "St. Louis, MO", "sentiment": "positive", "time": "Fri Jul 29 12:24:59 +0000 2016"}
{"polarity": 0.0, "location": "Boston, MA", "sentiment": "neutral", "time": "Fri Jul 29 12:24:59 +0000 2016"}
{"polarity": 0.0, "location": "Atlanta, GA", "sentiment": "neutral", "time": "Fri Jul 29 12:32:05 +0000 2016"}
{"polarity": 0.7, "location": "New York, NY", "sentiment": "positive", "time": "Fri Jul 29 12:32:12 +0000 2016"}
{"polarity": 0.0, "location": "Portland, OR", "sentiment": "neutral", "time": "Fri Jul 29 12:32:15 +0000 2016"}
{"polarity": 0.0, "location": "Orlando, FL", "sentiment": "neutral", "time": "Fri Jul 29 12:32:21 +0000 2016"}
{"polarity": 0.0, "location": "Portland, OR", "sentiment": "neutral", "time": "Fri Jul 29 12:32:26 +0000 2016"}
{"polarity": 0.5, "location": "Boston, MA", "sentiment": "positive", "time": "Fri Jul 29 12:32:28 +0000 2016"}
{"polarity": -1.0, "location": "Atlanta, GA", "sentiment": "negative", "time": "Fri Jul 29 12:32:29 +0000 2016"}
{"polarity": 0.0, "location": "Atlanta, GA", "sentiment": "neutral", "time": "Fri Jul 29 12:32:37 +0000 2016"}
{"polarity": 0.0, "location": "Orlando, FL", "sentiment": "neutral", "time": "Fri Jul 29 12:32:37 +0000 2016"}
{"polarity": 0.12857142857142856, "location": "Seattle, WA", "sentiment": "positive", "time": "Fri Jul 29 12:32:59 +0000 2016"}
{"polarity": 0.13636363636363635, "location": "New York, NY", "sentiment": "positive", "time": "Fri Jul 29 12:36:14 +0000 2016"}
{"polarity": 1.0, "location": "New York, NY", "sentiment": "positive", "time": "Fri Jul 29 12:36:16 +0000 2016"}
{"polarity": 0.125, "location": "Phoenix, AZ", "sentiment": "positive", "time": "Fri Jul 29 12:36:25 +0000 2016"}
{"polarity": 0.19999999999999998, "location": "Boston, MA", "sentiment": "positive", "time": "Fri Jul 29 12:36:33 +0000 2016"}
{"polarity": 0.0, "location": "Boston, MA", "sentiment": "neutral", "time": "Fri Jul 29 12:36:47 +0000 2016"}
{"polarity": -0.30000000000000004, "location": "San Diego, CA", "sentiment": "negative", "time": "Fri Jul 29 12:01:13 +0000 2016"}
{"polarity": 0.0, "location": "Atlanta, GA", "sentiment": "neutral", "time": "Fri Jul 29 12:01:30 +0000 2016"}
{"polarity": 0.0, "location": "New York, NY", "sentiment": "neutral", "time": "Fri Jul 29 12:01:36 +0000 2016"}
{"polarity": 0.0, "location": "New York, NY", "sentiment": "neutral", "time": "Fri Jul 29 12:01:39 +0000 2016"}
{"polarity": 0.0, "location": "New York, NY", "sentiment": "neutral", "time": "Fri Jul 29 12:01:46 +0000 2016"}
{"polarity": 0.85, "location": "San Diego, CA", "sentiment": "positive", "time": "Fri Jul 29 12:01:53 +0000 2016"}
{"polarity": 0.35, "location": "Portland, OR", "sentiment": "positive", "time": "Fri Jul 29 12:55:20 +0000 2016"}
{"polarity": -0.3888888888888889, "location": "New York, NY", "sentiment": "negative", "time": "Fri Jul 29 12:55:25 +0000 2016"}
{"polarity": 0.10346320346320345, "location": "Seattle, WA", "sentiment": "positive", "time": "Fri Jul 29 12:55:26 +0000 2016"}
{"polarity": -0.6, "location": "Atlanta, GA", "sentiment": "negative", "time": "Fri Jul 29 12:55:36 +0000 2016"}
{"polarity": 0.1, "location": "New York, NY", "sentiment": "positive", "time": "Fri Jul 29 12:55:42 +0000 2016"}
{"polarity": 0.0, "location": "Boston, MA", "sentiment": "neutral", "time": "Fri Jul 29 12:55:49 +0000 2016"}
{"polarity": -0.2, "location": "Orlando, FL", "sentiment": "negative", "time": "Fri Jul 29 12:09:00 +0000 2016"}
{"polarity": 0.16, "location": "San Diego, CA", "sentiment": "positive", "time": "Fri Jul 29 12:09:03 +0000 2016"}
{"polarity": 0.0, "location": "Portland, OR", "sentiment": "neutral", "time": "Fri Jul 29 12:09:13 +0000 2016"}
{"polarity": 0.0, "location": "Boston, MA", "sentiment": "neutral", "time": "Fri Jul 29 12:09:14 +0000 2016"}
{"polarity": 0.0, "location": "Atlanta, GA", "sentiment": "neutral", "time": "Fri Jul 29 12:09:23 +0000 2016"}
{"polarity": 0.0, "location": "Phoenix, AZ", "sentiment": "neutral", "time": "Fri Jul 29 12:09:33 +0000 2016"}
{"polarity": 0.0, "location": "Atlanta, GA", "sentiment": "neutral", "time": "Fri Jul 29 12:09:45 +0000 2016"}
{"polarity": 0.0, "location": "Portland, OR", "sentiment": "neutral", "time": "Fri Jul 29 12:33:08 +0000 2016"}
{"polarity": 0.0, "location": "Portland, OR", "sentiment": "neutral", "time": "Fri Jul 29 12:33:16 +0000 2016"}
{"polarity": 0.0, "location": "Boston, MA", "sentiment": "neutral", "time": "Fri Jul 29 12:33:20 +0000 2016"}
{"polarity": 0.0, "location": "Phoenix, AZ", "sentiment": "neutral", "time": "Fri Jul 29 12:33:25 +0000 2016"}
{"polarity": -0.037500000000000006, "location": "Boston, MA", "sentiment": "negative", "time": "Fri Jul 29 12:33:36 +0000 2016"}
{"polarity": 0.6, "location": "New York, NY", "sentiment": "positive", "time": "Fri Jul 29 12:33:43 +0000 2016"}
{"polarity": 0.0, "location": "Phoenix, AZ", "sentiment": "neutral", "time": "Fri Jul 29 12:33:44 +0000 2016"}
{"polarity": 0.8, "location": "Boston, MA", "sentiment": "positive", "time": "Fri Jul 29 12:33:47 +0000 2016"}
{"polarity": 0.07499999999999998, "location": "New York, NY", "sentiment": "positive", "time": "Fri Jul 29 12:33:47 +0000 2016"}
{"polarity": 0.0, "location": "New York, NY", "sentiment": "neutral", "time": "Fri Jul 29 12:33:49 +0000 2016"}
{"polarity": 0.0, "location": "Atlanta, GA", "sentiment": "neutral", "time": "Fri Jul 29 12:33:49 +0000 2016"}
{"polarity": 0.0, "location": "Atlanta, GA", "sentiment": "neutral", "time": "Fri Jul 29 12:33:58 +0000 2016"}
{"polarity": -0.25, "location": "Atlanta, GA", "sentiment": "negative", "time": "Fri Jul 29 12:44:06 +0000 2016"}
{"polarity": 0.0, "location": "Boston, MA", "sentiment": "neutral", "time": "Fri Jul 29 12:44:06 +0000 2016"}
{"polarity": -0.25, "location": "New York, NY", "sentiment": "negative", "time": "Fri Jul 29 12:44:33 +0000 2016"}
{"polarity": 0.5, "location": "Orlando, FL", "sentiment": "positive", "time": "Fri Jul 29 12:44:35 +0000 2016"}
{"polarity": 0.0, "location": "Seattle, WA", "sentiment": "neutral", "time": "Fri Jul 29 12:44:40 +0000 2016"}
{"polarity": 0.375, "location": "Portland, OR", "sentiment": "positive", "time": "Fri Jul 29 12:44:45 +0000 2016"}
{"polarity": 0.0, "location": "Seattle, WA", "sentiment": "neutral", "time": "Fri Jul 29 12:44:57 +0000 2016"}
{"polarity": 0.0, "location": "New York, NY", "sentiment": "neutral", "time": "Fri Jul 29 12:44:58 +0000 2016"}
{"polarity": 0.09166666666666669, "location": "New York, NY", "sentiment": "positive", "time": "Fri Jul 29 12:28:00 +0000 2016"}
{"polarity": 0.9, "location": "Orlando, FL", "sentiment": "positive", "time": "Fri Jul 29 12:28:01 +0000 2016"}
{"polarity": -0.3, "location": "New York, NY", "sentiment": "negative", "time": "Fri Jul 29 12:28:10 +0000 2016"}
{"polarity": 0.7, "location": "New York, NY", "sentiment": "positive", "time": "Fri Jul 29 12:28:23 +0000 2016"}
{"polarity": 0.0, "location": "Orlando, FL", "sentiment": "neutral", "time": "Fri Jul 29 12:28:56 +0000 2016"}
{"polarity": 0.0, "location": "New York, NY", "sentiment": "neutral", "time": "Fri Jul 29 12:22:19 +0000 2016"}
{"polarity": -0.5, "location": "Boston, MA", "sentiment": "negative", "time": "Fri Jul 29 12:22:25 +0000 2016"}
{"polarity": 0.0, "location": "New York, NY", "sentiment": "neutral", "time": "Fri Jul 29 12:22:26 +0000 2016"}
{"polarity": 0.0, "location": "Seattle, WA", "sentiment": "neutral", "time": "Fri Jul 29 12:22:26 +0000 2016"}
{"polarity": 0.5, "location": "Orlando, FL", "sentiment": "positive", "time": "Fri Jul 29 12:22:28 +0000 2016"}
{"polarity": 0.0, "location": "New York, NY", "sentiment": "neutral", "time": "Fri Jul 29 12:22:32 +0000 2016"}
{"polarity": 0.25, "location": "New York, NY", "sentiment": "positive", "time": "Fri Jul 29 12:22:42 +0000 2016"}
{"polarity": 0.0, "location": "Atlanta, GA", "sentiment": "neutral", "time": "Fri Jul 29 12:22:53 +0000 2016"}
{"polarity": 0.13636363636363635, "location": "New York, NY", "sentiment": "positive", "time": "Fri Jul 29 12:49:18 +0000 2016"}
{"polarity": 0.0, "location": "Seattle, WA", "sentiment": "neutral", "time": "Fri Jul 29 12:49:26 +0000 2016"}
{"polarity": -0.15555555555555559, "location": "New York, NY", "sentiment": "negative", "time": "Fri Jul 29 12:49:27 +0000 2016"}
{"polarity": 0.0, "location": "New York, NY", "sentiment": "neutral", "time": "Fri Jul 29 12:49:33 +0000 2016"}
{"polarity": 0.0, "location": "Boston, MA", "sentiment": "neutral", "time": "Fri Jul 29 12:49:43 +0000 2016"}
{"polarity": 0.0, "location": "Atlanta, GA", "sentiment": "neutral", "time": "Fri Jul 29 12:49:57 +0000 2016"}
{"polarity": 0.0, "location": "Orlando, FL", "sentiment": "neutral", "time": "Fri Jul 29 12:45:18 +0000 2016"}
{"polarity": 0.0, "location": "Seattle, WA", "sentiment": "neutral", "time": "Fri Jul 29 12:45:30 +0000 2016"}
{"polarity": 0.0, "location": "San Diego, CA", "sentiment": "neutral", "time": "Fri Jul 29 12:45:33 +0000 2016"}
{"polarity": -0.3833333333333333, "location": "San Diego, CA", "sentiment": "negative", "time": "Fri Jul 29 12:45:34 +0000 2016"}
{"polarity": -0.3833333333333333, "location": "San Diego, CA", "sentiment": "negative", "time": "Fri Jul 29 12:45:34 +0000 2016"}
{"polarity": -0.19444444444444448, "location": "New York, NY", "sentiment": "negative", "time": "Fri Jul 29 12:45:54 +0000 2016"}
{"polarity": -0.2, "location": "Boston, MA", "sentiment": "negative", "time": "Fri Jul 29 12:06:15 +0000 2016"}
{"polarity": 0.0, "location": "New York, NY", "sentiment": "neutral", "time": "Fri Jul 29 12:06:32 +0000 2016"}
{"polarity": 0.1, "location": "Boston, MA", "sentiment": "positive", "time": "Fri Jul 29 12:06:35 +0000 2016"}
{"polarity": -0.4, "location": "New York, NY", "sentiment": "negative", "time": "Fri Jul 29 12:06:45 +0000 2016"}
{"polarity": -0.06666666666666667, "location": "Orlando, FL", "sentiment": "negative", "time": "Fri Jul 29 12:20:00 +0000 2016"}
{"polarity": -0.25, "location": "Portland, OR", "sentiment": "negative", "time": "Fri Jul 29 12:20:00 +0000 2016"}
{"polarity": 0.2857142857142857, "location": "New York, NY", "sentiment": "positive", "time": "Fri Jul 29 12:20:12 +0000 2016"}
{"polarity": 0.0, "location": "Seattle, WA", "sentiment": "neutral", "time": "Fri Jul 29 12:20:14 +0000 2016"}
{"polarity": 0.875, "location": "Orlando, FL", "sentiment": "positive", "time": "Fri Jul 29 12:20:16 +0000 2016"}
{"polarity": 0.10000000000000002, "location": "Boston, MA", "sentiment": "positive", "time": "Fri Jul 29 12:20:21 +0000 2016"}
{"polarity": 0.0, "location": "Orlando, FL", "sentiment": "neutral", "time": "Fri Jul 29 12:20:29 +0000 2016"}
{"polarity": 0.0, "location": "New York, NY", "sentiment": "neutral", "time": "Fri Jul 29 12:20:44 +0000 2016"}
{"polarity": 0.0, "location": "Boston, MA", "sentiment": "neutral", "time": "Fri Jul 29 12:20:44 +0000 2016"}
{"polarity": 0.5, "location": "Boston, MA", "sentiment": "positive", "time": "Fri Jul 29 12:13:18 +0000 2016"}
{"polarity": 0.0, "location": "Boston, MA", "sentiment": "neutral", "time": "Fri Jul 29 12:13:37 +0000 2016"}
{"polarity": 0.625, "location": "Atlanta, GA", "sentiment": "positive", "time": "Fri Jul 29 12:13:44 +0000 2016"}
{"polarity": 0.0, "location": "Atlanta, GA", "sentiment": "neutral", "time": "Fri Jul 29 12:13:44 +0000 2016"}
{"polarity": 0.0, "location": "Atlanta, GA", "sentiment": "neutral", "time": "Fri Jul 29 12:13:53 +0000 2016"}
{"polarity": 0.3181818181818182, "location": "Atlanta, GA", "sentiment": "positive", "time": "Fri Jul 29 12:04:06 +0000 2016"}
{"polarity": 0.0, "location": "Atlanta, GA", "sentiment": "neutral", "time": "Fri Jul 29 12:04:19 +0000 2016"}
{"polarity": 0.0, "location": "New York, NY", "sentiment": "neutral", "time": "Fri Jul 29 12:04:29 +0000 2016"}
{"polarity": 0.0, "location": "New York, NY", "sentiment": "neutral", "time": "Fri Jul 29 12:04:31 +0000 2016"}
{"polarity": -0.6, "location": "Boston, MA", "sentiment": "negative", "time": "Sat Jul 30 03:39:04 +0000 2016"}
{"polarity": 0.0, "location": "New York, NY", "sentiment": "neutral", "time": "Sat Jul 30 03:39:05 +0000 2016"}
{"polarity": 0.0, "location": "Atlanta, GA", "sentiment": "neutral", "time": "Sat Jul 30 03:39:09 +0000 2016"}
{"polarity": 0.0, "location": "Portland, OR", "sentiment": "neutral", "time": "Sat Jul 30 03:39:11 +0000 2016"}
{"polarity": 0.0, "location": "New York, NY", "sentiment": "neutral", "time": "Sat Jul 30 03:39:20 +0000 2016"}
{"polarity": -0.6, "location": "Atlanta, GA", "sentiment": "negative", "time": "Sat Jul 30 03:39:21 +0000 2016"}
{"polarity": -0.4, "location": "Boston, MA", "sentiment": "negative", "time": "Sat Jul 30 03:39:37 +0000 2016"}
{"polarity": 0.2333333333333333, "location": "New York, NY", "sentiment": "positive", "time": "Sat Jul 30 03:39:39 +0000 2016"}
{"polarity": 0.0, "location": "Seattle, WA", "sentiment": "neutral", "time": "Sat Jul 30 03:39:40 +0000 2016"}
{"polarity": 0.0, "location": "Seattle, WA", "sentiment": "neutral", "time": "Sat Jul 30 03:39:41 +0000 2016"}
{"polarity": 0.35, "location": "Phoenix, AZ", "sentiment": "positive", "time": "Sat Jul 30 03:39:53 +0000 2016"}
{"polarity": 0.0, "location": "New York, NY", "sentiment": "neutral", "time": "Sat Jul 30 03:59:05 +0000 2016"}
{"polarity": 0.19285714285714284, "location": "New York, NY", "sentiment": "positive", "time": "Sat Jul 30 03:59:08 +0000 2016"}
{"polarity": 0.125, "location": "Atlanta, GA", "sentiment": "positive", "time": "Sat Jul 30 03:59:09 +0000 2016"}
{"polarity": 0.25, "location": "Portland, OR", "sentiment": "positive", "time": "Sat Jul 30 03:59:19 +0000 2016"}
{"polarity": 0.0, "location": "Boston, MA", "sentiment": "neutral", "time": "Sat Jul 30 03:59:27 +0000 2016"}
{"polarity": 0.0, "location": "Phoenix, AZ", "sentiment": "neutral", "time": "Sat Jul 30 03:59:37 +0000 2016"}
{"polarity": 0.0, "location": "San Diego, CA", "sentiment": "neutral", "time": "Sat Jul 30 03:59:52 +0000 2016"}
{"polarity": 0.0, "location": "Boston, MA", "sentiment": "neutral", "time": "Sat Jul 30 03:59:52 +0000 2016"}
{"polarity": -0.2916666666666667, "location": "New York, NY", "sentiment": "negative", "time": "Sat Jul 30 03:59:53 +0000 2016"}
{"polarity": 0.425, "location": "Atlanta, GA", "sentiment": "positive", "time": "Sat Jul 30 03:59:59 +0000 2016"}
{"polarity": -0.2, "location": "Kansas City, KS", "sentiment": "negative", "time": "Sat Jul 30 03:19:09 +0000 2016"}
{"polarity": 0.0, "location": "Boston, MA", "sentiment": "neutral", "time": "Sat Jul 30 03:19:13 +0000 2016"}
{"polarity": 0.0, "location": "Atlanta, GA", "sentiment": "neutral", "time": "Sat Jul 30 03:19:17 +0000 2016"}
{"polarity": 0.0, "location": "San Diego, CA", "sentiment": "neutral", "time": "Sat Jul 30 03:19:44 +0000 2016"}
{"polarity": -0.7142857142857143, "location": "Orlando, FL", "sentiment": "negative", "time": "Sat Jul 30 03:19:45 +0000 2016"}
{"polarity": 0.24285714285714285, "location": "San Diego, CA", "sentiment": "positive", "time": "Sat Jul 30 03:19:47 +0000 2016"}
{"polarity": 0.0, "location": "Portland, OR", "sentiment": "neutral", "time": "Sat Jul 30 03:19:55 +0000 2016"}
{"polarity": -0.15555555555555559, "location": "Atlanta, GA", "sentiment": "negative", "time": "Sat Jul 30 03:19:58 +0000 2016"}
{"polarity": 0.0, "location": "Boston, MA", "sentiment": "neutral", "time": "Sat Jul 30 03:37:01 +0000 2016"}
{"polarity": 0.0, "location": "Orlando, FL", "sentiment": "neutral", "time": "Sat Jul 30 03:37:04 +0000 2016"}
{"polarity": -0.2, "location": "New York, NY", "sentiment": "negative", "time": "Sat Jul 30 03:37:05 +0000 2016"}
{"polarity": 0.0, "location": "New York, NY", "sentiment": "neutral", "time": "Sat Jul 30 03:37:05 +0000 2016"}
{"polarity": 0.09999999999999998, "location": "Atlanta, GA", "sentiment": "positive", "time": "Sat Jul 30 03:37:38 +0000 2016"}
{"polarity": -0.03888888888888889, "location": "Orlando, FL", "sentiment": "negative", "time": "Sat Jul 30 03:37:38 +0000 2016"}
{"polarity": 0.0, "location": "Boston, MA", "sentiment": "neutral", "time": "Sat Jul 30 03:37:38 +0000 2016"}
{"polarity": 0.125, "location": "Seattle, WA", "sentiment": "positive", "time": "Sat Jul 30 03:37:41 +0000 2016"}
{"polarity": 0.0, "location": "Atlanta, GA", "sentiment": "neutral", "time": "Sat Jul 30 03:37:59 +0000 2016"}
{"polarity": 0.6, "location": "Atlanta, GA", "sentiment": "positive", "time": "Sat Jul 30 03:31:04 +0000 2016"}
{"polarity": 0.0, "location": "San Diego, CA", "sentiment": "neutral", "time": "Sat Jul 30 03:31:05 +0000 2016"}
{"polarity": 0.0, "location": "San Diego, CA", "sentiment": "neutral", "time": "Sat Jul 30 03:31:12 +0000 2016"}
{"polarity": -0.75, "location": "San Diego, CA", "sentiment": "negative", "time": "Sat Jul 30 03:31:21 +0000 2016"}
{"polarity": 0.0, "location": "Atlanta, GA", "sentiment": "neutral", "time": "Sat Jul 30 03:31:30 +0000 2016"}
{"polarity": 0.0, "location": "New York, NY", "sentiment": "neutral", "time": "Sat Jul 30 03:31:47 +0000 2016"}
{"polarity": 0.0, "location": "Atlanta, GA", "sentiment": "neutral", "time": "Sat Jul 30 03:31:51 +0000 2016"}
{"polarity": 0.5, "location": "San Diego, CA", "sentiment": "positive", "time": "Sat Jul 30 03:31:55 +0000 2016"}
{"polarity": 0.2, "location": "Atlanta, GA", "sentiment": "positive", "time": "Sat Jul 30 03:41:03 +0000 2016"}
{"polarity": 0.0, "location": "Boston, MA", "sentiment": "neutral", "time": "Sat Jul 30 03:41:08 +0000 2016"}
{"polarity": 0.0, "location": "Portland, OR", "sentiment": "neutral", "time": "Sat Jul 30 03:41:09 +0000 2016"}
{"polarity": -0.2571428571428572, "location": "Atlanta, GA", "sentiment": "negative", "time": "Sat Jul 30 03:41:14 +0000 2016"}
{"polarity": 0.0, "location": "Boston, MA", "sentiment": "neutral", "time": "Sat Jul 30 03:41:16 +0000 2016"}
{"polarity": 0.13636363636363635, "location": "New York, NY", "sentiment": "positive", "time": "Sat Jul 30 03:41:17 +0000 2016"}
{"polarity": 0.8, "location": "Portland, OR", "sentiment": "positive", "time": "Sat Jul 30 03:41:24 +0000 2016"}
{"polarity": 0.0, "location": "Seattle, WA", "sentiment": "neutral", "time": "Sat Jul 30 03:41:24 +0000 2016"}
{"polarity": -0.16666666666666666, "location": "San Diego, CA", "sentiment": "negative", "time": "Sat Jul 30 03:41:30 +0000 2016"}
{"polarity": 0.39999999999999997, "location": "Atlanta, GA", "sentiment": "positive", "time": "Sat Jul 30 03:41:31 +0000 2016"}
{"polarity": 0.0, "location": "New York, NY", "sentiment": "neutral", "time": "Sat Jul 30 03:41:38 +0000 2016"}
{"polarity": 0.0, "location": "Orlando, FL", "sentiment": "neutral", "time": "Sat Jul 30 03:41:42 +0000 2016"}
{"polarity": 0.6000000000000001, "location": "Atlanta, GA", "sentiment": "positive", "time": "Sat Jul 30 03:41:48 +0000 2016"}
{"polarity": -0.05000000000000002, "location": "New York, NY", "sentiment": "negative", "time": "Sat Jul 30 03:41:55 +0000 2016"}
{"polarity": 0.2814814814814815, "location": "Atlanta, GA", "sentiment": "positive", "time": "Sat Jul 30 03:41:56 +0000 2016"}
{"polarity": 0.14027777777777775, "location": "Portland, OR", "sentiment": "positive", "time": "Sat Jul 30 03:41:57 +0000 2016"}
{"polarity": 0.43888888888888894, "location": "San Diego, CA", "sentiment": "positive", "time": "Sat Jul 30 03:27:09 +0000 2016"}
{"polarity": 0.0, "location": "Atlanta, GA", "sentiment": "neutral", "time": "Sat Jul 30 03:27:20 +0000 2016"}
{"polarity": -0.0625, "location": "San Diego, CA", "sentiment": "negative", "time": "Sat Jul 30 03:27:23 +0000 2016"}
{"polarity": 0.5, "location": "Orlando, FL", "sentiment": "positive", "time": "Sat Jul 30 03:27:23 +0000 2016"}
{"polarity": 0.4, "location": "San Diego, CA", "sentiment": "positive", "time": "Sat Jul 30 03:27:40 +0000 2016"}
{"polarity": 0.09444444444444444, "location": "Atlanta, GA", "sentiment": "positive", "time": "Sat Jul 30 03:27:41 +0000 2016"}
{"polarity": 0.23, "location": "Seattle, WA", "sentiment": "positive", "time": "Sat Jul 30 03:27:41 +0000 2016"}
{"polarity": 0.0, "location": "Seattle, WA", "sentiment": "neutral", "time": "Sat Jul 30 03:27:44 +0000 2016"}
{"polarity": 0.25, "location": "Seattle, WA", "sentiment": "positive", "time": "Sat Jul 30 03:27:45 +0000 2016"}
{"polarity": 0.0, "location": "San Diego, CA", "sentiment": "neutral", "time": "Sat Jul 30 03:27:53 +0000 2016"}
{"polarity": 0.0, "location": "New York, NY", "sentiment": "neutral", "time": "Sat Jul 30 03:27:54 +0000 2016"}
{"polarity": -0.10000000000000002, "location": "San Diego, CA", "sentiment": "negative", "time": "Sat Jul 30 03:27:58 +0000 2016"}
{"polarity": 0.0, "location": "Atlanta, GA", "sentiment": "neutral", "time": "Sat Jul 30 03:57:02 +0000 2016"}
{"polarity": 0.0, "location": "San Diego, CA", "sentiment": "neutral", "time": "Sat Jul 30 03:57:04 +0000 2016"}
{"polarity": 1.0, "location": "Atlanta, GA", "sentiment": "positive", "time": "Sat Jul 30 03:57:08 +0000 2016"}
{"polarity": 0.0, "location": "Phoenix, AZ", "sentiment": "neutral", "time": "Sat Jul 30 03:57:08 +0000 2016"}
{"polarity": 0.5, "location": "Phoenix, AZ", "sentiment": "positive", "time": "Sat Jul 30 03:57:10 +0000 2016"}
{"polarity": 0.0, "location": "Seattle, WA", "sentiment": "neutral", "time": "Sat Jul 30 03:57:31 +0000 2016"}
{"polarity": -0.6, "location": "Seattle, WA", "sentiment": "negative", "time": "Sat Jul 30 03:57:32 +0000 2016"}
{"polarity": 0.0, "location": "Boston, MA", "sentiment": "neutral", "time": "Sat Jul 30 03:57:34 +0000 2016"}
{"polarity": 0.3125, "location": "Atlanta, GA", "sentiment": "positive", "time": "Sat Jul 30 03:57:35 +0000 2016"}
{"polarity": 0.0, "location": "San Diego, CA", "sentiment": "neutral", "time": "Sat Jul 30 03:57:36 +0000 2016"}
{"polarity": 0.023809523809523798, "location": "New York, NY", "sentiment": "positive", "time": "Sat Jul 30 03:57:41 +0000 2016"}
{"polarity": 0.2857142857142857, "location": "New York, NY", "sentiment": "positive", "time": "Sat Jul 30 03:57:41 +0000 2016"}
{"polarity": 0.06666666666666667, "location": "Atlanta, GA", "sentiment": "positive", "time": "Sat Jul 30 03:57:54 +0000 2016"}
{"polarity": 0.0, "location": "Phoenix, AZ", "sentiment": "neutral", "time": "Sat Jul 30 03:57:58 +0000 2016"}
{"polarity": -0.4, "location": "Seattle, WA", "sentiment": "negative", "time": "Sat Jul 30 03:26:08 +0000 2016"}
{"polarity": 0.0, "location": "Portland, OR", "sentiment": "neutral", "time": "Sat Jul 30 03:26:08 +0000 2016"}
{"polarity": 0.5, "location": "San Diego, CA", "sentiment": "positive", "time": "Sat Jul 30 03:26:10 +0000 2016"}
{"polarity": -0.2, "location": "Seattle, WA", "sentiment": "negative", "time": "Sat Jul 30 03:26:11 +0000 2016"}
{"polarity": -0.2333333333333333, "location": "Seattle, WA", "sentiment": "negative", "time": "Sat Jul 30 03:26:40 +0000 2016"}
{"polarity": -0.6999999999999998, "location": "Orlando, FL", "sentiment": "negative", "time": "Sat Jul 30 03:26:46 +0000 2016"}
{"polarity": 0.22499999999999998, "location": "New York, NY", "sentiment": "positive", "time": "Sat Jul 30 03:26:50 +0000 2016"}
{"polarity": 0.45499999999999996, "location": "New York, NY", "sentiment": "positive", "time": "Sat Jul 30 03:58:02 +0000 2016"}
{"polarity": -0.1875, "location": "Orlando, FL", "sentiment": "negative", "time": "Sat Jul 30 03:58:03 +0000 2016"}
{"polarity": 0.0, "location": "Orlando, FL", "sentiment": "neutral", "time": "Sat Jul 30 03:58:10 +0000 2016"}
{"polarity": 0.0, "location": "Boston, MA", "sentiment": "neutral", "time": "Sat Jul 30 03:58:18 +0000 2016"}
{"polarity": 0.5, "location": "San Diego, CA", "sentiment": "positive", "time": "Sat Jul 30 03:58:37 +0000 2016"}
{"polarity": 0.375, "location": "New York, NY", "sentiment": "positive", "time": "Sat Jul 30 03:58:41 +0000 2016"}
{"polarity": 0.3964285714285714, "location": "San Diego, CA", "sentiment": "positive", "time": "Sat Jul 30 03:58:50 +0000 2016"}
{"polarity": -0.2, "location": "Atlanta, GA", "sentiment": "negative", "time": "Sat Jul 30 03:58:57 +0000 2016"}
{"polarity": 0.11666666666666668, "location": "New York, NY", "sentiment": "positive", "time": "Sat Jul 30 03:42:01 +0000 2016"}
{"polarity": 0.5, "location": "Boston, MA", "sentiment": "positive", "time": "Sat Jul 30 03:42:13 +0000 2016"}
{"polarity": 0.0, "location": "San Diego, CA", "sentiment": "neutral", "time": "Sat Jul 30 03:42:21 +0000 2016"}
{"polarity": 0.0, "location": "San Diego, CA", "sentiment": "neutral", "time": "Sat Jul 30 03:42:40 +0000 2016"}
{"polarity": 0.1, "location": "Seattle, WA", "sentiment": "positive", "time": "Sat Jul 30 03:42:43 +0000 2016"}
{"polarity": 0.0, "location": "Boston, MA", "sentiment": "neutral", "time": "Sat Jul 30 03:42:47 +0000 2016"}
{"polarity": 0.0, "location": "New York, NY", "sentiment": "neutral", "time": "Sat Jul 30 03:42:48 +0000 2016"}
{"polarity": 0.0, "location": "Seattle, WA", "sentiment": "neutral", "time": "Sat Jul 30 03:42:59 +0000 2016"}
{"polarity": 0.16666666666666666, "location": "Seattle, WA", "sentiment": "positive", "time": "Sat Jul 30 03:50:00 +0000 2016"}
{"polarity": 0.0, "location": "New York, NY", "sentiment": "neutral", "time": "Sat Jul 30 03:50:10 +0000 2016"}
{"polarity": 0.0, "location": "San Diego, CA", "sentiment": "neutral", "time": "Sat Jul 30 03:50:11 +0000 2016"}
{"polarity": -0.041666666666666664, "location": "Atlanta, GA", "sentiment": "negative", "time": "Sat Jul 30 03:50:11 +0000 2016"}
{"polarity": 0.2833333333333333, "location": "San Diego, CA", "sentiment": "positive", "time": "Sat Jul 30 03:50:13 +0000 2016"}
{"polarity": 0.0, "location": "Boston, MA", "sentiment": "neutral", "time": "Sat Jul 30 03:50:20 +0000 2016"}
{"polarity": 0.0, "location": "Portland, OR", "sentiment": "neutral", "time": "Sat Jul 30 03:50:22 +0000 2016"}
{"polarity": 0.0, "location": "New York, NY", "sentiment": "neutral", "time": "Sat Jul 30 03:50:23 +0000 2016"}
{"polarity": 0.0, "location": "Atlanta, GA", "sentiment": "neutral", "time": "Sat Jul 30 03:50:38 +0000 2016"}
{"polarity": 0.1, "location": "San Diego, CA", "sentiment": "positive", "time": "Sat Jul 30 03:50:39 +0000 2016"}
{"polarity": 0.25, "location": "Orlando, FL", "sentiment": "positive", "time": "Sat Jul 30 03:15:00 +0000 2016"}
{"polarity": -0.125, "location": "Boston, MA", "sentiment": "negative", "time": "Sat Jul 30 03:15:03 +0000 2016"}
{"polarity": 0.0, "location": "Atlanta, GA", "sentiment": "neutral", "time": "Sat Jul 30 03:15:08 +0000 2016"}
{"polarity": 0.0, "location": "Orlando, FL", "sentiment": "neutral", "time": "Sat Jul 30 03:15:21 +0000 2016"}
{"polarity": 0.0, "location": "Boston, MA", "sentiment": "neutral", "time": "Sat Jul 30 03:15:26 +0000 2016"}
{"polarity": 0.25, "location": "Atlanta, GA", "sentiment": "positive", "time": "Sat Jul 30 03:15:29 +0000 2016"}
{"polarity": 0.0, "location": "Atlanta, GA", "sentiment": "neutral", "time": "Sat Jul 30 03:15:40 +0000 2016"}
{"polarity": 0.0, "location": "Phoenix, AZ", "sentiment": "neutral", "time": "Sat Jul 30 03:15:52 +0000 2016"}
{"polarity": 0.0, "location": "New York, NY", "sentiment": "neutral", "time": "Sat Jul 30 03:15:59 +0000 2016"}
{"polarity": 0.625, "location": "New York, NY", "sentiment": "positive", "time": "Sat Jul 30 03:38:08 +0000 2016"}
{"polarity": 0.8, "location": "Atlanta, GA", "sentiment": "positive", "time": "Sat Jul 30 03:38:11 +0000 2016"}
{"polarity": 0.05000000000000002, "location": "Seattle, WA", "sentiment": "positive", "time": "Sat Jul 30 03:38:15 +0000 2016"}
{"polarity": 0.075, "location": "Phoenix, AZ", "sentiment": "positive", "time": "Sat Jul 30 03:38:19 +0000 2016"}
{"polarity": 0.0, "location": "Boston, MA", "sentiment": "neutral", "time": "Sat Jul 30 03:38:28 +0000 2016"}
{"polarity": -0.017857142857142863, "location": "San Diego, CA", "sentiment": "negative", "time": "Sat Jul 30 03:38:32 +0000 2016"}
{"polarity": 0.5, "location": "San Diego, CA", "sentiment": "positive", "time": "Sat Jul 30 03:38:36 +0000 2016"}
{"polarity": 0.0, "location": "Boston, MA", "sentiment": "neutral", "time": "Sat Jul 30 03:38:44 +0000 2016"}
{"polarity": 0.5, "location": "Orlando, FL", "sentiment": "positive", "time": "Sat Jul 30 03:21:29 +0000 2016"}
{"polarity": -0.6, "location": "Portland, OR", "sentiment": "negative", "time": "Sat Jul 30 03:21:30 +0000 2016"}
{"polarity": 0.0, "location": "New York, NY", "sentiment": "neutral", "time": "Sat Jul 30 03:21:31 +0000 2016"}
{"polarity": 0.016666666666666677, "location": "Orlando, FL", "sentiment": "positive", "time": "Sat Jul 30 03:21:34 +0000 2016"}
{"polarity": 0.0, "location": "San Diego, CA", "sentiment": "neutral", "time": "Sat Jul 30 03:21:47 +0000 2016"}
{"polarity": 0.3, "location": "San Diego, CA", "sentiment": "positive", "time": "Sat Jul 30 03:21:53 +0000 2016"}
{"polarity": 0.0, "location": "New York, NY", "sentiment": "neutral", "time": "Sat Jul 30 03:21:57 +0000 2016"}
{"polarity": 0.12499999999999999, "location": "Portland, OR", "sentiment": "positive", "time": "Sat Jul 30 03:17:00 +0000 2016"}
{"polarity": 0.0, "location": "Atlanta, GA", "sentiment": "neutral", "time": "Sat Jul 30 03:17:05 +0000 2016"}
{"polarity": 0.0, "location": "New York, NY", "sentiment": "neutral", "time": "Sat Jul 30 03:17:11 +0000 2016"}
{"polarity": -0.046875, "location": "Seattle, WA", "sentiment": "negative", "time": "Sat Jul 30 03:17:11 +0000 2016"}
{"polarity": 0.0, "location": "Portland, OR", "sentiment": "neutral", "time": "Sat Jul 30 03:17:16 +0000 2016"}
{"polarity": -0.03333333333333335, "location": "Orlando, FL", "sentiment": "negative", "time": "Sat Jul 30 03:17:28 +0000 2016"}
{"polarity": 0.0, "location": "Atlanta, GA", "sentiment": "neutral", "time": "Sat Jul 30 03:17:30 +0000 2016"}
{"polarity": 0.0, "location": "New York, NY", "sentiment": "neutral", "time": "Sat Jul 30 03:17:32 +0000 2016"}
{"polarity": 0.0, "location": "Atlanta, GA", "sentiment": "neutral", "time": "Sat Jul 30 03:17:34 +0000 2016"}
{"polarity": 0.5, "location": "Portland, OR", "sentiment": "positive", "time": "Sat Jul 30 03:17:49 +0000 2016"}
{"polarity": 0.1, "location": "Atlanta, GA", "sentiment": "positive", "time": "Sat Jul 30 03:17:51 +0000 2016"}
{"polarity": -0.43333333333333335, "location": "San Diego, CA", "sentiment": "negative", "time": "Sat Jul 30 03:12:01 +0000 2016"}
{"polarity": -0.0625, "location": "Orlando, FL", "sentiment": "negative", "time": "Sat Jul 30 03:12:02 +0000 2016"}
{"polarity": 0.0, "location": "Atlanta, GA", "sentiment": "neutral", "time": "Sat Jul 30 03:12:03 +0000 2016"}
{"polarity": 0.0, "location": "Boston, MA", "sentiment": "neutral", "time": "Sat Jul 30 03:12:08 +0000 2016"}
{"polarity": -0.7, "location": "Atlanta, GA", "sentiment": "negative", "time": "Sat Jul 30 03:12:10 +0000 2016"}
{"polarity": 0.0, "location": "Portland, OR", "sentiment": "neutral", "time": "Sat Jul 30 03:12:12 +0000 2016"}
{"polarity": 0.25, "location": "Orlando, FL", "sentiment": "positive", "time": "Sat Jul 30 03:12:18 +0000 2016"}
{"polarity": 0.0, "location": "Atlanta, GA", "sentiment": "neutral", "time": "Sat Jul 30 03:12:19 +0000 2016"}
{"polarity": 0.8, "location": "San Diego, CA", "sentiment": "positive", "time": "Sat Jul 30 03:12:20 +0000 2016"}
{"polarity": -0.06666666666666668, "location": "New York, NY", "sentiment": "negative", "time": "Sat Jul 30 03:12:22 +0000 2016"}
{"polarity": 0.8, "location": "San Diego, CA", "sentiment": "positive", "time": "Sat Jul 30 03:12:38 +0000 2016"}
{"polarity": -0.6999999999999998, "location": "Seattle, WA", "sentiment": "negative", "time": "Sat Jul 30 03:12:39 +0000 2016"}
{"polarity": 0.0, "location": "Boston, MA", "sentiment": "neutral", "time": "Sat Jul 30 03:12:44 +0000 2016"}
{"polarity": 0.0, "location": "New York, NY", "sentiment": "neutral", "time": "Sat Jul 30 03:12:53 +0000 2016"}
{"polarity": 0.34017857142857144, "location": "Atlanta, GA", "sentiment": "positive", "time": "Sat Jul 30 03:12:54 +0000 2016"}
{"polarity": 0.0, "location": "Orlando, FL", "sentiment": "neutral", "time": "Sat Jul 30 03:12:59 +0000 2016"}
{"polarity": 0.0, "location": "Atlanta, GA", "sentiment": "neutral", "time": "Sat Jul 30 03:29:06 +0000 2016"}
{"polarity": 0.0, "location": "New York, NY", "sentiment": "neutral", "time": "Sat Jul 30 03:29:15 +0000 2016"}
{"polarity": 0.0, "location": "San Diego, CA", "sentiment": "neutral", "time": "Sat Jul 30 03:29:28 +0000 2016"}
{"polarity": 0.0, "location": "Orlando, FL", "sentiment": "neutral", "time": "Sat Jul 30 03:29:30 +0000 2016"}
{"polarity": 0.0, "location": "Orlando, FL", "sentiment": "neutral", "time": "Sat Jul 30 03:29:38 +0000 2016"}
{"polarity": 0.0, "location": "Atlanta, GA", "sentiment": "neutral", "time": "Sat Jul 30 03:29:42 +0000 2016"}
{"polarity": 0.0, "location": "San Diego, CA", "sentiment": "neutral", "time": "Sat Jul 30 03:29:48 +0000 2016"}
{"polarity": 0.8, "location": "Portland, OR", "sentiment": "positive", "time": "Sat Jul 30 03:29:56 +0000 2016"}
{"polarity": 0.0, "location": "Phoenix, AZ", "sentiment": "neutral", "time": "Sat Jul 30 03:18:01 +0000 2016"}
{"polarity": 0.25, "location": "Orlando, FL", "sentiment": "positive", "time": "Sat Jul 30 03:18:15 +0000 2016"}
{"polarity": 1.0, "location": "St. Louis, MO", "sentiment": "positive", "time": "Sat Jul 30 03:18:22 +0000 2016"}
{"polarity": 0.65, "location": "Orlando, FL", "sentiment": "positive", "time": "Sat Jul 30 03:18:42 +0000 2016"}
{"polarity": 0.225, "location": "San Diego, CA", "sentiment": "positive", "time": "Sat Jul 30 03:18:51 +0000 2016"}
{"polarity": -0.26666666666666666, "location": "Atlanta, GA", "sentiment": "negative", "time": "Sat Jul 30 03:18:55 +0000 2016"}
{"polarity": 0.08, "location": "New York, NY", "sentiment": "positive", "time": "Sat Jul 30 03:18:57 +0000 2016"}
{"polarity": 0.0, "location": "San Diego, CA", "sentiment": "neutral", "time": "Sat Jul 30 03:46:11 +0000 2016"}
{"polarity": 0.0, "location": "Seattle, WA", "sentiment": "neutral", "time": "Sat Jul 30 03:46:26 +0000 2016"}
{"polarity": 0.0, "location": "Seattle, WA", "sentiment": "neutral", "time": "Sat Jul 30 03:46:28 +0000 2016"}
{"polarity": 0.0, "location": "Boston, MA", "sentiment": "neutral", "time": "Sat Jul 30 03:46:29 +0000 2016"}
{"polarity": 0.0, "location": "Seattle, WA", "sentiment": "neutral", "time": "Sat Jul 30 03:46:29 +0000 2016"}
{"polarity": 0.0, "location": "Portland, OR", "sentiment": "neutral", "time": "Sat Jul 30 03:46:38 +0000 2016"}
{"polarity": 0.08, "location": "Atlanta, GA", "sentiment": "positive", "time": "Sat Jul 30 03:46:46 +0000 2016"}
{"polarity": 0.0, "location": "Boston, MA", "sentiment": "neutral", "time": "Sat Jul 30 03:46:50 +0000 2016"}
{"polarity": 0.7, "location": "Atlanta, GA", "sentiment": "positive", "time": "Sat Jul 30 03:46:54 +0000 2016"}
{"polarity": -0.2, "location": "Boston, MA", "sentiment": "negative", "time": "Sat Jul 30 03:00:03 +0000 2016"}
{"polarity": -0.2, "location": "Boston, MA", "sentiment": "negative", "time": "Sat Jul 30 03:00:09 +0000 2016"}
{"polarity": 0.0, "location": "New York, NY", "sentiment": "neutral", "time": "Sat Jul 30 03:00:15 +0000 2016"}
{"polarity": 0.5, "location": "San Diego, CA", "sentiment": "positive", "time": "Sat Jul 30 03:00:19 +0000 2016"}
{"polarity": 0.1, "location": "Phoenix, AZ", "sentiment": "positive", "time": "Sat Jul 30 03:00:19 +0000 2016"}
{"polarity": 0.2, "location": "Portland, OR", "sentiment": "positive", "time": "Sat Jul 30 03:00:19 +0000 2016"}
{"polarity": 0.0, "location": "New York, NY", "sentiment": "neutral", "time": "Sat Jul 30 03:00:45 +0000 2016"}
{"polarity": 0.4396825396825397, "location": "Portland, OR", "sentiment": "positive", "time": "Sat Jul 30 03:00:48 +0000 2016"}
{"polarity": -0.2375, "location": "New York, NY", "sentiment": "negative", "time": "Sat Jul 30 03:00:51 +0000 2016"}
{"polarity": 0.13636363636363635, "location": "New York, NY", "sentiment": "positive", "time": "Sat Jul 30 03:00:53 +0000 2016"}
{"polarity": 0.0, "location": "Orlando, FL", "sentiment": "neutral", "time": "Sat Jul 30 03:00:58 +0000 2016"}
{"polarity": 0.08522727272727272, "location": "Atlanta, GA", "sentiment": "positive", "time": "Sat Jul 30 03:34:08 +0000 2016"}
{"polarity": 0.2, "location": "Orlando, FL", "sentiment": "positive", "time": "Sat Jul 30 03:34:09 +0000 2016"}
{"polarity": 0.0, "location": "Atlanta, GA", "sentiment": "neutral", "time": "Sat Jul 30 03:34:10 +0000 2016"}
{"polarity": 0.0, "location": "New York, NY", "sentiment": "neutral", "time": "Sat Jul 30 03:34:12 +0000 2016"}
{"polarity": 0.4, "location": "Boston, MA", "sentiment": "positive", "time": "Sat Jul 30 03:34:28 +0000 2016"}
{"polarity": 0.5249999999999999, "location": "San Diego, CA", "sentiment": "positive", "time": "Sat Jul 30 03:34:29 +0000 2016"}
{"polarity": 0.0, "location": "Orlando, FL", "sentiment": "neutral", "time": "Sat Jul 30 03:34:31 +0000 2016"}
{"polarity": 0.6, "location": "Seattle, WA", "sentiment": "positive", "time": "Sat Jul 30 03:34:51 +0000 2016"}
{"polarity": 0.8, "location": "Atlanta, GA", "sentiment": "positive", "time": "Sat Jul 30 03:05:05 +0000 2016"}
{"polarity": 0.0, "location": "Atlanta, GA", "sentiment": "neutral", "time": "Sat Jul 30 03:05:05 +0000 2016"}
{"polarity": 0.5625, "location": "Atlanta, GA", "sentiment": "positive", "time": "Sat Jul 30 03:05:05 +0000 2016"}
{"polarity": 0.0, "location": "Seattle, WA", "sentiment": "neutral", "time": "Sat Jul 30 03:05:10 +0000 2016"}
{"polarity": -0.3, "location": "Orlando, FL", "sentiment": "negative", "time": "Sat Jul 30 03:05:11 +0000 2016"}
{"polarity": 0.0, "location": "New York, NY", "sentiment": "neutral", "time": "Sat Jul 30 03:05:11 +0000 2016"}
{"polarity": 0.0, "location": "New York, NY", "sentiment": "neutral", "time": "Sat Jul 30 03:05:17 +0000 2016"}
{"polarity": 0.0, "location": "Phoenix, AZ", "sentiment": "neutral", "time": "Sat Jul 30 03:05:23 +0000 2016"}
{"polarity": 0.0, "location": "Orlando, FL", "sentiment": "neutral", "time": "Sat Jul 30 03:05:28 +0000 2016"}
{"polarity": 0.13636363636363635, "location": "New York, NY", "sentiment": "positive", "time": "Sat Jul 30 03:05:38 +0000 2016"}
{"polarity": 0.0, "location": "New York, NY", "sentiment": "neutral", "time": "Sat Jul 30 03:05:39 +0000 2016"}
{"polarity": 0.0, "location": "San Diego, CA", "sentiment": "neutral", "time": "Sat Jul 30 03:05:50 +0000 2016"}
{"polarity": 0.0, "location": "Boston, MA", "sentiment": "neutral", "time": "Sat Jul 30 03:05:50 +0000 2016"}
{"polarity": 0.13333333333333333, "location": "Atlanta, GA", "sentiment": "positive", "time": "Sat Jul 30 03:05:53 +0000 2016"}
{"polarity": 0.0, "location": "Orlando, FL", "sentiment": "neutral", "time": "Sat Jul 30 03:05:54 +0000 2016"}
{"polarity": 1.0, "location": "San Diego, CA", "sentiment": "positive", "time": "Sat Jul 30 03:05:54 +0000 2016"}
{"polarity": 0.0, "location": "Atlanta, GA", "sentiment": "neutral", "time": "Sat Jul 30 03:05:56 +0000 2016"}
{"polarity": 0.5, "location": "Phoenix, AZ", "sentiment": "positive", "time": "Sat Jul 30 03:05:57 +0000 2016"}
{"polarity": 0.0, "location": "New York, NY", "sentiment": "neutral", "time": "Sat Jul 30 03:11:02 +0000 2016"}
{"polarity": 0.0, "location": "Orlando, FL", "sentiment": "neutral", "time": "Sat Jul 30 03:11:34 +0000 2016"}
{"polarity": 0.0, "location": "Atlanta, GA", "sentiment": "neutral", "time": "Sat Jul 30 03:11:39 +0000 2016"}
{"polarity": 0.0, "location": "Atlanta, GA", "sentiment": "neutral", "time": "Sat Jul 30 03:11:54 +0000 2016"}
{"polarity": 0.75, "location": "Portland, OR", "sentiment": "positive", "time": "Sat Jul 30 03:11:59 +0000 2016"}
{"polarity": 0.0, "location": "Portland, OR", "sentiment": "neutral", "time": "Sat Jul 30 03:56:08 +0000 2016"}
{"polarity": 0.0, "location": "Boston, MA", "sentiment": "neutral", "time": "Sat Jul 30 03:56:12 +0000 2016"}
{"polarity": 0.0, "location": "Boston, MA", "sentiment": "neutral", "time": "Sat Jul 30 03:56:12 +0000 2016"}
{"polarity": 0.0, "location": "Boston, MA", "sentiment": "neutral", "time": "Sat Jul 30 03:56:17 +0000 2016"}
{"polarity": 0.0, "location": "Atlanta, GA", "sentiment": "neutral", "time": "Sat Jul 30 03:56:27 +0000 2016"}
{"polarity": 0.0, "location": "New York, NY", "sentiment": "neutral", "time": "Sat Jul 30 03:56:28 +0000 2016"}
{"polarity": 0.0, "location": "New York, NY", "sentiment": "neutral", "time": "Sat Jul 30 03:56:36 +0000 2016"}
{"polarity": 0.0, "location": "Atlanta, GA", "sentiment": "neutral", "time": "Sat Jul 30 03:56:47 +0000 2016"}
{"polarity": 0.0, "location": "Atlanta, GA", "sentiment": "neutral", "time": "Sat Jul 30 03:56:50 +0000 2016"}
{"polarity": -0.19444444444444448, "location": "Boston, MA", "sentiment": "negative", "time": "Sat Jul 30 03:56:55 +0000 2016"}
{"polarity": 0.0, "location": "Seattle, WA", "sentiment": "neutral", "time": "Sat Jul 30 03:47:01 +0000 2016"}
{"polarity": 1.0, "location": "Orlando, FL", "sentiment": "positive", "time": "Sat Jul 30 03:47:03 +0000 2016"}
{"polarity": 0.0, "location": "New York, NY", "sentiment": "neutral", "time": "Sat Jul 30 03:47:07 +0000 2016"}
{"polarity": 0.5625, "location": "Boston, MA", "sentiment": "positive", "time": "Sat Jul 30 03:47:08 +0000 2016"}
{"polarity": 0.5408333333333333, "location": "San Diego, CA", "sentiment": "positive", "time": "Sat Jul 30 03:47:12 +0000 2016"}
{"polarity": 0.0, "location": "Seattle, WA", "sentiment": "neutral", "time": "Sat Jul 30 03:47:18 +0000 2016"}
{"polarity": 0.0, "location": "New York, NY", "sentiment": "neutral", "time": "Sat Jul 30 03:47:19 +0000 2016"}
{"polarity": 0.07878787878787878, "location": "Atlanta, GA", "sentiment": "positive", "time": "Sat Jul 30 03:47:29 +0000 2016"}
{"polarity": 0.29166666666666663, "location": "Seattle, WA", "sentiment": "positive", "time": "Sat Jul 30 03:47:29 +0000 2016"}
{"polarity": 0.0, "location": "Atlanta, GA", "sentiment": "neutral", "time": "Sat Jul 30 03:47:41 +0000 2016"}
{"polarity": 0.0, "location": "Seattle, WA", "sentiment": "neutral", "time": "Sat Jul 30 03:47:49 +0000 2016"}
{"polarity": 0.0, "location": "Boston, MA", "sentiment": "neutral", "time": "Sat Jul 30 03:47:49 +0000 2016"}
{"polarity": 0.0, "location": "Portland, OR", "sentiment": "neutral", "time": "Sat Jul 30 03:47:49 +0000 2016"}
{"polarity": 0.0, "location": "Orlando, FL", "sentiment": "neutral", "time": "Sat Jul 30 03:52:04 +0000 2016"}
{"polarity": 0.0, "location": "San Diego, CA", "sentiment": "neutral", "time": "Sat Jul 30 03:52:06 +0000 2016"}
{"polarity": 0.5, "location": "New York, NY", "sentiment": "positive", "time": "Sat Jul 30 03:52:08 +0000 2016"}
{"polarity": 0.4166666666666667, "location": "New York, NY", "sentiment": "positive", "time": "Sat Jul 30 03:52:11 +0000 2016"}
{"polarity": 0.0, "location": "Seattle, WA", "sentiment": "neutral", "time": "Sat Jul 30 03:52:11 +0000 2016"}
{"polarity": 0.0, "location": "Boston, MA", "sentiment": "neutral", "time": "Sat Jul 30 03:52:16 +0000 2016"}
{"polarity": -0.21, "location": "Boston, MA", "sentiment": "negative", "time": "Sat Jul 30 03:52:16 +0000 2016"}
{"polarity": -0.75, "location": "New York, NY", "sentiment": "negative", "time": "Sat Jul 30 03:52:17 +0000 2016"}
{"polarity": 0.25, "location": "San Diego, CA", "sentiment": "positive", "time": "Sat Jul 30 03:52:29 +0000 2016"}
{"polarity": -0.15555555555555559, "location": "Orlando, FL", "sentiment": "negative", "time": "Sat Jul 30 03:52:32 +0000 2016"}
{"polarity": -0.2, "location": "Atlanta, GA", "sentiment": "negative", "time": "Sat Jul 30 03:52:32 +0000 2016"}
{"polarity": 0.23333333333333336, "location": "Orlando, FL", "sentiment": "positive", "time": "Sat Jul 30 03:52:35 +0000 2016"}
{"polarity": 0.25000000000000006, "location": "Portland, OR", "sentiment": "positive", "time": "Sat Jul 30 03:52:38 +0000 2016"}
{"polarity": 0.0, "location": "New York, NY", "sentiment": "neutral", "time": "Sat Jul 30 03:52:38 +0000 2016"}
{"polarity": 0.0, "location": "Atlanta, GA", "sentiment": "neutral", "time": "Sat Jul 30 03:52:45 +0000 2016"}
{"polarity": 0.5, "location": "Atlanta, GA", "sentiment": "positive", "time": "Sat Jul 30 03:53:00 +0000 2016"}
{"polarity": 0.5, "location": "New York, NY", "sentiment": "positive", "time": "Sat Jul 30 03:53:02 +0000 2016"}
{"polarity": 0.5, "location": "Atlanta, GA", "sentiment": "positive", "time": "Sat Jul 30 03:53:02 +0000 2016"}
{"polarity": 0.06666666666666667, "location": "Atlanta, GA", "sentiment": "positive", "time": "Sat Jul 30 03:53:08 +0000 2016"}
{"polarity": 0.0, "location": "Boston, MA", "sentiment": "neutral", "time": "Sat Jul 30 03:53:25 +0000 2016"}
{"polarity": 0.0, "location": "Seattle, WA", "sentiment": "neutral", "time": "Sat Jul 30 03:53:36 +0000 2016"}
{"polarity": 0.0, "location": "New York, NY", "sentiment": "neutral", "time": "Sat Jul 30 03:53:36 +0000 2016"}
{"polarity": 0.0, "location": "Seattle, WA", "sentiment": "neutral", "time": "Sat Jul 30 03:53:36 +0000 2016"}
{"polarity": 0.0, "location": "Phoenix, AZ", "sentiment": "neutral", "time": "Sat Jul 30 03:53:38 +0000 2016"}
{"polarity": 0.0, "location": "Seattle, WA", "sentiment": "neutral", "time": "Sat Jul 30 03:53:47 +0000 2016"}
{"polarity": 0.0, "location": "Atlanta, GA", "sentiment": "neutral", "time": "Sat Jul 30 03:02:05 +0000 2016"}
{"polarity": 0.2, "location": "Orlando, FL", "sentiment": "positive", "time": "Sat Jul 30 03:02:12 +0000 2016"}
{"polarity": 0.0, "location": "Seattle, WA", "sentiment": "neutral", "time": "Sat Jul 30 03:02:29 +0000 2016"}
{"polarity": 0.8, "location": "Orlando, FL", "sentiment": "positive", "time": "Sat Jul 30 03:02:34 +0000 2016"}
{"polarity": 0.0, "location": "Orlando, FL", "sentiment": "neutral", "time": "Sat Jul 30 03:02:41 +0000 2016"}
{"polarity": 0.0, "location": "Seattle, WA", "sentiment": "neutral", "time": "Sat Jul 30 03:02:50 +0000 2016"}
{"polarity": 0.0, "location": "Phoenix, AZ", "sentiment": "neutral", "time": "Sat Jul 30 03:02:50 +0000 2016"}
{"polarity": 0.48000000000000004, "location": "San Diego, CA", "sentiment": "positive", "time": "Sat Jul 30 03:48:09 +0000 2016"}
{"polarity": 0.0, "location": "Phoenix, AZ", "sentiment": "neutral", "time": "Sat Jul 30 03:48:09 +0000 2016"}
{"polarity": 0.3833333333333333, "location": "Atlanta, GA", "sentiment": "positive", "time": "Sat Jul 30 03:48:26 +0000 2016"}
{"polarity": 0.2, "location": "Seattle, WA", "sentiment": "positive", "time": "Sat Jul 30 03:48:26 +0000 2016"}
{"polarity": 0.0, "location": "Seattle, WA", "sentiment": "neutral", "time": "Sat Jul 30 03:48:33 +0000 2016"}
{"polarity": 0.0, "location": "Portland, OR", "sentiment": "neutral", "time": "Sat Jul 30 03:48:34 +0000 2016"}
{"polarity": 0.0, "location": "Boston, MA", "sentiment": "neutral", "time": "Sat Jul 30 03:48:36 +0000 2016"}
{"polarity": 0.8, "location": "Atlanta, GA", "sentiment": "positive", "time": "Sat Jul 30 03:48:36 +0000 2016"}
{"polarity": 0.6, "location": "New York, NY", "sentiment": "positive", "time": "Sat Jul 30 03:25:05 +0000 2016"}
{"polarity": 0.6, "location": "Boston, MA", "sentiment": "positive", "time": "Sat Jul 30 03:25:11 +0000 2016"}
{"polarity": 0.0, "location": "Seattle, WA", "sentiment": "neutral", "time": "Sat Jul 30 03:25:15 +0000 2016"}
{"polarity": 0.0, "location": "Seattle, WA", "sentiment": "neutral", "time": "Sat Jul 30 03:25:22 +0000 2016"}
{"polarity": 0.0, "location": "Boston, MA", "sentiment": "neutral", "time": "Sat Jul 30 03:25:22 +0000 2016"}
{"polarity": 0.0, "location": "New York, NY", "sentiment": "neutral", "time": "Sat Jul 30 03:25:23 +0000 2016"}
{"polarity": 0.0, "location": "Boston, MA", "sentiment": "neutral", "time": "Sat Jul 30 03:25:37 +0000 2016"}
{"polarity": 0.0, "location": "Phoenix, AZ", "sentiment": "neutral", "time": "Sat Jul 30 03:25:48 +0000 2016"}
{"polarity": 0.0, "location": "Portland, OR", "sentiment": "neutral", "time": "Sat Jul 30 03:25:57 +0000 2016"}
{"polarity": -0.1875, "location": "Atlanta, GA", "sentiment": "negative", "time": "Sat Jul 30 03:25:59 +0000 2016"}
{"polarity": 0.0, "location": "Portland, OR", "sentiment": "neutral", "time": "Sat Jul 30 03:25:59 +0000 2016"}
{"polarity": 0.13636363636363635, "location": "New York, NY", "sentiment": "positive", "time": "Sat Jul 30 03:16:08 +0000 2016"}
{"polarity": 0.0, "location": "Seattle, WA", "sentiment": "neutral", "time": "Sat Jul 30 03:16:13 +0000 2016"}
{"polarity": 0.5, "location": "Orlando, FL", "sentiment": "positive", "time": "Sat Jul 30 03:16:13 +0000 2016"}
{"polarity": 0.0, "location": "New York, NY", "sentiment": "neutral", "time": "Sat Jul 30 03:16:15 +0000 2016"}
{"polarity": -0.15555555555555559, "location": "Phoenix, AZ", "sentiment": "negative", "time": "Sat Jul 30 03:16:29 +0000 2016"}
{"polarity": 0.0, "location": "Seattle, WA", "sentiment": "neutral", "time": "Sat Jul 30 03:16:53 +0000 2016"}
{"polarity": 0.2, "location": "Seattle, WA", "sentiment": "positive", "time": "Sat Jul 30 03:14:09 +0000 2016"}
{"polarity": 0.0, "location": "Atlanta, GA", "sentiment": "neutral", "time": "Sat Jul 30 03:14:14 +0000 2016"}
{"polarity": 0.0, "location": "New York, NY", "sentiment": "neutral", "time": "Sat Jul 30 03:14:20 +0000 2016"}
{"polarity": 0.0, "location": "Phoenix, AZ", "sentiment": "neutral", "time": "Sat Jul 30 03:14:35 +0000 2016"}
{"polarity": -0.2, "location": "Seattle, WA", "sentiment": "negative", "time": "Sat Jul 30 03:14:40 +0000 2016"}
{"polarity": -0.1, "location": "Atlanta, GA", "sentiment": "negative", "time": "Sat Jul 30 03:14:48 +0000 2016"}
{"polarity": 0.0, "location": "Atlanta, GA", "sentiment": "neutral", "time": "Sat Jul 30 03:23:06 +0000 2016"}
{"polarity": 0.5, "location": "Portland, OR", "sentiment": "positive", "time": "Sat Jul 30 03:23:17 +0000 2016"}
{"polarity": 0.0, "location": "Orlando, FL", "sentiment": "neutral", "time": "Sat Jul 30 03:23:20 +0000 2016"}
{"polarity": 0.0, "location": "Orlando, FL", "sentiment": "neutral", "time": "Sat Jul 30 03:23:25 +0000 2016"}
{"polarity": 0.0, "location": "New York, NY", "sentiment": "neutral", "time": "Sat Jul 30 03:23:37 +0000 2016"}
{"polarity": 0.0, "location": "Boston, MA", "sentiment": "neutral", "time": "Sat Jul 30 03:23:38 +0000 2016"}
{"polarity": -0.7142857142857143, "location": "New York, NY", "sentiment": "negative", "time": "Sat Jul 30 03:07:24 +0000 2016"}
{"polarity": 0.0, "location": "New York, NY", "sentiment": "neutral", "time": "Sat Jul 30 03:07:34 +0000 2016"}
{"polarity": 0.1, "location": "San Diego, CA", "sentiment": "positive", "time": "Sat Jul 30 03:07:36 +0000 2016"}
{"polarity": -0.20000000000000004, "location": "Atlanta, GA", "sentiment": "negative", "time": "Sat Jul 30 03:07:44 +0000 2016"}
{"polarity": 0.3333333333333333, "location": "Orlando, FL", "sentiment": "positive", "time": "Sat Jul 30 03:07:46 +0000 2016"}
{"polarity": 0.0, "location": "New York, NY", "sentiment": "neutral", "time": "Sat Jul 30 03:07:49 +0000 2016"}
{"polarity": 0.5, "location": "Atlanta, GA", "sentiment": "positive", "time": "Sat Jul 30 03:07:54 +0000 2016"}
{"polarity": 0.0, "location": "Atlanta, GA", "sentiment": "neutral", "time": "Sat Jul 30 03:07:59 +0000 2016"}
{"polarity": 0.0, "location": "San Diego, CA", "sentiment": "neutral", "time": "Sat Jul 30 03:51:01 +0000 2016"}
{"polarity": 0.37500000000000006, "location": "Atlanta, GA", "sentiment": "positive", "time": "Sat Jul 30 03:51:02 +0000 2016"}
{"polarity": 0.2, "location": "Atlanta, GA", "sentiment": "positive", "time": "Sat Jul 30 03:51:03 +0000 2016"}
{"polarity": 0.0, "location": "Boston, MA", "sentiment": "neutral", "time": "Sat Jul 30 03:51:06 +0000 2016"}
{"polarity": 0.0, "location": "Orlando, FL", "sentiment": "neutral", "time": "Sat Jul 30 03:51:09 +0000 2016"}
{"polarity": 0.0, "location": "New York, NY", "sentiment": "neutral", "time": "Sat Jul 30 03:51:11 +0000 2016"}
{"polarity": 0.78125, "location": "Seattle, WA", "sentiment": "positive", "time": "Sat Jul 30 03:51:19 +0000 2016"}
{"polarity": 0.41666666666666663, "location": "Atlanta, GA", "sentiment": "positive", "time": "Sat Jul 30 03:51:26 +0000 2016"}
{"polarity": 0.0, "location": "San Diego, CA", "sentiment": "neutral", "time": "Sat Jul 30 03:51:32 +0000 2016"}
{"polarity": 0.0625, "location": "Atlanta, GA", "sentiment": "positive", "time": "Sat Jul 30 03:51:45 +0000 2016"}
{"polarity": 0.2333333333333333, "location": "Orlando, FL", "sentiment": "positive", "time": "Sat Jul 30 03:51:46 +0000 2016"}
{"polarity": 0.5, "location": "New York, NY", "sentiment": "positive", "time": "Sat Jul 30 03:51:50 +0000 2016"}
{"polarity": 0.0, "location": "Orlando, FL", "sentiment": "neutral", "time": "Sat Jul 30 03:51:52 +0000 2016"}
{"polarity": 0.8, "location": "New York, NY", "sentiment": "positive", "time": "Sat Jul 30 03:51:55 +0000 2016"}
{"polarity": 0.6, "location": "Atlanta, GA", "sentiment": "positive", "time": "Sat Jul 30 03:51:56 +0000 2016"}
{"polarity": 0.0, "location": "San Diego, CA", "sentiment": "neutral", "time": "Sat Jul 30 03:51:56 +0000 2016"}
{"polarity": 0.0, "location": "Seattle, WA", "sentiment": "neutral", "time": "Sat Jul 30 03:51:59 +0000 2016"}
{"polarity": 0.13636363636363635, "location": "Portland, OR", "sentiment": "positive", "time": "Sat Jul 30 03:30:10 +0000 2016"}
{"polarity": 0.0, "location": "New York, NY", "sentiment": "neutral", "time": "Sat Jul 30 03:30:10 +0000 2016"}
{"polarity": 0.0, "location": "Atlanta, GA", "sentiment": "neutral", "time": "Sat Jul 30 03:30:15 +0000 2016"}
{"polarity": 0.5, "location": "Portland, OR", "sentiment": "positive", "time": "Sat Jul 30 03:30:21 +0000 2016"}
{"polarity": 0.5, "location": "Orlando, FL", "sentiment": "positive", "time": "Sat Jul 30 03:30:26 +0000 2016"}
{"polarity": -0.5, "location": "Atlanta, GA", "sentiment": "negative", "time": "Sat Jul 30 03:30:28 +0000 2016"}
{"polarity": 0.0, "location": "San Diego, CA", "sentiment": "neutral", "time": "Sat Jul 30 03:30:38 +0000 2016"}
{"polarity": 0.0, "location": "Portland, OR", "sentiment": "neutral", "time": "Sat Jul 30 03:30:45 +0000 2016"}
{"polarity": -0.03333333333333335, "location": "San Diego, CA", "sentiment": "negative", "time": "Sat Jul 30 03:30:47 +0000 2016"}
{"polarity": 0.0, "location": "New York, NY", "sentiment": "neutral", "time": "Sat Jul 30 03:30:49 +0000 2016"}
{"polarity": 0.5, "location": "Portland, OR", "sentiment": "positive", "time": "Sat Jul 30 03:30:49 +0000 2016"}
{"polarity": -0.575, "location": "Orlando, FL", "sentiment": "negative", "time": "Sat Jul 30 03:30:52 +0000 2016"}
{"polarity": 0.0, "location": "Atlanta, GA", "sentiment": "neutral", "time": "Sat Jul 30 03:30:55 +0000 2016"}
{"polarity": 0.0, "location": "Portland, OR", "sentiment": "neutral", "time": "Sat Jul 30 03:30:59 +0000 2016"}
{"polarity": -0.05, "location": "Seattle, WA", "sentiment": "negative", "time": "Sat Jul 30 03:03:01 +0000 2016"}
{"polarity": 0.0, "location": "New York, NY", "sentiment": "neutral", "time": "Sat Jul 30 03:03:09 +0000 2016"}
{"polarity": 0.0, "location": "Seattle, WA", "sentiment": "neutral", "time": "Sat Jul 30 03:03:18 +0000 2016"}
{"polarity": 0.0, "location": "Atlanta, GA", "sentiment": "neutral", "time": "Sat Jul 30 03:03:44 +0000 2016"}
{"polarity": 0.0, "location": "Portland, OR", "sentiment": "neutral", "time": "Sat Jul 30 03:03:47 +0000 2016"}
{"polarity": 0.0, "location": "San Diego, CA", "sentiment": "neutral", "time": "Sat Jul 30 03:03:51 +0000 2016"}
{"polarity": 0.0, "location": "San Diego, CA", "sentiment": "neutral", "time": "Sat Jul 30 03:40:03 +0000 2016"}
{"polarity": 0.0, "location": "Seattle, WA", "sentiment": "neutral", "time": "Sat Jul 30 03:40:04 +0000 2016"}
{"polarity": 0.8125, "location": "Orlando, FL", "sentiment": "positive", "time": "Sat Jul 30 03:40:09 +0000 2016"}
{"polarity": 0.0, "location": "New York, NY", "sentiment": "neutral", "time": "Sat Jul 30 03:40:10 +0000 2016"}
{"polarity": 0.0, "location": "San Diego, CA", "sentiment": "neutral", "time": "Sat Jul 30 03:40:13 +0000 2016"}
{"polarity": 0.0, "location": "Portland, OR", "sentiment": "neutral", "time": "Sat Jul 30 03:40:13 +0000 2016"}
{"polarity": -0.15, "location": "New York, NY", "sentiment": "negative", "time": "Sat Jul 30 03:40:27 +0000 2016"}
{"polarity": 0.0, "location": "Atlanta, GA", "sentiment": "neutral", "time": "Sat Jul 30 03:40:31 +0000 2016"}
{"polarity": -0.8125, "location": "San Diego, CA", "sentiment": "negative", "time": "Sat Jul 30 03:40:33 +0000 2016"}
{"polarity": 0.0, "location": "Phoenix, AZ", "sentiment": "neutral", "time": "Sat Jul 30 03:40:50 +0000 2016"}
{"polarity": 0.0, "location": "Boston, MA", "sentiment": "neutral", "time": "Sat Jul 30 03:40:57 +0000 2016"}
