{"polarity": 0.0, "location": "Phoenix, AZ", "sentiment": "neutral", "time": "Fri Jul 29 09:58:14 +0000 2016"}
{"polarity": 0.0, "location": "New York, NY", "sentiment": "neutral", "time": "Fri Jul 29 09:58:17 +0000 2016"}
{"polarity": 0.35, "location": "Seattle, WA", "sentiment": "positive", "time": "Fri Jul 29 09:42:24 +0000 2016"}
{"polarity": 0.125, "location": "Atlanta, GA", "sentiment": "positive", "time": "Fri Jul 29 09:42:33 +0000 2016"}
{"polarity": 0.0, "location": "New York, NY", "sentiment": "neutral", "time": "Fri Jul 29 09:42:58 +0000 2016"}
{"polarity": 0.0, "location": "Atlanta, GA", "sentiment": "neutral", "time": "Fri Jul 29 09:50:25 +0000 2016"}
{"polarity": 0.0, "location": "New York, NY", "sentiment": "neutral", "time": "Fri Jul 29 09:50:28 +0000 2016"}
{"polarity": 0.0, "location": "New York, NY", "sentiment": "neutral", "time": "Fri Jul 29 09:50:41 +0000 2016"}
{"polarity": 0.0, "location": "Phoenix, AZ", "sentiment": "neutral", "time": "Fri Jul 29 09:50:42 +0000 2016"}
{"polarity": -0.15, "location": "Phoenix, AZ", "sentiment": "negative", "time": "Fri Jul 29 09:50:46 +0000 2016"}
{"polarity": 0.0, "location": "Atlanta, GA", "sentiment": "neutral", "time": "Fri Jul 29 09:15:48 +0000 2016"}
{"polarity": 0.42500000000000004, "location": "Orlando, FL", "sentiment": "positive", "time": "Fri Jul 29 09:38:45 +0000 2016"}
{"polarity": 0.0, "location": "Seattle, WA", "sentiment": "neutral", "time": "Fri Jul 29 09:21:03 +0000 2016"}
{"polarity": 0.7, "location": "Atlanta, GA", "sentiment": "positive", "time": "Fri Jul 29 09:21:04 +0000 2016"}
{"polarity": 0.0, "location": "New York, NY", "sentiment": "neutral", "time": "Fri Jul 29 09:21:08 +0000 2016"}
{"polarity": 0.0, "location": "Seattle, WA", "sentiment": "neutral", "time": "Fri Jul 29 09:21:53 +0000 2016"}
{"polarity": 0.0, "location": "Phoenix, AZ", "sentiment": "neutral", "time": "Fri Jul 29 09:17:29 +0000 2016"}
{"polarity": -0.04999999999999999, "location": "San Diego, CA", "sentiment": "negative", "time": "Fri Jul 29 09:17:36 +0000 2016"}
{"polarity": 0.10000000000000002, "location": "New York, NY", "sentiment": "positive", "time": "Fri Jul 29 09:17:57 +0000 2016"}
{"polarity": 0.7083333333333334, "location": "New York, NY", "sentiment": "positive", "time": "Fri Jul 29 09:12:12 +0000 2016"}
{"polarity": 0.5, "location": "New York, NY", "sentiment": "positive", "time": "Fri Jul 29 09:12:14 +0000 2016"}
{"polarity": 0.3125, "location": "New York, NY", "sentiment": "positive", "time": "Fri Jul 29 09:12:16 +0000 2016"}
{"polarity": 0.35, "location": "New York, NY", "sentiment": "positive", "time": "Fri Jul 29 09:12:43 +0000 2016"}
{"polarity": 0.0, "location": "New York, NY", "sentiment": "neutral", "time": "Fri Jul 29 09:12:46 +0000 2016"}
{"polarity": 0.0, "location": "New York, NY", "sentiment": "neutral", "time": "Fri Jul 29 09:29:15 +0000 2016"}
{"polarity": 0.28125, "location": "Boston, MA", "sentiment": "positive", "time": "Fri Jul 29 09:29:49 +0000 2016"}
{"polarity": 0.0, "location": "San Diego, CA", "sentiment": "neutral", "time": "Fri Jul 29 09:29:57 +0000 2016"}
{"polarity": 0.7, "location": "Phoenix, AZ", "sentiment": "positive", "time": "Fri Jul 29 09:18:40 +0000 2016"}
{"polarity": 0.0, "location": "Seattle, WA", "sentiment": "neutral", "time": "Fri Jul 29 09:46:58 +0000 2016"}
{"polarity": 0.0, "location": "New York, NY", "sentiment": "neutral", "time": "Fri Jul 29 09:00:28 +0000 2016"}
{"polarity": 0.0, "location": "New York, NY", "sentiment": "neutral", "time": "Fri Jul 29 09:00:42 +0000 2016"}
{"polarity": 0.0, "location": "Atlanta, GA", "sentiment": "neutral", "time": "Fri Jul 29 09:34:35 +0000 2016"}
{"polarity": 0.0, "location": "Atlanta, GA", "sentiment": "neutral", "time": "Fri Jul 29 09:34:48 +0000 2016"}
{"polarity": 0.0, "location": "Seattle, WA", "sentiment": "neutral", "time": "Fri Jul 29 09:34:50 +0000 2016"}
{"polarity": 0.0, "location": "New York, NY", "sentiment": "neutral", "time": "Fri Jul 29 09:34:57 +0000 2016"}
{"polarity": 0.36666666666666664, "location": "Portland, OR", "sentiment": "positive", "time": "Fri Jul 29 09:05:12 +0000 2016"}
{"polarity": 0.0, "location": "Phoenix, AZ", "sentiment": "neutral", "time": "Fri Jul 29 09:05:41 +0000 2016"}
{"polarity": -0.1875, "location": "Portland, OR", "sentiment": "negative", "time": "Fri Jul 29 09:11:00 +0000 2016"}
{"polarity": 0.4125, "location": "New York, NY", "sentiment": "positive", "time": "Fri Jul 29 09:11:29 +0000 2016"}
{"polarity": 0.0, "location": "Phoenix, AZ", "sentiment": "neutral", "time": "Fri Jul 29 09:11:41 +0000 2016"}
{"polarity": 0.06818181818181818, "location": "San Diego, CA", "sentiment": "positive", "time": "Fri Jul 29 09:11:54 +0000 2016"}
{"polarity": 0.0, "location": "Phoenix, AZ", "sentiment": "neutral", "time": "Fri Jul 29 09:56:06 +0000 2016"}
{"polarity": 0.0, "location": "New York, NY", "sentiment": "neutral", "time": "Fri Jul 29 09:56:49 +0000 2016"}
{"polarity": 0.0, "location": "Portland, OR", "sentiment": "neutral", "time": "Fri Jul 29 09:47:57 +0000 2016"}
{"polarity": 0.0, "location": "Atlanta, GA", "sentiment": "neutral", "time": "Fri Jul 29 09:52:06 +0000 2016"}
{"polarity": 0.0, "location": "Seattle, WA", "sentiment": "neutral", "time": "Fri Jul 29 09:52:36 +0000 2016"}
{"polarity": 0.0, "location": "Atlanta, GA", "sentiment": "neutral", "time": "Fri Jul 29 09:52:41 +0000 2016"}
{"polarity": 0.5, "location": "Atlanta, GA", "sentiment": "positive", "time": "Fri Jul 29 09:53:45 +0000 2016"}
{"polarity": 0.0, "location": "New York, NY", "sentiment": "neutral", "time": "Fri Jul 29 09:02:05 +0000 2016"}
{"polarity": 0.3, "location": "New York, NY", "sentiment": "positive", "time": "Fri Jul 29 09:02:08 +0000 2016"}
{"polarity": -0.6, "location": "Seattle, WA", "sentiment": "negative", "time": "Fri Jul 29 09:02:13 +0000 2016"}
{"polarity": 0.1, "location": "Atlanta, GA", "sentiment": "positive", "time": "Fri Jul 29 09:02:14 +0000 2016"}
{"polarity": 0.0, "location": "Portland, OR", "sentiment": "neutral", "time": "Fri Jul 29 09:02:16 +0000 2016"}
{"polarity": 1.0, "location": "Atlanta, GA", "sentiment": "positive", "time": "Fri Jul 29 09:02:20 +0000 2016"}
{"polarity": 0.0, "location": "Phoenix, AZ", "sentiment": "neutral", "time": "Fri Jul 29 09:48:07 +0000 2016"}
{"polarity": 0.35714285714285715, "location": "Seattle, WA", "sentiment": "positive", "time": "Fri Jul 29 09:25:02 +0000 2016"}
{"polarity": 0.41666666666666663, "location": "New York, NY", "sentiment": "positive", "time": "Fri Jul 29 09:25:52 +0000 2016"}
{"polarity": 0.06818181818181818, "location": "Seattle, WA", "sentiment": "positive", "time": "Fri Jul 29 09:25:55 +0000 2016"}
{"polarity": 0.8000000000000002, "location": "Seattle, WA", "sentiment": "positive", "time": "Fri Jul 29 09:16:07 +0000 2016"}
{"polarity": 0.0, "location": "Seattle, WA", "sentiment": "neutral", "time": "Fri Jul 29 09:16:13 +0000 2016"}
{"polarity": 0.0, "location": "Phoenix, AZ", "sentiment": "neutral", "time": "Fri Jul 29 09:16:39 +0000 2016"}
{"polarity": 0.0, "location": "New York, NY", "sentiment": "neutral", "time": "Fri Jul 29 09:16:43 +0000 2016"}
{"polarity": 0.0, "location": "Orlando, FL", "sentiment": "neutral", "time": "Fri Jul 29 09:14:06 +0000 2016"}
{"polarity": -0.4, "location": "Boston, MA", "sentiment": "negative", "time": "Fri Jul 29 09:14:26 +0000 2016"}
{"polarity": 0.375, "location": "Boston, MA", "sentiment": "positive", "time": "Fri Jul 29 09:14:39 +0000 2016"}
{"polarity": 0.0, "location": "Orlando, FL", "sentiment": "neutral", "time": "Fri Jul 29 09:14:43 +0000 2016"}
{"polarity": 0.0, "location": "Seattle, WA", "sentiment": "neutral", "time": "Fri Jul 29 09:14:45 +0000 2016"}
{"polarity": 0.5, "location": "Seattle, WA", "sentiment": "positive", "time": "Fri Jul 29 09:14:53 +0000 2016"}
{"polarity": 0.0, "location": "New York, NY", "sentiment": "neutral", "time": "Fri Jul 29 09:23:21 +0000 2016"}
{"polarity": 0.2857142857142857, "location": "San Diego, CA", "sentiment": "positive", "time": "Fri Jul 29 09:23:34 +0000 2016"}
{"polarity": 0.0, "location": "Seattle, WA", "sentiment": "neutral", "time": "Fri Jul 29 09:23:37 +0000 2016"}
{"polarity": 0.0, "location": "New York, NY", "sentiment": "neutral", "time": "Fri Jul 29 09:23:50 +0000 2016"}
{"polarity": 0.0, "location": "Orlando, FL", "sentiment": "neutral", "time": "Fri Jul 29 09:07:38 +0000 2016"}
{"polarity": 0.0, "location": "Atlanta, GA", "sentiment": "neutral", "time": "Fri Jul 29 09:07:42 +0000 2016"}
{"polarity": 0.0, "location": "Portland, OR", "sentiment": "neutral", "time": "Fri Jul 29 09:07:50 +0000 2016"}
{"polarity": 0.0, "location": "Orlando, FL", "sentiment": "neutral", "time": "Fri Jul 29 09:51:12 +0000 2016"}
{"polarity": 0.5, "location": "Boston, MA", "sentiment": "positive", "time": "Fri Jul 29 09:30:21 +0000 2016"}
{"polarity": 0.0, "location": "New York, NY", "sentiment": "neutral", "time": "Fri Jul 29 09:30:23 +0000 2016"}
{"polarity": 0.2590909090909091, "location": "San Diego, CA", "sentiment": "positive", "time": "Fri Jul 29 09:30:38 +0000 2016"}
{"polarity": 0.2375, "location": "Orlando, FL", "sentiment": "positive", "time": "Fri Jul 29 09:30:46 +0000 2016"}
{"polarity": 0.08333333333333333, "location": "Portland, OR", "sentiment": "positive", "time": "Fri Jul 29 09:30:54 +0000 2016"}
{"polarity": 0.0, "location": "Atlanta, GA", "sentiment": "neutral", "time": "Fri Jul 29 09:03:05 +0000 2016"}
{"polarity": 0.0, "location": "San Diego, CA", "sentiment": "neutral", "time": "Fri Jul 29 09:03:52 +0000 2016"}
{"polarity": 0.0, "location": "New York, NY", "sentiment": "neutral", "time": "Fri Jul 29 09:40:03 +0000 2016"}
{"polarity": 0.0, "location": "Seattle, WA", "sentiment": "neutral", "time": "Fri Jul 29 09:40:14 +0000 2016"}
{"polarity": 0.0, "location": "Boston, MA", "sentiment": "neutral", "time": "Fri Jul 29 09:40:17 +0000 2016"}
{"polarity": 0.0, "location": "Phoenix, AZ", "sentiment": "neutral", "time": "Fri Jul 29 09:40:30 +0000 2016"}
{"polarity": 0.125, "location": "Atlanta, GA", "sentiment": "positive", "time": "Fri Jul 29 09:40:59 +0000 2016"}
{"polarity": 0.0, "location": "Atlanta, GA", "sentiment": "neutral", "time": "Fri Jul 29 09:40:59 +0000 2016"}
{"polarity": 0.5, "location": "Phoenix, AZ", "sentiment": "positive", "time": "Fri Jul 29 09:08:04 +0000 2016"}
{"polarity": 0.0, "location": "Phoenix, AZ", "sentiment": "neutral", "time": "Fri Jul 29 09:08:52 +0000 2016"}
{"polarity": 0.0, "location": "Orlando, FL", "sentiment": "neutral", "time": "Fri Jul 29 09:35:06 +0000 2016"}
{"polarity": 0.2, "location": "San Diego, CA", "sentiment": "positive", "time": "Fri Jul 29 09:35:43 +0000 2016"}
{"polarity": 0.0, "location": "Atlanta, GA", "sentiment": "neutral", "time": "Fri Jul 29 09:35:45 +0000 2016"}
{"polarity": -0.5, "location": "San Diego, CA", "sentiment": "negative", "time": "Fri Jul 29 09:35:47 +0000 2016"}
{"polarity": 0.0, "location": "Seattle, WA", "sentiment": "neutral", "time": "Fri Jul 29 09:43:09 +0000 2016"}
{"polarity": 0.05833333333333335, "location": "Seattle, WA", "sentiment": "positive", "time": "Fri Jul 29 09:43:13 +0000 2016"}
{"polarity": 0.0, "location": "New York, NY", "sentiment": "neutral", "time": "Fri Jul 29 09:10:07 +0000 2016"}
{"polarity": 1.0, "location": "Atlanta, GA", "sentiment": "positive", "time": "Fri Jul 29 09:10:32 +0000 2016"}
{"polarity": 0.7, "location": "Seattle, WA", "sentiment": "positive", "time": "Fri Jul 29 09:10:40 +0000 2016"}
{"polarity": 0.0, "location": "Seattle, WA", "sentiment": "neutral", "time": "Fri Jul 29 09:10:48 +0000 2016"}
{"polarity": 0.0, "location": "St. Louis, MO", "sentiment": "neutral", "time": "Fri Jul 29 09:54:02 +0000 2016"}
{"polarity": 0.6, "location": "Orlando, FL", "sentiment": "positive", "time": "Fri Jul 29 09:54:27 +0000 2016"}
{"polarity": 0.3, "location": "Orlando, FL", "sentiment": "positive", "time": "Fri Jul 29 09:54:40 +0000 2016"}
{"polarity": 0.0, "location": "Boston, MA", "sentiment": "neutral", "time": "Fri Jul 29 09:54:59 +0000 2016"}
{"polarity": 0.16, "location": "Atlanta, GA", "sentiment": "positive", "time": "Fri Jul 29 09:24:21 +0000 2016"}
{"polarity": -0.5, "location": "Orlando, FL", "sentiment": "negative", "time": "Fri Jul 29 09:24:22 +0000 2016"}
{"polarity": 0.16, "location": "New York, NY", "sentiment": "positive", "time": "Fri Jul 29 09:32:09 +0000 2016"}
{"polarity": 0.0, "location": "San Diego, CA", "sentiment": "neutral", "time": "Fri Jul 29 09:32:54 +0000 2016"}
{"polarity": 0.15, "location": "Phoenix, AZ", "sentiment": "positive", "time": "Fri Jul 29 09:36:38 +0000 2016"}
{"polarity": 0.0, "location": "Phoenix, AZ", "sentiment": "neutral", "time": "Fri Jul 29 09:36:51 +0000 2016"}
{"polarity": 0.0, "location": "Boston, MA", "sentiment": "neutral", "time": "Fri Jul 29 09:36:52 +0000 2016"}
{"polarity": 0.0, "location": "Seattle, WA", "sentiment": "neutral", "time": "Fri Jul 29 09:01:14 +0000 2016"}
{"polarity": 0.0, "location": "Phoenix, AZ", "sentiment": "neutral", "time": "Fri Jul 29 09:01:19 +0000 2016"}
{"polarity": 0.1, "location": "Atlanta, GA", "sentiment": "positive", "time": "Fri Jul 29 09:01:35 +0000 2016"}
{"polarity": 0.0, "location": "Boston, MA", "sentiment": "neutral", "time": "Fri Jul 29 09:55:36 +0000 2016"}
{"polarity": 0.0, "location": "Phoenix, AZ", "sentiment": "neutral", "time": "Fri Jul 29 09:55:40 +0000 2016"}
{"polarity": 0.0, "location": "Boston, MA", "sentiment": "neutral", "time": "Fri Jul 29 09:55:55 +0000 2016"}
{"polarity": 0.0, "location": "Seattle, WA", "sentiment": "neutral", "time": "Fri Jul 29 09:09:10 +0000 2016"}
{"polarity": 0.0, "location": "Seattle, WA", "sentiment": "neutral", "time": "Fri Jul 29 09:09:25 +0000 2016"}
{"polarity": 0.0, "location": "Phoenix, AZ", "sentiment": "neutral", "time": "Fri Jul 29 09:09:40 +0000 2016"}
{"polarity": 0.0, "location": "Portland, OR", "sentiment": "neutral", "time": "Fri Jul 29 09:33:04 +0000 2016"}
{"polarity": 0.0, "location": "Orlando, FL", "sentiment": "neutral", "time": "Fri Jul 29 09:33:11 +0000 2016"}
{"polarity": 0.0, "location": "Orlando, FL", "sentiment": "neutral", "time": "Fri Jul 29 09:33:19 +0000 2016"}
{"polarity": 0.0, "location": "New York, NY", "sentiment": "neutral", "time": "Fri Jul 29 09:33:33 +0000 2016"}
{"polarity": 0.4125, "location": "Atlanta, GA", "sentiment": "positive", "time": "Fri Jul 29 09:44:04 +0000 2016"}
{"polarity": 0.09687499999999999, "location": "Atlanta, GA", "sentiment": "positive", "time": "Fri Jul 29 09:44:52 +0000 2016"}
{"polarity": 0.0, "location": "Orlando, FL", "sentiment": "neutral", "time": "Fri Jul 29 09:28:39 +0000 2016"}
{"polarity": 0.0, "location": "New York, NY", "sentiment": "neutral", "time": "Fri Jul 29 09:28:39 +0000 2016"}
{"polarity": 0.0, "location": "Seattle, WA", "sentiment": "neutral", "time": "Fri Jul 29 09:28:53 +0000 2016"}
{"polarity": 0.0, "location": "Atlanta, GA", "sentiment": "neutral", "time": "Fri Jul 29 09:22:03 +0000 2016"}
{"polarity": 0.0, "location": "San Diego, CA", "sentiment": "neutral", "time": "Fri Jul 29 09:22:26 +0000 2016"}
{"polarity": 0.0, "location": "New York, NY", "sentiment": "neutral", "time": "Fri Jul 29 09:49:08 +0000 2016"}
{"polarity": 0.8, "location": "Atlanta, GA", "sentiment": "positive", "time": "Fri Jul 29 09:49:33 +0000 2016"}
{"polarity": 0.0, "location": "New York, NY", "sentiment": "neutral", "time": "Fri Jul 29 09:49:52 +0000 2016"}
{"polarity": -0.3, "location": "Seattle, WA", "sentiment": "negative", "time": "Fri Jul 29 09:49:57 +0000 2016"}
{"polarity": 0.0, "location": "Portland, OR", "sentiment": "neutral", "time": "Fri Jul 29 09:49:59 +0000 2016"}
{"polarity": 0.0, "location": "New York, NY", "sentiment": "neutral", "time": "Fri Jul 29 09:45:30 +0000 2016"}
{"polarity": 0.0, "location": "Orlando, FL", "sentiment": "neutral", "time": "Fri Jul 29 09:45:33 +0000 2016"}
{"polarity": 0.0, "location": "Orlando, FL", "sentiment": "neutral", "time": "Fri Jul 29 09:06:18 +0000 2016"}
{"polarity": 0.0, "location": "New York, NY", "sentiment": "neutral", "time": "Fri Jul 29 09:06:47 +0000 2016"}
{"polarity": 0.125, "location": "Seattle, WA", "sentiment": "positive", "time": "Fri Jul 29 09:20:04 +0000 2016"}
{"polarity": 0.0, "location": "Phoenix, AZ", "sentiment": "neutral", "time": "Fri Jul 29 09:20:04 +0000 2016"}
{"polarity": 0.0, "location": "Atlanta, GA", "sentiment": "neutral", "time": "Fri Jul 29 09:20:54 +0000 2016"}
{"polarity": 0.0, "location": "Orlando, FL", "sentiment": "neutral", "time": "Fri Jul 29 09:13:10 +0000 2016"}
{"polarity": 0.125, "location": "Boston, MA", "sentiment": "positive", "time": "Fri Jul 29 09:13:43 +0000 2016"}
{"polarity": 0.0, "location": "Seattle, WA", "sentiment": "neutral", "time": "Fri Jul 29 09:04:01 +0000 2016"}
{"polarity": 0.0, "location": "New York, NY", "sentiment": "neutral", "time": "Fri Jul 29 09:04:07 +0000 2016"}
{"polarity": 0.0, "location": "New York, NY", "sentiment": "neutral", "time": "Fri Jul 29 09:04:54 +0000 2016"}
{"polarity": 0.0, "location": "Orlando, FL", "sentiment": "neutral", "time": "Fri Jul 29 14:39:06 +0000 2016"}
{"polarity": 0.4, "location": "Boston, MA", "sentiment": "positive", "time": "Fri Jul 29 14:39:07 +0000 2016"}
{"polarity": 0.0, "location": "New York, NY", "sentiment": "neutral", "time": "Fri Jul 29 14:39:15 +0000 2016"}
{"polarity": 0.05, "location": "Boston, MA", "sentiment": "positive", "time": "Fri Jul 29 14:39:17 +0000 2016"}
{"polarity": 0.6, "location": "Atlanta, GA", "sentiment": "positive", "time": "Fri Jul 29 14:39:22 +0000 2016"}
{"polarity": 0.13636363636363635, "location": "Phoenix, AZ", "sentiment": "positive", "time": "Fri Jul 29 14:39:26 +0000 2016"}
{"polarity": 0.625, "location": "New York, NY", "sentiment": "positive", "time": "Fri Jul 29 14:39:33 +0000 2016"}
{"polarity": 0.8, "location": "Phoenix, AZ", "sentiment": "positive", "time": "Fri Jul 29 14:39:37 +0000 2016"}
{"polarity": 0.0, "location": "Orlando, FL", "sentiment": "neutral", "time": "Fri Jul 29 14:39:49 +0000 2016"}
{"polarity": 0.7, "location": "San Diego, CA", "sentiment": "positive", "time": "Fri Jul 29 14:39:51 +0000 2016"}
{"polarity": 0.0, "location": "New York, NY", "sentiment": "neutral", "time": "Fri Jul 29 14:59:01 +0000 2016"}
{"polarity": 0.0, "location": "Boston, MA", "sentiment": "neutral", "time": "Fri Jul 29 14:59:01 +0000 2016"}
{"polarity": 0.0, "location": "New York, NY", "sentiment": "neutral", "time": "Fri Jul 29 14:59:02 +0000 2016"}
{"polarity": 0.0, "location": "Orlando, FL", "sentiment": "neutral", "time": "Fri Jul 29 14:59:03 +0000 2016"}
{"polarity": 0.3806818181818182, "location": "Seattle, WA", "sentiment": "positive", "time": "Fri Jul 29 14:59:03 +0000 2016"}
{"polarity": 0.0, "location": "San Diego, CA", "sentiment": "neutral", "time": "Fri Jul 29 14:59:04 +0000 2016"}
{"polarity": 0.0, "location": "New York, NY", "sentiment": "neutral", "time": "Fri Jul 29 14:59:06 +0000 2016"}
{"polarity": 0.1, "location": "Seattle, WA", "sentiment": "positive", "time": "Fri Jul 29 14:59:06 +0000 2016"}
{"polarity": 0.4, "location": "Orlando, FL", "sentiment": "positive", "time": "Fri Jul 29 14:59:08 +0000 2016"}
{"polarity": 0.13636363636363635, "location": "New York, NY", "sentiment": "positive", "time": "Fri Jul 29 14:59:10 +0000 2016"}
{"polarity": 0.0, "location": "Atlanta, GA", "sentiment": "neutral", "time": "Fri Jul 29 14:59:30 +0000 2016"}
{"polarity": -0.4, "location": "Portland, OR", "sentiment": "negative", "time": "Fri Jul 29 14:59:40 +0000 2016"}
{"polarity": 0.0, "location": "Atlanta, GA", "sentiment": "neutral", "time": "Fri Jul 29 14:59:41 +0000 2016"}
{"polarity": -0.3068181818181818, "location": "Seattle, WA", "sentiment": "negative", "time": "Fri Jul 29 14:59:44 +0000 2016"}
{"polarity": 0.13636363636363635, "location": "Atlanta, GA", "sentiment": "positive", "time": "Fri Jul 29 14:59:46 +0000 2016"}
{"polarity": 0.6499999999999999, "location": "Seattle, WA", "sentiment": "positive", "time": "Fri Jul 29 14:19:02 +0000 2016"}
{"polarity": -0.5, "location": "New York, NY", "sentiment": "negative", "time": "Fri Jul 29 14:19:02 +0000 2016"}
{"polarity": 0.0, "location": "Portland, OR", "sentiment": "neutral", "time": "Fri Jul 29 14:19:04 +0000 2016"}
{"polarity": 0.0, "location": "Atlanta, GA", "sentiment": "neutral", "time": "Fri Jul 29 14:19:05 +0000 2016"}
{"polarity": 0.0, "location": "Atlanta, GA", "sentiment": "neutral", "time": "Fri Jul 29 14:19:11 +0000 2016"}
{"polarity": 0.5, "location": "Orlando, FL", "sentiment": "positive", "time": "Fri Jul 29 14:19:15 +0000 2016"}
{"polarity": 0.25, "location": "New York, NY", "sentiment": "positive", "time": "Fri Jul 29 14:19:27 +0000 2016"}
{"polarity": 0.0, "location": "Atlanta, GA", "sentiment": "neutral", "time": "Fri Jul 29 14:19:33 +0000 2016"}
{"polarity": -0.4083333333333334, "location": "New York, NY", "sentiment": "negative", "time": "Fri Jul 29 14:19:35 +0000 2016"}
{"polarity": 0.875, "location": "Boston, MA", "sentiment": "positive", "time": "Fri Jul 29 14:19:39 +0000 2016"}
{"polarity": 0.0, "location": "Atlanta, GA", "sentiment": "neutral", "time": "Fri Jul 29 14:19:41 +0000 2016"}
{"polarity": 0.08333333333333333, "location": "Boston, MA", "sentiment": "positive", "time": "Fri Jul 29 14:19:43 +0000 2016"}
{"polarity": 0.0, "location": "Atlanta, GA", "sentiment": "neutral", "time": "Fri Jul 29 14:19:56 +0000 2016"}
{"polarity": -0.16964285714285715, "location": "Phoenix, AZ", "sentiment": "negative", "time": "Fri Jul 29 14:37:19 +0000 2016"}
{"polarity": 0.4916666666666667, "location": "New York, NY", "sentiment": "positive", "time": "Fri Jul 29 14:37:25 +0000 2016"}
{"polarity": 0.0, "location": "New York, NY", "sentiment": "neutral", "time": "Fri Jul 29 14:37:38 +0000 2016"}
{"polarity": -0.2916666666666667, "location": "Atlanta, GA", "sentiment": "negative", "time": "Fri Jul 29 14:37:50 +0000 2016"}
{"polarity": 0.24999999999999997, "location": "Boston, MA", "sentiment": "positive", "time": "Fri Jul 29 14:37:58 +0000 2016"}
{"polarity": 0.0, "location": "Boston, MA", "sentiment": "neutral", "time": "Fri Jul 29 14:31:04 +0000 2016"}
{"polarity": 0.0, "location": "Boston, MA", "sentiment": "neutral", "time": "Fri Jul 29 14:31:04 +0000 2016"}
{"polarity": 0.0, "location": "New York, NY", "sentiment": "neutral", "time": "Fri Jul 29 14:31:10 +0000 2016"}
{"polarity": 0.0, "location": "Orlando, FL", "sentiment": "neutral", "time": "Fri Jul 29 14:31:21 +0000 2016"}
{"polarity": 0.625, "location": "New York, NY", "sentiment": "positive", "time": "Fri Jul 29 14:31:20 +0000 2016"}
{"polarity": 0.0, "location": "New York, NY", "sentiment": "neutral", "time": "Fri Jul 29 14:31:30 +0000 2016"}
{"polarity": 0.25, "location": "Seattle, WA", "sentiment": "positive", "time": "Fri Jul 29 14:31:37 +0000 2016"}
{"polarity": 0.24, "location": "Seattle, WA", "sentiment": "positive", "time": "Fri Jul 29 14:31:40 +0000 2016"}
{"polarity": 0.0, "location": "Atlanta, GA", "sentiment": "neutral", "time": "Fri Jul 29 14:31:48 +0000 2016"}
{"polarity": 0.0, "location": "Atlanta, GA", "sentiment": "neutral", "time": "Fri Jul 29 14:41:02 +0000 2016"}
{"polarity": 0.0, "location": "Portland, OR", "sentiment": "neutral", "time": "Fri Jul 29 14:41:03 +0000 2016"}
{"polarity": 0.0, "location": "Orlando, FL", "sentiment": "neutral", "time": "Fri Jul 29 14:41:03 +0000 2016"}
{"polarity": 0.0, "location": "Orlando, FL", "sentiment": "neutral", "time": "Fri Jul 29 14:41:04 +0000 2016"}
{"polarity": 0.0, "location": "Atlanta, GA", "sentiment": "neutral", "time": "Fri Jul 29 14:41:20 +0000 2016"}
{"polarity": -0.875, "location": "Phoenix, AZ", "sentiment": "negative", "time": "Fri Jul 29 14:41:22 +0000 2016"}
{"polarity": 0.0, "location": "Atlanta, GA", "sentiment": "neutral", "time": "Fri Jul 29 14:41:29 +0000 2016"}
{"polarity": 0.0, "location": "Seattle, WA", "sentiment": "neutral", "time": "Fri Jul 29 14:41:45 +0000 2016"}
{"polarity": 0.0, "location": "Boston, MA", "sentiment": "neutral", "time": "Fri Jul 29 14:41:45 +0000 2016"}
{"polarity": 0.0, "location": "Boston, MA", "sentiment": "neutral", "time": "Fri Jul 29 14:41:51 +0000 2016"}
{"polarity": 0.0, "location": "Phoenix, AZ", "sentiment": "neutral", "time": "Fri Jul 29 14:41:51 +0000 2016"}
{"polarity": 0.16666666666666666, "location": "New York, NY", "sentiment": "positive", "time": "Fri Jul 29 14:41:52 +0000 2016"}
{"polarity": -0.050000000000000044, "location": "New York, NY", "sentiment": "negative", "time": "Fri Jul 29 14:41:53 +0000 2016"}
{"polarity": 0.5, "location": "Atlanta, GA", "sentiment": "positive", "time": "Fri Jul 29 14:41:53 +0000 2016"}
{"polarity": 0.0, "location": "New York, NY", "sentiment": "neutral", "time": "Fri Jul 29 14:41:56 +0000 2016"}
{"polarity": 0.0, "location": "Atlanta, GA", "sentiment": "neutral", "time": "Fri Jul 29 14:27:09 +0000 2016"}
{"polarity": 0.0, "location": "Portland, OR", "sentiment": "neutral", "time": "Fri Jul 29 14:27:10 +0000 2016"}
{"polarity": 0.3333333333333333, "location": "Seattle, WA", "sentiment": "positive", "time": "Fri Jul 29 14:27:13 +0000 2016"}
{"polarity": 0.0, "location": "New York, NY", "sentiment": "neutral", "time": "Fri Jul 29 14:27:13 +0000 2016"}
{"polarity": 0.0, "location": "Atlanta, GA", "sentiment": "neutral", "time": "Fri Jul 29 14:27:17 +0000 2016"}
{"polarity": 0.25, "location": "Seattle, WA", "sentiment": "positive", "time": "Fri Jul 29 14:27:24 +0000 2016"}
{"polarity": 0.0, "location": "Seattle, WA", "sentiment": "neutral", "time": "Fri Jul 29 14:27:42 +0000 2016"}
{"polarity": 0.5, "location": "San Diego, CA", "sentiment": "positive", "time": "Fri Jul 29 14:57:03 +0000 2016"}
{"polarity": 0.5, "location": "Atlanta, GA", "sentiment": "positive", "time": "Fri Jul 29 14:57:12 +0000 2016"}
{"polarity": 0.0, "location": "New York, NY", "sentiment": "neutral", "time": "Fri Jul 29 14:57:23 +0000 2016"}
{"polarity": 0.75, "location": "Atlanta, GA", "sentiment": "positive", "time": "Fri Jul 29 14:57:35 +0000 2016"}
{"polarity": 0.0, "location": "Seattle, WA", "sentiment": "neutral", "time": "Fri Jul 29 14:57:38 +0000 2016"}
{"polarity": 0.3333333333333333, "location": "Atlanta, GA", "sentiment": "positive", "time": "Fri Jul 29 14:57:51 +0000 2016"}
{"polarity": 0.3, "location": "Portland, OR", "sentiment": "positive", "time": "Fri Jul 29 14:57:55 +0000 2016"}
{"polarity": -0.04999999999999999, "location": "New York, NY", "sentiment": "negative", "time": "Fri Jul 29 14:57:56 +0000 2016"}
{"polarity": 0.0, "location": "Orlando, FL", "sentiment": "neutral", "time": "Fri Jul 29 14:57:58 +0000 2016"}
{"polarity": 0.0, "location": "Orlando, FL", "sentiment": "neutral", "time": "Fri Jul 29 14:57:58 +0000 2016"}
{"polarity": 0.0, "location": "Atlanta, GA", "sentiment": "neutral", "time": "Fri Jul 29 14:26:10 +0000 2016"}
{"polarity": 0.0, "location": "Orlando, FL", "sentiment": "neutral", "time": "Fri Jul 29 14:26:13 +0000 2016"}
{"polarity": 0.15340909090909088, "location": "San Diego, CA", "sentiment": "positive", "time": "Fri Jul 29 14:26:14 +0000 2016"}
{"polarity": 0.05, "location": "Boston, MA", "sentiment": "positive", "time": "Fri Jul 29 14:26:19 +0000 2016"}
{"polarity": 0.0, "location": "Atlanta, GA", "sentiment": "neutral", "time": "Fri Jul 29 14:26:22 +0000 2016"}
{"polarity": 0.0, "location": "Atlanta, GA", "sentiment": "neutral", "time": "Fri Jul 29 14:26:42 +0000 2016"}
{"polarity": 0.0, "location": "New York, NY", "sentiment": "neutral", "time": "Fri Jul 29 14:26:42 +0000 2016"}
{"polarity": 0.0, "location": "Boston, MA", "sentiment": "neutral", "time": "Fri Jul 29 14:26:50 +0000 2016"}
{"polarity": 0.30000000000000004, "location": "Boston, MA", "sentiment": "positive", "time": "Fri Jul 29 14:26:51 +0000 2016"}
{"polarity": 0.0, "location": "New York, NY", "sentiment": "neutral", "time": "Fri Jul 29 14:26:57 +0000 2016"}
{"polarity": -1.0, "location": "New York, NY", "sentiment": "negative", "time": "Fri Jul 29 14:58:10 +0000 2016"}
{"polarity": -0.40625, "location": "Boston, MA", "sentiment": "negative", "time": "Fri Jul 29 14:58:33 +0000 2016"}
{"polarity": 0.0, "location": "Boston, MA", "sentiment": "neutral", "time": "Fri Jul 29 14:58:51 +0000 2016"}
{"polarity": -0.2, "location": "San Diego, CA", "sentiment": "negative", "time": "Fri Jul 29 14:42:14 +0000 2016"}
{"polarity": 0.0, "location": "San Diego, CA", "sentiment": "neutral", "time": "Fri Jul 29 14:42:35 +0000 2016"}
{"polarity": 0.0, "location": "Boston, MA", "sentiment": "neutral", "time": "Fri Jul 29 14:42:44 +0000 2016"}
{"polarity": -0.0625, "location": "Phoenix, AZ", "sentiment": "negative", "time": "Fri Jul 29 14:42:48 +0000 2016"}
{"polarity": -0.09375, "location": "Atlanta, GA", "sentiment": "negative", "time": "Fri Jul 29 14:42:57 +0000 2016"}
{"polarity": 0.0, "location": "Seattle, WA", "sentiment": "neutral", "time": "Fri Jul 29 14:50:02 +0000 2016"}
{"polarity": 0.0, "location": "Atlanta, GA", "sentiment": "neutral", "time": "Fri Jul 29 14:50:10 +0000 2016"}
{"polarity": 0.0, "location": "Seattle, WA", "sentiment": "neutral", "time": "Fri Jul 29 14:50:17 +0000 2016"}
{"polarity": 0.0, "location": "Boston, MA", "sentiment": "neutral", "time": "Fri Jul 29 14:50:22 +0000 2016"}
{"polarity": 0.0, "location": "Seattle, WA", "sentiment": "neutral", "time": "Fri Jul 29 14:50:22 +0000 2016"}
{"polarity": 0.13636363636363635, "location": "New York, NY", "sentiment": "positive", "time": "Fri Jul 29 14:50:28 +0000 2016"}
{"polarity": 0.1, "location": "San Diego, CA", "sentiment": "positive", "time": "Fri Jul 29 14:50:41 +0000 2016"}
{"polarity": 0.0, "location": "Phoenix, AZ", "sentiment": "neutral", "time": "Fri Jul 29 14:50:43 +0000 2016"}
{"polarity": 0.0, "location": "New York, NY", "sentiment": "neutral", "time": "Fri Jul 29 14:50:55 +0000 2016"}
{"polarity": -0.16666666666666666, "location": "New York, NY", "sentiment": "negative", "time": "Fri Jul 29 14:50:59 +0000 2016"}
{"polarity": 1.0, "location": "Atlanta, GA", "sentiment": "positive", "time": "Fri Jul 29 14:15:05 +0000 2016"}
{"polarity": 1.0, "location": "Portland, OR", "sentiment": "positive", "time": "Fri Jul 29 14:15:13 +0000 2016"}
{"polarity": 0.0, "location": "Boston, MA", "sentiment": "neutral", "time": "Fri Jul 29 14:15:14 +0000 2016"}
{"polarity": -0.75, "location": "Boston, MA", "sentiment": "negative", "time": "Fri Jul 29 14:15:17 +0000 2016"}
{"polarity": 0.0, "location": "Atlanta, GA", "sentiment": "neutral", "time": "Fri Jul 29 14:15:17 +0000 2016"}
{"polarity": 0.5, "location": "New York, NY", "sentiment": "positive", "time": "Fri Jul 29 14:15:19 +0000 2016"}
{"polarity": 0.0, "location": "Orlando, FL", "sentiment": "neutral", "time": "Fri Jul 29 14:15:24 +0000 2016"}
{"polarity": 0.17857142857142855, "location": "San Diego, CA", "sentiment": "positive", "time": "Fri Jul 29 14:15:27 +0000 2016"}
{"polarity": 0.0, "location": "New York, NY", "sentiment": "neutral", "time": "Fri Jul 29 14:15:28 +0000 2016"}
{"polarity": 0.8, "location": "Seattle, WA", "sentiment": "positive", "time": "Fri Jul 29 14:15:31 +0000 2016"}
{"polarity": -0.125, "location": "Atlanta, GA", "sentiment": "negative", "time": "Fri Jul 29 14:15:34 +0000 2016"}
{"polarity": 0.0, "location": "Phoenix, AZ", "sentiment": "neutral", "time": "Fri Jul 29 14:15:41 +0000 2016"}
{"polarity": 0.0, "location": "New York, NY", "sentiment": "neutral", "time": "Fri Jul 29 14:15:43 +0000 2016"}
{"polarity": 0.0, "location": "Seattle, WA", "sentiment": "neutral", "time": "Fri Jul 29 14:15:51 +0000 2016"}
{"polarity": -0.2, "location": "New York, NY", "sentiment": "negative", "time": "Fri Jul 29 14:38:02 +0000 2016"}
{"polarity": 0.0, "location": "San Diego, CA", "sentiment": "neutral", "time": "Fri Jul 29 14:38:16 +0000 2016"}
{"polarity": 0.0, "location": "Boston, MA", "sentiment": "neutral", "time": "Fri Jul 29 14:38:22 +0000 2016"}
{"polarity": 0.0, "location": "New York, NY", "sentiment": "neutral", "time": "Fri Jul 29 14:21:01 +0000 2016"}
{"polarity": 0.0, "location": "Phoenix, AZ", "sentiment": "neutral", "time": "Fri Jul 29 14:21:03 +0000 2016"}
{"polarity": 0.5, "location": "Orlando, FL", "sentiment": "positive", "time": "Fri Jul 29 14:21:05 +0000 2016"}
{"polarity": -0.3333333333333333, "location": "Atlanta, GA", "sentiment": "negative", "time": "Fri Jul 29 14:21:09 +0000 2016"}
{"polarity": -0.15000000000000002, "location": "Seattle, WA", "sentiment": "negative", "time": "Fri Jul 29 14:21:15 +0000 2016"}
{"polarity": 0.25, "location": "Atlanta, GA", "sentiment": "positive", "time": "Fri Jul 29 14:21:19 +0000 2016"}
{"polarity": 0.0, "location": "Seattle, WA", "sentiment": "neutral", "time": "Fri Jul 29 14:21:21 +0000 2016"}
{"polarity": 0.3666666666666667, "location": "Phoenix, AZ", "sentiment": "positive", "time": "Fri Jul 29 14:21:26 +0000 2016"}
{"polarity": 0.2, "location": "Orlando, FL", "sentiment": "positive", "time": "Fri Jul 29 14:21:39 +0000 2016"}
{"polarity": 0.0, "location": "Atlanta, GA", "sentiment": "neutral", "time": "Fri Jul 29 14:21:39 +0000 2016"}
{"polarity": 1.0, "location": "Orlando, FL", "sentiment": "positive", "time": "Fri Jul 29 14:21:44 +0000 2016"}
{"polarity": 0.13636363636363635, "location": "New York, NY", "sentiment": "positive", "time": "Fri Jul 29 14:21:56 +0000 2016"}
{"polarity": 0.0, "location": "Atlanta, GA", "sentiment": "neutral", "time": "Fri Jul 29 14:17:04 +0000 2016"}
{"polarity": 0.0, "location": "New York, NY", "sentiment": "neutral", "time": "Fri Jul 29 14:17:08 +0000 2016"}
{"polarity": 0.0, "location": "New York, NY", "sentiment": "neutral", "time": "Fri Jul 29 14:17:16 +0000 2016"}
{"polarity": 0.0, "location": "Orlando, FL", "sentiment": "neutral", "time": "Fri Jul 29 14:17:20 +0000 2016"}
{"polarity": 0.0, "location": "Portland, OR", "sentiment": "neutral", "time": "Fri Jul 29 14:17:24 +0000 2016"}
{"polarity": 0.7, "location": "Seattle, WA", "sentiment": "positive", "time": "Fri Jul 29 14:17:24 +0000 2016"}
{"polarity": 0.0, "location": "Orlando, FL", "sentiment": "neutral", "time": "Fri Jul 29 14:17:28 +0000 2016"}
{"polarity": 0.0, "location": "Phoenix, AZ", "sentiment": "neutral", "time": "Fri Jul 29 14:17:45 +0000 2016"}
{"polarity": 0.0, "location": "Phoenix, AZ", "sentiment": "neutral", "time": "Fri Jul 29 14:17:55 +0000 2016"}
{"polarity": 0.2, "location": "New York, NY", "sentiment": "positive", "time": "Fri Jul 29 14:12:09 +0000 2016"}
{"polarity": 0.3125, "location": "Atlanta, GA", "sentiment": "positive", "time": "Fri Jul 29 14:12:25 +0000 2016"}
{"polarity": 0.5, "location": "New York, NY", "sentiment": "positive", "time": "Fri Jul 29 14:12:30 +0000 2016"}
{"polarity": 0.0, "location": "Boston, MA", "sentiment": "neutral", "time": "Fri Jul 29 14:12:38 +0000 2016"}
{"polarity": 0.41666666666666663, "location": "Atlanta, GA", "sentiment": "positive", "time": "Fri Jul 29 14:29:00 +0000 2016"}
{"polarity": 0.0, "location": "San Diego, CA", "sentiment": "neutral", "time": "Fri Jul 29 14:29:03 +0000 2016"}
{"polarity": 0.0, "location": "San Diego, CA", "sentiment": "neutral", "time": "Fri Jul 29 14:29:08 +0000 2016"}
{"polarity": 0.3111111111111111, "location": "Seattle, WA", "sentiment": "positive", "time": "Fri Jul 29 14:29:09 +0000 2016"}
{"polarity": 0.0, "location": "New York, NY", "sentiment": "neutral", "time": "Fri Jul 29 14:29:10 +0000 2016"}
{"polarity": 0.0, "location": "San Diego, CA", "sentiment": "neutral", "time": "Fri Jul 29 14:29:11 +0000 2016"}
{"polarity": 0.5, "location": "Atlanta, GA", "sentiment": "positive", "time": "Fri Jul 29 14:29:13 +0000 2016"}
{"polarity": 0.0, "location": "Atlanta, GA", "sentiment": "neutral", "time": "Fri Jul 29 14:29:18 +0000 2016"}
{"polarity": 0.0, "location": "Orlando, FL", "sentiment": "neutral", "time": "Fri Jul 29 14:29:23 +0000 2016"}
{"polarity": 0.35, "location": "New York, NY", "sentiment": "positive", "time": "Fri Jul 29 14:29:29 +0000 2016"}
{"polarity": 0.0, "location": "Atlanta, GA", "sentiment": "neutral", "time": "Fri Jul 29 14:29:42 +0000 2016"}
{"polarity": -0.20833333333333331, "location": "Seattle, WA", "sentiment": "negative", "time": "Fri Jul 29 14:29:43 +0000 2016"}
{"polarity": 0.0, "location": "Seattle, WA", "sentiment": "neutral", "time": "Fri Jul 29 14:29:46 +0000 2016"}
{"polarity": 0.0, "location": "Phoenix, AZ", "sentiment": "neutral", "time": "Fri Jul 29 14:18:12 +0000 2016"}
{"polarity": -0.6, "location": "Atlanta, GA", "sentiment": "negative", "time": "Fri Jul 29 14:18:24 +0000 2016"}
{"polarity": 0.0, "location": "Atlanta, GA", "sentiment": "neutral", "time": "Fri Jul 29 14:18:24 +0000 2016"}
{"polarity": -0.09999999999999998, "location": "Phoenix, AZ", "sentiment": "negative", "time": "Fri Jul 29 14:18:33 +0000 2016"}
{"polarity": 0.0, "location": "Seattle, WA", "sentiment": "neutral", "time": "Fri Jul 29 14:46:03 +0000 2016"}
{"polarity": 0.29444444444444445, "location": "New York, NY", "sentiment": "positive", "time": "Fri Jul 29 14:46:16 +0000 2016"}
{"polarity": 0.0, "location": "Portland, OR", "sentiment": "neutral", "time": "Fri Jul 29 14:46:18 +0000 2016"}
{"polarity": 0.35, "location": "New York, NY", "sentiment": "positive", "time": "Fri Jul 29 14:46:22 +0000 2016"}
{"polarity": 0.0, "location": "Seattle, WA", "sentiment": "neutral", "time": "Fri Jul 29 14:46:34 +0000 2016"}
{"polarity": 0.0, "location": "Seattle, WA", "sentiment": "neutral", "time": "Fri Jul 29 14:46:37 +0000 2016"}
{"polarity": -0.4000000000000001, "location": "San Diego, CA", "sentiment": "negative", "time": "Fri Jul 29 14:46:41 +0000 2016"}
{"polarity": 0.0, "location": "Orlando, FL", "sentiment": "neutral", "time": "Fri Jul 29 14:46:50 +0000 2016"}
{"polarity": -0.05, "location": "New York, NY", "sentiment": "negative", "time": "Fri Jul 29 14:46:51 +0000 2016"}
{"polarity": -0.30000000000000004, "location": "Phoenix, AZ", "sentiment": "negative", "time": "Fri Jul 29 14:00:01 +0000 2016"}
{"polarity": 0.0, "location": "New York, NY", "sentiment": "neutral", "time": "Fri Jul 29 14:00:07 +0000 2016"}
{"polarity": 0.0, "location": "Orlando, FL", "sentiment": "neutral", "time": "Fri Jul 29 14:00:07 +0000 2016"}
{"polarity": 0.0, "location": "Seattle, WA", "sentiment": "neutral", "time": "Fri Jul 29 14:00:17 +0000 2016"}
{"polarity": 0.0, "location": "New York, NY", "sentiment": "neutral", "time": "Fri Jul 29 14:00:23 +0000 2016"}
{"polarity": 0.5, "location": "Boston, MA", "sentiment": "positive", "time": "Fri Jul 29 14:00:26 +0000 2016"}
{"polarity": 0.0, "location": "Atlanta, GA", "sentiment": "neutral", "time": "Fri Jul 29 14:00:30 +0000 2016"}
{"polarity": 0.0, "location": "St. Louis, MO", "sentiment": "neutral", "time": "Fri Jul 29 14:00:37 +0000 2016"}
{"polarity": -0.03571428571428571, "location": "St. Louis, MO", "sentiment": "negative", "time": "Fri Jul 29 14:00:40 +0000 2016"}
{"polarity": 0.5, "location": "San Diego, CA", "sentiment": "positive", "time": "Fri Jul 29 14:00:42 +0000 2016"}
{"polarity": 0.0, "location": "Orlando, FL", "sentiment": "neutral", "time": "Fri Jul 29 14:00:43 +0000 2016"}
{"polarity": 0.31666666666666665, "location": "New York, NY", "sentiment": "positive", "time": "Fri Jul 29 14:00:48 +0000 2016"}
{"polarity": 0.0, "location": "Atlanta, GA", "sentiment": "neutral", "time": "Fri Jul 29 14:00:58 +0000 2016"}
{"polarity": 0.35, "location": "Atlanta, GA", "sentiment": "positive", "time": "Fri Jul 29 14:34:03 +0000 2016"}
{"polarity": 0.0, "location": "New York, NY", "sentiment": "neutral", "time": "Fri Jul 29 14:34:04 +0000 2016"}
{"polarity": -0.3185185185185186, "location": "Orlando, FL", "sentiment": "negative", "time": "Fri Jul 29 14:34:10 +0000 2016"}
{"polarity": 0.4, "location": "Atlanta, GA", "sentiment": "positive", "time": "Fri Jul 29 14:34:13 +0000 2016"}
{"polarity": 0.0, "location": "New York, NY", "sentiment": "neutral", "time": "Fri Jul 29 14:34:21 +0000 2016"}
{"polarity": 0.0, "location": "New York, NY", "sentiment": "neutral", "time": "Fri Jul 29 14:34:23 +0000 2016"}
{"polarity": 0.0, "location": "Boston, MA", "sentiment": "neutral", "time": "Fri Jul 29 14:34:26 +0000 2016"}
{"polarity": 0.2, "location": "Seattle, WA", "sentiment": "positive", "time": "Fri Jul 29 14:34:29 +0000 2016"}
{"polarity": 0.3, "location": "New York, NY", "sentiment": "positive", "time": "Fri Jul 29 14:34:31 +0000 2016"}
{"polarity": 0.0, "location": "Boston, MA", "sentiment": "neutral", "time": "Fri Jul 29 14:34:33 +0000 2016"}
{"polarity": -0.15714285714285714, "location": "San Diego, CA", "sentiment": "negative", "time": "Fri Jul 29 14:34:33 +0000 2016"}
{"polarity": 0.2857142857142857, "location": "Boston, MA", "sentiment": "positive", "time": "Fri Jul 29 14:34:42 +0000 2016"}
{"polarity": 0.25, "location": "Boston, MA", "sentiment": "positive", "time": "Fri Jul 29 14:34:49 +0000 2016"}
{"polarity": 0.0, "location": "Atlanta, GA", "sentiment": "neutral", "time": "Fri Jul 29 14:34:49 +0000 2016"}
{"polarity": 0.0, "location": "Boston, MA", "sentiment": "neutral", "time": "Fri Jul 29 14:34:53 +0000 2016"}
{"polarity": 0.7, "location": "New York, NY", "sentiment": "positive", "time": "Fri Jul 29 14:34:58 +0000 2016"}
{"polarity": 0.0, "location": "New York, NY", "sentiment": "neutral", "time": "Fri Jul 29 14:05:07 +0000 2016"}
{"polarity": 0.0, "location": "New York, NY", "sentiment": "neutral", "time": "Fri Jul 29 14:05:12 +0000 2016"}
{"polarity": 1.0, "location": "Seattle, WA", "sentiment": "positive", "time": "Fri Jul 29 14:05:18 +0000 2016"}
{"polarity": 0.8, "location": "New York, NY", "sentiment": "positive", "time": "Fri Jul 29 14:05:27 +0000 2016"}
{"polarity": 0.0, "location": "New York, NY", "sentiment": "neutral", "time": "Fri Jul 29 14:05:32 +0000 2016"}
{"polarity": 0.375, "location": "New York, NY", "sentiment": "positive", "time": "Fri Jul 29 14:05:54 +0000 2016"}
{"polarity": -0.16666666666666666, "location": "Atlanta, GA", "sentiment": "negative", "time": "Fri Jul 29 14:11:00 +0000 2016"}
{"polarity": -0.2, "location": "Seattle, WA", "sentiment": "negative", "time": "Fri Jul 29 14:11:00 +0000 2016"}
{"polarity": 0.0, "location": "Orlando, FL", "sentiment": "neutral", "time": "Fri Jul 29 14:11:07 +0000 2016"}
{"polarity": 0.0, "location": "New York, NY", "sentiment": "neutral", "time": "Fri Jul 29 14:11:19 +0000 2016"}
{"polarity": 0.0, "location": "Orlando, FL", "sentiment": "neutral", "time": "Fri Jul 29 14:11:21 +0000 2016"}
{"polarity": -0.2333333333333333, "location": "Orlando, FL", "sentiment": "negative", "time": "Fri Jul 29 14:11:22 +0000 2016"}
{"polarity": -0.6, "location": "Atlanta, GA", "sentiment": "negative", "time": "Fri Jul 29 14:11:29 +0000 2016"}
{"polarity": 0.0, "location": "San Diego, CA", "sentiment": "neutral", "time": "Fri Jul 29 14:11:31 +0000 2016"}
{"polarity": 0.0, "location": "Seattle, WA", "sentiment": "neutral", "time": "Fri Jul 29 14:11:38 +0000 2016"}
{"polarity": -0.2, "location": "New York, NY", "sentiment": "negative", "time": "Fri Jul 29 14:11:43 +0000 2016"}
{"polarity": 0.15, "location": "New York, NY", "sentiment": "positive", "time": "Fri Jul 29 14:11:47 +0000 2016"}
{"polarity": 0.0, "location": "Atlanta, GA", "sentiment": "neutral", "time": "Fri Jul 29 14:56:07 +0000 2016"}
{"polarity": 0.0, "location": "Orlando, FL", "sentiment": "neutral", "time": "Fri Jul 29 14:56:10 +0000 2016"}
{"polarity": 0.0, "location": "New York, NY", "sentiment": "neutral", "time": "Fri Jul 29 14:56:12 +0000 2016"}
{"polarity": 0.3666666666666667, "location": "Boston, MA", "sentiment": "positive", "time": "Fri Jul 29 14:56:16 +0000 2016"}
{"polarity": 0.0, "location": "Portland, OR", "sentiment": "neutral", "time": "Fri Jul 29 14:56:23 +0000 2016"}
{"polarity": 0.0, "location": "San Diego, CA", "sentiment": "neutral", "time": "Fri Jul 29 14:56:48 +0000 2016"}
{"polarity": 0.0, "location": "Phoenix, AZ", "sentiment": "neutral", "time": "Fri Jul 29 14:56:55 +0000 2016"}
{"polarity": 0.0, "location": "Orlando, FL", "sentiment": "neutral", "time": "Fri Jul 29 14:47:00 +0000 2016"}
{"polarity": 0.0, "location": "New York, NY", "sentiment": "neutral", "time": "Fri Jul 29 14:47:03 +0000 2016"}
{"polarity": -0.7875, "location": "New York, NY", "sentiment": "negative", "time": "Fri Jul 29 14:47:09 +0000 2016"}
{"polarity": 0.0, "location": "New York, NY", "sentiment": "neutral", "time": "Fri Jul 29 14:47:19 +0000 2016"}
{"polarity": 0.0, "location": "Boston, MA", "sentiment": "neutral", "time": "Fri Jul 29 14:47:20 +0000 2016"}
{"polarity": 0.6, "location": "Boston, MA", "sentiment": "positive", "time": "Fri Jul 29 14:47:21 +0000 2016"}
{"polarity": 0.0, "location": "Seattle, WA", "sentiment": "neutral", "time": "Fri Jul 29 14:47:23 +0000 2016"}
{"polarity": 0.0, "location": "Portland, OR", "sentiment": "neutral", "time": "Fri Jul 29 14:47:26 +0000 2016"}
{"polarity": -0.2, "location": "San Diego, CA", "sentiment": "negative", "time": "Fri Jul 29 14:47:31 +0000 2016"}
{"polarity": 0.875, "location": "New York, NY", "sentiment": "positive", "time": "Fri Jul 29 14:47:39 +0000 2016"}
{"polarity": 0.0, "location": "Atlanta, GA", "sentiment": "neutral", "time": "Fri Jul 29 14:47:39 +0000 2016"}
{"polarity": 0.0, "location": "Portland, OR", "sentiment": "neutral", "time": "Fri Jul 29 14:52:12 +0000 2016"}
{"polarity": 0.0, "location": "Seattle, WA", "sentiment": "neutral", "time": "Fri Jul 29 14:52:22 +0000 2016"}
{"polarity": 0.0, "location": "New York, NY", "sentiment": "neutral", "time": "Fri Jul 29 14:52:23 +0000 2016"}
{"polarity": 0.0, "location": "Atlanta, GA", "sentiment": "neutral", "time": "Fri Jul 29 14:52:24 +0000 2016"}
{"polarity": 0.0, "location": "New York, NY", "sentiment": "neutral", "time": "Fri Jul 29 14:52:34 +0000 2016"}
{"polarity": 0.0, "location": "Seattle, WA", "sentiment": "neutral", "time": "Fri Jul 29 14:52:37 +0000 2016"}
{"polarity": 0.0, "location": "San Diego, CA", "sentiment": "neutral", "time": "Fri Jul 29 14:52:47 +0000 2016"}
{"polarity": 0.0, "location": "New York, NY", "sentiment": "neutral", "time": "Fri Jul 29 14:52:50 +0000 2016"}
{"polarity": -0.6, "location": "Orlando, FL", "sentiment": "negative", "time": "Fri Jul 29 14:52:55 +0000 2016"}
{"polarity": 0.0, "location": "Orlando, FL", "sentiment": "neutral", "time": "Fri Jul 29 14:53:06 +0000 2016"}
{"polarity": 0.0, "location": "Phoenix, AZ", "sentiment": "neutral", "time": "Fri Jul 29 14:53:15 +0000 2016"}
{"polarity": -0.30000000000000004, "location": "Boston, MA", "sentiment": "negative", "time": "Fri Jul 29 14:53:17 +0000 2016"}
{"polarity": -0.41666666666666663, "location": "Boston, MA", "sentiment": "negative", "time": "Fri Jul 29 14:53:23 +0000 2016"}
{"polarity": -0.16666666666666666, "location": "New York, NY", "sentiment": "negative", "time": "Fri Jul 29 14:53:24 +0000 2016"}
{"polarity": 0.08333333333333333, "location": "New York, NY", "sentiment": "positive", "time": "Fri Jul 29 14:53:35 +0000 2016"}
{"polarity": 0.21428571428571427, "location": "New York, NY", "sentiment": "positive", "time": "Fri Jul 29 14:53:37 +0000 2016"}
{"polarity": 0.0, "location": "Phoenix, AZ", "sentiment": "neutral", "time": "Fri Jul 29 14:53:38 +0000 2016"}
{"polarity": 0.0, "location": "Atlanta, GA", "sentiment": "neutral", "time": "Fri Jul 29 14:53:42 +0000 2016"}
{"polarity": 1.0, "location": "Atlanta, GA", "sentiment": "positive", "time": "Fri Jul 29 14:53:42 +0000 2016"}
{"polarity": 0.12, "location": "New York, NY", "sentiment": "positive", "time": "Fri Jul 29 14:53:44 +0000 2016"}
{"polarity": -0.5, "location": "Seattle, WA", "sentiment": "negative", "time": "Fri Jul 29 14:53:52 +0000 2016"}
{"polarity": 0.0, "location": "Seattle, WA", "sentiment": "neutral", "time": "Fri Jul 29 14:02:00 +0000 2016"}
{"polarity": 0.0, "location": "Phoenix, AZ", "sentiment": "neutral", "time": "Fri Jul 29 14:02:07 +0000 2016"}
{"polarity": -0.08333333333333333, "location": "New York, NY", "sentiment": "negative", "time": "Fri Jul 29 14:02:17 +0000 2016"}
{"polarity": 0.0, "location": "Atlanta, GA", "sentiment": "neutral", "time": "Fri Jul 29 14:02:23 +0000 2016"}
{"polarity": 0.0, "location": "Atlanta, GA", "sentiment": "neutral", "time": "Fri Jul 29 14:02:26 +0000 2016"}
{"polarity": 0.39285714285714285, "location": "New York, NY", "sentiment": "positive", "time": "Fri Jul 29 14:02:31 +0000 2016"}
{"polarity": 0.1875, "location": "New York, NY", "sentiment": "positive", "time": "Fri Jul 29 14:02:36 +0000 2016"}
{"polarity": 0.0, "location": "Boston, MA", "sentiment": "neutral", "time": "Fri Jul 29 14:02:38 +0000 2016"}
{"polarity": 0.42857142857142855, "location": "Atlanta, GA", "sentiment": "positive", "time": "Fri Jul 29 14:02:43 +0000 2016"}
{"polarity": 0.3215909090909091, "location": "San Diego, CA", "sentiment": "positive", "time": "Fri Jul 29 14:02:43 +0000 2016"}
{"polarity": 0.0, "location": "Boston, MA", "sentiment": "neutral", "time": "Fri Jul 29 14:02:57 +0000 2016"}
{"polarity": 0.0, "location": "San Diego, CA", "sentiment": "neutral", "time": "Fri Jul 29 14:02:57 +0000 2016"}
{"polarity": -0.03571428571428571, "location": "Portland, OR", "sentiment": "negative", "time": "Fri Jul 29 14:48:00 +0000 2016"}
{"polarity": 0.20714285714285713, "location": "Boston, MA", "sentiment": "positive", "time": "Fri Jul 29 14:48:00 +0000 2016"}
{"polarity": 0.0, "location": "Phoenix, AZ", "sentiment": "neutral", "time": "Fri Jul 29 14:48:05 +0000 2016"}
{"polarity": -0.16666666666666666, "location": "Boston, MA", "sentiment": "negative", "time": "Fri Jul 29 14:48:09 +0000 2016"}
{"polarity": 0.0, "location": "Portland, OR", "sentiment": "neutral", "time": "Fri Jul 29 14:48:10 +0000 2016"}
{"polarity": 0.625, "location": "Portland, OR", "sentiment": "positive", "time": "Fri Jul 29 14:48:19 +0000 2016"}
{"polarity": 0.0, "location": "Atlanta, GA", "sentiment": "neutral", "time": "Fri Jul 29 14:48:22 +0000 2016"}
{"polarity": 0.5, "location": "Boston, MA", "sentiment": "positive", "time": "Fri Jul 29 14:48:22 +0000 2016"}
{"polarity": 0.25, "location": "Phoenix, AZ", "sentiment": "positive", "time": "Fri Jul 29 14:48:23 +0000 2016"}
{"polarity": 0.2375, "location": "Seattle, WA", "sentiment": "positive", "time": "Fri Jul 29 14:48:23 +0000 2016"}
{"polarity": 0.1666666666666667, "location": "San Diego, CA", "sentiment": "positive", "time": "Fri Jul 29 14:48:26 +0000 2016"}
{"polarity": 0.0, "location": "Boston, MA", "sentiment": "neutral", "time": "Fri Jul 29 14:48:29 +0000 2016"}
{"polarity": 0.0, "location": "Seattle, WA", "sentiment": "neutral", "time": "Fri Jul 29 14:48:36 +0000 2016"}
{"polarity": 0.0, "location": "Atlanta, GA", "sentiment": "neutral", "time": "Fri Jul 29 14:48:41 +0000 2016"}
{"polarity": 0.55, "location": "Orlando, FL", "sentiment": "positive", "time": "Fri Jul 29 14:48:53 +0000 2016"}
{"polarity": 0.0, "location": "Portland, OR", "sentiment": "neutral", "time": "Fri Jul 29 14:48:54 +0000 2016"}
{"polarity": 0.0, "location": "Atlanta, GA", "sentiment": "neutral", "time": "Fri Jul 29 14:48:59 +0000 2016"}
{"polarity": 0.26, "location": "Seattle, WA", "sentiment": "positive", "time": "Fri Jul 29 14:48:59 +0000 2016"}
{"polarity": 0.0, "location": "San Diego, CA", "sentiment": "neutral", "time": "Fri Jul 29 14:25:07 +0000 2016"}
{"polarity": 0.5, "location": "New York, NY", "sentiment": "positive", "time": "Fri Jul 29 14:25:09 +0000 2016"}
{"polarity": 0.0, "location": "New York, NY", "sentiment": "neutral", "time": "Fri Jul 29 14:25:14 +0000 2016"}
{"polarity": 0.4, "location": "Boston, MA", "sentiment": "positive", "time": "Fri Jul 29 14:25:26 +0000 2016"}
{"polarity": 0.1, "location": "New York, NY", "sentiment": "positive", "time": "Fri Jul 29 14:25:26 +0000 2016"}
{"polarity": 0.0, "location": "New York, NY", "sentiment": "neutral", "time": "Fri Jul 29 14:25:29 +0000 2016"}
{"polarity": 0.0, "location": "Atlanta, GA", "sentiment": "neutral", "time": "Fri Jul 29 14:25:37 +0000 2016"}
{"polarity": 0.3333333333333333, "location": "New York, NY", "sentiment": "positive", "time": "Fri Jul 29 14:16:03 +0000 2016"}
{"polarity": 0.0, "location": "Atlanta, GA", "sentiment": "neutral", "time": "Fri Jul 29 14:16:07 +0000 2016"}
{"polarity": 0.0, "location": "New York, NY", "sentiment": "neutral", "time": "Fri Jul 29 14:16:13 +0000 2016"}
{"polarity": 0.0, "location": "Atlanta, GA", "sentiment": "neutral", "time": "Fri Jul 29 14:16:16 +0000 2016"}
{"polarity": -0.16666666666666666, "location": "Portland, OR", "sentiment": "negative", "time": "Fri Jul 29 14:16:23 +0000 2016"}
{"polarity": 0.25, "location": "New York, NY", "sentiment": "positive", "time": "Fri Jul 29 14:16:29 +0000 2016"}
{"polarity": 0.5208333333333333, "location": "New York, NY", "sentiment": "positive", "time": "Fri Jul 29 14:16:36 +0000 2016"}
{"polarity": 0.0, "location": "Atlanta, GA", "sentiment": "neutral", "time": "Fri Jul 29 14:16:46 +0000 2016"}
{"polarity": 0.0, "location": "New York, NY", "sentiment": "neutral", "time": "Fri Jul 29 14:16:55 +0000 2016"}
{"polarity": 0.0, "location": "Portland, OR", "sentiment": "neutral", "time": "Fri Jul 29 14:14:08 +0000 2016"}
{"polarity": 0.0, "location": "New York, NY", "sentiment": "neutral", "time": "Fri Jul 29 14:14:26 +0000 2016"}
{"polarity": -0.1, "location": "New York, NY", "sentiment": "negative", "time": "Fri Jul 29 14:14:32 +0000 2016"}
{"polarity": 0.0, "location": "New York, NY", "sentiment": "neutral", "time": "Fri Jul 29 14:14:32 +0000 2016"}
{"polarity": 0.3333333333333333, "location": "Orlando, FL", "sentiment": "positive", "time": "Fri Jul 29 14:14:35 +0000 2016"}
{"polarity": -0.11249999999999999, "location": "New York, NY", "sentiment": "negative", "time": "Fri Jul 29 14:14:35 +0000 2016"}
{"polarity": -0.375, "location": "San Diego, CA", "sentiment": "negative", "time": "Fri Jul 29 14:14:36 +0000 2016"}
{"polarity": 0.0, "location": "New York, NY", "sentiment": "neutral", "time": "Fri Jul 29 14:14:38 +0000 2016"}
{"polarity": -0.4, "location": "Atlanta, GA", "sentiment": "negative", "time": "Fri Jul 29 14:14:46 +0000 2016"}
{"polarity": 0.0, "location": "Atlanta, GA", "sentiment": "neutral", "time": "Fri Jul 29 14:14:51 +0000 2016"}
{"polarity": 0.9375, "location": "New York, NY", "sentiment": "positive", "time": "Fri Jul 29 14:14:55 +0000 2016"}
{"polarity": 0.0, "location": "Boston, MA", "sentiment": "neutral", "time": "Fri Jul 29 14:23:02 +0000 2016"}
{"polarity": 0.0, "location": "New York, NY", "sentiment": "neutral", "time": "Fri Jul 29 14:23:03 +0000 2016"}
{"polarity": 0.0, "location": "New York, NY", "sentiment": "neutral", "time": "Fri Jul 29 14:23:04 +0000 2016"}
{"polarity": 0.0, "location": "Atlanta, GA", "sentiment": "neutral", "time": "Fri Jul 29 14:23:04 +0000 2016"}
{"polarity": 5.551115123125783e-17, "location": "San Diego, CA", "sentiment": "positive", "time": "Fri Jul 29 14:23:05 +0000 2016"}
{"polarity": -0.8333333333333334, "location": "Boston, MA", "sentiment": "negative", "time": "Fri Jul 29 14:23:10 +0000 2016"}
{"polarity": 0.0, "location": "New York, NY", "sentiment": "neutral", "time": "Fri Jul 29 14:23:16 +0000 2016"}
{"polarity": 0.0, "location": "Boston, MA", "sentiment": "neutral", "time": "Fri Jul 29 14:23:17 +0000 2016"}
{"polarity": 0.0, "location": "Atlanta, GA", "sentiment": "neutral", "time": "Fri Jul 29 14:23:28 +0000 2016"}
{"polarity": 0.0, "location": "San Diego, CA", "sentiment": "neutral", "time": "Fri Jul 29 14:23:30 +0000 2016"}
{"polarity": 0.13636363636363635, "location": "Phoenix, AZ", "sentiment": "positive", "time": "Fri Jul 29 14:23:41 +0000 2016"}
{"polarity": 0.0, "location": "Seattle, WA", "sentiment": "neutral", "time": "Fri Jul 29 14:23:42 +0000 2016"}
{"polarity": 0.0, "location": "Phoenix, AZ", "sentiment": "neutral", "time": "Fri Jul 29 14:07:02 +0000 2016"}
{"polarity": 0.8, "location": "Phoenix, AZ", "sentiment": "positive", "time": "Fri Jul 29 14:07:03 +0000 2016"}
{"polarity": 0.7, "location": "Boston, MA", "sentiment": "positive", "time": "Fri Jul 29 14:07:06 +0000 2016"}
{"polarity": 0.0, "location": "Atlanta, GA", "sentiment": "neutral", "time": "Fri Jul 29 14:07:24 +0000 2016"}
{"polarity": -0.4, "location": "Atlanta, GA", "sentiment": "negative", "time": "Fri Jul 29 14:07:24 +0000 2016"}
{"polarity": 0.85, "location": "New York, NY", "sentiment": "positive", "time": "Fri Jul 29 14:07:27 +0000 2016"}
{"polarity": 0.2, "location": "San Diego, CA", "sentiment": "positive", "time": "Fri Jul 29 14:07:27 +0000 2016"}
{"polarity": 0.0, "location": "Seattle, WA", "sentiment": "neutral", "time": "Fri Jul 29 14:07:31 +0000 2016"}
{"polarity": 0.5, "location": "Atlanta, GA", "sentiment": "positive", "time": "Fri Jul 29 14:07:38 +0000 2016"}
{"polarity": 0.0, "location": "Phoenix, AZ", "sentiment": "neutral", "time": "Fri Jul 29 14:07:40 +0000 2016"}
{"polarity": 0.0, "location": "Boston, MA", "sentiment": "neutral", "time": "Fri Jul 29 14:07:45 +0000 2016"}
{"polarity": 0.0, "location": "Atlanta, GA", "sentiment": "neutral", "time": "Fri Jul 29 14:51:09 +0000 2016"}
{"polarity": 0.0, "location": "Phoenix, AZ", "sentiment": "neutral", "time": "Fri Jul 29 14:51:16 +0000 2016"}
{"polarity": 0.625, "location": "San Diego, CA", "sentiment": "positive", "time": "Fri Jul 29 14:51:20 +0000 2016"}
{"polarity": 0.5, "location": "Phoenix, AZ", "sentiment": "positive", "time": "Fri Jul 29 14:51:20 +0000 2016"}
{"polarity": 0.25625, "location": "New York, NY", "sentiment": "positive", "time": "Fri Jul 29 14:51:22 +0000 2016"}
{"polarity": 0.5, "location": "San Diego, CA", "sentiment": "positive", "time": "Fri Jul 29 14:51:24 +0000 2016"}
{"polarity": 0.125, "location": "Portland, OR", "sentiment": "positive", "time": "Fri Jul 29 14:51:36 +0000 2016"}
{"polarity": 0.0, "location": "Boston, MA", "sentiment": "neutral", "time": "Fri Jul 29 14:51:41 +0000 2016"}
{"polarity": 0.2875, "location": "Boston, MA", "sentiment": "positive", "time": "Fri Jul 29 14:51:42 +0000 2016"}
{"polarity": 0.35, "location": "New York, NY", "sentiment": "positive", "time": "Fri Jul 29 14:51:46 +0000 2016"}
{"polarity": 0.0, "location": "Seattle, WA", "sentiment": "neutral", "time": "Fri Jul 29 14:51:48 +0000 2016"}
{"polarity": -0.5, "location": "Boston, MA", "sentiment": "negative", "time": "Fri Jul 29 14:51:56 +0000 2016"}
{"polarity": -0.30000000000000004, "location": "New York, NY", "sentiment": "negative", "time": "Fri Jul 29 14:51:57 +0000 2016"}
{"polarity": 0.13636363636363635, "location": "New York, NY", "sentiment": "positive", "time": "Fri Jul 29 14:51:58 +0000 2016"}
{"polarity": -0.2, "location": "Atlanta, GA", "sentiment": "negative", "time": "Fri Jul 29 14:30:02 +0000 2016"}
{"polarity": -0.012500000000000011, "location": "Phoenix, AZ", "sentiment": "negative", "time": "Fri Jul 29 14:30:03 +0000 2016"}
{"polarity": 0.0, "location": "Portland, OR", "sentiment": "neutral", "time": "Fri Jul 29 14:30:26 +0000 2016"}
{"polarity": 0.0, "location": "New York, NY", "sentiment": "neutral", "time": "Fri Jul 29 14:30:40 +0000 2016"}
{"polarity": 0.0, "location": "Phoenix, AZ", "sentiment": "neutral", "time": "Fri Jul 29 14:30:55 +0000 2016"}
{"polarity": 0.13333333333333333, "location": "Seattle, WA", "sentiment": "positive", "time": "Fri Jul 29 14:30:58 +0000 2016"}
{"polarity": 0.0, "location": "San Diego, CA", "sentiment": "neutral", "time": "Fri Jul 29 14:30:59 +0000 2016"}
{"polarity": 0.16, "location": "Portland, OR", "sentiment": "positive", "time": "Fri Jul 29 14:03:14 +0000 2016"}
{"polarity": 0.18124999999999997, "location": "San Diego, CA", "sentiment": "positive", "time": "Fri Jul 29 14:03:14 +0000 2016"}
{"polarity": 0.0, "location": "New York, NY", "sentiment": "neutral", "time": "Fri Jul 29 14:03:21 +0000 2016"}
{"polarity": 0.0, "location": "Atlanta, GA", "sentiment": "neutral", "time": "Fri Jul 29 14:03:21 +0000 2016"}
{"polarity": 0.0, "location": "Phoenix, AZ", "sentiment": "neutral", "time": "Fri Jul 29 14:03:21 +0000 2016"}
{"polarity": 0.0, "location": "New York, NY", "sentiment": "neutral", "time": "Fri Jul 29 14:03:26 +0000 2016"}
{"polarity": 0.0, "location": "Boston, MA", "sentiment": "neutral", "time": "Fri Jul 29 14:03:28 +0000 2016"}
{"polarity": 0.0, "location": "Atlanta, GA", "sentiment": "neutral", "time": "Fri Jul 29 14:03:33 +0000 2016"}
{"polarity": 0.0, "location": "Boston, MA", "sentiment": "neutral", "time": "Fri Jul 29 14:03:34 +0000 2016"}
{"polarity": 0.0, "location": "Boston, MA", "sentiment": "neutral", "time": "Fri Jul 29 14:03:34 +0000 2016"}
{"polarity": 0.0, "location": "Atlanta, GA", "sentiment": "neutral", "time": "Fri Jul 29 14:03:39 +0000 2016"}
{"polarity": 0.1, "location": "Seattle, WA", "sentiment": "positive", "time": "Fri Jul 29 14:03:53 +0000 2016"}
{"polarity": 0.0, "location": "Seattle, WA", "sentiment": "neutral", "time": "Fri Jul 29 14:40:01 +0000 2016"}
{"polarity": 0.43333333333333335, "location": "Boston, MA", "sentiment": "positive", "time": "Fri Jul 29 14:40:09 +0000 2016"}
{"polarity": 0.14285714285714285, "location": "Phoenix, AZ", "sentiment": "positive", "time": "Fri Jul 29 14:40:10 +0000 2016"}
{"polarity": 0.0, "location": "Seattle, WA", "sentiment": "neutral", "time": "Fri Jul 29 14:40:13 +0000 2016"}
{"polarity": 0.0, "location": "Boston, MA", "sentiment": "neutral", "time": "Fri Jul 29 14:40:18 +0000 2016"}
{"polarity": 0.024999999999999994, "location": "San Diego, CA", "sentiment": "positive", "time": "Fri Jul 29 14:40:34 +0000 2016"}
{"polarity": 0.0, "location": "Orlando, FL", "sentiment": "neutral", "time": "Fri Jul 29 14:40:40 +0000 2016"}
{"polarity": 0.0, "location": "Atlanta, GA", "sentiment": "neutral", "time": "Fri Jul 29 14:40:43 +0000 2016"}
{"polarity": 0.08333333333333333, "location": "Atlanta, GA", "sentiment": "positive", "time": "Fri Jul 29 14:40:43 +0000 2016"}
{"polarity": 0.4375, "location": "Boston, MA", "sentiment": "positive", "time": "Fri Jul 29 14:40:48 +0000 2016"}
{"polarity": 0.0, "location": "Portland, OR", "sentiment": "neutral", "time": "Fri Jul 29 14:08:00 +0000 2016"}
{"polarity": 0.13636363636363635, "location": "Phoenix, AZ", "sentiment": "positive", "time": "Fri Jul 29 14:08:02 +0000 2016"}
{"polarity": 0.4375, "location": "Atlanta, GA", "sentiment": "positive", "time": "Fri Jul 29 14:08:09 +0000 2016"}
{"polarity": 0.2, "location": "San Diego, CA", "sentiment": "positive", "time": "Fri Jul 29 14:08:10 +0000 2016"}
{"polarity": 0.0, "location": "New York, NY", "sentiment": "neutral", "time": "Fri Jul 29 14:08:16 +0000 2016"}
{"polarity": -0.3, "location": "New York, NY", "sentiment": "negative", "time": "Fri Jul 29 14:08:28 +0000 2016"}
{"polarity": -0.05, "location": "Boston, MA", "sentiment": "negative", "time": "Fri Jul 29 14:08:33 +0000 2016"}
{"polarity": 0.0, "location": "Atlanta, GA", "sentiment": "neutral", "time": "Fri Jul 29 14:08:40 +0000 2016"}
{"polarity": 1.0, "location": "New York, NY", "sentiment": "positive", "time": "Fri Jul 29 14:08:41 +0000 2016"}
{"polarity": 0.0, "location": "San Diego, CA", "sentiment": "neutral", "time": "Fri Jul 29 14:08:50 +0000 2016"}
{"polarity": 0.0, "location": "Atlanta, GA", "sentiment": "neutral", "time": "Fri Jul 29 14:35:04 +0000 2016"}
{"polarity": -0.375, "location": "Seattle, WA", "sentiment": "negative", "time": "Fri Jul 29 14:35:14 +0000 2016"}
{"polarity": -0.4, "location": "Phoenix, AZ", "sentiment": "negative", "time": "Fri Jul 29 14:35:19 +0000 2016"}
{"polarity": -0.4, "location": "New York, NY", "sentiment": "negative", "time": "Fri Jul 29 14:35:30 +0000 2016"}
{"polarity": 0.25, "location": "Atlanta, GA", "sentiment": "positive", "time": "Fri Jul 29 14:35:51 +0000 2016"}
{"polarity": 0.0, "location": "Orlando, FL", "sentiment": "neutral", "time": "Fri Jul 29 14:43:08 +0000 2016"}
{"polarity": 0.0, "location": "Atlanta, GA", "sentiment": "neutral", "time": "Fri Jul 29 14:43:11 +0000 2016"}
{"polarity": 0.0, "location": "New York, NY", "sentiment": "neutral", "time": "Fri Jul 29 14:43:16 +0000 2016"}
{"polarity": 0.0, "location": "Atlanta, GA", "sentiment": "neutral", "time": "Fri Jul 29 14:43:18 +0000 2016"}
{"polarity": 0.3125, "location": "Phoenix, AZ", "sentiment": "positive", "time": "Fri Jul 29 14:43:25 +0000 2016"}
{"polarity": 0.0, "location": "New York, NY", "sentiment": "neutral", "time": "Fri Jul 29 14:43:27 +0000 2016"}
{"polarity": 0.5, "location": "Phoenix, AZ", "sentiment": "positive", "time": "Fri Jul 29 14:43:28 +0000 2016"}
{"polarity": 0.0, "location": "Orlando, FL", "sentiment": "neutral", "time": "Fri Jul 29 14:43:31 +0000 2016"}
{"polarity": 0.0, "location": "Phoenix, AZ", "sentiment": "neutral", "time": "Fri Jul 29 14:43:37 +0000 2016"}
{"polarity": 0.0, "location": "Atlanta, GA", "sentiment": "neutral", "time": "Fri Jul 29 14:10:01 +0000 2016"}
{"polarity": 0.0, "location": "San Diego, CA", "sentiment": "neutral", "time": "Fri Jul 29 14:10:04 +0000 2016"}
{"polarity": 0.0, "location": "Phoenix, AZ", "sentiment": "neutral", "time": "Fri Jul 29 14:10:17 +0000 2016"}
{"polarity": 0.0, "location": "Atlanta, GA", "sentiment": "neutral", "time": "Fri Jul 29 14:10:18 +0000 2016"}
{"polarity": -0.5, "location": "San Diego, CA", "sentiment": "negative", "time": "Fri Jul 29 14:10:28 +0000 2016"}
{"polarity": 0.0, "location": "Atlanta, GA", "sentiment": "neutral", "time": "Fri Jul 29 14:10:30 +0000 2016"}
{"polarity": 0.25, "location": "Atlanta, GA", "sentiment": "positive", "time": "Fri Jul 29 14:10:32 +0000 2016"}
{"polarity": 0.0, "location": "Seattle, WA", "sentiment": "neutral", "time": "Fri Jul 29 14:10:37 +0000 2016"}
{"polarity": 0.0, "location": "New York, NY", "sentiment": "neutral", "time": "Fri Jul 29 14:10:48 +0000 2016"}
{"polarity": 0.0, "location": "Orlando, FL", "sentiment": "neutral", "time": "Fri Jul 29 14:10:48 +0000 2016"}
{"polarity": 0.25, "location": "Atlanta, GA", "sentiment": "positive", "time": "Fri Jul 29 14:10:59 +0000 2016"}
{"polarity": 0.0, "location": "New York, NY", "sentiment": "neutral", "time": "Fri Jul 29 14:54:01 +0000 2016"}
{"polarity": 0.0, "location": "Atlanta, GA", "sentiment": "neutral", "time": "Fri Jul 29 14:54:02 +0000 2016"}
{"polarity": 0.0, "location": "Orlando, FL", "sentiment": "neutral", "time": "Fri Jul 29 14:54:12 +0000 2016"}
{"polarity": 0.0, "location": "New York, NY", "sentiment": "neutral", "time": "Fri Jul 29 14:54:20 +0000 2016"}
{"polarity": 0.0, "location": "New York, NY", "sentiment": "neutral", "time": "Fri Jul 29 14:54:22 +0000 2016"}
{"polarity": 0.17045454545454544, "location": "San Diego, CA", "sentiment": "positive", "time": "Fri Jul 29 14:54:31 +0000 2016"}
{"polarity": 0.5, "location": "New York, NY", "sentiment": "positive", "time": "Fri Jul 29 14:54:32 +0000 2016"}
{"polarity": 0.0, "location": "Boston, MA", "sentiment": "neutral", "time": "Fri Jul 29 14:54:47 +0000 2016"}
{"polarity": 0.0, "location": "Seattle, WA", "sentiment": "neutral", "time": "Fri Jul 29 14:54:58 +0000 2016"}
{"polarity": 0.0, "location": "San Diego, CA", "sentiment": "neutral", "time": "Fri Jul 29 14:24:06 +0000 2016"}
{"polarity": 0.0, "location": "New York, NY", "sentiment": "neutral", "time": "Fri Jul 29 14:24:14 +0000 2016"}
{"polarity": -0.4, "location": "San Diego, CA", "sentiment": "negative", "time": "Fri Jul 29 14:24:22 +0000 2016"}
{"polarity": 0.25, "location": "Boston, MA", "sentiment": "positive", "time": "Fri Jul 29 14:24:25 +0000 2016"}
{"polarity": 0.0, "location": "Orlando, FL", "sentiment": "neutral", "time": "Fri Jul 29 14:24:26 +0000 2016"}
{"polarity": 0.0, "location": "Portland, OR", "sentiment": "neutral", "time": "Fri Jul 29 14:24:26 +0000 2016"}
{"polarity": 0.0, "location": "Phoenix, AZ", "sentiment": "neutral", "time": "Fri Jul 29 14:24:32 +0000 2016"}
{"polarity": 0.6, "location": "New York, NY", "sentiment": "positive", "time": "Fri Jul 29 14:24:37 +0000 2016"}
{"polarity": 0.0, "location": "New York, NY", "sentiment": "neutral", "time": "Fri Jul 29 14:24:53 +0000 2016"}
{"polarity": 0.25, "location": "Atlanta, GA", "sentiment": "positive", "time": "Fri Jul 29 14:32:00 +0000 2016"}
{"polarity": -0.041666666666666664, "location": "Atlanta, GA", "sentiment": "negative", "time": "Fri Jul 29 14:32:02 +0000 2016"}
{"polarity": 1.0, "location": "Seattle, WA", "sentiment": "positive", "time": "Fri Jul 29 14:32:07 +0000 2016"}
{"polarity": 0.13636363636363635, "location": "Phoenix, AZ", "sentiment": "positive", "time": "Fri Jul 29 14:32:08 +0000 2016"}
{"polarity": 0.0, "location": "Atlanta, GA", "sentiment": "neutral", "time": "Fri Jul 29 14:32:16 +0000 2016"}
{"polarity": 0.0, "location": "San Diego, CA", "sentiment": "neutral", "time": "Fri Jul 29 14:32:37 +0000 2016"}
{"polarity": 0.0, "location": "Orlando, FL", "sentiment": "neutral", "time": "Fri Jul 29 14:32:49 +0000 2016"}
{"polarity": -0.05, "location": "Seattle, WA", "sentiment": "negative", "time": "Fri Jul 29 14:32:49 +0000 2016"}
{"polarity": 0.0, "location": "San Diego, CA", "sentiment": "neutral", "time": "Fri Jul 29 14:32:51 +0000 2016"}
{"polarity": 0.06818181818181818, "location": "New York, NY", "sentiment": "positive", "time": "Fri Jul 29 14:32:51 +0000 2016"}
{"polarity": 0.5, "location": "San Diego, CA", "sentiment": "positive", "time": "Fri Jul 29 14:36:04 +0000 2016"}
{"polarity": 0.0, "location": "Atlanta, GA", "sentiment": "neutral", "time": "Fri Jul 29 14:36:09 +0000 2016"}
{"polarity": 0.16666666666666666, "location": "Seattle, WA", "sentiment": "positive", "time": "Fri Jul 29 14:36:19 +0000 2016"}
{"polarity": 0.3333333333333333, "location": "New York, NY", "sentiment": "positive", "time": "Fri Jul 29 14:36:23 +0000 2016"}
{"polarity": 0.8, "location": "Phoenix, AZ", "sentiment": "positive", "time": "Fri Jul 29 14:36:25 +0000 2016"}
{"polarity": 1.0, "location": "New York, NY", "sentiment": "positive", "time": "Fri Jul 29 14:36:31 +0000 2016"}
{"polarity": 0.25, "location": "Atlanta, GA", "sentiment": "positive", "time": "Fri Jul 29 14:36:34 +0000 2016"}
{"polarity": 0.17045454545454544, "location": "Portland, OR", "sentiment": "positive", "time": "Fri Jul 29 14:36:35 +0000 2016"}
{"polarity": 0.0, "location": "Phoenix, AZ", "sentiment": "neutral", "time": "Fri Jul 29 14:36:36 +0000 2016"}
{"polarity": -0.008333333333333333, "location": "Phoenix, AZ", "sentiment": "negative", "time": "Fri Jul 29 14:01:00 +0000 2016"}
{"polarity": 0.0, "location": "Seattle, WA", "sentiment": "neutral", "time": "Fri Jul 29 14:01:02 +0000 2016"}
{"polarity": 0.8, "location": "New York, NY", "sentiment": "positive", "time": "Fri Jul 29 14:01:03 +0000 2016"}
{"polarity": -0.015151515151515152, "location": "Phoenix, AZ", "sentiment": "negative", "time": "Fri Jul 29 14:01:08 +0000 2016"}
{"polarity": 0.0, "location": "Atlanta, GA", "sentiment": "neutral", "time": "Fri Jul 29 14:01:10 +0000 2016"}
{"polarity": 0.16, "location": "Atlanta, GA", "sentiment": "positive", "time": "Fri Jul 29 14:01:10 +0000 2016"}
{"polarity": 0.0, "location": "Boston, MA", "sentiment": "neutral", "time": "Fri Jul 29 14:01:14 +0000 2016"}
{"polarity": 0.0, "location": "Boston, MA", "sentiment": "neutral", "time": "Fri Jul 29 14:01:19 +0000 2016"}
{"polarity": 0.8, "location": "Boston, MA", "sentiment": "positive", "time": "Fri Jul 29 14:01:20 +0000 2016"}
{"polarity": 0.0, "location": "New York, NY", "sentiment": "neutral", "time": "Fri Jul 29 14:01:34 +0000 2016"}
{"polarity": 0.5, "location": "Portland, OR", "sentiment": "positive", "time": "Fri Jul 29 14:01:42 +0000 2016"}
{"polarity": 0.0, "location": "Orlando, FL", "sentiment": "neutral", "time": "Fri Jul 29 14:01:43 +0000 2016"}
{"polarity": 0.0, "location": "Orlando, FL", "sentiment": "neutral", "time": "Fri Jul 29 14:01:44 +0000 2016"}
{"polarity": 0.0, "location": "Atlanta, GA", "sentiment": "neutral", "time": "Fri Jul 29 14:01:56 +0000 2016"}
{"polarity": 0.0, "location": "Phoenix, AZ", "sentiment": "neutral", "time": "Fri Jul 29 14:55:03 +0000 2016"}
{"polarity": 0.0, "location": "New York, NY", "sentiment": "neutral", "time": "Fri Jul 29 14:55:03 +0000 2016"}
{"polarity": 0.375, "location": "Seattle, WA", "sentiment": "positive", "time": "Fri Jul 29 14:55:05 +0000 2016"}
{"polarity": 0.2, "location": "Boston, MA", "sentiment": "positive", "time": "Fri Jul 29 14:55:07 +0000 2016"}
{"polarity": 0.6, "location": "Atlanta, GA", "sentiment": "positive", "time": "Fri Jul 29 14:55:17 +0000 2016"}
{"polarity": 0.0, "location": "Boston, MA", "sentiment": "neutral", "time": "Fri Jul 29 14:55:21 +0000 2016"}
{"polarity": 0.3214285714285714, "location": "New York, NY", "sentiment": "positive", "time": "Fri Jul 29 14:55:21 +0000 2016"}
{"polarity": 0.07671428571428571, "location": "Orlando, FL", "sentiment": "positive", "time": "Fri Jul 29 14:55:30 +0000 2016"}
{"polarity": -0.5, "location": "Atlanta, GA", "sentiment": "negative", "time": "Fri Jul 29 14:55:32 +0000 2016"}
{"polarity": 0.875, "location": "Seattle, WA", "sentiment": "positive", "time": "Fri Jul 29 14:55:33 +0000 2016"}
{"polarity": 0.0, "location": "New York, NY", "sentiment": "neutral", "time": "Fri Jul 29 14:55:36 +0000 2016"}
{"polarity": 0.5, "location": "Seattle, WA", "sentiment": "positive", "time": "Fri Jul 29 14:55:42 +0000 2016"}
{"polarity": -0.16666666666666666, "location": "Atlanta, GA", "sentiment": "negative", "time": "Fri Jul 29 14:55:44 +0000 2016"}
{"polarity": 0.0, "location": "New York, NY", "sentiment": "neutral", "time": "Fri Jul 29 14:55:49 +0000 2016"}
{"polarity": 0.0, "location": "New York, NY", "sentiment": "neutral", "time": "Fri Jul 29 14:55:53 +0000 2016"}
{"polarity": 0.13636363636363635, "location": "Boston, MA", "sentiment": "positive", "time": "Fri Jul 29 14:55:54 +0000 2016"}
