{"polarity": 0.0, "location": "New York, NY", "sentiment": "neutral", "time": "Fri Jul 29 08:48:51 +0000 2016"}
{"polarity": 0.0, "location": "New York, NY", "sentiment": "neutral", "time": "Fri Jul 29 08:48:55 +0000 2016"}
{"polarity": 0.4166666666666667, "location": "Atlanta, GA", "sentiment": "positive", "time": "Fri Jul 29 08:25:09 +0000 2016"}
{"polarity": 0.0, "location": "New York, NY", "sentiment": "neutral", "time": "Fri Jul 29 08:25:14 +0000 2016"}
{"polarity": 1.0, "location": "San Diego, CA", "sentiment": "positive", "time": "Fri Jul 29 08:25:35 +0000 2016"}
{"polarity": -0.003855519480519487, "location": "Seattle, WA", "sentiment": "negative", "time": "Fri Jul 29 08:25:43 +0000 2016"}
{"polarity": 0.375, "location": "Phoenix, AZ", "sentiment": "positive", "time": "Fri Jul 29 08:25:54 +0000 2016"}
{"polarity": -0.125, "location": "Phoenix, AZ", "sentiment": "negative", "time": "Fri Jul 29 08:25:56 +0000 2016"}
{"polarity": 0.0, "location": "Seattle, WA", "sentiment": "neutral", "time": "Fri Jul 29 08:25:58 +0000 2016"}
{"polarity": 0.0, "location": "Boston, MA", "sentiment": "neutral", "time": "Fri Jul 29 08:16:08 +0000 2016"}
{"polarity": 0.0, "location": "Portland, OR", "sentiment": "neutral", "time": "Fri Jul 29 08:16:24 +0000 2016"}
{"polarity": 0.13636363636363635, "location": "Atlanta, GA", "sentiment": "positive", "time": "Fri Jul 29 08:16:37 +0000 2016"}
{"polarity": 0.2, "location": "New York, NY", "sentiment": "positive", "time": "Fri Jul 29 08:16:41 +0000 2016"}
{"polarity": 0.35, "location": "New York, NY", "sentiment": "positive", "time": "Fri Jul 29 08:16:58 +0000 2016"}
{"polarity": 0.0, "location": "Phoenix, AZ", "sentiment": "neutral", "time": "Fri Jul 29 08:16:59 +0000 2016"}
{"polarity": 0.0, "location": "New York, NY", "sentiment": "neutral", "time": "Fri Jul 29 08:23:11 +0000 2016"}
{"polarity": 0.0, "location": "New York, NY", "sentiment": "neutral", "time": "Fri Jul 29 08:23:15 +0000 2016"}
{"polarity": 0.0, "location": "Orlando, FL", "sentiment": "neutral", "time": "Fri Jul 29 08:23:20 +0000 2016"}
{"polarity": 0.55, "location": "San Diego, CA", "sentiment": "positive", "time": "Fri Jul 29 08:23:45 +0000 2016"}
{"polarity": 0.32499999999999996, "location": "St. Louis, MO", "sentiment": "positive", "time": "Fri Jul 29 08:23:49 +0000 2016"}
{"polarity": 0.0, "location": "San Diego, CA", "sentiment": "neutral", "time": "Fri Jul 29 08:23:49 +0000 2016"}
{"polarity": 0.0, "location": "Portland, OR", "sentiment": "neutral", "time": "Fri Jul 29 08:23:53 +0000 2016"}
{"polarity": 0.0, "location": "Atlanta, GA", "sentiment": "neutral", "time": "Fri Jul 29 08:07:06 +0000 2016"}
{"polarity": 0.5, "location": "Phoenix, AZ", "sentiment": "positive", "time": "Fri Jul 29 08:07:10 +0000 2016"}
{"polarity": 0.0, "location": "Boston, MA", "sentiment": "neutral", "time": "Fri Jul 29 08:07:14 +0000 2016"}
{"polarity": 0.0, "location": "Phoenix, AZ", "sentiment": "neutral", "time": "Fri Jul 29 08:07:17 +0000 2016"}
{"polarity": 0.33, "location": "San Diego, CA", "sentiment": "positive", "time": "Fri Jul 29 08:07:31 +0000 2016"}
{"polarity": 0.4, "location": "New York, NY", "sentiment": "positive", "time": "Fri Jul 29 08:07:55 +0000 2016"}
{"polarity": 0.0, "location": "Atlanta, GA", "sentiment": "neutral", "time": "Fri Jul 29 08:07:57 +0000 2016"}
{"polarity": -0.225, "location": "Phoenix, AZ", "sentiment": "negative", "time": "Fri Jul 29 08:51:07 +0000 2016"}
{"polarity": 0.005681818181818177, "location": "Phoenix, AZ", "sentiment": "positive", "time": "Fri Jul 29 08:51:21 +0000 2016"}
{"polarity": 0.0, "location": "New York, NY", "sentiment": "neutral", "time": "Fri Jul 29 08:51:34 +0000 2016"}
{"polarity": 0.0, "location": "Orlando, FL", "sentiment": "neutral", "time": "Fri Jul 29 08:30:05 +0000 2016"}
{"polarity": 0.8, "location": "San Diego, CA", "sentiment": "positive", "time": "Fri Jul 29 08:30:35 +0000 2016"}
{"polarity": 0.2, "location": "San Diego, CA", "sentiment": "positive", "time": "Fri Jul 29 08:03:15 +0000 2016"}
{"polarity": -0.11200000000000002, "location": "Atlanta, GA", "sentiment": "negative", "time": "Fri Jul 29 08:03:17 +0000 2016"}
{"polarity": 0.0, "location": "Phoenix, AZ", "sentiment": "neutral", "time": "Fri Jul 29 08:03:26 +0000 2016"}
{"polarity": 0.0, "location": "Orlando, FL", "sentiment": "neutral", "time": "Fri Jul 29 08:03:35 +0000 2016"}
{"polarity": 0.0, "location": "Seattle, WA", "sentiment": "neutral", "time": "Fri Jul 29 08:03:38 +0000 2016"}
{"polarity": 0.0, "location": "Boston, MA", "sentiment": "neutral", "time": "Fri Jul 29 08:03:41 +0000 2016"}
{"polarity": 0.0, "location": "Orlando, FL", "sentiment": "neutral", "time": "Fri Jul 29 08:03:55 +0000 2016"}
{"polarity": 0.0, "location": "Boston, MA", "sentiment": "neutral", "time": "Fri Jul 29 08:40:11 +0000 2016"}
{"polarity": 0.0, "location": "Seattle, WA", "sentiment": "neutral", "time": "Fri Jul 29 08:40:48 +0000 2016"}
{"polarity": 0.04166666666666666, "location": "San Diego, CA", "sentiment": "positive", "time": "Fri Jul 29 08:40:58 +0000 2016"}
{"polarity": 0.0, "location": "Phoenix, AZ", "sentiment": "neutral", "time": "Fri Jul 29 08:08:02 +0000 2016"}
{"polarity": 0.1, "location": "Phoenix, AZ", "sentiment": "positive", "time": "Fri Jul 29 08:08:03 +0000 2016"}
{"polarity": 0.0, "location": "Boston, MA", "sentiment": "neutral", "time": "Fri Jul 29 08:08:12 +0000 2016"}
{"polarity": 0.06818181818181818, "location": "San Diego, CA", "sentiment": "positive", "time": "Fri Jul 29 08:08:25 +0000 2016"}
{"polarity": 0.5, "location": "New York, NY", "sentiment": "positive", "time": "Fri Jul 29 08:08:25 +0000 2016"}
{"polarity": 0.0, "location": "Orlando, FL", "sentiment": "neutral", "time": "Fri Jul 29 08:08:43 +0000 2016"}
{"polarity": 0.08333333333333333, "location": "San Diego, CA", "sentiment": "positive", "time": "Fri Jul 29 08:08:53 +0000 2016"}
{"polarity": 0.7416666666666667, "location": "Portland, OR", "sentiment": "positive", "time": "Fri Jul 29 08:35:22 +0000 2016"}
{"polarity": 0.0, "location": "Portland, OR", "sentiment": "neutral", "time": "Fri Jul 29 08:35:27 +0000 2016"}
{"polarity": 0.0, "location": "Phoenix, AZ", "sentiment": "neutral", "time": "Fri Jul 29 08:35:29 +0000 2016"}
{"polarity": 0.0, "location": "Phoenix, AZ", "sentiment": "neutral", "time": "Fri Jul 29 08:43:37 +0000 2016"}
{"polarity": -0.2, "location": "Atlanta, GA", "sentiment": "negative", "time": "Fri Jul 29 08:43:52 +0000 2016"}
{"polarity": -0.15555555555555559, "location": "Atlanta, GA", "sentiment": "negative", "time": "Fri Jul 29 08:43:52 +0000 2016"}
{"polarity": 0.0, "location": "New York, NY", "sentiment": "neutral", "time": "Fri Jul 29 08:10:24 +0000 2016"}
{"polarity": 0.04999999999999999, "location": "Atlanta, GA", "sentiment": "positive", "time": "Fri Jul 29 08:10:29 +0000 2016"}
{"polarity": 0.0, "location": "Seattle, WA", "sentiment": "neutral", "time": "Fri Jul 29 08:10:30 +0000 2016"}
{"polarity": 0.0, "location": "Boston, MA", "sentiment": "neutral", "time": "Fri Jul 29 08:10:32 +0000 2016"}
{"polarity": 0.35, "location": "Seattle, WA", "sentiment": "positive", "time": "Fri Jul 29 08:10:40 +0000 2016"}
{"polarity": 0.0, "location": "New York, NY", "sentiment": "neutral", "time": "Fri Jul 29 08:10:43 +0000 2016"}
{"polarity": 0.0, "location": "New York, NY", "sentiment": "neutral", "time": "Fri Jul 29 08:10:54 +0000 2016"}
{"polarity": 1.0, "location": "Atlanta, GA", "sentiment": "positive", "time": "Fri Jul 29 08:10:54 +0000 2016"}
{"polarity": 0.0, "location": "Portland, OR", "sentiment": "neutral", "time": "Fri Jul 29 08:54:11 +0000 2016"}
{"polarity": 0.0, "location": "San Diego, CA", "sentiment": "neutral", "time": "Fri Jul 29 08:54:33 +0000 2016"}
{"polarity": 0.0, "location": "Orlando, FL", "sentiment": "neutral", "time": "Fri Jul 29 08:54:52 +0000 2016"}
{"polarity": 0.3, "location": "Orlando, FL", "sentiment": "positive", "time": "Fri Jul 29 08:24:00 +0000 2016"}
{"polarity": 0.0, "location": "Atlanta, GA", "sentiment": "neutral", "time": "Fri Jul 29 08:24:01 +0000 2016"}
{"polarity": 0.0, "location": "Portland, OR", "sentiment": "neutral", "time": "Fri Jul 29 08:24:02 +0000 2016"}
{"polarity": 1.0, "location": "Seattle, WA", "sentiment": "positive", "time": "Fri Jul 29 08:24:08 +0000 2016"}
{"polarity": 0.0, "location": "Phoenix, AZ", "sentiment": "neutral", "time": "Fri Jul 29 08:24:16 +0000 2016"}
{"polarity": 0.0, "location": "Atlanta, GA", "sentiment": "neutral", "time": "Fri Jul 29 08:24:17 +0000 2016"}
{"polarity": 0.0, "location": "Atlanta, GA", "sentiment": "neutral", "time": "Fri Jul 29 08:24:23 +0000 2016"}
{"polarity": 0.2, "location": "Atlanta, GA", "sentiment": "positive", "time": "Fri Jul 29 08:24:26 +0000 2016"}
{"polarity": 0.5, "location": "New York, NY", "sentiment": "positive", "time": "Fri Jul 29 08:24:39 +0000 2016"}
{"polarity": 0.0, "location": "San Diego, CA", "sentiment": "neutral", "time": "Fri Jul 29 08:24:43 +0000 2016"}
{"polarity": 0.0, "location": "New York, NY", "sentiment": "neutral", "time": "Fri Jul 29 08:32:05 +0000 2016"}
{"polarity": 0.0, "location": "Phoenix, AZ", "sentiment": "neutral", "time": "Fri Jul 29 08:32:16 +0000 2016"}
{"polarity": 0.0, "location": "Phoenix, AZ", "sentiment": "neutral", "time": "Fri Jul 29 08:32:31 +0000 2016"}
{"polarity": -0.4, "location": "Orlando, FL", "sentiment": "negative", "time": "Fri Jul 29 08:32:46 +0000 2016"}
{"polarity": 0.0, "location": "New York, NY", "sentiment": "neutral", "time": "Fri Jul 29 08:36:00 +0000 2016"}
{"polarity": 0.0, "location": "Seattle, WA", "sentiment": "neutral", "time": "Fri Jul 29 08:36:03 +0000 2016"}
{"polarity": 0.2, "location": "Seattle, WA", "sentiment": "positive", "time": "Fri Jul 29 08:36:07 +0000 2016"}
{"polarity": 0.0, "location": "Atlanta, GA", "sentiment": "neutral", "time": "Fri Jul 29 08:36:36 +0000 2016"}
{"polarity": 0.35, "location": "Atlanta, GA", "sentiment": "positive", "time": "Fri Jul 29 08:36:50 +0000 2016"}
{"polarity": -0.65, "location": "Atlanta, GA", "sentiment": "negative", "time": "Fri Jul 29 08:36:55 +0000 2016"}
{"polarity": 0.30000000000000004, "location": "New York, NY", "sentiment": "positive", "time": "Fri Jul 29 08:01:30 +0000 2016"}
{"polarity": 0.0, "location": "Phoenix, AZ", "sentiment": "neutral", "time": "Fri Jul 29 08:01:37 +0000 2016"}
{"polarity": 0.0, "location": "Orlando, FL", "sentiment": "neutral", "time": "Fri Jul 29 08:01:31 +0000 2016"}
{"polarity": 0.6, "location": "Phoenix, AZ", "sentiment": "positive", "time": "Fri Jul 29 08:01:58 +0000 2016"}
{"polarity": 0.2333333333333333, "location": "Atlanta, GA", "sentiment": "positive", "time": "Fri Jul 29 08:55:04 +0000 2016"}
{"polarity": 0.0, "location": "Phoenix, AZ", "sentiment": "neutral", "time": "Fri Jul 29 08:09:05 +0000 2016"}
{"polarity": 0.0, "location": "Atlanta, GA", "sentiment": "neutral", "time": "Fri Jul 29 08:09:21 +0000 2016"}
{"polarity": 0.0, "location": "Seattle, WA", "sentiment": "neutral", "time": "Fri Jul 29 08:09:35 +0000 2016"}
{"polarity": 0.0, "location": "San Diego, CA", "sentiment": "neutral", "time": "Fri Jul 29 08:09:52 +0000 2016"}
{"polarity": 0.0, "location": "Boston, MA", "sentiment": "neutral", "time": "Fri Jul 29 08:33:23 +0000 2016"}
{"polarity": 0.0, "location": "Atlanta, GA", "sentiment": "neutral", "time": "Fri Jul 29 08:33:55 +0000 2016"}
{"polarity": 0.25, "location": "San Diego, CA", "sentiment": "positive", "time": "Fri Jul 29 08:44:09 +0000 2016"}
{"polarity": 0.0, "location": "Seattle, WA", "sentiment": "neutral", "time": "Fri Jul 29 08:44:26 +0000 2016"}
{"polarity": 0.0, "location": "Atlanta, GA", "sentiment": "neutral", "time": "Fri Jul 29 08:44:57 +0000 2016"}
{"polarity": 0.0, "location": "Phoenix, AZ", "sentiment": "neutral", "time": "Fri Jul 29 08:28:03 +0000 2016"}
{"polarity": 0.0, "location": "Atlanta, GA", "sentiment": "neutral", "time": "Fri Jul 29 08:28:07 +0000 2016"}
{"polarity": 0.0, "location": "San Diego, CA", "sentiment": "neutral", "time": "Fri Jul 29 08:28:18 +0000 2016"}
{"polarity": -0.2, "location": "Portland, OR", "sentiment": "negative", "time": "Fri Jul 29 08:28:20 +0000 2016"}
{"polarity": 0.44642857142857145, "location": "Seattle, WA", "sentiment": "positive", "time": "Fri Jul 29 08:22:44 +0000 2016"}
{"polarity": 0.5, "location": "Seattle, WA", "sentiment": "positive", "time": "Fri Jul 29 08:49:08 +0000 2016"}
{"polarity": 0.4000000000000001, "location": "Seattle, WA", "sentiment": "positive", "time": "Fri Jul 29 08:49:14 +0000 2016"}
{"polarity": -0.03181818181818183, "location": "Phoenix, AZ", "sentiment": "negative", "time": "Fri Jul 29 08:49:43 +0000 2016"}
{"polarity": 0.0, "location": "Atlanta, GA", "sentiment": "neutral", "time": "Fri Jul 29 08:49:51 +0000 2016"}
{"polarity": 0.0, "location": "San Diego, CA", "sentiment": "neutral", "time": "Fri Jul 29 08:49:59 +0000 2016"}
{"polarity": 0.0, "location": "New York, NY", "sentiment": "neutral", "time": "Fri Jul 29 08:45:10 +0000 2016"}
{"polarity": 0.0, "location": "Seattle, WA", "sentiment": "neutral", "time": "Fri Jul 29 08:45:37 +0000 2016"}
{"polarity": 0.0, "location": "New York, NY", "sentiment": "neutral", "time": "Fri Jul 29 08:45:38 +0000 2016"}
{"polarity": 0.0, "location": "Portland, OR", "sentiment": "neutral", "time": "Fri Jul 29 08:45:41 +0000 2016"}
{"polarity": -0.2, "location": "Seattle, WA", "sentiment": "negative", "time": "Fri Jul 29 08:06:02 +0000 2016"}
{"polarity": 0.0, "location": "Phoenix, AZ", "sentiment": "neutral", "time": "Fri Jul 29 08:06:04 +0000 2016"}
{"polarity": 0.0, "location": "San Diego, CA", "sentiment": "neutral", "time": "Fri Jul 29 08:20:07 +0000 2016"}
{"polarity": -0.03181818181818183, "location": "New York, NY", "sentiment": "negative", "time": "Fri Jul 29 08:20:11 +0000 2016"}
{"polarity": 0.0, "location": "Seattle, WA", "sentiment": "neutral", "time": "Fri Jul 29 08:20:12 +0000 2016"}
{"polarity": 0.8, "location": "Phoenix, AZ", "sentiment": "positive", "time": "Fri Jul 29 08:20:15 +0000 2016"}
{"polarity": 0.0, "location": "Phoenix, AZ", "sentiment": "neutral", "time": "Fri Jul 29 08:20:34 +0000 2016"}
{"polarity": 0.9, "location": "San Diego, CA", "sentiment": "positive", "time": "Fri Jul 29 08:20:38 +0000 2016"}
{"polarity": 0.13636363636363635, "location": "Seattle, WA", "sentiment": "positive", "time": "Fri Jul 29 08:20:39 +0000 2016"}
{"polarity": 0.0, "location": "Seattle, WA", "sentiment": "neutral", "time": "Fri Jul 29 08:20:42 +0000 2016"}
{"polarity": 0.0, "location": "Phoenix, AZ", "sentiment": "neutral", "time": "Fri Jul 29 08:20:47 +0000 2016"}
{"polarity": 0.0, "location": "New York, NY", "sentiment": "neutral", "time": "Fri Jul 29 08:13:17 +0000 2016"}
{"polarity": 0.41666666666666663, "location": "Atlanta, GA", "sentiment": "positive", "time": "Fri Jul 29 08:13:33 +0000 2016"}
{"polarity": 0.0, "location": "Phoenix, AZ", "sentiment": "neutral", "time": "Fri Jul 29 08:04:21 +0000 2016"}
{"polarity": 0.0, "location": "San Diego, CA", "sentiment": "neutral", "time": "Fri Jul 29 08:04:35 +0000 2016"}
{"polarity": 0.5, "location": "Atlanta, GA", "sentiment": "positive", "time": "Fri Jul 29 15:39:00 +0000 2016"}
{"polarity": 0.0, "location": "St. Louis, MO", "sentiment": "neutral", "time": "Fri Jul 29 15:39:05 +0000 2016"}
{"polarity": 0.13636363636363635, "location": "New York, NY", "sentiment": "positive", "time": "Fri Jul 29 15:39:10 +0000 2016"}
{"polarity": 0.22727272727272727, "location": "Atlanta, GA", "sentiment": "positive", "time": "Fri Jul 29 15:39:24 +0000 2016"}
{"polarity": 0.0, "location": "New York, NY", "sentiment": "neutral", "time": "Fri Jul 29 15:39:28 +0000 2016"}
{"polarity": 0.0, "location": "Atlanta, GA", "sentiment": "neutral", "time": "Fri Jul 29 15:39:28 +0000 2016"}
{"polarity": -0.25, "location": "Boston, MA", "sentiment": "negative", "time": "Fri Jul 29 15:39:32 +0000 2016"}
{"polarity": 0.0, "location": "New York, NY", "sentiment": "neutral", "time": "Fri Jul 29 15:39:33 +0000 2016"}
{"polarity": 0.0, "location": "Portland, OR", "sentiment": "neutral", "time": "Fri Jul 29 15:39:34 +0000 2016"}
{"polarity": 0.1, "location": "New York, NY", "sentiment": "positive", "time": "Fri Jul 29 15:39:40 +0000 2016"}
{"polarity": 0.0, "location": "Phoenix, AZ", "sentiment": "neutral", "time": "Fri Jul 29 15:39:42 +0000 2016"}
{"polarity": 0.5, "location": "Boston, MA", "sentiment": "positive", "time": "Fri Jul 29 15:39:55 +0000 2016"}
{"polarity": 0.6000000000000001, "location": "New York, NY", "sentiment": "positive", "time": "Fri Jul 29 15:39:55 +0000 2016"}
{"polarity": 0.1, "location": "Orlando, FL", "sentiment": "positive", "time": "Fri Jul 29 15:39:56 +0000 2016"}
{"polarity": 0.4, "location": "Atlanta, GA", "sentiment": "positive", "time": "Fri Jul 29 15:59:02 +0000 2016"}
{"polarity": 0.0, "location": "Atlanta, GA", "sentiment": "neutral", "time": "Fri Jul 29 15:59:02 +0000 2016"}
{"polarity": 0.0, "location": "New York, NY", "sentiment": "neutral", "time": "Fri Jul 29 15:59:09 +0000 2016"}
{"polarity": 0.0, "location": "Boston, MA", "sentiment": "neutral", "time": "Fri Jul 29 15:59:19 +0000 2016"}
{"polarity": 0.875, "location": "New York, NY", "sentiment": "positive", "time": "Fri Jul 29 15:59:30 +0000 2016"}
{"polarity": 0.875, "location": "New York, NY", "sentiment": "positive", "time": "Fri Jul 29 15:59:30 +0000 2016"}
{"polarity": 0.43333333333333335, "location": "Seattle, WA", "sentiment": "positive", "time": "Fri Jul 29 15:59:30 +0000 2016"}
{"polarity": 0.0, "location": "Portland, OR", "sentiment": "neutral", "time": "Fri Jul 29 15:59:32 +0000 2016"}
{"polarity": 0.41666666666666663, "location": "New York, NY", "sentiment": "positive", "time": "Fri Jul 29 15:59:35 +0000 2016"}
{"polarity": 0.35714285714285715, "location": "St. Louis, MO", "sentiment": "positive", "time": "Fri Jul 29 15:59:36 +0000 2016"}
{"polarity": 0.0, "location": "New York, NY", "sentiment": "neutral", "time": "Fri Jul 29 15:59:37 +0000 2016"}
{"polarity": 0.125, "location": "Atlanta, GA", "sentiment": "positive", "time": "Fri Jul 29 15:59:48 +0000 2016"}
{"polarity": 0.35714285714285715, "location": "St. Louis, MO", "sentiment": "positive", "time": "Fri Jul 29 15:59:52 +0000 2016"}
{"polarity": 0.39999999999999997, "location": "New York, NY", "sentiment": "positive", "time": "Fri Jul 29 15:59:54 +0000 2016"}
{"polarity": 0.0, "location": "San Diego, CA", "sentiment": "neutral", "time": "Fri Jul 29 15:19:00 +0000 2016"}
{"polarity": 0.5, "location": "Phoenix, AZ", "sentiment": "positive", "time": "Fri Jul 29 15:19:04 +0000 2016"}
{"polarity": 0.0, "location": "New York, NY", "sentiment": "neutral", "time": "Fri Jul 29 15:19:07 +0000 2016"}
{"polarity": 0.14285714285714285, "location": "Seattle, WA", "sentiment": "positive", "time": "Fri Jul 29 15:19:08 +0000 2016"}
{"polarity": 0.0, "location": "Atlanta, GA", "sentiment": "neutral", "time": "Fri Jul 29 15:19:20 +0000 2016"}
{"polarity": 0.0, "location": "Atlanta, GA", "sentiment": "neutral", "time": "Fri Jul 29 15:19:25 +0000 2016"}
{"polarity": 0.5, "location": "Phoenix, AZ", "sentiment": "positive", "time": "Fri Jul 29 15:19:26 +0000 2016"}
{"polarity": 0.0, "location": "Atlanta, GA", "sentiment": "neutral", "time": "Fri Jul 29 15:19:47 +0000 2016"}
{"polarity": -0.4, "location": "Orlando, FL", "sentiment": "negative", "time": "Fri Jul 29 15:19:57 +0000 2016"}
{"polarity": 0.5, "location": "Seattle, WA", "sentiment": "positive", "time": "Fri Jul 29 15:19:59 +0000 2016"}
{"polarity": 0.13636363636363635, "location": "Atlanta, GA", "sentiment": "positive", "time": "Fri Jul 29 15:37:19 +0000 2016"}
{"polarity": 0.35, "location": "New York, NY", "sentiment": "positive", "time": "Fri Jul 29 15:37:25 +0000 2016"}
{"polarity": 0.0, "location": "San Diego, CA", "sentiment": "neutral", "time": "Fri Jul 29 15:37:31 +0000 2016"}
{"polarity": 0.25, "location": "New York, NY", "sentiment": "positive", "time": "Fri Jul 29 15:37:39 +0000 2016"}
{"polarity": 0.0, "location": "Atlanta, GA", "sentiment": "neutral", "time": "Fri Jul 29 15:37:44 +0000 2016"}
{"polarity": 0.1, "location": "Atlanta, GA", "sentiment": "positive", "time": "Fri Jul 29 15:37:45 +0000 2016"}
{"polarity": -0.16706349206349208, "location": "San Diego, CA", "sentiment": "negative", "time": "Fri Jul 29 15:37:45 +0000 2016"}
{"polarity": 0.13636363636363635, "location": "New York, NY", "sentiment": "positive", "time": "Fri Jul 29 15:37:52 +0000 2016"}
{"polarity": 0.0, "location": "Orlando, FL", "sentiment": "neutral", "time": "Fri Jul 29 15:37:53 +0000 2016"}
{"polarity": 0.0, "location": "Seattle, WA", "sentiment": "neutral", "time": "Fri Jul 29 15:31:02 +0000 2016"}
{"polarity": 0.0, "location": "Orlando, FL", "sentiment": "neutral", "time": "Fri Jul 29 15:31:05 +0000 2016"}
{"polarity": -0.04999999999999999, "location": "Atlanta, GA", "sentiment": "negative", "time": "Fri Jul 29 15:31:08 +0000 2016"}
{"polarity": 0.0, "location": "Seattle, WA", "sentiment": "neutral", "time": "Fri Jul 29 15:31:08 +0000 2016"}
{"polarity": 0.6000000000000001, "location": "Boston, MA", "sentiment": "positive", "time": "Fri Jul 29 15:31:09 +0000 2016"}
{"polarity": 1.0, "location": "New York, NY", "sentiment": "positive", "time": "Fri Jul 29 15:31:12 +0000 2016"}
{"polarity": 0.0, "location": "Orlando, FL", "sentiment": "neutral", "time": "Fri Jul 29 15:31:13 +0000 2016"}
{"polarity": -0.1, "location": "San Diego, CA", "sentiment": "negative", "time": "Fri Jul 29 15:31:17 +0000 2016"}
{"polarity": 0.11111111111111109, "location": "San Diego, CA", "sentiment": "positive", "time": "Fri Jul 29 15:31:22 +0000 2016"}
{"polarity": 0.0, "location": "Atlanta, GA", "sentiment": "neutral", "time": "Fri Jul 29 15:31:26 +0000 2016"}
{"polarity": 0.0, "location": "New York, NY", "sentiment": "neutral", "time": "Fri Jul 29 15:31:35 +0000 2016"}
{"polarity": -1.0, "location": "Orlando, FL", "sentiment": "negative", "time": "Fri Jul 29 15:31:37 +0000 2016"}
{"polarity": 0.0, "location": "Atlanta, GA", "sentiment": "neutral", "time": "Fri Jul 29 15:31:41 +0000 2016"}
{"polarity": 0.0, "location": "San Diego, CA", "sentiment": "neutral", "time": "Fri Jul 29 15:31:44 +0000 2016"}
{"polarity": 0.0, "location": "Orlando, FL", "sentiment": "neutral", "time": "Fri Jul 29 15:31:45 +0000 2016"}
{"polarity": 0.0, "location": "Seattle, WA", "sentiment": "neutral", "time": "Fri Jul 29 15:31:51 +0000 2016"}
{"polarity": 0.6999999999999998, "location": "Portland, OR", "sentiment": "positive", "time": "Fri Jul 29 15:31:52 +0000 2016"}
{"polarity": 0.35, "location": "Seattle, WA", "sentiment": "positive", "time": "Fri Jul 29 15:31:57 +0000 2016"}
{"polarity": -0.625, "location": "Boston, MA", "sentiment": "negative", "time": "Fri Jul 29 15:31:58 +0000 2016"}
{"polarity": 0.3683712121212121, "location": "Boston, MA", "sentiment": "positive", "time": "Fri Jul 29 15:31:58 +0000 2016"}
{"polarity": 0.0, "location": "Orlando, FL", "sentiment": "neutral", "time": "Fri Jul 29 15:41:04 +0000 2016"}
{"polarity": 0.3642857142857143, "location": "New York, NY", "sentiment": "positive", "time": "Fri Jul 29 15:41:08 +0000 2016"}
{"polarity": 0.0, "location": "New York, NY", "sentiment": "neutral", "time": "Fri Jul 29 15:41:15 +0000 2016"}
{"polarity": 0.0, "location": "St. Louis, MO", "sentiment": "neutral", "time": "Fri Jul 29 15:41:17 +0000 2016"}
{"polarity": 0.10416666666666667, "location": "New York, NY", "sentiment": "positive", "time": "Fri Jul 29 15:41:27 +0000 2016"}
{"polarity": 0.0, "location": "New York, NY", "sentiment": "neutral", "time": "Fri Jul 29 15:41:29 +0000 2016"}
{"polarity": 0.0, "location": "Seattle, WA", "sentiment": "neutral", "time": "Fri Jul 29 15:41:35 +0000 2016"}
{"polarity": 0.0, "location": "Atlanta, GA", "sentiment": "neutral", "time": "Fri Jul 29 15:41:36 +0000 2016"}
{"polarity": 0.0, "location": "San Diego, CA", "sentiment": "neutral", "time": "Fri Jul 29 15:41:56 +0000 2016"}
{"polarity": -0.03229166666666669, "location": "San Diego, CA", "sentiment": "negative", "time": "Fri Jul 29 15:27:01 +0000 2016"}
{"polarity": 0.0, "location": "Boston, MA", "sentiment": "neutral", "time": "Fri Jul 29 15:27:02 +0000 2016"}
{"polarity": 0.0, "location": "Atlanta, GA", "sentiment": "neutral", "time": "Fri Jul 29 15:27:03 +0000 2016"}
{"polarity": 0.0, "location": "New York, NY", "sentiment": "neutral", "time": "Fri Jul 29 15:27:11 +0000 2016"}
{"polarity": 0.13636363636363635, "location": "Atlanta, GA", "sentiment": "positive", "time": "Fri Jul 29 15:27:14 +0000 2016"}
{"polarity": 0.0, "location": "Atlanta, GA", "sentiment": "neutral", "time": "Fri Jul 29 15:27:22 +0000 2016"}
{"polarity": 0.35, "location": "San Diego, CA", "sentiment": "positive", "time": "Fri Jul 29 15:27:27 +0000 2016"}
{"polarity": 0.0, "location": "San Diego, CA", "sentiment": "neutral", "time": "Fri Jul 29 15:27:34 +0000 2016"}
{"polarity": 0.1, "location": "Atlanta, GA", "sentiment": "positive", "time": "Fri Jul 29 15:27:34 +0000 2016"}
{"polarity": 0.0, "location": "Atlanta, GA", "sentiment": "neutral", "time": "Fri Jul 29 15:27:39 +0000 2016"}
{"polarity": 0.0, "location": "Orlando, FL", "sentiment": "neutral", "time": "Fri Jul 29 15:27:43 +0000 2016"}
{"polarity": 1.0, "location": "Atlanta, GA", "sentiment": "positive", "time": "Fri Jul 29 15:27:47 +0000 2016"}
{"polarity": -0.4, "location": "Seattle, WA", "sentiment": "negative", "time": "Fri Jul 29 15:27:50 +0000 2016"}
{"polarity": 0.0, "location": "Portland, OR", "sentiment": "neutral", "time": "Fri Jul 29 15:27:53 +0000 2016"}
{"polarity": 0.0, "location": "New York, NY", "sentiment": "neutral", "time": "Fri Jul 29 15:57:11 +0000 2016"}
{"polarity": 0.0, "location": "New York, NY", "sentiment": "neutral", "time": "Fri Jul 29 15:57:13 +0000 2016"}
{"polarity": 0.5, "location": "Seattle, WA", "sentiment": "positive", "time": "Fri Jul 29 15:57:25 +0000 2016"}
{"polarity": 0.0, "location": "New York, NY", "sentiment": "neutral", "time": "Fri Jul 29 15:57:32 +0000 2016"}
{"polarity": 0.0, "location": "Boston, MA", "sentiment": "neutral", "time": "Fri Jul 29 15:57:39 +0000 2016"}
{"polarity": 0.0, "location": "Boston, MA", "sentiment": "neutral", "time": "Fri Jul 29 15:57:41 +0000 2016"}
{"polarity": 0.8, "location": "New York, NY", "sentiment": "positive", "time": "Fri Jul 29 15:57:45 +0000 2016"}
{"polarity": 0.0, "location": "Atlanta, GA", "sentiment": "neutral", "time": "Fri Jul 29 15:57:45 +0000 2016"}
{"polarity": 0.0, "location": "Atlanta, GA", "sentiment": "neutral", "time": "Fri Jul 29 15:57:56 +0000 2016"}
{"polarity": 0.0, "location": "Atlanta, GA", "sentiment": "neutral", "time": "Fri Jul 29 15:26:02 +0000 2016"}
{"polarity": 0.0, "location": "Seattle, WA", "sentiment": "neutral", "time": "Fri Jul 29 15:26:07 +0000 2016"}
{"polarity": 0.5, "location": "Atlanta, GA", "sentiment": "positive", "time": "Fri Jul 29 15:26:10 +0000 2016"}
{"polarity": 0.0, "location": "New York, NY", "sentiment": "neutral", "time": "Fri Jul 29 15:26:17 +0000 2016"}
{"polarity": 0.0, "location": "New York, NY", "sentiment": "neutral", "time": "Fri Jul 29 15:26:20 +0000 2016"}
{"polarity": 0.8, "location": "Boston, MA", "sentiment": "positive", "time": "Fri Jul 29 15:26:21 +0000 2016"}
{"polarity": -0.625, "location": "Phoenix, AZ", "sentiment": "negative", "time": "Fri Jul 29 15:26:28 +0000 2016"}
{"polarity": -0.06000000000000002, "location": "Atlanta, GA", "sentiment": "negative", "time": "Fri Jul 29 15:26:30 +0000 2016"}
{"polarity": 0.0, "location": "Seattle, WA", "sentiment": "neutral", "time": "Fri Jul 29 15:26:46 +0000 2016"}
{"polarity": -0.5, "location": "Atlanta, GA", "sentiment": "negative", "time": "Fri Jul 29 15:58:01 +0000 2016"}
{"polarity": 0.12402597402597403, "location": "Boston, MA", "sentiment": "positive", "time": "Fri Jul 29 15:58:12 +0000 2016"}
{"polarity": -0.1, "location": "Atlanta, GA", "sentiment": "negative", "time": "Fri Jul 29 15:58:39 +0000 2016"}
{"polarity": 0.5, "location": "Orlando, FL", "sentiment": "positive", "time": "Fri Jul 29 15:58:43 +0000 2016"}
{"polarity": 0.0, "location": "Orlando, FL", "sentiment": "neutral", "time": "Fri Jul 29 15:58:48 +0000 2016"}
{"polarity": 0.25, "location": "Atlanta, GA", "sentiment": "positive", "time": "Fri Jul 29 15:42:04 +0000 2016"}
{"polarity": -0.26666666666666666, "location": "Atlanta, GA", "sentiment": "negative", "time": "Fri Jul 29 15:42:16 +0000 2016"}
{"polarity": 0.0, "location": "Atlanta, GA", "sentiment": "neutral", "time": "Fri Jul 29 15:42:21 +0000 2016"}
{"polarity": 0.0, "location": "New York, NY", "sentiment": "neutral", "time": "Fri Jul 29 15:42:39 +0000 2016"}
{"polarity": 0.25, "location": "Phoenix, AZ", "sentiment": "positive", "time": "Fri Jul 29 15:42:46 +0000 2016"}
{"polarity": 0.0, "location": "Orlando, FL", "sentiment": "neutral", "time": "Fri Jul 29 15:42:50 +0000 2016"}
{"polarity": 0.3, "location": "St. Louis, MO", "sentiment": "positive", "time": "Fri Jul 29 15:42:53 +0000 2016"}
{"polarity": -0.11666666666666665, "location": "Boston, MA", "sentiment": "negative", "time": "Fri Jul 29 15:42:53 +0000 2016"}
{"polarity": 0.0, "location": "Orlando, FL", "sentiment": "neutral", "time": "Fri Jul 29 15:42:59 +0000 2016"}
{"polarity": 0.8, "location": "Portland, OR", "sentiment": "positive", "time": "Fri Jul 29 15:50:08 +0000 2016"}
{"polarity": 0.21212121212121213, "location": "New York, NY", "sentiment": "positive", "time": "Fri Jul 29 15:50:16 +0000 2016"}
{"polarity": 0.07222222222222223, "location": "Orlando, FL", "sentiment": "positive", "time": "Fri Jul 29 15:50:20 +0000 2016"}
{"polarity": -0.09375, "location": "Orlando, FL", "sentiment": "negative", "time": "Fri Jul 29 15:50:53 +0000 2016"}
{"polarity": 0.2, "location": "Seattle, WA", "sentiment": "positive", "time": "Fri Jul 29 15:15:03 +0000 2016"}
{"polarity": 0.1, "location": "San Diego, CA", "sentiment": "positive", "time": "Fri Jul 29 15:15:05 +0000 2016"}
{"polarity": 0.125, "location": "New York, NY", "sentiment": "positive", "time": "Fri Jul 29 15:15:05 +0000 2016"}
{"polarity": 0.032467532467532464, "location": "Atlanta, GA", "sentiment": "positive", "time": "Fri Jul 29 15:15:09 +0000 2016"}
{"polarity": 0.09277777777777776, "location": "Atlanta, GA", "sentiment": "positive", "time": "Fri Jul 29 15:15:13 +0000 2016"}
{"polarity": 0.0, "location": "New York, NY", "sentiment": "neutral", "time": "Fri Jul 29 15:15:19 +0000 2016"}
{"polarity": 0.0, "location": "New York, NY", "sentiment": "neutral", "time": "Fri Jul 29 15:15:26 +0000 2016"}
{"polarity": 0.0, "location": "New York, NY", "sentiment": "neutral", "time": "Fri Jul 29 15:15:28 +0000 2016"}
{"polarity": 0.0, "location": "New York, NY", "sentiment": "neutral", "time": "Fri Jul 29 15:15:35 +0000 2016"}
{"polarity": 0.0, "location": "Seattle, WA", "sentiment": "neutral", "time": "Fri Jul 29 15:15:36 +0000 2016"}
{"polarity": 0.0, "location": "New York, NY", "sentiment": "neutral", "time": "Fri Jul 29 15:15:39 +0000 2016"}
{"polarity": -0.078125, "location": "Orlando, FL", "sentiment": "negative", "time": "Fri Jul 29 15:15:44 +0000 2016"}
{"polarity": 0.2857142857142857, "location": "Seattle, WA", "sentiment": "positive", "time": "Fri Jul 29 15:15:48 +0000 2016"}
{"polarity": 0.0, "location": "New York, NY", "sentiment": "neutral", "time": "Fri Jul 29 15:15:59 +0000 2016"}
{"polarity": 0.0, "location": "Orlando, FL", "sentiment": "neutral", "time": "Fri Jul 29 15:38:04 +0000 2016"}
{"polarity": 0.6, "location": "Seattle, WA", "sentiment": "positive", "time": "Fri Jul 29 15:38:11 +0000 2016"}
{"polarity": 0.4, "location": "Atlanta, GA", "sentiment": "positive", "time": "Fri Jul 29 15:38:12 +0000 2016"}
{"polarity": 0.38749999999999996, "location": "Atlanta, GA", "sentiment": "positive", "time": "Fri Jul 29 15:38:18 +0000 2016"}
{"polarity": 0.0, "location": "Orlando, FL", "sentiment": "neutral", "time": "Fri Jul 29 15:38:22 +0000 2016"}
{"polarity": -0.22499999999999998, "location": "New York, NY", "sentiment": "negative", "time": "Fri Jul 29 15:38:24 +0000 2016"}
{"polarity": 0.0, "location": "Atlanta, GA", "sentiment": "neutral", "time": "Fri Jul 29 15:38:25 +0000 2016"}
{"polarity": 0.0, "location": "Phoenix, AZ", "sentiment": "neutral", "time": "Fri Jul 29 15:38:27 +0000 2016"}
{"polarity": 0.0, "location": "Atlanta, GA", "sentiment": "neutral", "time": "Fri Jul 29 15:38:29 +0000 2016"}
{"polarity": 1.0, "location": "Atlanta, GA", "sentiment": "positive", "time": "Fri Jul 29 15:38:33 +0000 2016"}
{"polarity": 0.0, "location": "Atlanta, GA", "sentiment": "neutral", "time": "Fri Jul 29 15:38:39 +0000 2016"}
{"polarity": 0.0, "location": "Orlando, FL", "sentiment": "neutral", "time": "Fri Jul 29 15:38:44 +0000 2016"}
{"polarity": 0.65, "location": "Orlando, FL", "sentiment": "positive", "time": "Fri Jul 29 15:38:44 +0000 2016"}
{"polarity": -0.03333333333333333, "location": "Phoenix, AZ", "sentiment": "negative", "time": "Fri Jul 29 15:38:45 +0000 2016"}
{"polarity": 0.5, "location": "Phoenix, AZ", "sentiment": "positive", "time": "Fri Jul 29 15:21:00 +0000 2016"}
{"polarity": 0.5, "location": "Atlanta, GA", "sentiment": "positive", "time": "Fri Jul 29 15:21:07 +0000 2016"}
{"polarity": 0.0, "location": "Boston, MA", "sentiment": "neutral", "time": "Fri Jul 29 15:21:07 +0000 2016"}
{"polarity": -0.16666666666666666, "location": "Atlanta, GA", "sentiment": "negative", "time": "Fri Jul 29 15:21:10 +0000 2016"}
{"polarity": 0.25, "location": "Atlanta, GA", "sentiment": "positive", "time": "Fri Jul 29 15:21:12 +0000 2016"}
{"polarity": 0.09999999999999998, "location": "New York, NY", "sentiment": "positive", "time": "Fri Jul 29 15:21:18 +0000 2016"}
{"polarity": 0.0, "location": "Seattle, WA", "sentiment": "neutral", "time": "Fri Jul 29 15:21:18 +0000 2016"}
{"polarity": 0.35, "location": "San Diego, CA", "sentiment": "positive", "time": "Fri Jul 29 15:21:23 +0000 2016"}
{"polarity": -0.8, "location": "Seattle, WA", "sentiment": "negative", "time": "Fri Jul 29 15:21:35 +0000 2016"}
{"polarity": 0.0, "location": "Atlanta, GA", "sentiment": "neutral", "time": "Fri Jul 29 15:21:40 +0000 2016"}
{"polarity": 0.0, "location": "San Diego, CA", "sentiment": "neutral", "time": "Fri Jul 29 15:21:43 +0000 2016"}
{"polarity": 0.0, "location": "New York, NY", "sentiment": "neutral", "time": "Fri Jul 29 15:21:46 +0000 2016"}
{"polarity": 0.0, "location": "Boston, MA", "sentiment": "neutral", "time": "Fri Jul 29 15:21:54 +0000 2016"}
{"polarity": 0.0, "location": "Orlando, FL", "sentiment": "neutral", "time": "Fri Jul 29 15:21:56 +0000 2016"}
{"polarity": 0.2, "location": "Portland, OR", "sentiment": "positive", "time": "Fri Jul 29 15:17:02 +0000 2016"}
{"polarity": 0.0, "location": "Orlando, FL", "sentiment": "neutral", "time": "Fri Jul 29 15:17:08 +0000 2016"}
{"polarity": 0.04545454545454545, "location": "Seattle, WA", "sentiment": "positive", "time": "Fri Jul 29 15:17:19 +0000 2016"}
{"polarity": 0.0, "location": "Boston, MA", "sentiment": "neutral", "time": "Fri Jul 29 15:17:20 +0000 2016"}
{"polarity": 0.390625, "location": "Boston, MA", "sentiment": "positive", "time": "Fri Jul 29 15:17:24 +0000 2016"}
{"polarity": 0.3333333333333333, "location": "Boston, MA", "sentiment": "positive", "time": "Fri Jul 29 15:17:25 +0000 2016"}
{"polarity": 0.0, "location": "San Diego, CA", "sentiment": "neutral", "time": "Fri Jul 29 15:17:28 +0000 2016"}
{"polarity": 0.4166666666666667, "location": "San Diego, CA", "sentiment": "positive", "time": "Fri Jul 29 15:17:38 +0000 2016"}
{"polarity": 0.175, "location": "Seattle, WA", "sentiment": "positive", "time": "Fri Jul 29 15:17:39 +0000 2016"}
{"polarity": 0.0, "location": "Orlando, FL", "sentiment": "neutral", "time": "Fri Jul 29 15:17:41 +0000 2016"}
{"polarity": 1.0, "location": "San Diego, CA", "sentiment": "positive", "time": "Fri Jul 29 15:17:57 +0000 2016"}
{"polarity": 0.0, "location": "Seattle, WA", "sentiment": "neutral", "time": "Fri Jul 29 15:12:02 +0000 2016"}
{"polarity": 0.2333333333333333, "location": "San Diego, CA", "sentiment": "positive", "time": "Fri Jul 29 15:12:08 +0000 2016"}
{"polarity": 0.0, "location": "Seattle, WA", "sentiment": "neutral", "time": "Fri Jul 29 15:12:18 +0000 2016"}
{"polarity": 0.26666666666666666, "location": "Orlando, FL", "sentiment": "positive", "time": "Fri Jul 29 15:12:25 +0000 2016"}
{"polarity": 0.0, "location": "New York, NY", "sentiment": "neutral", "time": "Fri Jul 29 15:12:29 +0000 2016"}
{"polarity": -0.625, "location": "Portland, OR", "sentiment": "negative", "time": "Fri Jul 29 15:12:39 +0000 2016"}
{"polarity": 0.4, "location": "Phoenix, AZ", "sentiment": "positive", "time": "Fri Jul 29 15:12:40 +0000 2016"}
{"polarity": 0.0, "location": "Portland, OR", "sentiment": "neutral", "time": "Fri Jul 29 15:12:46 +0000 2016"}
{"polarity": 0.0, "location": "Seattle, WA", "sentiment": "neutral", "time": "Fri Jul 29 15:29:00 +0000 2016"}
{"polarity": 0.0, "location": "New York, NY", "sentiment": "neutral", "time": "Fri Jul 29 15:29:01 +0000 2016"}
{"polarity": 0.3, "location": "New York, NY", "sentiment": "positive", "time": "Fri Jul 29 15:29:12 +0000 2016"}
{"polarity": 0.0, "location": "New York, NY", "sentiment": "neutral", "time": "Fri Jul 29 15:29:15 +0000 2016"}
{"polarity": 0.0, "location": "Portland, OR", "sentiment": "neutral", "time": "Fri Jul 29 15:29:34 +0000 2016"}
{"polarity": 0.16666666666666669, "location": "New York, NY", "sentiment": "positive", "time": "Fri Jul 29 15:29:34 +0000 2016"}
{"polarity": 0.0, "location": "Atlanta, GA", "sentiment": "neutral", "time": "Fri Jul 29 15:29:41 +0000 2016"}
{"polarity": 0.0, "location": "Boston, MA", "sentiment": "neutral", "time": "Fri Jul 29 15:29:44 +0000 2016"}
{"polarity": -0.14583333333333334, "location": "Seattle, WA", "sentiment": "negative", "time": "Fri Jul 29 15:18:00 +0000 2016"}
{"polarity": 0.25, "location": "New York, NY", "sentiment": "positive", "time": "Fri Jul 29 15:18:02 +0000 2016"}
{"polarity": 0.0, "location": "Seattle, WA", "sentiment": "neutral", "time": "Fri Jul 29 15:18:02 +0000 2016"}
{"polarity": 0.0, "location": "Orlando, FL", "sentiment": "neutral", "time": "Fri Jul 29 15:18:17 +0000 2016"}
{"polarity": 0.25, "location": "New York, NY", "sentiment": "positive", "time": "Fri Jul 29 15:18:28 +0000 2016"}
{"polarity": 0.0, "location": "Phoenix, AZ", "sentiment": "neutral", "time": "Fri Jul 29 15:18:33 +0000 2016"}
{"polarity": 0.0, "location": "St. Louis, MO", "sentiment": "neutral", "time": "Fri Jul 29 15:18:39 +0000 2016"}
{"polarity": 0.0, "location": "New York, NY", "sentiment": "neutral", "time": "Fri Jul 29 15:18:40 +0000 2016"}
{"polarity": 0.1828125, "location": "Boston, MA", "sentiment": "positive", "time": "Fri Jul 29 15:18:40 +0000 2016"}
{"polarity": 0.3666666666666667, "location": "Orlando, FL", "sentiment": "positive", "time": "Fri Jul 29 15:18:46 +0000 2016"}
{"polarity": 0.0, "location": "San Diego, CA", "sentiment": "neutral", "time": "Fri Jul 29 15:18:53 +0000 2016"}
{"polarity": 0.5, "location": "New York, NY", "sentiment": "positive", "time": "Fri Jul 29 15:46:03 +0000 2016"}
{"polarity": -0.10000000000000003, "location": "Boston, MA", "sentiment": "negative", "time": "Fri Jul 29 15:46:04 +0000 2016"}
{"polarity": 0.0, "location": "Seattle, WA", "sentiment": "neutral", "time": "Fri Jul 29 15:46:14 +0000 2016"}
{"polarity": 0.25, "location": "New York, NY", "sentiment": "positive", "time": "Fri Jul 29 15:46:29 +0000 2016"}
{"polarity": 0.0, "location": "New York, NY", "sentiment": "neutral", "time": "Fri Jul 29 15:46:33 +0000 2016"}
{"polarity": 0.0, "location": "San Diego, CA", "sentiment": "neutral", "time": "Fri Jul 29 15:46:37 +0000 2016"}
{"polarity": -0.5, "location": "New York, NY", "sentiment": "negative", "time": "Fri Jul 29 15:46:39 +0000 2016"}
{"polarity": 0.8, "location": "Boston, MA", "sentiment": "positive", "time": "Fri Jul 29 15:46:40 +0000 2016"}
{"polarity": 0.16666666666666666, "location": "New York, NY", "sentiment": "positive", "time": "Fri Jul 29 15:46:40 +0000 2016"}
{"polarity": 0.85, "location": "Seattle, WA", "sentiment": "positive", "time": "Fri Jul 29 15:46:49 +0000 2016"}
{"polarity": 0.0, "location": "Seattle, WA", "sentiment": "neutral", "time": "Fri Jul 29 15:46:49 +0000 2016"}
{"polarity": 0.0, "location": "New York, NY", "sentiment": "neutral", "time": "Fri Jul 29 15:46:52 +0000 2016"}
{"polarity": 0.45, "location": "New York, NY", "sentiment": "positive", "time": "Fri Jul 29 15:00:00 +0000 2016"}
{"polarity": 0.65, "location": "Seattle, WA", "sentiment": "positive", "time": "Fri Jul 29 15:00:03 +0000 2016"}
{"polarity": -0.75, "location": "New York, NY", "sentiment": "negative", "time": "Fri Jul 29 15:00:07 +0000 2016"}
{"polarity": -0.01874999999999999, "location": "San Diego, CA", "sentiment": "negative", "time": "Fri Jul 29 15:00:11 +0000 2016"}
{"polarity": 0.13636363636363635, "location": "New York, NY", "sentiment": "positive", "time": "Fri Jul 29 15:00:12 +0000 2016"}
{"polarity": 0.25757575757575757, "location": "New York, NY", "sentiment": "positive", "time": "Fri Jul 29 15:00:23 +0000 2016"}
{"polarity": 0.0, "location": "New York, NY", "sentiment": "neutral", "time": "Fri Jul 29 15:00:23 +0000 2016"}
{"polarity": 0.0, "location": "Boston, MA", "sentiment": "neutral", "time": "Fri Jul 29 15:00:23 +0000 2016"}
{"polarity": 0.0, "location": "Orlando, FL", "sentiment": "neutral", "time": "Fri Jul 29 15:00:25 +0000 2016"}
{"polarity": 0.2, "location": "New York, NY", "sentiment": "positive", "time": "Fri Jul 29 15:00:27 +0000 2016"}
{"polarity": 0.13636363636363635, "location": "New York, NY", "sentiment": "positive", "time": "Fri Jul 29 15:00:30 +0000 2016"}
{"polarity": 0.0, "location": "St. Louis, MO", "sentiment": "neutral", "time": "Fri Jul 29 15:00:38 +0000 2016"}
{"polarity": -0.03333333333333333, "location": "New York, NY", "sentiment": "negative", "time": "Fri Jul 29 15:00:38 +0000 2016"}
{"polarity": 0.0, "location": "San Diego, CA", "sentiment": "neutral", "time": "Fri Jul 29 15:00:47 +0000 2016"}
{"polarity": 0.1, "location": "New York, NY", "sentiment": "positive", "time": "Fri Jul 29 15:00:48 +0000 2016"}
{"polarity": 0.25, "location": "San Diego, CA", "sentiment": "positive", "time": "Fri Jul 29 15:00:53 +0000 2016"}
{"polarity": 0.0, "location": "Phoenix, AZ", "sentiment": "neutral", "time": "Fri Jul 29 15:34:01 +0000 2016"}
{"polarity": 0.0, "location": "New York, NY", "sentiment": "neutral", "time": "Fri Jul 29 15:34:12 +0000 2016"}
{"polarity": 0.0, "location": "St. Louis, MO", "sentiment": "neutral", "time": "Fri Jul 29 15:34:13 +0000 2016"}
{"polarity": 0.13636363636363635, "location": "New York, NY", "sentiment": "positive", "time": "Fri Jul 29 15:34:18 +0000 2016"}
{"polarity": 0.0, "location": "Orlando, FL", "sentiment": "neutral", "time": "Fri Jul 29 15:34:24 +0000 2016"}
{"polarity": 0.09375, "location": "New York, NY", "sentiment": "positive", "time": "Fri Jul 29 15:34:44 +0000 2016"}
{"polarity": 0.45, "location": "Atlanta, GA", "sentiment": "positive", "time": "Fri Jul 29 15:34:45 +0000 2016"}
{"polarity": 0.28409090909090906, "location": "New York, NY", "sentiment": "positive", "time": "Fri Jul 29 15:34:52 +0000 2016"}
{"polarity": 0.3333333333333333, "location": "Atlanta, GA", "sentiment": "positive", "time": "Fri Jul 29 15:05:01 +0000 2016"}
{"polarity": -0.12222222222222216, "location": "Boston, MA", "sentiment": "negative", "time": "Fri Jul 29 15:05:09 +0000 2016"}
{"polarity": 0.1875, "location": "New York, NY", "sentiment": "positive", "time": "Fri Jul 29 15:05:18 +0000 2016"}
{"polarity": 0.0, "location": "Phoenix, AZ", "sentiment": "neutral", "time": "Fri Jul 29 15:05:19 +0000 2016"}
{"polarity": 0.25, "location": "New York, NY", "sentiment": "positive", "time": "Fri Jul 29 15:05:24 +0000 2016"}
{"polarity": 0.5, "location": "Orlando, FL", "sentiment": "positive", "time": "Fri Jul 29 15:05:25 +0000 2016"}
{"polarity": 5.551115123125783e-17, "location": "Boston, MA", "sentiment": "positive", "time": "Fri Jul 29 15:05:26 +0000 2016"}
{"polarity": 0.0, "location": "Atlanta, GA", "sentiment": "neutral", "time": "Fri Jul 29 15:05:28 +0000 2016"}
{"polarity": 0.2, "location": "Atlanta, GA", "sentiment": "positive", "time": "Fri Jul 29 15:05:33 +0000 2016"}
{"polarity": 0.0, "location": "Seattle, WA", "sentiment": "neutral", "time": "Fri Jul 29 15:05:44 +0000 2016"}
{"polarity": 0.0, "location": "San Diego, CA", "sentiment": "neutral", "time": "Fri Jul 29 15:05:49 +0000 2016"}
{"polarity": 0.0, "location": "Atlanta, GA", "sentiment": "neutral", "time": "Fri Jul 29 15:05:51 +0000 2016"}
{"polarity": 0.0, "location": "Atlanta, GA", "sentiment": "neutral", "time": "Fri Jul 29 15:05:57 +0000 2016"}
{"polarity": 0.13392857142857142, "location": "New York, NY", "sentiment": "positive", "time": "Fri Jul 29 15:11:01 +0000 2016"}
{"polarity": 0.0, "location": "Atlanta, GA", "sentiment": "neutral", "time": "Fri Jul 29 15:11:06 +0000 2016"}
{"polarity": 0.07500000000000001, "location": "Atlanta, GA", "sentiment": "positive", "time": "Fri Jul 29 15:11:13 +0000 2016"}
{"polarity": 0.0, "location": "Atlanta, GA", "sentiment": "neutral", "time": "Fri Jul 29 15:11:17 +0000 2016"}
{"polarity": 0.0, "location": "Boston, MA", "sentiment": "neutral", "time": "Fri Jul 29 15:11:22 +0000 2016"}
{"polarity": 0.0, "location": "Seattle, WA", "sentiment": "neutral", "time": "Fri Jul 29 15:11:29 +0000 2016"}
{"polarity": 0.3666666666666667, "location": "New York, NY", "sentiment": "positive", "time": "Fri Jul 29 15:11:32 +0000 2016"}
{"polarity": 0.0, "location": "Phoenix, AZ", "sentiment": "neutral", "time": "Fri Jul 29 15:11:35 +0000 2016"}
{"polarity": -0.07500000000000001, "location": "Atlanta, GA", "sentiment": "negative", "time": "Fri Jul 29 15:11:45 +0000 2016"}
{"polarity": 0.0, "location": "San Diego, CA", "sentiment": "neutral", "time": "Fri Jul 29 15:11:48 +0000 2016"}
{"polarity": -0.25, "location": "San Diego, CA", "sentiment": "negative", "time": "Fri Jul 29 15:11:52 +0000 2016"}
{"polarity": 0.16666666666666666, "location": "Portland, OR", "sentiment": "positive", "time": "Fri Jul 29 15:11:52 +0000 2016"}
{"polarity": 0.0, "location": "Boston, MA", "sentiment": "neutral", "time": "Fri Jul 29 15:11:54 +0000 2016"}
{"polarity": 0.0, "location": "San Diego, CA", "sentiment": "neutral", "time": "Fri Jul 29 15:11:54 +0000 2016"}
{"polarity": 0.25, "location": "New York, NY", "sentiment": "positive", "time": "Fri Jul 29 15:56:04 +0000 2016"}
{"polarity": 0.0, "location": "Atlanta, GA", "sentiment": "neutral", "time": "Fri Jul 29 15:56:05 +0000 2016"}
{"polarity": 0.0, "location": "New York, NY", "sentiment": "neutral", "time": "Fri Jul 29 15:56:06 +0000 2016"}
{"polarity": 0.0, "location": "Atlanta, GA", "sentiment": "neutral", "time": "Fri Jul 29 15:56:08 +0000 2016"}
{"polarity": 0.0, "location": "Atlanta, GA", "sentiment": "neutral", "time": "Fri Jul 29 15:56:13 +0000 2016"}
{"polarity": 0.25, "location": "Orlando, FL", "sentiment": "positive", "time": "Fri Jul 29 15:56:22 +0000 2016"}
{"polarity": 0.0, "location": "Seattle, WA", "sentiment": "neutral", "time": "Fri Jul 29 15:56:29 +0000 2016"}
{"polarity": -0.5, "location": "Seattle, WA", "sentiment": "negative", "time": "Fri Jul 29 15:56:30 +0000 2016"}
{"polarity": 0.55, "location": "Phoenix, AZ", "sentiment": "positive", "time": "Fri Jul 29 15:56:38 +0000 2016"}
{"polarity": -0.1777777777777778, "location": "Orlando, FL", "sentiment": "negative", "time": "Fri Jul 29 15:56:42 +0000 2016"}
{"polarity": 0.0, "location": "Atlanta, GA", "sentiment": "neutral", "time": "Fri Jul 29 15:56:44 +0000 2016"}
{"polarity": 0.040000000000000036, "location": "Boston, MA", "sentiment": "positive", "time": "Fri Jul 29 15:56:47 +0000 2016"}
{"polarity": -0.3333333333333333, "location": "New York, NY", "sentiment": "negative", "time": "Fri Jul 29 15:47:08 +0000 2016"}
{"polarity": 0.6, "location": "Atlanta, GA", "sentiment": "positive", "time": "Fri Jul 29 15:47:09 +0000 2016"}
{"polarity": 0.0, "location": "Phoenix, AZ", "sentiment": "neutral", "time": "Fri Jul 29 15:47:11 +0000 2016"}
{"polarity": 0.0, "location": "Boston, MA", "sentiment": "neutral", "time": "Fri Jul 29 15:47:17 +0000 2016"}
{"polarity": 0.0, "location": "New York, NY", "sentiment": "neutral", "time": "Fri Jul 29 15:47:25 +0000 2016"}
{"polarity": 0.0, "location": "Atlanta, GA", "sentiment": "neutral", "time": "Fri Jul 29 15:47:29 +0000 2016"}
{"polarity": 0.0, "location": "Atlanta, GA", "sentiment": "neutral", "time": "Fri Jul 29 15:47:32 +0000 2016"}
{"polarity": 0.0, "location": "Boston, MA", "sentiment": "neutral", "time": "Fri Jul 29 15:47:35 +0000 2016"}
{"polarity": 0.13636363636363635, "location": "New York, NY", "sentiment": "positive", "time": "Fri Jul 29 15:47:41 +0000 2016"}
{"polarity": 0.0, "location": "Boston, MA", "sentiment": "neutral", "time": "Fri Jul 29 15:47:45 +0000 2016"}
{"polarity": -0.25, "location": "Seattle, WA", "sentiment": "negative", "time": "Fri Jul 29 15:47:53 +0000 2016"}
{"polarity": 0.8, "location": "New York, NY", "sentiment": "positive", "time": "Fri Jul 29 15:47:55 +0000 2016"}
{"polarity": 0.008333333333333323, "location": "Orlando, FL", "sentiment": "positive", "time": "Fri Jul 29 15:52:01 +0000 2016"}
{"polarity": 0.0, "location": "New York, NY", "sentiment": "neutral", "time": "Fri Jul 29 15:52:01 +0000 2016"}
{"polarity": -0.2333333333333333, "location": "Boston, MA", "sentiment": "negative", "time": "Fri Jul 29 15:52:04 +0000 2016"}
{"polarity": 0.5, "location": "San Diego, CA", "sentiment": "positive", "time": "Fri Jul 29 15:52:09 +0000 2016"}
{"polarity": 0.0, "location": "Atlanta, GA", "sentiment": "neutral", "time": "Fri Jul 29 15:52:09 +0000 2016"}
{"polarity": 0.0, "location": "Atlanta, GA", "sentiment": "neutral", "time": "Fri Jul 29 15:52:16 +0000 2016"}
{"polarity": 0.0, "location": "Boston, MA", "sentiment": "neutral", "time": "Fri Jul 29 15:52:18 +0000 2016"}
{"polarity": 0.125, "location": "Portland, OR", "sentiment": "positive", "time": "Fri Jul 29 15:52:22 +0000 2016"}
{"polarity": 0.26633522727272724, "location": "New York, NY", "sentiment": "positive", "time": "Fri Jul 29 15:52:25 +0000 2016"}
{"polarity": -0.2, "location": "San Diego, CA", "sentiment": "negative", "time": "Fri Jul 29 15:52:27 +0000 2016"}
{"polarity": 0.05, "location": "New York, NY", "sentiment": "positive", "time": "Fri Jul 29 15:52:35 +0000 2016"}
{"polarity": 0.0, "location": "New York, NY", "sentiment": "neutral", "time": "Fri Jul 29 15:52:39 +0000 2016"}
{"polarity": -0.78125, "location": "Phoenix, AZ", "sentiment": "negative", "time": "Fri Jul 29 15:52:42 +0000 2016"}
{"polarity": 0.0, "location": "Atlanta, GA", "sentiment": "neutral", "time": "Fri Jul 29 15:52:43 +0000 2016"}
{"polarity": -0.5374999999999999, "location": "St. Louis, MO", "sentiment": "negative", "time": "Fri Jul 29 15:52:52 +0000 2016"}
{"polarity": -0.5, "location": "San Diego, CA", "sentiment": "negative", "time": "Fri Jul 29 15:53:02 +0000 2016"}
{"polarity": -0.625, "location": "New York, NY", "sentiment": "negative", "time": "Fri Jul 29 15:53:04 +0000 2016"}
{"polarity": 0.0, "location": "New York, NY", "sentiment": "neutral", "time": "Fri Jul 29 15:53:08 +0000 2016"}
{"polarity": 0.0, "location": "New York, NY", "sentiment": "neutral", "time": "Fri Jul 29 15:53:10 +0000 2016"}
{"polarity": 0.1, "location": "Atlanta, GA", "sentiment": "positive", "time": "Fri Jul 29 15:53:19 +0000 2016"}
{"polarity": 0.0, "location": "New York, NY", "sentiment": "neutral", "time": "Fri Jul 29 15:53:23 +0000 2016"}
{"polarity": 0.390625, "location": "St. Louis, MO", "sentiment": "positive", "time": "Fri Jul 29 15:53:38 +0000 2016"}
{"polarity": 0.0, "location": "Boston, MA", "sentiment": "neutral", "time": "Fri Jul 29 15:53:40 +0000 2016"}
{"polarity": 0.125, "location": "Portland, OR", "sentiment": "positive", "time": "Fri Jul 29 15:53:43 +0000 2016"}
{"polarity": 0.25, "location": "Orlando, FL", "sentiment": "positive", "time": "Fri Jul 29 15:53:47 +0000 2016"}
{"polarity": 0.03333333333333333, "location": "New York, NY", "sentiment": "positive", "time": "Fri Jul 29 15:53:48 +0000 2016"}
{"polarity": 0.4916666666666667, "location": "Seattle, WA", "sentiment": "positive", "time": "Fri Jul 29 15:53:51 +0000 2016"}
{"polarity": 0.2619047619047619, "location": "Portland, OR", "sentiment": "positive", "time": "Fri Jul 29 15:53:53 +0000 2016"}
{"polarity": 0.35, "location": "New York, NY", "sentiment": "positive", "time": "Fri Jul 29 15:53:56 +0000 2016"}
{"polarity": 0.0, "location": "New York, NY", "sentiment": "neutral", "time": "Fri Jul 29 15:02:01 +0000 2016"}
{"polarity": -0.05, "location": "San Diego, CA", "sentiment": "negative", "time": "Fri Jul 29 15:02:05 +0000 2016"}
{"polarity": 0.2, "location": "Atlanta, GA", "sentiment": "positive", "time": "Fri Jul 29 15:02:05 +0000 2016"}
{"polarity": 0.2, "location": "Atlanta, GA", "sentiment": "positive", "time": "Fri Jul 29 15:02:05 +0000 2016"}
{"polarity": 0.0, "location": "New York, NY", "sentiment": "neutral", "time": "Fri Jul 29 15:02:06 +0000 2016"}
{"polarity": -0.1875, "location": "Atlanta, GA", "sentiment": "negative", "time": "Fri Jul 29 15:02:16 +0000 2016"}
{"polarity": -0.21250000000000002, "location": "San Diego, CA", "sentiment": "negative", "time": "Fri Jul 29 15:02:30 +0000 2016"}
{"polarity": 0.0, "location": "New York, NY", "sentiment": "neutral", "time": "Fri Jul 29 15:02:36 +0000 2016"}
{"polarity": 0.25, "location": "New York, NY", "sentiment": "positive", "time": "Fri Jul 29 15:02:37 +0000 2016"}
{"polarity": 0.2727272727272727, "location": "New York, NY", "sentiment": "positive", "time": "Fri Jul 29 15:02:38 +0000 2016"}
{"polarity": 0.0, "location": "Seattle, WA", "sentiment": "neutral", "time": "Fri Jul 29 15:02:41 +0000 2016"}
{"polarity": 0.4, "location": "New York, NY", "sentiment": "positive", "time": "Fri Jul 29 15:02:45 +0000 2016"}
{"polarity": 0.25, "location": "Boston, MA", "sentiment": "positive", "time": "Fri Jul 29 15:02:46 +0000 2016"}
{"polarity": 0.1, "location": "Portland, OR", "sentiment": "positive", "time": "Fri Jul 29 15:02:52 +0000 2016"}
{"polarity": 0.33333333333333337, "location": "Seattle, WA", "sentiment": "positive", "time": "Fri Jul 29 15:02:57 +0000 2016"}
{"polarity": 0.0, "location": "Portland, OR", "sentiment": "neutral", "time": "Fri Jul 29 15:48:07 +0000 2016"}
{"polarity": 0.0, "location": "Seattle, WA", "sentiment": "neutral", "time": "Fri Jul 29 15:48:11 +0000 2016"}
{"polarity": 0.0, "location": "Portland, OR", "sentiment": "neutral", "time": "Fri Jul 29 15:48:13 +0000 2016"}
{"polarity": 0.0, "location": "Orlando, FL", "sentiment": "neutral", "time": "Fri Jul 29 15:48:18 +0000 2016"}
{"polarity": 0.0, "location": "Orlando, FL", "sentiment": "neutral", "time": "Fri Jul 29 15:48:35 +0000 2016"}
{"polarity": 0.0, "location": "Atlanta, GA", "sentiment": "neutral", "time": "Fri Jul 29 15:48:36 +0000 2016"}
{"polarity": 0.0, "location": "New York, NY", "sentiment": "neutral", "time": "Fri Jul 29 15:48:38 +0000 2016"}
{"polarity": 0.8, "location": "New York, NY", "sentiment": "positive", "time": "Fri Jul 29 15:48:39 +0000 2016"}
{"polarity": 0.0, "location": "San Diego, CA", "sentiment": "neutral", "time": "Fri Jul 29 15:48:45 +0000 2016"}
{"polarity": 0.0, "location": "Orlando, FL", "sentiment": "neutral", "time": "Fri Jul 29 15:48:46 +0000 2016"}
{"polarity": 0.0, "location": "New York, NY", "sentiment": "neutral", "time": "Fri Jul 29 15:48:47 +0000 2016"}
{"polarity": 0.0, "location": "Atlanta, GA", "sentiment": "neutral", "time": "Fri Jul 29 15:48:53 +0000 2016"}
{"polarity": -0.1, "location": "St. Louis, MO", "sentiment": "negative", "time": "Fri Jul 29 15:25:15 +0000 2016"}
{"polarity": 0.0, "location": "Seattle, WA", "sentiment": "neutral", "time": "Fri Jul 29 15:25:23 +0000 2016"}
{"polarity": 0.425, "location": "New York, NY", "sentiment": "positive", "time": "Fri Jul 29 15:25:31 +0000 2016"}
{"polarity": -0.1, "location": "Atlanta, GA", "sentiment": "negative", "time": "Fri Jul 29 15:25:39 +0000 2016"}
{"polarity": 0.0, "location": "Atlanta, GA", "sentiment": "neutral", "time": "Fri Jul 29 15:25:39 +0000 2016"}
{"polarity": 0.21428571428571427, "location": "Phoenix, AZ", "sentiment": "positive", "time": "Fri Jul 29 15:25:39 +0000 2016"}
{"polarity": 0.0, "location": "New York, NY", "sentiment": "neutral", "time": "Fri Jul 29 15:25:52 +0000 2016"}
{"polarity": 0.0, "location": "Boston, MA", "sentiment": "neutral", "time": "Fri Jul 29 15:25:54 +0000 2016"}
{"polarity": 0.2, "location": "Atlanta, GA", "sentiment": "positive", "time": "Fri Jul 29 15:16:03 +0000 2016"}
{"polarity": 0.10000000000000002, "location": "Atlanta, GA", "sentiment": "positive", "time": "Fri Jul 29 15:16:25 +0000 2016"}
{"polarity": 0.1, "location": "Atlanta, GA", "sentiment": "positive", "time": "Fri Jul 29 15:16:25 +0000 2016"}
{"polarity": 0.0, "location": "Boston, MA", "sentiment": "neutral", "time": "Fri Jul 29 15:16:25 +0000 2016"}
{"polarity": 0.1, "location": "New York, NY", "sentiment": "positive", "time": "Fri Jul 29 15:16:38 +0000 2016"}
{"polarity": 0.0, "location": "New York, NY", "sentiment": "neutral", "time": "Fri Jul 29 15:16:41 +0000 2016"}
{"polarity": 0.5, "location": "New York, NY", "sentiment": "positive", "time": "Fri Jul 29 15:16:43 +0000 2016"}
{"polarity": -0.6125, "location": "Seattle, WA", "sentiment": "negative", "time": "Fri Jul 29 15:16:49 +0000 2016"}
{"polarity": 0.2, "location": "San Diego, CA", "sentiment": "positive", "time": "Fri Jul 29 15:16:49 +0000 2016"}
{"polarity": -0.21, "location": "Seattle, WA", "sentiment": "negative", "time": "Fri Jul 29 15:16:59 +0000 2016"}
{"polarity": 0.0, "location": "New York, NY", "sentiment": "neutral", "time": "Fri Jul 29 15:14:01 +0000 2016"}
{"polarity": 0.0, "location": "Atlanta, GA", "sentiment": "neutral", "time": "Fri Jul 29 15:14:04 +0000 2016"}
{"polarity": 0.7000000000000001, "location": "New York, NY", "sentiment": "positive", "time": "Fri Jul 29 15:14:18 +0000 2016"}
{"polarity": 0.0, "location": "Portland, OR", "sentiment": "neutral", "time": "Fri Jul 29 15:14:26 +0000 2016"}
{"polarity": 0.0, "location": "New York, NY", "sentiment": "neutral", "time": "Fri Jul 29 15:14:27 +0000 2016"}
{"polarity": -0.09921875000000002, "location": "Boston, MA", "sentiment": "negative", "time": "Fri Jul 29 15:14:29 +0000 2016"}
{"polarity": 0.0, "location": "San Diego, CA", "sentiment": "neutral", "time": "Fri Jul 29 15:14:42 +0000 2016"}
{"polarity": 0.0, "location": "San Diego, CA", "sentiment": "neutral", "time": "Fri Jul 29 15:14:42 +0000 2016"}
{"polarity": 0.0, "location": "New York, NY", "sentiment": "neutral", "time": "Fri Jul 29 15:14:54 +0000 2016"}
{"polarity": 0.13636363636363635, "location": "Boston, MA", "sentiment": "positive", "time": "Fri Jul 29 15:14:59 +0000 2016"}
{"polarity": 0.546875, "location": "Boston, MA", "sentiment": "positive", "time": "Fri Jul 29 15:23:03 +0000 2016"}
{"polarity": 0.3625, "location": "Atlanta, GA", "sentiment": "positive", "time": "Fri Jul 29 15:23:04 +0000 2016"}
{"polarity": 0.0, "location": "Phoenix, AZ", "sentiment": "neutral", "time": "Fri Jul 29 15:23:04 +0000 2016"}
{"polarity": 0.25, "location": "New York, NY", "sentiment": "positive", "time": "Fri Jul 29 15:23:06 +0000 2016"}
{"polarity": 0.2, "location": "Atlanta, GA", "sentiment": "positive", "time": "Fri Jul 29 15:23:24 +0000 2016"}
{"polarity": 0.3333333333333333, "location": "Atlanta, GA", "sentiment": "positive", "time": "Fri Jul 29 15:23:53 +0000 2016"}
{"polarity": 0.0, "location": "New York, NY", "sentiment": "neutral", "time": "Fri Jul 29 15:07:00 +0000 2016"}
{"polarity": 0.0, "location": "Boston, MA", "sentiment": "neutral", "time": "Fri Jul 29 15:07:01 +0000 2016"}
{"polarity": 0.1, "location": "San Diego, CA", "sentiment": "positive", "time": "Fri Jul 29 15:07:07 +0000 2016"}
{"polarity": 0.25595238095238093, "location": "Atlanta, GA", "sentiment": "positive", "time": "Fri Jul 29 15:07:14 +0000 2016"}
{"polarity": 0.0, "location": "Atlanta, GA", "sentiment": "neutral", "time": "Fri Jul 29 15:07:15 +0000 2016"}
{"polarity": 0.3, "location": "New York, NY", "sentiment": "positive", "time": "Fri Jul 29 15:07:19 +0000 2016"}
{"polarity": -0.030227272727272735, "location": "Atlanta, GA", "sentiment": "negative", "time": "Fri Jul 29 15:07:27 +0000 2016"}
{"polarity": -0.2, "location": "Atlanta, GA", "sentiment": "negative", "time": "Fri Jul 29 15:07:32 +0000 2016"}
{"polarity": 0.0, "location": "Atlanta, GA", "sentiment": "neutral", "time": "Fri Jul 29 15:07:33 +0000 2016"}
{"polarity": 0.4681818181818182, "location": "Portland, OR", "sentiment": "positive", "time": "Fri Jul 29 15:07:34 +0000 2016"}
{"polarity": 0.02353896103896104, "location": "New York, NY", "sentiment": "positive", "time": "Fri Jul 29 15:07:35 +0000 2016"}
{"polarity": 0.0, "location": "Atlanta, GA", "sentiment": "neutral", "time": "Fri Jul 29 15:07:37 +0000 2016"}
{"polarity": 0.0, "location": "San Diego, CA", "sentiment": "neutral", "time": "Fri Jul 29 15:07:42 +0000 2016"}
{"polarity": 0.0, "location": "New York, NY", "sentiment": "neutral", "time": "Fri Jul 29 15:07:53 +0000 2016"}
{"polarity": 0.0, "location": "Atlanta, GA", "sentiment": "neutral", "time": "Fri Jul 29 15:07:58 +0000 2016"}
{"polarity": 0.5, "location": "New York, NY", "sentiment": "positive", "time": "Fri Jul 29 15:51:00 +0000 2016"}
{"polarity": 0.0, "location": "Atlanta, GA", "sentiment": "neutral", "time": "Fri Jul 29 15:51:05 +0000 2016"}
{"polarity": 0.1, "location": "San Diego, CA", "sentiment": "positive", "time": "Fri Jul 29 15:51:05 +0000 2016"}
{"polarity": -0.3, "location": "Boston, MA", "sentiment": "negative", "time": "Fri Jul 29 15:51:14 +0000 2016"}
{"polarity": 0.8, "location": "Boston, MA", "sentiment": "positive", "time": "Fri Jul 29 15:51:22 +0000 2016"}
{"polarity": 0.18522727272727274, "location": "New York, NY", "sentiment": "positive", "time": "Fri Jul 29 15:51:35 +0000 2016"}
{"polarity": 0.0, "location": "Seattle, WA", "sentiment": "neutral", "time": "Fri Jul 29 15:51:37 +0000 2016"}
{"polarity": 0.0, "location": "San Diego, CA", "sentiment": "neutral", "time": "Fri Jul 29 15:51:41 +0000 2016"}
{"polarity": 5.551115123125783e-17, "location": "Atlanta, GA", "sentiment": "positive", "time": "Fri Jul 29 15:51:41 +0000 2016"}
{"polarity": 0.0, "location": "Atlanta, GA", "sentiment": "neutral", "time": "Fri Jul 29 15:51:43 +0000 2016"}
{"polarity": 0.0, "location": "Orlando, FL", "sentiment": "neutral", "time": "Fri Jul 29 15:51:50 +0000 2016"}
{"polarity": -0.8, "location": "Boston, MA", "sentiment": "negative", "time": "Fri Jul 29 15:51:53 +0000 2016"}
{"polarity": 0.45, "location": "Atlanta, GA", "sentiment": "positive", "time": "Fri Jul 29 15:30:02 +0000 2016"}
{"polarity": 0.0, "location": "Portland, OR", "sentiment": "neutral", "time": "Fri Jul 29 15:30:05 +0000 2016"}
{"polarity": 0.0, "location": "New York, NY", "sentiment": "neutral", "time": "Fri Jul 29 15:30:05 +0000 2016"}
{"polarity": 0.0, "location": "New York, NY", "sentiment": "neutral", "time": "Fri Jul 29 15:30:10 +0000 2016"}
{"polarity": 0.25, "location": "Boston, MA", "sentiment": "positive", "time": "Fri Jul 29 15:30:12 +0000 2016"}
{"polarity": 0.0, "location": "Phoenix, AZ", "sentiment": "neutral", "time": "Fri Jul 29 15:30:25 +0000 2016"}
{"polarity": 0.0, "location": "Orlando, FL", "sentiment": "neutral", "time": "Fri Jul 29 15:30:26 +0000 2016"}
{"polarity": -0.033333333333333326, "location": "Atlanta, GA", "sentiment": "negative", "time": "Fri Jul 29 15:30:35 +0000 2016"}
{"polarity": 0.7, "location": "Seattle, WA", "sentiment": "positive", "time": "Fri Jul 29 15:30:42 +0000 2016"}
{"polarity": 0.0, "location": "Seattle, WA", "sentiment": "neutral", "time": "Fri Jul 29 15:30:45 +0000 2016"}
{"polarity": 0.25, "location": "Seattle, WA", "sentiment": "positive", "time": "Fri Jul 29 15:30:53 +0000 2016"}
{"polarity": 0.5, "location": "Boston, MA", "sentiment": "positive", "time": "Fri Jul 29 15:03:05 +0000 2016"}
{"polarity": 0.0, "location": "Atlanta, GA", "sentiment": "neutral", "time": "Fri Jul 29 15:03:09 +0000 2016"}
{"polarity": 0.2, "location": "Seattle, WA", "sentiment": "positive", "time": "Fri Jul 29 15:03:20 +0000 2016"}
{"polarity": 0.35, "location": "Seattle, WA", "sentiment": "positive", "time": "Fri Jul 29 15:03:24 +0000 2016"}
{"polarity": 0.0, "location": "Atlanta, GA", "sentiment": "neutral", "time": "Fri Jul 29 15:03:31 +0000 2016"}
{"polarity": -1.850371707708594e-17, "location": "Boston, MA", "sentiment": "negative", "time": "Fri Jul 29 15:03:34 +0000 2016"}
{"polarity": 0.0, "location": "Atlanta, GA", "sentiment": "neutral", "time": "Fri Jul 29 15:03:36 +0000 2016"}
{"polarity": -0.5, "location": "Atlanta, GA", "sentiment": "negative", "time": "Fri Jul 29 15:03:48 +0000 2016"}
{"polarity": -0.4, "location": "Boston, MA", "sentiment": "negative", "time": "Fri Jul 29 15:03:57 +0000 2016"}
{"polarity": 0.2, "location": "Orlando, FL", "sentiment": "positive", "time": "Fri Jul 29 15:40:03 +0000 2016"}
{"polarity": 0.2, "location": "Seattle, WA", "sentiment": "positive", "time": "Fri Jul 29 15:40:05 +0000 2016"}
{"polarity": 0.0, "location": "Atlanta, GA", "sentiment": "neutral", "time": "Fri Jul 29 15:40:05 +0000 2016"}
{"polarity": 0.0, "location": "New York, NY", "sentiment": "neutral", "time": "Fri Jul 29 15:40:08 +0000 2016"}
{"polarity": 0.0, "location": "New York, NY", "sentiment": "neutral", "time": "Fri Jul 29 15:40:19 +0000 2016"}
{"polarity": 0.2857142857142857, "location": "Atlanta, GA", "sentiment": "positive", "time": "Fri Jul 29 15:40:34 +0000 2016"}
{"polarity": 0.0, "location": "Atlanta, GA", "sentiment": "neutral", "time": "Fri Jul 29 15:40:35 +0000 2016"}
{"polarity": 0.5, "location": "Orlando, FL", "sentiment": "positive", "time": "Fri Jul 29 15:40:36 +0000 2016"}
{"polarity": 0.75, "location": "Boston, MA", "sentiment": "positive", "time": "Fri Jul 29 15:40:38 +0000 2016"}
{"polarity": 0.0, "location": "San Diego, CA", "sentiment": "neutral", "time": "Fri Jul 29 15:40:39 +0000 2016"}
{"polarity": 0.17083333333333334, "location": "Portland, OR", "sentiment": "positive", "time": "Fri Jul 29 15:40:41 +0000 2016"}
{"polarity": 0.13636363636363635, "location": "New York, NY", "sentiment": "positive", "time": "Fri Jul 29 15:40:43 +0000 2016"}
{"polarity": -0.4, "location": "Atlanta, GA", "sentiment": "negative", "time": "Fri Jul 29 15:40:47 +0000 2016"}
{"polarity": 0.0, "location": "New York, NY", "sentiment": "neutral", "time": "Fri Jul 29 15:40:52 +0000 2016"}
{"polarity": 0.0, "location": "St. Louis, MO", "sentiment": "neutral", "time": "Fri Jul 29 15:08:04 +0000 2016"}
{"polarity": -0.375, "location": "Orlando, FL", "sentiment": "negative", "time": "Fri Jul 29 15:08:05 +0000 2016"}
{"polarity": 0.3125, "location": "Atlanta, GA", "sentiment": "positive", "time": "Fri Jul 29 15:08:07 +0000 2016"}
{"polarity": 0.2, "location": "New York, NY", "sentiment": "positive", "time": "Fri Jul 29 15:08:12 +0000 2016"}
{"polarity": 0.0, "location": "Atlanta, GA", "sentiment": "neutral", "time": "Fri Jul 29 15:08:22 +0000 2016"}
{"polarity": 0.0, "location": "Portland, OR", "sentiment": "neutral", "time": "Fri Jul 29 15:08:24 +0000 2016"}
{"polarity": -0.3333333333333333, "location": "Orlando, FL", "sentiment": "negative", "time": "Fri Jul 29 15:08:40 +0000 2016"}
{"polarity": 0.0, "location": "Boston, MA", "sentiment": "neutral", "time": "Fri Jul 29 15:08:45 +0000 2016"}
{"polarity": 0.5, "location": "New York, NY", "sentiment": "positive", "time": "Fri Jul 29 15:08:46 +0000 2016"}
{"polarity": 0.0, "location": "Seattle, WA", "sentiment": "neutral", "time": "Fri Jul 29 15:08:47 +0000 2016"}
{"polarity": 0.0, "location": "Phoenix, AZ", "sentiment": "neutral", "time": "Fri Jul 29 15:08:54 +0000 2016"}
{"polarity": 0.0, "location": "New York, NY", "sentiment": "neutral", "time": "Fri Jul 29 15:35:04 +0000 2016"}
{"polarity": 0.0, "location": "Orlando, FL", "sentiment": "neutral", "time": "Fri Jul 29 15:35:12 +0000 2016"}
{"polarity": 0.0, "location": "San Diego, CA", "sentiment": "neutral", "time": "Fri Jul 29 15:35:17 +0000 2016"}
{"polarity": -0.13333333333333333, "location": "Seattle, WA", "sentiment": "negative", "time": "Fri Jul 29 15:35:18 +0000 2016"}
{"polarity": 0.30833333333333335, "location": "San Diego, CA", "sentiment": "positive", "time": "Fri Jul 29 15:35:24 +0000 2016"}
{"polarity": 0.0, "location": "Atlanta, GA", "sentiment": "neutral", "time": "Fri Jul 29 15:35:28 +0000 2016"}
{"polarity": 0.43333333333333335, "location": "New York, NY", "sentiment": "positive", "time": "Fri Jul 29 15:35:37 +0000 2016"}
{"polarity": -0.2, "location": "Portland, OR", "sentiment": "negative", "time": "Fri Jul 29 15:35:39 +0000 2016"}
{"polarity": 0.0, "location": "Atlanta, GA", "sentiment": "neutral", "time": "Fri Jul 29 15:35:45 +0000 2016"}
{"polarity": -0.08333333333333333, "location": "Atlanta, GA", "sentiment": "negative", "time": "Fri Jul 29 15:35:48 +0000 2016"}
{"polarity": 0.3125, "location": "Atlanta, GA", "sentiment": "positive", "time": "Fri Jul 29 15:35:52 +0000 2016"}
{"polarity": 0.0, "location": "Orlando, FL", "sentiment": "neutral", "time": "Fri Jul 29 15:43:00 +0000 2016"}
{"polarity": 0.0, "location": "New York, NY", "sentiment": "neutral", "time": "Fri Jul 29 15:43:05 +0000 2016"}
{"polarity": 0.0, "location": "Atlanta, GA", "sentiment": "neutral", "time": "Fri Jul 29 15:43:07 +0000 2016"}
{"polarity": 0.0, "location": "Portland, OR", "sentiment": "neutral", "time": "Fri Jul 29 15:43:19 +0000 2016"}
{"polarity": 0.0, "location": "Phoenix, AZ", "sentiment": "neutral", "time": "Fri Jul 29 15:43:21 +0000 2016"}
{"polarity": 0.0, "location": "Boston, MA", "sentiment": "neutral", "time": "Fri Jul 29 15:43:24 +0000 2016"}
{"polarity": -0.1375, "location": "New York, NY", "sentiment": "negative", "time": "Fri Jul 29 15:43:34 +0000 2016"}
{"polarity": -0.4, "location": "San Diego, CA", "sentiment": "negative", "time": "Fri Jul 29 15:43:39 +0000 2016"}
{"polarity": -0.3333333333333333, "location": "Atlanta, GA", "sentiment": "negative", "time": "Fri Jul 29 15:43:41 +0000 2016"}
{"polarity": -0.125, "location": "New York, NY", "sentiment": "negative", "time": "Fri Jul 29 15:43:42 +0000 2016"}
{"polarity": 0.0, "location": "San Diego, CA", "sentiment": "neutral", "time": "Fri Jul 29 15:43:56 +0000 2016"}
{"polarity": 0.0, "location": "Atlanta, GA", "sentiment": "neutral", "time": "Fri Jul 29 15:10:00 +0000 2016"}
{"polarity": 0.0, "location": "Atlanta, GA", "sentiment": "neutral", "time": "Fri Jul 29 15:10:14 +0000 2016"}
{"polarity": 0.0, "location": "Boston, MA", "sentiment": "neutral", "time": "Fri Jul 29 15:10:16 +0000 2016"}
{"polarity": 0.0, "location": "Phoenix, AZ", "sentiment": "neutral", "time": "Fri Jul 29 15:10:25 +0000 2016"}
{"polarity": 0.45185185185185195, "location": "Boston, MA", "sentiment": "positive", "time": "Fri Jul 29 15:10:25 +0000 2016"}
{"polarity": 0.0, "location": "Orlando, FL", "sentiment": "neutral", "time": "Fri Jul 29 15:10:40 +0000 2016"}
{"polarity": 0.1875, "location": "Boston, MA", "sentiment": "positive", "time": "Fri Jul 29 15:10:48 +0000 2016"}
{"polarity": 0.1, "location": "Atlanta, GA", "sentiment": "positive", "time": "Fri Jul 29 15:10:58 +0000 2016"}
{"polarity": 0.0, "location": "San Diego, CA", "sentiment": "neutral", "time": "Fri Jul 29 15:54:04 +0000 2016"}
{"polarity": 0.25, "location": "Portland, OR", "sentiment": "positive", "time": "Fri Jul 29 15:54:04 +0000 2016"}
{"polarity": 0.0, "location": "Boston, MA", "sentiment": "neutral", "time": "Fri Jul 29 15:54:31 +0000 2016"}
{"polarity": 0.12222222222222223, "location": "Atlanta, GA", "sentiment": "positive", "time": "Fri Jul 29 15:54:33 +0000 2016"}
{"polarity": 0.0, "location": "Atlanta, GA", "sentiment": "neutral", "time": "Fri Jul 29 15:54:34 +0000 2016"}
{"polarity": 0.54296875, "location": "San Diego, CA", "sentiment": "positive", "time": "Fri Jul 29 15:54:38 +0000 2016"}
{"polarity": 0.0, "location": "Atlanta, GA", "sentiment": "neutral", "time": "Fri Jul 29 15:54:52 +0000 2016"}
{"polarity": 0.640625, "location": "New York, NY", "sentiment": "positive", "time": "Fri Jul 29 15:54:52 +0000 2016"}
{"polarity": 0.0, "location": "New York, NY", "sentiment": "neutral", "time": "Fri Jul 29 15:54:55 +0000 2016"}
{"polarity": -0.2, "location": "Orlando, FL", "sentiment": "negative", "time": "Fri Jul 29 15:24:00 +0000 2016"}
{"polarity": 0.0, "location": "Phoenix, AZ", "sentiment": "neutral", "time": "Fri Jul 29 15:24:02 +0000 2016"}
{"polarity": 0.0, "location": "Orlando, FL", "sentiment": "neutral", "time": "Fri Jul 29 15:24:07 +0000 2016"}
{"polarity": 0.0, "location": "New York, NY", "sentiment": "neutral", "time": "Fri Jul 29 15:24:16 +0000 2016"}
{"polarity": 0.2130681818181818, "location": "New York, NY", "sentiment": "positive", "time": "Fri Jul 29 15:24:38 +0000 2016"}
{"polarity": 0.0, "location": "New York, NY", "sentiment": "neutral", "time": "Fri Jul 29 15:24:59 +0000 2016"}
{"polarity": 0.0, "location": "Atlanta, GA", "sentiment": "neutral", "time": "Fri Jul 29 15:32:00 +0000 2016"}
{"polarity": 0.0, "location": "Phoenix, AZ", "sentiment": "neutral", "time": "Fri Jul 29 15:32:04 +0000 2016"}
{"polarity": 0.0, "location": "Atlanta, GA", "sentiment": "neutral", "time": "Fri Jul 29 15:32:07 +0000 2016"}
{"polarity": 0.0, "location": "Portland, OR", "sentiment": "neutral", "time": "Fri Jul 29 15:32:10 +0000 2016"}
{"polarity": -0.015151515151515152, "location": "Phoenix, AZ", "sentiment": "negative", "time": "Fri Jul 29 15:32:12 +0000 2016"}
{"polarity": 0.1, "location": "Seattle, WA", "sentiment": "positive", "time": "Fri Jul 29 15:32:16 +0000 2016"}
{"polarity": 0.1, "location": "Atlanta, GA", "sentiment": "positive", "time": "Fri Jul 29 15:32:17 +0000 2016"}
{"polarity": 0.0, "location": "San Diego, CA", "sentiment": "neutral", "time": "Fri Jul 29 15:32:20 +0000 2016"}
{"polarity": 0.0, "location": "New York, NY", "sentiment": "neutral", "time": "Fri Jul 29 15:32:26 +0000 2016"}
{"polarity": 0.0, "location": "Atlanta, GA", "sentiment": "neutral", "time": "Fri Jul 29 15:32:33 +0000 2016"}
{"polarity": 0.125, "location": "Seattle, WA", "sentiment": "positive", "time": "Fri Jul 29 15:32:36 +0000 2016"}
{"polarity": -0.4, "location": "New York, NY", "sentiment": "negative", "time": "Fri Jul 29 15:32:37 +0000 2016"}
{"polarity": 0.625, "location": "Seattle, WA", "sentiment": "positive", "time": "Fri Jul 29 15:32:47 +0000 2016"}
{"polarity": 0.0, "location": "Phoenix, AZ", "sentiment": "neutral", "time": "Fri Jul 29 15:36:00 +0000 2016"}
{"polarity": 0.0, "location": "Portland, OR", "sentiment": "neutral", "time": "Fri Jul 29 15:36:03 +0000 2016"}
{"polarity": 0.0, "location": "New York, NY", "sentiment": "neutral", "time": "Fri Jul 29 15:36:14 +0000 2016"}
{"polarity": 0.0, "location": "Atlanta, GA", "sentiment": "neutral", "time": "Fri Jul 29 15:36:19 +0000 2016"}
{"polarity": 0.0, "location": "New York, NY", "sentiment": "neutral", "time": "Fri Jul 29 15:36:19 +0000 2016"}
{"polarity": 0.0, "location": "New York, NY", "sentiment": "neutral", "time": "Fri Jul 29 15:36:21 +0000 2016"}
{"polarity": 0.0, "location": "Atlanta, GA", "sentiment": "neutral", "time": "Fri Jul 29 15:36:22 +0000 2016"}
{"polarity": 0.17045454545454544, "location": "Portland, OR", "sentiment": "positive", "time": "Fri Jul 29 15:36:26 +0000 2016"}
{"polarity": -1.0, "location": "San Diego, CA", "sentiment": "negative", "time": "Fri Jul 29 15:36:30 +0000 2016"}
{"polarity": 0.3125, "location": "Atlanta, GA", "sentiment": "positive", "time": "Fri Jul 29 15:36:38 +0000 2016"}
{"polarity": 0.3125, "location": "Atlanta, GA", "sentiment": "positive", "time": "Fri Jul 29 15:36:38 +0000 2016"}
{"polarity": 0.35, "location": "Orlando, FL", "sentiment": "positive", "time": "Fri Jul 29 15:36:39 +0000 2016"}
{"polarity": 0.625, "location": "Atlanta, GA", "sentiment": "positive", "time": "Fri Jul 29 15:36:40 +0000 2016"}
{"polarity": 0.0, "location": "New York, NY", "sentiment": "neutral", "time": "Fri Jul 29 15:36:48 +0000 2016"}
{"polarity": 0.0, "location": "Atlanta, GA", "sentiment": "neutral", "time": "Fri Jul 29 15:36:50 +0000 2016"}
{"polarity": 0.5, "location": "New York, NY", "sentiment": "positive", "time": "Fri Jul 29 15:36:52 +0000 2016"}
{"polarity": 0.0, "location": "Seattle, WA", "sentiment": "neutral", "time": "Fri Jul 29 15:01:03 +0000 2016"}
{"polarity": 0.0, "location": "San Diego, CA", "sentiment": "neutral", "time": "Fri Jul 29 15:01:08 +0000 2016"}
{"polarity": 0.5, "location": "Seattle, WA", "sentiment": "positive", "time": "Fri Jul 29 15:01:10 +0000 2016"}
{"polarity": 0.0, "location": "New York, NY", "sentiment": "neutral", "time": "Fri Jul 29 15:01:11 +0000 2016"}
{"polarity": 0.0, "location": "Atlanta, GA", "sentiment": "neutral", "time": "Fri Jul 29 15:01:17 +0000 2016"}
{"polarity": -0.5, "location": "Orlando, FL", "sentiment": "negative", "time": "Fri Jul 29 15:01:20 +0000 2016"}
{"polarity": 0.35, "location": "Atlanta, GA", "sentiment": "positive", "time": "Fri Jul 29 15:01:26 +0000 2016"}
{"polarity": 0.0, "location": "New York, NY", "sentiment": "neutral", "time": "Fri Jul 29 15:01:29 +0000 2016"}
{"polarity": 0.0, "location": "San Diego, CA", "sentiment": "neutral", "time": "Fri Jul 29 15:01:29 +0000 2016"}
{"polarity": -0.04999999999999999, "location": "Phoenix, AZ", "sentiment": "negative", "time": "Fri Jul 29 15:01:49 +0000 2016"}
{"polarity": 0.0, "location": "New York, NY", "sentiment": "neutral", "time": "Fri Jul 29 15:01:56 +0000 2016"}
{"polarity": 0.0, "location": "Orlando, FL", "sentiment": "neutral", "time": "Fri Jul 29 15:01:57 +0000 2016"}
{"polarity": 0.0, "location": "Phoenix, AZ", "sentiment": "neutral", "time": "Fri Jul 29 15:01:48 +0000 2016"}
{"polarity": 0.0, "location": "Phoenix, AZ", "sentiment": "neutral", "time": "Fri Jul 29 15:01:48 +0000 2016"}
{"polarity": 0.0, "location": "Boston, MA", "sentiment": "neutral", "time": "Fri Jul 29 15:55:10 +0000 2016"}
{"polarity": 0.0, "location": "Boston, MA", "sentiment": "neutral", "time": "Fri Jul 29 15:55:20 +0000 2016"}
{"polarity": 0.0, "location": "Boston, MA", "sentiment": "neutral", "time": "Fri Jul 29 15:55:27 +0000 2016"}
{"polarity": 0.33999999999999997, "location": "Phoenix, AZ", "sentiment": "positive", "time": "Fri Jul 29 15:55:32 +0000 2016"}
{"polarity": 0.27499999999999997, "location": "New York, NY", "sentiment": "positive", "time": "Fri Jul 29 15:55:34 +0000 2016"}
{"polarity": 0.39285714285714285, "location": "Boston, MA", "sentiment": "positive", "time": "Fri Jul 29 15:55:35 +0000 2016"}
{"polarity": -0.15000000000000002, "location": "Boston, MA", "sentiment": "negative", "time": "Fri Jul 29 15:55:41 +0000 2016"}
{"polarity": 0.0, "location": "Atlanta, GA", "sentiment": "neutral", "time": "Fri Jul 29 15:55:53 +0000 2016"}
{"polarity": -0.6, "location": "Phoenix, AZ", "sentiment": "negative", "time": "Fri Jul 29 15:55:54 +0000 2016"}
{"polarity": -0.5, "location": "Orlando, FL", "sentiment": "negative", "time": "Fri Jul 29 15:55:54 +0000 2016"}
{"polarity": 0.21818181818181817, "location": "New York, NY", "sentiment": "positive", "time": "Fri Jul 29 15:55:58 +0000 2016"}
{"polarity": 0.0, "location": "Boston, MA", "sentiment": "neutral", "time": "Fri Jul 29 15:09:01 +0000 2016"}
{"polarity": 0.0, "location": "Atlanta, GA", "sentiment": "neutral", "time": "Fri Jul 29 15:09:12 +0000 2016"}
{"polarity": 0.0, "location": "Atlanta, GA", "sentiment": "neutral", "time": "Fri Jul 29 15:09:13 +0000 2016"}
{"polarity": 0.0, "location": "New York, NY", "sentiment": "neutral", "time": "Fri Jul 29 15:09:16 +0000 2016"}
{"polarity": 0.0, "location": "San Diego, CA", "sentiment": "neutral", "time": "Fri Jul 29 15:09:23 +0000 2016"}
{"polarity": 0.0, "location": "Phoenix, AZ", "sentiment": "neutral", "time": "Fri Jul 29 15:09:23 +0000 2016"}
{"polarity": 0.0, "location": "New York, NY", "sentiment": "neutral", "time": "Fri Jul 29 15:09:26 +0000 2016"}
{"polarity": 0.0, "location": "New York, NY", "sentiment": "neutral", "time": "Fri Jul 29 15:09:47 +0000 2016"}
{"polarity": 1.0, "location": "Seattle, WA", "sentiment": "positive", "time": "Fri Jul 29 15:09:50 +0000 2016"}
{"polarity": 0.28125, "location": "Portland, OR", "sentiment": "positive", "time": "Fri Jul 29 15:09:52 +0000 2016"}
{"polarity": 0.5, "location": "Seattle, WA", "sentiment": "positive", "time": "Fri Jul 29 15:09:56 +0000 2016"}
{"polarity": 0.175, "location": "Boston, MA", "sentiment": "positive", "time": "Fri Jul 29 15:33:03 +0000 2016"}
{"polarity": 0.0, "location": "Portland, OR", "sentiment": "neutral", "time": "Fri Jul 29 15:33:03 +0000 2016"}
{"polarity": 0.1, "location": "Boston, MA", "sentiment": "positive", "time": "Fri Jul 29 15:33:06 +0000 2016"}
{"polarity": 0.03333333333333333, "location": "Boston, MA", "sentiment": "positive", "time": "Fri Jul 29 15:33:14 +0000 2016"}
{"polarity": 0.0, "location": "Atlanta, GA", "sentiment": "neutral", "time": "Fri Jul 29 15:33:37 +0000 2016"}
{"polarity": 0.2, "location": "Atlanta, GA", "sentiment": "positive", "time": "Fri Jul 29 15:33:38 +0000 2016"}
{"polarity": 1.0, "location": "Seattle, WA", "sentiment": "positive", "time": "Fri Jul 29 15:33:38 +0000 2016"}
{"polarity": 0.8, "location": "New York, NY", "sentiment": "positive", "time": "Fri Jul 29 15:33:41 +0000 2016"}
{"polarity": 0.0, "location": "New York, NY", "sentiment": "neutral", "time": "Fri Jul 29 15:33:44 +0000 2016"}
{"polarity": 0.0, "location": "New York, NY", "sentiment": "neutral", "time": "Fri Jul 29 15:33:47 +0000 2016"}
{"polarity": 0.2, "location": "Boston, MA", "sentiment": "positive", "time": "Fri Jul 29 15:33:48 +0000 2016"}
{"polarity": -0.08181818181818185, "location": "Seattle, WA", "sentiment": "negative", "time": "Fri Jul 29 15:33:50 +0000 2016"}
{"polarity": 0.5, "location": "Seattle, WA", "sentiment": "positive", "time": "Fri Jul 29 15:33:54 +0000 2016"}
{"polarity": 0.0, "location": "San Diego, CA", "sentiment": "neutral", "time": "Fri Jul 29 15:33:57 +0000 2016"}
{"polarity": 0.0, "location": "New York, NY", "sentiment": "neutral", "time": "Fri Jul 29 15:33:58 +0000 2016"}
{"polarity": 0.0, "location": "Phoenix, AZ", "sentiment": "neutral", "time": "Fri Jul 29 15:44:09 +0000 2016"}
{"polarity": 0.0, "location": "Orlando, FL", "sentiment": "neutral", "time": "Fri Jul 29 15:44:15 +0000 2016"}
{"polarity": -0.5, "location": "New York, NY", "sentiment": "negative", "time": "Fri Jul 29 15:44:19 +0000 2016"}
{"polarity": 0.6000000000000001, "location": "Portland, OR", "sentiment": "positive", "time": "Fri Jul 29 15:44:39 +0000 2016"}
{"polarity": -0.1875, "location": "Phoenix, AZ", "sentiment": "negative", "time": "Fri Jul 29 15:44:52 +0000 2016"}
{"polarity": 0.0, "location": "Atlanta, GA", "sentiment": "neutral", "time": "Fri Jul 29 15:44:54 +0000 2016"}
{"polarity": 1.0, "location": "Boston, MA", "sentiment": "positive", "time": "Fri Jul 29 15:44:59 +0000 2016"}
{"polarity": 0.5, "location": "Phoenix, AZ", "sentiment": "positive", "time": "Fri Jul 29 15:28:00 +0000 2016"}
{"polarity": 0.17916666666666667, "location": "New York, NY", "sentiment": "positive", "time": "Fri Jul 29 15:28:07 +0000 2016"}
{"polarity": 0.0, "location": "New York, NY", "sentiment": "neutral", "time": "Fri Jul 29 15:28:20 +0000 2016"}
{"polarity": 0.0, "location": "New York, NY", "sentiment": "neutral", "time": "Fri Jul 29 15:28:26 +0000 2016"}
{"polarity": 0.0, "location": "Portland, OR", "sentiment": "neutral", "time": "Fri Jul 29 15:28:28 +0000 2016"}
{"polarity": 0.0, "location": "Boston, MA", "sentiment": "neutral", "time": "Fri Jul 29 15:28:34 +0000 2016"}
{"polarity": 0.0, "location": "New York, NY", "sentiment": "neutral", "time": "Fri Jul 29 15:28:41 +0000 2016"}
{"polarity": 0.8, "location": "Orlando, FL", "sentiment": "positive", "time": "Fri Jul 29 15:28:57 +0000 2016"}
{"polarity": 0.0, "location": "Seattle, WA", "sentiment": "neutral", "time": "Fri Jul 29 15:22:19 +0000 2016"}
{"polarity": 0.0, "location": "Seattle, WA", "sentiment": "neutral", "time": "Fri Jul 29 15:22:20 +0000 2016"}
{"polarity": 0.5, "location": "Portland, OR", "sentiment": "positive", "time": "Fri Jul 29 15:22:36 +0000 2016"}
{"polarity": 0.0, "location": "Orlando, FL", "sentiment": "neutral", "time": "Fri Jul 29 15:22:47 +0000 2016"}
{"polarity": 0.8, "location": "Atlanta, GA", "sentiment": "positive", "time": "Fri Jul 29 15:22:59 +0000 2016"}
{"polarity": 0.25, "location": "Portland, OR", "sentiment": "positive", "time": "Fri Jul 29 15:49:02 +0000 2016"}
{"polarity": 0.15000000000000002, "location": "Atlanta, GA", "sentiment": "positive", "time": "Fri Jul 29 15:49:05 +0000 2016"}
{"polarity": 0.55, "location": "Seattle, WA", "sentiment": "positive", "time": "Fri Jul 29 15:49:10 +0000 2016"}
{"polarity": 0.0, "location": "Phoenix, AZ", "sentiment": "neutral", "time": "Fri Jul 29 15:49:14 +0000 2016"}
{"polarity": 0.25, "location": "Boston, MA", "sentiment": "positive", "time": "Fri Jul 29 15:49:20 +0000 2016"}
{"polarity": 0.3375, "location": "Atlanta, GA", "sentiment": "positive", "time": "Fri Jul 29 15:49:51 +0000 2016"}
{"polarity": 0.0, "location": "New York, NY", "sentiment": "neutral", "time": "Fri Jul 29 15:45:01 +0000 2016"}
{"polarity": 1.0, "location": "Phoenix, AZ", "sentiment": "positive", "time": "Fri Jul 29 15:45:17 +0000 2016"}
{"polarity": 0.0, "location": "Orlando, FL", "sentiment": "neutral", "time": "Fri Jul 29 15:45:26 +0000 2016"}
{"polarity": 0.0, "location": "Atlanta, GA", "sentiment": "neutral", "time": "Fri Jul 29 15:45:27 +0000 2016"}
{"polarity": 1.0, "location": "Atlanta, GA", "sentiment": "positive", "time": "Fri Jul 29 15:45:29 +0000 2016"}
{"polarity": -0.15555555555555559, "location": "Phoenix, AZ", "sentiment": "negative", "time": "Fri Jul 29 15:45:32 +0000 2016"}
{"polarity": 0.2, "location": "Phoenix, AZ", "sentiment": "positive", "time": "Fri Jul 29 15:45:55 +0000 2016"}
{"polarity": 0.0, "location": "Portland, OR", "sentiment": "neutral", "time": "Fri Jul 29 15:45:59 +0000 2016"}
{"polarity": 0.0, "location": "San Diego, CA", "sentiment": "neutral", "time": "Fri Jul 29 15:06:09 +0000 2016"}
{"polarity": 0.2, "location": "New York, NY", "sentiment": "positive", "time": "Fri Jul 29 15:06:10 +0000 2016"}
{"polarity": 0.5, "location": "New York, NY", "sentiment": "positive", "time": "Fri Jul 29 15:06:14 +0000 2016"}
{"polarity": 0.4, "location": "Orlando, FL", "sentiment": "positive", "time": "Fri Jul 29 15:06:15 +0000 2016"}
{"polarity": 0.3333333333333333, "location": "Atlanta, GA", "sentiment": "positive", "time": "Fri Jul 29 15:06:25 +0000 2016"}
{"polarity": 0.0, "location": "Atlanta, GA", "sentiment": "neutral", "time": "Fri Jul 29 15:06:31 +0000 2016"}
{"polarity": 0.0, "location": "New York, NY", "sentiment": "neutral", "time": "Fri Jul 29 15:06:38 +0000 2016"}
{"polarity": 0.0, "location": "Seattle, WA", "sentiment": "neutral", "time": "Fri Jul 29 15:06:44 +0000 2016"}
{"polarity": 0.24999999999999997, "location": "St. Louis, MO", "sentiment": "positive", "time": "Fri Jul 29 15:06:44 +0000 2016"}
{"polarity": 0.1, "location": "San Diego, CA", "sentiment": "positive", "time": "Fri Jul 29 15:06:46 +0000 2016"}
{"polarity": 0.0, "location": "New York, NY", "sentiment": "neutral", "time": "Fri Jul 29 15:06:46 +0000 2016"}
{"polarity": 0.0, "location": "Seattle, WA", "sentiment": "neutral", "time": "Fri Jul 29 15:06:46 +0000 2016"}
{"polarity": 0.0, "location": "Seattle, WA", "sentiment": "neutral", "time": "Fri Jul 29 15:06:46 +0000 2016"}
{"polarity": 0.0, "location": "Boston, MA", "sentiment": "neutral", "time": "Fri Jul 29 15:06:51 +0000 2016"}
{"polarity": 0.0, "location": "Seattle, WA", "sentiment": "neutral", "time": "Fri Jul 29 15:06:56 +0000 2016"}
{"polarity": 0.9, "location": "Atlanta, GA", "sentiment": "positive", "time": "Fri Jul 29 15:06:58 +0000 2016"}
{"polarity": -0.35, "location": "Orlando, FL", "sentiment": "negative", "time": "Fri Jul 29 15:20:10 +0000 2016"}
{"polarity": 0.0, "location": "Phoenix, AZ", "sentiment": "neutral", "time": "Fri Jul 29 15:20:16 +0000 2016"}
{"polarity": 0.28593749999999996, "location": "Seattle, WA", "sentiment": "positive", "time": "Fri Jul 29 15:20:41 +0000 2016"}
{"polarity": 0.2, "location": "New York, NY", "sentiment": "positive", "time": "Fri Jul 29 15:20:57 +0000 2016"}
{"polarity": -0.2333333333333333, "location": "San Diego, CA", "sentiment": "negative", "time": "Fri Jul 29 15:13:04 +0000 2016"}
{"polarity": 0.0, "location": "Seattle, WA", "sentiment": "neutral", "time": "Fri Jul 29 15:13:12 +0000 2016"}
{"polarity": 0.48522727272727273, "location": "San Diego, CA", "sentiment": "positive", "time": "Fri Jul 29 15:13:14 +0000 2016"}
{"polarity": 0.2, "location": "Atlanta, GA", "sentiment": "positive", "time": "Fri Jul 29 15:13:20 +0000 2016"}
{"polarity": 0.43333333333333335, "location": "Atlanta, GA", "sentiment": "positive", "time": "Fri Jul 29 15:13:22 +0000 2016"}
{"polarity": 0.75, "location": "Seattle, WA", "sentiment": "positive", "time": "Fri Jul 29 15:13:23 +0000 2016"}
{"polarity": 0.0, "location": "New York, NY", "sentiment": "neutral", "time": "Fri Jul 29 15:13:26 +0000 2016"}
{"polarity": 0.0, "location": "Atlanta, GA", "sentiment": "neutral", "time": "Fri Jul 29 15:13:41 +0000 2016"}
{"polarity": 0.0, "location": "Seattle, WA", "sentiment": "neutral", "time": "Fri Jul 29 15:13:45 +0000 2016"}
{"polarity": 0.0, "location": "Portland, OR", "sentiment": "neutral", "time": "Fri Jul 29 15:13:54 +0000 2016"}
{"polarity": -0.625, "location": "San Diego, CA", "sentiment": "negative", "time": "Fri Jul 29 15:13:58 +0000 2016"}
{"polarity": 0.0, "location": "New York, NY", "sentiment": "neutral", "time": "Fri Jul 29 15:04:11 +0000 2016"}
{"polarity": 0.25, "location": "Atlanta, GA", "sentiment": "positive", "time": "Fri Jul 29 15:04:12 +0000 2016"}
{"polarity": -0.25, "location": "Portland, OR", "sentiment": "negative", "time": "Fri Jul 29 15:04:17 +0000 2016"}
{"polarity": 0.0, "location": "Phoenix, AZ", "sentiment": "neutral", "time": "Fri Jul 29 15:04:22 +0000 2016"}
{"polarity": 0.0, "location": "New York, NY", "sentiment": "neutral", "time": "Fri Jul 29 15:04:28 +0000 2016"}
{"polarity": 0.09727272727272729, "location": "New York, NY", "sentiment": "positive", "time": "Fri Jul 29 15:04:31 +0000 2016"}
{"polarity": 0.0, "location": "Orlando, FL", "sentiment": "neutral", "time": "Fri Jul 29 15:04:35 +0000 2016"}
{"polarity": 0.2, "location": "Boston, MA", "sentiment": "positive", "time": "Fri Jul 29 15:04:36 +0000 2016"}
{"polarity": 0.4679292929292929, "location": "Phoenix, AZ", "sentiment": "positive", "time": "Fri Jul 29 15:04:36 +0000 2016"}
{"polarity": 0.0, "location": "Seattle, WA", "sentiment": "neutral", "time": "Fri Jul 29 15:04:36 +0000 2016"}
{"polarity": 0.5, "location": "Orlando, FL", "sentiment": "positive", "time": "Fri Jul 29 15:04:37 +0000 2016"}
{"polarity": 0.0, "location": "Atlanta, GA", "sentiment": "neutral", "time": "Fri Jul 29 15:04:47 +0000 2016"}
{"polarity": 0.0, "location": "New York, NY", "sentiment": "neutral", "time": "Fri Jul 29 11:39:25 +0000 2016"}
{"polarity": 0.0, "location": "Atlanta, GA", "sentiment": "neutral", "time": "Fri Jul 29 11:39:44 +0000 2016"}
{"polarity": 0.2, "location": "New York, NY", "sentiment": "positive", "time": "Fri Jul 29 11:59:09 +0000 2016"}
{"polarity": 0.0, "location": "New York, NY", "sentiment": "neutral", "time": "Fri Jul 29 11:59:42 +0000 2016"}
{"polarity": 0.0, "location": "New York, NY", "sentiment": "neutral", "time": "Fri Jul 29 11:19:32 +0000 2016"}
{"polarity": 0.0, "location": "San Diego, CA", "sentiment": "neutral", "time": "Fri Jul 29 11:19:50 +0000 2016"}
{"polarity": 0.0, "location": "New York, NY", "sentiment": "neutral", "time": "Fri Jul 29 11:37:08 +0000 2016"}
{"polarity": 0.0, "location": "Atlanta, GA", "sentiment": "neutral", "time": "Fri Jul 29 11:37:10 +0000 2016"}
{"polarity": 0.0, "location": "New York, NY", "sentiment": "neutral", "time": "Fri Jul 29 11:37:36 +0000 2016"}
{"polarity": 0.0, "location": "Boston, MA", "sentiment": "neutral", "time": "Fri Jul 29 11:37:41 +0000 2016"}
{"polarity": 0.0, "location": "Phoenix, AZ", "sentiment": "neutral", "time": "Fri Jul 29 11:37:41 +0000 2016"}
{"polarity": 0.0, "location": "Atlanta, GA", "sentiment": "neutral", "time": "Fri Jul 29 11:31:09 +0000 2016"}
{"polarity": 0.0, "location": "San Diego, CA", "sentiment": "neutral", "time": "Fri Jul 29 11:31:18 +0000 2016"}
{"polarity": 0.1, "location": "Atlanta, GA", "sentiment": "positive", "time": "Fri Jul 29 11:31:21 +0000 2016"}
{"polarity": 0.25, "location": "Boston, MA", "sentiment": "positive", "time": "Fri Jul 29 11:31:28 +0000 2016"}
{"polarity": 0.0, "location": "Boston, MA", "sentiment": "neutral", "time": "Fri Jul 29 11:31:42 +0000 2016"}
{"polarity": 0.05, "location": "Portland, OR", "sentiment": "positive", "time": "Fri Jul 29 11:31:55 +0000 2016"}
{"polarity": 0.0, "location": "Phoenix, AZ", "sentiment": "neutral", "time": "Fri Jul 29 11:41:05 +0000 2016"}
{"polarity": 0.4, "location": "New York, NY", "sentiment": "positive", "time": "Fri Jul 29 11:41:56 +0000 2016"}
{"polarity": 0.0, "location": "Boston, MA", "sentiment": "neutral", "time": "Fri Jul 29 11:41:57 +0000 2016"}
{"polarity": 0.0, "location": "New York, NY", "sentiment": "neutral", "time": "Fri Jul 29 11:27:22 +0000 2016"}
{"polarity": 0.35, "location": "Atlanta, GA", "sentiment": "positive", "time": "Fri Jul 29 11:57:04 +0000 2016"}
{"polarity": 0.0, "location": "New York, NY", "sentiment": "neutral", "time": "Fri Jul 29 11:57:29 +0000 2016"}
{"polarity": 0.0, "location": "New York, NY", "sentiment": "neutral", "time": "Fri Jul 29 11:57:31 +0000 2016"}
{"polarity": 0.0, "location": "Seattle, WA", "sentiment": "neutral", "time": "Fri Jul 29 11:57:42 +0000 2016"}
{"polarity": 0.0, "location": "New York, NY", "sentiment": "neutral", "time": "Fri Jul 29 11:26:01 +0000 2016"}
{"polarity": 0.00416666666666667, "location": "New York, NY", "sentiment": "positive", "time": "Fri Jul 29 11:26:28 +0000 2016"}
{"polarity": 0.0, "location": "New York, NY", "sentiment": "neutral", "time": "Fri Jul 29 11:26:43 +0000 2016"}
{"polarity": 0.5, "location": "New York, NY", "sentiment": "positive", "time": "Fri Jul 29 11:26:55 +0000 2016"}
