{"polarity": 0.0, "location": "New York, NY", "sentiment": "neutral", "time": "Wed Jul 06 10:42:43 +0000 2016"}
{"polarity": 0.0, "location": "Orlando, FL", "sentiment": "neutral", "time": "Wed Jul 06 10:42:49 +0000 2016"}
{"polarity": -0.033333333333333326, "location": "New York, NY", "sentiment": "negative", "time": "Wed Jul 06 10:50:25 +0000 2016"}
{"polarity": 0.0, "location": "New York, NY", "sentiment": "neutral", "time": "Wed Jul 06 10:50:29 +0000 2016"}
{"polarity": 0.5, "location": "Atlanta, GA", "sentiment": "positive", "time": "Wed Jul 06 10:50:54 +0000 2016"}
{"polarity": 0.12272727272727273, "location": "Portland, OR", "sentiment": "positive", "time": "Wed Jul 06 10:50:54 +0000 2016"}
{"polarity": 0.0, "location": "Portland, OR", "sentiment": "neutral", "time": "Wed Jul 06 10:50:58 +0000 2016"}
{"polarity": 0.0, "location": "New York, NY", "sentiment": "neutral", "time": "Wed Jul 06 10:15:11 +0000 2016"}
{"polarity": 0.0, "location": "Portland, OR", "sentiment": "neutral", "time": "Wed Jul 06 10:15:17 +0000 2016"}
{"polarity": 0.0, "location": "Seattle, WA", "sentiment": "neutral", "time": "Wed Jul 06 10:15:17 +0000 2016"}
{"polarity": 0.0, "location": "New York, NY", "sentiment": "neutral", "time": "Wed Jul 06 10:38:14 +0000 2016"}
{"polarity": 0.0, "location": "Atlanta, GA", "sentiment": "neutral", "time": "Wed Jul 06 10:21:01 +0000 2016"}
{"polarity": 0.625, "location": "New York, NY", "sentiment": "positive", "time": "Wed Jul 06 10:21:07 +0000 2016"}
{"polarity": 0.0, "location": "New York, NY", "sentiment": "neutral", "time": "Wed Jul 06 10:21:22 +0000 2016"}
{"polarity": 0.7, "location": "Boston, MA", "sentiment": "positive", "time": "Wed Jul 06 10:21:29 +0000 2016"}
{"polarity": 0.0, "location": "Seattle, WA", "sentiment": "neutral", "time": "Wed Jul 06 10:21:41 +0000 2016"}
{"polarity": 0.0, "location": "Boston, MA", "sentiment": "neutral", "time": "Wed Jul 06 10:21:50 +0000 2016"}
{"polarity": 0.25, "location": "New York, NY", "sentiment": "positive", "time": "Wed Jul 06 10:17:48 +0000 2016"}
{"polarity": 0.8, "location": "Atlanta, GA", "sentiment": "positive", "time": "Wed Jul 06 10:17:50 +0000 2016"}
{"polarity": 0.0, "location": "New York, NY", "sentiment": "neutral", "time": "Wed Jul 06 10:17:56 +0000 2016"}
{"polarity": 0.0, "location": "Boston, MA", "sentiment": "neutral", "time": "Wed Jul 06 10:12:12 +0000 2016"}
{"polarity": 0.0, "location": "Orlando, FL", "sentiment": "neutral", "time": "Wed Jul 06 10:29:33 +0000 2016"}
{"polarity": 0.2, "location": "Boston, MA", "sentiment": "positive", "time": "Wed Jul 06 10:29:53 +0000 2016"}
{"polarity": 0.0, "location": "Seattle, WA", "sentiment": "neutral", "time": "Wed Jul 06 10:29:56 +0000 2016"}
{"polarity": -0.125, "location": "Boston, MA", "sentiment": "negative", "time": "Wed Jul 06 10:18:13 +0000 2016"}
{"polarity": 0.0, "location": "San Diego, CA", "sentiment": "neutral", "time": "Wed Jul 06 10:18:18 +0000 2016"}
{"polarity": 0.0, "location": "Boston, MA", "sentiment": "neutral", "time": "Wed Jul 06 10:18:58 +0000 2016"}
{"polarity": 0.0, "location": "New York, NY", "sentiment": "neutral", "time": "Wed Jul 06 10:46:16 +0000 2016"}
{"polarity": 0.5, "location": "Atlanta, GA", "sentiment": "positive", "time": "Wed Jul 06 10:46:23 +0000 2016"}
{"polarity": 0.0, "location": "New York, NY", "sentiment": "neutral", "time": "Wed Jul 06 10:00:00 +0000 2016"}
{"polarity": 0.7, "location": "Seattle, WA", "sentiment": "positive", "time": "Wed Jul 06 10:00:02 +0000 2016"}
{"polarity": 0.35, "location": "Orlando, FL", "sentiment": "positive", "time": "Wed Jul 06 10:00:30 +0000 2016"}
{"polarity": 0.0, "location": "Portland, OR", "sentiment": "neutral", "time": "Wed Jul 06 10:00:36 +0000 2016"}
{"polarity": 0.25, "location": "New York, NY", "sentiment": "positive", "time": "Wed Jul 06 10:00:47 +0000 2016"}
{"polarity": 0.2, "location": "New York, NY", "sentiment": "positive", "time": "Wed Jul 06 10:34:44 +0000 2016"}
{"polarity": 0.0, "location": "New York, NY", "sentiment": "neutral", "time": "Wed Jul 06 10:05:11 +0000 2016"}
{"polarity": 0.0, "location": "Atlanta, GA", "sentiment": "neutral", "time": "Wed Jul 06 10:05:56 +0000 2016"}
{"polarity": 0.0, "location": "New York, NY", "sentiment": "neutral", "time": "Wed Jul 06 10:11:02 +0000 2016"}
{"polarity": 0.3, "location": "Seattle, WA", "sentiment": "positive", "time": "Wed Jul 06 10:11:05 +0000 2016"}
{"polarity": 0.0, "location": "Boston, MA", "sentiment": "neutral", "time": "Wed Jul 06 10:11:18 +0000 2016"}
{"polarity": 0.0, "location": "San Diego, CA", "sentiment": "neutral", "time": "Wed Jul 06 10:11:24 +0000 2016"}
{"polarity": 0.0, "location": "Phoenix, AZ", "sentiment": "neutral", "time": "Wed Jul 06 10:11:40 +0000 2016"}
{"polarity": 0.0, "location": "New York, NY", "sentiment": "neutral", "time": "Wed Jul 06 10:11:42 +0000 2016"}
{"polarity": -0.20833333333333331, "location": "Atlanta, GA", "sentiment": "negative", "time": "Wed Jul 06 10:56:11 +0000 2016"}
{"polarity": -0.3055555555555556, "location": "Atlanta, GA", "sentiment": "negative", "time": "Wed Jul 06 10:47:34 +0000 2016"}
{"polarity": -0.05, "location": "Atlanta, GA", "sentiment": "negative", "time": "Wed Jul 06 10:47:35 +0000 2016"}
{"polarity": -0.15555555555555559, "location": "Boston, MA", "sentiment": "negative", "time": "Wed Jul 06 10:52:04 +0000 2016"}
{"polarity": 0.2, "location": "New York, NY", "sentiment": "positive", "time": "Wed Jul 06 10:52:05 +0000 2016"}
{"polarity": 0.0, "location": "New York, NY", "sentiment": "neutral", "time": "Wed Jul 06 10:52:05 +0000 2016"}
{"polarity": 0.0, "location": "Boston, MA", "sentiment": "neutral", "time": "Wed Jul 06 10:52:17 +0000 2016"}
{"polarity": 0.0, "location": "Atlanta, GA", "sentiment": "neutral", "time": "Wed Jul 06 10:52:27 +0000 2016"}
{"polarity": 0.0, "location": "Boston, MA", "sentiment": "neutral", "time": "Wed Jul 06 10:52:42 +0000 2016"}
{"polarity": 0.2, "location": "Seattle, WA", "sentiment": "positive", "time": "Wed Jul 06 10:52:45 +0000 2016"}
{"polarity": 0.0, "location": "Orlando, FL", "sentiment": "neutral", "time": "Wed Jul 06 10:53:31 +0000 2016"}
{"polarity": 0.13636363636363635, "location": "New York, NY", "sentiment": "positive", "time": "Wed Jul 06 10:53:34 +0000 2016"}
{"polarity": 0.5, "location": "New York, NY", "sentiment": "positive", "time": "Wed Jul 06 10:53:35 +0000 2016"}
{"polarity": 0.12166666666666663, "location": "San Diego, CA", "sentiment": "positive", "time": "Wed Jul 06 10:53:57 +0000 2016"}
{"polarity": 0.0, "location": "New York, NY", "sentiment": "neutral", "time": "Wed Jul 06 10:02:14 +0000 2016"}
{"polarity": 0.0, "location": "Atlanta, GA", "sentiment": "neutral", "time": "Wed Jul 06 10:02:23 +0000 2016"}
{"polarity": 0.13636363636363635, "location": "Portland, OR", "sentiment": "positive", "time": "Wed Jul 06 10:02:44 +0000 2016"}
{"polarity": 0.2, "location": "Atlanta, GA", "sentiment": "positive", "time": "Wed Jul 06 10:48:06 +0000 2016"}
{"polarity": 0.0, "location": "New York, NY", "sentiment": "neutral", "time": "Wed Jul 06 10:48:07 +0000 2016"}
{"polarity": 0.0, "location": "Seattle, WA", "sentiment": "neutral", "time": "Wed Jul 06 10:48:12 +0000 2016"}
{"polarity": 0.0, "location": "San Diego, CA", "sentiment": "neutral", "time": "Wed Jul 06 10:48:12 +0000 2016"}
{"polarity": 0.6875, "location": "San Diego, CA", "sentiment": "positive", "time": "Wed Jul 06 10:48:21 +0000 2016"}
{"polarity": 0.0, "location": "San Diego, CA", "sentiment": "neutral", "time": "Wed Jul 06 10:48:29 +0000 2016"}
{"polarity": 0.1, "location": "New York, NY", "sentiment": "positive", "time": "Wed Jul 06 10:25:03 +0000 2016"}
{"polarity": 0.0, "location": "Orlando, FL", "sentiment": "neutral", "time": "Wed Jul 06 10:25:08 +0000 2016"}
{"polarity": 0.0, "location": "Portland, OR", "sentiment": "neutral", "time": "Wed Jul 06 10:25:10 +0000 2016"}
{"polarity": 0.6, "location": "New York, NY", "sentiment": "positive", "time": "Wed Jul 06 10:25:36 +0000 2016"}
{"polarity": 0.0, "location": "Seattle, WA", "sentiment": "neutral", "time": "Wed Jul 06 10:16:15 +0000 2016"}
{"polarity": 0.0, "location": "Seattle, WA", "sentiment": "neutral", "time": "Wed Jul 06 10:16:20 +0000 2016"}
{"polarity": 0.0, "location": "Portland, OR", "sentiment": "neutral", "time": "Wed Jul 06 10:16:40 +0000 2016"}
{"polarity": 0.0, "location": "New York, NY", "sentiment": "neutral", "time": "Wed Jul 06 10:16:42 +0000 2016"}
{"polarity": -0.175, "location": "Orlando, FL", "sentiment": "negative", "time": "Wed Jul 06 10:14:10 +0000 2016"}
{"polarity": 0.3, "location": "Atlanta, GA", "sentiment": "positive", "time": "Wed Jul 06 10:14:15 +0000 2016"}
{"polarity": 0.8, "location": "San Diego, CA", "sentiment": "positive", "time": "Wed Jul 06 10:14:20 +0000 2016"}
{"polarity": 0.0, "location": "Atlanta, GA", "sentiment": "neutral", "time": "Wed Jul 06 10:14:41 +0000 2016"}
{"polarity": 0.3181818181818182, "location": "San Diego, CA", "sentiment": "positive", "time": "Wed Jul 06 10:23:30 +0000 2016"}
{"polarity": 0.65, "location": "New York, NY", "sentiment": "positive", "time": "Wed Jul 06 10:23:40 +0000 2016"}
{"polarity": -0.4, "location": "Orlando, FL", "sentiment": "negative", "time": "Wed Jul 06 10:07:09 +0000 2016"}
{"polarity": 0.0, "location": "New York, NY", "sentiment": "neutral", "time": "Wed Jul 06 10:07:42 +0000 2016"}
{"polarity": 0.15, "location": "New York, NY", "sentiment": "positive", "time": "Wed Jul 06 10:30:02 +0000 2016"}
{"polarity": 0.0, "location": "Orlando, FL", "sentiment": "neutral", "time": "Wed Jul 06 10:30:33 +0000 2016"}
{"polarity": 0.0, "location": "New York, NY", "sentiment": "neutral", "time": "Wed Jul 06 10:30:35 +0000 2016"}
{"polarity": 0.0, "location": "New York, NY", "sentiment": "neutral", "time": "Wed Jul 06 10:30:44 +0000 2016"}
{"polarity": 0.0, "location": "Atlanta, GA", "sentiment": "neutral", "time": "Wed Jul 06 10:30:50 +0000 2016"}
{"polarity": 0.2833333333333333, "location": "New York, NY", "sentiment": "positive", "time": "Wed Jul 06 10:30:53 +0000 2016"}
{"polarity": -0.1, "location": "Atlanta, GA", "sentiment": "negative", "time": "Wed Jul 06 10:03:08 +0000 2016"}
{"polarity": 0.5, "location": "New York, NY", "sentiment": "positive", "time": "Wed Jul 06 10:03:16 +0000 2016"}
{"polarity": 0.34375, "location": "Boston, MA", "sentiment": "positive", "time": "Wed Jul 06 10:03:21 +0000 2016"}
{"polarity": 0.13636363636363635, "location": "Phoenix, AZ", "sentiment": "positive", "time": "Wed Jul 06 10:03:50 +0000 2016"}
{"polarity": 0.15833333333333333, "location": "Atlanta, GA", "sentiment": "positive", "time": "Wed Jul 06 10:03:52 +0000 2016"}
{"polarity": 0.0, "location": "New York, NY", "sentiment": "neutral", "time": "Wed Jul 06 10:03:54 +0000 2016"}
{"polarity": 0.0, "location": "Seattle, WA", "sentiment": "neutral", "time": "Wed Jul 06 10:03:59 +0000 2016"}
{"polarity": 0.0, "location": "New York, NY", "sentiment": "neutral", "time": "Wed Jul 06 10:40:00 +0000 2016"}
{"polarity": 0.2, "location": "New York, NY", "sentiment": "positive", "time": "Wed Jul 06 10:40:30 +0000 2016"}
{"polarity": 0.0, "location": "New York, NY", "sentiment": "neutral", "time": "Wed Jul 06 10:40:36 +0000 2016"}
{"polarity": 0.0, "location": "Atlanta, GA", "sentiment": "neutral", "time": "Wed Jul 06 10:08:06 +0000 2016"}
{"polarity": 0.0, "location": "Phoenix, AZ", "sentiment": "neutral", "time": "Wed Jul 06 10:08:10 +0000 2016"}
{"polarity": 0.0, "location": "New York, NY", "sentiment": "neutral", "time": "Wed Jul 06 10:08:13 +0000 2016"}
{"polarity": 0.0, "location": "Boston, MA", "sentiment": "neutral", "time": "Wed Jul 06 10:35:03 +0000 2016"}
{"polarity": -0.08333333333333333, "location": "Atlanta, GA", "sentiment": "negative", "time": "Wed Jul 06 10:35:19 +0000 2016"}
{"polarity": -0.5, "location": "New York, NY", "sentiment": "negative", "time": "Wed Jul 06 10:35:23 +0000 2016"}
{"polarity": 0.0, "location": "Seattle, WA", "sentiment": "neutral", "time": "Wed Jul 06 10:43:32 +0000 2016"}
{"polarity": 0.5, "location": "New York, NY", "sentiment": "positive", "time": "Wed Jul 06 10:43:43 +0000 2016"}
{"polarity": 0.0, "location": "Atlanta, GA", "sentiment": "neutral", "time": "Wed Jul 06 10:10:02 +0000 2016"}
{"polarity": 0.0, "location": "New York, NY", "sentiment": "neutral", "time": "Wed Jul 06 10:10:04 +0000 2016"}
{"polarity": 0.0, "location": "New York, NY", "sentiment": "neutral", "time": "Wed Jul 06 10:10:12 +0000 2016"}
{"polarity": 0.0, "location": "San Diego, CA", "sentiment": "neutral", "time": "Wed Jul 06 10:10:22 +0000 2016"}
{"polarity": 0.0, "location": "Boston, MA", "sentiment": "neutral", "time": "Wed Jul 06 10:10:35 +0000 2016"}
{"polarity": -0.5, "location": "New York, NY", "sentiment": "negative", "time": "Wed Jul 06 10:10:45 +0000 2016"}
{"polarity": 0.2, "location": "Seattle, WA", "sentiment": "positive", "time": "Wed Jul 06 10:10:59 +0000 2016"}
{"polarity": 0.0, "location": "New York, NY", "sentiment": "neutral", "time": "Wed Jul 06 10:54:08 +0000 2016"}
{"polarity": 0.16818181818181818, "location": "Atlanta, GA", "sentiment": "positive", "time": "Wed Jul 06 10:54:16 +0000 2016"}
{"polarity": 0.0, "location": "New York, NY", "sentiment": "neutral", "time": "Wed Jul 06 10:54:20 +0000 2016"}
{"polarity": 0.0, "location": "Boston, MA", "sentiment": "neutral", "time": "Wed Jul 06 10:24:31 +0000 2016"}
{"polarity": 0.0, "location": "Orlando, FL", "sentiment": "neutral", "time": "Wed Jul 06 10:24:43 +0000 2016"}
{"polarity": 0.0, "location": "Seattle, WA", "sentiment": "neutral", "time": "Wed Jul 06 10:32:02 +0000 2016"}
{"polarity": 0.8, "location": "Seattle, WA", "sentiment": "positive", "time": "Wed Jul 06 10:32:04 +0000 2016"}
{"polarity": 1.0, "location": "San Diego, CA", "sentiment": "positive", "time": "Wed Jul 06 10:32:24 +0000 2016"}
{"polarity": -0.5, "location": "New York, NY", "sentiment": "negative", "time": "Wed Jul 06 10:32:42 +0000 2016"}
{"polarity": 0.0, "location": "Atlanta, GA", "sentiment": "neutral", "time": "Wed Jul 06 10:32:47 +0000 2016"}
{"polarity": -0.16666666666666666, "location": "New York, NY", "sentiment": "negative", "time": "Wed Jul 06 10:36:02 +0000 2016"}
{"polarity": 0.5, "location": "Atlanta, GA", "sentiment": "positive", "time": "Wed Jul 06 10:36:02 +0000 2016"}
{"polarity": 0.2857142857142857, "location": "Atlanta, GA", "sentiment": "positive", "time": "Wed Jul 06 10:36:05 +0000 2016"}
{"polarity": 0.0, "location": "Phoenix, AZ", "sentiment": "neutral", "time": "Wed Jul 06 10:36:12 +0000 2016"}
{"polarity": 0.5, "location": "Seattle, WA", "sentiment": "positive", "time": "Wed Jul 06 10:36:50 +0000 2016"}
{"polarity": 0.04, "location": "New York, NY", "sentiment": "positive", "time": "Wed Jul 06 10:01:06 +0000 2016"}
{"polarity": 0.0, "location": "Boston, MA", "sentiment": "neutral", "time": "Wed Jul 06 10:01:06 +0000 2016"}
{"polarity": 0.1, "location": "Atlanta, GA", "sentiment": "positive", "time": "Wed Jul 06 10:01:31 +0000 2016"}
{"polarity": -0.24166666666666667, "location": "Seattle, WA", "sentiment": "negative", "time": "Wed Jul 06 10:01:32 +0000 2016"}
{"polarity": 0.0, "location": "Boston, MA", "sentiment": "neutral", "time": "Wed Jul 06 10:55:04 +0000 2016"}
{"polarity": 0.4166666666666667, "location": "St. Louis, MO", "sentiment": "positive", "time": "Wed Jul 06 10:55:04 +0000 2016"}
{"polarity": 0.0, "location": "New York, NY", "sentiment": "neutral", "time": "Wed Jul 06 10:09:21 +0000 2016"}
{"polarity": 0.0, "location": "Orlando, FL", "sentiment": "neutral", "time": "Wed Jul 06 10:09:47 +0000 2016"}
{"polarity": -0.013095238095238104, "location": "Atlanta, GA", "sentiment": "negative", "time": "Wed Jul 06 10:33:10 +0000 2016"}
{"polarity": 0.0, "location": "Portland, OR", "sentiment": "neutral", "time": "Wed Jul 06 10:33:54 +0000 2016"}
{"polarity": 0.0, "location": "Portland, OR", "sentiment": "neutral", "time": "Wed Jul 06 10:33:56 +0000 2016"}
{"polarity": 0.0, "location": "Seattle, WA", "sentiment": "neutral", "time": "Wed Jul 06 10:33:59 +0000 2016"}
{"polarity": 0.0, "location": "Phoenix, AZ", "sentiment": "neutral", "time": "Wed Jul 06 10:44:06 +0000 2016"}
{"polarity": 0.4, "location": "New York, NY", "sentiment": "positive", "time": "Wed Jul 06 10:44:51 +0000 2016"}
{"polarity": 0.0, "location": "Atlanta, GA", "sentiment": "neutral", "time": "Wed Jul 06 10:28:08 +0000 2016"}
{"polarity": 0.0, "location": "Seattle, WA", "sentiment": "neutral", "time": "Wed Jul 06 10:28:34 +0000 2016"}
{"polarity": 0.0, "location": "New York, NY", "sentiment": "neutral", "time": "Wed Jul 06 10:22:27 +0000 2016"}
{"polarity": 0.1, "location": "Orlando, FL", "sentiment": "positive", "time": "Wed Jul 06 10:22:37 +0000 2016"}
{"polarity": 0.3125, "location": "Portland, OR", "sentiment": "positive", "time": "Wed Jul 06 10:49:34 +0000 2016"}
{"polarity": 0.0, "location": "Seattle, WA", "sentiment": "neutral", "time": "Wed Jul 06 10:49:38 +0000 2016"}
{"polarity": 0.5, "location": "Boston, MA", "sentiment": "positive", "time": "Wed Jul 06 10:49:44 +0000 2016"}
{"polarity": 0.0, "location": "Phoenix, AZ", "sentiment": "neutral", "time": "Wed Jul 06 10:45:19 +0000 2016"}
{"polarity": 0.4, "location": "Phoenix, AZ", "sentiment": "positive", "time": "Wed Jul 06 10:45:32 +0000 2016"}
{"polarity": -0.10416666666666666, "location": "New York, NY", "sentiment": "negative", "time": "Wed Jul 06 10:45:33 +0000 2016"}
{"polarity": 0.45833333333333337, "location": "Atlanta, GA", "sentiment": "positive", "time": "Wed Jul 06 10:45:48 +0000 2016"}
{"polarity": 0.4, "location": "New York, NY", "sentiment": "positive", "time": "Wed Jul 06 10:45:53 +0000 2016"}
{"polarity": 0.0, "location": "Orlando, FL", "sentiment": "neutral", "time": "Wed Jul 06 10:06:30 +0000 2016"}
{"polarity": 0.2, "location": "Atlanta, GA", "sentiment": "positive", "time": "Wed Jul 06 10:06:32 +0000 2016"}
{"polarity": 0.0, "location": "Atlanta, GA", "sentiment": "neutral", "time": "Wed Jul 06 10:06:42 +0000 2016"}
{"polarity": 0.49015151515151517, "location": "San Diego, CA", "sentiment": "positive", "time": "Wed Jul 06 10:06:45 +0000 2016"}
{"polarity": 0.19999999999999996, "location": "New York, NY", "sentiment": "positive", "time": "Wed Jul 06 10:20:14 +0000 2016"}
{"polarity": 0.13636363636363635, "location": "Boston, MA", "sentiment": "positive", "time": "Wed Jul 06 10:20:20 +0000 2016"}
{"polarity": 0.0, "location": "Seattle, WA", "sentiment": "neutral", "time": "Wed Jul 06 10:20:31 +0000 2016"}
{"polarity": 0.0, "location": "Portland, OR", "sentiment": "neutral", "time": "Wed Jul 06 10:20:33 +0000 2016"}
{"polarity": 0.0, "location": "New York, NY", "sentiment": "neutral", "time": "Wed Jul 06 10:13:08 +0000 2016"}
{"polarity": -0.1, "location": "New York, NY", "sentiment": "negative", "time": "Wed Jul 06 10:13:16 +0000 2016"}
{"polarity": 0.0, "location": "Atlanta, GA", "sentiment": "neutral", "time": "Wed Jul 06 10:13:25 +0000 2016"}
{"polarity": 0.1, "location": "Atlanta, GA", "sentiment": "positive", "time": "Wed Jul 06 10:13:49 +0000 2016"}
{"polarity": 0.0, "location": "Phoenix, AZ", "sentiment": "neutral", "time": "Wed Jul 06 10:04:08 +0000 2016"}
{"polarity": 0.0, "location": "Phoenix, AZ", "sentiment": "neutral", "time": "Wed Jul 06 10:04:41 +0000 2016"}
{"polarity": 0.0, "location": "Portland, OR", "sentiment": "neutral", "time": "Wed Jul 06 19:39:00 +0000 2016"}
{"polarity": 0.375, "location": "New York, NY", "sentiment": "positive", "time": "Wed Jul 06 19:39:04 +0000 2016"}
{"polarity": 0.0, "location": "San Diego, CA", "sentiment": "neutral", "time": "Wed Jul 06 19:39:06 +0000 2016"}
{"polarity": 0.0, "location": "Seattle, WA", "sentiment": "neutral", "time": "Wed Jul 06 19:39:12 +0000 2016"}
{"polarity": 0.5, "location": "Boston, MA", "sentiment": "positive", "time": "Wed Jul 06 19:39:23 +0000 2016"}
{"polarity": -0.05, "location": "Seattle, WA", "sentiment": "negative", "time": "Wed Jul 06 19:39:27 +0000 2016"}
{"polarity": 0.5, "location": "New York, NY", "sentiment": "positive", "time": "Wed Jul 06 19:39:34 +0000 2016"}
{"polarity": 0.0, "location": "Orlando, FL", "sentiment": "neutral", "time": "Wed Jul 06 19:39:40 +0000 2016"}
{"polarity": 0.0, "location": "New York, NY", "sentiment": "neutral", "time": "Wed Jul 06 19:39:53 +0000 2016"}
{"polarity": 0.0, "location": "Atlanta, GA", "sentiment": "neutral", "time": "Wed Jul 06 19:59:00 +0000 2016"}
{"polarity": 0.0, "location": "Orlando, FL", "sentiment": "neutral", "time": "Wed Jul 06 19:59:00 +0000 2016"}
{"polarity": 0.0, "location": "Phoenix, AZ", "sentiment": "neutral", "time": "Wed Jul 06 19:59:00 +0000 2016"}
{"polarity": 0.5, "location": "Boston, MA", "sentiment": "positive", "time": "Wed Jul 06 19:59:00 +0000 2016"}
{"polarity": 0.03333333333333336, "location": "San Diego, CA", "sentiment": "positive", "time": "Wed Jul 06 19:59:21 +0000 2016"}
{"polarity": 0.5, "location": "New York, NY", "sentiment": "positive", "time": "Wed Jul 06 19:59:20 +0000 2016"}
{"polarity": 0.0, "location": "Portland, OR", "sentiment": "neutral", "time": "Wed Jul 06 19:59:28 +0000 2016"}
{"polarity": 0.0, "location": "Atlanta, GA", "sentiment": "neutral", "time": "Wed Jul 06 19:59:38 +0000 2016"}
{"polarity": 0.5625, "location": "Seattle, WA", "sentiment": "positive", "time": "Wed Jul 06 19:59:39 +0000 2016"}
{"polarity": 0.25, "location": "Seattle, WA", "sentiment": "positive", "time": "Wed Jul 06 19:59:50 +0000 2016"}
{"polarity": 0.8, "location": "Phoenix, AZ", "sentiment": "positive", "time": "Wed Jul 06 19:59:56 +0000 2016"}
{"polarity": 0.0, "location": "Phoenix, AZ", "sentiment": "neutral", "time": "Wed Jul 06 19:19:05 +0000 2016"}
{"polarity": -0.2818181818181818, "location": "San Diego, CA", "sentiment": "negative", "time": "Wed Jul 06 19:19:07 +0000 2016"}
{"polarity": 0.0, "location": "Atlanta, GA", "sentiment": "neutral", "time": "Wed Jul 06 19:19:08 +0000 2016"}
{"polarity": 0.0, "location": "New York, NY", "sentiment": "neutral", "time": "Wed Jul 06 19:19:13 +0000 2016"}
{"polarity": 0.05, "location": "New York, NY", "sentiment": "positive", "time": "Wed Jul 06 19:19:15 +0000 2016"}
{"polarity": 0.0, "location": "Atlanta, GA", "sentiment": "neutral", "time": "Wed Jul 06 19:19:17 +0000 2016"}
{"polarity": 0.0, "location": "Boston, MA", "sentiment": "neutral", "time": "Wed Jul 06 19:19:17 +0000 2016"}
{"polarity": 0.13636363636363635, "location": "Atlanta, GA", "sentiment": "positive", "time": "Wed Jul 06 19:19:20 +0000 2016"}
{"polarity": 0.0, "location": "New York, NY", "sentiment": "neutral", "time": "Wed Jul 06 19:19:27 +0000 2016"}
{"polarity": -0.16111111111111112, "location": "San Diego, CA", "sentiment": "negative", "time": "Wed Jul 06 19:19:30 +0000 2016"}
{"polarity": 0.13636363636363635, "location": "New York, NY", "sentiment": "positive", "time": "Wed Jul 06 19:37:00 +0000 2016"}
{"polarity": 0.2, "location": "New York, NY", "sentiment": "positive", "time": "Wed Jul 06 19:37:03 +0000 2016"}
{"polarity": 0.0, "location": "Orlando, FL", "sentiment": "neutral", "time": "Wed Jul 06 19:37:25 +0000 2016"}
{"polarity": 0.0, "location": "Portland, OR", "sentiment": "neutral", "time": "Wed Jul 06 19:37:28 +0000 2016"}
{"polarity": -0.04999999999999999, "location": "New York, NY", "sentiment": "negative", "time": "Wed Jul 06 19:37:30 +0000 2016"}
{"polarity": 0.5, "location": "New York, NY", "sentiment": "positive", "time": "Wed Jul 06 19:37:32 +0000 2016"}
{"polarity": 0.0, "location": "Orlando, FL", "sentiment": "neutral", "time": "Wed Jul 06 19:37:35 +0000 2016"}
{"polarity": 0.85, "location": "New York, NY", "sentiment": "positive", "time": "Wed Jul 06 19:37:35 +0000 2016"}
{"polarity": -0.13, "location": "Seattle, WA", "sentiment": "negative", "time": "Wed Jul 06 19:37:41 +0000 2016"}
{"polarity": 0.2, "location": "Phoenix, AZ", "sentiment": "positive", "time": "Wed Jul 06 19:37:42 +0000 2016"}
{"polarity": 0.4, "location": "Phoenix, AZ", "sentiment": "positive", "time": "Wed Jul 06 19:37:39 +0000 2016"}
{"polarity": 0.0, "location": "Phoenix, AZ", "sentiment": "neutral", "time": "Wed Jul 06 19:37:51 +0000 2016"}
{"polarity": 0.21428571428571427, "location": "New York, NY", "sentiment": "positive", "time": "Wed Jul 06 19:37:52 +0000 2016"}
{"polarity": -1.0, "location": "Atlanta, GA", "sentiment": "negative", "time": "Wed Jul 06 19:37:56 +0000 2016"}
{"polarity": 0.0, "location": "Seattle, WA", "sentiment": "neutral", "time": "Wed Jul 06 19:31:03 +0000 2016"}
{"polarity": 0.08522727272727272, "location": "Atlanta, GA", "sentiment": "positive", "time": "Wed Jul 06 19:31:06 +0000 2016"}
{"polarity": 0.0, "location": "Orlando, FL", "sentiment": "neutral", "time": "Wed Jul 06 19:31:10 +0000 2016"}
{"polarity": 0.0, "location": "Atlanta, GA", "sentiment": "neutral", "time": "Wed Jul 06 19:31:15 +0000 2016"}
{"polarity": 0.75, "location": "Boston, MA", "sentiment": "positive", "time": "Wed Jul 06 19:31:17 +0000 2016"}
{"polarity": -0.15000000000000002, "location": "Atlanta, GA", "sentiment": "negative", "time": "Wed Jul 06 19:31:21 +0000 2016"}
{"polarity": 0.0, "location": "New York, NY", "sentiment": "neutral", "time": "Wed Jul 06 19:31:22 +0000 2016"}
{"polarity": 0.0, "location": "Seattle, WA", "sentiment": "neutral", "time": "Wed Jul 06 19:31:23 +0000 2016"}
{"polarity": -0.16666666666666666, "location": "Orlando, FL", "sentiment": "negative", "time": "Wed Jul 06 19:31:32 +0000 2016"}
{"polarity": -0.5, "location": "New York, NY", "sentiment": "negative", "time": "Wed Jul 06 19:31:38 +0000 2016"}
{"polarity": 0.18333333333333335, "location": "Atlanta, GA", "sentiment": "positive", "time": "Wed Jul 06 19:31:42 +0000 2016"}
{"polarity": 0.0, "location": "Phoenix, AZ", "sentiment": "neutral", "time": "Wed Jul 06 19:31:45 +0000 2016"}
{"polarity": -0.25, "location": "Boston, MA", "sentiment": "negative", "time": "Wed Jul 06 19:31:46 +0000 2016"}
{"polarity": 0.0, "location": "New York, NY", "sentiment": "neutral", "time": "Wed Jul 06 19:31:48 +0000 2016"}
{"polarity": -0.04999999999999999, "location": "Atlanta, GA", "sentiment": "negative", "time": "Wed Jul 06 19:31:55 +0000 2016"}
{"polarity": 0.41666666666666663, "location": "New York, NY", "sentiment": "positive", "time": "Wed Jul 06 19:41:01 +0000 2016"}
{"polarity": 0.4107142857142857, "location": "Seattle, WA", "sentiment": "positive", "time": "Wed Jul 06 19:41:10 +0000 2016"}
{"polarity": 0.2, "location": "Orlando, FL", "sentiment": "positive", "time": "Wed Jul 06 19:41:14 +0000 2016"}
{"polarity": 0.0, "location": "Seattle, WA", "sentiment": "neutral", "time": "Wed Jul 06 19:41:25 +0000 2016"}
{"polarity": 0.08, "location": "New York, NY", "sentiment": "positive", "time": "Wed Jul 06 19:41:26 +0000 2016"}
{"polarity": 0.0, "location": "Boston, MA", "sentiment": "neutral", "time": "Wed Jul 06 19:41:30 +0000 2016"}
{"polarity": 0.0, "location": "Atlanta, GA", "sentiment": "neutral", "time": "Wed Jul 06 19:41:40 +0000 2016"}
{"polarity": 0.0, "location": "Seattle, WA", "sentiment": "neutral", "time": "Wed Jul 06 19:41:40 +0000 2016"}
{"polarity": 0.0, "location": "New York, NY", "sentiment": "neutral", "time": "Wed Jul 06 19:41:46 +0000 2016"}
{"polarity": 0.0, "location": "Seattle, WA", "sentiment": "neutral", "time": "Wed Jul 06 19:41:58 +0000 2016"}
{"polarity": 0.04375000000000001, "location": "Portland, OR", "sentiment": "positive", "time": "Wed Jul 06 19:41:59 +0000 2016"}
{"polarity": 0.17045454545454544, "location": "Atlanta, GA", "sentiment": "positive", "time": "Wed Jul 06 19:27:00 +0000 2016"}
{"polarity": 0.0, "location": "New York, NY", "sentiment": "neutral", "time": "Wed Jul 06 19:27:01 +0000 2016"}
{"polarity": 0.2, "location": "San Diego, CA", "sentiment": "positive", "time": "Wed Jul 06 19:27:10 +0000 2016"}
{"polarity": 0.0, "location": "Atlanta, GA", "sentiment": "neutral", "time": "Wed Jul 06 19:27:12 +0000 2016"}
{"polarity": -0.9, "location": "Atlanta, GA", "sentiment": "negative", "time": "Wed Jul 06 19:27:15 +0000 2016"}
{"polarity": 0.0, "location": "Seattle, WA", "sentiment": "neutral", "time": "Wed Jul 06 19:27:16 +0000 2016"}
{"polarity": -0.15555555555555559, "location": "San Diego, CA", "sentiment": "negative", "time": "Wed Jul 06 19:27:18 +0000 2016"}
{"polarity": 0.0, "location": "San Diego, CA", "sentiment": "neutral", "time": "Wed Jul 06 19:27:36 +0000 2016"}
{"polarity": 0.0, "location": "Atlanta, GA", "sentiment": "neutral", "time": "Wed Jul 06 19:27:42 +0000 2016"}
{"polarity": 0.65, "location": "Boston, MA", "sentiment": "positive", "time": "Wed Jul 06 19:27:43 +0000 2016"}
{"polarity": 0.15, "location": "New York, NY", "sentiment": "positive", "time": "Wed Jul 06 19:27:44 +0000 2016"}
{"polarity": 0.0, "location": "San Diego, CA", "sentiment": "neutral", "time": "Wed Jul 06 19:27:54 +0000 2016"}
{"polarity": 0.0, "location": "Boston, MA", "sentiment": "neutral", "time": "Wed Jul 06 19:27:57 +0000 2016"}
{"polarity": 0.0, "location": "New York, NY", "sentiment": "neutral", "time": "Wed Jul 06 19:27:58 +0000 2016"}
{"polarity": 0.0, "location": "Atlanta, GA", "sentiment": "neutral", "time": "Wed Jul 06 19:57:04 +0000 2016"}
{"polarity": -0.1, "location": "Phoenix, AZ", "sentiment": "negative", "time": "Wed Jul 06 19:57:08 +0000 2016"}
{"polarity": 0.0, "location": "San Diego, CA", "sentiment": "neutral", "time": "Wed Jul 06 19:57:14 +0000 2016"}
{"polarity": -0.125, "location": "New York, NY", "sentiment": "negative", "time": "Wed Jul 06 19:57:14 +0000 2016"}
{"polarity": 0.0, "location": "San Diego, CA", "sentiment": "neutral", "time": "Wed Jul 06 19:57:17 +0000 2016"}
{"polarity": 0.0, "location": "San Diego, CA", "sentiment": "neutral", "time": "Wed Jul 06 19:57:17 +0000 2016"}
{"polarity": 0.0, "location": "New York, NY", "sentiment": "neutral", "time": "Wed Jul 06 19:57:18 +0000 2016"}
{"polarity": 0.5, "location": "Atlanta, GA", "sentiment": "positive", "time": "Wed Jul 06 19:57:25 +0000 2016"}
{"polarity": 0.0, "location": "Atlanta, GA", "sentiment": "neutral", "time": "Wed Jul 06 19:57:27 +0000 2016"}
{"polarity": 0.0, "location": "Atlanta, GA", "sentiment": "neutral", "time": "Wed Jul 06 19:57:33 +0000 2016"}
{"polarity": 0.0, "location": "Seattle, WA", "sentiment": "neutral", "time": "Wed Jul 06 19:57:36 +0000 2016"}
{"polarity": 0.3, "location": "Boston, MA", "sentiment": "positive", "time": "Wed Jul 06 19:57:38 +0000 2016"}
{"polarity": 0.0, "location": "New York, NY", "sentiment": "neutral", "time": "Wed Jul 06 19:57:43 +0000 2016"}
{"polarity": -0.3, "location": "Seattle, WA", "sentiment": "negative", "time": "Wed Jul 06 19:57:44 +0000 2016"}
{"polarity": 0.0, "location": "Portland, OR", "sentiment": "neutral", "time": "Wed Jul 06 19:57:50 +0000 2016"}
{"polarity": 0.4125, "location": "Orlando, FL", "sentiment": "positive", "time": "Wed Jul 06 19:57:55 +0000 2016"}
{"polarity": 0.06818181818181818, "location": "St. Louis, MO", "sentiment": "positive", "time": "Wed Jul 06 19:57:56 +0000 2016"}
{"polarity": 0.22857142857142856, "location": "Atlanta, GA", "sentiment": "positive", "time": "Wed Jul 06 19:57:59 +0000 2016"}
{"polarity": 0.4, "location": "Portland, OR", "sentiment": "positive", "time": "Wed Jul 06 19:26:02 +0000 2016"}
{"polarity": 0.375, "location": "Seattle, WA", "sentiment": "positive", "time": "Wed Jul 06 19:26:18 +0000 2016"}
{"polarity": 0.0, "location": "New York, NY", "sentiment": "neutral", "time": "Wed Jul 06 19:26:22 +0000 2016"}
{"polarity": 0.0, "location": "Phoenix, AZ", "sentiment": "neutral", "time": "Wed Jul 06 19:26:37 +0000 2016"}
{"polarity": 0.3, "location": "New York, NY", "sentiment": "positive", "time": "Wed Jul 06 19:26:41 +0000 2016"}
{"polarity": 0.4928571428571429, "location": "New York, NY", "sentiment": "positive", "time": "Wed Jul 06 19:26:46 +0000 2016"}
{"polarity": 0.6, "location": "New York, NY", "sentiment": "positive", "time": "Wed Jul 06 19:26:57 +0000 2016"}
{"polarity": 0.0, "location": "Phoenix, AZ", "sentiment": "neutral", "time": "Wed Jul 06 19:58:00 +0000 2016"}
{"polarity": -0.1, "location": "New York, NY", "sentiment": "negative", "time": "Wed Jul 06 19:58:00 +0000 2016"}
{"polarity": 0.0, "location": "Portland, OR", "sentiment": "neutral", "time": "Wed Jul 06 19:58:05 +0000 2016"}
{"polarity": 0.0, "location": "Seattle, WA", "sentiment": "neutral", "time": "Wed Jul 06 19:58:14 +0000 2016"}
{"polarity": 0.625, "location": "New York, NY", "sentiment": "positive", "time": "Wed Jul 06 19:58:16 +0000 2016"}
{"polarity": 0.0, "location": "New York, NY", "sentiment": "neutral", "time": "Wed Jul 06 19:58:30 +0000 2016"}
{"polarity": 0.022222222222222223, "location": "New York, NY", "sentiment": "positive", "time": "Wed Jul 06 19:58:47 +0000 2016"}
{"polarity": 0.0, "location": "Atlanta, GA", "sentiment": "neutral", "time": "Wed Jul 06 19:58:56 +0000 2016"}
{"polarity": 0.0, "location": "Boston, MA", "sentiment": "neutral", "time": "Wed Jul 06 19:58:59 +0000 2016"}
{"polarity": -0.2, "location": "Phoenix, AZ", "sentiment": "negative", "time": "Wed Jul 06 19:58:59 +0000 2016"}
{"polarity": 0.0, "location": "Atlanta, GA", "sentiment": "neutral", "time": "Wed Jul 06 19:42:02 +0000 2016"}
{"polarity": -0.5125, "location": "San Diego, CA", "sentiment": "negative", "time": "Wed Jul 06 19:42:04 +0000 2016"}
{"polarity": 0.0, "location": "Orlando, FL", "sentiment": "neutral", "time": "Wed Jul 06 19:42:06 +0000 2016"}
{"polarity": 0.13636363636363635, "location": "Phoenix, AZ", "sentiment": "positive", "time": "Wed Jul 06 19:42:07 +0000 2016"}
{"polarity": 0.05, "location": "New York, NY", "sentiment": "positive", "time": "Wed Jul 06 19:42:09 +0000 2016"}
{"polarity": 0.0, "location": "Boston, MA", "sentiment": "neutral", "time": "Wed Jul 06 19:42:17 +0000 2016"}
{"polarity": 0.05555555555555556, "location": "Portland, OR", "sentiment": "positive", "time": "Wed Jul 06 19:42:19 +0000 2016"}
{"polarity": -0.5, "location": "Boston, MA", "sentiment": "negative", "time": "Wed Jul 06 19:42:24 +0000 2016"}
{"polarity": -0.010416666666666657, "location": "New York, NY", "sentiment": "negative", "time": "Wed Jul 06 19:42:42 +0000 2016"}
{"polarity": 0.0, "location": "Orlando, FL", "sentiment": "neutral", "time": "Wed Jul 06 19:42:42 +0000 2016"}
{"polarity": 0.25, "location": "New York, NY", "sentiment": "positive", "time": "Wed Jul 06 19:42:43 +0000 2016"}
{"polarity": 0.0, "location": "Orlando, FL", "sentiment": "neutral", "time": "Wed Jul 06 19:42:47 +0000 2016"}
{"polarity": 0.0, "location": "Orlando, FL", "sentiment": "neutral", "time": "Wed Jul 06 19:42:49 +0000 2016"}
{"polarity": 0.375, "location": "Orlando, FL", "sentiment": "positive", "time": "Wed Jul 06 19:42:55 +0000 2016"}
{"polarity": 0.13636363636363635, "location": "Orlando, FL", "sentiment": "positive", "time": "Wed Jul 06 19:42:56 +0000 2016"}
{"polarity": 0.0, "location": "New York, NY", "sentiment": "neutral", "time": "Wed Jul 06 19:50:04 +0000 2016"}
{"polarity": -0.16666666666666666, "location": "Atlanta, GA", "sentiment": "negative", "time": "Wed Jul 06 19:50:06 +0000 2016"}
{"polarity": 0.0, "location": "Atlanta, GA", "sentiment": "neutral", "time": "Wed Jul 06 19:50:07 +0000 2016"}
{"polarity": 0.0, "location": "San Diego, CA", "sentiment": "neutral", "time": "Wed Jul 06 19:50:09 +0000 2016"}
{"polarity": 0.8, "location": "Atlanta, GA", "sentiment": "positive", "time": "Wed Jul 06 19:50:11 +0000 2016"}
{"polarity": 0.2130681818181818, "location": "St. Louis, MO", "sentiment": "positive", "time": "Wed Jul 06 19:50:11 +0000 2016"}
{"polarity": -0.041666666666666664, "location": "Boston, MA", "sentiment": "negative", "time": "Wed Jul 06 19:50:14 +0000 2016"}
{"polarity": 0.8, "location": "Orlando, FL", "sentiment": "positive", "time": "Wed Jul 06 19:50:20 +0000 2016"}
{"polarity": 0.4333333333333333, "location": "Seattle, WA", "sentiment": "positive", "time": "Wed Jul 06 19:50:22 +0000 2016"}
{"polarity": 0.13636363636363635, "location": "New York, NY", "sentiment": "positive", "time": "Wed Jul 06 19:50:27 +0000 2016"}
{"polarity": 0.8, "location": "Atlanta, GA", "sentiment": "positive", "time": "Wed Jul 06 19:50:27 +0000 2016"}
{"polarity": 0.0, "location": "Atlanta, GA", "sentiment": "neutral", "time": "Wed Jul 06 19:50:36 +0000 2016"}
{"polarity": 0.13636363636363635, "location": "New York, NY", "sentiment": "positive", "time": "Wed Jul 06 19:50:41 +0000 2016"}
{"polarity": -0.9375, "location": "New York, NY", "sentiment": "negative", "time": "Wed Jul 06 19:50:41 +0000 2016"}
{"polarity": 0.00625, "location": "San Diego, CA", "sentiment": "positive", "time": "Wed Jul 06 19:50:45 +0000 2016"}
{"polarity": 0.6, "location": "New York, NY", "sentiment": "positive", "time": "Wed Jul 06 19:50:54 +0000 2016"}
{"polarity": 0.15, "location": "San Diego, CA", "sentiment": "positive", "time": "Wed Jul 06 19:15:00 +0000 2016"}
{"polarity": 0.0, "location": "Boston, MA", "sentiment": "neutral", "time": "Wed Jul 06 19:15:13 +0000 2016"}
{"polarity": 0.0, "location": "Boston, MA", "sentiment": "neutral", "time": "Wed Jul 06 19:15:15 +0000 2016"}
{"polarity": 0.0, "location": "New York, NY", "sentiment": "neutral", "time": "Wed Jul 06 19:15:17 +0000 2016"}
{"polarity": 0.5, "location": "Atlanta, GA", "sentiment": "positive", "time": "Wed Jul 06 19:15:26 +0000 2016"}
{"polarity": -0.2, "location": "Atlanta, GA", "sentiment": "negative", "time": "Wed Jul 06 19:15:26 +0000 2016"}
{"polarity": 0.5, "location": "San Diego, CA", "sentiment": "positive", "time": "Wed Jul 06 19:15:30 +0000 2016"}
{"polarity": 0.0, "location": "San Diego, CA", "sentiment": "neutral", "time": "Wed Jul 06 19:15:32 +0000 2016"}
{"polarity": 0.22499999999999998, "location": "New York, NY", "sentiment": "positive", "time": "Wed Jul 06 19:15:35 +0000 2016"}
{"polarity": 0.0, "location": "San Diego, CA", "sentiment": "neutral", "time": "Wed Jul 06 19:15:38 +0000 2016"}
{"polarity": 0.0, "location": "Atlanta, GA", "sentiment": "neutral", "time": "Wed Jul 06 19:15:44 +0000 2016"}
{"polarity": 0.1, "location": "Portland, OR", "sentiment": "positive", "time": "Wed Jul 06 19:15:45 +0000 2016"}
{"polarity": 0.0, "location": "Atlanta, GA", "sentiment": "neutral", "time": "Wed Jul 06 19:15:46 +0000 2016"}
{"polarity": 0.3333333333333333, "location": "Seattle, WA", "sentiment": "positive", "time": "Wed Jul 06 19:15:47 +0000 2016"}
{"polarity": 0.03333333333333333, "location": "Atlanta, GA", "sentiment": "positive", "time": "Wed Jul 06 19:15:49 +0000 2016"}
{"polarity": 0.0, "location": "New York, NY", "sentiment": "neutral", "time": "Wed Jul 06 19:15:51 +0000 2016"}
{"polarity": 0.13636363636363635, "location": "New York, NY", "sentiment": "positive", "time": "Wed Jul 06 19:15:57 +0000 2016"}
{"polarity": 0.1, "location": "Atlanta, GA", "sentiment": "positive", "time": "Wed Jul 06 19:38:08 +0000 2016"}
{"polarity": -0.0625, "location": "New York, NY", "sentiment": "negative", "time": "Wed Jul 06 19:38:15 +0000 2016"}
{"polarity": 0.8, "location": "San Diego, CA", "sentiment": "positive", "time": "Wed Jul 06 19:38:16 +0000 2016"}
{"polarity": 0.7, "location": "San Diego, CA", "sentiment": "positive", "time": "Wed Jul 06 19:38:18 +0000 2016"}
{"polarity": 0.0, "location": "Atlanta, GA", "sentiment": "neutral", "time": "Wed Jul 06 19:38:18 +0000 2016"}
{"polarity": 0.1, "location": "Atlanta, GA", "sentiment": "positive", "time": "Wed Jul 06 19:38:18 +0000 2016"}
{"polarity": 0.0, "location": "New York, NY", "sentiment": "neutral", "time": "Wed Jul 06 19:38:18 +0000 2016"}
{"polarity": 0.5, "location": "Portland, OR", "sentiment": "positive", "time": "Wed Jul 06 19:38:24 +0000 2016"}
{"polarity": 0.0, "location": "Atlanta, GA", "sentiment": "neutral", "time": "Wed Jul 06 19:38:35 +0000 2016"}
{"polarity": 0.0, "location": "Boston, MA", "sentiment": "neutral", "time": "Wed Jul 06 19:38:50 +0000 2016"}
{"polarity": 0.13636363636363635, "location": "New York, NY", "sentiment": "positive", "time": "Wed Jul 06 19:21:26 +0000 2016"}
{"polarity": 0.3, "location": "Atlanta, GA", "sentiment": "positive", "time": "Wed Jul 06 19:21:37 +0000 2016"}
{"polarity": 0.4431818181818182, "location": "New York, NY", "sentiment": "positive", "time": "Wed Jul 06 19:21:46 +0000 2016"}
{"polarity": 0.24479166666666666, "location": "Atlanta, GA", "sentiment": "positive", "time": "Wed Jul 06 19:21:54 +0000 2016"}
{"polarity": 0.0, "location": "Orlando, FL", "sentiment": "neutral", "time": "Wed Jul 06 19:21:56 +0000 2016"}
{"polarity": 0.0, "location": "Atlanta, GA", "sentiment": "neutral", "time": "Wed Jul 06 19:17:04 +0000 2016"}
{"polarity": 0.45999999999999996, "location": "San Diego, CA", "sentiment": "positive", "time": "Wed Jul 06 19:17:10 +0000 2016"}
{"polarity": 0.0, "location": "Orlando, FL", "sentiment": "neutral", "time": "Wed Jul 06 19:17:29 +0000 2016"}
{"polarity": 0.0, "location": "New York, NY", "sentiment": "neutral", "time": "Wed Jul 06 19:17:33 +0000 2016"}
{"polarity": 0.30000000000000004, "location": "New York, NY", "sentiment": "positive", "time": "Wed Jul 06 19:17:39 +0000 2016"}
{"polarity": -0.2916666666666667, "location": "New York, NY", "sentiment": "negative", "time": "Wed Jul 06 19:17:41 +0000 2016"}
{"polarity": -0.2, "location": "Orlando, FL", "sentiment": "negative", "time": "Wed Jul 06 19:17:47 +0000 2016"}
{"polarity": 0.0, "location": "Atlanta, GA", "sentiment": "neutral", "time": "Wed Jul 06 19:17:54 +0000 2016"}
{"polarity": 0.16666666666666669, "location": "Atlanta, GA", "sentiment": "positive", "time": "Wed Jul 06 19:12:05 +0000 2016"}
{"polarity": 0.17500000000000004, "location": "New York, NY", "sentiment": "positive", "time": "Wed Jul 06 19:12:10 +0000 2016"}
{"polarity": 0.4000000000000001, "location": "Atlanta, GA", "sentiment": "positive", "time": "Wed Jul 06 19:12:18 +0000 2016"}
{"polarity": -0.4, "location": "San Diego, CA", "sentiment": "negative", "time": "Wed Jul 06 19:12:26 +0000 2016"}
{"polarity": 0.0, "location": "New York, NY", "sentiment": "neutral", "time": "Wed Jul 06 19:12:26 +0000 2016"}
{"polarity": -0.5, "location": "New York, NY", "sentiment": "negative", "time": "Wed Jul 06 19:12:30 +0000 2016"}
{"polarity": 0.0, "location": "Atlanta, GA", "sentiment": "neutral", "time": "Wed Jul 06 19:12:31 +0000 2016"}
{"polarity": 0.2857142857142857, "location": "Orlando, FL", "sentiment": "positive", "time": "Wed Jul 06 19:12:32 +0000 2016"}
{"polarity": 0.0, "location": "New York, NY", "sentiment": "neutral", "time": "Wed Jul 06 19:12:34 +0000 2016"}
{"polarity": -0.2, "location": "Atlanta, GA", "sentiment": "negative", "time": "Wed Jul 06 19:12:43 +0000 2016"}
{"polarity": 0.0, "location": "Boston, MA", "sentiment": "neutral", "time": "Wed Jul 06 19:12:44 +0000 2016"}
{"polarity": 0.5, "location": "Atlanta, GA", "sentiment": "positive", "time": "Wed Jul 06 19:12:52 +0000 2016"}
{"polarity": 0.0, "location": "Atlanta, GA", "sentiment": "neutral", "time": "Wed Jul 06 19:12:59 +0000 2016"}
{"polarity": 0.3125, "location": "New York, NY", "sentiment": "positive", "time": "Wed Jul 06 19:29:02 +0000 2016"}
{"polarity": 0.0, "location": "San Diego, CA", "sentiment": "neutral", "time": "Wed Jul 06 19:29:02 +0000 2016"}
{"polarity": 0.0, "location": "New York, NY", "sentiment": "neutral", "time": "Wed Jul 06 19:29:06 +0000 2016"}
{"polarity": 0.375, "location": "Portland, OR", "sentiment": "positive", "time": "Wed Jul 06 19:29:07 +0000 2016"}
{"polarity": 0.0, "location": "New York, NY", "sentiment": "neutral", "time": "Wed Jul 06 19:29:10 +0000 2016"}
{"polarity": 0.25, "location": "Boston, MA", "sentiment": "positive", "time": "Wed Jul 06 19:29:44 +0000 2016"}
{"polarity": 0.0, "location": "Boston, MA", "sentiment": "neutral", "time": "Wed Jul 06 19:29:46 +0000 2016"}
{"polarity": 0.0, "location": "New York, NY", "sentiment": "neutral", "time": "Wed Jul 06 19:29:50 +0000 2016"}
{"polarity": 0.0, "location": "Orlando, FL", "sentiment": "neutral", "time": "Wed Jul 06 19:29:49 +0000 2016"}
{"polarity": 0.0, "location": "San Diego, CA", "sentiment": "neutral", "time": "Wed Jul 06 19:29:54 +0000 2016"}
{"polarity": 0.0, "location": "New York, NY", "sentiment": "neutral", "time": "Wed Jul 06 19:29:55 +0000 2016"}
{"polarity": -0.4, "location": "Orlando, FL", "sentiment": "negative", "time": "Wed Jul 06 19:29:57 +0000 2016"}
{"polarity": 0.0, "location": "New York, NY", "sentiment": "neutral", "time": "Wed Jul 06 19:18:03 +0000 2016"}
{"polarity": 0.8, "location": "Atlanta, GA", "sentiment": "positive", "time": "Wed Jul 06 19:18:03 +0000 2016"}
{"polarity": 0.0, "location": "Boston, MA", "sentiment": "neutral", "time": "Wed Jul 06 19:18:17 +0000 2016"}
{"polarity": 0.0, "location": "Phoenix, AZ", "sentiment": "neutral", "time": "Wed Jul 06 19:18:27 +0000 2016"}
{"polarity": 0.45625, "location": "Boston, MA", "sentiment": "positive", "time": "Wed Jul 06 19:18:52 +0000 2016"}
{"polarity": 1.0, "location": "Atlanta, GA", "sentiment": "positive", "time": "Wed Jul 06 19:18:52 +0000 2016"}
{"polarity": 0.0, "location": "St. Louis, MO", "sentiment": "neutral", "time": "Wed Jul 06 19:18:54 +0000 2016"}
{"polarity": -0.05, "location": "Phoenix, AZ", "sentiment": "negative", "time": "Wed Jul 06 19:18:54 +0000 2016"}
{"polarity": 0.85, "location": "Portland, OR", "sentiment": "positive", "time": "Wed Jul 06 19:18:56 +0000 2016"}
{"polarity": 0.375, "location": "Orlando, FL", "sentiment": "positive", "time": "Wed Jul 06 19:46:04 +0000 2016"}
{"polarity": 0.0, "location": "New York, NY", "sentiment": "neutral", "time": "Wed Jul 06 19:46:06 +0000 2016"}
{"polarity": 0.1, "location": "New York, NY", "sentiment": "positive", "time": "Wed Jul 06 19:46:13 +0000 2016"}
{"polarity": 0.2, "location": "Seattle, WA", "sentiment": "positive", "time": "Wed Jul 06 19:46:15 +0000 2016"}
{"polarity": 0.3, "location": "New York, NY", "sentiment": "positive", "time": "Wed Jul 06 19:46:15 +0000 2016"}
{"polarity": -0.75, "location": "New York, NY", "sentiment": "negative", "time": "Wed Jul 06 19:46:18 +0000 2016"}
{"polarity": 0.0, "location": "Atlanta, GA", "sentiment": "neutral", "time": "Wed Jul 06 19:46:20 +0000 2016"}
{"polarity": 0.55, "location": "New York, NY", "sentiment": "positive", "time": "Wed Jul 06 19:46:37 +0000 2016"}
{"polarity": 0.3, "location": "Boston, MA", "sentiment": "positive", "time": "Wed Jul 06 19:46:37 +0000 2016"}
{"polarity": 0.13636363636363635, "location": "Atlanta, GA", "sentiment": "positive", "time": "Wed Jul 06 19:46:43 +0000 2016"}
{"polarity": 0.05555555555555557, "location": "Atlanta, GA", "sentiment": "positive", "time": "Wed Jul 06 19:46:44 +0000 2016"}
{"polarity": 0.0, "location": "Phoenix, AZ", "sentiment": "neutral", "time": "Wed Jul 06 19:46:51 +0000 2016"}
{"polarity": 0.0, "location": "Atlanta, GA", "sentiment": "neutral", "time": "Wed Jul 06 19:00:01 +0000 2016"}
{"polarity": -0.08333333333333333, "location": "Seattle, WA", "sentiment": "negative", "time": "Wed Jul 06 19:00:02 +0000 2016"}
{"polarity": 1.0, "location": "Seattle, WA", "sentiment": "positive", "time": "Wed Jul 06 19:00:03 +0000 2016"}
{"polarity": 0.0, "location": "Boston, MA", "sentiment": "neutral", "time": "Wed Jul 06 19:00:05 +0000 2016"}
{"polarity": -0.1, "location": "Boston, MA", "sentiment": "negative", "time": "Wed Jul 06 19:00:05 +0000 2016"}
{"polarity": 0.5, "location": "Phoenix, AZ", "sentiment": "positive", "time": "Wed Jul 06 19:00:08 +0000 2016"}
{"polarity": 0.0, "location": "San Diego, CA", "sentiment": "neutral", "time": "Wed Jul 06 19:00:08 +0000 2016"}
{"polarity": 0.0, "location": "New York, NY", "sentiment": "neutral", "time": "Wed Jul 06 19:00:09 +0000 2016"}
{"polarity": 0.0, "location": "New York, NY", "sentiment": "neutral", "time": "Wed Jul 06 19:00:10 +0000 2016"}
{"polarity": 0.0, "location": "St. Louis, MO", "sentiment": "neutral", "time": "Wed Jul 06 19:00:13 +0000 2016"}
{"polarity": 0.0, "location": "New York, NY", "sentiment": "neutral", "time": "Wed Jul 06 19:00:19 +0000 2016"}
{"polarity": 0.3472727272727273, "location": "Atlanta, GA", "sentiment": "positive", "time": "Wed Jul 06 19:00:23 +0000 2016"}
{"polarity": 0.225, "location": "Phoenix, AZ", "sentiment": "positive", "time": "Wed Jul 06 19:00:35 +0000 2016"}
{"polarity": 0.0, "location": "San Diego, CA", "sentiment": "neutral", "time": "Wed Jul 06 19:00:38 +0000 2016"}
{"polarity": 0.0, "location": "New York, NY", "sentiment": "neutral", "time": "Wed Jul 06 19:00:38 +0000 2016"}
{"polarity": 0.17500000000000002, "location": "New York, NY", "sentiment": "positive", "time": "Wed Jul 06 19:00:42 +0000 2016"}
{"polarity": 0.4, "location": "Boston, MA", "sentiment": "positive", "time": "Wed Jul 06 19:00:49 +0000 2016"}
{"polarity": 0.0, "location": "New York, NY", "sentiment": "neutral", "time": "Wed Jul 06 19:00:52 +0000 2016"}
{"polarity": -0.11388888888888889, "location": "Atlanta, GA", "sentiment": "negative", "time": "Wed Jul 06 19:00:53 +0000 2016"}
{"polarity": -0.75, "location": "Atlanta, GA", "sentiment": "negative", "time": "Wed Jul 06 19:00:54 +0000 2016"}
{"polarity": 0.4375, "location": "Seattle, WA", "sentiment": "positive", "time": "Wed Jul 06 19:34:03 +0000 2016"}
{"polarity": 0.0, "location": "New York, NY", "sentiment": "neutral", "time": "Wed Jul 06 19:34:09 +0000 2016"}
{"polarity": -0.2833333333333333, "location": "Atlanta, GA", "sentiment": "negative", "time": "Wed Jul 06 19:34:17 +0000 2016"}
{"polarity": 0.0, "location": "Atlanta, GA", "sentiment": "neutral", "time": "Wed Jul 06 19:34:17 +0000 2016"}
{"polarity": 0.04545454545454545, "location": "Portland, OR", "sentiment": "positive", "time": "Wed Jul 06 19:34:32 +0000 2016"}
{"polarity": 0.0, "location": "Atlanta, GA", "sentiment": "neutral", "time": "Wed Jul 06 19:34:35 +0000 2016"}
{"polarity": -0.2, "location": "New York, NY", "sentiment": "negative", "time": "Wed Jul 06 19:34:41 +0000 2016"}
{"polarity": 0.0, "location": "Seattle, WA", "sentiment": "neutral", "time": "Wed Jul 06 19:34:46 +0000 2016"}
{"polarity": -0.04999999999999999, "location": "New York, NY", "sentiment": "negative", "time": "Wed Jul 06 19:34:51 +0000 2016"}
{"polarity": 0.8, "location": "Boston, MA", "sentiment": "positive", "time": "Wed Jul 06 19:34:59 +0000 2016"}
{"polarity": -0.25, "location": "Phoenix, AZ", "sentiment": "negative", "time": "Wed Jul 06 19:05:00 +0000 2016"}
{"polarity": 0.6, "location": "San Diego, CA", "sentiment": "positive", "time": "Wed Jul 06 19:05:04 +0000 2016"}
{"polarity": 0.0, "location": "Seattle, WA", "sentiment": "neutral", "time": "Wed Jul 06 19:05:10 +0000 2016"}
{"polarity": 0.0, "location": "New York, NY", "sentiment": "neutral", "time": "Wed Jul 06 19:05:12 +0000 2016"}
{"polarity": 0.5, "location": "Atlanta, GA", "sentiment": "positive", "time": "Wed Jul 06 19:05:14 +0000 2016"}
{"polarity": 0.0, "location": "New York, NY", "sentiment": "neutral", "time": "Wed Jul 06 19:05:14 +0000 2016"}
{"polarity": 0.375, "location": "New York, NY", "sentiment": "positive", "time": "Wed Jul 06 19:05:17 +0000 2016"}
{"polarity": 0.3181818181818182, "location": "Atlanta, GA", "sentiment": "positive", "time": "Wed Jul 06 19:05:19 +0000 2016"}
{"polarity": 0.0, "location": "Seattle, WA", "sentiment": "neutral", "time": "Wed Jul 06 19:05:20 +0000 2016"}
{"polarity": 0.45, "location": "Boston, MA", "sentiment": "positive", "time": "Wed Jul 06 19:05:21 +0000 2016"}
{"polarity": 0.16666666666666666, "location": "New York, NY", "sentiment": "positive", "time": "Wed Jul 06 19:05:26 +0000 2016"}
{"polarity": 0.0, "location": "Atlanta, GA", "sentiment": "neutral", "time": "Wed Jul 06 19:05:26 +0000 2016"}
{"polarity": 0.2, "location": "Atlanta, GA", "sentiment": "positive", "time": "Wed Jul 06 19:05:26 +0000 2016"}
{"polarity": 0.0, "location": "San Diego, CA", "sentiment": "neutral", "time": "Wed Jul 06 19:05:28 +0000 2016"}
{"polarity": 1.0, "location": "Seattle, WA", "sentiment": "positive", "time": "Wed Jul 06 19:05:34 +0000 2016"}
{"polarity": -0.03333333333333333, "location": "Boston, MA", "sentiment": "negative", "time": "Wed Jul 06 19:05:35 +0000 2016"}
{"polarity": 0.0, "location": "Boston, MA", "sentiment": "neutral", "time": "Wed Jul 06 19:05:41 +0000 2016"}
{"polarity": 0.6000000000000001, "location": "New York, NY", "sentiment": "positive", "time": "Wed Jul 06 19:05:44 +0000 2016"}
{"polarity": 0.25, "location": "Phoenix, AZ", "sentiment": "positive", "time": "Wed Jul 06 19:05:49 +0000 2016"}
{"polarity": 0.0, "location": "Seattle, WA", "sentiment": "neutral", "time": "Wed Jul 06 19:05:49 +0000 2016"}
{"polarity": 0.0, "location": "Portland, OR", "sentiment": "neutral", "time": "Wed Jul 06 19:11:02 +0000 2016"}
{"polarity": 0.6, "location": "New York, NY", "sentiment": "positive", "time": "Wed Jul 06 19:11:09 +0000 2016"}
{"polarity": 0.0, "location": "Atlanta, GA", "sentiment": "neutral", "time": "Wed Jul 06 19:11:27 +0000 2016"}
{"polarity": 0.4, "location": "Atlanta, GA", "sentiment": "positive", "time": "Wed Jul 06 19:11:33 +0000 2016"}
{"polarity": -0.75, "location": "Atlanta, GA", "sentiment": "negative", "time": "Wed Jul 06 19:11:39 +0000 2016"}
{"polarity": 0.2, "location": "Seattle, WA", "sentiment": "positive", "time": "Wed Jul 06 19:11:41 +0000 2016"}
{"polarity": 0.25, "location": "Atlanta, GA", "sentiment": "positive", "time": "Wed Jul 06 19:11:46 +0000 2016"}
{"polarity": 0.0, "location": "Boston, MA", "sentiment": "neutral", "time": "Wed Jul 06 19:11:54 +0000 2016"}
{"polarity": -0.05681818181818182, "location": "Atlanta, GA", "sentiment": "negative", "time": "Wed Jul 06 19:11:59 +0000 2016"}
{"polarity": -0.5, "location": "Phoenix, AZ", "sentiment": "negative", "time": "Wed Jul 06 19:56:02 +0000 2016"}
{"polarity": 0.2534722222222222, "location": "Phoenix, AZ", "sentiment": "positive", "time": "Wed Jul 06 19:56:02 +0000 2016"}
{"polarity": 0.0, "location": "Seattle, WA", "sentiment": "neutral", "time": "Wed Jul 06 19:56:08 +0000 2016"}
{"polarity": -0.4, "location": "Atlanta, GA", "sentiment": "negative", "time": "Wed Jul 06 19:56:08 +0000 2016"}
{"polarity": 0.0, "location": "San Diego, CA", "sentiment": "neutral", "time": "Wed Jul 06 19:56:09 +0000 2016"}
{"polarity": -0.24603174603174602, "location": "Seattle, WA", "sentiment": "negative", "time": "Wed Jul 06 19:56:13 +0000 2016"}
{"polarity": 0.0, "location": "New York, NY", "sentiment": "neutral", "time": "Wed Jul 06 19:56:13 +0000 2016"}
{"polarity": -0.24431818181818182, "location": "New York, NY", "sentiment": "negative", "time": "Wed Jul 06 19:56:13 +0000 2016"}
{"polarity": 0.04999999999999999, "location": "Seattle, WA", "sentiment": "positive", "time": "Wed Jul 06 19:56:22 +0000 2016"}
{"polarity": 0.0, "location": "Seattle, WA", "sentiment": "neutral", "time": "Wed Jul 06 19:56:23 +0000 2016"}
{"polarity": 0.0, "location": "St. Louis, MO", "sentiment": "neutral", "time": "Wed Jul 06 19:56:27 +0000 2016"}
{"polarity": 0.0, "location": "Orlando, FL", "sentiment": "neutral", "time": "Wed Jul 06 19:56:31 +0000 2016"}
{"polarity": 0.0, "location": "Portland, OR", "sentiment": "neutral", "time": "Wed Jul 06 19:56:41 +0000 2016"}
{"polarity": 0.28409090909090906, "location": "Boston, MA", "sentiment": "positive", "time": "Wed Jul 06 19:56:41 +0000 2016"}
{"polarity": 0.16, "location": "Seattle, WA", "sentiment": "positive", "time": "Wed Jul 06 19:56:58 +0000 2016"}
{"polarity": 0.0, "location": "St. Louis, MO", "sentiment": "neutral", "time": "Wed Jul 06 19:56:59 +0000 2016"}
{"polarity": 0.0, "location": "San Diego, CA", "sentiment": "neutral", "time": "Wed Jul 06 19:47:04 +0000 2016"}
{"polarity": 0.175, "location": "San Diego, CA", "sentiment": "positive", "time": "Wed Jul 06 19:47:06 +0000 2016"}
{"polarity": 0.7000000000000001, "location": "Seattle, WA", "sentiment": "positive", "time": "Wed Jul 06 19:47:09 +0000 2016"}
{"polarity": 0.0, "location": "Boston, MA", "sentiment": "neutral", "time": "Wed Jul 06 19:47:09 +0000 2016"}
{"polarity": 0.0, "location": "New York, NY", "sentiment": "neutral", "time": "Wed Jul 06 19:47:15 +0000 2016"}
{"polarity": 0.4, "location": "Seattle, WA", "sentiment": "positive", "time": "Wed Jul 06 19:47:16 +0000 2016"}
{"polarity": 0.2, "location": "Portland, OR", "sentiment": "positive", "time": "Wed Jul 06 19:47:26 +0000 2016"}
{"polarity": -0.5, "location": "Boston, MA", "sentiment": "negative", "time": "Wed Jul 06 19:47:27 +0000 2016"}
{"polarity": 0.0, "location": "Boston, MA", "sentiment": "neutral", "time": "Wed Jul 06 19:47:33 +0000 2016"}
{"polarity": 0.0, "location": "Atlanta, GA", "sentiment": "neutral", "time": "Wed Jul 06 19:47:40 +0000 2016"}
{"polarity": 0.0, "location": "New York, NY", "sentiment": "neutral", "time": "Wed Jul 06 19:52:01 +0000 2016"}
{"polarity": 0.5859375, "location": "San Diego, CA", "sentiment": "positive", "time": "Wed Jul 06 19:52:05 +0000 2016"}
{"polarity": 0.0, "location": "Seattle, WA", "sentiment": "neutral", "time": "Wed Jul 06 19:52:08 +0000 2016"}
{"polarity": -0.175, "location": "Atlanta, GA", "sentiment": "negative", "time": "Wed Jul 06 19:52:15 +0000 2016"}
{"polarity": 0.0, "location": "St. Louis, MO", "sentiment": "neutral", "time": "Wed Jul 06 19:52:26 +0000 2016"}
{"polarity": 0.0, "location": "New York, NY", "sentiment": "neutral", "time": "Wed Jul 06 19:52:27 +0000 2016"}
{"polarity": -0.19375, "location": "Orlando, FL", "sentiment": "negative", "time": "Wed Jul 06 19:52:32 +0000 2016"}
{"polarity": 0.0, "location": "Atlanta, GA", "sentiment": "neutral", "time": "Wed Jul 06 19:52:34 +0000 2016"}
{"polarity": -0.1, "location": "Seattle, WA", "sentiment": "negative", "time": "Wed Jul 06 19:52:35 +0000 2016"}
{"polarity": 0.11818181818181818, "location": "Atlanta, GA", "sentiment": "positive", "time": "Wed Jul 06 19:52:39 +0000 2016"}
{"polarity": 0.0, "location": "Phoenix, AZ", "sentiment": "neutral", "time": "Wed Jul 06 19:52:45 +0000 2016"}
{"polarity": -0.6, "location": "Boston, MA", "sentiment": "negative", "time": "Wed Jul 06 19:52:45 +0000 2016"}
{"polarity": 0.7, "location": "Seattle, WA", "sentiment": "positive", "time": "Wed Jul 06 19:52:51 +0000 2016"}
{"polarity": 0.0, "location": "San Diego, CA", "sentiment": "neutral", "time": "Wed Jul 06 19:52:55 +0000 2016"}
{"polarity": 0.625, "location": "Phoenix, AZ", "sentiment": "positive", "time": "Wed Jul 06 19:52:55 +0000 2016"}
{"polarity": 0.2333333333333333, "location": "Seattle, WA", "sentiment": "positive", "time": "Wed Jul 06 19:53:03 +0000 2016"}
{"polarity": 0.2, "location": "St. Louis, MO", "sentiment": "positive", "time": "Wed Jul 06 19:53:07 +0000 2016"}
{"polarity": 0.0, "location": "Seattle, WA", "sentiment": "neutral", "time": "Wed Jul 06 19:53:11 +0000 2016"}
{"polarity": 0.1, "location": "Portland, OR", "sentiment": "positive", "time": "Wed Jul 06 19:53:23 +0000 2016"}
{"polarity": 0.4, "location": "Atlanta, GA", "sentiment": "positive", "time": "Wed Jul 06 19:53:27 +0000 2016"}
{"polarity": 0.8, "location": "Atlanta, GA", "sentiment": "positive", "time": "Wed Jul 06 19:53:29 +0000 2016"}
{"polarity": -0.2, "location": "Atlanta, GA", "sentiment": "negative", "time": "Wed Jul 06 19:53:32 +0000 2016"}
{"polarity": -0.4666666666666666, "location": "Atlanta, GA", "sentiment": "negative", "time": "Wed Jul 06 19:53:32 +0000 2016"}
{"polarity": 0.0, "location": "Atlanta, GA", "sentiment": "neutral", "time": "Wed Jul 06 19:53:38 +0000 2016"}
{"polarity": 0.0, "location": "San Diego, CA", "sentiment": "neutral", "time": "Wed Jul 06 19:53:41 +0000 2016"}
{"polarity": 0.0, "location": "Atlanta, GA", "sentiment": "neutral", "time": "Wed Jul 06 19:53:41 +0000 2016"}
{"polarity": 0.25, "location": "Phoenix, AZ", "sentiment": "positive", "time": "Wed Jul 06 19:53:43 +0000 2016"}
{"polarity": 0.0, "location": "Boston, MA", "sentiment": "neutral", "time": "Wed Jul 06 19:53:56 +0000 2016"}
{"polarity": 0.0, "location": "San Diego, CA", "sentiment": "neutral", "time": "Wed Jul 06 19:02:04 +0000 2016"}
{"polarity": 0.0, "location": "San Diego, CA", "sentiment": "neutral", "time": "Wed Jul 06 19:02:25 +0000 2016"}
{"polarity": 0.0, "location": "Atlanta, GA", "sentiment": "neutral", "time": "Wed Jul 06 19:02:29 +0000 2016"}
{"polarity": 0.0, "location": "Atlanta, GA", "sentiment": "neutral", "time": "Wed Jul 06 19:02:29 +0000 2016"}
{"polarity": 0.0, "location": "San Diego, CA", "sentiment": "neutral", "time": "Wed Jul 06 19:02:30 +0000 2016"}
{"polarity": 0.0, "location": "Seattle, WA", "sentiment": "neutral", "time": "Wed Jul 06 19:02:37 +0000 2016"}
{"polarity": -0.30000000000000004, "location": "New York, NY", "sentiment": "negative", "time": "Wed Jul 06 19:02:37 +0000 2016"}
{"polarity": 0.625, "location": "Portland, OR", "sentiment": "positive", "time": "Wed Jul 06 19:02:42 +0000 2016"}
{"polarity": 0.0, "location": "Orlando, FL", "sentiment": "neutral", "time": "Wed Jul 06 19:02:45 +0000 2016"}
{"polarity": -0.11666666666666668, "location": "Boston, MA", "sentiment": "negative", "time": "Wed Jul 06 19:02:51 +0000 2016"}
{"polarity": 0.06666666666666667, "location": "Atlanta, GA", "sentiment": "positive", "time": "Wed Jul 06 19:02:52 +0000 2016"}
{"polarity": 0.0, "location": "Seattle, WA", "sentiment": "neutral", "time": "Wed Jul 06 19:02:54 +0000 2016"}
{"polarity": 0.27714285714285714, "location": "New York, NY", "sentiment": "positive", "time": "Wed Jul 06 19:02:59 +0000 2016"}
{"polarity": 0.45, "location": "Seattle, WA", "sentiment": "positive", "time": "Wed Jul 06 19:48:01 +0000 2016"}
{"polarity": 0.0, "location": "San Diego, CA", "sentiment": "neutral", "time": "Wed Jul 06 19:48:27 +0000 2016"}
{"polarity": 0.0, "location": "New York, NY", "sentiment": "neutral", "time": "Wed Jul 06 19:48:28 +0000 2016"}
{"polarity": 0.0, "location": "Atlanta, GA", "sentiment": "neutral", "time": "Wed Jul 06 19:48:30 +0000 2016"}
{"polarity": 1.0, "location": "New York, NY", "sentiment": "positive", "time": "Wed Jul 06 19:48:31 +0000 2016"}
{"polarity": 0.13636363636363635, "location": "Atlanta, GA", "sentiment": "positive", "time": "Wed Jul 06 19:48:34 +0000 2016"}
{"polarity": 0.18333333333333335, "location": "Boston, MA", "sentiment": "positive", "time": "Wed Jul 06 19:48:36 +0000 2016"}
{"polarity": 1.0, "location": "Phoenix, AZ", "sentiment": "positive", "time": "Wed Jul 06 19:48:40 +0000 2016"}
{"polarity": 0.0, "location": "New York, NY", "sentiment": "neutral", "time": "Wed Jul 06 19:25:03 +0000 2016"}
{"polarity": 0.0, "location": "Seattle, WA", "sentiment": "neutral", "time": "Wed Jul 06 19:25:13 +0000 2016"}
{"polarity": 0.5, "location": "Portland, OR", "sentiment": "positive", "time": "Wed Jul 06 19:25:14 +0000 2016"}
{"polarity": 0.39999999999999997, "location": "Seattle, WA", "sentiment": "positive", "time": "Wed Jul 06 19:25:17 +0000 2016"}
{"polarity": 0.0, "location": "Phoenix, AZ", "sentiment": "neutral", "time": "Wed Jul 06 19:25:23 +0000 2016"}
{"polarity": 0.0, "location": "Orlando, FL", "sentiment": "neutral", "time": "Wed Jul 06 19:25:25 +0000 2016"}
{"polarity": 0.0, "location": "Orlando, FL", "sentiment": "neutral", "time": "Wed Jul 06 19:25:26 +0000 2016"}
{"polarity": -0.021875, "location": "Atlanta, GA", "sentiment": "negative", "time": "Wed Jul 06 19:25:30 +0000 2016"}
{"polarity": 0.7, "location": "New York, NY", "sentiment": "positive", "time": "Wed Jul 06 19:25:20 +0000 2016"}
{"polarity": 0.0, "location": "Boston, MA", "sentiment": "neutral", "time": "Wed Jul 06 19:25:36 +0000 2016"}
{"polarity": -0.48828125, "location": "Orlando, FL", "sentiment": "negative", "time": "Wed Jul 06 19:25:37 +0000 2016"}
{"polarity": 0.0, "location": "Atlanta, GA", "sentiment": "neutral", "time": "Wed Jul 06 19:25:38 +0000 2016"}
{"polarity": 0.0, "location": "San Diego, CA", "sentiment": "neutral", "time": "Wed Jul 06 19:25:43 +0000 2016"}
{"polarity": 0.0, "location": "New York, NY", "sentiment": "neutral", "time": "Wed Jul 06 19:25:46 +0000 2016"}
{"polarity": 0.125, "location": "San Diego, CA", "sentiment": "positive", "time": "Wed Jul 06 19:16:04 +0000 2016"}
{"polarity": 0.1, "location": "New York, NY", "sentiment": "positive", "time": "Wed Jul 06 19:16:07 +0000 2016"}
{"polarity": -1.0, "location": "Phoenix, AZ", "sentiment": "negative", "time": "Wed Jul 06 19:16:08 +0000 2016"}
{"polarity": -0.6, "location": "San Diego, CA", "sentiment": "negative", "time": "Wed Jul 06 19:16:09 +0000 2016"}
{"polarity": 0.0, "location": "Atlanta, GA", "sentiment": "neutral", "time": "Wed Jul 06 19:16:15 +0000 2016"}
{"polarity": 0.0, "location": "San Diego, CA", "sentiment": "neutral", "time": "Wed Jul 06 19:16:29 +0000 2016"}
{"polarity": 0.0, "location": "San Diego, CA", "sentiment": "neutral", "time": "Wed Jul 06 19:16:32 +0000 2016"}
{"polarity": 0.13636363636363635, "location": "Atlanta, GA", "sentiment": "positive", "time": "Wed Jul 06 19:16:36 +0000 2016"}
{"polarity": -0.2, "location": "Seattle, WA", "sentiment": "negative", "time": "Wed Jul 06 19:16:48 +0000 2016"}
{"polarity": 0.0, "location": "New York, NY", "sentiment": "neutral", "time": "Wed Jul 06 19:16:48 +0000 2016"}
{"polarity": 0.13636363636363635, "location": "New York, NY", "sentiment": "positive", "time": "Wed Jul 06 19:16:50 +0000 2016"}
{"polarity": 0.65, "location": "San Diego, CA", "sentiment": "positive", "time": "Wed Jul 06 19:14:07 +0000 2016"}
{"polarity": 0.0, "location": "Seattle, WA", "sentiment": "neutral", "time": "Wed Jul 06 19:14:13 +0000 2016"}
{"polarity": 0.0, "location": "San Diego, CA", "sentiment": "neutral", "time": "Wed Jul 06 19:14:17 +0000 2016"}
{"polarity": 0.0, "location": "New York, NY", "sentiment": "neutral", "time": "Wed Jul 06 19:14:29 +0000 2016"}
{"polarity": -0.225, "location": "Phoenix, AZ", "sentiment": "negative", "time": "Wed Jul 06 19:14:49 +0000 2016"}
{"polarity": -0.05333333333333333, "location": "Seattle, WA", "sentiment": "negative", "time": "Wed Jul 06 19:14:55 +0000 2016"}
{"polarity": -0.15555555555555559, "location": "Seattle, WA", "sentiment": "negative", "time": "Wed Jul 06 19:23:10 +0000 2016"}
{"polarity": 0.5, "location": "Atlanta, GA", "sentiment": "positive", "time": "Wed Jul 06 19:23:11 +0000 2016"}
{"polarity": 0.0, "location": "Atlanta, GA", "sentiment": "neutral", "time": "Wed Jul 06 19:23:13 +0000 2016"}
{"polarity": 0.0, "location": "Portland, OR", "sentiment": "neutral", "time": "Wed Jul 06 19:23:16 +0000 2016"}
{"polarity": 0.0, "location": "New York, NY", "sentiment": "neutral", "time": "Wed Jul 06 19:23:23 +0000 2016"}
{"polarity": 0.8, "location": "Boston, MA", "sentiment": "positive", "time": "Wed Jul 06 19:23:26 +0000 2016"}
{"polarity": 0.3499999999999999, "location": "Portland, OR", "sentiment": "positive", "time": "Wed Jul 06 19:23:27 +0000 2016"}
{"polarity": -0.06666666666666667, "location": "Portland, OR", "sentiment": "negative", "time": "Wed Jul 06 19:23:29 +0000 2016"}
{"polarity": 0.0, "location": "Atlanta, GA", "sentiment": "neutral", "time": "Wed Jul 06 19:23:38 +0000 2016"}
{"polarity": 0.032467532467532464, "location": "New York, NY", "sentiment": "positive", "time": "Wed Jul 06 19:23:50 +0000 2016"}
{"polarity": 0.0, "location": "New York, NY", "sentiment": "neutral", "time": "Wed Jul 06 19:23:56 +0000 2016"}
{"polarity": 0.0, "location": "San Diego, CA", "sentiment": "neutral", "time": "Wed Jul 06 19:07:05 +0000 2016"}
{"polarity": -0.375, "location": "Phoenix, AZ", "sentiment": "negative", "time": "Wed Jul 06 19:07:16 +0000 2016"}
{"polarity": 0.6604166666666667, "location": "Orlando, FL", "sentiment": "positive", "time": "Wed Jul 06 19:07:19 +0000 2016"}
{"polarity": 0.2, "location": "Boston, MA", "sentiment": "positive", "time": "Wed Jul 06 19:07:21 +0000 2016"}
{"polarity": 0.10000000000000002, "location": "New York, NY", "sentiment": "positive", "time": "Wed Jul 06 19:07:22 +0000 2016"}
{"polarity": 0.625, "location": "Orlando, FL", "sentiment": "positive", "time": "Wed Jul 06 19:07:23 +0000 2016"}
{"polarity": 0.0, "location": "Orlando, FL", "sentiment": "neutral", "time": "Wed Jul 06 19:07:28 +0000 2016"}
{"polarity": -0.18888888888888888, "location": "Phoenix, AZ", "sentiment": "negative", "time": "Wed Jul 06 19:07:37 +0000 2016"}
{"polarity": 0.25625, "location": "Portland, OR", "sentiment": "positive", "time": "Wed Jul 06 19:07:45 +0000 2016"}
{"polarity": 0.0, "location": "Atlanta, GA", "sentiment": "neutral", "time": "Wed Jul 06 19:07:46 +0000 2016"}
{"polarity": 0.35, "location": "St. Louis, MO", "sentiment": "positive", "time": "Wed Jul 06 19:07:57 +0000 2016"}
{"polarity": -0.05000000000000002, "location": "Atlanta, GA", "sentiment": "negative", "time": "Wed Jul 06 19:07:59 +0000 2016"}
{"polarity": -0.07777777777777779, "location": "San Diego, CA", "sentiment": "negative", "time": "Wed Jul 06 19:51:03 +0000 2016"}
{"polarity": 0.0, "location": "Atlanta, GA", "sentiment": "neutral", "time": "Wed Jul 06 19:51:22 +0000 2016"}
{"polarity": 0.16, "location": "New York, NY", "sentiment": "positive", "time": "Wed Jul 06 19:51:24 +0000 2016"}
{"polarity": 0.2, "location": "Seattle, WA", "sentiment": "positive", "time": "Wed Jul 06 19:51:28 +0000 2016"}
{"polarity": 0.0, "location": "Phoenix, AZ", "sentiment": "neutral", "time": "Wed Jul 06 19:51:29 +0000 2016"}
{"polarity": 0.0, "location": "Atlanta, GA", "sentiment": "neutral", "time": "Wed Jul 06 19:51:35 +0000 2016"}
{"polarity": 0.1, "location": "New York, NY", "sentiment": "positive", "time": "Wed Jul 06 19:51:40 +0000 2016"}
{"polarity": -0.3666666666666667, "location": "Boston, MA", "sentiment": "negative", "time": "Wed Jul 06 19:51:42 +0000 2016"}
{"polarity": 0.0, "location": "Atlanta, GA", "sentiment": "neutral", "time": "Wed Jul 06 19:51:47 +0000 2016"}
{"polarity": -0.03571428571428571, "location": "St. Louis, MO", "sentiment": "negative", "time": "Wed Jul 06 19:30:01 +0000 2016"}
{"polarity": 0.25833333333333336, "location": "New York, NY", "sentiment": "positive", "time": "Wed Jul 06 19:30:11 +0000 2016"}
{"polarity": -0.65, "location": "Seattle, WA", "sentiment": "negative", "time": "Wed Jul 06 19:30:12 +0000 2016"}
{"polarity": 0.0, "location": "New York, NY", "sentiment": "neutral", "time": "Wed Jul 06 19:30:15 +0000 2016"}
{"polarity": 0.2, "location": "Phoenix, AZ", "sentiment": "positive", "time": "Wed Jul 06 19:30:16 +0000 2016"}
{"polarity": 0.0, "location": "Seattle, WA", "sentiment": "neutral", "time": "Wed Jul 06 19:30:37 +0000 2016"}
{"polarity": 0.875, "location": "Seattle, WA", "sentiment": "positive", "time": "Wed Jul 06 19:30:39 +0000 2016"}
{"polarity": 0.5, "location": "Orlando, FL", "sentiment": "positive", "time": "Wed Jul 06 19:30:45 +0000 2016"}
{"polarity": 0.2681818181818182, "location": "Seattle, WA", "sentiment": "positive", "time": "Wed Jul 06 19:30:46 +0000 2016"}
{"polarity": 0.0, "location": "Boston, MA", "sentiment": "neutral", "time": "Wed Jul 06 19:30:47 +0000 2016"}
{"polarity": 0.0, "location": "New York, NY", "sentiment": "neutral", "time": "Wed Jul 06 19:30:48 +0000 2016"}
{"polarity": 0.0, "location": "New York, NY", "sentiment": "neutral", "time": "Wed Jul 06 19:30:54 +0000 2016"}
{"polarity": 0.3, "location": "New York, NY", "sentiment": "positive", "time": "Wed Jul 06 19:03:00 +0000 2016"}
{"polarity": 0.0, "location": "Orlando, FL", "sentiment": "neutral", "time": "Wed Jul 06 19:03:04 +0000 2016"}
{"polarity": -0.78125, "location": "New York, NY", "sentiment": "negative", "time": "Wed Jul 06 19:03:08 +0000 2016"}
{"polarity": -0.4, "location": "Atlanta, GA", "sentiment": "negative", "time": "Wed Jul 06 19:03:08 +0000 2016"}
{"polarity": 0.37878787878787873, "location": "New York, NY", "sentiment": "positive", "time": "Wed Jul 06 19:03:09 +0000 2016"}
{"polarity": 0.0, "location": "Atlanta, GA", "sentiment": "neutral", "time": "Wed Jul 06 19:03:13 +0000 2016"}
{"polarity": 0.0, "location": "New York, NY", "sentiment": "neutral", "time": "Wed Jul 06 19:03:20 +0000 2016"}
{"polarity": 0.0, "location": "St. Louis, MO", "sentiment": "neutral", "time": "Wed Jul 06 19:03:27 +0000 2016"}
{"polarity": 0.7, "location": "San Diego, CA", "sentiment": "positive", "time": "Wed Jul 06 19:03:30 +0000 2016"}
{"polarity": 0.0, "location": "Atlanta, GA", "sentiment": "neutral", "time": "Wed Jul 06 19:03:44 +0000 2016"}
{"polarity": 0.2857142857142857, "location": "San Diego, CA", "sentiment": "positive", "time": "Wed Jul 06 19:03:44 +0000 2016"}
{"polarity": 0.0, "location": "San Diego, CA", "sentiment": "neutral", "time": "Wed Jul 06 19:03:54 +0000 2016"}
{"polarity": 0.0, "location": "Boston, MA", "sentiment": "neutral", "time": "Wed Jul 06 19:40:05 +0000 2016"}
{"polarity": 0.0, "location": "Atlanta, GA", "sentiment": "neutral", "time": "Wed Jul 06 19:40:10 +0000 2016"}
{"polarity": 0.0, "location": "San Diego, CA", "sentiment": "neutral", "time": "Wed Jul 06 19:40:19 +0000 2016"}
{"polarity": -0.375, "location": "Phoenix, AZ", "sentiment": "negative", "time": "Wed Jul 06 19:40:20 +0000 2016"}
{"polarity": 0.4333333333333333, "location": "Atlanta, GA", "sentiment": "positive", "time": "Wed Jul 06 19:40:22 +0000 2016"}
{"polarity": 0.0, "location": "Boston, MA", "sentiment": "neutral", "time": "Wed Jul 06 19:40:27 +0000 2016"}
{"polarity": 0.0, "location": "Atlanta, GA", "sentiment": "neutral", "time": "Wed Jul 06 19:40:31 +0000 2016"}
{"polarity": 0.65, "location": "Atlanta, GA", "sentiment": "positive", "time": "Wed Jul 06 19:40:32 +0000 2016"}
{"polarity": -0.4, "location": "Seattle, WA", "sentiment": "negative", "time": "Wed Jul 06 19:40:36 +0000 2016"}
{"polarity": 0.75, "location": "Orlando, FL", "sentiment": "positive", "time": "Wed Jul 06 19:40:38 +0000 2016"}
{"polarity": 0.5416666666666666, "location": "Seattle, WA", "sentiment": "positive", "time": "Wed Jul 06 19:40:39 +0000 2016"}
{"polarity": -0.4, "location": "New York, NY", "sentiment": "negative", "time": "Wed Jul 06 19:40:39 +0000 2016"}
{"polarity": 0.5, "location": "Phoenix, AZ", "sentiment": "positive", "time": "Wed Jul 06 19:40:48 +0000 2016"}
{"polarity": 0.0, "location": "San Diego, CA", "sentiment": "neutral", "time": "Wed Jul 06 19:40:51 +0000 2016"}
{"polarity": 0.0, "location": "Boston, MA", "sentiment": "neutral", "time": "Wed Jul 06 19:40:57 +0000 2016"}
{"polarity": 0.0, "location": "Boston, MA", "sentiment": "neutral", "time": "Wed Jul 06 19:08:05 +0000 2016"}
{"polarity": 0.0, "location": "Orlando, FL", "sentiment": "neutral", "time": "Wed Jul 06 19:08:05 +0000 2016"}
{"polarity": -0.30000000000000004, "location": "Atlanta, GA", "sentiment": "negative", "time": "Wed Jul 06 19:08:07 +0000 2016"}
{"polarity": -0.2777777777777778, "location": "Boston, MA", "sentiment": "negative", "time": "Wed Jul 06 19:08:16 +0000 2016"}
{"polarity": 0.0, "location": "Portland, OR", "sentiment": "neutral", "time": "Wed Jul 06 19:08:45 +0000 2016"}
{"polarity": -1.0, "location": "Phoenix, AZ", "sentiment": "negative", "time": "Wed Jul 06 19:08:51 +0000 2016"}
{"polarity": -0.0625, "location": "San Diego, CA", "sentiment": "negative", "time": "Wed Jul 06 19:08:57 +0000 2016"}
{"polarity": 0.0, "location": "San Diego, CA", "sentiment": "neutral", "time": "Wed Jul 06 19:08:58 +0000 2016"}
{"polarity": 0.0, "location": "Seattle, WA", "sentiment": "neutral", "time": "Wed Jul 06 19:35:07 +0000 2016"}
{"polarity": 0.46875, "location": "Atlanta, GA", "sentiment": "positive", "time": "Wed Jul 06 19:35:10 +0000 2016"}
{"polarity": -0.25, "location": "San Diego, CA", "sentiment": "negative", "time": "Wed Jul 06 19:35:11 +0000 2016"}
{"polarity": 0.13636363636363635, "location": "New York, NY", "sentiment": "positive", "time": "Wed Jul 06 19:35:28 +0000 2016"}
{"polarity": 0.0, "location": "San Diego, CA", "sentiment": "neutral", "time": "Wed Jul 06 19:35:31 +0000 2016"}
{"polarity": 0.0, "location": "Orlando, FL", "sentiment": "neutral", "time": "Wed Jul 06 19:35:35 +0000 2016"}
{"polarity": 0.17045454545454544, "location": "New York, NY", "sentiment": "positive", "time": "Wed Jul 06 19:35:37 +0000 2016"}
{"polarity": 0.0, "location": "Portland, OR", "sentiment": "neutral", "time": "Wed Jul 06 19:35:39 +0000 2016"}
{"polarity": 0.11666666666666668, "location": "Orlando, FL", "sentiment": "positive", "time": "Wed Jul 06 19:35:39 +0000 2016"}
{"polarity": 0.0, "location": "San Diego, CA", "sentiment": "neutral", "time": "Wed Jul 06 19:35:40 +0000 2016"}
{"polarity": 0.0, "location": "Orlando, FL", "sentiment": "neutral", "time": "Wed Jul 06 19:35:53 +0000 2016"}
{"polarity": 0.0, "location": "Boston, MA", "sentiment": "neutral", "time": "Wed Jul 06 19:43:06 +0000 2016"}
{"polarity": 0.0, "location": "Boston, MA", "sentiment": "neutral", "time": "Wed Jul 06 19:43:10 +0000 2016"}
{"polarity": 0.5, "location": "New York, NY", "sentiment": "positive", "time": "Wed Jul 06 19:43:10 +0000 2016"}
{"polarity": 0.0, "location": "New York, NY", "sentiment": "neutral", "time": "Wed Jul 06 19:43:11 +0000 2016"}
{"polarity": 0.0, "location": "New York, NY", "sentiment": "neutral", "time": "Wed Jul 06 19:43:15 +0000 2016"}
{"polarity": 0.0, "location": "New York, NY", "sentiment": "neutral", "time": "Wed Jul 06 19:43:19 +0000 2016"}
{"polarity": 0.25, "location": "New York, NY", "sentiment": "positive", "time": "Wed Jul 06 19:43:30 +0000 2016"}
{"polarity": 0.6, "location": "Phoenix, AZ", "sentiment": "positive", "time": "Wed Jul 06 19:43:39 +0000 2016"}
{"polarity": 0.55, "location": "Seattle, WA", "sentiment": "positive", "time": "Wed Jul 06 19:43:42 +0000 2016"}
{"polarity": 0.0, "location": "New York, NY", "sentiment": "neutral", "time": "Wed Jul 06 19:43:50 +0000 2016"}
{"polarity": 0.0, "location": "San Diego, CA", "sentiment": "neutral", "time": "Wed Jul 06 19:43:56 +0000 2016"}
{"polarity": 0.19285714285714284, "location": "Atlanta, GA", "sentiment": "positive", "time": "Wed Jul 06 19:43:58 +0000 2016"}
{"polarity": 0.0, "location": "Atlanta, GA", "sentiment": "neutral", "time": "Wed Jul 06 19:43:59 +0000 2016"}
{"polarity": -0.10714285714285714, "location": "Orlando, FL", "sentiment": "negative", "time": "Wed Jul 06 19:10:08 +0000 2016"}
{"polarity": 0.5, "location": "New York, NY", "sentiment": "positive", "time": "Wed Jul 06 19:10:14 +0000 2016"}
{"polarity": 0.45, "location": "Phoenix, AZ", "sentiment": "positive", "time": "Wed Jul 06 19:10:16 +0000 2016"}
{"polarity": 0.0, "location": "New York, NY", "sentiment": "neutral", "time": "Wed Jul 06 19:10:16 +0000 2016"}
{"polarity": 0.5, "location": "New York, NY", "sentiment": "positive", "time": "Wed Jul 06 19:10:18 +0000 2016"}
{"polarity": 0.0, "location": "Seattle, WA", "sentiment": "neutral", "time": "Wed Jul 06 19:10:26 +0000 2016"}
{"polarity": 0.0, "location": "Atlanta, GA", "sentiment": "neutral", "time": "Wed Jul 06 19:10:30 +0000 2016"}
{"polarity": -0.5, "location": "San Diego, CA", "sentiment": "negative", "time": "Wed Jul 06 19:10:36 +0000 2016"}
{"polarity": 0.2, "location": "Orlando, FL", "sentiment": "positive", "time": "Wed Jul 06 19:10:36 +0000 2016"}
{"polarity": 0.0, "location": "San Diego, CA", "sentiment": "neutral", "time": "Wed Jul 06 19:10:45 +0000 2016"}
{"polarity": 0.0, "location": "San Diego, CA", "sentiment": "neutral", "time": "Wed Jul 06 19:54:00 +0000 2016"}
{"polarity": -0.2916666666666667, "location": "Atlanta, GA", "sentiment": "negative", "time": "Wed Jul 06 19:54:03 +0000 2016"}
{"polarity": 0.2, "location": "Seattle, WA", "sentiment": "positive", "time": "Wed Jul 06 19:54:04 +0000 2016"}
{"polarity": 0.8, "location": "New York, NY", "sentiment": "positive", "time": "Wed Jul 06 19:54:06 +0000 2016"}
{"polarity": 0.0, "location": "Atlanta, GA", "sentiment": "neutral", "time": "Wed Jul 06 19:54:35 +0000 2016"}
{"polarity": 0.0, "location": "San Diego, CA", "sentiment": "neutral", "time": "Wed Jul 06 19:54:37 +0000 2016"}
{"polarity": 0.0, "location": "Portland, OR", "sentiment": "neutral", "time": "Wed Jul 06 19:54:42 +0000 2016"}
{"polarity": -0.2, "location": "New York, NY", "sentiment": "negative", "time": "Wed Jul 06 19:54:48 +0000 2016"}
{"polarity": 0.0, "location": "Atlanta, GA", "sentiment": "neutral", "time": "Wed Jul 06 19:54:52 +0000 2016"}
{"polarity": 0.0, "location": "Boston, MA", "sentiment": "neutral", "time": "Wed Jul 06 19:54:55 +0000 2016"}
{"polarity": 0.0, "location": "Atlanta, GA", "sentiment": "neutral", "time": "Wed Jul 06 19:24:05 +0000 2016"}
{"polarity": 0.0, "location": "Seattle, WA", "sentiment": "neutral", "time": "Wed Jul 06 19:24:07 +0000 2016"}
{"polarity": 0.0, "location": "New York, NY", "sentiment": "neutral", "time": "Wed Jul 06 19:24:18 +0000 2016"}
{"polarity": 0.0, "location": "Atlanta, GA", "sentiment": "neutral", "time": "Wed Jul 06 19:24:43 +0000 2016"}
{"polarity": 0.78125, "location": "San Diego, CA", "sentiment": "positive", "time": "Wed Jul 06 19:24:52 +0000 2016"}
{"polarity": 0.0, "location": "New York, NY", "sentiment": "neutral", "time": "Wed Jul 06 19:24:52 +0000 2016"}
{"polarity": 0.3, "location": "Portland, OR", "sentiment": "positive", "time": "Wed Jul 06 19:32:11 +0000 2016"}
{"polarity": 0.0, "location": "New York, NY", "sentiment": "neutral", "time": "Wed Jul 06 19:32:15 +0000 2016"}
{"polarity": -0.13333333333333333, "location": "New York, NY", "sentiment": "negative", "time": "Wed Jul 06 19:32:15 +0000 2016"}
{"polarity": 0.3, "location": "Orlando, FL", "sentiment": "positive", "time": "Wed Jul 06 19:32:27 +0000 2016"}
{"polarity": 0.0, "location": "Atlanta, GA", "sentiment": "neutral", "time": "Wed Jul 06 19:32:32 +0000 2016"}
{"polarity": 0.0, "location": "Seattle, WA", "sentiment": "neutral", "time": "Wed Jul 06 19:32:34 +0000 2016"}
{"polarity": 0.25, "location": "Atlanta, GA", "sentiment": "positive", "time": "Wed Jul 06 19:32:36 +0000 2016"}
{"polarity": 0.0, "location": "Phoenix, AZ", "sentiment": "neutral", "time": "Wed Jul 06 19:32:38 +0000 2016"}
{"polarity": -0.26071428571428573, "location": "Boston, MA", "sentiment": "negative", "time": "Wed Jul 06 19:32:38 +0000 2016"}
{"polarity": 0.0, "location": "Portland, OR", "sentiment": "neutral", "time": "Wed Jul 06 19:32:43 +0000 2016"}
{"polarity": -0.3125, "location": "Portland, OR", "sentiment": "negative", "time": "Wed Jul 06 19:32:52 +0000 2016"}
{"polarity": -0.3333333333333333, "location": "New York, NY", "sentiment": "negative", "time": "Wed Jul 06 19:36:05 +0000 2016"}
{"polarity": -0.4, "location": "Phoenix, AZ", "sentiment": "negative", "time": "Wed Jul 06 19:36:08 +0000 2016"}
{"polarity": 0.0, "location": "San Diego, CA", "sentiment": "neutral", "time": "Wed Jul 06 19:36:13 +0000 2016"}
{"polarity": 0.16, "location": "Portland, OR", "sentiment": "positive", "time": "Wed Jul 06 19:36:18 +0000 2016"}
{"polarity": -0.7142857142857143, "location": "Orlando, FL", "sentiment": "negative", "time": "Wed Jul 06 19:36:21 +0000 2016"}
{"polarity": -0.175, "location": "Atlanta, GA", "sentiment": "negative", "time": "Wed Jul 06 19:36:26 +0000 2016"}
{"polarity": 0.875, "location": "Boston, MA", "sentiment": "positive", "time": "Wed Jul 06 19:36:29 +0000 2016"}
{"polarity": 0.0, "location": "San Diego, CA", "sentiment": "neutral", "time": "Wed Jul 06 19:36:32 +0000 2016"}
{"polarity": 0.6, "location": "Portland, OR", "sentiment": "positive", "time": "Wed Jul 06 19:36:34 +0000 2016"}
{"polarity": 0.0, "location": "Boston, MA", "sentiment": "neutral", "time": "Wed Jul 06 19:36:34 +0000 2016"}
{"polarity": -0.19999999999999998, "location": "San Diego, CA", "sentiment": "negative", "time": "Wed Jul 06 19:36:39 +0000 2016"}
{"polarity": 0.3, "location": "Portland, OR", "sentiment": "positive", "time": "Wed Jul 06 19:36:41 +0000 2016"}
{"polarity": -0.16666666666666666, "location": "Atlanta, GA", "sentiment": "negative", "time": "Wed Jul 06 19:36:42 +0000 2016"}
{"polarity": 0.0, "location": "New York, NY", "sentiment": "neutral", "time": "Wed Jul 06 19:36:43 +0000 2016"}
{"polarity": 0.7, "location": "Seattle, WA", "sentiment": "positive", "time": "Wed Jul 06 19:36:47 +0000 2016"}
{"polarity": 0.0, "location": "New York, NY", "sentiment": "neutral", "time": "Wed Jul 06 19:36:47 +0000 2016"}
{"polarity": 0.675, "location": "Seattle, WA", "sentiment": "positive", "time": "Wed Jul 06 19:36:48 +0000 2016"}
{"polarity": 0.4, "location": "New York, NY", "sentiment": "positive", "time": "Wed Jul 06 19:36:48 +0000 2016"}
{"polarity": 0.25, "location": "Orlando, FL", "sentiment": "positive", "time": "Wed Jul 06 19:01:00 +0000 2016"}
{"polarity": 0.0, "location": "Portland, OR", "sentiment": "neutral", "time": "Wed Jul 06 19:01:00 +0000 2016"}
{"polarity": 0.0, "location": "Orlando, FL", "sentiment": "neutral", "time": "Wed Jul 06 19:01:03 +0000 2016"}
{"polarity": 0.0, "location": "New York, NY", "sentiment": "neutral", "time": "Wed Jul 06 19:01:05 +0000 2016"}
{"polarity": 0.25, "location": "Seattle, WA", "sentiment": "positive", "time": "Wed Jul 06 19:01:09 +0000 2016"}
{"polarity": 0.0, "location": "Boston, MA", "sentiment": "neutral", "time": "Wed Jul 06 19:01:14 +0000 2016"}
{"polarity": -0.16666666666666666, "location": "Seattle, WA", "sentiment": "negative", "time": "Wed Jul 06 19:01:35 +0000 2016"}
{"polarity": 0.0, "location": "Atlanta, GA", "sentiment": "neutral", "time": "Wed Jul 06 19:01:36 +0000 2016"}
{"polarity": 0.7749999999999999, "location": "New York, NY", "sentiment": "positive", "time": "Wed Jul 06 19:01:53 +0000 2016"}
{"polarity": 0.4, "location": "New York, NY", "sentiment": "positive", "time": "Wed Jul 06 19:01:59 +0000 2016"}
{"polarity": 0.08148148148148149, "location": "Atlanta, GA", "sentiment": "positive", "time": "Wed Jul 06 19:55:06 +0000 2016"}
{"polarity": 0.0, "location": "Seattle, WA", "sentiment": "neutral", "time": "Wed Jul 06 19:55:09 +0000 2016"}
{"polarity": 0.0, "location": "Atlanta, GA", "sentiment": "neutral", "time": "Wed Jul 06 19:55:16 +0000 2016"}
{"polarity": 0.5, "location": "Seattle, WA", "sentiment": "positive", "time": "Wed Jul 06 19:55:18 +0000 2016"}
{"polarity": 0.0, "location": "San Diego, CA", "sentiment": "neutral", "time": "Wed Jul 06 19:55:22 +0000 2016"}
{"polarity": 0.0, "location": "San Diego, CA", "sentiment": "neutral", "time": "Wed Jul 06 19:55:23 +0000 2016"}
{"polarity": 0.1, "location": "Atlanta, GA", "sentiment": "positive", "time": "Wed Jul 06 19:55:24 +0000 2016"}
{"polarity": -0.2, "location": "New York, NY", "sentiment": "negative", "time": "Wed Jul 06 19:55:31 +0000 2016"}
{"polarity": 0.4666666666666666, "location": "San Diego, CA", "sentiment": "positive", "time": "Wed Jul 06 19:55:38 +0000 2016"}
{"polarity": 1.0, "location": "Phoenix, AZ", "sentiment": "positive", "time": "Wed Jul 06 19:55:45 +0000 2016"}
{"polarity": 0.5, "location": "Boston, MA", "sentiment": "positive", "time": "Wed Jul 06 19:55:45 +0000 2016"}
{"polarity": 0.2833333333333333, "location": "San Diego, CA", "sentiment": "positive", "time": "Wed Jul 06 19:55:49 +0000 2016"}
{"polarity": -0.3, "location": "Phoenix, AZ", "sentiment": "negative", "time": "Wed Jul 06 19:55:49 +0000 2016"}
{"polarity": 0.0, "location": "Portland, OR", "sentiment": "neutral", "time": "Wed Jul 06 19:55:49 +0000 2016"}
