{"polarity": 0.02031746031746031, "location": "New York, NY", "sentiment": "positive", "time": "Wed Jul 06 15:04:06 +0000 2016"}
{"polarity": 0.0, "location": "Seattle, WA", "sentiment": "neutral", "time": "Wed Jul 06 15:04:08 +0000 2016"}
{"polarity": 0.7000000000000001, "location": "New York, NY", "sentiment": "positive", "time": "Wed Jul 06 15:04:12 +0000 2016"}
{"polarity": 0.4, "location": "Atlanta, GA", "sentiment": "positive", "time": "Wed Jul 06 15:04:16 +0000 2016"}
{"polarity": -0.1, "location": "Seattle, WA", "sentiment": "negative", "time": "Wed Jul 06 15:04:22 +0000 2016"}
{"polarity": 1.0, "location": "New York, NY", "sentiment": "positive", "time": "Wed Jul 06 15:04:32 +0000 2016"}
{"polarity": 0.5, "location": "Portland, OR", "sentiment": "positive", "time": "Wed Jul 06 15:04:36 +0000 2016"}
{"polarity": 1.0, "location": "San Diego, CA", "sentiment": "positive", "time": "Wed Jul 06 15:04:40 +0000 2016"}
{"polarity": 0.06818181818181818, "location": "Portland, OR", "sentiment": "positive", "time": "Wed Jul 06 15:04:40 +0000 2016"}
{"polarity": 0.8, "location": "Boston, MA", "sentiment": "positive", "time": "Wed Jul 06 15:04:47 +0000 2016"}
{"polarity": -0.5, "location": "Atlanta, GA", "sentiment": "negative", "time": "Wed Jul 06 15:04:51 +0000 2016"}
{"polarity": 0.625, "location": "Portland, OR", "sentiment": "positive", "time": "Wed Jul 06 15:04:52 +0000 2016"}
{"polarity": 0.2857142857142857, "location": "Portland, OR", "sentiment": "positive", "time": "Wed Jul 06 15:04:53 +0000 2016"}
{"polarity": 0.5, "location": "Seattle, WA", "sentiment": "positive", "time": "Wed Jul 06 15:04:58 +0000 2016"}
{"polarity": 0.0, "location": "Orlando, FL", "sentiment": "neutral", "time": "Wed Jul 06 11:39:04 +0000 2016"}
{"polarity": 0.0, "location": "New York, NY", "sentiment": "neutral", "time": "Wed Jul 06 11:39:05 +0000 2016"}
{"polarity": 0.049999999999999996, "location": "Phoenix, AZ", "sentiment": "positive", "time": "Wed Jul 06 11:39:05 +0000 2016"}
{"polarity": 0.0, "location": "Seattle, WA", "sentiment": "neutral", "time": "Wed Jul 06 11:39:31 +0000 2016"}
{"polarity": -0.1875, "location": "Boston, MA", "sentiment": "negative", "time": "Wed Jul 06 11:59:03 +0000 2016"}
{"polarity": 0.0, "location": "New York, NY", "sentiment": "neutral", "time": "Wed Jul 06 11:59:05 +0000 2016"}
{"polarity": 0.4, "location": "New York, NY", "sentiment": "positive", "time": "Wed Jul 06 11:59:23 +0000 2016"}
{"polarity": 0.0, "location": "Boston, MA", "sentiment": "neutral", "time": "Wed Jul 06 11:59:24 +0000 2016"}
{"polarity": 0.0, "location": "New York, NY", "sentiment": "neutral", "time": "Wed Jul 06 11:59:28 +0000 2016"}
{"polarity": 0.0, "location": "Atlanta, GA", "sentiment": "neutral", "time": "Wed Jul 06 11:59:43 +0000 2016"}
{"polarity": 1.0, "location": "Boston, MA", "sentiment": "positive", "time": "Wed Jul 06 11:19:00 +0000 2016"}
{"polarity": 0.0, "location": "Atlanta, GA", "sentiment": "neutral", "time": "Wed Jul 06 11:19:05 +0000 2016"}
{"polarity": 0.0, "location": "Atlanta, GA", "sentiment": "neutral", "time": "Wed Jul 06 11:19:36 +0000 2016"}
{"polarity": 0.0, "location": "Atlanta, GA", "sentiment": "neutral", "time": "Wed Jul 06 11:19:51 +0000 2016"}
{"polarity": -0.2, "location": "Boston, MA", "sentiment": "negative", "time": "Wed Jul 06 11:37:09 +0000 2016"}
{"polarity": 0.0, "location": "Seattle, WA", "sentiment": "neutral", "time": "Wed Jul 06 11:37:34 +0000 2016"}
{"polarity": 0.01666666666666668, "location": "Orlando, FL", "sentiment": "positive", "time": "Wed Jul 06 11:31:05 +0000 2016"}
{"polarity": 0.0, "location": "San Diego, CA", "sentiment": "neutral", "time": "Wed Jul 06 11:31:11 +0000 2016"}
{"polarity": 0.0, "location": "New York, NY", "sentiment": "neutral", "time": "Wed Jul 06 11:31:17 +0000 2016"}
{"polarity": 0.24000000000000005, "location": "Boston, MA", "sentiment": "positive", "time": "Wed Jul 06 11:31:46 +0000 2016"}
{"polarity": 0.0, "location": "Boston, MA", "sentiment": "neutral", "time": "Wed Jul 06 11:41:02 +0000 2016"}
{"polarity": -0.75, "location": "San Diego, CA", "sentiment": "negative", "time": "Wed Jul 06 11:41:30 +0000 2016"}
{"polarity": 0.5, "location": "New York, NY", "sentiment": "positive", "time": "Wed Jul 06 11:41:50 +0000 2016"}
{"polarity": 0.0, "location": "New York, NY", "sentiment": "neutral", "time": "Wed Jul 06 11:27:01 +0000 2016"}
{"polarity": 0.4, "location": "Atlanta, GA", "sentiment": "positive", "time": "Wed Jul 06 11:27:32 +0000 2016"}
{"polarity": 0.0, "location": "Seattle, WA", "sentiment": "neutral", "time": "Wed Jul 06 11:57:28 +0000 2016"}
{"polarity": -0.3899999999999999, "location": "Seattle, WA", "sentiment": "negative", "time": "Wed Jul 06 11:57:32 +0000 2016"}
{"polarity": 0.0, "location": "Boston, MA", "sentiment": "neutral", "time": "Wed Jul 06 11:57:59 +0000 2016"}
{"polarity": 0.0, "location": "New York, NY", "sentiment": "neutral", "time": "Wed Jul 06 11:26:15 +0000 2016"}
{"polarity": 0.0, "location": "New York, NY", "sentiment": "neutral", "time": "Wed Jul 06 11:26:29 +0000 2016"}
{"polarity": 0.25, "location": "Atlanta, GA", "sentiment": "positive", "time": "Wed Jul 06 11:26:38 +0000 2016"}
{"polarity": 0.03125, "location": "San Diego, CA", "sentiment": "positive", "time": "Wed Jul 06 11:26:47 +0000 2016"}
{"polarity": 0.0, "location": "St. Louis, MO", "sentiment": "neutral", "time": "Wed Jul 06 11:26:50 +0000 2016"}
{"polarity": 0.8, "location": "Boston, MA", "sentiment": "positive", "time": "Wed Jul 06 11:26:53 +0000 2016"}
{"polarity": -0.1, "location": "San Diego, CA", "sentiment": "negative", "time": "Wed Jul 06 11:58:03 +0000 2016"}
{"polarity": 0.0, "location": "Phoenix, AZ", "sentiment": "neutral", "time": "Wed Jul 06 11:58:07 +0000 2016"}
{"polarity": -0.4, "location": "New York, NY", "sentiment": "negative", "time": "Wed Jul 06 11:58:37 +0000 2016"}
{"polarity": -0.4, "location": "New York, NY", "sentiment": "negative", "time": "Wed Jul 06 11:42:00 +0000 2016"}
{"polarity": -0.45, "location": "San Diego, CA", "sentiment": "negative", "time": "Wed Jul 06 11:50:07 +0000 2016"}
{"polarity": 0.24999999999999997, "location": "Atlanta, GA", "sentiment": "positive", "time": "Wed Jul 06 11:50:14 +0000 2016"}
{"polarity": -0.05357142857142857, "location": "Atlanta, GA", "sentiment": "negative", "time": "Wed Jul 06 11:50:24 +0000 2016"}
{"polarity": -0.10476190476190476, "location": "Boston, MA", "sentiment": "negative", "time": "Wed Jul 06 11:15:05 +0000 2016"}
{"polarity": 0.8, "location": "New York, NY", "sentiment": "positive", "time": "Wed Jul 06 11:15:08 +0000 2016"}
{"polarity": -0.65, "location": "Seattle, WA", "sentiment": "negative", "time": "Wed Jul 06 11:15:16 +0000 2016"}
{"polarity": 0.0, "location": "Atlanta, GA", "sentiment": "neutral", "time": "Wed Jul 06 11:15:21 +0000 2016"}
{"polarity": -0.19999999999999998, "location": "Seattle, WA", "sentiment": "negative", "time": "Wed Jul 06 11:15:23 +0000 2016"}
{"polarity": 0.0, "location": "New York, NY", "sentiment": "neutral", "time": "Wed Jul 06 11:15:27 +0000 2016"}
{"polarity": 0.0, "location": "New York, NY", "sentiment": "neutral", "time": "Wed Jul 06 11:15:40 +0000 2016"}
{"polarity": 0.0, "location": "Boston, MA", "sentiment": "neutral", "time": "Wed Jul 06 11:15:55 +0000 2016"}
{"polarity": -0.025000000000000005, "location": "Atlanta, GA", "sentiment": "negative", "time": "Wed Jul 06 11:38:13 +0000 2016"}
{"polarity": 0.85, "location": "New York, NY", "sentiment": "positive", "time": "Wed Jul 06 11:38:43 +0000 2016"}
{"polarity": 0.5, "location": "Portland, OR", "sentiment": "positive", "time": "Wed Jul 06 11:38:45 +0000 2016"}
{"polarity": 0.0, "location": "San Diego, CA", "sentiment": "neutral", "time": "Wed Jul 06 11:38:49 +0000 2016"}
{"polarity": 0.0, "location": "New York, NY", "sentiment": "neutral", "time": "Wed Jul 06 11:38:55 +0000 2016"}
{"polarity": 1.0, "location": "New York, NY", "sentiment": "positive", "time": "Wed Jul 06 11:21:04 +0000 2016"}
{"polarity": 0.0, "location": "Orlando, FL", "sentiment": "neutral", "time": "Wed Jul 06 11:21:06 +0000 2016"}
{"polarity": 0.3, "location": "Phoenix, AZ", "sentiment": "positive", "time": "Wed Jul 06 11:21:11 +0000 2016"}
{"polarity": 0.0, "location": "Boston, MA", "sentiment": "neutral", "time": "Wed Jul 06 11:21:15 +0000 2016"}
{"polarity": 0.0, "location": "New York, NY", "sentiment": "neutral", "time": "Wed Jul 06 11:21:26 +0000 2016"}
{"polarity": -0.15, "location": "Atlanta, GA", "sentiment": "negative", "time": "Wed Jul 06 11:17:05 +0000 2016"}
{"polarity": 0.0, "location": "New York, NY", "sentiment": "neutral", "time": "Wed Jul 06 11:17:06 +0000 2016"}
{"polarity": 0.0, "location": "San Diego, CA", "sentiment": "neutral", "time": "Wed Jul 06 11:17:07 +0000 2016"}
{"polarity": 0.1875, "location": "New York, NY", "sentiment": "positive", "time": "Wed Jul 06 11:17:08 +0000 2016"}
{"polarity": 0.0, "location": "San Diego, CA", "sentiment": "neutral", "time": "Wed Jul 06 11:17:09 +0000 2016"}
{"polarity": 0.16666666666666666, "location": "New York, NY", "sentiment": "positive", "time": "Wed Jul 06 11:12:12 +0000 2016"}
{"polarity": 0.05, "location": "Atlanta, GA", "sentiment": "positive", "time": "Wed Jul 06 11:12:21 +0000 2016"}
{"polarity": 0.0, "location": "San Diego, CA", "sentiment": "neutral", "time": "Wed Jul 06 11:12:50 +0000 2016"}
{"polarity": -0.234375, "location": "Kansas City, KS", "sentiment": "negative", "time": "Wed Jul 06 11:29:08 +0000 2016"}
{"polarity": 0.0, "location": "New York, NY", "sentiment": "neutral", "time": "Wed Jul 06 11:29:17 +0000 2016"}
{"polarity": 0.0, "location": "New York, NY", "sentiment": "neutral", "time": "Wed Jul 06 11:29:22 +0000 2016"}
{"polarity": 0.5, "location": "Orlando, FL", "sentiment": "positive", "time": "Wed Jul 06 11:29:29 +0000 2016"}
{"polarity": 0.4333333333333333, "location": "New York, NY", "sentiment": "positive", "time": "Wed Jul 06 11:29:47 +0000 2016"}
{"polarity": 0.55, "location": "Boston, MA", "sentiment": "positive", "time": "Wed Jul 06 11:18:12 +0000 2016"}
{"polarity": 0.0, "location": "New York, NY", "sentiment": "neutral", "time": "Wed Jul 06 11:18:12 +0000 2016"}
{"polarity": 0.0, "location": "Atlanta, GA", "sentiment": "neutral", "time": "Wed Jul 06 11:18:22 +0000 2016"}
{"polarity": 0.0, "location": "San Diego, CA", "sentiment": "neutral", "time": "Wed Jul 06 11:18:36 +0000 2016"}
{"polarity": 0.5, "location": "Orlando, FL", "sentiment": "positive", "time": "Wed Jul 06 11:18:39 +0000 2016"}
{"polarity": 0.0, "location": "New York, NY", "sentiment": "neutral", "time": "Wed Jul 06 11:18:41 +0000 2016"}
{"polarity": -0.07142857142857142, "location": "Portland, OR", "sentiment": "negative", "time": "Wed Jul 06 11:18:43 +0000 2016"}
{"polarity": 0.0, "location": "New York, NY", "sentiment": "neutral", "time": "Wed Jul 06 11:46:01 +0000 2016"}
{"polarity": 0.5499999999999999, "location": "Orlando, FL", "sentiment": "positive", "time": "Wed Jul 06 11:46:24 +0000 2016"}
{"polarity": 0.6, "location": "New York, NY", "sentiment": "positive", "time": "Wed Jul 06 11:46:25 +0000 2016"}
{"polarity": 1.0, "location": "New York, NY", "sentiment": "positive", "time": "Wed Jul 06 11:46:30 +0000 2016"}
{"polarity": 0.0, "location": "Atlanta, GA", "sentiment": "neutral", "time": "Wed Jul 06 11:46:46 +0000 2016"}
{"polarity": 0.7, "location": "New York, NY", "sentiment": "positive", "time": "Wed Jul 06 11:00:04 +0000 2016"}
{"polarity": 0.8, "location": "New York, NY", "sentiment": "positive", "time": "Wed Jul 06 11:00:07 +0000 2016"}
{"polarity": 0.0, "location": "Atlanta, GA", "sentiment": "neutral", "time": "Wed Jul 06 11:00:16 +0000 2016"}
{"polarity": -0.08333333333333333, "location": "Atlanta, GA", "sentiment": "negative", "time": "Wed Jul 06 11:00:27 +0000 2016"}
{"polarity": -0.109375, "location": "Orlando, FL", "sentiment": "negative", "time": "Wed Jul 06 11:00:33 +0000 2016"}
{"polarity": 0.0, "location": "Portland, OR", "sentiment": "neutral", "time": "Wed Jul 06 11:00:37 +0000 2016"}
{"polarity": 0.0, "location": "Atlanta, GA", "sentiment": "neutral", "time": "Wed Jul 06 11:34:00 +0000 2016"}
{"polarity": 0.0, "location": "Atlanta, GA", "sentiment": "neutral", "time": "Wed Jul 06 11:34:07 +0000 2016"}
{"polarity": 0.0, "location": "New York, NY", "sentiment": "neutral", "time": "Wed Jul 06 11:34:14 +0000 2016"}
{"polarity": 0.0, "location": "Phoenix, AZ", "sentiment": "neutral", "time": "Wed Jul 06 11:34:37 +0000 2016"}
{"polarity": 0.25, "location": "Portland, OR", "sentiment": "positive", "time": "Wed Jul 06 11:34:43 +0000 2016"}
{"polarity": 0.6, "location": "Atlanta, GA", "sentiment": "positive", "time": "Wed Jul 06 11:34:48 +0000 2016"}
{"polarity": 0.0, "location": "Atlanta, GA", "sentiment": "neutral", "time": "Wed Jul 06 11:05:05 +0000 2016"}
{"polarity": 0.0, "location": "New York, NY", "sentiment": "neutral", "time": "Wed Jul 06 11:05:23 +0000 2016"}
{"polarity": 0.5, "location": "Atlanta, GA", "sentiment": "positive", "time": "Wed Jul 06 11:05:26 +0000 2016"}
{"polarity": -0.1875, "location": "San Diego, CA", "sentiment": "negative", "time": "Wed Jul 06 11:05:49 +0000 2016"}
{"polarity": 0.3, "location": "New York, NY", "sentiment": "positive", "time": "Wed Jul 06 11:11:00 +0000 2016"}
{"polarity": 0.3166666666666667, "location": "San Diego, CA", "sentiment": "positive", "time": "Wed Jul 06 11:11:03 +0000 2016"}
{"polarity": 0.0, "location": "Boston, MA", "sentiment": "neutral", "time": "Wed Jul 06 11:11:06 +0000 2016"}
{"polarity": -0.5, "location": "Portland, OR", "sentiment": "negative", "time": "Wed Jul 06 11:11:18 +0000 2016"}
{"polarity": 0.0, "location": "New York, NY", "sentiment": "neutral", "time": "Wed Jul 06 11:11:20 +0000 2016"}
{"polarity": 0.0, "location": "Atlanta, GA", "sentiment": "neutral", "time": "Wed Jul 06 11:11:33 +0000 2016"}
{"polarity": -0.033333333333333326, "location": "Atlanta, GA", "sentiment": "negative", "time": "Wed Jul 06 11:11:35 +0000 2016"}
{"polarity": 0.0, "location": "Boston, MA", "sentiment": "neutral", "time": "Wed Jul 06 11:11:56 +0000 2016"}
{"polarity": 0.17045454545454544, "location": "Atlanta, GA", "sentiment": "positive", "time": "Wed Jul 06 11:56:03 +0000 2016"}
{"polarity": 0.4875, "location": "Orlando, FL", "sentiment": "positive", "time": "Wed Jul 06 11:56:24 +0000 2016"}
{"polarity": 0.0, "location": "San Diego, CA", "sentiment": "neutral", "time": "Wed Jul 06 11:56:27 +0000 2016"}
{"polarity": 0.25, "location": "Orlando, FL", "sentiment": "positive", "time": "Wed Jul 06 11:56:29 +0000 2016"}
{"polarity": 0.0, "location": "Phoenix, AZ", "sentiment": "neutral", "time": "Wed Jul 06 11:47:04 +0000 2016"}
{"polarity": 0.0, "location": "Seattle, WA", "sentiment": "neutral", "time": "Wed Jul 06 11:47:16 +0000 2016"}
{"polarity": -0.10740740740740741, "location": "Atlanta, GA", "sentiment": "negative", "time": "Wed Jul 06 11:47:41 +0000 2016"}
{"polarity": 0.35, "location": "Orlando, FL", "sentiment": "positive", "time": "Wed Jul 06 11:52:12 +0000 2016"}
{"polarity": 0.35, "location": "Orlando, FL", "sentiment": "positive", "time": "Wed Jul 06 11:52:13 +0000 2016"}
{"polarity": 0.0, "location": "Seattle, WA", "sentiment": "neutral", "time": "Wed Jul 06 11:52:24 +0000 2016"}
{"polarity": 0.0, "location": "New York, NY", "sentiment": "neutral", "time": "Wed Jul 06 11:52:37 +0000 2016"}
{"polarity": 0.0, "location": "Seattle, WA", "sentiment": "neutral", "time": "Wed Jul 06 11:52:47 +0000 2016"}
{"polarity": -0.19444444444444445, "location": "Atlanta, GA", "sentiment": "negative", "time": "Wed Jul 06 11:52:53 +0000 2016"}
{"polarity": 0.6, "location": "Boston, MA", "sentiment": "positive", "time": "Wed Jul 06 11:52:55 +0000 2016"}
{"polarity": 0.2, "location": "Boston, MA", "sentiment": "positive", "time": "Wed Jul 06 11:52:57 +0000 2016"}
{"polarity": 1.0, "location": "Boston, MA", "sentiment": "positive", "time": "Wed Jul 06 11:53:00 +0000 2016"}
{"polarity": 0.4, "location": "St. Louis, MO", "sentiment": "positive", "time": "Wed Jul 06 11:53:01 +0000 2016"}
{"polarity": 0.6499999999999999, "location": "San Diego, CA", "sentiment": "positive", "time": "Wed Jul 06 11:53:07 +0000 2016"}
{"polarity": 0.0, "location": "New York, NY", "sentiment": "neutral", "time": "Wed Jul 06 11:53:18 +0000 2016"}
{"polarity": 0.30277777777777776, "location": "Boston, MA", "sentiment": "positive", "time": "Wed Jul 06 11:53:45 +0000 2016"}
{"polarity": 0.0, "location": "Atlanta, GA", "sentiment": "neutral", "time": "Wed Jul 06 11:53:49 +0000 2016"}
{"polarity": 0.3, "location": "Orlando, FL", "sentiment": "positive", "time": "Wed Jul 06 11:53:52 +0000 2016"}
{"polarity": 0.25, "location": "Phoenix, AZ", "sentiment": "positive", "time": "Wed Jul 06 11:53:53 +0000 2016"}
{"polarity": 0.0, "location": "Atlanta, GA", "sentiment": "neutral", "time": "Wed Jul 06 11:02:28 +0000 2016"}
{"polarity": 0.1, "location": "St. Louis, MO", "sentiment": "positive", "time": "Wed Jul 06 11:02:42 +0000 2016"}
{"polarity": 0.7999999999999999, "location": "New York, NY", "sentiment": "positive", "time": "Wed Jul 06 11:48:05 +0000 2016"}
{"polarity": 0.0, "location": "New York, NY", "sentiment": "neutral", "time": "Wed Jul 06 11:48:13 +0000 2016"}
{"polarity": 0.0, "location": "New York, NY", "sentiment": "neutral", "time": "Wed Jul 06 11:48:28 +0000 2016"}
{"polarity": 0.1, "location": "New York, NY", "sentiment": "positive", "time": "Wed Jul 06 11:48:30 +0000 2016"}
{"polarity": 0.0, "location": "Boston, MA", "sentiment": "neutral", "time": "Wed Jul 06 11:48:36 +0000 2016"}
{"polarity": 0.0, "location": "Orlando, FL", "sentiment": "neutral", "time": "Wed Jul 06 11:48:40 +0000 2016"}
{"polarity": 0.0, "location": "Seattle, WA", "sentiment": "neutral", "time": "Wed Jul 06 11:48:46 +0000 2016"}
{"polarity": 0.0, "location": "Boston, MA", "sentiment": "neutral", "time": "Wed Jul 06 11:25:21 +0000 2016"}
{"polarity": 0.0, "location": "Boston, MA", "sentiment": "neutral", "time": "Wed Jul 06 11:25:21 +0000 2016"}
{"polarity": 0.5, "location": "Atlanta, GA", "sentiment": "positive", "time": "Wed Jul 06 11:25:38 +0000 2016"}
{"polarity": 0.43333333333333335, "location": "Seattle, WA", "sentiment": "positive", "time": "Wed Jul 06 11:16:02 +0000 2016"}
{"polarity": -0.16666666666666666, "location": "New York, NY", "sentiment": "negative", "time": "Wed Jul 06 11:16:48 +0000 2016"}
{"polarity": 0.0, "location": "Orlando, FL", "sentiment": "neutral", "time": "Wed Jul 06 11:16:49 +0000 2016"}
{"polarity": 0.0, "location": "Boston, MA", "sentiment": "neutral", "time": "Wed Jul 06 11:16:54 +0000 2016"}
{"polarity": 0.0, "location": "New York, NY", "sentiment": "neutral", "time": "Wed Jul 06 11:14:37 +0000 2016"}
{"polarity": 0.0, "location": "Portland, OR", "sentiment": "neutral", "time": "Wed Jul 06 11:23:05 +0000 2016"}
{"polarity": 0.0, "location": "Seattle, WA", "sentiment": "neutral", "time": "Wed Jul 06 11:23:17 +0000 2016"}
{"polarity": -0.10000000000000003, "location": "San Diego, CA", "sentiment": "negative", "time": "Wed Jul 06 11:23:28 +0000 2016"}
{"polarity": -0.2878787878787879, "location": "Boston, MA", "sentiment": "negative", "time": "Wed Jul 06 11:23:28 +0000 2016"}
{"polarity": 0.0, "location": "Atlanta, GA", "sentiment": "neutral", "time": "Wed Jul 06 11:23:33 +0000 2016"}
{"polarity": 0.0, "location": "San Diego, CA", "sentiment": "neutral", "time": "Wed Jul 06 11:23:40 +0000 2016"}
{"polarity": 0.3, "location": "Atlanta, GA", "sentiment": "positive", "time": "Wed Jul 06 11:23:44 +0000 2016"}
{"polarity": 0.0, "location": "Portland, OR", "sentiment": "neutral", "time": "Wed Jul 06 11:23:45 +0000 2016"}
{"polarity": 0.15833333333333333, "location": "St. Louis, MO", "sentiment": "positive", "time": "Wed Jul 06 11:23:49 +0000 2016"}
{"polarity": 0.0, "location": "Portland, OR", "sentiment": "neutral", "time": "Wed Jul 06 11:07:35 +0000 2016"}
{"polarity": 0.0, "location": "Seattle, WA", "sentiment": "neutral", "time": "Wed Jul 06 11:07:38 +0000 2016"}
{"polarity": 0.06818181818181818, "location": "Boston, MA", "sentiment": "positive", "time": "Wed Jul 06 11:07:40 +0000 2016"}
{"polarity": -0.1277777777777778, "location": "Atlanta, GA", "sentiment": "negative", "time": "Wed Jul 06 11:07:43 +0000 2016"}
{"polarity": 0.0, "location": "Portland, OR", "sentiment": "neutral", "time": "Wed Jul 06 11:07:50 +0000 2016"}
{"polarity": 0.5, "location": "New York, NY", "sentiment": "positive", "time": "Wed Jul 06 11:07:57 +0000 2016"}
{"polarity": 0.0, "location": "Atlanta, GA", "sentiment": "neutral", "time": "Wed Jul 06 11:51:01 +0000 2016"}
{"polarity": -0.1, "location": "Phoenix, AZ", "sentiment": "negative", "time": "Wed Jul 06 11:51:09 +0000 2016"}
{"polarity": 0.0, "location": "Boston, MA", "sentiment": "neutral", "time": "Wed Jul 06 11:51:15 +0000 2016"}
{"polarity": -0.3, "location": "Boston, MA", "sentiment": "negative", "time": "Wed Jul 06 11:51:24 +0000 2016"}
{"polarity": 0.0, "location": "New York, NY", "sentiment": "neutral", "time": "Wed Jul 06 11:51:45 +0000 2016"}
{"polarity": 0.02777777777777778, "location": "New York, NY", "sentiment": "positive", "time": "Wed Jul 06 11:51:56 +0000 2016"}
{"polarity": 0.32857142857142857, "location": "Atlanta, GA", "sentiment": "positive", "time": "Wed Jul 06 11:30:11 +0000 2016"}
{"polarity": 0.7, "location": "Atlanta, GA", "sentiment": "positive", "time": "Wed Jul 06 11:30:23 +0000 2016"}
{"polarity": 0.0, "location": "New York, NY", "sentiment": "neutral", "time": "Wed Jul 06 11:30:33 +0000 2016"}
{"polarity": 0.0, "location": "Atlanta, GA", "sentiment": "neutral", "time": "Wed Jul 06 11:03:07 +0000 2016"}
{"polarity": 0.0, "location": "Boston, MA", "sentiment": "neutral", "time": "Wed Jul 06 11:03:42 +0000 2016"}
{"polarity": 0.0, "location": "San Diego, CA", "sentiment": "neutral", "time": "Wed Jul 06 11:03:54 +0000 2016"}
{"polarity": 0.4, "location": "Boston, MA", "sentiment": "positive", "time": "Wed Jul 06 11:03:54 +0000 2016"}
{"polarity": 0.0, "location": "San Diego, CA", "sentiment": "neutral", "time": "Wed Jul 06 11:40:13 +0000 2016"}
{"polarity": 0.0, "location": "New York, NY", "sentiment": "neutral", "time": "Wed Jul 06 11:40:17 +0000 2016"}
{"polarity": 0.0, "location": "Orlando, FL", "sentiment": "neutral", "time": "Wed Jul 06 11:40:30 +0000 2016"}
{"polarity": 0.0, "location": "New York, NY", "sentiment": "neutral", "time": "Wed Jul 06 11:40:39 +0000 2016"}
{"polarity": -0.375, "location": "New York, NY", "sentiment": "negative", "time": "Wed Jul 06 11:40:44 +0000 2016"}
{"polarity": 0.0, "location": "New York, NY", "sentiment": "neutral", "time": "Wed Jul 06 11:40:45 +0000 2016"}
{"polarity": 0.0, "location": "Atlanta, GA", "sentiment": "neutral", "time": "Wed Jul 06 11:08:01 +0000 2016"}
{"polarity": -0.65, "location": "Boston, MA", "sentiment": "negative", "time": "Wed Jul 06 11:08:08 +0000 2016"}
{"polarity": 0.0, "location": "Orlando, FL", "sentiment": "neutral", "time": "Wed Jul 06 11:08:08 +0000 2016"}
{"polarity": 0.5, "location": "New York, NY", "sentiment": "positive", "time": "Wed Jul 06 11:08:10 +0000 2016"}
{"polarity": 0.8, "location": "New York, NY", "sentiment": "positive", "time": "Wed Jul 06 11:08:27 +0000 2016"}
{"polarity": 0.0, "location": "Orlando, FL", "sentiment": "neutral", "time": "Wed Jul 06 11:08:30 +0000 2016"}
{"polarity": 0.0, "location": "New York, NY", "sentiment": "neutral", "time": "Wed Jul 06 11:08:49 +0000 2016"}
{"polarity": 0.5, "location": "Portland, OR", "sentiment": "positive", "time": "Wed Jul 06 11:08:58 +0000 2016"}
{"polarity": 0.0, "location": "New York, NY", "sentiment": "neutral", "time": "Wed Jul 06 11:35:01 +0000 2016"}
{"polarity": 0.0, "location": "Orlando, FL", "sentiment": "neutral", "time": "Wed Jul 06 11:35:02 +0000 2016"}
{"polarity": 0.0, "location": "New York, NY", "sentiment": "neutral", "time": "Wed Jul 06 11:35:18 +0000 2016"}
{"polarity": 0.16666666666666669, "location": "Atlanta, GA", "sentiment": "positive", "time": "Wed Jul 06 11:43:33 +0000 2016"}
{"polarity": 0.0, "location": "New York, NY", "sentiment": "neutral", "time": "Wed Jul 06 11:43:58 +0000 2016"}
{"polarity": 0.0, "location": "Atlanta, GA", "sentiment": "neutral", "time": "Wed Jul 06 11:10:01 +0000 2016"}
{"polarity": -0.5, "location": "New York, NY", "sentiment": "negative", "time": "Wed Jul 06 11:10:01 +0000 2016"}
{"polarity": 0.0, "location": "New York, NY", "sentiment": "neutral", "time": "Wed Jul 06 11:10:10 +0000 2016"}
{"polarity": 0.0, "location": "Atlanta, GA", "sentiment": "neutral", "time": "Wed Jul 06 11:10:36 +0000 2016"}
{"polarity": -0.07142857142857142, "location": "Portland, OR", "sentiment": "negative", "time": "Wed Jul 06 11:10:45 +0000 2016"}
{"polarity": 0.2, "location": "New York, NY", "sentiment": "positive", "time": "Wed Jul 06 11:54:43 +0000 2016"}
{"polarity": 0.0, "location": "Boston, MA", "sentiment": "neutral", "time": "Wed Jul 06 11:54:53 +0000 2016"}
{"polarity": 0.2, "location": "Atlanta, GA", "sentiment": "positive", "time": "Wed Jul 06 11:54:55 +0000 2016"}
{"polarity": 0.0, "location": "New York, NY", "sentiment": "neutral", "time": "Wed Jul 06 11:24:00 +0000 2016"}
{"polarity": 0.0, "location": "New York, NY", "sentiment": "neutral", "time": "Wed Jul 06 11:24:08 +0000 2016"}
{"polarity": 0.1, "location": "San Diego, CA", "sentiment": "positive", "time": "Wed Jul 06 11:24:39 +0000 2016"}
{"polarity": 0.22000000000000003, "location": "New York, NY", "sentiment": "positive", "time": "Wed Jul 06 11:24:52 +0000 2016"}
{"polarity": 0.19964285714285715, "location": "New York, NY", "sentiment": "positive", "time": "Wed Jul 06 11:32:02 +0000 2016"}
{"polarity": 0.0, "location": "San Diego, CA", "sentiment": "neutral", "time": "Wed Jul 06 11:32:23 +0000 2016"}
{"polarity": -0.07825520833333334, "location": "San Diego, CA", "sentiment": "negative", "time": "Wed Jul 06 11:32:40 +0000 2016"}
{"polarity": -0.7, "location": "New York, NY", "sentiment": "negative", "time": "Wed Jul 06 11:36:05 +0000 2016"}
{"polarity": 0.0, "location": "New York, NY", "sentiment": "neutral", "time": "Wed Jul 06 11:36:09 +0000 2016"}
{"polarity": -1.0, "location": "Orlando, FL", "sentiment": "negative", "time": "Wed Jul 06 11:36:47 +0000 2016"}
{"polarity": 0.0, "location": "New York, NY", "sentiment": "neutral", "time": "Wed Jul 06 11:01:02 +0000 2016"}
{"polarity": 0.35714285714285715, "location": "Seattle, WA", "sentiment": "positive", "time": "Wed Jul 06 11:01:03 +0000 2016"}
{"polarity": 0.75, "location": "Boston, MA", "sentiment": "positive", "time": "Wed Jul 06 11:01:07 +0000 2016"}
{"polarity": 1.0, "location": "San Diego, CA", "sentiment": "positive", "time": "Wed Jul 06 11:01:39 +0000 2016"}
{"polarity": 0.0, "location": "Orlando, FL", "sentiment": "neutral", "time": "Wed Jul 06 11:01:48 +0000 2016"}
{"polarity": 0.0, "location": "Atlanta, GA", "sentiment": "neutral", "time": "Wed Jul 06 11:01:53 +0000 2016"}
{"polarity": 0.0, "location": "Orlando, FL", "sentiment": "neutral", "time": "Wed Jul 06 11:55:03 +0000 2016"}
{"polarity": 0.0, "location": "Boston, MA", "sentiment": "neutral", "time": "Wed Jul 06 11:55:10 +0000 2016"}
{"polarity": 0.11666666666666668, "location": "Atlanta, GA", "sentiment": "positive", "time": "Wed Jul 06 11:55:14 +0000 2016"}
{"polarity": 0.022222222222222213, "location": "Atlanta, GA", "sentiment": "positive", "time": "Wed Jul 06 11:55:53 +0000 2016"}
{"polarity": -0.25, "location": "New York, NY", "sentiment": "negative", "time": "Wed Jul 06 11:09:00 +0000 2016"}
{"polarity": 0.16818181818181818, "location": "New York, NY", "sentiment": "positive", "time": "Wed Jul 06 11:09:06 +0000 2016"}
{"polarity": 0.0, "location": "Boston, MA", "sentiment": "neutral", "time": "Wed Jul 06 11:09:35 +0000 2016"}
{"polarity": 0.0, "location": "Atlanta, GA", "sentiment": "neutral", "time": "Wed Jul 06 11:09:45 +0000 2016"}
{"polarity": 0.2142857142857143, "location": "Portland, OR", "sentiment": "positive", "time": "Wed Jul 06 11:09:47 +0000 2016"}
{"polarity": 0.25833333333333336, "location": "New York, NY", "sentiment": "positive", "time": "Wed Jul 06 11:09:48 +0000 2016"}
{"polarity": 0.0, "location": "Boston, MA", "sentiment": "neutral", "time": "Wed Jul 06 11:33:00 +0000 2016"}
{"polarity": 0.0, "location": "St. Louis, MO", "sentiment": "neutral", "time": "Wed Jul 06 11:33:08 +0000 2016"}
{"polarity": 0.1, "location": "New York, NY", "sentiment": "positive", "time": "Wed Jul 06 11:33:54 +0000 2016"}
{"polarity": 0.0, "location": "Atlanta, GA", "sentiment": "neutral", "time": "Wed Jul 06 11:44:07 +0000 2016"}
{"polarity": 0.0, "location": "Atlanta, GA", "sentiment": "neutral", "time": "Wed Jul 06 11:44:10 +0000 2016"}
{"polarity": 0.2, "location": "Atlanta, GA", "sentiment": "positive", "time": "Wed Jul 06 11:44:20 +0000 2016"}
{"polarity": 0.8, "location": "New York, NY", "sentiment": "positive", "time": "Wed Jul 06 11:44:21 +0000 2016"}
{"polarity": 0.0, "location": "New York, NY", "sentiment": "neutral", "time": "Wed Jul 06 11:44:21 +0000 2016"}
{"polarity": 0.5, "location": "New York, NY", "sentiment": "positive", "time": "Wed Jul 06 11:44:27 +0000 2016"}
{"polarity": 0.0, "location": "Atlanta, GA", "sentiment": "neutral", "time": "Wed Jul 06 11:44:29 +0000 2016"}
{"polarity": -0.033333333333333326, "location": "Boston, MA", "sentiment": "negative", "time": "Wed Jul 06 11:44:39 +0000 2016"}
{"polarity": 0.0, "location": "San Diego, CA", "sentiment": "neutral", "time": "Wed Jul 06 11:44:44 +0000 2016"}
{"polarity": 0.4, "location": "Orlando, FL", "sentiment": "positive", "time": "Wed Jul 06 11:28:10 +0000 2016"}
{"polarity": 0.4, "location": "Phoenix, AZ", "sentiment": "positive", "time": "Wed Jul 06 11:28:15 +0000 2016"}
{"polarity": 0.25, "location": "Seattle, WA", "sentiment": "positive", "time": "Wed Jul 06 11:28:28 +0000 2016"}
{"polarity": 0.0, "location": "New York, NY", "sentiment": "neutral", "time": "Wed Jul 06 11:22:01 +0000 2016"}
{"polarity": 0.0, "location": "Atlanta, GA", "sentiment": "neutral", "time": "Wed Jul 06 11:22:14 +0000 2016"}
{"polarity": 0.875, "location": "New York, NY", "sentiment": "positive", "time": "Wed Jul 06 11:22:16 +0000 2016"}
{"polarity": 0.0, "location": "Seattle, WA", "sentiment": "neutral", "time": "Wed Jul 06 11:49:00 +0000 2016"}
{"polarity": -0.025, "location": "Boston, MA", "sentiment": "negative", "time": "Wed Jul 06 11:49:12 +0000 2016"}
{"polarity": 0.03749999999999998, "location": "Boston, MA", "sentiment": "positive", "time": "Wed Jul 06 11:49:15 +0000 2016"}
{"polarity": 0.875, "location": "Seattle, WA", "sentiment": "positive", "time": "Wed Jul 06 11:49:21 +0000 2016"}
{"polarity": 0.0, "location": "Phoenix, AZ", "sentiment": "neutral", "time": "Wed Jul 06 11:49:21 +0000 2016"}
{"polarity": -0.08333333333333333, "location": "New York, NY", "sentiment": "negative", "time": "Wed Jul 06 11:49:32 +0000 2016"}
{"polarity": 0.16666666666666666, "location": "New York, NY", "sentiment": "positive", "time": "Wed Jul 06 11:49:51 +0000 2016"}
{"polarity": 0.0, "location": "Atlanta, GA", "sentiment": "neutral", "time": "Wed Jul 06 11:45:13 +0000 2016"}
{"polarity": 1.0, "location": "Atlanta, GA", "sentiment": "positive", "time": "Wed Jul 06 11:45:18 +0000 2016"}
{"polarity": 0.0, "location": "Atlanta, GA", "sentiment": "neutral", "time": "Wed Jul 06 11:45:23 +0000 2016"}
{"polarity": 1.0, "location": "Atlanta, GA", "sentiment": "positive", "time": "Wed Jul 06 11:45:41 +0000 2016"}
{"polarity": 1.0, "location": "Atlanta, GA", "sentiment": "positive", "time": "Wed Jul 06 11:06:04 +0000 2016"}
{"polarity": 0.0, "location": "Atlanta, GA", "sentiment": "neutral", "time": "Wed Jul 06 11:06:16 +0000 2016"}
{"polarity": 0.0, "location": "Phoenix, AZ", "sentiment": "neutral", "time": "Wed Jul 06 11:06:31 +0000 2016"}
{"polarity": 0.43125, "location": "Seattle, WA", "sentiment": "positive", "time": "Wed Jul 06 11:20:00 +0000 2016"}
{"polarity": 0.5, "location": "Orlando, FL", "sentiment": "positive", "time": "Wed Jul 06 11:20:04 +0000 2016"}
{"polarity": 0.0, "location": "San Diego, CA", "sentiment": "neutral", "time": "Wed Jul 06 11:20:16 +0000 2016"}
{"polarity": 0.0, "location": "New York, NY", "sentiment": "neutral", "time": "Wed Jul 06 11:20:21 +0000 2016"}
{"polarity": 0.0, "location": "San Diego, CA", "sentiment": "neutral", "time": "Wed Jul 06 11:20:32 +0000 2016"}
{"polarity": -0.5, "location": "San Diego, CA", "sentiment": "negative", "time": "Wed Jul 06 11:20:37 +0000 2016"}
{"polarity": 0.0, "location": "Seattle, WA", "sentiment": "neutral", "time": "Wed Jul 06 11:20:52 +0000 2016"}
{"polarity": -0.07625, "location": "Boston, MA", "sentiment": "negative", "time": "Wed Jul 06 11:20:53 +0000 2016"}
{"polarity": 0.0, "location": "Atlanta, GA", "sentiment": "neutral", "time": "Wed Jul 06 11:20:54 +0000 2016"}
{"polarity": 0.2857142857142857, "location": "Boston, MA", "sentiment": "positive", "time": "Wed Jul 06 11:13:05 +0000 2016"}
{"polarity": 0.0, "location": "New York, NY", "sentiment": "neutral", "time": "Wed Jul 06 11:13:28 +0000 2016"}
{"polarity": 0.0, "location": "Atlanta, GA", "sentiment": "neutral", "time": "Wed Jul 06 11:04:07 +0000 2016"}
{"polarity": 0.5, "location": "Portland, OR", "sentiment": "positive", "time": "Wed Jul 06 11:04:27 +0000 2016"}
{"polarity": 0.0, "location": "Atlanta, GA", "sentiment": "neutral", "time": "Wed Jul 06 11:04:48 +0000 2016"}
{"polarity": 0.675, "location": "Portland, OR", "sentiment": "positive", "time": "Wed Jul 06 11:04:50 +0000 2016"}
{"polarity": 0.7, "location": "New York, NY", "sentiment": "positive", "time": "Wed Jul 06 22:39:08 +0000 2016"}
{"polarity": 0.0, "location": "Orlando, FL", "sentiment": "neutral", "time": "Wed Jul 06 22:39:21 +0000 2016"}
{"polarity": 0.625, "location": "Orlando, FL", "sentiment": "positive", "time": "Wed Jul 06 22:39:24 +0000 2016"}
{"polarity": -0.2, "location": "New York, NY", "sentiment": "negative", "time": "Wed Jul 06 22:39:27 +0000 2016"}
{"polarity": 0.0, "location": "St. Louis, MO", "sentiment": "neutral", "time": "Wed Jul 06 22:39:34 +0000 2016"}
{"polarity": -0.12222222222222223, "location": "Seattle, WA", "sentiment": "negative", "time": "Wed Jul 06 22:39:52 +0000 2016"}
{"polarity": 0.0, "location": "San Diego, CA", "sentiment": "neutral", "time": "Wed Jul 06 22:39:54 +0000 2016"}
{"polarity": 0.0, "location": "Atlanta, GA", "sentiment": "neutral", "time": "Wed Jul 06 22:59:00 +0000 2016"}
{"polarity": 0.2, "location": "New York, NY", "sentiment": "positive", "time": "Wed Jul 06 22:59:03 +0000 2016"}
{"polarity": -0.2738095238095238, "location": "Atlanta, GA", "sentiment": "negative", "time": "Wed Jul 06 22:59:09 +0000 2016"}
{"polarity": 1.0, "location": "Atlanta, GA", "sentiment": "positive", "time": "Wed Jul 06 22:59:25 +0000 2016"}
{"polarity": 0.0, "location": "Phoenix, AZ", "sentiment": "neutral", "time": "Wed Jul 06 22:59:26 +0000 2016"}
{"polarity": -0.5, "location": "Boston, MA", "sentiment": "negative", "time": "Wed Jul 06 22:59:27 +0000 2016"}
{"polarity": -0.22321428571428573, "location": "San Diego, CA", "sentiment": "negative", "time": "Wed Jul 06 22:59:40 +0000 2016"}
{"polarity": 0.35, "location": "Portland, OR", "sentiment": "positive", "time": "Wed Jul 06 22:59:42 +0000 2016"}
{"polarity": 0.0, "location": "Boston, MA", "sentiment": "neutral", "time": "Wed Jul 06 22:59:48 +0000 2016"}
{"polarity": -0.4, "location": "St. Louis, MO", "sentiment": "negative", "time": "Wed Jul 06 22:59:50 +0000 2016"}
{"polarity": 0.2, "location": "Boston, MA", "sentiment": "positive", "time": "Wed Jul 06 22:19:33 +0000 2016"}
{"polarity": 0.0, "location": "New York, NY", "sentiment": "neutral", "time": "Wed Jul 06 22:19:37 +0000 2016"}
{"polarity": 0.375, "location": "Phoenix, AZ", "sentiment": "positive", "time": "Wed Jul 06 22:19:38 +0000 2016"}
{"polarity": 0.375, "location": "Phoenix, AZ", "sentiment": "positive", "time": "Wed Jul 06 22:19:38 +0000 2016"}
{"polarity": 0.0, "location": "Orlando, FL", "sentiment": "neutral", "time": "Wed Jul 06 22:19:42 +0000 2016"}
{"polarity": -0.08333333333333333, "location": "New York, NY", "sentiment": "negative", "time": "Wed Jul 06 22:19:44 +0000 2016"}
{"polarity": 0.2708333333333333, "location": "Atlanta, GA", "sentiment": "positive", "time": "Wed Jul 06 22:19:47 +0000 2016"}
{"polarity": 0.0, "location": "Orlando, FL", "sentiment": "neutral", "time": "Wed Jul 06 22:19:49 +0000 2016"}
{"polarity": 0.3, "location": "New York, NY", "sentiment": "positive", "time": "Wed Jul 06 22:19:58 +0000 2016"}
{"polarity": -0.3333333333333333, "location": "Phoenix, AZ", "sentiment": "negative", "time": "Wed Jul 06 22:37:03 +0000 2016"}
{"polarity": 0.0, "location": "Seattle, WA", "sentiment": "neutral", "time": "Wed Jul 06 22:37:04 +0000 2016"}
{"polarity": 0.0, "location": "Boston, MA", "sentiment": "neutral", "time": "Wed Jul 06 22:37:05 +0000 2016"}
{"polarity": 0.0, "location": "New York, NY", "sentiment": "neutral", "time": "Wed Jul 06 22:37:12 +0000 2016"}
{"polarity": 0.0, "location": "Atlanta, GA", "sentiment": "neutral", "time": "Wed Jul 06 22:37:16 +0000 2016"}
{"polarity": -0.6, "location": "San Diego, CA", "sentiment": "negative", "time": "Wed Jul 06 22:37:25 +0000 2016"}
{"polarity": 0.25, "location": "Atlanta, GA", "sentiment": "positive", "time": "Wed Jul 06 22:37:36 +0000 2016"}
{"polarity": -0.175, "location": "Boston, MA", "sentiment": "negative", "time": "Wed Jul 06 22:37:40 +0000 2016"}
{"polarity": 0.0, "location": "Orlando, FL", "sentiment": "neutral", "time": "Wed Jul 06 22:37:55 +0000 2016"}
{"polarity": 0.0, "location": "San Diego, CA", "sentiment": "neutral", "time": "Wed Jul 06 22:37:55 +0000 2016"}
{"polarity": 0.0, "location": "Portland, OR", "sentiment": "neutral", "time": "Wed Jul 06 22:37:59 +0000 2016"}
{"polarity": 0.0, "location": "New York, NY", "sentiment": "neutral", "time": "Wed Jul 06 22:31:02 +0000 2016"}
{"polarity": -0.1, "location": "Boston, MA", "sentiment": "negative", "time": "Wed Jul 06 22:31:04 +0000 2016"}
{"polarity": 0.08522727272727272, "location": "Portland, OR", "sentiment": "positive", "time": "Wed Jul 06 22:31:12 +0000 2016"}
{"polarity": 0.0, "location": "New York, NY", "sentiment": "neutral", "time": "Wed Jul 06 22:31:24 +0000 2016"}
{"polarity": -0.6999999999999998, "location": "San Diego, CA", "sentiment": "negative", "time": "Wed Jul 06 22:31:27 +0000 2016"}
{"polarity": 0.0, "location": "Atlanta, GA", "sentiment": "neutral", "time": "Wed Jul 06 22:31:28 +0000 2016"}
{"polarity": -0.012337662337662349, "location": "Seattle, WA", "sentiment": "negative", "time": "Wed Jul 06 22:31:31 +0000 2016"}
{"polarity": 0.7, "location": "Atlanta, GA", "sentiment": "positive", "time": "Wed Jul 06 22:31:36 +0000 2016"}
{"polarity": 0.6333333333333334, "location": "Boston, MA", "sentiment": "positive", "time": "Wed Jul 06 22:31:41 +0000 2016"}
{"polarity": 0.0, "location": "Atlanta, GA", "sentiment": "neutral", "time": "Wed Jul 06 22:31:42 +0000 2016"}
{"polarity": 0.0, "location": "New York, NY", "sentiment": "neutral", "time": "Wed Jul 06 22:31:57 +0000 2016"}
{"polarity": 0.5, "location": "Boston, MA", "sentiment": "positive", "time": "Wed Jul 06 22:41:06 +0000 2016"}
{"polarity": 0.3499999999999999, "location": "Boston, MA", "sentiment": "positive", "time": "Wed Jul 06 22:41:10 +0000 2016"}
{"polarity": 0.5, "location": "New York, NY", "sentiment": "positive", "time": "Wed Jul 06 22:41:15 +0000 2016"}
{"polarity": 0.0, "location": "Seattle, WA", "sentiment": "neutral", "time": "Wed Jul 06 22:41:20 +0000 2016"}
{"polarity": 0.0, "location": "San Diego, CA", "sentiment": "neutral", "time": "Wed Jul 06 22:41:23 +0000 2016"}
{"polarity": 0.0, "location": "San Diego, CA", "sentiment": "neutral", "time": "Wed Jul 06 22:41:31 +0000 2016"}
{"polarity": 0.4083333333333333, "location": "Orlando, FL", "sentiment": "positive", "time": "Wed Jul 06 22:41:40 +0000 2016"}
{"polarity": 0.5, "location": "Atlanta, GA", "sentiment": "positive", "time": "Wed Jul 06 22:41:49 +0000 2016"}
{"polarity": 0.0, "location": "Atlanta, GA", "sentiment": "neutral", "time": "Wed Jul 06 22:41:53 +0000 2016"}
{"polarity": 0.0, "location": "Seattle, WA", "sentiment": "neutral", "time": "Wed Jul 06 22:41:55 +0000 2016"}
{"polarity": 0.0, "location": "Atlanta, GA", "sentiment": "neutral", "time": "Wed Jul 06 22:41:56 +0000 2016"}
{"polarity": 0.0, "location": "Portland, OR", "sentiment": "neutral", "time": "Wed Jul 06 22:27:01 +0000 2016"}
{"polarity": 0.0, "location": "Atlanta, GA", "sentiment": "neutral", "time": "Wed Jul 06 22:27:09 +0000 2016"}
{"polarity": 0.03333333333333333, "location": "Atlanta, GA", "sentiment": "positive", "time": "Wed Jul 06 22:27:14 +0000 2016"}
{"polarity": 0.0, "location": "Boston, MA", "sentiment": "neutral", "time": "Wed Jul 06 22:27:21 +0000 2016"}
{"polarity": 0.0, "location": "Atlanta, GA", "sentiment": "neutral", "time": "Wed Jul 06 22:27:24 +0000 2016"}
{"polarity": 0.0, "location": "New York, NY", "sentiment": "neutral", "time": "Wed Jul 06 22:27:30 +0000 2016"}
{"polarity": -0.015151515151515152, "location": "San Diego, CA", "sentiment": "negative", "time": "Wed Jul 06 22:27:31 +0000 2016"}
{"polarity": 0.0, "location": "New York, NY", "sentiment": "neutral", "time": "Wed Jul 06 22:27:39 +0000 2016"}
{"polarity": 0.3333333333333333, "location": "Boston, MA", "sentiment": "positive", "time": "Wed Jul 06 22:27:45 +0000 2016"}
{"polarity": 0.5, "location": "Seattle, WA", "sentiment": "positive", "time": "Wed Jul 06 22:27:45 +0000 2016"}
{"polarity": 0.0, "location": "Phoenix, AZ", "sentiment": "neutral", "time": "Wed Jul 06 22:57:02 +0000 2016"}
{"polarity": 0.0, "location": "New York, NY", "sentiment": "neutral", "time": "Wed Jul 06 22:57:15 +0000 2016"}
{"polarity": 0.5, "location": "Portland, OR", "sentiment": "positive", "time": "Wed Jul 06 22:57:16 +0000 2016"}
{"polarity": -0.2, "location": "New York, NY", "sentiment": "negative", "time": "Wed Jul 06 22:57:18 +0000 2016"}
{"polarity": 0.3181818181818182, "location": "Boston, MA", "sentiment": "positive", "time": "Wed Jul 06 22:57:18 +0000 2016"}
{"polarity": 0.0, "location": "New York, NY", "sentiment": "neutral", "time": "Wed Jul 06 22:57:31 +0000 2016"}
{"polarity": 0.3333333333333333, "location": "New York, NY", "sentiment": "positive", "time": "Wed Jul 06 22:57:32 +0000 2016"}
{"polarity": 0.0, "location": "New York, NY", "sentiment": "neutral", "time": "Wed Jul 06 22:57:37 +0000 2016"}
{"polarity": 0.0, "location": "New York, NY", "sentiment": "neutral", "time": "Wed Jul 06 22:57:39 +0000 2016"}
{"polarity": 0.0, "location": "Boston, MA", "sentiment": "neutral", "time": "Wed Jul 06 22:57:44 +0000 2016"}
{"polarity": 0.03125, "location": "Boston, MA", "sentiment": "positive", "time": "Wed Jul 06 22:57:44 +0000 2016"}
{"polarity": 0.2, "location": "Seattle, WA", "sentiment": "positive", "time": "Wed Jul 06 22:57:54 +0000 2016"}
{"polarity": 0.0, "location": "Orlando, FL", "sentiment": "neutral", "time": "Wed Jul 06 22:57:56 +0000 2016"}
{"polarity": 0.0, "location": "Atlanta, GA", "sentiment": "neutral", "time": "Wed Jul 06 22:26:00 +0000 2016"}
{"polarity": -0.2777777777777778, "location": "Seattle, WA", "sentiment": "negative", "time": "Wed Jul 06 22:26:05 +0000 2016"}
{"polarity": 0.3333333333333333, "location": "New York, NY", "sentiment": "positive", "time": "Wed Jul 06 22:26:08 +0000 2016"}
{"polarity": 0.0, "location": "Atlanta, GA", "sentiment": "neutral", "time": "Wed Jul 06 22:26:27 +0000 2016"}
{"polarity": -0.16666666666666666, "location": "New York, NY", "sentiment": "negative", "time": "Wed Jul 06 22:26:32 +0000 2016"}
{"polarity": 0.0, "location": "Phoenix, AZ", "sentiment": "neutral", "time": "Wed Jul 06 22:26:32 +0000 2016"}
{"polarity": 0.0, "location": "New York, NY", "sentiment": "neutral", "time": "Wed Jul 06 22:26:39 +0000 2016"}
{"polarity": 0.0, "location": "New York, NY", "sentiment": "neutral", "time": "Wed Jul 06 22:26:47 +0000 2016"}
{"polarity": 0.0, "location": "New York, NY", "sentiment": "neutral", "time": "Wed Jul 06 22:26:49 +0000 2016"}
{"polarity": 0.35, "location": "Atlanta, GA", "sentiment": "positive", "time": "Wed Jul 06 22:26:52 +0000 2016"}
{"polarity": 0.0, "location": "New York, NY", "sentiment": "neutral", "time": "Wed Jul 06 22:58:02 +0000 2016"}
{"polarity": 0.0, "location": "San Diego, CA", "sentiment": "neutral", "time": "Wed Jul 06 22:58:07 +0000 2016"}
{"polarity": 0.0625, "location": "Boston, MA", "sentiment": "positive", "time": "Wed Jul 06 22:58:10 +0000 2016"}
{"polarity": -0.125, "location": "New York, NY", "sentiment": "negative", "time": "Wed Jul 06 22:58:11 +0000 2016"}
{"polarity": -0.01031746031746033, "location": "Atlanta, GA", "sentiment": "negative", "time": "Wed Jul 06 22:58:12 +0000 2016"}
{"polarity": -0.1, "location": "New York, NY", "sentiment": "negative", "time": "Wed Jul 06 22:58:20 +0000 2016"}
{"polarity": 0.0, "location": "Atlanta, GA", "sentiment": "neutral", "time": "Wed Jul 06 22:58:22 +0000 2016"}
{"polarity": 0.0, "location": "Atlanta, GA", "sentiment": "neutral", "time": "Wed Jul 06 22:58:33 +0000 2016"}
{"polarity": 0.0, "location": "Portland, OR", "sentiment": "neutral", "time": "Wed Jul 06 22:58:44 +0000 2016"}
{"polarity": 0.15625, "location": "Atlanta, GA", "sentiment": "positive", "time": "Wed Jul 06 22:58:50 +0000 2016"}
{"polarity": -0.10231481481481482, "location": "Seattle, WA", "sentiment": "negative", "time": "Wed Jul 06 22:58:51 +0000 2016"}
{"polarity": 0.0, "location": "Seattle, WA", "sentiment": "neutral", "time": "Wed Jul 06 22:42:00 +0000 2016"}
{"polarity": 0.0, "location": "New York, NY", "sentiment": "neutral", "time": "Wed Jul 06 22:42:06 +0000 2016"}
{"polarity": -0.04090909090909092, "location": "New York, NY", "sentiment": "negative", "time": "Wed Jul 06 22:42:09 +0000 2016"}
{"polarity": 0.7, "location": "Atlanta, GA", "sentiment": "positive", "time": "Wed Jul 06 22:42:16 +0000 2016"}
{"polarity": 0.0, "location": "Phoenix, AZ", "sentiment": "neutral", "time": "Wed Jul 06 22:42:27 +0000 2016"}
{"polarity": 0.0, "location": "Orlando, FL", "sentiment": "neutral", "time": "Wed Jul 06 22:42:32 +0000 2016"}
{"polarity": -0.14583333333333334, "location": "San Diego, CA", "sentiment": "negative", "time": "Wed Jul 06 22:42:38 +0000 2016"}
{"polarity": 0.175, "location": "Atlanta, GA", "sentiment": "positive", "time": "Wed Jul 06 22:42:43 +0000 2016"}
{"polarity": 0.0, "location": "Seattle, WA", "sentiment": "neutral", "time": "Wed Jul 06 22:42:48 +0000 2016"}
{"polarity": 0.275, "location": "Seattle, WA", "sentiment": "positive", "time": "Wed Jul 06 22:42:48 +0000 2016"}
{"polarity": -0.07500000000000001, "location": "Seattle, WA", "sentiment": "negative", "time": "Wed Jul 06 22:42:52 +0000 2016"}
{"polarity": -0.25, "location": "New York, NY", "sentiment": "negative", "time": "Wed Jul 06 22:42:58 +0000 2016"}
{"polarity": -1.0, "location": "Atlanta, GA", "sentiment": "negative", "time": "Wed Jul 06 22:42:58 +0000 2016"}
{"polarity": 0.25, "location": "Orlando, FL", "sentiment": "positive", "time": "Wed Jul 06 22:50:05 +0000 2016"}
{"polarity": 0.0, "location": "Atlanta, GA", "sentiment": "neutral", "time": "Wed Jul 06 22:50:07 +0000 2016"}
{"polarity": 0.2857142857142857, "location": "Orlando, FL", "sentiment": "positive", "time": "Wed Jul 06 22:50:08 +0000 2016"}
{"polarity": -0.09722222222222221, "location": "Portland, OR", "sentiment": "negative", "time": "Wed Jul 06 22:50:18 +0000 2016"}
{"polarity": -0.20833333333333331, "location": "Atlanta, GA", "sentiment": "negative", "time": "Wed Jul 06 22:50:19 +0000 2016"}
{"polarity": 1.0, "location": "San Diego, CA", "sentiment": "positive", "time": "Wed Jul 06 22:50:27 +0000 2016"}
{"polarity": -0.03181818181818183, "location": "Atlanta, GA", "sentiment": "negative", "time": "Wed Jul 06 22:50:28 +0000 2016"}
{"polarity": 0.0, "location": "Atlanta, GA", "sentiment": "neutral", "time": "Wed Jul 06 22:50:33 +0000 2016"}
{"polarity": 0.16666666666666669, "location": "Portland, OR", "sentiment": "positive", "time": "Wed Jul 06 22:50:35 +0000 2016"}
{"polarity": 0.0, "location": "Boston, MA", "sentiment": "neutral", "time": "Wed Jul 06 22:50:51 +0000 2016"}
{"polarity": 0.725, "location": "New York, NY", "sentiment": "positive", "time": "Wed Jul 06 22:50:51 +0000 2016"}
{"polarity": 0.0, "location": "Atlanta, GA", "sentiment": "neutral", "time": "Wed Jul 06 22:50:52 +0000 2016"}
{"polarity": 0.4, "location": "Atlanta, GA", "sentiment": "positive", "time": "Wed Jul 06 22:50:52 +0000 2016"}
{"polarity": 0.0, "location": "Seattle, WA", "sentiment": "neutral", "time": "Wed Jul 06 22:50:55 +0000 2016"}
{"polarity": 0.0, "location": "Phoenix, AZ", "sentiment": "neutral", "time": "Wed Jul 06 22:50:57 +0000 2016"}
{"polarity": 0.0, "location": "Portland, OR", "sentiment": "neutral", "time": "Wed Jul 06 22:50:59 +0000 2016"}
{"polarity": 0.0, "location": "Phoenix, AZ", "sentiment": "neutral", "time": "Wed Jul 06 22:15:00 +0000 2016"}
{"polarity": 0.23611111111111108, "location": "New York, NY", "sentiment": "positive", "time": "Wed Jul 06 22:15:01 +0000 2016"}
{"polarity": 0.5, "location": "Seattle, WA", "sentiment": "positive", "time": "Wed Jul 06 22:15:10 +0000 2016"}
{"polarity": 0.43333333333333335, "location": "New York, NY", "sentiment": "positive", "time": "Wed Jul 06 22:15:14 +0000 2016"}
{"polarity": -0.9765625, "location": "San Diego, CA", "sentiment": "negative", "time": "Wed Jul 06 22:15:15 +0000 2016"}
{"polarity": 0.0, "location": "San Diego, CA", "sentiment": "neutral", "time": "Wed Jul 06 22:15:16 +0000 2016"}
{"polarity": 0.0, "location": "Seattle, WA", "sentiment": "neutral", "time": "Wed Jul 06 22:15:16 +0000 2016"}
{"polarity": 0.0, "location": "St. Louis, MO", "sentiment": "neutral", "time": "Wed Jul 06 22:15:21 +0000 2016"}
{"polarity": -0.1, "location": "San Diego, CA", "sentiment": "negative", "time": "Wed Jul 06 22:15:23 +0000 2016"}
{"polarity": -0.2, "location": "Orlando, FL", "sentiment": "negative", "time": "Wed Jul 06 22:15:24 +0000 2016"}
{"polarity": 0.0, "location": "Boston, MA", "sentiment": "neutral", "time": "Wed Jul 06 22:15:24 +0000 2016"}
{"polarity": 0.55, "location": "Orlando, FL", "sentiment": "positive", "time": "Wed Jul 06 22:15:33 +0000 2016"}
{"polarity": -0.14027777777777778, "location": "Atlanta, GA", "sentiment": "negative", "time": "Wed Jul 06 22:15:34 +0000 2016"}
{"polarity": 0.0, "location": "Seattle, WA", "sentiment": "neutral", "time": "Wed Jul 06 22:15:36 +0000 2016"}
{"polarity": 0.0, "location": "Boston, MA", "sentiment": "neutral", "time": "Wed Jul 06 22:15:41 +0000 2016"}
{"polarity": 0.0, "location": "Atlanta, GA", "sentiment": "neutral", "time": "Wed Jul 06 22:15:48 +0000 2016"}
{"polarity": 1.0, "location": "Boston, MA", "sentiment": "positive", "time": "Wed Jul 06 22:38:00 +0000 2016"}
{"polarity": 0.0, "location": "Boston, MA", "sentiment": "neutral", "time": "Wed Jul 06 22:38:03 +0000 2016"}
{"polarity": -0.3125, "location": "Orlando, FL", "sentiment": "negative", "time": "Wed Jul 06 22:38:04 +0000 2016"}
{"polarity": 0.4000000000000001, "location": "Boston, MA", "sentiment": "positive", "time": "Wed Jul 06 22:38:15 +0000 2016"}
{"polarity": 0.0, "location": "Atlanta, GA", "sentiment": "neutral", "time": "Wed Jul 06 22:38:16 +0000 2016"}
{"polarity": 0.0, "location": "Phoenix, AZ", "sentiment": "neutral", "time": "Wed Jul 06 22:38:24 +0000 2016"}
{"polarity": 0.0, "location": "Atlanta, GA", "sentiment": "neutral", "time": "Wed Jul 06 22:38:33 +0000 2016"}
{"polarity": 0.6, "location": "Atlanta, GA", "sentiment": "positive", "time": "Wed Jul 06 22:38:40 +0000 2016"}
{"polarity": 0.0, "location": "Atlanta, GA", "sentiment": "neutral", "time": "Wed Jul 06 22:38:58 +0000 2016"}
{"polarity": 0.334375, "location": "New York, NY", "sentiment": "positive", "time": "Wed Jul 06 22:21:17 +0000 2016"}
{"polarity": 0.0, "location": "New York, NY", "sentiment": "neutral", "time": "Wed Jul 06 22:21:17 +0000 2016"}
{"polarity": 0.2, "location": "San Diego, CA", "sentiment": "positive", "time": "Wed Jul 06 22:21:20 +0000 2016"}
{"polarity": -0.03333333333333331, "location": "New York, NY", "sentiment": "negative", "time": "Wed Jul 06 22:21:20 +0000 2016"}
{"polarity": 0.0, "location": "Portland, OR", "sentiment": "neutral", "time": "Wed Jul 06 22:21:22 +0000 2016"}
{"polarity": 0.0, "location": "Phoenix, AZ", "sentiment": "neutral", "time": "Wed Jul 06 22:21:27 +0000 2016"}
{"polarity": 0.0, "location": "San Diego, CA", "sentiment": "neutral", "time": "Wed Jul 06 22:21:32 +0000 2016"}
{"polarity": 0.3541666666666667, "location": "Atlanta, GA", "sentiment": "positive", "time": "Wed Jul 06 22:21:33 +0000 2016"}
{"polarity": 0.0, "location": "Atlanta, GA", "sentiment": "neutral", "time": "Wed Jul 06 22:21:34 +0000 2016"}
{"polarity": 0.3, "location": "San Diego, CA", "sentiment": "positive", "time": "Wed Jul 06 22:21:37 +0000 2016"}
{"polarity": 0.1875, "location": "Phoenix, AZ", "sentiment": "positive", "time": "Wed Jul 06 22:21:39 +0000 2016"}
{"polarity": 0.03333333333333333, "location": "Atlanta, GA", "sentiment": "positive", "time": "Wed Jul 06 22:21:42 +0000 2016"}
{"polarity": 0.0, "location": "Atlanta, GA", "sentiment": "neutral", "time": "Wed Jul 06 22:21:43 +0000 2016"}
{"polarity": 0.0, "location": "Boston, MA", "sentiment": "neutral", "time": "Wed Jul 06 22:21:51 +0000 2016"}
{"polarity": 0.0, "location": "San Diego, CA", "sentiment": "neutral", "time": "Wed Jul 06 22:17:06 +0000 2016"}
{"polarity": 0.0, "location": "Portland, OR", "sentiment": "neutral", "time": "Wed Jul 06 22:17:07 +0000 2016"}
{"polarity": 0.0, "location": "New York, NY", "sentiment": "neutral", "time": "Wed Jul 06 22:17:17 +0000 2016"}
{"polarity": 1.0, "location": "Seattle, WA", "sentiment": "positive", "time": "Wed Jul 06 22:17:17 +0000 2016"}
{"polarity": 0.0, "location": "San Diego, CA", "sentiment": "neutral", "time": "Wed Jul 06 22:17:18 +0000 2016"}
{"polarity": 0.0, "location": "New York, NY", "sentiment": "neutral", "time": "Wed Jul 06 22:17:19 +0000 2016"}
{"polarity": 0.0, "location": "Seattle, WA", "sentiment": "neutral", "time": "Wed Jul 06 22:17:25 +0000 2016"}
{"polarity": 0.175, "location": "Atlanta, GA", "sentiment": "positive", "time": "Wed Jul 06 22:17:36 +0000 2016"}
{"polarity": 0.0, "location": "Orlando, FL", "sentiment": "neutral", "time": "Wed Jul 06 22:17:42 +0000 2016"}
{"polarity": 0.2852272727272727, "location": "Portland, OR", "sentiment": "positive", "time": "Wed Jul 06 22:17:48 +0000 2016"}
{"polarity": 0.0, "location": "Portland, OR", "sentiment": "neutral", "time": "Wed Jul 06 22:17:55 +0000 2016"}
{"polarity": -0.9765625, "location": "Phoenix, AZ", "sentiment": "negative", "time": "Wed Jul 06 22:12:01 +0000 2016"}
{"polarity": 0.625, "location": "New York, NY", "sentiment": "positive", "time": "Wed Jul 06 22:12:02 +0000 2016"}
{"polarity": 0.0, "location": "Atlanta, GA", "sentiment": "neutral", "time": "Wed Jul 06 22:12:11 +0000 2016"}
{"polarity": 0.0, "location": "Boston, MA", "sentiment": "neutral", "time": "Wed Jul 06 22:12:13 +0000 2016"}
{"polarity": 0.0, "location": "San Diego, CA", "sentiment": "neutral", "time": "Wed Jul 06 22:12:14 +0000 2016"}
{"polarity": 0.2681818181818182, "location": "Atlanta, GA", "sentiment": "positive", "time": "Wed Jul 06 22:12:20 +0000 2016"}
{"polarity": 0.0, "location": "Seattle, WA", "sentiment": "neutral", "time": "Wed Jul 06 22:12:26 +0000 2016"}
{"polarity": 0.0, "location": "Boston, MA", "sentiment": "neutral", "time": "Wed Jul 06 22:12:37 +0000 2016"}
{"polarity": 0.0, "location": "Portland, OR", "sentiment": "neutral", "time": "Wed Jul 06 22:12:47 +0000 2016"}
{"polarity": 0.0, "location": "San Diego, CA", "sentiment": "neutral", "time": "Wed Jul 06 22:12:53 +0000 2016"}
{"polarity": 0.25, "location": "Atlanta, GA", "sentiment": "positive", "time": "Wed Jul 06 22:12:54 +0000 2016"}
{"polarity": 0.2, "location": "Atlanta, GA", "sentiment": "positive", "time": "Wed Jul 06 22:12:59 +0000 2016"}
{"polarity": 0.0, "location": "New York, NY", "sentiment": "neutral", "time": "Wed Jul 06 22:29:01 +0000 2016"}
{"polarity": 0.25, "location": "Boston, MA", "sentiment": "positive", "time": "Wed Jul 06 22:29:08 +0000 2016"}
{"polarity": 0.0, "location": "New York, NY", "sentiment": "neutral", "time": "Wed Jul 06 22:29:11 +0000 2016"}
{"polarity": 0.0, "location": "Boston, MA", "sentiment": "neutral", "time": "Wed Jul 06 22:29:12 +0000 2016"}
{"polarity": 0.0, "location": "Atlanta, GA", "sentiment": "neutral", "time": "Wed Jul 06 22:29:12 +0000 2016"}
{"polarity": -0.4, "location": "Seattle, WA", "sentiment": "negative", "time": "Wed Jul 06 22:29:15 +0000 2016"}
{"polarity": 0.0, "location": "Phoenix, AZ", "sentiment": "neutral", "time": "Wed Jul 06 22:29:17 +0000 2016"}
{"polarity": 0.0, "location": "New York, NY", "sentiment": "neutral", "time": "Wed Jul 06 22:29:17 +0000 2016"}
{"polarity": 0.0, "location": "San Diego, CA", "sentiment": "neutral", "time": "Wed Jul 06 22:29:20 +0000 2016"}
{"polarity": 0.0, "location": "Phoenix, AZ", "sentiment": "neutral", "time": "Wed Jul 06 22:29:28 +0000 2016"}
{"polarity": 0.225, "location": "Portland, OR", "sentiment": "positive", "time": "Wed Jul 06 22:29:29 +0000 2016"}
{"polarity": 0.0, "location": "San Diego, CA", "sentiment": "neutral", "time": "Wed Jul 06 22:29:36 +0000 2016"}
{"polarity": -0.2916666666666667, "location": "Atlanta, GA", "sentiment": "negative", "time": "Wed Jul 06 22:29:38 +0000 2016"}
{"polarity": 0.0, "location": "Orlando, FL", "sentiment": "neutral", "time": "Wed Jul 06 22:29:43 +0000 2016"}
{"polarity": 0.5, "location": "New York, NY", "sentiment": "positive", "time": "Wed Jul 06 22:29:57 +0000 2016"}
{"polarity": 0.0, "location": "Atlanta, GA", "sentiment": "neutral", "time": "Wed Jul 06 22:29:59 +0000 2016"}
{"polarity": 0.225, "location": "Seattle, WA", "sentiment": "positive", "time": "Wed Jul 06 22:18:00 +0000 2016"}
{"polarity": 0.3541666666666667, "location": "Atlanta, GA", "sentiment": "positive", "time": "Wed Jul 06 22:18:00 +0000 2016"}
{"polarity": 0.0, "location": "Orlando, FL", "sentiment": "neutral", "time": "Wed Jul 06 22:18:11 +0000 2016"}
{"polarity": 0.5, "location": "New York, NY", "sentiment": "positive", "time": "Wed Jul 06 22:18:37 +0000 2016"}
{"polarity": 0.0, "location": "San Diego, CA", "sentiment": "neutral", "time": "Wed Jul 06 22:18:53 +0000 2016"}
{"polarity": 0.0, "location": "Boston, MA", "sentiment": "neutral", "time": "Wed Jul 06 22:18:59 +0000 2016"}
{"polarity": 0.0, "location": "Atlanta, GA", "sentiment": "neutral", "time": "Wed Jul 06 22:46:00 +0000 2016"}
{"polarity": -0.05555555555555555, "location": "Atlanta, GA", "sentiment": "negative", "time": "Wed Jul 06 22:46:00 +0000 2016"}
{"polarity": 0.0, "location": "Phoenix, AZ", "sentiment": "neutral", "time": "Wed Jul 06 22:46:02 +0000 2016"}
{"polarity": 0.0, "location": "Atlanta, GA", "sentiment": "neutral", "time": "Wed Jul 06 22:46:03 +0000 2016"}
{"polarity": 0.35, "location": "Portland, OR", "sentiment": "positive", "time": "Wed Jul 06 22:46:10 +0000 2016"}
{"polarity": -0.125, "location": "Atlanta, GA", "sentiment": "negative", "time": "Wed Jul 06 22:46:12 +0000 2016"}
{"polarity": 0.0, "location": "Seattle, WA", "sentiment": "neutral", "time": "Wed Jul 06 22:46:17 +0000 2016"}
{"polarity": 0.0, "location": "Seattle, WA", "sentiment": "neutral", "time": "Wed Jul 06 22:46:19 +0000 2016"}
{"polarity": 0.0, "location": "Portland, OR", "sentiment": "neutral", "time": "Wed Jul 06 22:46:25 +0000 2016"}
{"polarity": 0.0, "location": "Portland, OR", "sentiment": "neutral", "time": "Wed Jul 06 22:46:27 +0000 2016"}
{"polarity": 0.0, "location": "St. Louis, MO", "sentiment": "neutral", "time": "Wed Jul 06 22:46:30 +0000 2016"}
{"polarity": 0.05654761904761905, "location": "Phoenix, AZ", "sentiment": "positive", "time": "Wed Jul 06 22:46:31 +0000 2016"}
{"polarity": 0.0, "location": "Atlanta, GA", "sentiment": "neutral", "time": "Wed Jul 06 22:46:36 +0000 2016"}
{"polarity": 0.3125, "location": "Portland, OR", "sentiment": "positive", "time": "Wed Jul 06 22:46:43 +0000 2016"}
{"polarity": -0.04999999999999999, "location": "Boston, MA", "sentiment": "negative", "time": "Wed Jul 06 22:46:44 +0000 2016"}
{"polarity": 0.0, "location": "Boston, MA", "sentiment": "neutral", "time": "Wed Jul 06 22:46:46 +0000 2016"}
{"polarity": 0.8, "location": "San Diego, CA", "sentiment": "positive", "time": "Wed Jul 06 22:46:49 +0000 2016"}
{"polarity": 0.0, "location": "New York, NY", "sentiment": "neutral", "time": "Wed Jul 06 22:46:56 +0000 2016"}
{"polarity": 0.0, "location": "New York, NY", "sentiment": "neutral", "time": "Wed Jul 06 22:00:00 +0000 2016"}
{"polarity": 0.15000000000000002, "location": "San Diego, CA", "sentiment": "positive", "time": "Wed Jul 06 22:00:00 +0000 2016"}
{"polarity": -0.1, "location": "New York, NY", "sentiment": "negative", "time": "Wed Jul 06 22:00:06 +0000 2016"}
{"polarity": 0.30833333333333335, "location": "San Diego, CA", "sentiment": "positive", "time": "Wed Jul 06 22:00:09 +0000 2016"}
{"polarity": 0.44814814814814813, "location": "Boston, MA", "sentiment": "positive", "time": "Wed Jul 06 22:00:17 +0000 2016"}
{"polarity": 0.27777777777777773, "location": "Atlanta, GA", "sentiment": "positive", "time": "Wed Jul 06 22:00:18 +0000 2016"}
{"polarity": 0.0, "location": "Orlando, FL", "sentiment": "neutral", "time": "Wed Jul 06 22:00:18 +0000 2016"}
{"polarity": 0.0, "location": "San Diego, CA", "sentiment": "neutral", "time": "Wed Jul 06 22:00:21 +0000 2016"}
{"polarity": 0.2, "location": "Orlando, FL", "sentiment": "positive", "time": "Wed Jul 06 22:00:21 +0000 2016"}
{"polarity": -0.2, "location": "New York, NY", "sentiment": "negative", "time": "Wed Jul 06 22:00:23 +0000 2016"}
{"polarity": -0.2, "location": "Seattle, WA", "sentiment": "negative", "time": "Wed Jul 06 22:00:29 +0000 2016"}
{"polarity": 0.0, "location": "Phoenix, AZ", "sentiment": "neutral", "time": "Wed Jul 06 22:00:31 +0000 2016"}
{"polarity": 0.0, "location": "Portland, OR", "sentiment": "neutral", "time": "Wed Jul 06 22:00:37 +0000 2016"}
{"polarity": 0.0, "location": "Boston, MA", "sentiment": "neutral", "time": "Wed Jul 06 22:00:38 +0000 2016"}
{"polarity": 0.13636363636363635, "location": "Seattle, WA", "sentiment": "positive", "time": "Wed Jul 06 22:34:00 +0000 2016"}
{"polarity": 0.0, "location": "New York, NY", "sentiment": "neutral", "time": "Wed Jul 06 22:34:05 +0000 2016"}
{"polarity": 0.0, "location": "Boston, MA", "sentiment": "neutral", "time": "Wed Jul 06 22:34:07 +0000 2016"}
{"polarity": 0.0, "location": "New York, NY", "sentiment": "neutral", "time": "Wed Jul 06 22:34:12 +0000 2016"}
{"polarity": 0.5, "location": "Atlanta, GA", "sentiment": "positive", "time": "Wed Jul 06 22:34:12 +0000 2016"}
{"polarity": 0.484375, "location": "San Diego, CA", "sentiment": "positive", "time": "Wed Jul 06 22:34:21 +0000 2016"}
{"polarity": 0.0, "location": "New York, NY", "sentiment": "neutral", "time": "Wed Jul 06 22:34:26 +0000 2016"}
{"polarity": -0.2916666666666667, "location": "New York, NY", "sentiment": "negative", "time": "Wed Jul 06 22:34:32 +0000 2016"}
{"polarity": 0.08333333333333333, "location": "Atlanta, GA", "sentiment": "positive", "time": "Wed Jul 06 22:34:38 +0000 2016"}
{"polarity": 0.07857142857142857, "location": "New York, NY", "sentiment": "positive", "time": "Wed Jul 06 22:34:39 +0000 2016"}
{"polarity": 0.5, "location": "Boston, MA", "sentiment": "positive", "time": "Wed Jul 06 22:34:42 +0000 2016"}
{"polarity": 0.0, "location": "Atlanta, GA", "sentiment": "neutral", "time": "Wed Jul 06 22:34:51 +0000 2016"}
{"polarity": 0.0, "location": "San Diego, CA", "sentiment": "neutral", "time": "Wed Jul 06 22:05:02 +0000 2016"}
{"polarity": -0.4, "location": "Atlanta, GA", "sentiment": "negative", "time": "Wed Jul 06 22:05:03 +0000 2016"}
{"polarity": 0.0, "location": "Atlanta, GA", "sentiment": "neutral", "time": "Wed Jul 06 22:05:08 +0000 2016"}
{"polarity": 0.3, "location": "New York, NY", "sentiment": "positive", "time": "Wed Jul 06 22:05:12 +0000 2016"}
{"polarity": 0.0, "location": "Seattle, WA", "sentiment": "neutral", "time": "Wed Jul 06 22:05:18 +0000 2016"}
{"polarity": 0.0, "location": "Seattle, WA", "sentiment": "neutral", "time": "Wed Jul 06 22:05:29 +0000 2016"}
{"polarity": 0.0, "location": "Seattle, WA", "sentiment": "neutral", "time": "Wed Jul 06 22:05:37 +0000 2016"}
{"polarity": 0.7, "location": "Boston, MA", "sentiment": "positive", "time": "Wed Jul 06 22:05:43 +0000 2016"}
{"polarity": -0.375, "location": "Atlanta, GA", "sentiment": "negative", "time": "Wed Jul 06 22:05:55 +0000 2016"}
{"polarity": 0.0, "location": "New York, NY", "sentiment": "neutral", "time": "Wed Jul 06 22:11:02 +0000 2016"}
{"polarity": 0.3416666666666667, "location": "Atlanta, GA", "sentiment": "positive", "time": "Wed Jul 06 22:11:03 +0000 2016"}
{"polarity": 0.13636363636363635, "location": "San Diego, CA", "sentiment": "positive", "time": "Wed Jul 06 22:11:06 +0000 2016"}
{"polarity": -0.5, "location": "Seattle, WA", "sentiment": "negative", "time": "Wed Jul 06 22:11:06 +0000 2016"}
{"polarity": 0.16, "location": "Orlando, FL", "sentiment": "positive", "time": "Wed Jul 06 22:11:10 +0000 2016"}
{"polarity": 0.0, "location": "New York, NY", "sentiment": "neutral", "time": "Wed Jul 06 22:11:11 +0000 2016"}
{"polarity": 0.0, "location": "Boston, MA", "sentiment": "neutral", "time": "Wed Jul 06 22:11:14 +0000 2016"}
{"polarity": 0.0, "location": "New York, NY", "sentiment": "neutral", "time": "Wed Jul 06 22:11:20 +0000 2016"}
{"polarity": -0.15555555555555559, "location": "Phoenix, AZ", "sentiment": "negative", "time": "Wed Jul 06 22:11:23 +0000 2016"}
{"polarity": 0.2556818181818182, "location": "Atlanta, GA", "sentiment": "positive", "time": "Wed Jul 06 22:11:30 +0000 2016"}
{"polarity": 0.65, "location": "Boston, MA", "sentiment": "positive", "time": "Wed Jul 06 22:11:31 +0000 2016"}
{"polarity": 0.675, "location": "San Diego, CA", "sentiment": "positive", "time": "Wed Jul 06 22:11:35 +0000 2016"}
{"polarity": 0.0, "location": "Seattle, WA", "sentiment": "neutral", "time": "Wed Jul 06 22:11:39 +0000 2016"}
{"polarity": 0.0, "location": "Phoenix, AZ", "sentiment": "neutral", "time": "Wed Jul 06 22:11:40 +0000 2016"}
{"polarity": -0.6, "location": "Atlanta, GA", "sentiment": "negative", "time": "Wed Jul 06 22:11:41 +0000 2016"}
{"polarity": 0.0, "location": "New York, NY", "sentiment": "neutral", "time": "Wed Jul 06 22:11:49 +0000 2016"}
{"polarity": 0.0, "location": "Seattle, WA", "sentiment": "neutral", "time": "Wed Jul 06 22:56:10 +0000 2016"}
{"polarity": 0.0, "location": "Seattle, WA", "sentiment": "neutral", "time": "Wed Jul 06 22:56:14 +0000 2016"}
{"polarity": 0.0, "location": "San Diego, CA", "sentiment": "neutral", "time": "Wed Jul 06 22:56:22 +0000 2016"}
{"polarity": 0.0, "location": "Orlando, FL", "sentiment": "neutral", "time": "Wed Jul 06 22:56:25 +0000 2016"}
{"polarity": 0.0, "location": "Atlanta, GA", "sentiment": "neutral", "time": "Wed Jul 06 22:56:27 +0000 2016"}
{"polarity": 0.15625, "location": "Boston, MA", "sentiment": "positive", "time": "Wed Jul 06 22:56:43 +0000 2016"}
{"polarity": 0.21666666666666667, "location": "Orlando, FL", "sentiment": "positive", "time": "Wed Jul 06 22:56:51 +0000 2016"}
{"polarity": 0.2857142857142857, "location": "Orlando, FL", "sentiment": "positive", "time": "Wed Jul 06 22:56:52 +0000 2016"}
{"polarity": -0.16666666666666666, "location": "Phoenix, AZ", "sentiment": "negative", "time": "Wed Jul 06 22:47:02 +0000 2016"}
{"polarity": 0.15, "location": "Orlando, FL", "sentiment": "positive", "time": "Wed Jul 06 22:47:04 +0000 2016"}
{"polarity": 0.0, "location": "New York, NY", "sentiment": "neutral", "time": "Wed Jul 06 22:47:25 +0000 2016"}
{"polarity": 0.0, "location": "Boston, MA", "sentiment": "neutral", "time": "Wed Jul 06 22:47:29 +0000 2016"}
{"polarity": -0.078125, "location": "Seattle, WA", "sentiment": "negative", "time": "Wed Jul 06 22:47:30 +0000 2016"}
{"polarity": 0.0, "location": "New York, NY", "sentiment": "neutral", "time": "Wed Jul 06 22:47:40 +0000 2016"}
{"polarity": 0.21481481481481482, "location": "Phoenix, AZ", "sentiment": "positive", "time": "Wed Jul 06 22:47:55 +0000 2016"}
{"polarity": 0.0, "location": "Atlanta, GA", "sentiment": "neutral", "time": "Wed Jul 06 22:52:08 +0000 2016"}
{"polarity": 0.0, "location": "New York, NY", "sentiment": "neutral", "time": "Wed Jul 06 22:52:10 +0000 2016"}
{"polarity": 0.0, "location": "San Diego, CA", "sentiment": "neutral", "time": "Wed Jul 06 22:52:15 +0000 2016"}
{"polarity": 0.06818181818181818, "location": "San Diego, CA", "sentiment": "positive", "time": "Wed Jul 06 22:52:23 +0000 2016"}
{"polarity": 0.0, "location": "San Diego, CA", "sentiment": "neutral", "time": "Wed Jul 06 22:52:26 +0000 2016"}
{"polarity": 0.0, "location": "New York, NY", "sentiment": "neutral", "time": "Wed Jul 06 22:52:26 +0000 2016"}
{"polarity": 0.5, "location": "New York, NY", "sentiment": "positive", "time": "Wed Jul 06 22:52:31 +0000 2016"}
{"polarity": 0.25, "location": "New York, NY", "sentiment": "positive", "time": "Wed Jul 06 22:52:36 +0000 2016"}
{"polarity": 0.0, "location": "Seattle, WA", "sentiment": "neutral", "time": "Wed Jul 06 22:52:42 +0000 2016"}
{"polarity": 0.0, "location": "Portland, OR", "sentiment": "neutral", "time": "Wed Jul 06 22:52:45 +0000 2016"}
{"polarity": 0.0, "location": "Boston, MA", "sentiment": "neutral", "time": "Wed Jul 06 22:52:47 +0000 2016"}
{"polarity": -0.17708333333333331, "location": "Phoenix, AZ", "sentiment": "negative", "time": "Wed Jul 06 22:52:50 +0000 2016"}
{"polarity": 0.375, "location": "Atlanta, GA", "sentiment": "positive", "time": "Wed Jul 06 22:52:58 +0000 2016"}
{"polarity": 0.7, "location": "San Diego, CA", "sentiment": "positive", "time": "Wed Jul 06 22:52:58 +0000 2016"}
{"polarity": 0.5, "location": "San Diego, CA", "sentiment": "positive", "time": "Wed Jul 06 22:53:09 +0000 2016"}
{"polarity": 0.0, "location": "Atlanta, GA", "sentiment": "neutral", "time": "Wed Jul 06 22:53:11 +0000 2016"}
{"polarity": 0.0, "location": "Portland, OR", "sentiment": "neutral", "time": "Wed Jul 06 22:53:22 +0000 2016"}
{"polarity": 0.0, "location": "New York, NY", "sentiment": "neutral", "time": "Wed Jul 06 22:53:25 +0000 2016"}
{"polarity": 0.5333333333333333, "location": "New York, NY", "sentiment": "positive", "time": "Wed Jul 06 22:53:28 +0000 2016"}
{"polarity": -0.30000000000000004, "location": "Orlando, FL", "sentiment": "negative", "time": "Wed Jul 06 22:53:35 +0000 2016"}
{"polarity": 0.0, "location": "Orlando, FL", "sentiment": "neutral", "time": "Wed Jul 06 22:53:35 +0000 2016"}
{"polarity": 0.0, "location": "Boston, MA", "sentiment": "neutral", "time": "Wed Jul 06 22:53:38 +0000 2016"}
{"polarity": -0.5, "location": "Seattle, WA", "sentiment": "negative", "time": "Wed Jul 06 22:53:42 +0000 2016"}
{"polarity": 0.0, "location": "Atlanta, GA", "sentiment": "neutral", "time": "Wed Jul 06 22:53:47 +0000 2016"}
{"polarity": 0.0, "location": "Atlanta, GA", "sentiment": "neutral", "time": "Wed Jul 06 22:53:49 +0000 2016"}
{"polarity": 0.0, "location": "Atlanta, GA", "sentiment": "neutral", "time": "Wed Jul 06 22:53:49 +0000 2016"}
{"polarity": -0.4, "location": "San Diego, CA", "sentiment": "negative", "time": "Wed Jul 06 22:53:53 +0000 2016"}
{"polarity": 0.0, "location": "San Diego, CA", "sentiment": "neutral", "time": "Wed Jul 06 22:53:57 +0000 2016"}
{"polarity": 0.0, "location": "Boston, MA", "sentiment": "neutral", "time": "Wed Jul 06 22:02:02 +0000 2016"}
{"polarity": 0.25, "location": "San Diego, CA", "sentiment": "positive", "time": "Wed Jul 06 22:02:08 +0000 2016"}
{"polarity": 0.25, "location": "Atlanta, GA", "sentiment": "positive", "time": "Wed Jul 06 22:02:08 +0000 2016"}
{"polarity": -0.3125, "location": "Atlanta, GA", "sentiment": "negative", "time": "Wed Jul 06 22:02:16 +0000 2016"}
{"polarity": -0.16666666666666666, "location": "Seattle, WA", "sentiment": "negative", "time": "Wed Jul 06 22:02:25 +0000 2016"}
{"polarity": -0.03787878787878788, "location": "Atlanta, GA", "sentiment": "negative", "time": "Wed Jul 06 22:02:29 +0000 2016"}
{"polarity": 0.39285714285714285, "location": "Orlando, FL", "sentiment": "positive", "time": "Wed Jul 06 22:02:29 +0000 2016"}
{"polarity": 0.0, "location": "Portland, OR", "sentiment": "neutral", "time": "Wed Jul 06 22:02:36 +0000 2016"}
{"polarity": 0.0, "location": "Atlanta, GA", "sentiment": "neutral", "time": "Wed Jul 06 22:02:42 +0000 2016"}
{"polarity": 0.15000000000000002, "location": "New York, NY", "sentiment": "positive", "time": "Wed Jul 06 22:02:44 +0000 2016"}
{"polarity": 0.0, "location": "Portland, OR", "sentiment": "neutral", "time": "Wed Jul 06 22:02:46 +0000 2016"}
{"polarity": 0.75, "location": "Seattle, WA", "sentiment": "positive", "time": "Wed Jul 06 22:02:58 +0000 2016"}
{"polarity": 0.1, "location": "Atlanta, GA", "sentiment": "positive", "time": "Wed Jul 06 22:48:12 +0000 2016"}
{"polarity": 0.0, "location": "New York, NY", "sentiment": "neutral", "time": "Wed Jul 06 22:48:14 +0000 2016"}
{"polarity": 0.4, "location": "New York, NY", "sentiment": "positive", "time": "Wed Jul 06 22:48:22 +0000 2016"}
{"polarity": 0.3, "location": "San Diego, CA", "sentiment": "positive", "time": "Wed Jul 06 22:48:23 +0000 2016"}
{"polarity": -0.03333333333333336, "location": "Orlando, FL", "sentiment": "negative", "time": "Wed Jul 06 22:48:23 +0000 2016"}
{"polarity": 0.0, "location": "Atlanta, GA", "sentiment": "neutral", "time": "Wed Jul 06 22:48:25 +0000 2016"}
{"polarity": 0.15625, "location": "New York, NY", "sentiment": "positive", "time": "Wed Jul 06 22:48:30 +0000 2016"}
{"polarity": -0.4, "location": "Portland, OR", "sentiment": "negative", "time": "Wed Jul 06 22:48:34 +0000 2016"}
{"polarity": 0.0, "location": "Atlanta, GA", "sentiment": "neutral", "time": "Wed Jul 06 22:48:39 +0000 2016"}
{"polarity": -0.6, "location": "Boston, MA", "sentiment": "negative", "time": "Wed Jul 06 22:48:41 +0000 2016"}
{"polarity": 0.13636363636363635, "location": "Seattle, WA", "sentiment": "positive", "time": "Wed Jul 06 22:48:50 +0000 2016"}
{"polarity": 0.225, "location": "Orlando, FL", "sentiment": "positive", "time": "Wed Jul 06 22:25:09 +0000 2016"}
{"polarity": -0.6, "location": "New York, NY", "sentiment": "negative", "time": "Wed Jul 06 22:25:12 +0000 2016"}
{"polarity": 0.0, "location": "New York, NY", "sentiment": "neutral", "time": "Wed Jul 06 22:25:13 +0000 2016"}
{"polarity": 0.025, "location": "San Diego, CA", "sentiment": "positive", "time": "Wed Jul 06 22:25:21 +0000 2016"}
{"polarity": -0.8, "location": "San Diego, CA", "sentiment": "negative", "time": "Wed Jul 06 22:25:23 +0000 2016"}
{"polarity": 0.0, "location": "Portland, OR", "sentiment": "neutral", "time": "Wed Jul 06 22:25:41 +0000 2016"}
{"polarity": 0.2, "location": "Boston, MA", "sentiment": "positive", "time": "Wed Jul 06 22:25:46 +0000 2016"}
{"polarity": 0.1, "location": "Phoenix, AZ", "sentiment": "positive", "time": "Wed Jul 06 22:25:48 +0000 2016"}
{"polarity": -0.4, "location": "New York, NY", "sentiment": "negative", "time": "Wed Jul 06 22:25:57 +0000 2016"}
{"polarity": -0.4, "location": "New York, NY", "sentiment": "negative", "time": "Wed Jul 06 22:16:15 +0000 2016"}
{"polarity": 0.0, "location": "Seattle, WA", "sentiment": "neutral", "time": "Wed Jul 06 22:16:16 +0000 2016"}
{"polarity": -0.625, "location": "Orlando, FL", "sentiment": "negative", "time": "Wed Jul 06 22:16:29 +0000 2016"}
{"polarity": 0.0, "location": "New York, NY", "sentiment": "neutral", "time": "Wed Jul 06 22:16:32 +0000 2016"}
{"polarity": 0.0, "location": "Boston, MA", "sentiment": "neutral", "time": "Wed Jul 06 22:16:32 +0000 2016"}
{"polarity": -1.0, "location": "Atlanta, GA", "sentiment": "negative", "time": "Wed Jul 06 22:16:41 +0000 2016"}
{"polarity": -0.5, "location": "New York, NY", "sentiment": "negative", "time": "Wed Jul 06 22:16:46 +0000 2016"}
{"polarity": 0.15000000000000002, "location": "St. Louis, MO", "sentiment": "positive", "time": "Wed Jul 06 22:16:57 +0000 2016"}
{"polarity": 0.0, "location": "Atlanta, GA", "sentiment": "neutral", "time": "Wed Jul 06 22:16:57 +0000 2016"}
{"polarity": 0.0, "location": "San Diego, CA", "sentiment": "neutral", "time": "Wed Jul 06 22:14:07 +0000 2016"}
{"polarity": 0.625, "location": "Phoenix, AZ", "sentiment": "positive", "time": "Wed Jul 06 22:14:12 +0000 2016"}
{"polarity": 0.25, "location": "Portland, OR", "sentiment": "positive", "time": "Wed Jul 06 22:14:12 +0000 2016"}
{"polarity": -0.3, "location": "San Diego, CA", "sentiment": "negative", "time": "Wed Jul 06 22:14:13 +0000 2016"}
{"polarity": 0.1, "location": "Boston, MA", "sentiment": "positive", "time": "Wed Jul 06 22:14:14 +0000 2016"}
{"polarity": 0.0, "location": "Portland, OR", "sentiment": "neutral", "time": "Wed Jul 06 22:14:28 +0000 2016"}
{"polarity": 0.0, "location": "Seattle, WA", "sentiment": "neutral", "time": "Wed Jul 06 22:14:32 +0000 2016"}
{"polarity": 0.0, "location": "Boston, MA", "sentiment": "neutral", "time": "Wed Jul 06 22:14:39 +0000 2016"}
{"polarity": 0.4, "location": "St. Louis, MO", "sentiment": "positive", "time": "Wed Jul 06 22:14:42 +0000 2016"}
{"polarity": 0.0, "location": "Atlanta, GA", "sentiment": "neutral", "time": "Wed Jul 06 22:14:52 +0000 2016"}
{"polarity": 0.0, "location": "New York, NY", "sentiment": "neutral", "time": "Wed Jul 06 22:23:02 +0000 2016"}
{"polarity": 0.0, "location": "Boston, MA", "sentiment": "neutral", "time": "Wed Jul 06 22:23:09 +0000 2016"}
{"polarity": 1.0, "location": "Orlando, FL", "sentiment": "positive", "time": "Wed Jul 06 22:23:11 +0000 2016"}
{"polarity": 0.0, "location": "Orlando, FL", "sentiment": "neutral", "time": "Wed Jul 06 22:23:12 +0000 2016"}
{"polarity": 0.4681818181818182, "location": "Seattle, WA", "sentiment": "positive", "time": "Wed Jul 06 22:23:19 +0000 2016"}
{"polarity": 0.0, "location": "New York, NY", "sentiment": "neutral", "time": "Wed Jul 06 22:23:20 +0000 2016"}
{"polarity": 0.0, "location": "Seattle, WA", "sentiment": "neutral", "time": "Wed Jul 06 22:23:24 +0000 2016"}
{"polarity": 0.0, "location": "New York, NY", "sentiment": "neutral", "time": "Wed Jul 06 22:23:27 +0000 2016"}
{"polarity": 0.0, "location": "New York, NY", "sentiment": "neutral", "time": "Wed Jul 06 22:23:31 +0000 2016"}
{"polarity": 0.0, "location": "Seattle, WA", "sentiment": "neutral", "time": "Wed Jul 06 22:23:32 +0000 2016"}
{"polarity": 0.3595238095238095, "location": "Portland, OR", "sentiment": "positive", "time": "Wed Jul 06 22:23:39 +0000 2016"}
{"polarity": 0.08, "location": "Boston, MA", "sentiment": "positive", "time": "Wed Jul 06 22:23:47 +0000 2016"}
{"polarity": 0.0, "location": "Orlando, FL", "sentiment": "neutral", "time": "Wed Jul 06 22:23:52 +0000 2016"}
{"polarity": 0.06818181818181818, "location": "San Diego, CA", "sentiment": "positive", "time": "Wed Jul 06 22:23:54 +0000 2016"}
{"polarity": 0.8666666666666667, "location": "Boston, MA", "sentiment": "positive", "time": "Wed Jul 06 22:07:02 +0000 2016"}
{"polarity": 0.0, "location": "Phoenix, AZ", "sentiment": "neutral", "time": "Wed Jul 06 22:07:04 +0000 2016"}
{"polarity": 0.0, "location": "Boston, MA", "sentiment": "neutral", "time": "Wed Jul 06 22:07:04 +0000 2016"}
{"polarity": 0.2, "location": "Boston, MA", "sentiment": "positive", "time": "Wed Jul 06 22:07:06 +0000 2016"}
{"polarity": 0.0, "location": "Atlanta, GA", "sentiment": "neutral", "time": "Wed Jul 06 22:07:07 +0000 2016"}
{"polarity": 0.13, "location": "Atlanta, GA", "sentiment": "positive", "time": "Wed Jul 06 22:07:14 +0000 2016"}
{"polarity": 0.13636363636363635, "location": "San Diego, CA", "sentiment": "positive", "time": "Wed Jul 06 22:07:14 +0000 2016"}
{"polarity": 0.5, "location": "Phoenix, AZ", "sentiment": "positive", "time": "Wed Jul 06 22:07:25 +0000 2016"}
{"polarity": 0.0, "location": "New York, NY", "sentiment": "neutral", "time": "Wed Jul 06 22:07:26 +0000 2016"}
{"polarity": 0.0, "location": "Portland, OR", "sentiment": "neutral", "time": "Wed Jul 06 22:07:37 +0000 2016"}
{"polarity": 0.0, "location": "Atlanta, GA", "sentiment": "neutral", "time": "Wed Jul 06 22:07:48 +0000 2016"}
{"polarity": 0.6, "location": "Atlanta, GA", "sentiment": "positive", "time": "Wed Jul 06 22:07:52 +0000 2016"}
{"polarity": -0.3458333333333333, "location": "Seattle, WA", "sentiment": "negative", "time": "Wed Jul 06 22:07:55 +0000 2016"}
{"polarity": 0.0, "location": "San Diego, CA", "sentiment": "neutral", "time": "Wed Jul 06 22:07:57 +0000 2016"}
{"polarity": -0.5, "location": "New York, NY", "sentiment": "negative", "time": "Wed Jul 06 22:07:58 +0000 2016"}
{"polarity": 0.0, "location": "New York, NY", "sentiment": "neutral", "time": "Wed Jul 06 22:51:00 +0000 2016"}
{"polarity": 0.0, "location": "New York, NY", "sentiment": "neutral", "time": "Wed Jul 06 22:51:08 +0000 2016"}
{"polarity": 0.13636363636363635, "location": "New York, NY", "sentiment": "positive", "time": "Wed Jul 06 22:51:11 +0000 2016"}
{"polarity": 0.0, "location": "Atlanta, GA", "sentiment": "neutral", "time": "Wed Jul 06 22:51:11 +0000 2016"}
{"polarity": 0.0, "location": "Seattle, WA", "sentiment": "neutral", "time": "Wed Jul 06 22:51:14 +0000 2016"}
{"polarity": 0.0, "location": "Portland, OR", "sentiment": "neutral", "time": "Wed Jul 06 22:51:19 +0000 2016"}
{"polarity": 0.0, "location": "New York, NY", "sentiment": "neutral", "time": "Wed Jul 06 22:51:34 +0000 2016"}
{"polarity": 0.0, "location": "Orlando, FL", "sentiment": "neutral", "time": "Wed Jul 06 22:51:35 +0000 2016"}
{"polarity": -0.75, "location": "Orlando, FL", "sentiment": "negative", "time": "Wed Jul 06 22:51:35 +0000 2016"}
{"polarity": 0.7, "location": "Atlanta, GA", "sentiment": "positive", "time": "Wed Jul 06 22:51:36 +0000 2016"}
{"polarity": 0.0, "location": "Phoenix, AZ", "sentiment": "neutral", "time": "Wed Jul 06 22:51:48 +0000 2016"}
{"polarity": 0.0, "location": "Seattle, WA", "sentiment": "neutral", "time": "Wed Jul 06 22:51:51 +0000 2016"}
{"polarity": 0.25, "location": "New York, NY", "sentiment": "positive", "time": "Wed Jul 06 22:51:53 +0000 2016"}
{"polarity": 0.0, "location": "Boston, MA", "sentiment": "neutral", "time": "Wed Jul 06 22:51:56 +0000 2016"}
{"polarity": 0.0, "location": "San Diego, CA", "sentiment": "neutral", "time": "Wed Jul 06 22:30:16 +0000 2016"}
{"polarity": -0.4, "location": "Atlanta, GA", "sentiment": "negative", "time": "Wed Jul 06 22:30:19 +0000 2016"}
{"polarity": 0.0, "location": "New York, NY", "sentiment": "neutral", "time": "Wed Jul 06 22:30:18 +0000 2016"}
{"polarity": 0.0, "location": "Atlanta, GA", "sentiment": "neutral", "time": "Wed Jul 06 22:30:22 +0000 2016"}
{"polarity": -0.25, "location": "Phoenix, AZ", "sentiment": "negative", "time": "Wed Jul 06 22:30:23 +0000 2016"}
{"polarity": 0.0, "location": "Atlanta, GA", "sentiment": "neutral", "time": "Wed Jul 06 22:30:25 +0000 2016"}
{"polarity": 0.0, "location": "New York, NY", "sentiment": "neutral", "time": "Wed Jul 06 22:30:28 +0000 2016"}
{"polarity": -1.0, "location": "Boston, MA", "sentiment": "negative", "time": "Wed Jul 06 22:30:28 +0000 2016"}
{"polarity": 0.0, "location": "Atlanta, GA", "sentiment": "neutral", "time": "Wed Jul 06 22:30:28 +0000 2016"}
{"polarity": -0.04375, "location": "New York, NY", "sentiment": "negative", "time": "Wed Jul 06 22:30:32 +0000 2016"}
{"polarity": 0.2, "location": "New York, NY", "sentiment": "positive", "time": "Wed Jul 06 22:30:50 +0000 2016"}
{"polarity": 0.0, "location": "New York, NY", "sentiment": "neutral", "time": "Wed Jul 06 22:30:57 +0000 2016"}
{"polarity": -0.09722222222222221, "location": "New York, NY", "sentiment": "negative", "time": "Wed Jul 06 22:03:00 +0000 2016"}
{"polarity": -0.4, "location": "Portland, OR", "sentiment": "negative", "time": "Wed Jul 06 22:03:04 +0000 2016"}
{"polarity": 0.0, "location": "Orlando, FL", "sentiment": "neutral", "time": "Wed Jul 06 22:03:06 +0000 2016"}
{"polarity": 0.0, "location": "Portland, OR", "sentiment": "neutral", "time": "Wed Jul 06 22:03:17 +0000 2016"}
{"polarity": 0.0, "location": "Boston, MA", "sentiment": "neutral", "time": "Wed Jul 06 22:03:27 +0000 2016"}
{"polarity": 0.5, "location": "New York, NY", "sentiment": "positive", "time": "Wed Jul 06 22:03:29 +0000 2016"}
{"polarity": 0.05, "location": "New York, NY", "sentiment": "positive", "time": "Wed Jul 06 22:03:34 +0000 2016"}
{"polarity": 0.011111111111111108, "location": "Boston, MA", "sentiment": "positive", "time": "Wed Jul 06 22:03:36 +0000 2016"}
{"polarity": 0.0, "location": "Boston, MA", "sentiment": "neutral", "time": "Wed Jul 06 22:03:40 +0000 2016"}
{"polarity": 1.0, "location": "Boston, MA", "sentiment": "positive", "time": "Wed Jul 06 22:03:50 +0000 2016"}
{"polarity": 0.8, "location": "Orlando, FL", "sentiment": "positive", "time": "Wed Jul 06 22:03:54 +0000 2016"}
{"polarity": 0.9765625, "location": "Seattle, WA", "sentiment": "positive", "time": "Wed Jul 06 22:03:59 +0000 2016"}
{"polarity": 0.0, "location": "St. Louis, MO", "sentiment": "neutral", "time": "Wed Jul 06 22:40:08 +0000 2016"}
{"polarity": 0.0, "location": "Atlanta, GA", "sentiment": "neutral", "time": "Wed Jul 06 22:40:08 +0000 2016"}
{"polarity": -0.5, "location": "New York, NY", "sentiment": "negative", "time": "Wed Jul 06 22:40:13 +0000 2016"}
{"polarity": -0.35, "location": "San Diego, CA", "sentiment": "negative", "time": "Wed Jul 06 22:40:16 +0000 2016"}
{"polarity": 0.359375, "location": "New York, NY", "sentiment": "positive", "time": "Wed Jul 06 22:40:18 +0000 2016"}
{"polarity": 0.6000000000000001, "location": "Boston, MA", "sentiment": "positive", "time": "Wed Jul 06 22:40:22 +0000 2016"}
{"polarity": -0.08333333333333333, "location": "Atlanta, GA", "sentiment": "negative", "time": "Wed Jul 06 22:40:24 +0000 2016"}
{"polarity": 0.0, "location": "San Diego, CA", "sentiment": "neutral", "time": "Wed Jul 06 22:40:27 +0000 2016"}
{"polarity": 0.0, "location": "New York, NY", "sentiment": "neutral", "time": "Wed Jul 06 22:40:28 +0000 2016"}
{"polarity": 0.0, "location": "Boston, MA", "sentiment": "neutral", "time": "Wed Jul 06 22:40:29 +0000 2016"}
{"polarity": 0.0, "location": "New York, NY", "sentiment": "neutral", "time": "Wed Jul 06 22:40:34 +0000 2016"}
{"polarity": 0.32309422348484845, "location": "San Diego, CA", "sentiment": "positive", "time": "Wed Jul 06 22:40:42 +0000 2016"}
{"polarity": 0.0, "location": "San Diego, CA", "sentiment": "neutral", "time": "Wed Jul 06 22:40:47 +0000 2016"}
