{"polarity": 0.0, "location": "Atlanta, GA", "sentiment": "neutral", "time": "Fri Jul 29 20:04:00 +0000 2016"}
{"polarity": 0.0, "location": "Atlanta, GA", "sentiment": "neutral", "time": "Fri Jul 29 20:04:00 +0000 2016"}
{"polarity": 0.525, "location": "Orlando, FL", "sentiment": "positive", "time": "Fri Jul 29 20:04:03 +0000 2016"}
{"polarity": -0.2, "location": "New York, NY", "sentiment": "negative", "time": "Fri Jul 29 20:04:11 +0000 2016"}
{"polarity": 0.1875, "location": "Boston, MA", "sentiment": "positive", "time": "Fri Jul 29 20:04:12 +0000 2016"}
{"polarity": 0.0, "location": "Boston, MA", "sentiment": "neutral", "time": "Fri Jul 29 20:04:19 +0000 2016"}
{"polarity": 0.0, "location": "Seattle, WA", "sentiment": "neutral", "time": "Fri Jul 29 20:04:26 +0000 2016"}
{"polarity": 0.0, "location": "Atlanta, GA", "sentiment": "neutral", "time": "Fri Jul 29 20:04:27 +0000 2016"}
{"polarity": 0.0, "location": "Atlanta, GA", "sentiment": "neutral", "time": "Fri Jul 29 20:04:35 +0000 2016"}
{"polarity": -0.16666666666666666, "location": "Seattle, WA", "sentiment": "negative", "time": "Fri Jul 29 20:04:57 +0000 2016"}
{"polarity": 0.0, "location": "Portland, OR", "sentiment": "neutral", "time": "Sat Jul 30 01:39:04 +0000 2016"}
{"polarity": -0.05, "location": "Phoenix, AZ", "sentiment": "negative", "time": "Sat Jul 30 01:39:06 +0000 2016"}
{"polarity": 0.08333333333333333, "location": "Orlando, FL", "sentiment": "positive", "time": "Sat Jul 30 01:39:09 +0000 2016"}
{"polarity": 0.0, "location": "New York, NY", "sentiment": "neutral", "time": "Sat Jul 30 01:39:27 +0000 2016"}
{"polarity": 0.0, "location": "New York, NY", "sentiment": "neutral", "time": "Sat Jul 30 01:39:32 +0000 2016"}
{"polarity": -0.4, "location": "New York, NY", "sentiment": "negative", "time": "Sat Jul 30 01:39:49 +0000 2016"}
{"polarity": 0.1236111111111111, "location": "San Diego, CA", "sentiment": "positive", "time": "Sat Jul 30 01:59:15 +0000 2016"}
{"polarity": 0.19999999999999998, "location": "Seattle, WA", "sentiment": "positive", "time": "Sat Jul 30 01:59:16 +0000 2016"}
{"polarity": 0.0, "location": "Atlanta, GA", "sentiment": "neutral", "time": "Sat Jul 30 01:59:23 +0000 2016"}
{"polarity": -0.4, "location": "Atlanta, GA", "sentiment": "negative", "time": "Sat Jul 30 01:59:27 +0000 2016"}
{"polarity": -0.06190476190476191, "location": "Atlanta, GA", "sentiment": "negative", "time": "Sat Jul 30 01:59:27 +0000 2016"}
{"polarity": 0.0, "location": "Seattle, WA", "sentiment": "neutral", "time": "Sat Jul 30 01:59:31 +0000 2016"}
{"polarity": 0.0, "location": "Seattle, WA", "sentiment": "neutral", "time": "Sat Jul 30 01:59:51 +0000 2016"}
{"polarity": 0.0, "location": "Phoenix, AZ", "sentiment": "neutral", "time": "Sat Jul 30 01:59:52 +0000 2016"}
{"polarity": 0.0, "location": "New York, NY", "sentiment": "neutral", "time": "Sat Jul 30 01:59:59 +0000 2016"}
{"polarity": 0.0, "location": "San Diego, CA", "sentiment": "neutral", "time": "Sat Jul 30 01:19:05 +0000 2016"}
{"polarity": 0.0, "location": "Boston, MA", "sentiment": "neutral", "time": "Sat Jul 30 01:19:08 +0000 2016"}
{"polarity": 0.4, "location": "New York, NY", "sentiment": "positive", "time": "Sat Jul 30 01:19:12 +0000 2016"}
{"polarity": 0.5, "location": "New York, NY", "sentiment": "positive", "time": "Sat Jul 30 01:19:15 +0000 2016"}
{"polarity": 0.21666666666666665, "location": "San Diego, CA", "sentiment": "positive", "time": "Sat Jul 30 01:19:22 +0000 2016"}
{"polarity": 0.0, "location": "New York, NY", "sentiment": "neutral", "time": "Sat Jul 30 01:19:24 +0000 2016"}
{"polarity": 0.0, "location": "New York, NY", "sentiment": "neutral", "time": "Sat Jul 30 01:19:31 +0000 2016"}
{"polarity": 0.0, "location": "Boston, MA", "sentiment": "neutral", "time": "Sat Jul 30 01:19:45 +0000 2016"}
{"polarity": 0.05, "location": "New York, NY", "sentiment": "positive", "time": "Sat Jul 30 01:19:55 +0000 2016"}
{"polarity": -0.3888888888888889, "location": "Boston, MA", "sentiment": "negative", "time": "Sat Jul 30 01:37:01 +0000 2016"}
{"polarity": 0.5, "location": "Atlanta, GA", "sentiment": "positive", "time": "Sat Jul 30 01:37:04 +0000 2016"}
{"polarity": 0.0, "location": "Orlando, FL", "sentiment": "neutral", "time": "Sat Jul 30 01:37:05 +0000 2016"}
{"polarity": 0.8, "location": "Atlanta, GA", "sentiment": "positive", "time": "Sat Jul 30 01:37:06 +0000 2016"}
{"polarity": 0.8, "location": "Seattle, WA", "sentiment": "positive", "time": "Sat Jul 30 01:37:21 +0000 2016"}
{"polarity": 0.5, "location": "Orlando, FL", "sentiment": "positive", "time": "Sat Jul 30 01:37:21 +0000 2016"}
{"polarity": 0.0, "location": "Orlando, FL", "sentiment": "neutral", "time": "Sat Jul 30 01:37:28 +0000 2016"}
{"polarity": 0.19999999999999998, "location": "Atlanta, GA", "sentiment": "positive", "time": "Sat Jul 30 01:37:28 +0000 2016"}
{"polarity": 0.39285714285714285, "location": "Atlanta, GA", "sentiment": "positive", "time": "Sat Jul 30 01:37:38 +0000 2016"}
{"polarity": -0.08333333333333331, "location": "Seattle, WA", "sentiment": "negative", "time": "Sat Jul 30 01:37:40 +0000 2016"}
{"polarity": -0.25, "location": "New York, NY", "sentiment": "negative", "time": "Sat Jul 30 01:37:51 +0000 2016"}
{"polarity": 0.0, "location": "Phoenix, AZ", "sentiment": "neutral", "time": "Sat Jul 30 01:37:57 +0000 2016"}
{"polarity": 0.0, "location": "New York, NY", "sentiment": "neutral", "time": "Sat Jul 30 01:37:57 +0000 2016"}
{"polarity": 0.0, "location": "San Diego, CA", "sentiment": "neutral", "time": "Sat Jul 30 01:31:04 +0000 2016"}
{"polarity": 0.7, "location": "Boston, MA", "sentiment": "positive", "time": "Sat Jul 30 01:31:07 +0000 2016"}
{"polarity": 0.0, "location": "Atlanta, GA", "sentiment": "neutral", "time": "Sat Jul 30 01:31:13 +0000 2016"}
{"polarity": 0.43333333333333335, "location": "Portland, OR", "sentiment": "positive", "time": "Sat Jul 30 01:31:15 +0000 2016"}
{"polarity": 0.0, "location": "Atlanta, GA", "sentiment": "neutral", "time": "Sat Jul 30 01:31:18 +0000 2016"}
{"polarity": 0.25, "location": "Orlando, FL", "sentiment": "positive", "time": "Sat Jul 30 01:31:22 +0000 2016"}
{"polarity": 0.0, "location": "Boston, MA", "sentiment": "neutral", "time": "Sat Jul 30 01:31:25 +0000 2016"}
{"polarity": 0.0, "location": "San Diego, CA", "sentiment": "neutral", "time": "Sat Jul 30 01:31:29 +0000 2016"}
{"polarity": 0.0, "location": "New York, NY", "sentiment": "neutral", "time": "Sat Jul 30 01:31:37 +0000 2016"}
{"polarity": 0.0, "location": "Seattle, WA", "sentiment": "neutral", "time": "Sat Jul 30 01:31:42 +0000 2016"}
{"polarity": 0.0, "location": "Portland, OR", "sentiment": "neutral", "time": "Sat Jul 30 01:31:43 +0000 2016"}
{"polarity": 0.13636363636363635, "location": "Atlanta, GA", "sentiment": "positive", "time": "Sat Jul 30 01:41:19 +0000 2016"}
{"polarity": 0.0, "location": "Seattle, WA", "sentiment": "neutral", "time": "Sat Jul 30 01:41:25 +0000 2016"}
{"polarity": 0.0, "location": "Seattle, WA", "sentiment": "neutral", "time": "Sat Jul 30 01:41:31 +0000 2016"}
{"polarity": 0.0, "location": "Phoenix, AZ", "sentiment": "neutral", "time": "Sat Jul 30 01:41:42 +0000 2016"}
{"polarity": 0.15, "location": "New York, NY", "sentiment": "positive", "time": "Sat Jul 30 01:41:45 +0000 2016"}
{"polarity": 0.0, "location": "Portland, OR", "sentiment": "neutral", "time": "Sat Jul 30 01:27:07 +0000 2016"}
{"polarity": 0.0, "location": "Phoenix, AZ", "sentiment": "neutral", "time": "Sat Jul 30 01:27:10 +0000 2016"}
{"polarity": 0.5, "location": "New York, NY", "sentiment": "positive", "time": "Sat Jul 30 01:27:12 +0000 2016"}
{"polarity": 0.5, "location": "Boston, MA", "sentiment": "positive", "time": "Sat Jul 30 01:27:20 +0000 2016"}
{"polarity": 0.0, "location": "Seattle, WA", "sentiment": "neutral", "time": "Sat Jul 30 01:27:21 +0000 2016"}
{"polarity": 0.3333333333333333, "location": "Atlanta, GA", "sentiment": "positive", "time": "Sat Jul 30 01:27:22 +0000 2016"}
{"polarity": 0.0, "location": "Phoenix, AZ", "sentiment": "neutral", "time": "Sat Jul 30 01:27:42 +0000 2016"}
{"polarity": 0.0, "location": "Boston, MA", "sentiment": "neutral", "time": "Sat Jul 30 01:27:49 +0000 2016"}
{"polarity": 0.35, "location": "New York, NY", "sentiment": "positive", "time": "Sat Jul 30 01:27:53 +0000 2016"}
{"polarity": 0.0, "location": "Portland, OR", "sentiment": "neutral", "time": "Sat Jul 30 01:27:57 +0000 2016"}
{"polarity": -0.8, "location": "San Diego, CA", "sentiment": "negative", "time": "Sat Jul 30 01:57:02 +0000 2016"}
{"polarity": 0.0, "location": "Phoenix, AZ", "sentiment": "neutral", "time": "Sat Jul 30 01:57:03 +0000 2016"}
{"polarity": 0.0, "location": "Boston, MA", "sentiment": "neutral", "time": "Sat Jul 30 01:57:08 +0000 2016"}
{"polarity": 0.48333333333333334, "location": "Seattle, WA", "sentiment": "positive", "time": "Sat Jul 30 01:57:09 +0000 2016"}
{"polarity": 0.4166666666666667, "location": "Atlanta, GA", "sentiment": "positive", "time": "Sat Jul 30 01:57:13 +0000 2016"}
{"polarity": 0.525, "location": "Boston, MA", "sentiment": "positive", "time": "Sat Jul 30 01:57:24 +0000 2016"}
{"polarity": 0.0, "location": "Atlanta, GA", "sentiment": "neutral", "time": "Sat Jul 30 01:57:29 +0000 2016"}
{"polarity": 0.0, "location": "Seattle, WA", "sentiment": "neutral", "time": "Sat Jul 30 01:57:37 +0000 2016"}
{"polarity": -0.6, "location": "San Diego, CA", "sentiment": "negative", "time": "Sat Jul 30 01:57:38 +0000 2016"}
{"polarity": 0.0, "location": "New York, NY", "sentiment": "neutral", "time": "Sat Jul 30 01:57:39 +0000 2016"}
{"polarity": 0.0, "location": "Phoenix, AZ", "sentiment": "neutral", "time": "Sat Jul 30 01:57:49 +0000 2016"}
{"polarity": 0.0, "location": "San Diego, CA", "sentiment": "neutral", "time": "Sat Jul 30 01:57:57 +0000 2016"}
{"polarity": 0.10000000000000002, "location": "Seattle, WA", "sentiment": "positive", "time": "Sat Jul 30 01:26:07 +0000 2016"}
{"polarity": 0.128125, "location": "Orlando, FL", "sentiment": "positive", "time": "Sat Jul 30 01:26:09 +0000 2016"}
{"polarity": 0.8, "location": "Atlanta, GA", "sentiment": "positive", "time": "Sat Jul 30 01:26:12 +0000 2016"}
{"polarity": -0.3, "location": "San Diego, CA", "sentiment": "negative", "time": "Sat Jul 30 01:26:13 +0000 2016"}
{"polarity": -0.05, "location": "Portland, OR", "sentiment": "negative", "time": "Sat Jul 30 01:26:26 +0000 2016"}
{"polarity": 0.375, "location": "San Diego, CA", "sentiment": "positive", "time": "Sat Jul 30 01:26:44 +0000 2016"}
{"polarity": 0.0, "location": "Portland, OR", "sentiment": "neutral", "time": "Sat Jul 30 01:26:46 +0000 2016"}
{"polarity": 0.0, "location": "Atlanta, GA", "sentiment": "neutral", "time": "Sat Jul 30 01:26:51 +0000 2016"}
{"polarity": 0.0, "location": "Atlanta, GA", "sentiment": "neutral", "time": "Sat Jul 30 01:58:02 +0000 2016"}
{"polarity": 0.0, "location": "New York, NY", "sentiment": "neutral", "time": "Sat Jul 30 01:58:09 +0000 2016"}
{"polarity": 0.25, "location": "Seattle, WA", "sentiment": "positive", "time": "Sat Jul 30 01:58:17 +0000 2016"}
{"polarity": -0.3888888888888889, "location": "Orlando, FL", "sentiment": "negative", "time": "Sat Jul 30 01:58:23 +0000 2016"}
{"polarity": 0.4, "location": "New York, NY", "sentiment": "positive", "time": "Sat Jul 30 01:58:24 +0000 2016"}
{"polarity": -0.3875, "location": "Phoenix, AZ", "sentiment": "negative", "time": "Sat Jul 30 01:58:27 +0000 2016"}
{"polarity": 0.0, "location": "Orlando, FL", "sentiment": "neutral", "time": "Sat Jul 30 01:58:34 +0000 2016"}
{"polarity": 0.15, "location": "Atlanta, GA", "sentiment": "positive", "time": "Sat Jul 30 01:58:41 +0000 2016"}
{"polarity": 0.0, "location": "Seattle, WA", "sentiment": "neutral", "time": "Sat Jul 30 01:58:42 +0000 2016"}
{"polarity": 0.0, "location": "Phoenix, AZ", "sentiment": "neutral", "time": "Sat Jul 30 01:58:49 +0000 2016"}
{"polarity": -0.2, "location": "Atlanta, GA", "sentiment": "negative", "time": "Sat Jul 30 01:58:51 +0000 2016"}
{"polarity": 1.0, "location": "Orlando, FL", "sentiment": "positive", "time": "Sat Jul 30 01:42:13 +0000 2016"}
{"polarity": -1.0, "location": "Orlando, FL", "sentiment": "negative", "time": "Sat Jul 30 01:42:14 +0000 2016"}
{"polarity": 0.9375, "location": "Boston, MA", "sentiment": "positive", "time": "Sat Jul 30 01:42:16 +0000 2016"}
{"polarity": 0.5, "location": "Boston, MA", "sentiment": "positive", "time": "Sat Jul 30 01:42:21 +0000 2016"}
{"polarity": 0.2, "location": "New York, NY", "sentiment": "positive", "time": "Sat Jul 30 01:42:26 +0000 2016"}
{"polarity": -0.6, "location": "Atlanta, GA", "sentiment": "negative", "time": "Sat Jul 30 01:42:28 +0000 2016"}
{"polarity": 0.0, "location": "Atlanta, GA", "sentiment": "neutral", "time": "Sat Jul 30 01:42:32 +0000 2016"}
{"polarity": 0.0, "location": "Atlanta, GA", "sentiment": "neutral", "time": "Sat Jul 30 01:42:37 +0000 2016"}
{"polarity": -0.8, "location": "Atlanta, GA", "sentiment": "negative", "time": "Sat Jul 30 01:42:39 +0000 2016"}
{"polarity": 0.0, "location": "Orlando, FL", "sentiment": "neutral", "time": "Sat Jul 30 01:42:45 +0000 2016"}
{"polarity": 0.35, "location": "San Diego, CA", "sentiment": "positive", "time": "Sat Jul 30 01:42:47 +0000 2016"}
{"polarity": 0.0, "location": "Orlando, FL", "sentiment": "neutral", "time": "Sat Jul 30 01:50:03 +0000 2016"}
{"polarity": 0.0, "location": "Seattle, WA", "sentiment": "neutral", "time": "Sat Jul 30 01:50:16 +0000 2016"}
{"polarity": 0.0, "location": "New York, NY", "sentiment": "neutral", "time": "Sat Jul 30 01:50:27 +0000 2016"}
{"polarity": -0.25, "location": "Seattle, WA", "sentiment": "negative", "time": "Sat Jul 30 01:50:36 +0000 2016"}
{"polarity": 0.0, "location": "Atlanta, GA", "sentiment": "neutral", "time": "Sat Jul 30 01:50:36 +0000 2016"}
{"polarity": 0.25, "location": "St. Louis, MO", "sentiment": "positive", "time": "Sat Jul 30 01:50:46 +0000 2016"}
{"polarity": 0.2, "location": "Atlanta, GA", "sentiment": "positive", "time": "Sat Jul 30 01:50:47 +0000 2016"}
{"polarity": 0.0, "location": "Atlanta, GA", "sentiment": "neutral", "time": "Sat Jul 30 01:15:06 +0000 2016"}
{"polarity": 0.0, "location": "New York, NY", "sentiment": "neutral", "time": "Sat Jul 30 01:15:08 +0000 2016"}
{"polarity": 0.0, "location": "Portland, OR", "sentiment": "neutral", "time": "Sat Jul 30 01:15:13 +0000 2016"}
{"polarity": 0.325, "location": "Orlando, FL", "sentiment": "positive", "time": "Sat Jul 30 01:15:16 +0000 2016"}
{"polarity": 0.25, "location": "San Diego, CA", "sentiment": "positive", "time": "Sat Jul 30 01:15:17 +0000 2016"}
{"polarity": 0.0, "location": "Seattle, WA", "sentiment": "neutral", "time": "Sat Jul 30 01:15:18 +0000 2016"}
{"polarity": 0.0, "location": "San Diego, CA", "sentiment": "neutral", "time": "Sat Jul 30 01:15:21 +0000 2016"}
{"polarity": 0.13, "location": "Atlanta, GA", "sentiment": "positive", "time": "Sat Jul 30 01:15:25 +0000 2016"}
{"polarity": -0.17142857142857146, "location": "San Diego, CA", "sentiment": "negative", "time": "Sat Jul 30 01:15:29 +0000 2016"}
{"polarity": 0.0, "location": "Boston, MA", "sentiment": "neutral", "time": "Sat Jul 30 01:15:32 +0000 2016"}
{"polarity": 0.0, "location": "Phoenix, AZ", "sentiment": "neutral", "time": "Sat Jul 30 01:15:40 +0000 2016"}
{"polarity": 0.07500000000000001, "location": "New York, NY", "sentiment": "positive", "time": "Sat Jul 30 01:15:46 +0000 2016"}
{"polarity": -0.10416666666666667, "location": "Portland, OR", "sentiment": "negative", "time": "Sat Jul 30 01:15:55 +0000 2016"}
{"polarity": 0.0, "location": "New York, NY", "sentiment": "neutral", "time": "Sat Jul 30 01:38:04 +0000 2016"}
{"polarity": 0.0, "location": "San Diego, CA", "sentiment": "neutral", "time": "Sat Jul 30 01:38:18 +0000 2016"}
{"polarity": 0.0, "location": "Seattle, WA", "sentiment": "neutral", "time": "Sat Jul 30 01:38:25 +0000 2016"}
{"polarity": 0.0, "location": "Orlando, FL", "sentiment": "neutral", "time": "Sat Jul 30 01:38:42 +0000 2016"}
{"polarity": 0.0, "location": "New York, NY", "sentiment": "neutral", "time": "Sat Jul 30 01:38:45 +0000 2016"}
{"polarity": -0.05, "location": "Phoenix, AZ", "sentiment": "negative", "time": "Sat Jul 30 01:38:48 +0000 2016"}
{"polarity": 0.5, "location": "New York, NY", "sentiment": "positive", "time": "Sat Jul 30 01:38:49 +0000 2016"}
{"polarity": 0.0, "location": "Orlando, FL", "sentiment": "neutral", "time": "Sat Jul 30 01:21:02 +0000 2016"}
{"polarity": 0.0, "location": "Atlanta, GA", "sentiment": "neutral", "time": "Sat Jul 30 01:21:05 +0000 2016"}
{"polarity": 0.0, "location": "Atlanta, GA", "sentiment": "neutral", "time": "Sat Jul 30 01:21:07 +0000 2016"}
{"polarity": 0.0, "location": "New York, NY", "sentiment": "neutral", "time": "Sat Jul 30 01:21:12 +0000 2016"}
{"polarity": 0.425, "location": "Seattle, WA", "sentiment": "positive", "time": "Sat Jul 30 01:21:13 +0000 2016"}
{"polarity": 0.5, "location": "Orlando, FL", "sentiment": "positive", "time": "Sat Jul 30 01:21:14 +0000 2016"}
{"polarity": 0.0, "location": "Atlanta, GA", "sentiment": "neutral", "time": "Sat Jul 30 01:21:18 +0000 2016"}
{"polarity": 0.0, "location": "New York, NY", "sentiment": "neutral", "time": "Sat Jul 30 01:21:32 +0000 2016"}
{"polarity": 0.0, "location": "Atlanta, GA", "sentiment": "neutral", "time": "Sat Jul 30 01:21:45 +0000 2016"}
{"polarity": 0.0, "location": "San Diego, CA", "sentiment": "neutral", "time": "Sat Jul 30 01:21:58 +0000 2016"}
{"polarity": 0.0, "location": "Atlanta, GA", "sentiment": "neutral", "time": "Sat Jul 30 01:17:03 +0000 2016"}
{"polarity": 0.0, "location": "Orlando, FL", "sentiment": "neutral", "time": "Sat Jul 30 01:17:03 +0000 2016"}
{"polarity": 0.0, "location": "Portland, OR", "sentiment": "neutral", "time": "Sat Jul 30 01:17:09 +0000 2016"}
{"polarity": 0.0, "location": "Atlanta, GA", "sentiment": "neutral", "time": "Sat Jul 30 01:17:09 +0000 2016"}
{"polarity": 0.0, "location": "Atlanta, GA", "sentiment": "neutral", "time": "Sat Jul 30 01:17:15 +0000 2016"}
{"polarity": 0.3416666666666666, "location": "St. Louis, MO", "sentiment": "positive", "time": "Sat Jul 30 01:17:32 +0000 2016"}
{"polarity": 0.0, "location": "New York, NY", "sentiment": "neutral", "time": "Sat Jul 30 01:17:36 +0000 2016"}
{"polarity": 0.0, "location": "Atlanta, GA", "sentiment": "neutral", "time": "Sat Jul 30 01:17:38 +0000 2016"}
{"polarity": 0.0, "location": "New York, NY", "sentiment": "neutral", "time": "Sat Jul 30 01:17:39 +0000 2016"}
{"polarity": 0.0, "location": "Seattle, WA", "sentiment": "neutral", "time": "Sat Jul 30 01:17:50 +0000 2016"}
{"polarity": 0.35714285714285715, "location": "Orlando, FL", "sentiment": "positive", "time": "Sat Jul 30 01:12:13 +0000 2016"}
{"polarity": 0.0, "location": "Phoenix, AZ", "sentiment": "neutral", "time": "Sat Jul 30 01:12:39 +0000 2016"}
{"polarity": 0.296875, "location": "Seattle, WA", "sentiment": "positive", "time": "Sat Jul 30 01:12:41 +0000 2016"}
{"polarity": -0.125, "location": "New York, NY", "sentiment": "negative", "time": "Sat Jul 30 01:12:49 +0000 2016"}
{"polarity": -0.125, "location": "Orlando, FL", "sentiment": "negative", "time": "Sat Jul 30 01:12:50 +0000 2016"}
{"polarity": 0.5, "location": "Seattle, WA", "sentiment": "positive", "time": "Sat Jul 30 01:12:54 +0000 2016"}
{"polarity": 0.0, "location": "New York, NY", "sentiment": "neutral", "time": "Sat Jul 30 01:12:59 +0000 2016"}
{"polarity": -0.18181818181818182, "location": "Atlanta, GA", "sentiment": "negative", "time": "Sat Jul 30 01:12:59 +0000 2016"}
{"polarity": 0.0, "location": "Boston, MA", "sentiment": "neutral", "time": "Sat Jul 30 01:29:02 +0000 2016"}
{"polarity": 0.0, "location": "San Diego, CA", "sentiment": "neutral", "time": "Sat Jul 30 01:29:08 +0000 2016"}
{"polarity": 0.4, "location": "San Diego, CA", "sentiment": "positive", "time": "Sat Jul 30 01:29:12 +0000 2016"}
{"polarity": 0.0, "location": "Seattle, WA", "sentiment": "neutral", "time": "Sat Jul 30 01:29:18 +0000 2016"}
{"polarity": 0.0, "location": "Orlando, FL", "sentiment": "neutral", "time": "Sat Jul 30 01:29:46 +0000 2016"}
{"polarity": 0.8, "location": "Atlanta, GA", "sentiment": "positive", "time": "Sat Jul 30 01:29:47 +0000 2016"}
{"polarity": -0.1, "location": "New York, NY", "sentiment": "negative", "time": "Sat Jul 30 01:29:55 +0000 2016"}
{"polarity": 0.0, "location": "Orlando, FL", "sentiment": "neutral", "time": "Sat Jul 30 01:29:59 +0000 2016"}
{"polarity": 0.0, "location": "Atlanta, GA", "sentiment": "neutral", "time": "Sat Jul 30 01:18:02 +0000 2016"}
{"polarity": -0.11590909090909088, "location": "Boston, MA", "sentiment": "negative", "time": "Sat Jul 30 01:18:03 +0000 2016"}
{"polarity": 0.0, "location": "Seattle, WA", "sentiment": "neutral", "time": "Sat Jul 30 01:18:07 +0000 2016"}
{"polarity": 0.0, "location": "Phoenix, AZ", "sentiment": "neutral", "time": "Sat Jul 30 01:18:27 +0000 2016"}
{"polarity": 0.0, "location": "Seattle, WA", "sentiment": "neutral", "time": "Sat Jul 30 01:18:30 +0000 2016"}
{"polarity": 0.0, "location": "Seattle, WA", "sentiment": "neutral", "time": "Sat Jul 30 01:18:33 +0000 2016"}
{"polarity": 0.8, "location": "New York, NY", "sentiment": "positive", "time": "Sat Jul 30 01:18:44 +0000 2016"}
{"polarity": 0.04999999999999999, "location": "St. Louis, MO", "sentiment": "positive", "time": "Sat Jul 30 01:18:53 +0000 2016"}
{"polarity": 0.0, "location": "Boston, MA", "sentiment": "neutral", "time": "Sat Jul 30 01:46:09 +0000 2016"}
{"polarity": 0.13636363636363635, "location": "Phoenix, AZ", "sentiment": "positive", "time": "Sat Jul 30 01:46:41 +0000 2016"}
{"polarity": 0.0, "location": "New York, NY", "sentiment": "neutral", "time": "Sat Jul 30 01:46:43 +0000 2016"}
{"polarity": 0.3875, "location": "New York, NY", "sentiment": "positive", "time": "Sat Jul 30 01:46:46 +0000 2016"}
{"polarity": 0.25, "location": "Atlanta, GA", "sentiment": "positive", "time": "Sat Jul 30 01:46:56 +0000 2016"}
{"polarity": 0.0, "location": "Atlanta, GA", "sentiment": "neutral", "time": "Sat Jul 30 01:46:56 +0000 2016"}
{"polarity": 0.5681818181818181, "location": "New York, NY", "sentiment": "positive", "time": "Sat Jul 30 01:00:01 +0000 2016"}
{"polarity": 0.7, "location": "San Diego, CA", "sentiment": "positive", "time": "Sat Jul 30 01:00:03 +0000 2016"}
{"polarity": 0.0, "location": "St. Louis, MO", "sentiment": "neutral", "time": "Sat Jul 30 01:00:19 +0000 2016"}
{"polarity": -0.25, "location": "Atlanta, GA", "sentiment": "negative", "time": "Sat Jul 30 01:00:21 +0000 2016"}
{"polarity": 0.0, "location": "Atlanta, GA", "sentiment": "neutral", "time": "Sat Jul 30 01:00:24 +0000 2016"}
{"polarity": 0.0, "location": "Orlando, FL", "sentiment": "neutral", "time": "Sat Jul 30 01:00:28 +0000 2016"}
{"polarity": 0.390625, "location": "Portland, OR", "sentiment": "positive", "time": "Sat Jul 30 01:00:31 +0000 2016"}
{"polarity": 0.8, "location": "Seattle, WA", "sentiment": "positive", "time": "Sat Jul 30 01:00:32 +0000 2016"}
{"polarity": 0.0, "location": "New York, NY", "sentiment": "neutral", "time": "Sat Jul 30 01:00:50 +0000 2016"}
{"polarity": 0.375, "location": "San Diego, CA", "sentiment": "positive", "time": "Sat Jul 30 01:00:57 +0000 2016"}
{"polarity": -0.19999999999999996, "location": "Atlanta, GA", "sentiment": "negative", "time": "Sat Jul 30 01:00:59 +0000 2016"}
{"polarity": 0.30000000000000004, "location": "Phoenix, AZ", "sentiment": "positive", "time": "Sat Jul 30 01:34:10 +0000 2016"}
{"polarity": 0.0, "location": "Atlanta, GA", "sentiment": "neutral", "time": "Sat Jul 30 01:34:22 +0000 2016"}
{"polarity": 0.04999999999999999, "location": "New York, NY", "sentiment": "positive", "time": "Sat Jul 30 01:34:23 +0000 2016"}
{"polarity": 0.2, "location": "Phoenix, AZ", "sentiment": "positive", "time": "Sat Jul 30 01:34:24 +0000 2016"}
{"polarity": 0.0, "location": "Boston, MA", "sentiment": "neutral", "time": "Sat Jul 30 01:34:41 +0000 2016"}
{"polarity": 0.0, "location": "Phoenix, AZ", "sentiment": "neutral", "time": "Sat Jul 30 01:34:42 +0000 2016"}
{"polarity": 0.0, "location": "Phoenix, AZ", "sentiment": "neutral", "time": "Sat Jul 30 01:34:45 +0000 2016"}
{"polarity": 0.2681818181818182, "location": "Portland, OR", "sentiment": "positive", "time": "Sat Jul 30 01:34:47 +0000 2016"}
{"polarity": 1.0, "location": "Seattle, WA", "sentiment": "positive", "time": "Sat Jul 30 01:05:00 +0000 2016"}
{"polarity": 0.5, "location": "Phoenix, AZ", "sentiment": "positive", "time": "Sat Jul 30 01:05:02 +0000 2016"}
{"polarity": 0.3, "location": "St. Louis, MO", "sentiment": "positive", "time": "Sat Jul 30 01:05:07 +0000 2016"}
{"polarity": 0.5, "location": "Atlanta, GA", "sentiment": "positive", "time": "Sat Jul 30 01:05:08 +0000 2016"}
{"polarity": 0.4, "location": "Portland, OR", "sentiment": "positive", "time": "Sat Jul 30 01:05:10 +0000 2016"}
{"polarity": 0.0, "location": "San Diego, CA", "sentiment": "neutral", "time": "Sat Jul 30 01:05:18 +0000 2016"}
{"polarity": 0.0, "location": "New York, NY", "sentiment": "neutral", "time": "Sat Jul 30 01:05:26 +0000 2016"}
{"polarity": 0.0, "location": "Boston, MA", "sentiment": "neutral", "time": "Sat Jul 30 01:05:34 +0000 2016"}
{"polarity": 0.0, "location": "Atlanta, GA", "sentiment": "neutral", "time": "Sat Jul 30 01:05:36 +0000 2016"}
{"polarity": 0.0, "location": "Orlando, FL", "sentiment": "neutral", "time": "Sat Jul 30 01:05:42 +0000 2016"}
{"polarity": -0.008333333333333285, "location": "Phoenix, AZ", "sentiment": "negative", "time": "Sat Jul 30 01:05:51 +0000 2016"}
{"polarity": 0.0, "location": "Atlanta, GA", "sentiment": "neutral", "time": "Sat Jul 30 01:05:54 +0000 2016"}
{"polarity": 0.0, "location": "San Diego, CA", "sentiment": "neutral", "time": "Sat Jul 30 01:05:57 +0000 2016"}
{"polarity": 0.0, "location": "Atlanta, GA", "sentiment": "neutral", "time": "Sat Jul 30 01:11:01 +0000 2016"}
{"polarity": 0.0, "location": "Atlanta, GA", "sentiment": "neutral", "time": "Sat Jul 30 01:11:09 +0000 2016"}
{"polarity": 0.35, "location": "New York, NY", "sentiment": "positive", "time": "Sat Jul 30 01:11:12 +0000 2016"}
{"polarity": 0.0, "location": "Atlanta, GA", "sentiment": "neutral", "time": "Sat Jul 30 01:11:27 +0000 2016"}
{"polarity": 0.0, "location": "New York, NY", "sentiment": "neutral", "time": "Sat Jul 30 01:11:28 +0000 2016"}
{"polarity": -0.9, "location": "San Diego, CA", "sentiment": "negative", "time": "Sat Jul 30 01:11:37 +0000 2016"}
{"polarity": -0.1, "location": "Atlanta, GA", "sentiment": "negative", "time": "Sat Jul 30 01:11:53 +0000 2016"}
{"polarity": 0.0, "location": "Seattle, WA", "sentiment": "neutral", "time": "Sat Jul 30 01:11:55 +0000 2016"}
{"polarity": 0.0, "location": "Atlanta, GA", "sentiment": "neutral", "time": "Sat Jul 30 01:11:55 +0000 2016"}
{"polarity": -0.2, "location": "Boston, MA", "sentiment": "negative", "time": "Sat Jul 30 01:11:59 +0000 2016"}
{"polarity": 1.0, "location": "Boston, MA", "sentiment": "positive", "time": "Sat Jul 30 01:56:09 +0000 2016"}
{"polarity": 0.0, "location": "Atlanta, GA", "sentiment": "neutral", "time": "Sat Jul 30 01:56:13 +0000 2016"}
{"polarity": -0.75, "location": "New York, NY", "sentiment": "negative", "time": "Sat Jul 30 01:56:17 +0000 2016"}
{"polarity": 0.0, "location": "Phoenix, AZ", "sentiment": "neutral", "time": "Sat Jul 30 01:56:17 +0000 2016"}
{"polarity": 0.0, "location": "Atlanta, GA", "sentiment": "neutral", "time": "Sat Jul 30 01:56:27 +0000 2016"}
{"polarity": 0.8, "location": "St. Louis, MO", "sentiment": "positive", "time": "Sat Jul 30 01:56:28 +0000 2016"}
{"polarity": 0.0, "location": "Orlando, FL", "sentiment": "neutral", "time": "Sat Jul 30 01:56:48 +0000 2016"}
{"polarity": 0.0, "location": "Portland, OR", "sentiment": "neutral", "time": "Sat Jul 30 01:56:50 +0000 2016"}
{"polarity": 0.0, "location": "Portland, OR", "sentiment": "neutral", "time": "Sat Jul 30 01:47:07 +0000 2016"}
{"polarity": 0.0, "location": "Orlando, FL", "sentiment": "neutral", "time": "Sat Jul 30 01:47:13 +0000 2016"}
{"polarity": 0.0, "location": "New York, NY", "sentiment": "neutral", "time": "Sat Jul 30 01:47:16 +0000 2016"}
{"polarity": -0.625, "location": "Atlanta, GA", "sentiment": "negative", "time": "Sat Jul 30 01:47:25 +0000 2016"}
{"polarity": 0.0, "location": "New York, NY", "sentiment": "neutral", "time": "Sat Jul 30 01:47:28 +0000 2016"}
{"polarity": -0.35000000000000003, "location": "San Diego, CA", "sentiment": "negative", "time": "Sat Jul 30 01:47:42 +0000 2016"}
{"polarity": 0.5, "location": "Phoenix, AZ", "sentiment": "positive", "time": "Sat Jul 30 01:47:43 +0000 2016"}
{"polarity": 0.0, "location": "Orlando, FL", "sentiment": "neutral", "time": "Sat Jul 30 01:47:45 +0000 2016"}
{"polarity": -1.0, "location": "Seattle, WA", "sentiment": "negative", "time": "Sat Jul 30 01:47:57 +0000 2016"}
{"polarity": 0.15000000000000002, "location": "Phoenix, AZ", "sentiment": "positive", "time": "Sat Jul 30 01:52:21 +0000 2016"}
{"polarity": 0.4, "location": "Atlanta, GA", "sentiment": "positive", "time": "Sat Jul 30 01:52:23 +0000 2016"}
{"polarity": 0.0, "location": "Boston, MA", "sentiment": "neutral", "time": "Sat Jul 30 01:52:26 +0000 2016"}
{"polarity": 0.2, "location": "Orlando, FL", "sentiment": "positive", "time": "Sat Jul 30 01:52:26 +0000 2016"}
{"polarity": 0.0625, "location": "Atlanta, GA", "sentiment": "positive", "time": "Sat Jul 30 01:52:38 +0000 2016"}
{"polarity": 0.13636363636363635, "location": "Phoenix, AZ", "sentiment": "positive", "time": "Sat Jul 30 01:52:38 +0000 2016"}
{"polarity": 0.35, "location": "San Diego, CA", "sentiment": "positive", "time": "Sat Jul 30 01:52:48 +0000 2016"}
{"polarity": 0.0, "location": "San Diego, CA", "sentiment": "neutral", "time": "Sat Jul 30 01:53:07 +0000 2016"}
{"polarity": 1.0, "location": "Phoenix, AZ", "sentiment": "positive", "time": "Sat Jul 30 01:53:10 +0000 2016"}
{"polarity": 0.5, "location": "Orlando, FL", "sentiment": "positive", "time": "Sat Jul 30 01:53:12 +0000 2016"}
{"polarity": 0.15833333333333335, "location": "Atlanta, GA", "sentiment": "positive", "time": "Sat Jul 30 01:53:15 +0000 2016"}
{"polarity": 0.0, "location": "San Diego, CA", "sentiment": "neutral", "time": "Sat Jul 30 01:53:18 +0000 2016"}
{"polarity": 0.15000000000000002, "location": "Portland, OR", "sentiment": "positive", "time": "Sat Jul 30 01:53:19 +0000 2016"}
{"polarity": 0.0, "location": "Portland, OR", "sentiment": "neutral", "time": "Sat Jul 30 01:53:29 +0000 2016"}
{"polarity": 0.0, "location": "Atlanta, GA", "sentiment": "neutral", "time": "Sat Jul 30 01:53:33 +0000 2016"}
{"polarity": -0.4, "location": "New York, NY", "sentiment": "negative", "time": "Sat Jul 30 01:53:34 +0000 2016"}
{"polarity": 0.5599999999999999, "location": "New York, NY", "sentiment": "positive", "time": "Sat Jul 30 01:53:40 +0000 2016"}
{"polarity": 0.0, "location": "New York, NY", "sentiment": "neutral", "time": "Sat Jul 30 01:53:42 +0000 2016"}
{"polarity": 0.0, "location": "New York, NY", "sentiment": "neutral", "time": "Sat Jul 30 01:53:48 +0000 2016"}
{"polarity": 0.5, "location": "Portland, OR", "sentiment": "positive", "time": "Sat Jul 30 01:02:08 +0000 2016"}
{"polarity": 0.0, "location": "Boston, MA", "sentiment": "neutral", "time": "Sat Jul 30 01:02:18 +0000 2016"}
{"polarity": 0.0, "location": "San Diego, CA", "sentiment": "neutral", "time": "Sat Jul 30 01:02:25 +0000 2016"}
{"polarity": -0.15738636363636366, "location": "St. Louis, MO", "sentiment": "negative", "time": "Sat Jul 30 01:02:28 +0000 2016"}
{"polarity": -0.5, "location": "Phoenix, AZ", "sentiment": "negative", "time": "Sat Jul 30 01:02:30 +0000 2016"}
{"polarity": 0.0, "location": "Seattle, WA", "sentiment": "neutral", "time": "Sat Jul 30 01:02:32 +0000 2016"}
{"polarity": -0.16666666666666666, "location": "Atlanta, GA", "sentiment": "negative", "time": "Sat Jul 30 01:02:51 +0000 2016"}
{"polarity": 0.0, "location": "Boston, MA", "sentiment": "neutral", "time": "Sat Jul 30 01:02:54 +0000 2016"}
{"polarity": 0.0, "location": "Atlanta, GA", "sentiment": "neutral", "time": "Sat Jul 30 01:02:56 +0000 2016"}
{"polarity": 0.13636363636363635, "location": "Phoenix, AZ", "sentiment": "positive", "time": "Sat Jul 30 01:48:02 +0000 2016"}
{"polarity": 0.3333333333333333, "location": "Portland, OR", "sentiment": "positive", "time": "Sat Jul 30 01:48:13 +0000 2016"}
{"polarity": 0.0, "location": "San Diego, CA", "sentiment": "neutral", "time": "Sat Jul 30 01:48:13 +0000 2016"}
{"polarity": 0.0, "location": "San Diego, CA", "sentiment": "neutral", "time": "Sat Jul 30 01:48:20 +0000 2016"}
{"polarity": 0.0, "location": "Seattle, WA", "sentiment": "neutral", "time": "Sat Jul 30 01:48:23 +0000 2016"}
{"polarity": 0.4, "location": "Portland, OR", "sentiment": "positive", "time": "Sat Jul 30 01:48:28 +0000 2016"}
{"polarity": 0.0, "location": "Atlanta, GA", "sentiment": "neutral", "time": "Sat Jul 30 01:48:40 +0000 2016"}
{"polarity": 0.0, "location": "New York, NY", "sentiment": "neutral", "time": "Sat Jul 30 01:25:00 +0000 2016"}
{"polarity": 0.0, "location": "Orlando, FL", "sentiment": "neutral", "time": "Sat Jul 30 01:25:14 +0000 2016"}
{"polarity": 0.09999999999999999, "location": "Seattle, WA", "sentiment": "positive", "time": "Sat Jul 30 01:25:17 +0000 2016"}
{"polarity": 0.0, "location": "Atlanta, GA", "sentiment": "neutral", "time": "Sat Jul 30 01:25:24 +0000 2016"}
{"polarity": 0.0, "location": "Orlando, FL", "sentiment": "neutral", "time": "Sat Jul 30 01:25:32 +0000 2016"}
{"polarity": 0.35, "location": "Boston, MA", "sentiment": "positive", "time": "Sat Jul 30 01:25:33 +0000 2016"}
{"polarity": 0.0, "location": "Boston, MA", "sentiment": "neutral", "time": "Sat Jul 30 01:25:58 +0000 2016"}
{"polarity": 0.0, "location": "Phoenix, AZ", "sentiment": "neutral", "time": "Sat Jul 30 01:16:05 +0000 2016"}
{"polarity": 0.0, "location": "Atlanta, GA", "sentiment": "neutral", "time": "Sat Jul 30 01:16:59 +0000 2016"}
{"polarity": 0.0, "location": "Boston, MA", "sentiment": "neutral", "time": "Sat Jul 30 01:14:11 +0000 2016"}
{"polarity": 0.125, "location": "Seattle, WA", "sentiment": "positive", "time": "Sat Jul 30 01:14:17 +0000 2016"}
{"polarity": 0.0, "location": "Boston, MA", "sentiment": "neutral", "time": "Sat Jul 30 01:14:24 +0000 2016"}
{"polarity": 0.0, "location": "New York, NY", "sentiment": "neutral", "time": "Sat Jul 30 01:14:30 +0000 2016"}
{"polarity": 0.0, "location": "Seattle, WA", "sentiment": "neutral", "time": "Sat Jul 30 01:14:49 +0000 2016"}
{"polarity": -0.5, "location": "Orlando, FL", "sentiment": "negative", "time": "Sat Jul 30 01:23:02 +0000 2016"}
{"polarity": 0.0, "location": "San Diego, CA", "sentiment": "neutral", "time": "Sat Jul 30 01:23:02 +0000 2016"}
{"polarity": 0.0, "location": "St. Louis, MO", "sentiment": "neutral", "time": "Sat Jul 30 01:23:16 +0000 2016"}
{"polarity": 0.1, "location": "Boston, MA", "sentiment": "positive", "time": "Sat Jul 30 01:23:22 +0000 2016"}
{"polarity": -0.3125, "location": "Boston, MA", "sentiment": "negative", "time": "Sat Jul 30 01:23:25 +0000 2016"}
{"polarity": 0.0, "location": "Atlanta, GA", "sentiment": "neutral", "time": "Sat Jul 30 01:23:31 +0000 2016"}
{"polarity": 0.6, "location": "Atlanta, GA", "sentiment": "positive", "time": "Sat Jul 30 01:23:34 +0000 2016"}
{"polarity": 0.0, "location": "Seattle, WA", "sentiment": "neutral", "time": "Sat Jul 30 01:23:35 +0000 2016"}
{"polarity": 0.0, "location": "Atlanta, GA", "sentiment": "neutral", "time": "Sat Jul 30 01:23:45 +0000 2016"}
{"polarity": 0.5, "location": "Phoenix, AZ", "sentiment": "positive", "time": "Sat Jul 30 01:23:59 +0000 2016"}
{"polarity": 0.6, "location": "San Diego, CA", "sentiment": "positive", "time": "Sat Jul 30 01:07:13 +0000 2016"}
{"polarity": -0.625, "location": "Atlanta, GA", "sentiment": "negative", "time": "Sat Jul 30 01:07:13 +0000 2016"}
{"polarity": 0.0, "location": "Boston, MA", "sentiment": "neutral", "time": "Sat Jul 30 01:07:27 +0000 2016"}
{"polarity": 0.0, "location": "New York, NY", "sentiment": "neutral", "time": "Sat Jul 30 01:07:29 +0000 2016"}
{"polarity": 0.0, "location": "New York, NY", "sentiment": "neutral", "time": "Sat Jul 30 01:07:31 +0000 2016"}
{"polarity": -0.6999999999999998, "location": "Atlanta, GA", "sentiment": "negative", "time": "Sat Jul 30 01:07:33 +0000 2016"}
{"polarity": 0.8, "location": "Phoenix, AZ", "sentiment": "positive", "time": "Sat Jul 30 01:07:40 +0000 2016"}
{"polarity": -0.125, "location": "San Diego, CA", "sentiment": "negative", "time": "Sat Jul 30 01:07:46 +0000 2016"}
{"polarity": -0.5, "location": "Seattle, WA", "sentiment": "negative", "time": "Sat Jul 30 01:07:55 +0000 2016"}
{"polarity": 0.4083333333333334, "location": "Seattle, WA", "sentiment": "positive", "time": "Sat Jul 30 01:07:56 +0000 2016"}
{"polarity": 0.0, "location": "Phoenix, AZ", "sentiment": "neutral", "time": "Sat Jul 30 01:07:57 +0000 2016"}
{"polarity": 0.375, "location": "New York, NY", "sentiment": "positive", "time": "Sat Jul 30 01:51:31 +0000 2016"}
{"polarity": 0.7, "location": "Boston, MA", "sentiment": "positive", "time": "Sat Jul 30 01:51:33 +0000 2016"}
{"polarity": 0.0, "location": "New York, NY", "sentiment": "neutral", "time": "Sat Jul 30 01:51:34 +0000 2016"}
{"polarity": 0.0, "location": "Atlanta, GA", "sentiment": "neutral", "time": "Sat Jul 30 01:51:40 +0000 2016"}
{"polarity": 0.0, "location": "Atlanta, GA", "sentiment": "neutral", "time": "Sat Jul 30 01:51:40 +0000 2016"}
{"polarity": 0.0, "location": "New York, NY", "sentiment": "neutral", "time": "Sat Jul 30 01:51:53 +0000 2016"}
{"polarity": 0.10000000000000002, "location": "Seattle, WA", "sentiment": "positive", "time": "Sat Jul 30 01:30:35 +0000 2016"}
{"polarity": 0.3, "location": "Atlanta, GA", "sentiment": "positive", "time": "Sat Jul 30 01:30:39 +0000 2016"}
{"polarity": 0.3, "location": "St. Louis, MO", "sentiment": "positive", "time": "Sat Jul 30 01:30:39 +0000 2016"}
{"polarity": -0.7, "location": "San Diego, CA", "sentiment": "negative", "time": "Sat Jul 30 01:30:47 +0000 2016"}
{"polarity": 0.0, "location": "Atlanta, GA", "sentiment": "neutral", "time": "Sat Jul 30 01:30:55 +0000 2016"}
{"polarity": 0.1, "location": "New York, NY", "sentiment": "positive", "time": "Sat Jul 30 01:03:05 +0000 2016"}
{"polarity": 0.0, "location": "Boston, MA", "sentiment": "neutral", "time": "Sat Jul 30 01:03:11 +0000 2016"}
{"polarity": 0.8, "location": "Atlanta, GA", "sentiment": "positive", "time": "Sat Jul 30 01:03:19 +0000 2016"}
{"polarity": 0.0, "location": "Atlanta, GA", "sentiment": "neutral", "time": "Sat Jul 30 01:03:20 +0000 2016"}
{"polarity": 0.0, "location": "New York, NY", "sentiment": "neutral", "time": "Sat Jul 30 01:03:22 +0000 2016"}
{"polarity": 0.0, "location": "Atlanta, GA", "sentiment": "neutral", "time": "Sat Jul 30 01:03:28 +0000 2016"}
{"polarity": -0.0625, "location": "San Diego, CA", "sentiment": "negative", "time": "Sat Jul 30 01:03:40 +0000 2016"}
{"polarity": 0.5, "location": "Seattle, WA", "sentiment": "positive", "time": "Sat Jul 30 01:03:51 +0000 2016"}
{"polarity": -0.15555555555555559, "location": "Orlando, FL", "sentiment": "negative", "time": "Sat Jul 30 01:03:51 +0000 2016"}
{"polarity": 0.2, "location": "Atlanta, GA", "sentiment": "positive", "time": "Sat Jul 30 01:03:51 +0000 2016"}
{"polarity": 0.6, "location": "New York, NY", "sentiment": "positive", "time": "Sat Jul 30 01:03:52 +0000 2016"}
{"polarity": 0.0, "location": "Atlanta, GA", "sentiment": "neutral", "time": "Sat Jul 30 01:03:59 +0000 2016"}
{"polarity": 0.0, "location": "New York, NY", "sentiment": "neutral", "time": "Sat Jul 30 01:40:06 +0000 2016"}
{"polarity": 0.7, "location": "St. Louis, MO", "sentiment": "positive", "time": "Sat Jul 30 01:40:17 +0000 2016"}
{"polarity": 0.0, "location": "Phoenix, AZ", "sentiment": "neutral", "time": "Sat Jul 30 01:40:19 +0000 2016"}
{"polarity": 0.0, "location": "New York, NY", "sentiment": "neutral", "time": "Sat Jul 30 01:40:30 +0000 2016"}
{"polarity": 0.175, "location": "New York, NY", "sentiment": "positive", "time": "Sat Jul 30 01:40:34 +0000 2016"}
{"polarity": 0.0, "location": "San Diego, CA", "sentiment": "neutral", "time": "Sat Jul 30 01:40:40 +0000 2016"}
{"polarity": -0.15555555555555559, "location": "Portland, OR", "sentiment": "negative", "time": "Sat Jul 30 01:40:45 +0000 2016"}
{"polarity": 0.0, "location": "Orlando, FL", "sentiment": "neutral", "time": "Sat Jul 30 01:40:46 +0000 2016"}
{"polarity": 0.0, "location": "San Diego, CA", "sentiment": "neutral", "time": "Sat Jul 30 01:40:48 +0000 2016"}
{"polarity": 0.0, "location": "New York, NY", "sentiment": "neutral", "time": "Sat Jul 30 01:40:50 +0000 2016"}
{"polarity": 0.0, "location": "Boston, MA", "sentiment": "neutral", "time": "Sat Jul 30 01:08:12 +0000 2016"}
{"polarity": 0.0, "location": "Atlanta, GA", "sentiment": "neutral", "time": "Sat Jul 30 01:08:14 +0000 2016"}
{"polarity": 0.15, "location": "Boston, MA", "sentiment": "positive", "time": "Sat Jul 30 01:08:17 +0000 2016"}
{"polarity": 0.0, "location": "San Diego, CA", "sentiment": "neutral", "time": "Sat Jul 30 01:08:20 +0000 2016"}
{"polarity": 0.0, "location": "Atlanta, GA", "sentiment": "neutral", "time": "Sat Jul 30 01:08:29 +0000 2016"}
{"polarity": 0.0, "location": "Orlando, FL", "sentiment": "neutral", "time": "Sat Jul 30 01:08:35 +0000 2016"}
{"polarity": 0.0, "location": "Boston, MA", "sentiment": "neutral", "time": "Sat Jul 30 01:08:48 +0000 2016"}
{"polarity": 0.4, "location": "New York, NY", "sentiment": "positive", "time": "Sat Jul 30 01:08:52 +0000 2016"}
{"polarity": 0.0, "location": "New York, NY", "sentiment": "neutral", "time": "Sat Jul 30 01:08:52 +0000 2016"}
{"polarity": 0.0, "location": "Seattle, WA", "sentiment": "neutral", "time": "Sat Jul 30 01:08:53 +0000 2016"}
{"polarity": 0.13636363636363635, "location": "Portland, OR", "sentiment": "positive", "time": "Sat Jul 30 01:35:00 +0000 2016"}
{"polarity": 0.0, "location": "Boston, MA", "sentiment": "neutral", "time": "Sat Jul 30 01:35:02 +0000 2016"}
{"polarity": 0.0, "location": "Atlanta, GA", "sentiment": "neutral", "time": "Sat Jul 30 01:35:03 +0000 2016"}
{"polarity": 0.0, "location": "Phoenix, AZ", "sentiment": "neutral", "time": "Sat Jul 30 01:35:03 +0000 2016"}
{"polarity": 0.25625, "location": "Atlanta, GA", "sentiment": "positive", "time": "Sat Jul 30 01:35:03 +0000 2016"}
{"polarity": 0.8, "location": "Atlanta, GA", "sentiment": "positive", "time": "Sat Jul 30 01:35:23 +0000 2016"}
{"polarity": 0.0, "location": "Seattle, WA", "sentiment": "neutral", "time": "Sat Jul 30 01:35:29 +0000 2016"}
{"polarity": 0.0, "location": "St. Louis, MO", "sentiment": "neutral", "time": "Sat Jul 30 01:35:40 +0000 2016"}
{"polarity": 0.0, "location": "New York, NY", "sentiment": "neutral", "time": "Sat Jul 30 01:35:41 +0000 2016"}
{"polarity": 0.0, "location": "Atlanta, GA", "sentiment": "neutral", "time": "Sat Jul 30 01:35:41 +0000 2016"}
{"polarity": 0.0, "location": "Atlanta, GA", "sentiment": "neutral", "time": "Sat Jul 30 01:35:55 +0000 2016"}
{"polarity": 0.13636363636363635, "location": "Portland, OR", "sentiment": "positive", "time": "Sat Jul 30 01:35:56 +0000 2016"}
{"polarity": 0.03333333333333333, "location": "Atlanta, GA", "sentiment": "positive", "time": "Sat Jul 30 01:43:04 +0000 2016"}
{"polarity": 0.0, "location": "San Diego, CA", "sentiment": "neutral", "time": "Sat Jul 30 01:43:10 +0000 2016"}
{"polarity": 0.25, "location": "New York, NY", "sentiment": "positive", "time": "Sat Jul 30 01:43:22 +0000 2016"}
{"polarity": 0.01874999999999999, "location": "New York, NY", "sentiment": "positive", "time": "Sat Jul 30 01:43:30 +0000 2016"}
{"polarity": 0.0, "location": "Orlando, FL", "sentiment": "neutral", "time": "Sat Jul 30 01:43:39 +0000 2016"}
{"polarity": 0.2, "location": "New York, NY", "sentiment": "positive", "time": "Sat Jul 30 01:43:42 +0000 2016"}
{"polarity": 0.0, "location": "New York, NY", "sentiment": "neutral", "time": "Sat Jul 30 01:43:47 +0000 2016"}
{"polarity": 0.0, "location": "New York, NY", "sentiment": "neutral", "time": "Sat Jul 30 01:43:55 +0000 2016"}
{"polarity": 0.7, "location": "Atlanta, GA", "sentiment": "positive", "time": "Sat Jul 30 01:10:04 +0000 2016"}
{"polarity": 0.0, "location": "Atlanta, GA", "sentiment": "neutral", "time": "Sat Jul 30 01:10:09 +0000 2016"}
{"polarity": 0.0, "location": "New York, NY", "sentiment": "neutral", "time": "Sat Jul 30 01:10:11 +0000 2016"}
{"polarity": -0.15357142857142858, "location": "Portland, OR", "sentiment": "negative", "time": "Sat Jul 30 01:10:13 +0000 2016"}
{"polarity": 0.3715909090909091, "location": "Orlando, FL", "sentiment": "positive", "time": "Sat Jul 30 01:10:16 +0000 2016"}
{"polarity": 0.0, "location": "Portland, OR", "sentiment": "neutral", "time": "Sat Jul 30 01:10:22 +0000 2016"}
{"polarity": 0.0, "location": "Portland, OR", "sentiment": "neutral", "time": "Sat Jul 30 01:10:27 +0000 2016"}
{"polarity": 0.0, "location": "San Diego, CA", "sentiment": "neutral", "time": "Sat Jul 30 01:10:33 +0000 2016"}
{"polarity": 1.0, "location": "New York, NY", "sentiment": "positive", "time": "Sat Jul 30 01:10:34 +0000 2016"}
{"polarity": 0.0, "location": "Atlanta, GA", "sentiment": "neutral", "time": "Sat Jul 30 01:10:39 +0000 2016"}
{"polarity": 0.0, "location": "Seattle, WA", "sentiment": "neutral", "time": "Sat Jul 30 01:10:40 +0000 2016"}
{"polarity": -0.5, "location": "Atlanta, GA", "sentiment": "negative", "time": "Sat Jul 30 01:10:51 +0000 2016"}
{"polarity": 0.35, "location": "Orlando, FL", "sentiment": "positive", "time": "Sat Jul 30 01:10:55 +0000 2016"}
{"polarity": 0.42500000000000004, "location": "Portland, OR", "sentiment": "positive", "time": "Sat Jul 30 01:10:58 +0000 2016"}
{"polarity": 0.0, "location": "New York, NY", "sentiment": "neutral", "time": "Sat Jul 30 01:54:03 +0000 2016"}
{"polarity": 0.0, "location": "New York, NY", "sentiment": "neutral", "time": "Sat Jul 30 01:54:10 +0000 2016"}
{"polarity": 0.0, "location": "Seattle, WA", "sentiment": "neutral", "time": "Sat Jul 30 01:54:14 +0000 2016"}
{"polarity": 0.46875, "location": "Portland, OR", "sentiment": "positive", "time": "Sat Jul 30 01:54:19 +0000 2016"}
{"polarity": -0.5, "location": "San Diego, CA", "sentiment": "negative", "time": "Sat Jul 30 01:54:40 +0000 2016"}
{"polarity": 0.0, "location": "Atlanta, GA", "sentiment": "neutral", "time": "Sat Jul 30 01:54:55 +0000 2016"}
{"polarity": 0.0, "location": "New York, NY", "sentiment": "neutral", "time": "Sat Jul 30 01:24:01 +0000 2016"}
{"polarity": 0.7, "location": "Orlando, FL", "sentiment": "positive", "time": "Sat Jul 30 01:24:09 +0000 2016"}
{"polarity": 0.25, "location": "New York, NY", "sentiment": "positive", "time": "Sat Jul 30 01:24:10 +0000 2016"}
{"polarity": 0.0, "location": "New York, NY", "sentiment": "neutral", "time": "Sat Jul 30 01:24:10 +0000 2016"}
{"polarity": 0.0, "location": "San Diego, CA", "sentiment": "neutral", "time": "Sat Jul 30 01:24:14 +0000 2016"}
{"polarity": 0.2, "location": "Orlando, FL", "sentiment": "positive", "time": "Sat Jul 30 01:24:20 +0000 2016"}
{"polarity": 0.0, "location": "Atlanta, GA", "sentiment": "neutral", "time": "Sat Jul 30 01:24:31 +0000 2016"}
{"polarity": 0.0, "location": "New York, NY", "sentiment": "neutral", "time": "Sat Jul 30 01:24:32 +0000 2016"}
{"polarity": 0.0, "location": "Atlanta, GA", "sentiment": "neutral", "time": "Sat Jul 30 01:24:38 +0000 2016"}
{"polarity": 0.625, "location": "Boston, MA", "sentiment": "positive", "time": "Sat Jul 30 01:24:38 +0000 2016"}
{"polarity": 0.0, "location": "Atlanta, GA", "sentiment": "neutral", "time": "Sat Jul 30 01:24:44 +0000 2016"}
{"polarity": 0.0, "location": "Seattle, WA", "sentiment": "neutral", "time": "Sat Jul 30 01:32:05 +0000 2016"}
{"polarity": 0.6, "location": "Phoenix, AZ", "sentiment": "positive", "time": "Sat Jul 30 01:32:08 +0000 2016"}
{"polarity": 0.55, "location": "Orlando, FL", "sentiment": "positive", "time": "Sat Jul 30 01:32:14 +0000 2016"}
{"polarity": 0.0, "location": "New York, NY", "sentiment": "neutral", "time": "Sat Jul 30 01:32:17 +0000 2016"}
{"polarity": 0.0, "location": "Portland, OR", "sentiment": "neutral", "time": "Sat Jul 30 01:32:27 +0000 2016"}
{"polarity": 0.625, "location": "Atlanta, GA", "sentiment": "positive", "time": "Sat Jul 30 01:32:37 +0000 2016"}
{"polarity": 0.0, "location": "Atlanta, GA", "sentiment": "neutral", "time": "Sat Jul 30 01:32:38 +0000 2016"}
{"polarity": -0.1, "location": "Atlanta, GA", "sentiment": "negative", "time": "Sat Jul 30 01:36:05 +0000 2016"}
{"polarity": 0.0, "location": "Boston, MA", "sentiment": "neutral", "time": "Sat Jul 30 01:36:10 +0000 2016"}
{"polarity": 0.0, "location": "New York, NY", "sentiment": "neutral", "time": "Sat Jul 30 01:36:34 +0000 2016"}
{"polarity": -0.6999999999999998, "location": "Atlanta, GA", "sentiment": "negative", "time": "Sat Jul 30 01:36:37 +0000 2016"}
{"polarity": 0.5, "location": "San Diego, CA", "sentiment": "positive", "time": "Sat Jul 30 01:36:49 +0000 2016"}
{"polarity": -0.06818181818181818, "location": "Seattle, WA", "sentiment": "negative", "time": "Sat Jul 30 01:36:51 +0000 2016"}
{"polarity": 0.0, "location": "Boston, MA", "sentiment": "neutral", "time": "Sat Jul 30 01:01:00 +0000 2016"}
{"polarity": 0.0, "location": "St. Louis, MO", "sentiment": "neutral", "time": "Sat Jul 30 01:01:05 +0000 2016"}
{"polarity": 0.0, "location": "Phoenix, AZ", "sentiment": "neutral", "time": "Sat Jul 30 01:01:08 +0000 2016"}
{"polarity": 0.0, "location": "Portland, OR", "sentiment": "neutral", "time": "Sat Jul 30 01:01:13 +0000 2016"}
{"polarity": 0.0, "location": "New York, NY", "sentiment": "neutral", "time": "Sat Jul 30 01:01:19 +0000 2016"}
{"polarity": 0.0, "location": "Seattle, WA", "sentiment": "neutral", "time": "Sat Jul 30 01:01:22 +0000 2016"}
{"polarity": -1.0, "location": "San Diego, CA", "sentiment": "negative", "time": "Sat Jul 30 01:01:25 +0000 2016"}
{"polarity": 0.0, "location": "New York, NY", "sentiment": "neutral", "time": "Sat Jul 30 01:01:29 +0000 2016"}
{"polarity": 0.8, "location": "San Diego, CA", "sentiment": "positive", "time": "Sat Jul 30 01:01:30 +0000 2016"}
{"polarity": 0.0, "location": "New York, NY", "sentiment": "neutral", "time": "Sat Jul 30 01:01:32 +0000 2016"}
{"polarity": 0.65, "location": "New York, NY", "sentiment": "positive", "time": "Sat Jul 30 01:01:34 +0000 2016"}
{"polarity": 0.1625, "location": "Phoenix, AZ", "sentiment": "positive", "time": "Sat Jul 30 01:01:38 +0000 2016"}
{"polarity": -0.6, "location": "Boston, MA", "sentiment": "negative", "time": "Sat Jul 30 01:01:40 +0000 2016"}
{"polarity": 0.7, "location": "Atlanta, GA", "sentiment": "positive", "time": "Sat Jul 30 01:01:47 +0000 2016"}
{"polarity": -0.3125, "location": "Orlando, FL", "sentiment": "negative", "time": "Sat Jul 30 01:01:49 +0000 2016"}
{"polarity": 0.0, "location": "Atlanta, GA", "sentiment": "neutral", "time": "Sat Jul 30 01:01:56 +0000 2016"}
{"polarity": 0.0, "location": "Seattle, WA", "sentiment": "neutral", "time": "Sat Jul 30 01:55:08 +0000 2016"}
{"polarity": 0.0, "location": "New York, NY", "sentiment": "neutral", "time": "Sat Jul 30 01:55:08 +0000 2016"}
{"polarity": 0.0, "location": "Portland, OR", "sentiment": "neutral", "time": "Sat Jul 30 01:55:09 +0000 2016"}
{"polarity": 0.8, "location": "Atlanta, GA", "sentiment": "positive", "time": "Sat Jul 30 01:55:14 +0000 2016"}
{"polarity": 0.0, "location": "Portland, OR", "sentiment": "neutral", "time": "Sat Jul 30 01:55:16 +0000 2016"}
{"polarity": 0.0, "location": "Portland, OR", "sentiment": "neutral", "time": "Sat Jul 30 01:55:18 +0000 2016"}
{"polarity": 0.2, "location": "Atlanta, GA", "sentiment": "positive", "time": "Sat Jul 30 01:55:27 +0000 2016"}
{"polarity": 0.0, "location": "Orlando, FL", "sentiment": "neutral", "time": "Sat Jul 30 01:55:32 +0000 2016"}
{"polarity": 0.8, "location": "Boston, MA", "sentiment": "positive", "time": "Sat Jul 30 01:55:37 +0000 2016"}
{"polarity": 0.2916666666666667, "location": "Seattle, WA", "sentiment": "positive", "time": "Sat Jul 30 01:55:41 +0000 2016"}
{"polarity": 0.0, "location": "Boston, MA", "sentiment": "neutral", "time": "Sat Jul 30 01:55:44 +0000 2016"}
{"polarity": 0.35714285714285715, "location": "Seattle, WA", "sentiment": "positive", "time": "Sat Jul 30 01:55:44 +0000 2016"}
{"polarity": 0.0, "location": "New York, NY", "sentiment": "neutral", "time": "Sat Jul 30 01:55:47 +0000 2016"}
{"polarity": 0.0, "location": "Atlanta, GA", "sentiment": "neutral", "time": "Sat Jul 30 01:55:48 +0000 2016"}
{"polarity": 0.0, "location": "New York, NY", "sentiment": "neutral", "time": "Sat Jul 30 01:55:53 +0000 2016"}
{"polarity": 0.0, "location": "Boston, MA", "sentiment": "neutral", "time": "Sat Jul 30 01:09:01 +0000 2016"}
{"polarity": 0.0, "location": "Seattle, WA", "sentiment": "neutral", "time": "Sat Jul 30 01:09:02 +0000 2016"}
{"polarity": 0.3333333333333333, "location": "San Diego, CA", "sentiment": "positive", "time": "Sat Jul 30 01:09:07 +0000 2016"}
{"polarity": 0.3121212121212121, "location": "Seattle, WA", "sentiment": "positive", "time": "Sat Jul 30 01:09:17 +0000 2016"}
{"polarity": 0.0, "location": "Phoenix, AZ", "sentiment": "neutral", "time": "Sat Jul 30 01:09:22 +0000 2016"}
{"polarity": 1.0, "location": "Portland, OR", "sentiment": "positive", "time": "Sat Jul 30 01:09:27 +0000 2016"}
{"polarity": 0.0, "location": "Seattle, WA", "sentiment": "neutral", "time": "Sat Jul 30 01:09:42 +0000 2016"}
{"polarity": -0.75, "location": "Atlanta, GA", "sentiment": "negative", "time": "Sat Jul 30 01:09:42 +0000 2016"}
{"polarity": 0.6, "location": "New York, NY", "sentiment": "positive", "time": "Sat Jul 30 01:09:43 +0000 2016"}
{"polarity": 0.13636363636363635, "location": "Boston, MA", "sentiment": "positive", "time": "Sat Jul 30 01:09:45 +0000 2016"}
{"polarity": 0.0, "location": "Phoenix, AZ", "sentiment": "neutral", "time": "Sat Jul 30 01:09:46 +0000 2016"}
{"polarity": 0.0, "location": "Phoenix, AZ", "sentiment": "neutral", "time": "Sat Jul 30 01:09:50 +0000 2016"}
{"polarity": 0.0, "location": "Seattle, WA", "sentiment": "neutral", "time": "Sat Jul 30 01:33:02 +0000 2016"}
{"polarity": 0.525, "location": "Atlanta, GA", "sentiment": "positive", "time": "Sat Jul 30 01:33:07 +0000 2016"}
{"polarity": -0.5, "location": "Phoenix, AZ", "sentiment": "negative", "time": "Sat Jul 30 01:33:12 +0000 2016"}
{"polarity": 0.0, "location": "New York, NY", "sentiment": "neutral", "time": "Sat Jul 30 01:33:22 +0000 2016"}
{"polarity": 0.25, "location": "San Diego, CA", "sentiment": "positive", "time": "Sat Jul 30 01:33:27 +0000 2016"}
{"polarity": 0.0, "location": "Seattle, WA", "sentiment": "neutral", "time": "Sat Jul 30 01:33:35 +0000 2016"}
{"polarity": 0.0, "location": "New York, NY", "sentiment": "neutral", "time": "Sat Jul 30 01:33:43 +0000 2016"}
{"polarity": 0.0, "location": "Seattle, WA", "sentiment": "neutral", "time": "Sat Jul 30 01:33:52 +0000 2016"}
{"polarity": 0.75, "location": "New York, NY", "sentiment": "positive", "time": "Sat Jul 30 01:33:55 +0000 2016"}
{"polarity": 0.0, "location": "Atlanta, GA", "sentiment": "neutral", "time": "Sat Jul 30 01:33:59 +0000 2016"}
{"polarity": 0.0, "location": "New York, NY", "sentiment": "neutral", "time": "Sat Jul 30 01:44:07 +0000 2016"}
{"polarity": 0.10795454545454546, "location": "Atlanta, GA", "sentiment": "positive", "time": "Sat Jul 30 01:44:10 +0000 2016"}
{"polarity": 0.0, "location": "New York, NY", "sentiment": "neutral", "time": "Sat Jul 30 01:44:33 +0000 2016"}
{"polarity": -0.6, "location": "Seattle, WA", "sentiment": "negative", "time": "Sat Jul 30 01:44:41 +0000 2016"}
{"polarity": 0.0, "location": "New York, NY", "sentiment": "neutral", "time": "Sat Jul 30 01:44:58 +0000 2016"}
{"polarity": 0.0, "location": "Boston, MA", "sentiment": "neutral", "time": "Sat Jul 30 01:28:00 +0000 2016"}
{"polarity": 0.0, "location": "New York, NY", "sentiment": "neutral", "time": "Sat Jul 30 01:28:02 +0000 2016"}
{"polarity": -0.05714285714285716, "location": "Phoenix, AZ", "sentiment": "negative", "time": "Sat Jul 30 01:28:05 +0000 2016"}
{"polarity": 0.0, "location": "San Diego, CA", "sentiment": "neutral", "time": "Sat Jul 30 01:28:05 +0000 2016"}
{"polarity": 0.425, "location": "Orlando, FL", "sentiment": "positive", "time": "Sat Jul 30 01:28:26 +0000 2016"}
{"polarity": 0.0, "location": "Seattle, WA", "sentiment": "neutral", "time": "Sat Jul 30 01:28:33 +0000 2016"}
{"polarity": -0.2, "location": "Atlanta, GA", "sentiment": "negative", "time": "Sat Jul 30 01:28:51 +0000 2016"}
{"polarity": -0.1, "location": "Atlanta, GA", "sentiment": "negative", "time": "Sat Jul 30 01:22:07 +0000 2016"}
{"polarity": 0.0, "location": "New York, NY", "sentiment": "neutral", "time": "Sat Jul 30 01:22:13 +0000 2016"}
{"polarity": 0.0, "location": "New York, NY", "sentiment": "neutral", "time": "Sat Jul 30 01:22:24 +0000 2016"}
{"polarity": 0.625, "location": "New York, NY", "sentiment": "positive", "time": "Sat Jul 30 01:22:49 +0000 2016"}
{"polarity": 0.3, "location": "Atlanta, GA", "sentiment": "positive", "time": "Sat Jul 30 01:22:58 +0000 2016"}
{"polarity": -0.3888888888888889, "location": "Atlanta, GA", "sentiment": "negative", "time": "Sat Jul 30 01:22:59 +0000 2016"}
{"polarity": 0.4505208333333333, "location": "Seattle, WA", "sentiment": "positive", "time": "Sat Jul 30 01:49:02 +0000 2016"}
{"polarity": 0.26666666666666666, "location": "Atlanta, GA", "sentiment": "positive", "time": "Sat Jul 30 01:49:02 +0000 2016"}
{"polarity": 0.0, "location": "Seattle, WA", "sentiment": "neutral", "time": "Sat Jul 30 01:49:06 +0000 2016"}
{"polarity": 0.2857142857142857, "location": "Seattle, WA", "sentiment": "positive", "time": "Sat Jul 30 01:49:10 +0000 2016"}
{"polarity": 0.5, "location": "Seattle, WA", "sentiment": "positive", "time": "Sat Jul 30 01:49:10 +0000 2016"}
{"polarity": -0.20000000000000004, "location": "New York, NY", "sentiment": "negative", "time": "Sat Jul 30 01:49:18 +0000 2016"}
{"polarity": 0.0, "location": "New York, NY", "sentiment": "neutral", "time": "Sat Jul 30 01:49:43 +0000 2016"}
{"polarity": -0.35000000000000003, "location": "Boston, MA", "sentiment": "negative", "time": "Sat Jul 30 01:49:47 +0000 2016"}
{"polarity": 0.0, "location": "Phoenix, AZ", "sentiment": "neutral", "time": "Sat Jul 30 01:49:54 +0000 2016"}
{"polarity": 0.0, "location": "New York, NY", "sentiment": "neutral", "time": "Sat Jul 30 01:49:57 +0000 2016"}
{"polarity": 0.8, "location": "New York, NY", "sentiment": "positive", "time": "Sat Jul 30 01:45:09 +0000 2016"}
{"polarity": 0.5, "location": "Orlando, FL", "sentiment": "positive", "time": "Sat Jul 30 01:45:10 +0000 2016"}
{"polarity": -1.0, "location": "Atlanta, GA", "sentiment": "negative", "time": "Sat Jul 30 01:45:38 +0000 2016"}
{"polarity": 0.5, "location": "Boston, MA", "sentiment": "positive", "time": "Sat Jul 30 01:45:38 +0000 2016"}
{"polarity": 0.0, "location": "Seattle, WA", "sentiment": "neutral", "time": "Sat Jul 30 01:45:38 +0000 2016"}
{"polarity": 0.4270833333333333, "location": "Portland, OR", "sentiment": "positive", "time": "Sat Jul 30 01:45:38 +0000 2016"}
{"polarity": 1.0, "location": "Boston, MA", "sentiment": "positive", "time": "Sat Jul 30 01:45:43 +0000 2016"}
{"polarity": 0.15833333333333335, "location": "Seattle, WA", "sentiment": "positive", "time": "Sat Jul 30 01:45:45 +0000 2016"}
{"polarity": 0.0642857142857143, "location": "Phoenix, AZ", "sentiment": "positive", "time": "Sat Jul 30 01:06:06 +0000 2016"}
{"polarity": 0.10416666666666667, "location": "New York, NY", "sentiment": "positive", "time": "Sat Jul 30 01:06:20 +0000 2016"}
{"polarity": 0.0, "location": "San Diego, CA", "sentiment": "neutral", "time": "Sat Jul 30 01:06:33 +0000 2016"}
{"polarity": 0.0, "location": "Atlanta, GA", "sentiment": "neutral", "time": "Sat Jul 30 01:06:45 +0000 2016"}
{"polarity": -0.5125, "location": "Seattle, WA", "sentiment": "negative", "time": "Sat Jul 30 01:20:00 +0000 2016"}
{"polarity": 0.0, "location": "Orlando, FL", "sentiment": "neutral", "time": "Sat Jul 30 01:20:14 +0000 2016"}
{"polarity": 0.06666666666666667, "location": "Phoenix, AZ", "sentiment": "positive", "time": "Sat Jul 30 01:20:21 +0000 2016"}
{"polarity": 0.6, "location": "New York, NY", "sentiment": "positive", "time": "Sat Jul 30 01:20:27 +0000 2016"}
{"polarity": 0.0, "location": "Portland, OR", "sentiment": "neutral", "time": "Sat Jul 30 01:20:29 +0000 2016"}
{"polarity": 0.05000000000000002, "location": "Seattle, WA", "sentiment": "positive", "time": "Sat Jul 30 01:20:31 +0000 2016"}
{"polarity": -0.10000000000000002, "location": "Orlando, FL", "sentiment": "negative", "time": "Sat Jul 30 01:20:32 +0000 2016"}
{"polarity": 0.0, "location": "Phoenix, AZ", "sentiment": "neutral", "time": "Sat Jul 30 01:20:40 +0000 2016"}
{"polarity": 0.4, "location": "Atlanta, GA", "sentiment": "positive", "time": "Sat Jul 30 01:20:47 +0000 2016"}
{"polarity": 0.0, "location": "Seattle, WA", "sentiment": "neutral", "time": "Sat Jul 30 01:20:49 +0000 2016"}
{"polarity": 0.0, "location": "New York, NY", "sentiment": "neutral", "time": "Sat Jul 30 01:13:03 +0000 2016"}
{"polarity": -0.34722222222222227, "location": "Portland, OR", "sentiment": "negative", "time": "Sat Jul 30 01:13:15 +0000 2016"}
{"polarity": -0.34722222222222227, "location": "Orlando, FL", "sentiment": "negative", "time": "Sat Jul 30 01:13:15 +0000 2016"}
{"polarity": 0.0, "location": "Boston, MA", "sentiment": "neutral", "time": "Sat Jul 30 01:13:22 +0000 2016"}
{"polarity": 0.5, "location": "Atlanta, GA", "sentiment": "positive", "time": "Sat Jul 30 01:13:27 +0000 2016"}
{"polarity": 0.2, "location": "Phoenix, AZ", "sentiment": "positive", "time": "Sat Jul 30 01:13:49 +0000 2016"}
{"polarity": 0.78125, "location": "Atlanta, GA", "sentiment": "positive", "time": "Sat Jul 30 01:13:59 +0000 2016"}
{"polarity": 0.0, "location": "Orlando, FL", "sentiment": "neutral", "time": "Sat Jul 30 01:04:07 +0000 2016"}
{"polarity": 0.0, "location": "Atlanta, GA", "sentiment": "neutral", "time": "Sat Jul 30 01:04:07 +0000 2016"}
{"polarity": 0.6, "location": "San Diego, CA", "sentiment": "positive", "time": "Sat Jul 30 01:04:08 +0000 2016"}
{"polarity": 0.15833333333333335, "location": "New York, NY", "sentiment": "positive", "time": "Sat Jul 30 01:04:15 +0000 2016"}
{"polarity": 0.018181818181818174, "location": "New York, NY", "sentiment": "positive", "time": "Sat Jul 30 01:04:20 +0000 2016"}
{"polarity": 0.0, "location": "New York, NY", "sentiment": "neutral", "time": "Sat Jul 30 01:04:22 +0000 2016"}
{"polarity": 0.0, "location": "New York, NY", "sentiment": "neutral", "time": "Sat Jul 30 01:04:30 +0000 2016"}
{"polarity": 0.0, "location": "New York, NY", "sentiment": "neutral", "time": "Sat Jul 30 01:04:45 +0000 2016"}
{"polarity": 0.0, "location": "San Diego, CA", "sentiment": "neutral", "time": "Sat Jul 30 01:04:45 +0000 2016"}
{"polarity": 0.23333333333333336, "location": "Portland, OR", "sentiment": "positive", "time": "Sat Jul 30 01:04:47 +0000 2016"}
{"polarity": 0.0, "location": "Orlando, FL", "sentiment": "neutral", "time": "Sat Jul 30 01:04:59 +0000 2016"}
{"polarity": 0.0, "location": "Phoenix, AZ", "sentiment": "neutral", "time": "Fri Jul 29 07:39:11 +0000 2016"}
{"polarity": -0.16666666666666666, "location": "New York, NY", "sentiment": "negative", "time": "Fri Jul 29 07:39:22 +0000 2016"}
{"polarity": 0.0, "location": "Seattle, WA", "sentiment": "neutral", "time": "Fri Jul 29 07:39:24 +0000 2016"}
{"polarity": 0.5, "location": "San Diego, CA", "sentiment": "positive", "time": "Fri Jul 29 07:59:11 +0000 2016"}
{"polarity": 0.0, "location": "Portland, OR", "sentiment": "neutral", "time": "Fri Jul 29 07:59:20 +0000 2016"}
{"polarity": 0.5458333333333333, "location": "San Diego, CA", "sentiment": "positive", "time": "Fri Jul 29 07:59:54 +0000 2016"}
{"polarity": 0.0, "location": "Portland, OR", "sentiment": "neutral", "time": "Fri Jul 29 07:19:00 +0000 2016"}
{"polarity": 0.2, "location": "Phoenix, AZ", "sentiment": "positive", "time": "Fri Jul 29 07:19:12 +0000 2016"}
{"polarity": 0.0, "location": "Portland, OR", "sentiment": "neutral", "time": "Fri Jul 29 07:19:14 +0000 2016"}
{"polarity": 0.35, "location": "Portland, OR", "sentiment": "positive", "time": "Fri Jul 29 07:19:51 +0000 2016"}
{"polarity": 0.25, "location": "New York, NY", "sentiment": "positive", "time": "Fri Jul 29 07:37:03 +0000 2016"}
{"polarity": -0.3, "location": "San Diego, CA", "sentiment": "negative", "time": "Fri Jul 29 07:37:09 +0000 2016"}
{"polarity": 0.0, "location": "Seattle, WA", "sentiment": "neutral", "time": "Fri Jul 29 07:37:22 +0000 2016"}
{"polarity": 0.0, "location": "New York, NY", "sentiment": "neutral", "time": "Fri Jul 29 07:37:22 +0000 2016"}
{"polarity": -0.4, "location": "New York, NY", "sentiment": "negative", "time": "Fri Jul 29 07:37:24 +0000 2016"}
{"polarity": 0.2857142857142857, "location": "Phoenix, AZ", "sentiment": "positive", "time": "Fri Jul 29 07:37:48 +0000 2016"}
{"polarity": 0.15000000000000002, "location": "New York, NY", "sentiment": "positive", "time": "Fri Jul 29 07:37:57 +0000 2016"}
{"polarity": 0.0, "location": "Atlanta, GA", "sentiment": "neutral", "time": "Fri Jul 29 07:31:07 +0000 2016"}
{"polarity": 0.0, "location": "Orlando, FL", "sentiment": "neutral", "time": "Fri Jul 29 07:31:45 +0000 2016"}
{"polarity": 0.4, "location": "New York, NY", "sentiment": "positive", "time": "Fri Jul 29 07:31:53 +0000 2016"}
{"polarity": -0.20000000000000004, "location": "Atlanta, GA", "sentiment": "negative", "time": "Fri Jul 29 07:31:55 +0000 2016"}
{"polarity": 0.0, "location": "San Diego, CA", "sentiment": "neutral", "time": "Fri Jul 29 07:31:59 +0000 2016"}
{"polarity": 0.4166666666666667, "location": "Seattle, WA", "sentiment": "positive", "time": "Fri Jul 29 07:41:40 +0000 2016"}
{"polarity": -0.29999999999999993, "location": "New York, NY", "sentiment": "negative", "time": "Fri Jul 29 07:27:15 +0000 2016"}
{"polarity": 0.0, "location": "Seattle, WA", "sentiment": "neutral", "time": "Fri Jul 29 07:27:25 +0000 2016"}
{"polarity": 0.4, "location": "San Diego, CA", "sentiment": "positive", "time": "Fri Jul 29 07:27:52 +0000 2016"}
{"polarity": -0.04999999999999999, "location": "Phoenix, AZ", "sentiment": "negative", "time": "Fri Jul 29 07:27:52 +0000 2016"}
{"polarity": 0.0, "location": "Portland, OR", "sentiment": "neutral", "time": "Fri Jul 29 07:57:02 +0000 2016"}
{"polarity": 0.17045454545454544, "location": "Seattle, WA", "sentiment": "positive", "time": "Fri Jul 29 07:57:15 +0000 2016"}
{"polarity": 0.2, "location": "Phoenix, AZ", "sentiment": "positive", "time": "Fri Jul 29 07:57:39 +0000 2016"}
{"polarity": 0.0, "location": "New York, NY", "sentiment": "neutral", "time": "Fri Jul 29 07:57:57 +0000 2016"}
{"polarity": -0.025, "location": "Orlando, FL", "sentiment": "negative", "time": "Fri Jul 29 07:26:42 +0000 2016"}
{"polarity": 0.0, "location": "Atlanta, GA", "sentiment": "neutral", "time": "Fri Jul 29 07:26:53 +0000 2016"}
{"polarity": 0.2, "location": "Phoenix, AZ", "sentiment": "positive", "time": "Fri Jul 29 07:58:15 +0000 2016"}
{"polarity": 0.0, "location": "New York, NY", "sentiment": "neutral", "time": "Fri Jul 29 07:58:43 +0000 2016"}
{"polarity": -0.03571428571428571, "location": "Atlanta, GA", "sentiment": "negative", "time": "Fri Jul 29 07:42:02 +0000 2016"}
{"polarity": -0.2777777777777778, "location": "Phoenix, AZ", "sentiment": "negative", "time": "Fri Jul 29 07:42:04 +0000 2016"}
{"polarity": 0.0, "location": "Phoenix, AZ", "sentiment": "neutral", "time": "Fri Jul 29 07:42:15 +0000 2016"}
{"polarity": 0.725, "location": "Portland, OR", "sentiment": "positive", "time": "Fri Jul 29 07:42:18 +0000 2016"}
{"polarity": 0.3333333333333333, "location": "Seattle, WA", "sentiment": "positive", "time": "Fri Jul 29 07:42:21 +0000 2016"}
{"polarity": 0.0, "location": "Phoenix, AZ", "sentiment": "neutral", "time": "Fri Jul 29 07:42:27 +0000 2016"}
{"polarity": 0.0, "location": "Atlanta, GA", "sentiment": "neutral", "time": "Fri Jul 29 07:50:19 +0000 2016"}
{"polarity": 0.0, "location": "New York, NY", "sentiment": "neutral", "time": "Fri Jul 29 07:50:32 +0000 2016"}
{"polarity": 0.0, "location": "New York, NY", "sentiment": "neutral", "time": "Fri Jul 29 07:50:39 +0000 2016"}
{"polarity": 0.0, "location": "Orlando, FL", "sentiment": "neutral", "time": "Fri Jul 29 07:15:18 +0000 2016"}
{"polarity": -0.1, "location": "New York, NY", "sentiment": "negative", "time": "Fri Jul 29 07:15:27 +0000 2016"}
{"polarity": 0.0, "location": "Atlanta, GA", "sentiment": "neutral", "time": "Fri Jul 29 07:15:30 +0000 2016"}
{"polarity": -0.4, "location": "Phoenix, AZ", "sentiment": "negative", "time": "Fri Jul 29 07:15:30 +0000 2016"}
{"polarity": 0.0, "location": "Seattle, WA", "sentiment": "neutral", "time": "Fri Jul 29 07:15:30 +0000 2016"}
{"polarity": 0.5, "location": "San Diego, CA", "sentiment": "positive", "time": "Fri Jul 29 07:15:31 +0000 2016"}
{"polarity": 0.0, "location": "New York, NY", "sentiment": "neutral", "time": "Fri Jul 29 07:15:31 +0000 2016"}
{"polarity": 0.0, "location": "St. Louis, MO", "sentiment": "neutral", "time": "Fri Jul 29 07:15:40 +0000 2016"}
{"polarity": 0.15000000000000002, "location": "Portland, OR", "sentiment": "positive", "time": "Fri Jul 29 07:15:41 +0000 2016"}
{"polarity": 0.5, "location": "Atlanta, GA", "sentiment": "positive", "time": "Fri Jul 29 07:15:46 +0000 2016"}
{"polarity": 0.0, "location": "Boston, MA", "sentiment": "neutral", "time": "Fri Jul 29 07:15:46 +0000 2016"}
{"polarity": 0.5, "location": "New York, NY", "sentiment": "positive", "time": "Fri Jul 29 07:15:49 +0000 2016"}
{"polarity": 0.3222222222222222, "location": "Orlando, FL", "sentiment": "positive", "time": "Fri Jul 29 07:15:57 +0000 2016"}
{"polarity": 0.0, "location": "Boston, MA", "sentiment": "neutral", "time": "Fri Jul 29 07:38:26 +0000 2016"}
{"polarity": 0.3464285714285714, "location": "New York, NY", "sentiment": "positive", "time": "Fri Jul 29 07:38:45 +0000 2016"}
{"polarity": -0.1638888888888889, "location": "Phoenix, AZ", "sentiment": "negative", "time": "Fri Jul 29 07:38:51 +0000 2016"}
{"polarity": 0.0, "location": "Orlando, FL", "sentiment": "neutral", "time": "Fri Jul 29 07:21:05 +0000 2016"}
{"polarity": -0.016666666666666666, "location": "Phoenix, AZ", "sentiment": "negative", "time": "Fri Jul 29 07:21:07 +0000 2016"}
{"polarity": 0.10666666666666667, "location": "San Diego, CA", "sentiment": "positive", "time": "Fri Jul 29 07:21:14 +0000 2016"}
{"polarity": 0.0, "location": "San Diego, CA", "sentiment": "neutral", "time": "Fri Jul 29 07:21:19 +0000 2016"}
{"polarity": 0.0, "location": "Atlanta, GA", "sentiment": "neutral", "time": "Fri Jul 29 07:21:20 +0000 2016"}
{"polarity": -0.5, "location": "San Diego, CA", "sentiment": "negative", "time": "Fri Jul 29 07:21:21 +0000 2016"}
{"polarity": 0.0, "location": "New York, NY", "sentiment": "neutral", "time": "Fri Jul 29 07:21:32 +0000 2016"}
{"polarity": 0.0, "location": "Orlando, FL", "sentiment": "neutral", "time": "Fri Jul 29 07:21:38 +0000 2016"}
{"polarity": 0.0, "location": "New York, NY", "sentiment": "neutral", "time": "Fri Jul 29 07:21:42 +0000 2016"}
{"polarity": 0.0, "location": "New York, NY", "sentiment": "neutral", "time": "Fri Jul 29 07:17:06 +0000 2016"}
{"polarity": 0.0, "location": "Portland, OR", "sentiment": "neutral", "time": "Fri Jul 29 07:17:27 +0000 2016"}
{"polarity": 0.0, "location": "Phoenix, AZ", "sentiment": "neutral", "time": "Fri Jul 29 07:17:28 +0000 2016"}
{"polarity": 0.3, "location": "Atlanta, GA", "sentiment": "positive", "time": "Fri Jul 29 07:17:32 +0000 2016"}
{"polarity": 0.4, "location": "San Diego, CA", "sentiment": "positive", "time": "Fri Jul 29 07:17:56 +0000 2016"}
{"polarity": 0.0, "location": "St. Louis, MO", "sentiment": "neutral", "time": "Fri Jul 29 07:12:17 +0000 2016"}
{"polarity": 0.5, "location": "Atlanta, GA", "sentiment": "positive", "time": "Fri Jul 29 07:12:28 +0000 2016"}
{"polarity": 0.0, "location": "New York, NY", "sentiment": "neutral", "time": "Fri Jul 29 07:12:38 +0000 2016"}
{"polarity": 0.0, "location": "San Diego, CA", "sentiment": "neutral", "time": "Fri Jul 29 07:12:44 +0000 2016"}
{"polarity": 0.0, "location": "Atlanta, GA", "sentiment": "neutral", "time": "Fri Jul 29 07:29:10 +0000 2016"}
{"polarity": 0.5, "location": "Atlanta, GA", "sentiment": "positive", "time": "Fri Jul 29 07:29:23 +0000 2016"}
{"polarity": 0.0, "location": "New York, NY", "sentiment": "neutral", "time": "Fri Jul 29 07:29:36 +0000 2016"}
{"polarity": 0.13636363636363635, "location": "Boston, MA", "sentiment": "positive", "time": "Fri Jul 29 07:29:53 +0000 2016"}
{"polarity": 0.0, "location": "Orlando, FL", "sentiment": "neutral", "time": "Fri Jul 29 07:29:54 +0000 2016"}
{"polarity": 0.0, "location": "New York, NY", "sentiment": "neutral", "time": "Fri Jul 29 07:18:02 +0000 2016"}
{"polarity": -0.75, "location": "New York, NY", "sentiment": "negative", "time": "Fri Jul 29 07:46:28 +0000 2016"}
{"polarity": 0.0, "location": "Boston, MA", "sentiment": "neutral", "time": "Fri Jul 29 07:46:55 +0000 2016"}
{"polarity": 0.0, "location": "Seattle, WA", "sentiment": "neutral", "time": "Fri Jul 29 07:00:04 +0000 2016"}
{"polarity": 0.35, "location": "New York, NY", "sentiment": "positive", "time": "Fri Jul 29 07:00:07 +0000 2016"}
{"polarity": 0.39999999999999997, "location": "Boston, MA", "sentiment": "positive", "time": "Fri Jul 29 07:00:10 +0000 2016"}
{"polarity": 0.0, "location": "Seattle, WA", "sentiment": "neutral", "time": "Fri Jul 29 07:00:20 +0000 2016"}
{"polarity": 0.5, "location": "New York, NY", "sentiment": "positive", "time": "Fri Jul 29 07:00:20 +0000 2016"}
{"polarity": 0.0, "location": "New York, NY", "sentiment": "neutral", "time": "Fri Jul 29 07:00:21 +0000 2016"}
{"polarity": 0.0, "location": "Atlanta, GA", "sentiment": "neutral", "time": "Fri Jul 29 07:00:27 +0000 2016"}
{"polarity": 0.225, "location": "Atlanta, GA", "sentiment": "positive", "time": "Fri Jul 29 07:34:29 +0000 2016"}
{"polarity": 0.0, "location": "Seattle, WA", "sentiment": "neutral", "time": "Fri Jul 29 07:34:40 +0000 2016"}
{"polarity": 0.2, "location": "Atlanta, GA", "sentiment": "positive", "time": "Fri Jul 29 07:34:41 +0000 2016"}
{"polarity": 0.7, "location": "San Diego, CA", "sentiment": "positive", "time": "Fri Jul 29 07:34:43 +0000 2016"}
{"polarity": -0.125, "location": "New York, NY", "sentiment": "negative", "time": "Fri Jul 29 07:05:04 +0000 2016"}
{"polarity": 0.0, "location": "Orlando, FL", "sentiment": "neutral", "time": "Fri Jul 29 07:05:20 +0000 2016"}
{"polarity": 0.0, "location": "New York, NY", "sentiment": "neutral", "time": "Fri Jul 29 07:05:30 +0000 2016"}
{"polarity": 0.03333333333333333, "location": "Seattle, WA", "sentiment": "positive", "time": "Fri Jul 29 07:05:53 +0000 2016"}
{"polarity": 0.0, "location": "Orlando, FL", "sentiment": "neutral", "time": "Fri Jul 29 07:05:54 +0000 2016"}
{"polarity": 0.25, "location": "Phoenix, AZ", "sentiment": "positive", "time": "Fri Jul 29 07:11:21 +0000 2016"}
{"polarity": 0.75, "location": "Phoenix, AZ", "sentiment": "positive", "time": "Fri Jul 29 07:11:25 +0000 2016"}
{"polarity": 0.0, "location": "San Diego, CA", "sentiment": "neutral", "time": "Fri Jul 29 07:11:26 +0000 2016"}
{"polarity": 0.0, "location": "Orlando, FL", "sentiment": "neutral", "time": "Fri Jul 29 07:11:36 +0000 2016"}
{"polarity": 0.8, "location": "Boston, MA", "sentiment": "positive", "time": "Fri Jul 29 07:11:41 +0000 2016"}
{"polarity": 0.0, "location": "Atlanta, GA", "sentiment": "neutral", "time": "Fri Jul 29 07:56:12 +0000 2016"}
{"polarity": 0.0, "location": "Boston, MA", "sentiment": "neutral", "time": "Fri Jul 29 07:56:24 +0000 2016"}
{"polarity": 0.0, "location": "Orlando, FL", "sentiment": "neutral", "time": "Fri Jul 29 07:47:26 +0000 2016"}
{"polarity": -0.2, "location": "Seattle, WA", "sentiment": "negative", "time": "Fri Jul 29 07:47:36 +0000 2016"}
{"polarity": 0.625, "location": "New York, NY", "sentiment": "positive", "time": "Fri Jul 29 07:52:04 +0000 2016"}
{"polarity": -0.6, "location": "Atlanta, GA", "sentiment": "negative", "time": "Fri Jul 29 07:52:09 +0000 2016"}
{"polarity": 0.0, "location": "Atlanta, GA", "sentiment": "neutral", "time": "Fri Jul 29 07:52:21 +0000 2016"}
{"polarity": 0.0, "location": "San Diego, CA", "sentiment": "neutral", "time": "Fri Jul 29 07:52:21 +0000 2016"}
{"polarity": 0.0, "location": "New York, NY", "sentiment": "neutral", "time": "Fri Jul 29 07:52:41 +0000 2016"}
{"polarity": 0.0, "location": "Portland, OR", "sentiment": "neutral", "time": "Fri Jul 29 07:53:10 +0000 2016"}
{"polarity": -0.4, "location": "Portland, OR", "sentiment": "negative", "time": "Fri Jul 29 07:53:23 +0000 2016"}
{"polarity": 0.45, "location": "Phoenix, AZ", "sentiment": "positive", "time": "Fri Jul 29 07:53:25 +0000 2016"}
{"polarity": 0.0, "location": "New York, NY", "sentiment": "neutral", "time": "Fri Jul 29 07:53:36 +0000 2016"}
{"polarity": 0.5, "location": "San Diego, CA", "sentiment": "positive", "time": "Fri Jul 29 07:02:02 +0000 2016"}
{"polarity": -0.07500000000000001, "location": "San Diego, CA", "sentiment": "negative", "time": "Fri Jul 29 07:02:11 +0000 2016"}
{"polarity": 0.0, "location": "Orlando, FL", "sentiment": "neutral", "time": "Fri Jul 29 07:02:14 +0000 2016"}
{"polarity": 0.2222222222222222, "location": "Seattle, WA", "sentiment": "positive", "time": "Fri Jul 29 07:02:18 +0000 2016"}
{"polarity": 0.24318181818181817, "location": "Portland, OR", "sentiment": "positive", "time": "Fri Jul 29 07:02:31 +0000 2016"}
{"polarity": 0.0, "location": "Seattle, WA", "sentiment": "neutral", "time": "Fri Jul 29 07:02:38 +0000 2016"}
{"polarity": 0.0, "location": "Portland, OR", "sentiment": "neutral", "time": "Fri Jul 29 07:02:47 +0000 2016"}
{"polarity": 0.0, "location": "Seattle, WA", "sentiment": "neutral", "time": "Fri Jul 29 07:48:15 +0000 2016"}
{"polarity": 0.0, "location": "San Diego, CA", "sentiment": "neutral", "time": "Fri Jul 29 07:48:24 +0000 2016"}
{"polarity": 0.0, "location": "San Diego, CA", "sentiment": "neutral", "time": "Fri Jul 29 07:48:57 +0000 2016"}
{"polarity": 0.0, "location": "New York, NY", "sentiment": "neutral", "time": "Fri Jul 29 07:25:06 +0000 2016"}
{"polarity": -0.5, "location": "Atlanta, GA", "sentiment": "negative", "time": "Fri Jul 29 07:25:18 +0000 2016"}
{"polarity": 0.0, "location": "San Diego, CA", "sentiment": "neutral", "time": "Fri Jul 29 07:25:31 +0000 2016"}
{"polarity": -0.1, "location": "Portland, OR", "sentiment": "negative", "time": "Fri Jul 29 07:25:52 +0000 2016"}
{"polarity": 0.4375, "location": "New York, NY", "sentiment": "positive", "time": "Fri Jul 29 07:16:00 +0000 2016"}
{"polarity": 0.0, "location": "Seattle, WA", "sentiment": "neutral", "time": "Fri Jul 29 07:16:02 +0000 2016"}
{"polarity": 0.8, "location": "Seattle, WA", "sentiment": "positive", "time": "Fri Jul 29 07:16:02 +0000 2016"}
{"polarity": 0.8, "location": "New York, NY", "sentiment": "positive", "time": "Fri Jul 29 07:16:06 +0000 2016"}
{"polarity": -0.2, "location": "Seattle, WA", "sentiment": "negative", "time": "Fri Jul 29 07:16:43 +0000 2016"}
{"polarity": 0.30000000000000004, "location": "Orlando, FL", "sentiment": "positive", "time": "Fri Jul 29 07:14:31 +0000 2016"}
{"polarity": 0.0, "location": "New York, NY", "sentiment": "neutral", "time": "Fri Jul 29 07:14:32 +0000 2016"}
{"polarity": 0.5, "location": "San Diego, CA", "sentiment": "positive", "time": "Fri Jul 29 07:14:35 +0000 2016"}
{"polarity": 0.275, "location": "Boston, MA", "sentiment": "positive", "time": "Fri Jul 29 07:14:41 +0000 2016"}
{"polarity": -0.2, "location": "San Diego, CA", "sentiment": "negative", "time": "Fri Jul 29 07:23:02 +0000 2016"}
{"polarity": -0.06666666666666665, "location": "Phoenix, AZ", "sentiment": "negative", "time": "Fri Jul 29 07:23:23 +0000 2016"}
{"polarity": 0.0, "location": "New York, NY", "sentiment": "neutral", "time": "Fri Jul 29 07:23:24 +0000 2016"}
{"polarity": 0.43333333333333335, "location": "San Diego, CA", "sentiment": "positive", "time": "Fri Jul 29 07:23:40 +0000 2016"}
{"polarity": 0.4166666666666667, "location": "Seattle, WA", "sentiment": "positive", "time": "Fri Jul 29 07:07:11 +0000 2016"}
{"polarity": 0.0, "location": "Orlando, FL", "sentiment": "neutral", "time": "Fri Jul 29 07:07:20 +0000 2016"}
{"polarity": -0.4, "location": "Phoenix, AZ", "sentiment": "negative", "time": "Fri Jul 29 07:07:53 +0000 2016"}
{"polarity": 0.5, "location": "San Diego, CA", "sentiment": "positive", "time": "Fri Jul 29 07:07:53 +0000 2016"}
{"polarity": 0.2, "location": "Portland, OR", "sentiment": "positive", "time": "Fri Jul 29 07:51:17 +0000 2016"}
{"polarity": 0.0, "location": "Orlando, FL", "sentiment": "neutral", "time": "Fri Jul 29 07:51:21 +0000 2016"}
{"polarity": 0.35, "location": "Atlanta, GA", "sentiment": "positive", "time": "Fri Jul 29 07:51:48 +0000 2016"}
{"polarity": 0.0, "location": "New York, NY", "sentiment": "neutral", "time": "Fri Jul 29 07:30:02 +0000 2016"}
{"polarity": 0.5, "location": "Seattle, WA", "sentiment": "positive", "time": "Fri Jul 29 07:30:08 +0000 2016"}
{"polarity": 0.0, "location": "New York, NY", "sentiment": "neutral", "time": "Fri Jul 29 07:30:11 +0000 2016"}
{"polarity": -0.2, "location": "Phoenix, AZ", "sentiment": "negative", "time": "Fri Jul 29 07:30:23 +0000 2016"}
{"polarity": -0.6, "location": "Phoenix, AZ", "sentiment": "negative", "time": "Fri Jul 29 07:30:35 +0000 2016"}
{"polarity": 0.0, "location": "Phoenix, AZ", "sentiment": "neutral", "time": "Fri Jul 29 07:30:51 +0000 2016"}
{"polarity": 0.5, "location": "New York, NY", "sentiment": "positive", "time": "Fri Jul 29 07:30:55 +0000 2016"}
{"polarity": 0.0, "location": "Atlanta, GA", "sentiment": "neutral", "time": "Fri Jul 29 07:03:01 +0000 2016"}
{"polarity": 0.0, "location": "Boston, MA", "sentiment": "neutral", "time": "Fri Jul 29 07:03:07 +0000 2016"}
{"polarity": -0.4, "location": "Phoenix, AZ", "sentiment": "negative", "time": "Fri Jul 29 07:03:23 +0000 2016"}
{"polarity": 0.0, "location": "San Diego, CA", "sentiment": "neutral", "time": "Fri Jul 29 07:03:25 +0000 2016"}
{"polarity": 0.0, "location": "Phoenix, AZ", "sentiment": "neutral", "time": "Fri Jul 29 07:03:43 +0000 2016"}
{"polarity": 0.35, "location": "Orlando, FL", "sentiment": "positive", "time": "Fri Jul 29 07:03:54 +0000 2016"}
{"polarity": 0.0, "location": "Phoenix, AZ", "sentiment": "neutral", "time": "Fri Jul 29 07:03:56 +0000 2016"}
{"polarity": 0.0, "location": "New York, NY", "sentiment": "neutral", "time": "Fri Jul 29 07:40:00 +0000 2016"}
{"polarity": -0.0625, "location": "San Diego, CA", "sentiment": "negative", "time": "Fri Jul 29 07:40:50 +0000 2016"}
{"polarity": 0.24583333333333332, "location": "Orlando, FL", "sentiment": "positive", "time": "Fri Jul 29 07:40:53 +0000 2016"}
{"polarity": -0.65, "location": "Seattle, WA", "sentiment": "negative", "time": "Fri Jul 29 07:40:59 +0000 2016"}
