{"polarity": 0.0, "location": "New York, NY", "sentiment": "neutral", "time": "Thu Jul 21 18:04:09 +0000 2016"}
{"polarity": 0.0, "location": "Phoenix, AZ", "sentiment": "neutral", "time": "Thu Jul 21 18:04:23 +0000 2016"}
{"polarity": 0.30833333333333335, "location": "Kansas City, KS", "sentiment": "positive", "time": "Thu Jul 21 18:04:25 +0000 2016"}
{"polarity": -0.16666666666666666, "location": "Atlanta, GA", "sentiment": "negative", "time": "Thu Jul 21 18:04:33 +0000 2016"}
{"polarity": 1.0, "location": "Seattle, WA", "sentiment": "positive", "time": "Thu Jul 21 18:04:35 +0000 2016"}
{"polarity": 0.0, "location": "Portland, OR", "sentiment": "neutral", "time": "Thu Jul 21 18:04:38 +0000 2016"}
{"polarity": 0.0, "location": "Atlanta, GA", "sentiment": "neutral", "time": "Thu Jul 21 18:04:42 +0000 2016"}
{"polarity": 0.0, "location": "Atlanta, GA", "sentiment": "neutral", "time": "Thu Jul 21 18:04:48 +0000 2016"}
{"polarity": 0.0, "location": "San Diego, CA", "sentiment": "neutral", "time": "Thu Jul 21 18:04:50 +0000 2016"}
{"polarity": 0.16666666666666666, "location": "Atlanta, GA", "sentiment": "positive", "time": "Thu Jul 21 18:04:53 +0000 2016"}
{"polarity": 0.0, "location": "Seattle, WA", "sentiment": "neutral", "time": "Thu Jul 21 18:04:53 +0000 2016"}
{"polarity": 0.15625, "location": "New York, NY", "sentiment": "positive", "time": "Thu Jul 21 18:04:55 +0000 2016"}
{"polarity": 0.35, "location": "Seattle, WA", "sentiment": "positive", "time": "Thu Jul 21 18:04:55 +0000 2016"}
{"polarity": 0.5, "location": "New York, NY", "sentiment": "positive", "time": "Thu Jul 21 10:39:36 +0000 2016"}
{"polarity": 0.0, "location": "Atlanta, GA", "sentiment": "neutral", "time": "Thu Jul 21 10:39:39 +0000 2016"}
{"polarity": -0.6166666666666667, "location": "Atlanta, GA", "sentiment": "negative", "time": "Thu Jul 21 10:39:49 +0000 2016"}
{"polarity": 0.21666666666666665, "location": "Atlanta, GA", "sentiment": "positive", "time": "Thu Jul 21 10:59:04 +0000 2016"}
{"polarity": -1.0, "location": "Boston, MA", "sentiment": "negative", "time": "Thu Jul 21 10:59:37 +0000 2016"}
{"polarity": 0.0, "location": "New York, NY", "sentiment": "neutral", "time": "Thu Jul 21 10:59:42 +0000 2016"}
{"polarity": 0.0, "location": "Atlanta, GA", "sentiment": "neutral", "time": "Thu Jul 21 10:19:21 +0000 2016"}
{"polarity": 0.0, "location": "Portland, OR", "sentiment": "neutral", "time": "Thu Jul 21 10:19:24 +0000 2016"}
{"polarity": 0.75, "location": "San Diego, CA", "sentiment": "positive", "time": "Thu Jul 21 10:19:45 +0000 2016"}
{"polarity": 0.0, "location": "Boston, MA", "sentiment": "neutral", "time": "Thu Jul 21 10:19:49 +0000 2016"}
{"polarity": 0.2, "location": "St. Louis, MO", "sentiment": "positive", "time": "Thu Jul 21 10:37:04 +0000 2016"}
{"polarity": 0.0, "location": "Boston, MA", "sentiment": "neutral", "time": "Thu Jul 21 10:37:24 +0000 2016"}
{"polarity": 0.29428571428571426, "location": "New York, NY", "sentiment": "positive", "time": "Thu Jul 21 10:37:39 +0000 2016"}
{"polarity": 0.0, "location": "New York, NY", "sentiment": "neutral", "time": "Thu Jul 21 10:37:51 +0000 2016"}
{"polarity": -0.2, "location": "Boston, MA", "sentiment": "negative", "time": "Thu Jul 21 10:31:14 +0000 2016"}
{"polarity": 0.35, "location": "New York, NY", "sentiment": "positive", "time": "Thu Jul 21 10:31:24 +0000 2016"}
{"polarity": 0.0, "location": "Seattle, WA", "sentiment": "neutral", "time": "Thu Jul 21 10:31:52 +0000 2016"}
{"polarity": 0.0, "location": "Phoenix, AZ", "sentiment": "neutral", "time": "Thu Jul 21 10:41:41 +0000 2016"}
{"polarity": 0.4166666666666667, "location": "San Diego, CA", "sentiment": "positive", "time": "Thu Jul 21 10:41:57 +0000 2016"}
{"polarity": 0.1, "location": "New York, NY", "sentiment": "positive", "time": "Thu Jul 21 10:27:02 +0000 2016"}
{"polarity": 0.0, "location": "Seattle, WA", "sentiment": "neutral", "time": "Thu Jul 21 10:27:23 +0000 2016"}
{"polarity": 0.0, "location": "Seattle, WA", "sentiment": "neutral", "time": "Thu Jul 21 10:27:30 +0000 2016"}
{"polarity": -0.13333333333333333, "location": "Atlanta, GA", "sentiment": "negative", "time": "Thu Jul 21 10:27:34 +0000 2016"}
{"polarity": 0.0, "location": "San Diego, CA", "sentiment": "neutral", "time": "Thu Jul 21 10:27:56 +0000 2016"}
{"polarity": 0.0, "location": "Orlando, FL", "sentiment": "neutral", "time": "Thu Jul 21 10:27:59 +0000 2016"}
{"polarity": 0.35000000000000003, "location": "Boston, MA", "sentiment": "positive", "time": "Thu Jul 21 10:57:58 +0000 2016"}
{"polarity": -0.16666666666666666, "location": "Boston, MA", "sentiment": "negative", "time": "Thu Jul 21 10:26:07 +0000 2016"}
{"polarity": 0.0, "location": "Atlanta, GA", "sentiment": "neutral", "time": "Thu Jul 21 10:26:18 +0000 2016"}
{"polarity": 0.3, "location": "Atlanta, GA", "sentiment": "positive", "time": "Thu Jul 21 10:26:37 +0000 2016"}
{"polarity": 0.11111111111111112, "location": "Atlanta, GA", "sentiment": "positive", "time": "Thu Jul 21 10:58:13 +0000 2016"}
{"polarity": 0.2, "location": "New York, NY", "sentiment": "positive", "time": "Thu Jul 21 10:58:13 +0000 2016"}
{"polarity": 0.0, "location": "Atlanta, GA", "sentiment": "neutral", "time": "Thu Jul 21 10:58:25 +0000 2016"}
{"polarity": 0.0, "location": "New York, NY", "sentiment": "neutral", "time": "Thu Jul 21 10:42:00 +0000 2016"}
{"polarity": 0.0, "location": "New York, NY", "sentiment": "neutral", "time": "Thu Jul 21 10:42:24 +0000 2016"}
{"polarity": 0.0, "location": "Orlando, FL", "sentiment": "neutral", "time": "Thu Jul 21 10:42:27 +0000 2016"}
{"polarity": 0.0, "location": "Boston, MA", "sentiment": "neutral", "time": "Thu Jul 21 10:50:18 +0000 2016"}
{"polarity": 0.033333333333333326, "location": "Atlanta, GA", "sentiment": "positive", "time": "Thu Jul 21 10:15:04 +0000 2016"}
{"polarity": 0.13968253968253966, "location": "Boston, MA", "sentiment": "positive", "time": "Thu Jul 21 10:15:16 +0000 2016"}
{"polarity": 0.13636363636363635, "location": "Atlanta, GA", "sentiment": "positive", "time": "Thu Jul 21 10:15:32 +0000 2016"}
{"polarity": -0.3, "location": "Boston, MA", "sentiment": "negative", "time": "Thu Jul 21 10:15:40 +0000 2016"}
{"polarity": 0.0, "location": "Boston, MA", "sentiment": "neutral", "time": "Thu Jul 21 10:15:41 +0000 2016"}
{"polarity": 0.0, "location": "Atlanta, GA", "sentiment": "neutral", "time": "Thu Jul 21 10:15:53 +0000 2016"}
{"polarity": 0.4, "location": "Portland, OR", "sentiment": "positive", "time": "Thu Jul 21 10:38:09 +0000 2016"}
{"polarity": 0.0, "location": "Boston, MA", "sentiment": "neutral", "time": "Thu Jul 21 10:38:19 +0000 2016"}
{"polarity": 0.0, "location": "Atlanta, GA", "sentiment": "neutral", "time": "Thu Jul 21 10:38:36 +0000 2016"}
{"polarity": -0.20185185185185187, "location": "New York, NY", "sentiment": "negative", "time": "Thu Jul 21 10:21:17 +0000 2016"}
{"polarity": 0.5, "location": "Phoenix, AZ", "sentiment": "positive", "time": "Thu Jul 21 10:21:26 +0000 2016"}
{"polarity": 0.1, "location": "New York, NY", "sentiment": "positive", "time": "Thu Jul 21 10:21:30 +0000 2016"}
{"polarity": 0.16, "location": "Atlanta, GA", "sentiment": "positive", "time": "Thu Jul 21 10:21:31 +0000 2016"}
{"polarity": 0.0, "location": "Phoenix, AZ", "sentiment": "neutral", "time": "Thu Jul 21 10:17:59 +0000 2016"}
{"polarity": 0.0, "location": "Seattle, WA", "sentiment": "neutral", "time": "Thu Jul 21 10:12:09 +0000 2016"}
{"polarity": 0.0, "location": "Phoenix, AZ", "sentiment": "neutral", "time": "Thu Jul 21 10:12:55 +0000 2016"}
{"polarity": -0.025, "location": "Atlanta, GA", "sentiment": "negative", "time": "Thu Jul 21 10:29:30 +0000 2016"}
{"polarity": 0.13636363636363635, "location": "New York, NY", "sentiment": "positive", "time": "Thu Jul 21 10:29:47 +0000 2016"}
{"polarity": 0.0, "location": "New York, NY", "sentiment": "neutral", "time": "Thu Jul 21 10:29:47 +0000 2016"}
{"polarity": 0.0, "location": "San Diego, CA", "sentiment": "neutral", "time": "Thu Jul 21 10:29:57 +0000 2016"}
{"polarity": -0.5, "location": "New York, NY", "sentiment": "negative", "time": "Thu Jul 21 10:29:58 +0000 2016"}
{"polarity": 0.625, "location": "San Diego, CA", "sentiment": "positive", "time": "Thu Jul 21 10:18:17 +0000 2016"}
{"polarity": 0.1, "location": "Atlanta, GA", "sentiment": "positive", "time": "Thu Jul 21 10:18:17 +0000 2016"}
{"polarity": 0.0, "location": "New York, NY", "sentiment": "neutral", "time": "Thu Jul 21 10:46:00 +0000 2016"}
{"polarity": 0.0, "location": "Boston, MA", "sentiment": "neutral", "time": "Thu Jul 21 10:46:57 +0000 2016"}
{"polarity": 0.0, "location": "Orlando, FL", "sentiment": "neutral", "time": "Thu Jul 21 10:00:08 +0000 2016"}
{"polarity": 0.0, "location": "Atlanta, GA", "sentiment": "neutral", "time": "Thu Jul 21 10:00:26 +0000 2016"}
{"polarity": 0.35, "location": "New York, NY", "sentiment": "positive", "time": "Thu Jul 21 10:00:48 +0000 2016"}
{"polarity": 0.0, "location": "New York, NY", "sentiment": "neutral", "time": "Thu Jul 21 10:00:58 +0000 2016"}
{"polarity": 0.0, "location": "Phoenix, AZ", "sentiment": "neutral", "time": "Thu Jul 21 10:05:08 +0000 2016"}
{"polarity": 0.0, "location": "New York, NY", "sentiment": "neutral", "time": "Thu Jul 21 10:05:09 +0000 2016"}
{"polarity": -0.05, "location": "Portland, OR", "sentiment": "negative", "time": "Thu Jul 21 10:05:22 +0000 2016"}
{"polarity": 0.8, "location": "Atlanta, GA", "sentiment": "positive", "time": "Thu Jul 21 10:05:30 +0000 2016"}
{"polarity": 0.016666666666666666, "location": "Atlanta, GA", "sentiment": "positive", "time": "Thu Jul 21 10:11:11 +0000 2016"}
{"polarity": 0.8, "location": "Seattle, WA", "sentiment": "positive", "time": "Thu Jul 21 10:11:29 +0000 2016"}
{"polarity": 0.0, "location": "Orlando, FL", "sentiment": "neutral", "time": "Thu Jul 21 10:11:40 +0000 2016"}
{"polarity": 0.0, "location": "Orlando, FL", "sentiment": "neutral", "time": "Thu Jul 21 10:11:48 +0000 2016"}
{"polarity": 0.0, "location": "Orlando, FL", "sentiment": "neutral", "time": "Thu Jul 21 10:56:11 +0000 2016"}
{"polarity": 0.0, "location": "Boston, MA", "sentiment": "neutral", "time": "Thu Jul 21 10:56:34 +0000 2016"}
{"polarity": 0.0, "location": "Phoenix, AZ", "sentiment": "neutral", "time": "Thu Jul 21 10:56:44 +0000 2016"}
{"polarity": 0.2, "location": "San Diego, CA", "sentiment": "positive", "time": "Thu Jul 21 10:47:05 +0000 2016"}
{"polarity": 0.0, "location": "Boston, MA", "sentiment": "neutral", "time": "Thu Jul 21 10:47:15 +0000 2016"}
{"polarity": 0.0, "location": "Orlando, FL", "sentiment": "neutral", "time": "Thu Jul 21 10:47:38 +0000 2016"}
{"polarity": 0.05000000000000002, "location": "Atlanta, GA", "sentiment": "positive", "time": "Thu Jul 21 10:47:51 +0000 2016"}
{"polarity": -0.1138888888888889, "location": "New York, NY", "sentiment": "negative", "time": "Thu Jul 21 10:47:54 +0000 2016"}
{"polarity": 0.0, "location": "Atlanta, GA", "sentiment": "neutral", "time": "Thu Jul 21 10:52:09 +0000 2016"}
{"polarity": 0.0, "location": "Seattle, WA", "sentiment": "neutral", "time": "Thu Jul 21 10:52:09 +0000 2016"}
{"polarity": 0.0, "location": "Atlanta, GA", "sentiment": "neutral", "time": "Thu Jul 21 10:52:17 +0000 2016"}
{"polarity": 0.0, "location": "New York, NY", "sentiment": "neutral", "time": "Thu Jul 21 10:52:34 +0000 2016"}
{"polarity": 0.78, "location": "Portland, OR", "sentiment": "positive", "time": "Thu Jul 21 10:53:10 +0000 2016"}
{"polarity": 0.0, "location": "New York, NY", "sentiment": "neutral", "time": "Thu Jul 21 10:53:56 +0000 2016"}
{"polarity": 0.0, "location": "Boston, MA", "sentiment": "neutral", "time": "Thu Jul 21 10:02:34 +0000 2016"}
{"polarity": 0.06818181818181818, "location": "Boston, MA", "sentiment": "positive", "time": "Thu Jul 21 10:48:06 +0000 2016"}
{"polarity": 0.05000000000000002, "location": "Boston, MA", "sentiment": "positive", "time": "Thu Jul 21 10:48:14 +0000 2016"}
{"polarity": 0.7, "location": "Seattle, WA", "sentiment": "positive", "time": "Thu Jul 21 10:48:45 +0000 2016"}
{"polarity": 0.0, "location": "New York, NY", "sentiment": "neutral", "time": "Thu Jul 21 10:48:55 +0000 2016"}
{"polarity": 0.20555555555555557, "location": "Phoenix, AZ", "sentiment": "positive", "time": "Thu Jul 21 10:25:11 +0000 2016"}
{"polarity": 0.0, "location": "San Diego, CA", "sentiment": "neutral", "time": "Thu Jul 21 10:25:19 +0000 2016"}
{"polarity": 0.6, "location": "San Diego, CA", "sentiment": "positive", "time": "Thu Jul 21 10:25:30 +0000 2016"}
{"polarity": 0.0, "location": "San Diego, CA", "sentiment": "neutral", "time": "Thu Jul 21 10:16:30 +0000 2016"}
{"polarity": 0.0, "location": "New York, NY", "sentiment": "neutral", "time": "Thu Jul 21 10:16:55 +0000 2016"}
{"polarity": 0.4166666666666667, "location": "San Diego, CA", "sentiment": "positive", "time": "Thu Jul 21 10:14:02 +0000 2016"}
{"polarity": 0.0, "location": "Atlanta, GA", "sentiment": "neutral", "time": "Thu Jul 21 10:14:15 +0000 2016"}
{"polarity": 0.2, "location": "New York, NY", "sentiment": "positive", "time": "Thu Jul 21 10:14:34 +0000 2016"}
{"polarity": 0.0, "location": "Boston, MA", "sentiment": "neutral", "time": "Thu Jul 21 10:23:06 +0000 2016"}
{"polarity": 1.0, "location": "New York, NY", "sentiment": "positive", "time": "Thu Jul 21 10:07:33 +0000 2016"}
{"polarity": 0.0, "location": "Boston, MA", "sentiment": "neutral", "time": "Thu Jul 21 10:07:52 +0000 2016"}
{"polarity": 0.3181818181818182, "location": "Phoenix, AZ", "sentiment": "positive", "time": "Thu Jul 21 10:51:08 +0000 2016"}
{"polarity": 0.0, "location": "New York, NY", "sentiment": "neutral", "time": "Thu Jul 21 10:51:26 +0000 2016"}
{"polarity": 0.0, "location": "New York, NY", "sentiment": "neutral", "time": "Thu Jul 21 10:51:43 +0000 2016"}
{"polarity": 0.6, "location": "Seattle, WA", "sentiment": "positive", "time": "Thu Jul 21 10:51:55 +0000 2016"}
{"polarity": 0.0, "location": "Seattle, WA", "sentiment": "neutral", "time": "Thu Jul 21 10:30:07 +0000 2016"}
{"polarity": 0.13636363636363635, "location": "Atlanta, GA", "sentiment": "positive", "time": "Thu Jul 21 10:30:31 +0000 2016"}
{"polarity": 0.0, "location": "Orlando, FL", "sentiment": "neutral", "time": "Thu Jul 21 10:30:32 +0000 2016"}
{"polarity": 0.0, "location": "Boston, MA", "sentiment": "neutral", "time": "Thu Jul 21 10:03:38 +0000 2016"}
{"polarity": 0.0, "location": "Boston, MA", "sentiment": "neutral", "time": "Thu Jul 21 10:40:08 +0000 2016"}
{"polarity": 0.0, "location": "New York, NY", "sentiment": "neutral", "time": "Thu Jul 21 10:40:22 +0000 2016"}
{"polarity": 0.0, "location": "New York, NY", "sentiment": "neutral", "time": "Thu Jul 21 10:40:36 +0000 2016"}
{"polarity": 0.0, "location": "New York, NY", "sentiment": "neutral", "time": "Thu Jul 21 10:08:01 +0000 2016"}
{"polarity": 0.0, "location": "Orlando, FL", "sentiment": "neutral", "time": "Thu Jul 21 10:08:27 +0000 2016"}
{"polarity": 0.0, "location": "New York, NY", "sentiment": "neutral", "time": "Thu Jul 21 10:08:35 +0000 2016"}
{"polarity": 0.0, "location": "Phoenix, AZ", "sentiment": "neutral", "time": "Thu Jul 21 10:08:51 +0000 2016"}
{"polarity": 0.022222222222222223, "location": "San Diego, CA", "sentiment": "positive", "time": "Thu Jul 21 10:35:11 +0000 2016"}
{"polarity": 0.05, "location": "Orlando, FL", "sentiment": "positive", "time": "Thu Jul 21 10:35:41 +0000 2016"}
{"polarity": 0.0, "location": "Portland, OR", "sentiment": "neutral", "time": "Thu Jul 21 10:35:55 +0000 2016"}
{"polarity": 0.0, "location": "New York, NY", "sentiment": "neutral", "time": "Thu Jul 21 10:43:13 +0000 2016"}
{"polarity": -0.25, "location": "Atlanta, GA", "sentiment": "negative", "time": "Thu Jul 21 10:43:16 +0000 2016"}
{"polarity": 0.0, "location": "Orlando, FL", "sentiment": "neutral", "time": "Thu Jul 21 10:43:40 +0000 2016"}
{"polarity": 0.0, "location": "New York, NY", "sentiment": "neutral", "time": "Thu Jul 21 10:43:53 +0000 2016"}
{"polarity": 0.19772727272727272, "location": "New York, NY", "sentiment": "positive", "time": "Thu Jul 21 10:10:07 +0000 2016"}
{"polarity": 0.0, "location": "Atlanta, GA", "sentiment": "neutral", "time": "Thu Jul 21 10:10:18 +0000 2016"}
{"polarity": 0.16666666666666666, "location": "Atlanta, GA", "sentiment": "positive", "time": "Thu Jul 21 10:10:22 +0000 2016"}
{"polarity": 0.0, "location": "New York, NY", "sentiment": "neutral", "time": "Thu Jul 21 10:10:23 +0000 2016"}
{"polarity": 0.0, "location": "New York, NY", "sentiment": "neutral", "time": "Thu Jul 21 10:10:36 +0000 2016"}
{"polarity": 0.625, "location": "Atlanta, GA", "sentiment": "positive", "time": "Thu Jul 21 10:10:38 +0000 2016"}
{"polarity": 0.0, "location": "Phoenix, AZ", "sentiment": "neutral", "time": "Thu Jul 21 10:54:05 +0000 2016"}
{"polarity": 0.0, "location": "Orlando, FL", "sentiment": "neutral", "time": "Thu Jul 21 10:54:13 +0000 2016"}
{"polarity": -0.08333333333333334, "location": "Orlando, FL", "sentiment": "negative", "time": "Thu Jul 21 10:54:40 +0000 2016"}
{"polarity": 0.0, "location": "Atlanta, GA", "sentiment": "neutral", "time": "Thu Jul 21 10:24:05 +0000 2016"}
{"polarity": 0.25, "location": "Atlanta, GA", "sentiment": "positive", "time": "Thu Jul 21 10:24:41 +0000 2016"}
{"polarity": 0.0, "location": "Orlando, FL", "sentiment": "neutral", "time": "Thu Jul 21 10:32:22 +0000 2016"}
{"polarity": 0.0, "location": "Seattle, WA", "sentiment": "neutral", "time": "Thu Jul 21 10:32:31 +0000 2016"}
{"polarity": 0.0, "location": "Orlando, FL", "sentiment": "neutral", "time": "Thu Jul 21 10:36:28 +0000 2016"}
{"polarity": 0.675, "location": "New York, NY", "sentiment": "positive", "time": "Thu Jul 21 10:36:56 +0000 2016"}
{"polarity": 0.0, "location": "New York, NY", "sentiment": "neutral", "time": "Thu Jul 21 10:01:05 +0000 2016"}
{"polarity": 0.0, "location": "New York, NY", "sentiment": "neutral", "time": "Thu Jul 21 10:01:17 +0000 2016"}
{"polarity": 0.5, "location": "San Diego, CA", "sentiment": "positive", "time": "Thu Jul 21 10:01:40 +0000 2016"}
{"polarity": 0.2333333333333333, "location": "New York, NY", "sentiment": "positive", "time": "Thu Jul 21 10:01:49 +0000 2016"}
{"polarity": 0.06818181818181818, "location": "Boston, MA", "sentiment": "positive", "time": "Thu Jul 21 10:55:22 +0000 2016"}
{"polarity": 0.0, "location": "New York, NY", "sentiment": "neutral", "time": "Thu Jul 21 10:09:16 +0000 2016"}
{"polarity": 0.0, "location": "Orlando, FL", "sentiment": "neutral", "time": "Thu Jul 21 10:09:24 +0000 2016"}
{"polarity": 0.0, "location": "Atlanta, GA", "sentiment": "neutral", "time": "Thu Jul 21 10:33:01 +0000 2016"}
{"polarity": 0.0, "location": "Boston, MA", "sentiment": "neutral", "time": "Thu Jul 21 10:33:02 +0000 2016"}
{"polarity": 0.0, "location": "San Diego, CA", "sentiment": "neutral", "time": "Thu Jul 21 10:33:02 +0000 2016"}
{"polarity": 0.13636363636363635, "location": "New York, NY", "sentiment": "positive", "time": "Thu Jul 21 10:33:08 +0000 2016"}
{"polarity": 0.09999999999999998, "location": "Phoenix, AZ", "sentiment": "positive", "time": "Thu Jul 21 10:33:17 +0000 2016"}
{"polarity": 0.4, "location": "Portland, OR", "sentiment": "positive", "time": "Thu Jul 21 10:33:17 +0000 2016"}
{"polarity": 0.2, "location": "St. Louis, MO", "sentiment": "positive", "time": "Thu Jul 21 10:33:28 +0000 2016"}
{"polarity": -0.05, "location": "San Diego, CA", "sentiment": "negative", "time": "Thu Jul 21 10:44:07 +0000 2016"}
{"polarity": 0.0, "location": "Seattle, WA", "sentiment": "neutral", "time": "Thu Jul 21 10:28:39 +0000 2016"}
{"polarity": 0.0, "location": "New York, NY", "sentiment": "neutral", "time": "Thu Jul 21 10:28:39 +0000 2016"}
{"polarity": 0.0, "location": "Atlanta, GA", "sentiment": "neutral", "time": "Thu Jul 21 10:28:48 +0000 2016"}
{"polarity": 0.0, "location": "Boston, MA", "sentiment": "neutral", "time": "Thu Jul 21 10:28:49 +0000 2016"}
{"polarity": 0.0, "location": "San Diego, CA", "sentiment": "neutral", "time": "Thu Jul 21 10:22:11 +0000 2016"}
{"polarity": 0.0, "location": "Boston, MA", "sentiment": "neutral", "time": "Thu Jul 21 10:49:02 +0000 2016"}
{"polarity": 0.004166666666666652, "location": "Phoenix, AZ", "sentiment": "positive", "time": "Thu Jul 21 10:49:06 +0000 2016"}
{"polarity": 0.25, "location": "New York, NY", "sentiment": "positive", "time": "Thu Jul 21 10:49:23 +0000 2016"}
{"polarity": 0.5, "location": "Boston, MA", "sentiment": "positive", "time": "Thu Jul 21 10:49:32 +0000 2016"}
{"polarity": 0.0, "location": "Portland, OR", "sentiment": "neutral", "time": "Thu Jul 21 10:49:33 +0000 2016"}
{"polarity": 0.2857142857142857, "location": "New York, NY", "sentiment": "positive", "time": "Thu Jul 21 10:49:36 +0000 2016"}
{"polarity": -0.16666666666666666, "location": "Atlanta, GA", "sentiment": "negative", "time": "Thu Jul 21 10:49:39 +0000 2016"}
{"polarity": 0.375, "location": "Boston, MA", "sentiment": "positive", "time": "Thu Jul 21 10:45:09 +0000 2016"}
{"polarity": 0.3416666666666667, "location": "Orlando, FL", "sentiment": "positive", "time": "Thu Jul 21 10:45:42 +0000 2016"}
{"polarity": 0.0, "location": "San Diego, CA", "sentiment": "neutral", "time": "Thu Jul 21 10:45:51 +0000 2016"}
{"polarity": 0.0, "location": "New York, NY", "sentiment": "neutral", "time": "Thu Jul 21 10:06:02 +0000 2016"}
{"polarity": 0.0, "location": "Seattle, WA", "sentiment": "neutral", "time": "Thu Jul 21 10:06:12 +0000 2016"}
{"polarity": 0.0, "location": "San Diego, CA", "sentiment": "neutral", "time": "Thu Jul 21 10:06:41 +0000 2016"}
{"polarity": 0.0, "location": "New York, NY", "sentiment": "neutral", "time": "Thu Jul 21 10:20:43 +0000 2016"}
{"polarity": 0.0, "location": "New York, NY", "sentiment": "neutral", "time": "Thu Jul 21 10:20:48 +0000 2016"}
{"polarity": 0.09523809523809523, "location": "Atlanta, GA", "sentiment": "positive", "time": "Thu Jul 21 10:13:03 +0000 2016"}
{"polarity": 0.0, "location": "Boston, MA", "sentiment": "neutral", "time": "Thu Jul 21 10:13:20 +0000 2016"}
{"polarity": 0.0, "location": "San Diego, CA", "sentiment": "neutral", "time": "Thu Jul 21 10:13:26 +0000 2016"}
{"polarity": 0.9, "location": "Boston, MA", "sentiment": "positive", "time": "Thu Jul 21 10:04:27 +0000 2016"}
{"polarity": 0.0, "location": "Boston, MA", "sentiment": "neutral", "time": "Thu Jul 21 10:04:36 +0000 2016"}
{"polarity": 0.0, "location": "New York, NY", "sentiment": "neutral", "time": "Thu Jul 21 10:04:43 +0000 2016"}
{"polarity": 0.2708333333333333, "location": "Atlanta, GA", "sentiment": "positive", "time": "Thu Jul 21 19:39:29 +0000 2016"}
{"polarity": -0.04523809523809526, "location": "San Diego, CA", "sentiment": "negative", "time": "Thu Jul 21 19:39:39 +0000 2016"}
{"polarity": 0.4000000000000001, "location": "Phoenix, AZ", "sentiment": "positive", "time": "Thu Jul 21 19:39:43 +0000 2016"}
{"polarity": 0.25, "location": "Seattle, WA", "sentiment": "positive", "time": "Thu Jul 21 19:39:49 +0000 2016"}
{"polarity": 0.0, "location": "New York, NY", "sentiment": "neutral", "time": "Thu Jul 21 19:39:51 +0000 2016"}
{"polarity": 0.0, "location": "New York, NY", "sentiment": "neutral", "time": "Thu Jul 21 19:39:57 +0000 2016"}
{"polarity": 0.5, "location": "Portland, OR", "sentiment": "positive", "time": "Thu Jul 21 19:39:57 +0000 2016"}
{"polarity": 0.0, "location": "Orlando, FL", "sentiment": "neutral", "time": "Thu Jul 21 19:59:08 +0000 2016"}
{"polarity": 1.0, "location": "Atlanta, GA", "sentiment": "positive", "time": "Thu Jul 21 19:59:11 +0000 2016"}
{"polarity": 0.0, "location": "New York, NY", "sentiment": "neutral", "time": "Thu Jul 21 19:59:11 +0000 2016"}
{"polarity": 0.0, "location": "Atlanta, GA", "sentiment": "neutral", "time": "Thu Jul 21 19:59:12 +0000 2016"}
{"polarity": 0.0, "location": "Phoenix, AZ", "sentiment": "neutral", "time": "Thu Jul 21 19:59:15 +0000 2016"}
{"polarity": 0.0, "location": "San Diego, CA", "sentiment": "neutral", "time": "Thu Jul 21 19:59:29 +0000 2016"}
{"polarity": -0.125, "location": "New York, NY", "sentiment": "negative", "time": "Thu Jul 21 19:59:37 +0000 2016"}
{"polarity": 0.0, "location": "Boston, MA", "sentiment": "neutral", "time": "Thu Jul 21 19:59:38 +0000 2016"}
{"polarity": 0.14, "location": "Portland, OR", "sentiment": "positive", "time": "Thu Jul 21 19:59:39 +0000 2016"}
{"polarity": 0.2857142857142857, "location": "New York, NY", "sentiment": "positive", "time": "Thu Jul 21 19:59:43 +0000 2016"}
{"polarity": 0.5333333333333333, "location": "Orlando, FL", "sentiment": "positive", "time": "Thu Jul 21 19:59:48 +0000 2016"}
{"polarity": 0.3125, "location": "Seattle, WA", "sentiment": "positive", "time": "Thu Jul 21 19:59:58 +0000 2016"}
{"polarity": 0.375, "location": "Orlando, FL", "sentiment": "positive", "time": "Thu Jul 21 19:19:12 +0000 2016"}
{"polarity": 0.0, "location": "New York, NY", "sentiment": "neutral", "time": "Thu Jul 21 19:19:15 +0000 2016"}
{"polarity": 0.13636363636363635, "location": "Orlando, FL", "sentiment": "positive", "time": "Thu Jul 21 19:19:18 +0000 2016"}
{"polarity": 0.3181818181818182, "location": "Atlanta, GA", "sentiment": "positive", "time": "Thu Jul 21 19:19:24 +0000 2016"}
{"polarity": 0.0, "location": "Portland, OR", "sentiment": "neutral", "time": "Thu Jul 21 19:19:27 +0000 2016"}
{"polarity": 1.0, "location": "New York, NY", "sentiment": "positive", "time": "Thu Jul 21 19:19:32 +0000 2016"}
{"polarity": 0.0, "location": "Orlando, FL", "sentiment": "neutral", "time": "Thu Jul 21 19:19:34 +0000 2016"}
{"polarity": -0.3, "location": "Boston, MA", "sentiment": "negative", "time": "Thu Jul 21 19:19:43 +0000 2016"}
{"polarity": 0.0, "location": "Phoenix, AZ", "sentiment": "neutral", "time": "Thu Jul 21 19:19:57 +0000 2016"}
{"polarity": 0.022222222222222213, "location": "Orlando, FL", "sentiment": "positive", "time": "Thu Jul 21 19:19:57 +0000 2016"}
{"polarity": -1.3877787807814457e-17, "location": "Atlanta, GA", "sentiment": "negative", "time": "Thu Jul 21 19:19:57 +0000 2016"}
{"polarity": 1.0, "location": "Atlanta, GA", "sentiment": "positive", "time": "Thu Jul 21 19:19:58 +0000 2016"}
{"polarity": 0.0, "location": "Atlanta, GA", "sentiment": "neutral", "time": "Thu Jul 21 19:37:00 +0000 2016"}
{"polarity": 0.45, "location": "New York, NY", "sentiment": "positive", "time": "Thu Jul 21 19:37:06 +0000 2016"}
{"polarity": 0.0, "location": "New York, NY", "sentiment": "neutral", "time": "Thu Jul 21 19:37:08 +0000 2016"}
{"polarity": 0.0, "location": "Portland, OR", "sentiment": "neutral", "time": "Thu Jul 21 19:37:08 +0000 2016"}
{"polarity": 0.0, "location": "New York, NY", "sentiment": "neutral", "time": "Thu Jul 21 19:37:12 +0000 2016"}
{"polarity": 0.45, "location": "Orlando, FL", "sentiment": "positive", "time": "Thu Jul 21 19:37:15 +0000 2016"}
{"polarity": 0.0, "location": "Atlanta, GA", "sentiment": "neutral", "time": "Thu Jul 21 19:37:28 +0000 2016"}
{"polarity": 0.0, "location": "Phoenix, AZ", "sentiment": "neutral", "time": "Thu Jul 21 19:37:31 +0000 2016"}
{"polarity": 0.0, "location": "San Diego, CA", "sentiment": "neutral", "time": "Thu Jul 21 19:37:36 +0000 2016"}
{"polarity": 0.20000000000000004, "location": "New York, NY", "sentiment": "positive", "time": "Thu Jul 21 19:37:52 +0000 2016"}
{"polarity": 0.0, "location": "Orlando, FL", "sentiment": "neutral", "time": "Thu Jul 21 19:37:53 +0000 2016"}
{"polarity": 0.0, "location": "Boston, MA", "sentiment": "neutral", "time": "Thu Jul 21 19:37:59 +0000 2016"}
{"polarity": 0.0, "location": "Atlanta, GA", "sentiment": "neutral", "time": "Thu Jul 21 19:31:01 +0000 2016"}
{"polarity": 0.075, "location": "New York, NY", "sentiment": "positive", "time": "Thu Jul 21 19:31:08 +0000 2016"}
{"polarity": 0.25, "location": "Boston, MA", "sentiment": "positive", "time": "Thu Jul 21 19:31:10 +0000 2016"}
{"polarity": -0.006696428571428575, "location": "Phoenix, AZ", "sentiment": "negative", "time": "Thu Jul 21 19:31:14 +0000 2016"}
{"polarity": 0.30000000000000004, "location": "Portland, OR", "sentiment": "positive", "time": "Thu Jul 21 19:31:15 +0000 2016"}
{"polarity": 0.09375, "location": "San Diego, CA", "sentiment": "positive", "time": "Thu Jul 21 19:31:18 +0000 2016"}
{"polarity": 0.0, "location": "New York, NY", "sentiment": "neutral", "time": "Thu Jul 21 19:31:24 +0000 2016"}
{"polarity": -0.021666666666666678, "location": "Seattle, WA", "sentiment": "negative", "time": "Thu Jul 21 19:31:24 +0000 2016"}
{"polarity": 0.8, "location": "San Diego, CA", "sentiment": "positive", "time": "Thu Jul 21 19:31:24 +0000 2016"}
{"polarity": 0.0, "location": "San Diego, CA", "sentiment": "neutral", "time": "Thu Jul 21 19:31:25 +0000 2016"}
{"polarity": 0.0, "location": "New York, NY", "sentiment": "neutral", "time": "Thu Jul 21 19:31:26 +0000 2016"}
{"polarity": 0.0, "location": "Atlanta, GA", "sentiment": "neutral", "time": "Thu Jul 21 19:31:28 +0000 2016"}
{"polarity": 0.0, "location": "Atlanta, GA", "sentiment": "neutral", "time": "Thu Jul 21 19:31:29 +0000 2016"}
{"polarity": 0.2, "location": "Atlanta, GA", "sentiment": "positive", "time": "Thu Jul 21 19:31:36 +0000 2016"}
{"polarity": 0.0, "location": "St. Louis, MO", "sentiment": "neutral", "time": "Thu Jul 21 19:31:37 +0000 2016"}
{"polarity": 0.24675324675324675, "location": "Seattle, WA", "sentiment": "positive", "time": "Thu Jul 21 19:31:38 +0000 2016"}
{"polarity": 0.0, "location": "Atlanta, GA", "sentiment": "neutral", "time": "Thu Jul 21 19:31:39 +0000 2016"}
{"polarity": 0.0, "location": "Atlanta, GA", "sentiment": "neutral", "time": "Thu Jul 21 19:31:50 +0000 2016"}
{"polarity": 0.0, "location": "Phoenix, AZ", "sentiment": "neutral", "time": "Thu Jul 21 19:31:51 +0000 2016"}
{"polarity": 0.0, "location": "Seattle, WA", "sentiment": "neutral", "time": "Thu Jul 21 19:31:53 +0000 2016"}
{"polarity": 0.0, "location": "Seattle, WA", "sentiment": "neutral", "time": "Thu Jul 21 19:31:56 +0000 2016"}
{"polarity": 0.0, "location": "New York, NY", "sentiment": "neutral", "time": "Thu Jul 21 19:31:44 +0000 2016"}
{"polarity": -0.1, "location": "Seattle, WA", "sentiment": "negative", "time": "Thu Jul 21 19:41:00 +0000 2016"}
{"polarity": 0.0, "location": "Phoenix, AZ", "sentiment": "neutral", "time": "Thu Jul 21 19:41:06 +0000 2016"}
{"polarity": 0.0, "location": "Orlando, FL", "sentiment": "neutral", "time": "Thu Jul 21 19:41:07 +0000 2016"}
{"polarity": 0.0, "location": "New York, NY", "sentiment": "neutral", "time": "Thu Jul 21 19:41:07 +0000 2016"}
{"polarity": 0.0, "location": "Orlando, FL", "sentiment": "neutral", "time": "Thu Jul 21 19:41:12 +0000 2016"}
{"polarity": 0.5, "location": "New York, NY", "sentiment": "positive", "time": "Thu Jul 21 19:41:23 +0000 2016"}
{"polarity": 0.5, "location": "San Diego, CA", "sentiment": "positive", "time": "Thu Jul 21 19:41:24 +0000 2016"}
{"polarity": 0.0, "location": "New York, NY", "sentiment": "neutral", "time": "Thu Jul 21 19:41:34 +0000 2016"}
{"polarity": 0.0, "location": "Atlanta, GA", "sentiment": "neutral", "time": "Thu Jul 21 19:41:35 +0000 2016"}
{"polarity": 0.0, "location": "Phoenix, AZ", "sentiment": "neutral", "time": "Thu Jul 21 19:41:59 +0000 2016"}
{"polarity": 0.5, "location": "Atlanta, GA", "sentiment": "positive", "time": "Thu Jul 21 19:27:00 +0000 2016"}
{"polarity": 0.0, "location": "Seattle, WA", "sentiment": "neutral", "time": "Thu Jul 21 19:27:02 +0000 2016"}
{"polarity": -0.11666666666666665, "location": "Atlanta, GA", "sentiment": "negative", "time": "Thu Jul 21 19:27:09 +0000 2016"}
{"polarity": -0.2, "location": "San Diego, CA", "sentiment": "negative", "time": "Thu Jul 21 19:27:12 +0000 2016"}
{"polarity": 0.0, "location": "San Diego, CA", "sentiment": "neutral", "time": "Thu Jul 21 19:27:15 +0000 2016"}
{"polarity": 0.0, "location": "New York, NY", "sentiment": "neutral", "time": "Thu Jul 21 19:27:18 +0000 2016"}
{"polarity": 0.5, "location": "Atlanta, GA", "sentiment": "positive", "time": "Thu Jul 21 19:27:20 +0000 2016"}
{"polarity": 0.0, "location": "Phoenix, AZ", "sentiment": "neutral", "time": "Thu Jul 21 19:27:25 +0000 2016"}
{"polarity": 0.0, "location": "Boston, MA", "sentiment": "neutral", "time": "Thu Jul 21 19:27:31 +0000 2016"}
{"polarity": 0.14444444444444446, "location": "Atlanta, GA", "sentiment": "positive", "time": "Thu Jul 21 19:27:36 +0000 2016"}
{"polarity": 0.0, "location": "New York, NY", "sentiment": "neutral", "time": "Thu Jul 21 19:27:41 +0000 2016"}
{"polarity": 0.0, "location": "New York, NY", "sentiment": "neutral", "time": "Thu Jul 21 19:27:52 +0000 2016"}
{"polarity": 0.0, "location": "Orlando, FL", "sentiment": "neutral", "time": "Thu Jul 21 19:27:59 +0000 2016"}
{"polarity": 0.0, "location": "Orlando, FL", "sentiment": "neutral", "time": "Thu Jul 21 19:57:00 +0000 2016"}
{"polarity": 0.0, "location": "Seattle, WA", "sentiment": "neutral", "time": "Thu Jul 21 19:57:07 +0000 2016"}
{"polarity": 0.4, "location": "Boston, MA", "sentiment": "positive", "time": "Thu Jul 21 19:57:13 +0000 2016"}
{"polarity": 0.06818181818181818, "location": "Phoenix, AZ", "sentiment": "positive", "time": "Thu Jul 21 19:57:14 +0000 2016"}
{"polarity": 0.0, "location": "Boston, MA", "sentiment": "neutral", "time": "Thu Jul 21 19:57:19 +0000 2016"}
{"polarity": 0.0, "location": "Phoenix, AZ", "sentiment": "neutral", "time": "Thu Jul 21 19:57:22 +0000 2016"}
{"polarity": 0.75, "location": "Boston, MA", "sentiment": "positive", "time": "Thu Jul 21 19:57:24 +0000 2016"}
{"polarity": 0.2, "location": "Orlando, FL", "sentiment": "positive", "time": "Thu Jul 21 19:57:34 +0000 2016"}
{"polarity": 0.0, "location": "New York, NY", "sentiment": "neutral", "time": "Thu Jul 21 19:57:34 +0000 2016"}
{"polarity": 0.6166666666666667, "location": "Boston, MA", "sentiment": "positive", "time": "Thu Jul 21 19:57:56 +0000 2016"}
{"polarity": 1.0, "location": "Boston, MA", "sentiment": "positive", "time": "Thu Jul 21 19:57:59 +0000 2016"}
{"polarity": 0.0, "location": "San Diego, CA", "sentiment": "neutral", "time": "Thu Jul 21 19:26:02 +0000 2016"}
{"polarity": 0.3333333333333333, "location": "Boston, MA", "sentiment": "positive", "time": "Thu Jul 21 19:26:03 +0000 2016"}
{"polarity": -0.625, "location": "Atlanta, GA", "sentiment": "negative", "time": "Thu Jul 21 19:26:25 +0000 2016"}
{"polarity": 0.3181818181818182, "location": "Portland, OR", "sentiment": "positive", "time": "Thu Jul 21 19:26:35 +0000 2016"}
{"polarity": 0.0, "location": "Portland, OR", "sentiment": "neutral", "time": "Thu Jul 21 19:26:37 +0000 2016"}
{"polarity": 0.24367559523809523, "location": "Phoenix, AZ", "sentiment": "positive", "time": "Thu Jul 21 19:26:52 +0000 2016"}
{"polarity": 0.0, "location": "New York, NY", "sentiment": "neutral", "time": "Thu Jul 21 19:26:53 +0000 2016"}
{"polarity": -0.8, "location": "Orlando, FL", "sentiment": "negative", "time": "Thu Jul 21 19:26:53 +0000 2016"}
{"polarity": 0.7, "location": "Atlanta, GA", "sentiment": "positive", "time": "Thu Jul 21 19:26:52 +0000 2016"}
{"polarity": 0.0, "location": "Orlando, FL", "sentiment": "neutral", "time": "Thu Jul 21 19:26:59 +0000 2016"}
{"polarity": 0.0, "location": "Orlando, FL", "sentiment": "neutral", "time": "Thu Jul 21 19:58:07 +0000 2016"}
{"polarity": 0.32857142857142857, "location": "New York, NY", "sentiment": "positive", "time": "Thu Jul 21 19:58:11 +0000 2016"}
{"polarity": 0.55, "location": "Portland, OR", "sentiment": "positive", "time": "Thu Jul 21 19:58:11 +0000 2016"}
{"polarity": 0.2, "location": "Atlanta, GA", "sentiment": "positive", "time": "Thu Jul 21 19:58:12 +0000 2016"}
{"polarity": 0.7, "location": "Atlanta, GA", "sentiment": "positive", "time": "Thu Jul 21 19:58:20 +0000 2016"}
{"polarity": -0.2, "location": "New York, NY", "sentiment": "negative", "time": "Thu Jul 21 19:58:23 +0000 2016"}
{"polarity": 0.0, "location": "Phoenix, AZ", "sentiment": "neutral", "time": "Thu Jul 21 19:58:30 +0000 2016"}
{"polarity": 0.375, "location": "Portland, OR", "sentiment": "positive", "time": "Thu Jul 21 19:58:30 +0000 2016"}
{"polarity": 0.0, "location": "New York, NY", "sentiment": "neutral", "time": "Thu Jul 21 19:58:36 +0000 2016"}
{"polarity": -0.3, "location": "Orlando, FL", "sentiment": "negative", "time": "Thu Jul 21 19:58:37 +0000 2016"}
{"polarity": 0.0, "location": "Portland, OR", "sentiment": "neutral", "time": "Thu Jul 21 19:58:38 +0000 2016"}
{"polarity": 0.009615384615384609, "location": "Seattle, WA", "sentiment": "positive", "time": "Thu Jul 21 19:58:41 +0000 2016"}
{"polarity": 0.5, "location": "Phoenix, AZ", "sentiment": "positive", "time": "Thu Jul 21 19:58:44 +0000 2016"}
{"polarity": 0.0, "location": "Orlando, FL", "sentiment": "neutral", "time": "Thu Jul 21 19:58:49 +0000 2016"}
{"polarity": 0.0, "location": "Seattle, WA", "sentiment": "neutral", "time": "Thu Jul 21 19:58:50 +0000 2016"}
{"polarity": 0.5, "location": "New York, NY", "sentiment": "positive", "time": "Thu Jul 21 19:58:55 +0000 2016"}
{"polarity": 0.0, "location": "Orlando, FL", "sentiment": "neutral", "time": "Thu Jul 21 19:58:59 +0000 2016"}
{"polarity": 0.0, "location": "Orlando, FL", "sentiment": "neutral", "time": "Thu Jul 21 19:42:03 +0000 2016"}
{"polarity": 0.0, "location": "San Diego, CA", "sentiment": "neutral", "time": "Thu Jul 21 19:42:13 +0000 2016"}
{"polarity": 0.1, "location": "Phoenix, AZ", "sentiment": "positive", "time": "Thu Jul 21 19:42:38 +0000 2016"}
{"polarity": -0.25, "location": "San Diego, CA", "sentiment": "negative", "time": "Thu Jul 21 19:42:40 +0000 2016"}
{"polarity": 0.0, "location": "San Diego, CA", "sentiment": "neutral", "time": "Thu Jul 21 19:42:41 +0000 2016"}
{"polarity": 0.375, "location": "Phoenix, AZ", "sentiment": "positive", "time": "Thu Jul 21 19:42:45 +0000 2016"}
{"polarity": 0.4, "location": "Kansas City, KS", "sentiment": "positive", "time": "Thu Jul 21 19:42:48 +0000 2016"}
{"polarity": 0.5, "location": "Seattle, WA", "sentiment": "positive", "time": "Thu Jul 21 19:42:54 +0000 2016"}
{"polarity": 0.16666666666666666, "location": "New York, NY", "sentiment": "positive", "time": "Thu Jul 21 19:42:54 +0000 2016"}
{"polarity": 0.08, "location": "Seattle, WA", "sentiment": "positive", "time": "Thu Jul 21 19:50:00 +0000 2016"}
{"polarity": 0.3375, "location": "Atlanta, GA", "sentiment": "positive", "time": "Thu Jul 21 19:50:03 +0000 2016"}
{"polarity": 0.75, "location": "Seattle, WA", "sentiment": "positive", "time": "Thu Jul 21 19:50:08 +0000 2016"}
{"polarity": 0.0, "location": "New York, NY", "sentiment": "neutral", "time": "Thu Jul 21 19:50:08 +0000 2016"}
{"polarity": 0.0, "location": "Boston, MA", "sentiment": "neutral", "time": "Thu Jul 21 19:50:09 +0000 2016"}
{"polarity": 0.0, "location": "Atlanta, GA", "sentiment": "neutral", "time": "Thu Jul 21 19:50:11 +0000 2016"}
{"polarity": 0.5, "location": "Portland, OR", "sentiment": "positive", "time": "Thu Jul 21 19:50:17 +0000 2016"}
{"polarity": 0.7, "location": "Atlanta, GA", "sentiment": "positive", "time": "Thu Jul 21 19:50:26 +0000 2016"}
{"polarity": -0.18333333333333335, "location": "Seattle, WA", "sentiment": "negative", "time": "Thu Jul 21 19:50:39 +0000 2016"}
{"polarity": 0.0, "location": "San Diego, CA", "sentiment": "neutral", "time": "Thu Jul 21 19:50:41 +0000 2016"}
{"polarity": 0.0, "location": "Phoenix, AZ", "sentiment": "neutral", "time": "Thu Jul 21 19:50:45 +0000 2016"}
{"polarity": -0.3333333333333333, "location": "Atlanta, GA", "sentiment": "negative", "time": "Thu Jul 21 19:50:46 +0000 2016"}
{"polarity": 0.0, "location": "Atlanta, GA", "sentiment": "neutral", "time": "Thu Jul 21 19:50:47 +0000 2016"}
{"polarity": 0.0, "location": "Seattle, WA", "sentiment": "neutral", "time": "Thu Jul 21 19:50:59 +0000 2016"}
{"polarity": 0.25, "location": "New York, NY", "sentiment": "positive", "time": "Thu Jul 21 19:15:01 +0000 2016"}
{"polarity": 0.0, "location": "Boston, MA", "sentiment": "neutral", "time": "Thu Jul 21 19:15:07 +0000 2016"}
{"polarity": -0.175, "location": "New York, NY", "sentiment": "negative", "time": "Thu Jul 21 19:15:12 +0000 2016"}
{"polarity": 0.0, "location": "Boston, MA", "sentiment": "neutral", "time": "Thu Jul 21 19:15:12 +0000 2016"}
{"polarity": 0.0, "location": "Atlanta, GA", "sentiment": "neutral", "time": "Thu Jul 21 19:15:13 +0000 2016"}
{"polarity": 0.11464285714285713, "location": "Seattle, WA", "sentiment": "positive", "time": "Thu Jul 21 19:15:13 +0000 2016"}
{"polarity": 0.2, "location": "New York, NY", "sentiment": "positive", "time": "Thu Jul 21 19:15:14 +0000 2016"}
{"polarity": 0.6875, "location": "Seattle, WA", "sentiment": "positive", "time": "Thu Jul 21 19:15:16 +0000 2016"}
{"polarity": 1.0, "location": "Portland, OR", "sentiment": "positive", "time": "Thu Jul 21 19:15:17 +0000 2016"}
{"polarity": 0.0, "location": "Orlando, FL", "sentiment": "neutral", "time": "Thu Jul 21 19:15:19 +0000 2016"}
{"polarity": 0.0, "location": "Phoenix, AZ", "sentiment": "neutral", "time": "Thu Jul 21 19:15:21 +0000 2016"}
{"polarity": 0.20833333333333334, "location": "Portland, OR", "sentiment": "positive", "time": "Thu Jul 21 19:15:26 +0000 2016"}
{"polarity": 0.8, "location": "Phoenix, AZ", "sentiment": "positive", "time": "Thu Jul 21 19:15:31 +0000 2016"}
{"polarity": -0.2, "location": "San Diego, CA", "sentiment": "negative", "time": "Thu Jul 21 19:15:44 +0000 2016"}
{"polarity": -0.006249999999999999, "location": "Boston, MA", "sentiment": "negative", "time": "Thu Jul 21 19:15:51 +0000 2016"}
{"polarity": 0.0, "location": "Boston, MA", "sentiment": "neutral", "time": "Thu Jul 21 19:15:46 +0000 2016"}
{"polarity": 0.0, "location": "Seattle, WA", "sentiment": "neutral", "time": "Thu Jul 21 19:38:06 +0000 2016"}
{"polarity": 0.5, "location": "Phoenix, AZ", "sentiment": "positive", "time": "Thu Jul 21 19:38:06 +0000 2016"}
{"polarity": 0.0, "location": "Orlando, FL", "sentiment": "neutral", "time": "Thu Jul 21 19:38:06 +0000 2016"}
{"polarity": -1.0, "location": "Portland, OR", "sentiment": "negative", "time": "Thu Jul 21 19:38:07 +0000 2016"}
{"polarity": 0.0, "location": "San Diego, CA", "sentiment": "neutral", "time": "Thu Jul 21 19:38:26 +0000 2016"}
{"polarity": 0.0, "location": "New York, NY", "sentiment": "neutral", "time": "Thu Jul 21 19:38:27 +0000 2016"}
{"polarity": 0.0, "location": "New York, NY", "sentiment": "neutral", "time": "Thu Jul 21 19:38:30 +0000 2016"}
{"polarity": 0.0, "location": "Seattle, WA", "sentiment": "neutral", "time": "Thu Jul 21 19:38:37 +0000 2016"}
{"polarity": 0.0, "location": "Boston, MA", "sentiment": "neutral", "time": "Thu Jul 21 19:38:40 +0000 2016"}
{"polarity": 0.8, "location": "San Diego, CA", "sentiment": "positive", "time": "Thu Jul 21 19:38:47 +0000 2016"}
{"polarity": 0.0, "location": "Seattle, WA", "sentiment": "neutral", "time": "Thu Jul 21 19:38:50 +0000 2016"}
{"polarity": 0.0, "location": "Boston, MA", "sentiment": "neutral", "time": "Thu Jul 21 19:21:01 +0000 2016"}
{"polarity": -0.7, "location": "San Diego, CA", "sentiment": "negative", "time": "Thu Jul 21 19:21:02 +0000 2016"}
{"polarity": 1.0, "location": "San Diego, CA", "sentiment": "positive", "time": "Thu Jul 21 19:21:03 +0000 2016"}
{"polarity": 0.4375, "location": "Boston, MA", "sentiment": "positive", "time": "Thu Jul 21 19:21:04 +0000 2016"}
{"polarity": 0.35, "location": "Atlanta, GA", "sentiment": "positive", "time": "Thu Jul 21 19:21:04 +0000 2016"}
{"polarity": 0.0, "location": "Phoenix, AZ", "sentiment": "neutral", "time": "Thu Jul 21 19:21:11 +0000 2016"}
{"polarity": 0.4, "location": "Atlanta, GA", "sentiment": "positive", "time": "Thu Jul 21 19:21:12 +0000 2016"}
{"polarity": -0.15, "location": "Atlanta, GA", "sentiment": "negative", "time": "Thu Jul 21 19:21:17 +0000 2016"}
{"polarity": 0.06818181818181818, "location": "Orlando, FL", "sentiment": "positive", "time": "Thu Jul 21 19:21:19 +0000 2016"}
{"polarity": -0.13333333333333333, "location": "Phoenix, AZ", "sentiment": "negative", "time": "Thu Jul 21 19:21:19 +0000 2016"}
{"polarity": -0.15555555555555559, "location": "Orlando, FL", "sentiment": "negative", "time": "Thu Jul 21 19:21:20 +0000 2016"}
{"polarity": 0.0, "location": "Seattle, WA", "sentiment": "neutral", "time": "Thu Jul 21 19:21:20 +0000 2016"}
{"polarity": 0.0, "location": "Orlando, FL", "sentiment": "neutral", "time": "Thu Jul 21 19:21:30 +0000 2016"}
{"polarity": 0.8, "location": "New York, NY", "sentiment": "positive", "time": "Thu Jul 21 19:21:40 +0000 2016"}
{"polarity": 0.7, "location": "Portland, OR", "sentiment": "positive", "time": "Thu Jul 21 19:21:47 +0000 2016"}
{"polarity": 0.5, "location": "New York, NY", "sentiment": "positive", "time": "Thu Jul 21 19:21:47 +0000 2016"}
{"polarity": 0.0, "location": "St. Louis, MO", "sentiment": "neutral", "time": "Thu Jul 21 19:21:55 +0000 2016"}
{"polarity": 0.2, "location": "Orlando, FL", "sentiment": "positive", "time": "Thu Jul 21 19:21:58 +0000 2016"}
{"polarity": 0.25, "location": "Atlanta, GA", "sentiment": "positive", "time": "Thu Jul 21 19:17:03 +0000 2016"}
{"polarity": 0.0, "location": "New York, NY", "sentiment": "neutral", "time": "Thu Jul 21 19:17:07 +0000 2016"}
{"polarity": 0.0, "location": "Atlanta, GA", "sentiment": "neutral", "time": "Thu Jul 21 19:17:07 +0000 2016"}
{"polarity": 0.0, "location": "San Diego, CA", "sentiment": "neutral", "time": "Thu Jul 21 19:17:11 +0000 2016"}
{"polarity": 0.0, "location": "Boston, MA", "sentiment": "neutral", "time": "Thu Jul 21 19:17:14 +0000 2016"}
{"polarity": 0.0, "location": "Orlando, FL", "sentiment": "neutral", "time": "Thu Jul 21 19:17:15 +0000 2016"}
{"polarity": 0.0, "location": "St. Louis, MO", "sentiment": "neutral", "time": "Thu Jul 21 19:17:17 +0000 2016"}
{"polarity": 0.0, "location": "Orlando, FL", "sentiment": "neutral", "time": "Thu Jul 21 19:17:21 +0000 2016"}
{"polarity": 0.0, "location": "Atlanta, GA", "sentiment": "neutral", "time": "Thu Jul 21 19:17:22 +0000 2016"}
{"polarity": 0.0, "location": "Orlando, FL", "sentiment": "neutral", "time": "Thu Jul 21 19:17:23 +0000 2016"}
{"polarity": 0.0, "location": "Atlanta, GA", "sentiment": "neutral", "time": "Thu Jul 21 19:17:26 +0000 2016"}
{"polarity": 0.0, "location": "Atlanta, GA", "sentiment": "neutral", "time": "Thu Jul 21 19:17:27 +0000 2016"}
{"polarity": 0.0, "location": "Boston, MA", "sentiment": "neutral", "time": "Thu Jul 21 19:17:36 +0000 2016"}
{"polarity": 0.0, "location": "Seattle, WA", "sentiment": "neutral", "time": "Thu Jul 21 19:17:45 +0000 2016"}
{"polarity": 0.0, "location": "Phoenix, AZ", "sentiment": "neutral", "time": "Thu Jul 21 19:17:48 +0000 2016"}
{"polarity": 0.2833333333333333, "location": "Seattle, WA", "sentiment": "positive", "time": "Thu Jul 21 19:17:52 +0000 2016"}
{"polarity": 0.0, "location": "New York, NY", "sentiment": "neutral", "time": "Thu Jul 21 19:12:10 +0000 2016"}
{"polarity": 0.0, "location": "Portland, OR", "sentiment": "neutral", "time": "Thu Jul 21 19:12:10 +0000 2016"}
{"polarity": 0.075, "location": "New York, NY", "sentiment": "positive", "time": "Thu Jul 21 19:12:17 +0000 2016"}
{"polarity": 0.4, "location": "Atlanta, GA", "sentiment": "positive", "time": "Thu Jul 21 19:12:18 +0000 2016"}
{"polarity": 0.0, "location": "San Diego, CA", "sentiment": "neutral", "time": "Thu Jul 21 19:12:18 +0000 2016"}
{"polarity": -0.15555555555555559, "location": "Boston, MA", "sentiment": "negative", "time": "Thu Jul 21 19:12:21 +0000 2016"}
{"polarity": 0.45, "location": "Boston, MA", "sentiment": "positive", "time": "Thu Jul 21 19:12:23 +0000 2016"}
{"polarity": 0.0, "location": "Atlanta, GA", "sentiment": "neutral", "time": "Thu Jul 21 19:12:25 +0000 2016"}
{"polarity": 0.0, "location": "Phoenix, AZ", "sentiment": "neutral", "time": "Thu Jul 21 19:12:32 +0000 2016"}
{"polarity": 0.0, "location": "New York, NY", "sentiment": "neutral", "time": "Thu Jul 21 19:12:42 +0000 2016"}
{"polarity": 0.0, "location": "Atlanta, GA", "sentiment": "neutral", "time": "Thu Jul 21 19:29:00 +0000 2016"}
{"polarity": 0.5, "location": "Orlando, FL", "sentiment": "positive", "time": "Thu Jul 21 19:29:05 +0000 2016"}
{"polarity": -0.26666666666666666, "location": "Boston, MA", "sentiment": "negative", "time": "Thu Jul 21 19:29:11 +0000 2016"}
{"polarity": 0.0, "location": "Orlando, FL", "sentiment": "neutral", "time": "Thu Jul 21 19:29:13 +0000 2016"}
{"polarity": 0.0, "location": "St. Louis, MO", "sentiment": "neutral", "time": "Thu Jul 21 19:29:22 +0000 2016"}
{"polarity": 0.0, "location": "New York, NY", "sentiment": "neutral", "time": "Thu Jul 21 19:29:37 +0000 2016"}
{"polarity": 0.55, "location": "Atlanta, GA", "sentiment": "positive", "time": "Thu Jul 21 19:29:41 +0000 2016"}
{"polarity": 0.0, "location": "Seattle, WA", "sentiment": "neutral", "time": "Thu Jul 21 19:29:52 +0000 2016"}
{"polarity": 0.25, "location": "Boston, MA", "sentiment": "positive", "time": "Thu Jul 21 19:29:53 +0000 2016"}
{"polarity": 0.1, "location": "Boston, MA", "sentiment": "positive", "time": "Thu Jul 21 19:18:19 +0000 2016"}
{"polarity": 0.0, "location": "New York, NY", "sentiment": "neutral", "time": "Thu Jul 21 19:18:19 +0000 2016"}
{"polarity": 0.3, "location": "New York, NY", "sentiment": "positive", "time": "Thu Jul 21 19:18:30 +0000 2016"}
{"polarity": -0.16666666666666666, "location": "Atlanta, GA", "sentiment": "negative", "time": "Thu Jul 21 19:18:33 +0000 2016"}
{"polarity": 0.6416666666666667, "location": "Seattle, WA", "sentiment": "positive", "time": "Thu Jul 21 19:18:33 +0000 2016"}
{"polarity": 0.0, "location": "New York, NY", "sentiment": "neutral", "time": "Thu Jul 21 19:18:34 +0000 2016"}
{"polarity": 0.4000000000000001, "location": "San Diego, CA", "sentiment": "positive", "time": "Thu Jul 21 19:18:41 +0000 2016"}
{"polarity": 0.0, "location": "New York, NY", "sentiment": "neutral", "time": "Thu Jul 21 19:18:42 +0000 2016"}
{"polarity": 0.0, "location": "San Diego, CA", "sentiment": "neutral", "time": "Thu Jul 21 19:18:56 +0000 2016"}
{"polarity": -0.4, "location": "Atlanta, GA", "sentiment": "negative", "time": "Thu Jul 21 19:46:01 +0000 2016"}
{"polarity": 0.36818181818181817, "location": "Boston, MA", "sentiment": "positive", "time": "Thu Jul 21 19:46:17 +0000 2016"}
{"polarity": 0.4, "location": "Phoenix, AZ", "sentiment": "positive", "time": "Thu Jul 21 19:46:22 +0000 2016"}
{"polarity": 0.0, "location": "Phoenix, AZ", "sentiment": "neutral", "time": "Thu Jul 21 19:46:27 +0000 2016"}
{"polarity": 0.05000000000000002, "location": "Phoenix, AZ", "sentiment": "positive", "time": "Thu Jul 21 19:46:27 +0000 2016"}
{"polarity": 0.0, "location": "San Diego, CA", "sentiment": "neutral", "time": "Thu Jul 21 19:46:36 +0000 2016"}
{"polarity": 0.0, "location": "New York, NY", "sentiment": "neutral", "time": "Thu Jul 21 19:46:51 +0000 2016"}
{"polarity": 0.0, "location": "Boston, MA", "sentiment": "neutral", "time": "Thu Jul 21 19:46:52 +0000 2016"}
{"polarity": 0.0, "location": "Portland, OR", "sentiment": "neutral", "time": "Thu Jul 21 19:46:55 +0000 2016"}
{"polarity": -0.25, "location": "Seattle, WA", "sentiment": "negative", "time": "Thu Jul 21 19:46:58 +0000 2016"}
{"polarity": -0.2, "location": "Orlando, FL", "sentiment": "negative", "time": "Thu Jul 21 19:46:59 +0000 2016"}
{"polarity": 0.0909090909090909, "location": "Atlanta, GA", "sentiment": "positive", "time": "Thu Jul 21 19:00:05 +0000 2016"}
{"polarity": 0.0, "location": "Orlando, FL", "sentiment": "neutral", "time": "Thu Jul 21 19:00:06 +0000 2016"}
{"polarity": 0.3, "location": "Orlando, FL", "sentiment": "positive", "time": "Thu Jul 21 19:00:07 +0000 2016"}
{"polarity": 0.5, "location": "New York, NY", "sentiment": "positive", "time": "Thu Jul 21 19:00:10 +0000 2016"}
{"polarity": 0.25, "location": "Boston, MA", "sentiment": "positive", "time": "Thu Jul 21 19:00:11 +0000 2016"}
{"polarity": 0.0, "location": "Orlando, FL", "sentiment": "neutral", "time": "Thu Jul 21 19:00:18 +0000 2016"}
{"polarity": 0.20833333333333334, "location": "New York, NY", "sentiment": "positive", "time": "Thu Jul 21 19:00:18 +0000 2016"}
{"polarity": 0.35, "location": "Boston, MA", "sentiment": "positive", "time": "Thu Jul 21 19:00:26 +0000 2016"}
{"polarity": 0.0, "location": "Boston, MA", "sentiment": "neutral", "time": "Thu Jul 21 19:00:28 +0000 2016"}
{"polarity": 0.25, "location": "Atlanta, GA", "sentiment": "positive", "time": "Thu Jul 21 19:00:32 +0000 2016"}
{"polarity": 0.8, "location": "Portland, OR", "sentiment": "positive", "time": "Thu Jul 21 19:00:33 +0000 2016"}
{"polarity": 0.13636363636363635, "location": "Boston, MA", "sentiment": "positive", "time": "Thu Jul 21 19:00:33 +0000 2016"}
{"polarity": -0.10714285714285715, "location": "Boston, MA", "sentiment": "negative", "time": "Thu Jul 21 19:00:37 +0000 2016"}
{"polarity": 0.0, "location": "New York, NY", "sentiment": "neutral", "time": "Thu Jul 21 19:00:39 +0000 2016"}
{"polarity": 0.0, "location": "Seattle, WA", "sentiment": "neutral", "time": "Thu Jul 21 19:00:40 +0000 2016"}
{"polarity": -0.34375, "location": "New York, NY", "sentiment": "negative", "time": "Thu Jul 21 19:00:42 +0000 2016"}
{"polarity": 0.0, "location": "Atlanta, GA", "sentiment": "neutral", "time": "Thu Jul 21 19:34:04 +0000 2016"}
{"polarity": -0.16666666666666666, "location": "Phoenix, AZ", "sentiment": "negative", "time": "Thu Jul 21 19:34:04 +0000 2016"}
{"polarity": 0.0, "location": "Atlanta, GA", "sentiment": "neutral", "time": "Thu Jul 21 19:34:09 +0000 2016"}
{"polarity": 0.0, "location": "Atlanta, GA", "sentiment": "neutral", "time": "Thu Jul 21 19:34:10 +0000 2016"}
{"polarity": 0.0, "location": "Boston, MA", "sentiment": "neutral", "time": "Thu Jul 21 19:34:19 +0000 2016"}
{"polarity": -0.1875, "location": "Portland, OR", "sentiment": "negative", "time": "Thu Jul 21 19:34:21 +0000 2016"}
{"polarity": 0.0, "location": "Boston, MA", "sentiment": "neutral", "time": "Thu Jul 21 19:34:26 +0000 2016"}
{"polarity": 0.0, "location": "Seattle, WA", "sentiment": "neutral", "time": "Thu Jul 21 19:34:28 +0000 2016"}
{"polarity": 0.3125, "location": "St. Louis, MO", "sentiment": "positive", "time": "Thu Jul 21 19:34:31 +0000 2016"}
{"polarity": 0.0, "location": "Seattle, WA", "sentiment": "neutral", "time": "Thu Jul 21 19:34:32 +0000 2016"}
{"polarity": 0.28409090909090906, "location": "Portland, OR", "sentiment": "positive", "time": "Thu Jul 21 19:34:51 +0000 2016"}
{"polarity": 0.5, "location": "Atlanta, GA", "sentiment": "positive", "time": "Thu Jul 21 19:34:55 +0000 2016"}
{"polarity": 1.0, "location": "Seattle, WA", "sentiment": "positive", "time": "Thu Jul 21 19:34:55 +0000 2016"}
{"polarity": -0.8, "location": "Atlanta, GA", "sentiment": "negative", "time": "Thu Jul 21 19:34:57 +0000 2016"}
{"polarity": 0.0, "location": "San Diego, CA", "sentiment": "neutral", "time": "Thu Jul 21 19:05:04 +0000 2016"}
{"polarity": -0.2, "location": "Atlanta, GA", "sentiment": "negative", "time": "Thu Jul 21 19:05:04 +0000 2016"}
{"polarity": 0.0, "location": "Atlanta, GA", "sentiment": "neutral", "time": "Thu Jul 21 19:05:08 +0000 2016"}
{"polarity": 0.2142857142857143, "location": "Boston, MA", "sentiment": "positive", "time": "Thu Jul 21 19:05:09 +0000 2016"}
{"polarity": 0.45, "location": "Portland, OR", "sentiment": "positive", "time": "Thu Jul 21 19:05:14 +0000 2016"}
{"polarity": -0.5, "location": "Orlando, FL", "sentiment": "negative", "time": "Thu Jul 21 19:05:16 +0000 2016"}
{"polarity": 0.0, "location": "Portland, OR", "sentiment": "neutral", "time": "Thu Jul 21 19:05:18 +0000 2016"}
{"polarity": 0.0, "location": "Phoenix, AZ", "sentiment": "neutral", "time": "Thu Jul 21 19:05:24 +0000 2016"}
{"polarity": 0.25, "location": "New York, NY", "sentiment": "positive", "time": "Thu Jul 21 19:05:30 +0000 2016"}
{"polarity": 0.5, "location": "San Diego, CA", "sentiment": "positive", "time": "Thu Jul 21 19:05:37 +0000 2016"}
{"polarity": -0.5, "location": "New York, NY", "sentiment": "negative", "time": "Thu Jul 21 19:05:45 +0000 2016"}
{"polarity": 0.0, "location": "St. Louis, MO", "sentiment": "neutral", "time": "Thu Jul 21 19:05:53 +0000 2016"}
{"polarity": 0.0, "location": "Boston, MA", "sentiment": "neutral", "time": "Thu Jul 21 19:05:55 +0000 2016"}
{"polarity": 0.39523809523809517, "location": "Seattle, WA", "sentiment": "positive", "time": "Thu Jul 21 19:05:57 +0000 2016"}
{"polarity": 0.0, "location": "Phoenix, AZ", "sentiment": "neutral", "time": "Thu Jul 21 19:05:59 +0000 2016"}
{"polarity": 0.9375, "location": "Portland, OR", "sentiment": "positive", "time": "Thu Jul 21 19:11:12 +0000 2016"}
{"polarity": 0.0, "location": "Boston, MA", "sentiment": "neutral", "time": "Thu Jul 21 19:11:15 +0000 2016"}
{"polarity": 0.0, "location": "Phoenix, AZ", "sentiment": "neutral", "time": "Thu Jul 21 19:11:28 +0000 2016"}
{"polarity": 0.0, "location": "Atlanta, GA", "sentiment": "neutral", "time": "Thu Jul 21 19:11:32 +0000 2016"}
{"polarity": 0.24666666666666665, "location": "Atlanta, GA", "sentiment": "positive", "time": "Thu Jul 21 19:11:43 +0000 2016"}
{"polarity": 0.0, "location": "New York, NY", "sentiment": "neutral", "time": "Thu Jul 21 19:11:44 +0000 2016"}
{"polarity": 0.45714285714285713, "location": "Orlando, FL", "sentiment": "positive", "time": "Thu Jul 21 19:11:56 +0000 2016"}
{"polarity": 0.0, "location": "New York, NY", "sentiment": "neutral", "time": "Thu Jul 21 19:56:00 +0000 2016"}
{"polarity": 0.325, "location": "New York, NY", "sentiment": "positive", "time": "Thu Jul 21 19:56:00 +0000 2016"}
{"polarity": 0.06, "location": "Orlando, FL", "sentiment": "positive", "time": "Thu Jul 21 19:56:00 +0000 2016"}
{"polarity": 0.8999999999999999, "location": "Seattle, WA", "sentiment": "positive", "time": "Thu Jul 21 19:56:03 +0000 2016"}
{"polarity": 0.0, "location": "Orlando, FL", "sentiment": "neutral", "time": "Thu Jul 21 19:56:07 +0000 2016"}
{"polarity": 0.0, "location": "Seattle, WA", "sentiment": "neutral", "time": "Thu Jul 21 19:56:26 +0000 2016"}
{"polarity": 0.0, "location": "Atlanta, GA", "sentiment": "neutral", "time": "Thu Jul 21 19:56:28 +0000 2016"}
{"polarity": 0.0, "location": "Portland, OR", "sentiment": "neutral", "time": "Thu Jul 21 19:56:31 +0000 2016"}
{"polarity": 0.0, "location": "Atlanta, GA", "sentiment": "neutral", "time": "Thu Jul 21 19:56:35 +0000 2016"}
{"polarity": 0.0, "location": "Seattle, WA", "sentiment": "neutral", "time": "Thu Jul 21 19:56:36 +0000 2016"}
{"polarity": 0.2857142857142857, "location": "Boston, MA", "sentiment": "positive", "time": "Thu Jul 21 19:56:39 +0000 2016"}
{"polarity": 0.0, "location": "New York, NY", "sentiment": "neutral", "time": "Thu Jul 21 19:56:52 +0000 2016"}
{"polarity": 0.21103896103896103, "location": "Atlanta, GA", "sentiment": "positive", "time": "Thu Jul 21 19:56:55 +0000 2016"}
{"polarity": 0.0, "location": "Seattle, WA", "sentiment": "neutral", "time": "Thu Jul 21 19:47:01 +0000 2016"}
{"polarity": 0.45, "location": "Orlando, FL", "sentiment": "positive", "time": "Thu Jul 21 19:47:11 +0000 2016"}
{"polarity": 0.0, "location": "Boston, MA", "sentiment": "neutral", "time": "Thu Jul 21 19:47:15 +0000 2016"}
{"polarity": 0.0, "location": "Atlanta, GA", "sentiment": "neutral", "time": "Thu Jul 21 19:47:17 +0000 2016"}
{"polarity": 0.5229166666666667, "location": "Orlando, FL", "sentiment": "positive", "time": "Thu Jul 21 19:47:21 +0000 2016"}
{"polarity": -0.1125, "location": "Seattle, WA", "sentiment": "negative", "time": "Thu Jul 21 19:47:24 +0000 2016"}
{"polarity": 0.0, "location": "Atlanta, GA", "sentiment": "neutral", "time": "Thu Jul 21 19:47:35 +0000 2016"}
{"polarity": 0.35, "location": "Orlando, FL", "sentiment": "positive", "time": "Thu Jul 21 19:47:35 +0000 2016"}
{"polarity": 0.0, "location": "San Diego, CA", "sentiment": "neutral", "time": "Thu Jul 21 19:47:44 +0000 2016"}
{"polarity": -0.4, "location": "Atlanta, GA", "sentiment": "negative", "time": "Thu Jul 21 19:47:47 +0000 2016"}
{"polarity": 0.0, "location": "San Diego, CA", "sentiment": "neutral", "time": "Thu Jul 21 19:52:11 +0000 2016"}
{"polarity": 0.4, "location": "New York, NY", "sentiment": "positive", "time": "Thu Jul 21 19:52:21 +0000 2016"}
{"polarity": 0.0, "location": "New York, NY", "sentiment": "neutral", "time": "Thu Jul 21 19:52:22 +0000 2016"}
{"polarity": 0.25, "location": "New York, NY", "sentiment": "positive", "time": "Thu Jul 21 19:52:28 +0000 2016"}
{"polarity": 0.0, "location": "San Diego, CA", "sentiment": "neutral", "time": "Thu Jul 21 19:52:37 +0000 2016"}
{"polarity": 0.0, "location": "New York, NY", "sentiment": "neutral", "time": "Thu Jul 21 19:52:38 +0000 2016"}
{"polarity": 0.0, "location": "Atlanta, GA", "sentiment": "neutral", "time": "Thu Jul 21 19:52:38 +0000 2016"}
{"polarity": 0.0, "location": "New York, NY", "sentiment": "neutral", "time": "Thu Jul 21 19:52:38 +0000 2016"}
{"polarity": 0.5, "location": "San Diego, CA", "sentiment": "positive", "time": "Thu Jul 21 19:52:38 +0000 2016"}
{"polarity": 0.13636363636363635, "location": "St. Louis, MO", "sentiment": "positive", "time": "Thu Jul 21 19:52:49 +0000 2016"}
{"polarity": -0.4, "location": "Atlanta, GA", "sentiment": "negative", "time": "Thu Jul 21 19:52:51 +0000 2016"}
{"polarity": 0.05, "location": "San Diego, CA", "sentiment": "positive", "time": "Thu Jul 21 19:52:51 +0000 2016"}
{"polarity": -0.1374999999999999, "location": "New York, NY", "sentiment": "negative", "time": "Thu Jul 21 19:53:03 +0000 2016"}
{"polarity": 0.0, "location": "St. Louis, MO", "sentiment": "neutral", "time": "Thu Jul 21 19:53:11 +0000 2016"}
{"polarity": 0.0, "location": "Atlanta, GA", "sentiment": "neutral", "time": "Thu Jul 21 19:53:19 +0000 2016"}
{"polarity": 0.13636363636363635, "location": "Phoenix, AZ", "sentiment": "positive", "time": "Thu Jul 21 19:53:25 +0000 2016"}
{"polarity": 0.0, "location": "Atlanta, GA", "sentiment": "neutral", "time": "Thu Jul 21 19:53:43 +0000 2016"}
{"polarity": 0.5, "location": "San Diego, CA", "sentiment": "positive", "time": "Thu Jul 21 19:53:46 +0000 2016"}
{"polarity": 0.0, "location": "Portland, OR", "sentiment": "neutral", "time": "Thu Jul 21 19:53:46 +0000 2016"}
{"polarity": 0.125, "location": "Atlanta, GA", "sentiment": "positive", "time": "Thu Jul 21 19:53:53 +0000 2016"}
{"polarity": 0.0, "location": "Atlanta, GA", "sentiment": "neutral", "time": "Thu Jul 21 19:53:56 +0000 2016"}
{"polarity": -0.125, "location": "Atlanta, GA", "sentiment": "negative", "time": "Thu Jul 21 19:53:58 +0000 2016"}
{"polarity": 0.0, "location": "Atlanta, GA", "sentiment": "neutral", "time": "Thu Jul 21 19:02:09 +0000 2016"}
{"polarity": 0.0, "location": "New York, NY", "sentiment": "neutral", "time": "Thu Jul 21 19:02:15 +0000 2016"}
{"polarity": -0.6, "location": "San Diego, CA", "sentiment": "negative", "time": "Thu Jul 21 19:02:18 +0000 2016"}
{"polarity": 0.0, "location": "Boston, MA", "sentiment": "neutral", "time": "Thu Jul 21 19:02:34 +0000 2016"}
{"polarity": 0.0, "location": "Boston, MA", "sentiment": "neutral", "time": "Thu Jul 21 19:02:34 +0000 2016"}
{"polarity": 0.0, "location": "San Diego, CA", "sentiment": "neutral", "time": "Thu Jul 21 19:02:37 +0000 2016"}
{"polarity": 0.0, "location": "Atlanta, GA", "sentiment": "neutral", "time": "Thu Jul 21 19:02:41 +0000 2016"}
{"polarity": 0.25, "location": "Boston, MA", "sentiment": "positive", "time": "Thu Jul 21 19:02:44 +0000 2016"}
{"polarity": 1.0, "location": "Portland, OR", "sentiment": "positive", "time": "Thu Jul 21 19:02:53 +0000 2016"}
{"polarity": 0.21428571428571427, "location": "Boston, MA", "sentiment": "positive", "time": "Thu Jul 21 19:02:53 +0000 2016"}
{"polarity": 0.0, "location": "Phoenix, AZ", "sentiment": "neutral", "time": "Thu Jul 21 19:02:54 +0000 2016"}
{"polarity": 0.06666666666666667, "location": "Boston, MA", "sentiment": "positive", "time": "Thu Jul 21 19:48:12 +0000 2016"}
{"polarity": 0.21428571428571427, "location": "Atlanta, GA", "sentiment": "positive", "time": "Thu Jul 21 19:48:13 +0000 2016"}
{"polarity": 0.0, "location": "New York, NY", "sentiment": "neutral", "time": "Thu Jul 21 19:48:14 +0000 2016"}
{"polarity": 0.0, "location": "Seattle, WA", "sentiment": "neutral", "time": "Thu Jul 21 19:48:39 +0000 2016"}
{"polarity": 0.0, "location": "New York, NY", "sentiment": "neutral", "time": "Thu Jul 21 19:48:45 +0000 2016"}
{"polarity": 0.625, "location": "Atlanta, GA", "sentiment": "positive", "time": "Thu Jul 21 19:48:52 +0000 2016"}
{"polarity": 1.0, "location": "Atlanta, GA", "sentiment": "positive", "time": "Thu Jul 21 19:48:52 +0000 2016"}
{"polarity": 0.0, "location": "Atlanta, GA", "sentiment": "neutral", "time": "Thu Jul 21 19:48:53 +0000 2016"}
{"polarity": 0.6, "location": "Atlanta, GA", "sentiment": "positive", "time": "Thu Jul 21 19:48:59 +0000 2016"}
{"polarity": 0.0, "location": "Seattle, WA", "sentiment": "neutral", "time": "Thu Jul 21 19:25:04 +0000 2016"}
{"polarity": 0.0, "location": "New York, NY", "sentiment": "neutral", "time": "Thu Jul 21 19:25:05 +0000 2016"}
{"polarity": 0.5, "location": "Atlanta, GA", "sentiment": "positive", "time": "Thu Jul 21 19:25:08 +0000 2016"}
{"polarity": 0.5, "location": "Seattle, WA", "sentiment": "positive", "time": "Thu Jul 21 19:25:12 +0000 2016"}
{"polarity": 0.0, "location": "Seattle, WA", "sentiment": "neutral", "time": "Thu Jul 21 19:25:17 +0000 2016"}
{"polarity": 0.0, "location": "Boston, MA", "sentiment": "neutral", "time": "Thu Jul 21 19:25:19 +0000 2016"}
{"polarity": 0.0, "location": "San Diego, CA", "sentiment": "neutral", "time": "Thu Jul 21 19:25:32 +0000 2016"}
{"polarity": 0.43333333333333335, "location": "Atlanta, GA", "sentiment": "positive", "time": "Thu Jul 21 19:25:39 +0000 2016"}
{"polarity": -0.35625, "location": "Boston, MA", "sentiment": "negative", "time": "Thu Jul 21 19:25:43 +0000 2016"}
{"polarity": 0.0, "location": "New York, NY", "sentiment": "neutral", "time": "Thu Jul 21 19:25:57 +0000 2016"}
{"polarity": 0.13636363636363635, "location": "New York, NY", "sentiment": "positive", "time": "Thu Jul 21 19:16:05 +0000 2016"}
{"polarity": 0.14285714285714285, "location": "Atlanta, GA", "sentiment": "positive", "time": "Thu Jul 21 19:16:06 +0000 2016"}
{"polarity": 0.0, "location": "New York, NY", "sentiment": "neutral", "time": "Thu Jul 21 19:16:13 +0000 2016"}
{"polarity": 0.0, "location": "Atlanta, GA", "sentiment": "neutral", "time": "Thu Jul 21 19:16:17 +0000 2016"}
{"polarity": 0.2, "location": "New York, NY", "sentiment": "positive", "time": "Thu Jul 21 19:16:19 +0000 2016"}
{"polarity": 0.4666666666666667, "location": "San Diego, CA", "sentiment": "positive", "time": "Thu Jul 21 19:16:20 +0000 2016"}
{"polarity": 1.0, "location": "Portland, OR", "sentiment": "positive", "time": "Thu Jul 21 19:16:25 +0000 2016"}
{"polarity": 0.7, "location": "San Diego, CA", "sentiment": "positive", "time": "Thu Jul 21 19:16:35 +0000 2016"}
{"polarity": 0.0, "location": "New York, NY", "sentiment": "neutral", "time": "Thu Jul 21 19:16:44 +0000 2016"}
{"polarity": 0.0, "location": "New York, NY", "sentiment": "neutral", "time": "Thu Jul 21 19:16:46 +0000 2016"}
{"polarity": 0.0, "location": "Atlanta, GA", "sentiment": "neutral", "time": "Thu Jul 21 19:16:49 +0000 2016"}
{"polarity": 0.0, "location": "Seattle, WA", "sentiment": "neutral", "time": "Thu Jul 21 19:16:58 +0000 2016"}
{"polarity": 0.19545454545454546, "location": "Seattle, WA", "sentiment": "positive", "time": "Thu Jul 21 19:14:03 +0000 2016"}
{"polarity": 0.0, "location": "Seattle, WA", "sentiment": "neutral", "time": "Thu Jul 21 19:14:05 +0000 2016"}
{"polarity": 0.13636363636363635, "location": "San Diego, CA", "sentiment": "positive", "time": "Thu Jul 21 19:14:05 +0000 2016"}
{"polarity": 0.075, "location": "New York, NY", "sentiment": "positive", "time": "Thu Jul 21 19:14:17 +0000 2016"}
{"polarity": 0.0, "location": "New York, NY", "sentiment": "neutral", "time": "Thu Jul 21 19:14:18 +0000 2016"}
{"polarity": -0.2, "location": "San Diego, CA", "sentiment": "negative", "time": "Thu Jul 21 19:14:26 +0000 2016"}
{"polarity": 0.0, "location": "Phoenix, AZ", "sentiment": "neutral", "time": "Thu Jul 21 19:14:36 +0000 2016"}
{"polarity": 0.0, "location": "Seattle, WA", "sentiment": "neutral", "time": "Thu Jul 21 19:14:36 +0000 2016"}
{"polarity": 0.0, "location": "Atlanta, GA", "sentiment": "neutral", "time": "Thu Jul 21 19:14:38 +0000 2016"}
{"polarity": 0.0, "location": "Atlanta, GA", "sentiment": "neutral", "time": "Thu Jul 21 19:14:38 +0000 2016"}
{"polarity": 0.25, "location": "San Diego, CA", "sentiment": "positive", "time": "Thu Jul 21 19:14:39 +0000 2016"}
{"polarity": -0.5, "location": "New York, NY", "sentiment": "negative", "time": "Thu Jul 21 19:14:46 +0000 2016"}
{"polarity": 0.0, "location": "New York, NY", "sentiment": "neutral", "time": "Thu Jul 21 19:14:48 +0000 2016"}
{"polarity": -0.16666666666666666, "location": "New York, NY", "sentiment": "negative", "time": "Thu Jul 21 19:14:56 +0000 2016"}
{"polarity": 0.0, "location": "New York, NY", "sentiment": "neutral", "time": "Thu Jul 21 19:14:58 +0000 2016"}
{"polarity": 0.3125, "location": "Boston, MA", "sentiment": "positive", "time": "Thu Jul 21 19:14:59 +0000 2016"}
{"polarity": -0.15000000000000002, "location": "Atlanta, GA", "sentiment": "negative", "time": "Thu Jul 21 19:23:05 +0000 2016"}
{"polarity": 0.1708333333333333, "location": "Boston, MA", "sentiment": "positive", "time": "Thu Jul 21 19:23:10 +0000 2016"}
{"polarity": 0.35, "location": "San Diego, CA", "sentiment": "positive", "time": "Thu Jul 21 19:23:28 +0000 2016"}
{"polarity": 0.0, "location": "Orlando, FL", "sentiment": "neutral", "time": "Thu Jul 21 19:23:29 +0000 2016"}
{"polarity": 0.14666666666666667, "location": "Portland, OR", "sentiment": "positive", "time": "Thu Jul 21 19:23:29 +0000 2016"}
{"polarity": 0.0, "location": "New York, NY", "sentiment": "neutral", "time": "Thu Jul 21 19:23:30 +0000 2016"}
{"polarity": 0.5, "location": "Atlanta, GA", "sentiment": "positive", "time": "Thu Jul 21 19:23:36 +0000 2016"}
{"polarity": 0.0, "location": "St. Louis, MO", "sentiment": "neutral", "time": "Thu Jul 21 19:23:46 +0000 2016"}
{"polarity": 0.375, "location": "Atlanta, GA", "sentiment": "positive", "time": "Thu Jul 21 19:23:57 +0000 2016"}
{"polarity": 0.5, "location": "San Diego, CA", "sentiment": "positive", "time": "Thu Jul 21 19:07:03 +0000 2016"}
{"polarity": 0.0, "location": "Seattle, WA", "sentiment": "neutral", "time": "Thu Jul 21 19:07:03 +0000 2016"}
{"polarity": 0.6666666666666666, "location": "Phoenix, AZ", "sentiment": "positive", "time": "Thu Jul 21 19:07:04 +0000 2016"}
{"polarity": 0.25, "location": "Phoenix, AZ", "sentiment": "positive", "time": "Thu Jul 21 19:07:06 +0000 2016"}
{"polarity": -0.19375, "location": "New York, NY", "sentiment": "negative", "time": "Thu Jul 21 19:07:07 +0000 2016"}
{"polarity": 0.0, "location": "Boston, MA", "sentiment": "neutral", "time": "Thu Jul 21 19:07:10 +0000 2016"}
{"polarity": 0.2048611111111111, "location": "New York, NY", "sentiment": "positive", "time": "Thu Jul 21 19:07:14 +0000 2016"}
{"polarity": 0.25, "location": "New York, NY", "sentiment": "positive", "time": "Thu Jul 21 19:07:19 +0000 2016"}
{"polarity": -1.0, "location": "Boston, MA", "sentiment": "negative", "time": "Thu Jul 21 19:07:21 +0000 2016"}
{"polarity": -0.08333333333333333, "location": "New York, NY", "sentiment": "negative", "time": "Thu Jul 21 19:07:35 +0000 2016"}
{"polarity": 0.0, "location": "Orlando, FL", "sentiment": "neutral", "time": "Thu Jul 21 19:07:38 +0000 2016"}
{"polarity": 0.0, "location": "Atlanta, GA", "sentiment": "neutral", "time": "Thu Jul 21 19:07:42 +0000 2016"}
{"polarity": 0.0, "location": "New York, NY", "sentiment": "neutral", "time": "Thu Jul 21 19:07:44 +0000 2016"}
{"polarity": 0.0, "location": "Atlanta, GA", "sentiment": "neutral", "time": "Thu Jul 21 19:07:51 +0000 2016"}
{"polarity": 1.0, "location": "Seattle, WA", "sentiment": "positive", "time": "Thu Jul 21 19:51:07 +0000 2016"}
{"polarity": 0.5, "location": "Seattle, WA", "sentiment": "positive", "time": "Thu Jul 21 19:51:15 +0000 2016"}
{"polarity": 0.0, "location": "Portland, OR", "sentiment": "neutral", "time": "Thu Jul 21 19:51:26 +0000 2016"}
{"polarity": -0.35000000000000003, "location": "New York, NY", "sentiment": "negative", "time": "Thu Jul 21 19:51:33 +0000 2016"}
{"polarity": 0.0, "location": "San Diego, CA", "sentiment": "neutral", "time": "Thu Jul 21 19:51:34 +0000 2016"}
{"polarity": -0.4, "location": "Atlanta, GA", "sentiment": "negative", "time": "Thu Jul 21 19:51:37 +0000 2016"}
{"polarity": 0.0, "location": "Boston, MA", "sentiment": "neutral", "time": "Thu Jul 21 19:51:38 +0000 2016"}
{"polarity": 0.0, "location": "New York, NY", "sentiment": "neutral", "time": "Thu Jul 21 19:51:44 +0000 2016"}
{"polarity": 0.36666666666666664, "location": "Orlando, FL", "sentiment": "positive", "time": "Thu Jul 21 19:51:47 +0000 2016"}
{"polarity": -0.05, "location": "New York, NY", "sentiment": "negative", "time": "Thu Jul 21 19:51:50 +0000 2016"}
{"polarity": 0.0, "location": "New York, NY", "sentiment": "neutral", "time": "Thu Jul 21 19:51:51 +0000 2016"}
{"polarity": 0.2681818181818182, "location": "Atlanta, GA", "sentiment": "positive", "time": "Thu Jul 21 19:30:12 +0000 2016"}
{"polarity": 0.0, "location": "Boston, MA", "sentiment": "neutral", "time": "Thu Jul 21 19:30:13 +0000 2016"}
{"polarity": 0.0, "location": "Portland, OR", "sentiment": "neutral", "time": "Thu Jul 21 19:30:14 +0000 2016"}
{"polarity": 0.0, "location": "New York, NY", "sentiment": "neutral", "time": "Thu Jul 21 19:30:23 +0000 2016"}
{"polarity": 0.0, "location": "Atlanta, GA", "sentiment": "neutral", "time": "Thu Jul 21 19:30:28 +0000 2016"}
{"polarity": 0.25833333333333336, "location": "New York, NY", "sentiment": "positive", "time": "Thu Jul 21 19:30:32 +0000 2016"}
{"polarity": 0.0, "location": "Seattle, WA", "sentiment": "neutral", "time": "Thu Jul 21 19:30:45 +0000 2016"}
{"polarity": 0.5, "location": "New York, NY", "sentiment": "positive", "time": "Thu Jul 21 19:30:54 +0000 2016"}
{"polarity": 0.0, "location": "Orlando, FL", "sentiment": "neutral", "time": "Thu Jul 21 19:30:55 +0000 2016"}
{"polarity": 0.19166666666666665, "location": "Atlanta, GA", "sentiment": "positive", "time": "Thu Jul 21 19:30:59 +0000 2016"}
{"polarity": 0.06666666666666667, "location": "Orlando, FL", "sentiment": "positive", "time": "Thu Jul 21 19:03:04 +0000 2016"}
{"polarity": 0.0, "location": "Orlando, FL", "sentiment": "neutral", "time": "Thu Jul 21 19:03:14 +0000 2016"}
{"polarity": 0.0, "location": "New York, NY", "sentiment": "neutral", "time": "Thu Jul 21 19:03:26 +0000 2016"}
{"polarity": 0.5, "location": "New York, NY", "sentiment": "positive", "time": "Thu Jul 21 19:03:28 +0000 2016"}
{"polarity": 0.0, "location": "New York, NY", "sentiment": "neutral", "time": "Thu Jul 21 19:03:37 +0000 2016"}
{"polarity": 0.0, "location": "Portland, OR", "sentiment": "neutral", "time": "Thu Jul 21 19:03:37 +0000 2016"}
{"polarity": 0.0, "location": "Portland, OR", "sentiment": "neutral", "time": "Thu Jul 21 19:03:40 +0000 2016"}
{"polarity": -0.16666666666666666, "location": "Orlando, FL", "sentiment": "negative", "time": "Thu Jul 21 19:03:42 +0000 2016"}
{"polarity": 0.0, "location": "New York, NY", "sentiment": "neutral", "time": "Thu Jul 21 19:03:44 +0000 2016"}
{"polarity": 0.5, "location": "New York, NY", "sentiment": "positive", "time": "Thu Jul 21 19:03:46 +0000 2016"}
{"polarity": 0.07777777777777777, "location": "San Diego, CA", "sentiment": "positive", "time": "Thu Jul 21 19:03:56 +0000 2016"}
{"polarity": -0.10476190476190476, "location": "Atlanta, GA", "sentiment": "negative", "time": "Thu Jul 21 19:40:08 +0000 2016"}
{"polarity": 0.032467532467532464, "location": "Seattle, WA", "sentiment": "positive", "time": "Thu Jul 21 19:40:10 +0000 2016"}
{"polarity": 0.075, "location": "Phoenix, AZ", "sentiment": "positive", "time": "Thu Jul 21 19:40:10 +0000 2016"}
{"polarity": 0.0, "location": "Atlanta, GA", "sentiment": "neutral", "time": "Thu Jul 21 19:40:11 +0000 2016"}
{"polarity": 0.0, "location": "Boston, MA", "sentiment": "neutral", "time": "Thu Jul 21 19:40:13 +0000 2016"}
{"polarity": 0.0, "location": "Seattle, WA", "sentiment": "neutral", "time": "Thu Jul 21 19:40:15 +0000 2016"}
{"polarity": 0.625, "location": "Seattle, WA", "sentiment": "positive", "time": "Thu Jul 21 19:40:18 +0000 2016"}
{"polarity": -0.2, "location": "San Diego, CA", "sentiment": "negative", "time": "Thu Jul 21 19:40:20 +0000 2016"}
{"polarity": -0.08806818181818182, "location": "Boston, MA", "sentiment": "negative", "time": "Thu Jul 21 19:40:22 +0000 2016"}
{"polarity": 0.0, "location": "New York, NY", "sentiment": "neutral", "time": "Thu Jul 21 19:40:25 +0000 2016"}
{"polarity": 0.0, "location": "St. Louis, MO", "sentiment": "neutral", "time": "Thu Jul 21 19:40:29 +0000 2016"}
{"polarity": 0.4840909090909091, "location": "Phoenix, AZ", "sentiment": "positive", "time": "Thu Jul 21 19:40:37 +0000 2016"}
{"polarity": 0.0, "location": "Seattle, WA", "sentiment": "neutral", "time": "Thu Jul 21 19:40:38 +0000 2016"}
{"polarity": 0.0, "location": "San Diego, CA", "sentiment": "neutral", "time": "Thu Jul 21 19:40:53 +0000 2016"}
{"polarity": -0.65, "location": "New York, NY", "sentiment": "negative", "time": "Thu Jul 21 19:40:59 +0000 2016"}
