{"polarity": 1.0, "location": "New York, NY", "sentiment": "positive", "time": "Thu Jul 21 22:48:02 +0000 2016"}
{"polarity": 0.0, "location": "Orlando, FL", "sentiment": "neutral", "time": "Thu Jul 21 22:48:03 +0000 2016"}
{"polarity": 0.0, "location": "New York, NY", "sentiment": "neutral", "time": "Thu Jul 21 22:48:06 +0000 2016"}
{"polarity": 0.0, "location": "Atlanta, GA", "sentiment": "neutral", "time": "Thu Jul 21 22:48:11 +0000 2016"}
{"polarity": 0.0, "location": "New York, NY", "sentiment": "neutral", "time": "Thu Jul 21 22:48:11 +0000 2016"}
{"polarity": 0.16666666666666666, "location": "Atlanta, GA", "sentiment": "positive", "time": "Thu Jul 21 22:48:28 +0000 2016"}
{"polarity": 0.0, "location": "San Diego, CA", "sentiment": "neutral", "time": "Thu Jul 21 22:48:32 +0000 2016"}
{"polarity": 0.0, "location": "Atlanta, GA", "sentiment": "neutral", "time": "Thu Jul 21 22:48:41 +0000 2016"}
{"polarity": 0.625, "location": "Seattle, WA", "sentiment": "positive", "time": "Thu Jul 21 22:48:49 +0000 2016"}
{"polarity": 0.0, "location": "Seattle, WA", "sentiment": "neutral", "time": "Thu Jul 21 22:48:54 +0000 2016"}
{"polarity": 0.13392857142857142, "location": "Orlando, FL", "sentiment": "positive", "time": "Thu Jul 21 22:25:01 +0000 2016"}
{"polarity": 0.5, "location": "New York, NY", "sentiment": "positive", "time": "Thu Jul 21 22:25:09 +0000 2016"}
{"polarity": 0.0, "location": "Atlanta, GA", "sentiment": "neutral", "time": "Thu Jul 21 22:25:12 +0000 2016"}
{"polarity": 0.5, "location": "Atlanta, GA", "sentiment": "positive", "time": "Thu Jul 21 22:25:12 +0000 2016"}
{"polarity": -0.4, "location": "Atlanta, GA", "sentiment": "negative", "time": "Thu Jul 21 22:25:20 +0000 2016"}
{"polarity": 0.0, "location": "New York, NY", "sentiment": "neutral", "time": "Thu Jul 21 22:25:24 +0000 2016"}
{"polarity": 0.3, "location": "St. Louis, MO", "sentiment": "positive", "time": "Thu Jul 21 22:25:26 +0000 2016"}
{"polarity": 0.6000000000000001, "location": "San Diego, CA", "sentiment": "positive", "time": "Thu Jul 21 22:25:26 +0000 2016"}
{"polarity": 0.0, "location": "San Diego, CA", "sentiment": "neutral", "time": "Thu Jul 21 22:25:34 +0000 2016"}
{"polarity": -0.016071428571428563, "location": "Portland, OR", "sentiment": "negative", "time": "Thu Jul 21 22:25:40 +0000 2016"}
{"polarity": 0.6, "location": "San Diego, CA", "sentiment": "positive", "time": "Thu Jul 21 22:25:44 +0000 2016"}
{"polarity": 0.0, "location": "Atlanta, GA", "sentiment": "neutral", "time": "Thu Jul 21 22:25:48 +0000 2016"}
{"polarity": 0.0, "location": "Seattle, WA", "sentiment": "neutral", "time": "Thu Jul 21 22:16:05 +0000 2016"}
{"polarity": -0.35, "location": "Atlanta, GA", "sentiment": "negative", "time": "Thu Jul 21 22:16:11 +0000 2016"}
{"polarity": -0.2, "location": "Boston, MA", "sentiment": "negative", "time": "Thu Jul 21 22:16:11 +0000 2016"}
{"polarity": 0.45, "location": "New York, NY", "sentiment": "positive", "time": "Thu Jul 21 22:16:13 +0000 2016"}
{"polarity": 0.5, "location": "New York, NY", "sentiment": "positive", "time": "Thu Jul 21 22:16:20 +0000 2016"}
{"polarity": -0.09999999999999999, "location": "Seattle, WA", "sentiment": "negative", "time": "Thu Jul 21 22:16:27 +0000 2016"}
{"polarity": 0.0, "location": "Seattle, WA", "sentiment": "neutral", "time": "Thu Jul 21 22:16:36 +0000 2016"}
{"polarity": 0.4444444444444445, "location": "Atlanta, GA", "sentiment": "positive", "time": "Thu Jul 21 22:16:46 +0000 2016"}
{"polarity": 0.2, "location": "New York, NY", "sentiment": "positive", "time": "Thu Jul 21 22:16:47 +0000 2016"}
{"polarity": 0.0, "location": "Seattle, WA", "sentiment": "neutral", "time": "Thu Jul 21 22:16:47 +0000 2016"}
{"polarity": 0.0, "location": "Seattle, WA", "sentiment": "neutral", "time": "Thu Jul 21 22:16:51 +0000 2016"}
{"polarity": -0.0625, "location": "New York, NY", "sentiment": "negative", "time": "Thu Jul 21 22:16:53 +0000 2016"}
{"polarity": 0.0, "location": "San Diego, CA", "sentiment": "neutral", "time": "Thu Jul 21 22:16:56 +0000 2016"}
{"polarity": 0.5, "location": "Atlanta, GA", "sentiment": "positive", "time": "Thu Jul 21 22:14:05 +0000 2016"}
{"polarity": -0.375, "location": "Orlando, FL", "sentiment": "negative", "time": "Thu Jul 21 22:14:15 +0000 2016"}
{"polarity": 0.0, "location": "Orlando, FL", "sentiment": "neutral", "time": "Thu Jul 21 22:14:19 +0000 2016"}
{"polarity": 0.0, "location": "Boston, MA", "sentiment": "neutral", "time": "Thu Jul 21 22:14:21 +0000 2016"}
{"polarity": 0.07500000000000001, "location": "Boston, MA", "sentiment": "positive", "time": "Thu Jul 21 22:14:24 +0000 2016"}
{"polarity": 0.6, "location": "Atlanta, GA", "sentiment": "positive", "time": "Thu Jul 21 22:14:49 +0000 2016"}
{"polarity": 0.0, "location": "Boston, MA", "sentiment": "neutral", "time": "Thu Jul 21 22:23:04 +0000 2016"}
{"polarity": 0.0, "location": "San Diego, CA", "sentiment": "neutral", "time": "Thu Jul 21 22:23:18 +0000 2016"}
{"polarity": 0.0, "location": "Phoenix, AZ", "sentiment": "neutral", "time": "Thu Jul 21 22:23:25 +0000 2016"}
{"polarity": 0.0, "location": "Orlando, FL", "sentiment": "neutral", "time": "Thu Jul 21 22:23:33 +0000 2016"}
{"polarity": 0.25, "location": "Seattle, WA", "sentiment": "positive", "time": "Thu Jul 21 22:23:33 +0000 2016"}
{"polarity": 0.0, "location": "Atlanta, GA", "sentiment": "neutral", "time": "Thu Jul 21 22:23:36 +0000 2016"}
{"polarity": 0.4681818181818182, "location": "New York, NY", "sentiment": "positive", "time": "Thu Jul 21 22:23:40 +0000 2016"}
{"polarity": 0.4000000000000001, "location": "New York, NY", "sentiment": "positive", "time": "Thu Jul 21 22:23:43 +0000 2016"}
{"polarity": 0.0, "location": "Orlando, FL", "sentiment": "neutral", "time": "Thu Jul 21 22:23:53 +0000 2016"}
{"polarity": 0.234375, "location": "New York, NY", "sentiment": "positive", "time": "Thu Jul 21 22:23:59 +0000 2016"}
{"polarity": 0.0, "location": "Portland, OR", "sentiment": "neutral", "time": "Thu Jul 21 22:07:03 +0000 2016"}
{"polarity": 0.0, "location": "Orlando, FL", "sentiment": "neutral", "time": "Thu Jul 21 22:07:18 +0000 2016"}
{"polarity": 0.0, "location": "Seattle, WA", "sentiment": "neutral", "time": "Thu Jul 21 22:07:23 +0000 2016"}
{"polarity": 0.05, "location": "Atlanta, GA", "sentiment": "positive", "time": "Thu Jul 21 22:07:32 +0000 2016"}
{"polarity": 0.0, "location": "New York, NY", "sentiment": "neutral", "time": "Thu Jul 21 22:07:43 +0000 2016"}
{"polarity": 0.0, "location": "San Diego, CA", "sentiment": "neutral", "time": "Thu Jul 21 22:07:44 +0000 2016"}
{"polarity": -0.4, "location": "San Diego, CA", "sentiment": "negative", "time": "Thu Jul 21 22:07:54 +0000 2016"}
{"polarity": 0.13636363636363635, "location": "Orlando, FL", "sentiment": "positive", "time": "Thu Jul 21 22:51:00 +0000 2016"}
{"polarity": 0.0, "location": "San Diego, CA", "sentiment": "neutral", "time": "Thu Jul 21 22:51:05 +0000 2016"}
{"polarity": 0.15000000000000002, "location": "Boston, MA", "sentiment": "positive", "time": "Thu Jul 21 22:51:15 +0000 2016"}
{"polarity": 0.0, "location": "San Diego, CA", "sentiment": "neutral", "time": "Thu Jul 21 22:51:21 +0000 2016"}
{"polarity": 0.325, "location": "Atlanta, GA", "sentiment": "positive", "time": "Thu Jul 21 22:51:25 +0000 2016"}
{"polarity": 0.0, "location": "Orlando, FL", "sentiment": "neutral", "time": "Thu Jul 21 22:51:25 +0000 2016"}
{"polarity": 0.0, "location": "Seattle, WA", "sentiment": "neutral", "time": "Thu Jul 21 22:51:28 +0000 2016"}
{"polarity": 0.2, "location": "San Diego, CA", "sentiment": "positive", "time": "Thu Jul 21 22:51:30 +0000 2016"}
{"polarity": 0.0, "location": "Atlanta, GA", "sentiment": "neutral", "time": "Thu Jul 21 22:51:37 +0000 2016"}
{"polarity": 0.4166666666666667, "location": "New York, NY", "sentiment": "positive", "time": "Thu Jul 21 22:51:49 +0000 2016"}
{"polarity": 0.0, "location": "Atlanta, GA", "sentiment": "neutral", "time": "Thu Jul 21 22:30:02 +0000 2016"}
{"polarity": 0.1, "location": "San Diego, CA", "sentiment": "positive", "time": "Thu Jul 21 22:30:01 +0000 2016"}
{"polarity": 0.0, "location": "Seattle, WA", "sentiment": "neutral", "time": "Thu Jul 21 22:30:08 +0000 2016"}
{"polarity": -0.2, "location": "Orlando, FL", "sentiment": "negative", "time": "Thu Jul 21 22:30:12 +0000 2016"}
{"polarity": 0.0, "location": "New York, NY", "sentiment": "neutral", "time": "Thu Jul 21 22:30:12 +0000 2016"}
{"polarity": 0.0, "location": "Boston, MA", "sentiment": "neutral", "time": "Thu Jul 21 22:30:16 +0000 2016"}
{"polarity": 0.0, "location": "Atlanta, GA", "sentiment": "neutral", "time": "Thu Jul 21 22:30:19 +0000 2016"}
{"polarity": 0.0, "location": "New York, NY", "sentiment": "neutral", "time": "Thu Jul 21 22:30:26 +0000 2016"}
{"polarity": -0.13333333333333333, "location": "New York, NY", "sentiment": "negative", "time": "Thu Jul 21 22:30:28 +0000 2016"}
{"polarity": 0.6, "location": "New York, NY", "sentiment": "positive", "time": "Thu Jul 21 22:30:41 +0000 2016"}
{"polarity": -0.09999999999999999, "location": "New York, NY", "sentiment": "negative", "time": "Thu Jul 21 22:30:43 +0000 2016"}
{"polarity": 0.0, "location": "Boston, MA", "sentiment": "neutral", "time": "Thu Jul 21 22:30:58 +0000 2016"}
{"polarity": 0.0, "location": "San Diego, CA", "sentiment": "neutral", "time": "Thu Jul 21 22:30:58 +0000 2016"}
{"polarity": 0.0, "location": "Boston, MA", "sentiment": "neutral", "time": "Thu Jul 21 22:03:12 +0000 2016"}
{"polarity": 0.5, "location": "Seattle, WA", "sentiment": "positive", "time": "Thu Jul 21 22:03:14 +0000 2016"}
{"polarity": 0.25, "location": "Atlanta, GA", "sentiment": "positive", "time": "Thu Jul 21 22:03:17 +0000 2016"}
{"polarity": 0.0, "location": "Portland, OR", "sentiment": "neutral", "time": "Thu Jul 21 22:03:18 +0000 2016"}
{"polarity": 0.0, "location": "New York, NY", "sentiment": "neutral", "time": "Thu Jul 21 22:03:20 +0000 2016"}
{"polarity": 0.0, "location": "Portland, OR", "sentiment": "neutral", "time": "Thu Jul 21 22:03:20 +0000 2016"}
{"polarity": 0.0, "location": "Phoenix, AZ", "sentiment": "neutral", "time": "Thu Jul 21 22:03:49 +0000 2016"}
{"polarity": 0.0, "location": "New York, NY", "sentiment": "neutral", "time": "Thu Jul 21 22:03:49 +0000 2016"}
{"polarity": 0.0, "location": "Boston, MA", "sentiment": "neutral", "time": "Thu Jul 21 22:03:49 +0000 2016"}
{"polarity": 1.0, "location": "Seattle, WA", "sentiment": "positive", "time": "Thu Jul 21 22:03:51 +0000 2016"}
{"polarity": 0.0, "location": "New York, NY", "sentiment": "neutral", "time": "Thu Jul 21 22:03:54 +0000 2016"}
{"polarity": 0.0, "location": "Seattle, WA", "sentiment": "neutral", "time": "Thu Jul 21 22:03:58 +0000 2016"}
{"polarity": 0.0, "location": "San Diego, CA", "sentiment": "neutral", "time": "Thu Jul 21 22:40:04 +0000 2016"}
{"polarity": 0.05, "location": "Atlanta, GA", "sentiment": "positive", "time": "Thu Jul 21 22:40:05 +0000 2016"}
{"polarity": 0.0, "location": "New York, NY", "sentiment": "neutral", "time": "Thu Jul 21 22:40:09 +0000 2016"}
{"polarity": 0.0, "location": "New York, NY", "sentiment": "neutral", "time": "Thu Jul 21 22:40:10 +0000 2016"}
{"polarity": 0.25, "location": "Atlanta, GA", "sentiment": "positive", "time": "Thu Jul 21 22:40:36 +0000 2016"}
{"polarity": 0.0, "location": "Portland, OR", "sentiment": "neutral", "time": "Thu Jul 21 22:40:42 +0000 2016"}
{"polarity": 0.0, "location": "Portland, OR", "sentiment": "neutral", "time": "Thu Jul 21 22:40:50 +0000 2016"}
{"polarity": 0.25, "location": "Phoenix, AZ", "sentiment": "positive", "time": "Thu Jul 21 22:40:53 +0000 2016"}
{"polarity": -0.16666666666666666, "location": "Orlando, FL", "sentiment": "negative", "time": "Thu Jul 21 22:08:02 +0000 2016"}
{"polarity": -0.5, "location": "New York, NY", "sentiment": "negative", "time": "Thu Jul 21 22:08:05 +0000 2016"}
{"polarity": 0.0, "location": "Atlanta, GA", "sentiment": "neutral", "time": "Thu Jul 21 22:08:05 +0000 2016"}
{"polarity": 0.0, "location": "Atlanta, GA", "sentiment": "neutral", "time": "Thu Jul 21 22:08:05 +0000 2016"}
{"polarity": -0.125, "location": "Phoenix, AZ", "sentiment": "negative", "time": "Thu Jul 21 22:08:33 +0000 2016"}
{"polarity": 0.4, "location": "Atlanta, GA", "sentiment": "positive", "time": "Thu Jul 21 22:08:42 +0000 2016"}
{"polarity": 0.0, "location": "San Diego, CA", "sentiment": "neutral", "time": "Thu Jul 21 22:08:51 +0000 2016"}
{"polarity": 0.2, "location": "New York, NY", "sentiment": "positive", "time": "Thu Jul 21 22:08:53 +0000 2016"}
{"polarity": 1.0, "location": "San Diego, CA", "sentiment": "positive", "time": "Thu Jul 21 22:08:56 +0000 2016"}
{"polarity": 0.0, "location": "New York, NY", "sentiment": "neutral", "time": "Thu Jul 21 22:35:07 +0000 2016"}
{"polarity": 0.0, "location": "Seattle, WA", "sentiment": "neutral", "time": "Thu Jul 21 22:35:07 +0000 2016"}
{"polarity": 0.0, "location": "San Diego, CA", "sentiment": "neutral", "time": "Thu Jul 21 22:35:10 +0000 2016"}
{"polarity": 0.0, "location": "Orlando, FL", "sentiment": "neutral", "time": "Thu Jul 21 22:35:15 +0000 2016"}
{"polarity": 0.056249999999999994, "location": "Seattle, WA", "sentiment": "positive", "time": "Thu Jul 21 22:35:15 +0000 2016"}
{"polarity": 0.0, "location": "Orlando, FL", "sentiment": "neutral", "time": "Thu Jul 21 22:35:27 +0000 2016"}
{"polarity": -0.6999999999999998, "location": "San Diego, CA", "sentiment": "negative", "time": "Thu Jul 21 22:35:30 +0000 2016"}
{"polarity": 0.0, "location": "New York, NY", "sentiment": "neutral", "time": "Thu Jul 21 22:35:31 +0000 2016"}
{"polarity": -0.18333333333333335, "location": "New York, NY", "sentiment": "negative", "time": "Thu Jul 21 22:35:34 +0000 2016"}
{"polarity": -0.1, "location": "Orlando, FL", "sentiment": "negative", "time": "Thu Jul 21 22:35:35 +0000 2016"}
{"polarity": 0.26666666666666666, "location": "Seattle, WA", "sentiment": "positive", "time": "Thu Jul 21 22:35:39 +0000 2016"}
{"polarity": 0.0, "location": "Atlanta, GA", "sentiment": "neutral", "time": "Thu Jul 21 22:35:43 +0000 2016"}
{"polarity": 0.0, "location": "Atlanta, GA", "sentiment": "neutral", "time": "Thu Jul 21 22:35:53 +0000 2016"}
{"polarity": -0.1, "location": "Atlanta, GA", "sentiment": "negative", "time": "Thu Jul 21 22:43:01 +0000 2016"}
{"polarity": 0.22499999999999998, "location": "Boston, MA", "sentiment": "positive", "time": "Thu Jul 21 22:43:02 +0000 2016"}
{"polarity": 0.0, "location": "New York, NY", "sentiment": "neutral", "time": "Thu Jul 21 22:43:06 +0000 2016"}
{"polarity": 0.6, "location": "Atlanta, GA", "sentiment": "positive", "time": "Thu Jul 21 22:43:10 +0000 2016"}
{"polarity": -0.5, "location": "Boston, MA", "sentiment": "negative", "time": "Thu Jul 21 22:43:10 +0000 2016"}
{"polarity": 0.0, "location": "St. Louis, MO", "sentiment": "neutral", "time": "Thu Jul 21 22:43:17 +0000 2016"}
{"polarity": 0.11250000000000002, "location": "Orlando, FL", "sentiment": "positive", "time": "Thu Jul 21 22:43:30 +0000 2016"}
{"polarity": 0.14583333333333334, "location": "Orlando, FL", "sentiment": "positive", "time": "Thu Jul 21 22:43:32 +0000 2016"}
{"polarity": 0.8138020833333335, "location": "Seattle, WA", "sentiment": "positive", "time": "Thu Jul 21 22:43:43 +0000 2016"}
{"polarity": 0.0, "location": "San Diego, CA", "sentiment": "neutral", "time": "Thu Jul 21 22:43:54 +0000 2016"}
{"polarity": 0.0, "location": "Phoenix, AZ", "sentiment": "neutral", "time": "Thu Jul 21 22:43:54 +0000 2016"}
{"polarity": 0.25, "location": "Boston, MA", "sentiment": "positive", "time": "Thu Jul 21 22:10:00 +0000 2016"}
{"polarity": 0.0, "location": "Orlando, FL", "sentiment": "neutral", "time": "Thu Jul 21 22:10:18 +0000 2016"}
{"polarity": 0.0, "location": "Atlanta, GA", "sentiment": "neutral", "time": "Thu Jul 21 22:10:19 +0000 2016"}
{"polarity": 0.0, "location": "New York, NY", "sentiment": "neutral", "time": "Thu Jul 21 22:10:21 +0000 2016"}
{"polarity": 0.0, "location": "Atlanta, GA", "sentiment": "neutral", "time": "Thu Jul 21 22:10:23 +0000 2016"}
{"polarity": 0.0, "location": "Orlando, FL", "sentiment": "neutral", "time": "Thu Jul 21 22:10:35 +0000 2016"}
{"polarity": -0.7, "location": "Atlanta, GA", "sentiment": "negative", "time": "Thu Jul 21 22:10:35 +0000 2016"}
{"polarity": 0.40625, "location": "New York, NY", "sentiment": "positive", "time": "Thu Jul 21 22:10:37 +0000 2016"}
{"polarity": 0.25, "location": "San Diego, CA", "sentiment": "positive", "time": "Thu Jul 21 22:10:51 +0000 2016"}
{"polarity": 0.0, "location": "Orlando, FL", "sentiment": "neutral", "time": "Thu Jul 21 22:10:57 +0000 2016"}
{"polarity": -0.2, "location": "Atlanta, GA", "sentiment": "negative", "time": "Thu Jul 21 22:54:02 +0000 2016"}
{"polarity": 0.0, "location": "Atlanta, GA", "sentiment": "neutral", "time": "Thu Jul 21 22:54:04 +0000 2016"}
{"polarity": -0.35, "location": "Seattle, WA", "sentiment": "negative", "time": "Thu Jul 21 22:54:05 +0000 2016"}
{"polarity": 0.5, "location": "Atlanta, GA", "sentiment": "positive", "time": "Thu Jul 21 22:54:14 +0000 2016"}
{"polarity": 0.05833333333333333, "location": "Phoenix, AZ", "sentiment": "positive", "time": "Thu Jul 21 22:54:15 +0000 2016"}
{"polarity": -0.5333333333333333, "location": "Atlanta, GA", "sentiment": "negative", "time": "Thu Jul 21 22:54:17 +0000 2016"}
{"polarity": 0.0, "location": "Atlanta, GA", "sentiment": "neutral", "time": "Thu Jul 21 22:54:20 +0000 2016"}
{"polarity": -0.42, "location": "New York, NY", "sentiment": "negative", "time": "Thu Jul 21 22:54:28 +0000 2016"}
{"polarity": 0.0, "location": "Atlanta, GA", "sentiment": "neutral", "time": "Thu Jul 21 22:54:29 +0000 2016"}
{"polarity": 0.0, "location": "Seattle, WA", "sentiment": "neutral", "time": "Thu Jul 21 22:54:43 +0000 2016"}
{"polarity": 0.1, "location": "Atlanta, GA", "sentiment": "positive", "time": "Thu Jul 21 22:54:47 +0000 2016"}
{"polarity": 0.0, "location": "New York, NY", "sentiment": "neutral", "time": "Thu Jul 21 22:54:54 +0000 2016"}
{"polarity": 0.1, "location": "Orlando, FL", "sentiment": "positive", "time": "Thu Jul 21 22:24:00 +0000 2016"}
{"polarity": 0.0, "location": "San Diego, CA", "sentiment": "neutral", "time": "Thu Jul 21 22:24:20 +0000 2016"}
{"polarity": 0.5, "location": "New York, NY", "sentiment": "positive", "time": "Thu Jul 21 22:24:23 +0000 2016"}
{"polarity": -0.30000000000000004, "location": "Orlando, FL", "sentiment": "negative", "time": "Thu Jul 21 22:24:26 +0000 2016"}
{"polarity": 0.16964285714285715, "location": "Boston, MA", "sentiment": "positive", "time": "Thu Jul 21 22:24:31 +0000 2016"}
{"polarity": 0.0, "location": "Orlando, FL", "sentiment": "neutral", "time": "Thu Jul 21 22:24:31 +0000 2016"}
{"polarity": 0.0, "location": "Orlando, FL", "sentiment": "neutral", "time": "Thu Jul 21 22:24:47 +0000 2016"}
{"polarity": 0.4666666666666666, "location": "Seattle, WA", "sentiment": "positive", "time": "Thu Jul 21 22:24:49 +0000 2016"}
{"polarity": 0.0, "location": "New York, NY", "sentiment": "neutral", "time": "Thu Jul 21 22:24:50 +0000 2016"}
{"polarity": 0.0, "location": "Atlanta, GA", "sentiment": "neutral", "time": "Thu Jul 21 22:24:53 +0000 2016"}
{"polarity": -0.225, "location": "Boston, MA", "sentiment": "negative", "time": "Thu Jul 21 22:32:08 +0000 2016"}
{"polarity": 0.10833333333333334, "location": "Atlanta, GA", "sentiment": "positive", "time": "Thu Jul 21 22:32:13 +0000 2016"}
{"polarity": 0.0, "location": "Boston, MA", "sentiment": "neutral", "time": "Thu Jul 21 22:32:21 +0000 2016"}
{"polarity": 0.0, "location": "Atlanta, GA", "sentiment": "neutral", "time": "Thu Jul 21 22:32:33 +0000 2016"}
{"polarity": 0.6, "location": "San Diego, CA", "sentiment": "positive", "time": "Thu Jul 21 22:32:35 +0000 2016"}
{"polarity": 0.0, "location": "San Diego, CA", "sentiment": "neutral", "time": "Thu Jul 21 22:32:36 +0000 2016"}
{"polarity": 0.375, "location": "Seattle, WA", "sentiment": "positive", "time": "Thu Jul 21 22:32:43 +0000 2016"}
{"polarity": 0.0, "location": "Atlanta, GA", "sentiment": "neutral", "time": "Thu Jul 21 22:32:46 +0000 2016"}
{"polarity": 0.0, "location": "Boston, MA", "sentiment": "neutral", "time": "Thu Jul 21 22:32:47 +0000 2016"}
{"polarity": 0.0, "location": "Orlando, FL", "sentiment": "neutral", "time": "Thu Jul 21 22:32:47 +0000 2016"}
{"polarity": 0.8, "location": "San Diego, CA", "sentiment": "positive", "time": "Thu Jul 21 22:32:48 +0000 2016"}
{"polarity": -0.4777777777777778, "location": "San Diego, CA", "sentiment": "negative", "time": "Thu Jul 21 22:32:52 +0000 2016"}
{"polarity": 0.0, "location": "New York, NY", "sentiment": "neutral", "time": "Thu Jul 21 22:32:55 +0000 2016"}
{"polarity": 0.0, "location": "Boston, MA", "sentiment": "neutral", "time": "Thu Jul 21 22:36:00 +0000 2016"}
{"polarity": 0.2, "location": "New York, NY", "sentiment": "positive", "time": "Thu Jul 21 22:36:01 +0000 2016"}
{"polarity": 0.0, "location": "Atlanta, GA", "sentiment": "neutral", "time": "Thu Jul 21 22:36:11 +0000 2016"}
{"polarity": 0.04999999999999999, "location": "San Diego, CA", "sentiment": "positive", "time": "Thu Jul 21 22:36:14 +0000 2016"}
{"polarity": 0.2, "location": "Atlanta, GA", "sentiment": "positive", "time": "Thu Jul 21 22:36:15 +0000 2016"}
{"polarity": 0.6875, "location": "San Diego, CA", "sentiment": "positive", "time": "Thu Jul 21 22:36:17 +0000 2016"}
{"polarity": 0.20750000000000002, "location": "New York, NY", "sentiment": "positive", "time": "Thu Jul 21 22:36:20 +0000 2016"}
{"polarity": 0.4, "location": "New York, NY", "sentiment": "positive", "time": "Thu Jul 21 22:36:24 +0000 2016"}
{"polarity": 0.2, "location": "Portland, OR", "sentiment": "positive", "time": "Thu Jul 21 22:36:59 +0000 2016"}
{"polarity": 0.0, "location": "San Diego, CA", "sentiment": "neutral", "time": "Thu Jul 21 22:01:00 +0000 2016"}
{"polarity": -0.25, "location": "Phoenix, AZ", "sentiment": "negative", "time": "Thu Jul 21 22:01:00 +0000 2016"}
{"polarity": 0.4, "location": "Portland, OR", "sentiment": "positive", "time": "Thu Jul 21 22:01:13 +0000 2016"}
{"polarity": 0.06818181818181818, "location": "San Diego, CA", "sentiment": "positive", "time": "Thu Jul 21 22:01:14 +0000 2016"}
{"polarity": -0.5, "location": "Atlanta, GA", "sentiment": "negative", "time": "Thu Jul 21 22:01:16 +0000 2016"}
{"polarity": 0.5, "location": "Boston, MA", "sentiment": "positive", "time": "Thu Jul 21 22:01:27 +0000 2016"}
{"polarity": 0.0, "location": "Atlanta, GA", "sentiment": "neutral", "time": "Thu Jul 21 22:01:30 +0000 2016"}
{"polarity": 0.0, "location": "Atlanta, GA", "sentiment": "neutral", "time": "Thu Jul 21 22:01:31 +0000 2016"}
{"polarity": 0.0, "location": "Seattle, WA", "sentiment": "neutral", "time": "Thu Jul 21 22:01:33 +0000 2016"}
{"polarity": 0.0, "location": "Portland, OR", "sentiment": "neutral", "time": "Thu Jul 21 22:01:36 +0000 2016"}
{"polarity": 0.0, "location": "Seattle, WA", "sentiment": "neutral", "time": "Thu Jul 21 22:01:38 +0000 2016"}
{"polarity": 0.39999999999999997, "location": "Orlando, FL", "sentiment": "positive", "time": "Thu Jul 21 22:01:58 +0000 2016"}
{"polarity": 0.5, "location": "Atlanta, GA", "sentiment": "positive", "time": "Thu Jul 21 22:55:01 +0000 2016"}
{"polarity": 0.0, "location": "New York, NY", "sentiment": "neutral", "time": "Thu Jul 21 22:55:01 +0000 2016"}
{"polarity": 0.25, "location": "Atlanta, GA", "sentiment": "positive", "time": "Thu Jul 21 22:55:09 +0000 2016"}
{"polarity": 0.1, "location": "New York, NY", "sentiment": "positive", "time": "Thu Jul 21 22:55:13 +0000 2016"}
{"polarity": 0.0, "location": "New York, NY", "sentiment": "neutral", "time": "Thu Jul 21 22:55:14 +0000 2016"}
{"polarity": -0.2638888888888889, "location": "San Diego, CA", "sentiment": "negative", "time": "Thu Jul 21 22:55:22 +0000 2016"}
{"polarity": -0.5, "location": "Atlanta, GA", "sentiment": "negative", "time": "Thu Jul 21 22:55:27 +0000 2016"}
{"polarity": 0.0, "location": "Orlando, FL", "sentiment": "neutral", "time": "Thu Jul 21 22:55:48 +0000 2016"}
{"polarity": 0.0, "location": "New York, NY", "sentiment": "neutral", "time": "Thu Jul 21 22:55:48 +0000 2016"}
{"polarity": 0.0, "location": "San Diego, CA", "sentiment": "neutral", "time": "Thu Jul 21 22:55:50 +0000 2016"}
{"polarity": -0.3, "location": "New York, NY", "sentiment": "negative", "time": "Thu Jul 21 22:55:59 +0000 2016"}
{"polarity": 0.0, "location": "Atlanta, GA", "sentiment": "neutral", "time": "Thu Jul 21 22:09:01 +0000 2016"}
{"polarity": 0.0, "location": "Seattle, WA", "sentiment": "neutral", "time": "Thu Jul 21 22:09:02 +0000 2016"}
{"polarity": 0.0, "location": "Portland, OR", "sentiment": "neutral", "time": "Thu Jul 21 22:09:02 +0000 2016"}
{"polarity": 0.0, "location": "Seattle, WA", "sentiment": "neutral", "time": "Thu Jul 21 22:09:13 +0000 2016"}
{"polarity": -0.2, "location": "Boston, MA", "sentiment": "negative", "time": "Thu Jul 21 22:09:15 +0000 2016"}
{"polarity": -0.2333333333333333, "location": "New York, NY", "sentiment": "negative", "time": "Thu Jul 21 22:09:27 +0000 2016"}
{"polarity": 0.0, "location": "New York, NY", "sentiment": "neutral", "time": "Thu Jul 21 22:09:28 +0000 2016"}
{"polarity": 0.0, "location": "New York, NY", "sentiment": "neutral", "time": "Thu Jul 21 22:09:29 +0000 2016"}
{"polarity": 0.0, "location": "New York, NY", "sentiment": "neutral", "time": "Thu Jul 21 22:09:32 +0000 2016"}
{"polarity": 0.0, "location": "Orlando, FL", "sentiment": "neutral", "time": "Thu Jul 21 22:09:52 +0000 2016"}
{"polarity": 0.0, "location": "New York, NY", "sentiment": "neutral", "time": "Thu Jul 21 22:09:58 +0000 2016"}
{"polarity": 0.3, "location": "New York, NY", "sentiment": "positive", "time": "Thu Jul 21 22:33:06 +0000 2016"}
{"polarity": 0.0, "location": "Atlanta, GA", "sentiment": "neutral", "time": "Thu Jul 21 22:33:09 +0000 2016"}
{"polarity": -0.025, "location": "New York, NY", "sentiment": "negative", "time": "Thu Jul 21 22:33:14 +0000 2016"}
{"polarity": -0.05, "location": "Seattle, WA", "sentiment": "negative", "time": "Thu Jul 21 22:33:45 +0000 2016"}
{"polarity": 0.0, "location": "Phoenix, AZ", "sentiment": "neutral", "time": "Thu Jul 21 22:33:50 +0000 2016"}
{"polarity": -0.25, "location": "Portland, OR", "sentiment": "negative", "time": "Thu Jul 21 22:44:03 +0000 2016"}
{"polarity": 0.06071428571428571, "location": "Seattle, WA", "sentiment": "positive", "time": "Thu Jul 21 22:44:06 +0000 2016"}
{"polarity": 0.151010101010101, "location": "New York, NY", "sentiment": "positive", "time": "Thu Jul 21 22:44:15 +0000 2016"}
{"polarity": 0.0, "location": "Atlanta, GA", "sentiment": "neutral", "time": "Thu Jul 21 22:44:23 +0000 2016"}
{"polarity": 0.0, "location": "Orlando, FL", "sentiment": "neutral", "time": "Thu Jul 21 22:44:30 +0000 2016"}
{"polarity": 0.7, "location": "Phoenix, AZ", "sentiment": "positive", "time": "Thu Jul 21 22:44:30 +0000 2016"}
{"polarity": 0.35, "location": "Orlando, FL", "sentiment": "positive", "time": "Thu Jul 21 22:44:33 +0000 2016"}
{"polarity": 0.3571428571428571, "location": "New York, NY", "sentiment": "positive", "time": "Thu Jul 21 22:44:34 +0000 2016"}
{"polarity": 0.0, "location": "San Diego, CA", "sentiment": "neutral", "time": "Thu Jul 21 22:44:42 +0000 2016"}
{"polarity": 0.5, "location": "Portland, OR", "sentiment": "positive", "time": "Thu Jul 21 22:44:47 +0000 2016"}
{"polarity": 0.0, "location": "Portland, OR", "sentiment": "neutral", "time": "Thu Jul 21 22:44:50 +0000 2016"}
{"polarity": 0.6, "location": "St. Louis, MO", "sentiment": "positive", "time": "Thu Jul 21 22:44:51 +0000 2016"}
{"polarity": 0.4, "location": "San Diego, CA", "sentiment": "positive", "time": "Thu Jul 21 22:44:53 +0000 2016"}
{"polarity": -0.125, "location": "Orlando, FL", "sentiment": "negative", "time": "Thu Jul 21 22:44:57 +0000 2016"}
{"polarity": 0.0, "location": "Seattle, WA", "sentiment": "neutral", "time": "Thu Jul 21 22:28:00 +0000 2016"}
{"polarity": 0.0, "location": "Seattle, WA", "sentiment": "neutral", "time": "Thu Jul 21 22:28:09 +0000 2016"}
{"polarity": 0.0, "location": "Boston, MA", "sentiment": "neutral", "time": "Thu Jul 21 22:28:14 +0000 2016"}
{"polarity": 0.0, "location": "Boston, MA", "sentiment": "neutral", "time": "Thu Jul 21 22:28:19 +0000 2016"}
{"polarity": 0.0, "location": "Seattle, WA", "sentiment": "neutral", "time": "Thu Jul 21 22:28:27 +0000 2016"}
{"polarity": 0.0, "location": "Portland, OR", "sentiment": "neutral", "time": "Thu Jul 21 22:28:38 +0000 2016"}
{"polarity": -1.0, "location": "San Diego, CA", "sentiment": "negative", "time": "Thu Jul 21 22:28:41 +0000 2016"}
{"polarity": 0.0, "location": "Boston, MA", "sentiment": "neutral", "time": "Thu Jul 21 22:22:11 +0000 2016"}
{"polarity": 0.0, "location": "New York, NY", "sentiment": "neutral", "time": "Thu Jul 21 22:22:12 +0000 2016"}
{"polarity": 0.8, "location": "Boston, MA", "sentiment": "positive", "time": "Thu Jul 21 22:22:17 +0000 2016"}
{"polarity": 0.4, "location": "Seattle, WA", "sentiment": "positive", "time": "Thu Jul 21 22:22:41 +0000 2016"}
{"polarity": -0.1, "location": "Atlanta, GA", "sentiment": "negative", "time": "Thu Jul 21 22:22:47 +0000 2016"}
{"polarity": -0.16666666666666666, "location": "Atlanta, GA", "sentiment": "negative", "time": "Thu Jul 21 22:22:49 +0000 2016"}
{"polarity": 0.0, "location": "Boston, MA", "sentiment": "neutral", "time": "Thu Jul 21 22:22:51 +0000 2016"}
{"polarity": 0.0, "location": "San Diego, CA", "sentiment": "neutral", "time": "Thu Jul 21 22:22:53 +0000 2016"}
{"polarity": 0.0, "location": "San Diego, CA", "sentiment": "neutral", "time": "Thu Jul 21 22:49:00 +0000 2016"}
{"polarity": -1.0, "location": "New York, NY", "sentiment": "negative", "time": "Thu Jul 21 22:49:06 +0000 2016"}
{"polarity": 0.25, "location": "Atlanta, GA", "sentiment": "positive", "time": "Thu Jul 21 22:49:21 +0000 2016"}
{"polarity": 0.0, "location": "Atlanta, GA", "sentiment": "neutral", "time": "Thu Jul 21 22:49:26 +0000 2016"}
{"polarity": 0.0, "location": "Boston, MA", "sentiment": "neutral", "time": "Thu Jul 21 22:49:41 +0000 2016"}
{"polarity": 0.0, "location": "Orlando, FL", "sentiment": "neutral", "time": "Thu Jul 21 22:45:09 +0000 2016"}
{"polarity": 0.0, "location": "New York, NY", "sentiment": "neutral", "time": "Thu Jul 21 22:45:14 +0000 2016"}
{"polarity": 0.5, "location": "New York, NY", "sentiment": "positive", "time": "Thu Jul 21 22:45:17 +0000 2016"}
{"polarity": 0.2565656565656566, "location": "Phoenix, AZ", "sentiment": "positive", "time": "Thu Jul 21 22:45:28 +0000 2016"}
{"polarity": 0.175, "location": "Orlando, FL", "sentiment": "positive", "time": "Thu Jul 21 22:45:34 +0000 2016"}
{"polarity": -0.125, "location": "Portland, OR", "sentiment": "negative", "time": "Thu Jul 21 22:45:41 +0000 2016"}
{"polarity": 0.5, "location": "Seattle, WA", "sentiment": "positive", "time": "Thu Jul 21 22:45:43 +0000 2016"}
{"polarity": 0.062121212121212126, "location": "Phoenix, AZ", "sentiment": "positive", "time": "Thu Jul 21 22:45:44 +0000 2016"}
{"polarity": 0.0, "location": "New York, NY", "sentiment": "neutral", "time": "Thu Jul 21 22:45:45 +0000 2016"}
{"polarity": 0.25625, "location": "San Diego, CA", "sentiment": "positive", "time": "Thu Jul 21 22:45:45 +0000 2016"}
{"polarity": 0.0, "location": "Seattle, WA", "sentiment": "neutral", "time": "Thu Jul 21 22:45:45 +0000 2016"}
{"polarity": 0.41666666666666663, "location": "San Diego, CA", "sentiment": "positive", "time": "Thu Jul 21 22:45:49 +0000 2016"}
{"polarity": 0.0, "location": "New York, NY", "sentiment": "neutral", "time": "Thu Jul 21 22:06:03 +0000 2016"}
{"polarity": 0.0, "location": "New York, NY", "sentiment": "neutral", "time": "Thu Jul 21 22:06:05 +0000 2016"}
{"polarity": -0.5859375, "location": "Phoenix, AZ", "sentiment": "negative", "time": "Thu Jul 21 22:06:11 +0000 2016"}
{"polarity": 0.0, "location": "New York, NY", "sentiment": "neutral", "time": "Thu Jul 21 22:06:12 +0000 2016"}
{"polarity": 0.0, "location": "New York, NY", "sentiment": "neutral", "time": "Thu Jul 21 22:06:24 +0000 2016"}
{"polarity": 0.0, "location": "New York, NY", "sentiment": "neutral", "time": "Thu Jul 21 22:06:29 +0000 2016"}
{"polarity": 0.0, "location": "Portland, OR", "sentiment": "neutral", "time": "Thu Jul 21 22:06:29 +0000 2016"}
{"polarity": 0.0, "location": "New York, NY", "sentiment": "neutral", "time": "Thu Jul 21 22:06:38 +0000 2016"}
{"polarity": 0.0, "location": "Portland, OR", "sentiment": "neutral", "time": "Thu Jul 21 22:06:44 +0000 2016"}
{"polarity": 0.0, "location": "New York, NY", "sentiment": "neutral", "time": "Thu Jul 21 22:06:45 +0000 2016"}
{"polarity": 0.0, "location": "San Diego, CA", "sentiment": "neutral", "time": "Thu Jul 21 22:06:59 +0000 2016"}
{"polarity": 0.0, "location": "San Diego, CA", "sentiment": "neutral", "time": "Thu Jul 21 22:20:04 +0000 2016"}
{"polarity": 0.15000000000000002, "location": "San Diego, CA", "sentiment": "positive", "time": "Thu Jul 21 22:20:07 +0000 2016"}
{"polarity": 0.0, "location": "Orlando, FL", "sentiment": "neutral", "time": "Thu Jul 21 22:20:17 +0000 2016"}
{"polarity": -0.2, "location": "Seattle, WA", "sentiment": "negative", "time": "Thu Jul 21 22:20:23 +0000 2016"}
{"polarity": 0.0, "location": "Seattle, WA", "sentiment": "neutral", "time": "Thu Jul 21 22:20:24 +0000 2016"}
{"polarity": 0.0, "location": "New York, NY", "sentiment": "neutral", "time": "Thu Jul 21 22:20:25 +0000 2016"}
{"polarity": 0.0, "location": "San Diego, CA", "sentiment": "neutral", "time": "Thu Jul 21 22:20:30 +0000 2016"}
{"polarity": 0.0, "location": "New York, NY", "sentiment": "neutral", "time": "Thu Jul 21 22:20:31 +0000 2016"}
{"polarity": 0.06666666666666667, "location": "Seattle, WA", "sentiment": "positive", "time": "Thu Jul 21 22:20:32 +0000 2016"}
{"polarity": -0.1, "location": "New York, NY", "sentiment": "negative", "time": "Thu Jul 21 22:20:35 +0000 2016"}
{"polarity": 0.13636363636363635, "location": "Atlanta, GA", "sentiment": "positive", "time": "Thu Jul 21 22:20:53 +0000 2016"}
{"polarity": 0.4, "location": "New York, NY", "sentiment": "positive", "time": "Thu Jul 21 22:13:11 +0000 2016"}
{"polarity": 0.0, "location": "San Diego, CA", "sentiment": "neutral", "time": "Thu Jul 21 22:13:16 +0000 2016"}
{"polarity": 0.5, "location": "Atlanta, GA", "sentiment": "positive", "time": "Thu Jul 21 22:13:19 +0000 2016"}
{"polarity": 0.625, "location": "Atlanta, GA", "sentiment": "positive", "time": "Thu Jul 21 22:13:24 +0000 2016"}
{"polarity": 0.0, "location": "New York, NY", "sentiment": "neutral", "time": "Thu Jul 21 22:13:28 +0000 2016"}
{"polarity": 0.0, "location": "St. Louis, MO", "sentiment": "neutral", "time": "Thu Jul 21 22:13:43 +0000 2016"}
{"polarity": 0.0, "location": "Boston, MA", "sentiment": "neutral", "time": "Thu Jul 21 22:13:46 +0000 2016"}
{"polarity": 0.3333333333333333, "location": "New York, NY", "sentiment": "positive", "time": "Thu Jul 21 22:13:46 +0000 2016"}
{"polarity": 0.0, "location": "Boston, MA", "sentiment": "neutral", "time": "Thu Jul 21 22:04:02 +0000 2016"}
{"polarity": -0.35, "location": "New York, NY", "sentiment": "negative", "time": "Thu Jul 21 22:04:09 +0000 2016"}
{"polarity": 0.0, "location": "Portland, OR", "sentiment": "neutral", "time": "Thu Jul 21 22:04:18 +0000 2016"}
{"polarity": 0.0, "location": "Portland, OR", "sentiment": "neutral", "time": "Thu Jul 21 22:04:23 +0000 2016"}
{"polarity": 0.0, "location": "Atlanta, GA", "sentiment": "neutral", "time": "Thu Jul 21 22:04:24 +0000 2016"}
{"polarity": 0.0, "location": "San Diego, CA", "sentiment": "neutral", "time": "Thu Jul 21 22:04:46 +0000 2016"}
{"polarity": 0.0, "location": "New York, NY", "sentiment": "neutral", "time": "Thu Jul 21 22:04:56 +0000 2016"}
{"polarity": -0.16041666666666665, "location": "Seattle, WA", "sentiment": "negative", "time": "Thu Jul 21 22:04:57 +0000 2016"}
{"polarity": 0.5, "location": "Atlanta, GA", "sentiment": "positive", "time": "Thu Jul 21 22:04:59 +0000 2016"}
{"polarity": 0.0, "location": "Portland, OR", "sentiment": "neutral", "time": "Sat Jul 23 12:39:10 +0000 2016"}
{"polarity": 0.0, "location": "Portland, OR", "sentiment": "neutral", "time": "Sat Jul 23 12:39:52 +0000 2016"}
{"polarity": 0.25, "location": "New York, NY", "sentiment": "positive", "time": "Sat Jul 23 12:39:58 +0000 2016"}
{"polarity": 0.0, "location": "New York, NY", "sentiment": "neutral", "time": "Sat Jul 23 12:59:12 +0000 2016"}
{"polarity": 0.1, "location": "Orlando, FL", "sentiment": "positive", "time": "Sat Jul 23 12:59:40 +0000 2016"}
{"polarity": 0.0, "location": "Atlanta, GA", "sentiment": "neutral", "time": "Sat Jul 23 12:59:46 +0000 2016"}
{"polarity": 0.5, "location": "Orlando, FL", "sentiment": "positive", "time": "Sat Jul 23 12:19:07 +0000 2016"}
{"polarity": 0.0, "location": "Orlando, FL", "sentiment": "neutral", "time": "Sat Jul 23 12:19:16 +0000 2016"}
{"polarity": -0.11666666666666664, "location": "Atlanta, GA", "sentiment": "negative", "time": "Sat Jul 23 12:19:25 +0000 2016"}
{"polarity": 0.0, "location": "San Diego, CA", "sentiment": "neutral", "time": "Sat Jul 23 12:19:29 +0000 2016"}
{"polarity": 0.0, "location": "Portland, OR", "sentiment": "neutral", "time": "Sat Jul 23 12:19:43 +0000 2016"}
{"polarity": 0.05, "location": "Phoenix, AZ", "sentiment": "positive", "time": "Sat Jul 23 12:19:48 +0000 2016"}
{"polarity": 0.0, "location": "New York, NY", "sentiment": "neutral", "time": "Sat Jul 23 12:37:06 +0000 2016"}
{"polarity": 0.0, "location": "Boston, MA", "sentiment": "neutral", "time": "Sat Jul 23 12:37:34 +0000 2016"}
{"polarity": 0.0, "location": "Atlanta, GA", "sentiment": "neutral", "time": "Sat Jul 23 12:37:43 +0000 2016"}
{"polarity": 0.6000000000000001, "location": "Atlanta, GA", "sentiment": "positive", "time": "Sat Jul 23 12:37:57 +0000 2016"}
{"polarity": -0.3125, "location": "Atlanta, GA", "sentiment": "negative", "time": "Sat Jul 23 12:31:16 +0000 2016"}
{"polarity": 0.13333333333333333, "location": "New York, NY", "sentiment": "positive", "time": "Sat Jul 23 12:31:50 +0000 2016"}
{"polarity": 0.2666666666666667, "location": "Atlanta, GA", "sentiment": "positive", "time": "Sat Jul 23 12:41:09 +0000 2016"}
{"polarity": 0.0, "location": "Seattle, WA", "sentiment": "neutral", "time": "Sat Jul 23 12:41:11 +0000 2016"}
{"polarity": 0.5, "location": "Boston, MA", "sentiment": "positive", "time": "Sat Jul 23 12:41:21 +0000 2016"}
{"polarity": 0.0, "location": "St. Louis, MO", "sentiment": "neutral", "time": "Sat Jul 23 12:41:32 +0000 2016"}
{"polarity": 0.125, "location": "San Diego, CA", "sentiment": "positive", "time": "Sat Jul 23 12:41:38 +0000 2016"}
{"polarity": 5.551115123125783e-17, "location": "New York, NY", "sentiment": "positive", "time": "Sat Jul 23 12:41:42 +0000 2016"}
{"polarity": 0.925, "location": "New York, NY", "sentiment": "positive", "time": "Sat Jul 23 12:41:52 +0000 2016"}
{"polarity": 0.08333333333333333, "location": "Atlanta, GA", "sentiment": "positive", "time": "Sat Jul 23 12:27:37 +0000 2016"}
{"polarity": 0.03409090909090909, "location": "Seattle, WA", "sentiment": "positive", "time": "Sat Jul 23 12:27:43 +0000 2016"}
{"polarity": 0.0, "location": "Atlanta, GA", "sentiment": "neutral", "time": "Sat Jul 23 12:57:21 +0000 2016"}
{"polarity": 0.4, "location": "Seattle, WA", "sentiment": "positive", "time": "Sat Jul 23 12:57:23 +0000 2016"}
{"polarity": 1.0, "location": "New York, NY", "sentiment": "positive", "time": "Sat Jul 23 12:57:23 +0000 2016"}
{"polarity": 0.0, "location": "Portland, OR", "sentiment": "neutral", "time": "Sat Jul 23 12:57:30 +0000 2016"}
{"polarity": 0.3, "location": "Atlanta, GA", "sentiment": "positive", "time": "Sat Jul 23 12:26:01 +0000 2016"}
{"polarity": 0.5, "location": "New York, NY", "sentiment": "positive", "time": "Sat Jul 23 12:26:14 +0000 2016"}
{"polarity": 0.0, "location": "Orlando, FL", "sentiment": "neutral", "time": "Sat Jul 23 12:26:29 +0000 2016"}
{"polarity": 0.0, "location": "New York, NY", "sentiment": "neutral", "time": "Sat Jul 23 12:26:29 +0000 2016"}
{"polarity": 0.0, "location": "Boston, MA", "sentiment": "neutral", "time": "Sat Jul 23 12:26:32 +0000 2016"}
{"polarity": 0.17045454545454544, "location": "Seattle, WA", "sentiment": "positive", "time": "Sat Jul 23 12:26:35 +0000 2016"}
{"polarity": -0.012121212121212125, "location": "New York, NY", "sentiment": "negative", "time": "Sat Jul 23 12:26:36 +0000 2016"}
{"polarity": 0.0, "location": "San Diego, CA", "sentiment": "neutral", "time": "Sat Jul 23 12:26:37 +0000 2016"}
{"polarity": 0.6, "location": "Atlanta, GA", "sentiment": "positive", "time": "Sat Jul 23 12:26:47 +0000 2016"}
{"polarity": 0.41923076923076924, "location": "San Diego, CA", "sentiment": "positive", "time": "Sat Jul 23 12:58:52 +0000 2016"}
{"polarity": 0.0, "location": "Atlanta, GA", "sentiment": "neutral", "time": "Sat Jul 23 12:58:57 +0000 2016"}
{"polarity": 0.25, "location": "New York, NY", "sentiment": "positive", "time": "Sat Jul 23 12:42:00 +0000 2016"}
{"polarity": 0.0, "location": "Atlanta, GA", "sentiment": "neutral", "time": "Sat Jul 23 12:42:16 +0000 2016"}
{"polarity": 0.0, "location": "New York, NY", "sentiment": "neutral", "time": "Sat Jul 23 12:42:45 +0000 2016"}
{"polarity": 0.0, "location": "Orlando, FL", "sentiment": "neutral", "time": "Sat Jul 23 12:50:07 +0000 2016"}
{"polarity": 0.4, "location": "Seattle, WA", "sentiment": "positive", "time": "Sat Jul 23 12:50:22 +0000 2016"}
{"polarity": -0.2, "location": "Boston, MA", "sentiment": "negative", "time": "Sat Jul 23 12:50:23 +0000 2016"}
{"polarity": 0.5, "location": "Atlanta, GA", "sentiment": "positive", "time": "Sat Jul 23 12:50:30 +0000 2016"}
{"polarity": 0.0, "location": "San Diego, CA", "sentiment": "neutral", "time": "Sat Jul 23 12:50:38 +0000 2016"}
{"polarity": 0.08333333333333333, "location": "New York, NY", "sentiment": "positive", "time": "Sat Jul 23 12:50:43 +0000 2016"}
{"polarity": 0.13636363636363635, "location": "New York, NY", "sentiment": "positive", "time": "Sat Jul 23 12:15:05 +0000 2016"}
{"polarity": 0.13333333333333333, "location": "Atlanta, GA", "sentiment": "positive", "time": "Sat Jul 23 12:15:12 +0000 2016"}
{"polarity": 0.4, "location": "Seattle, WA", "sentiment": "positive", "time": "Sat Jul 23 12:15:32 +0000 2016"}
{"polarity": 0.0, "location": "Seattle, WA", "sentiment": "neutral", "time": "Sat Jul 23 12:15:40 +0000 2016"}
{"polarity": 0.0, "location": "San Diego, CA", "sentiment": "neutral", "time": "Sat Jul 23 12:15:51 +0000 2016"}
{"polarity": 0.5, "location": "Boston, MA", "sentiment": "positive", "time": "Sat Jul 23 12:38:33 +0000 2016"}
{"polarity": 0.0, "location": "New York, NY", "sentiment": "neutral", "time": "Sat Jul 23 12:38:47 +0000 2016"}
{"polarity": 0.0, "location": "Atlanta, GA", "sentiment": "neutral", "time": "Sat Jul 23 12:21:03 +0000 2016"}
{"polarity": 0.0, "location": "Seattle, WA", "sentiment": "neutral", "time": "Sat Jul 23 12:21:40 +0000 2016"}
{"polarity": 0.0, "location": "New York, NY", "sentiment": "neutral", "time": "Sat Jul 23 12:21:44 +0000 2016"}
{"polarity": 0.0, "location": "Orlando, FL", "sentiment": "neutral", "time": "Sat Jul 23 12:21:45 +0000 2016"}
{"polarity": 0.0, "location": "Atlanta, GA", "sentiment": "neutral", "time": "Sat Jul 23 12:21:49 +0000 2016"}
{"polarity": 0.0, "location": "New York, NY", "sentiment": "neutral", "time": "Sat Jul 23 12:21:55 +0000 2016"}
{"polarity": 0.0, "location": "New York, NY", "sentiment": "neutral", "time": "Sat Jul 23 12:17:03 +0000 2016"}
{"polarity": 0.0, "location": "Boston, MA", "sentiment": "neutral", "time": "Sat Jul 23 12:17:23 +0000 2016"}
{"polarity": -0.125, "location": "Atlanta, GA", "sentiment": "negative", "time": "Sat Jul 23 12:17:34 +0000 2016"}
{"polarity": 0.0, "location": "Atlanta, GA", "sentiment": "neutral", "time": "Sat Jul 23 12:17:48 +0000 2016"}
{"polarity": -0.04999999999999999, "location": "New York, NY", "sentiment": "negative", "time": "Sat Jul 23 12:12:16 +0000 2016"}
{"polarity": 0.3333333333333333, "location": "Atlanta, GA", "sentiment": "positive", "time": "Sat Jul 23 12:12:28 +0000 2016"}
{"polarity": 0.2, "location": "New York, NY", "sentiment": "positive", "time": "Sat Jul 23 12:12:34 +0000 2016"}
{"polarity": 0.0, "location": "Atlanta, GA", "sentiment": "neutral", "time": "Sat Jul 23 12:12:44 +0000 2016"}
{"polarity": -0.6, "location": "Atlanta, GA", "sentiment": "negative", "time": "Sat Jul 23 12:29:19 +0000 2016"}
{"polarity": 0.0, "location": "Orlando, FL", "sentiment": "neutral", "time": "Sat Jul 23 12:29:42 +0000 2016"}
{"polarity": 0.35714285714285715, "location": "Portland, OR", "sentiment": "positive", "time": "Sat Jul 23 12:18:00 +0000 2016"}
{"polarity": 0.0, "location": "Orlando, FL", "sentiment": "neutral", "time": "Sat Jul 23 12:18:01 +0000 2016"}
{"polarity": 0.0, "location": "Phoenix, AZ", "sentiment": "neutral", "time": "Sat Jul 23 12:18:07 +0000 2016"}
{"polarity": 0.35, "location": "Atlanta, GA", "sentiment": "positive", "time": "Sat Jul 23 12:18:41 +0000 2016"}
{"polarity": 0.0, "location": "Atlanta, GA", "sentiment": "neutral", "time": "Sat Jul 23 12:18:58 +0000 2016"}
{"polarity": 0.0, "location": "New York, NY", "sentiment": "neutral", "time": "Sat Jul 23 12:46:08 +0000 2016"}
{"polarity": 0.8, "location": "Atlanta, GA", "sentiment": "positive", "time": "Sat Jul 23 12:46:08 +0000 2016"}
{"polarity": 0.0, "location": "New York, NY", "sentiment": "neutral", "time": "Sat Jul 23 12:46:10 +0000 2016"}
{"polarity": 0.20833333333333334, "location": "San Diego, CA", "sentiment": "positive", "time": "Sat Jul 23 12:46:32 +0000 2016"}
{"polarity": 0.0, "location": "San Diego, CA", "sentiment": "neutral", "time": "Sat Jul 23 12:00:01 +0000 2016"}
{"polarity": 0.0, "location": "New York, NY", "sentiment": "neutral", "time": "Sat Jul 23 12:00:07 +0000 2016"}
{"polarity": 1.0, "location": "New York, NY", "sentiment": "positive", "time": "Sat Jul 23 12:00:07 +0000 2016"}
{"polarity": 0.16666666666666666, "location": "Boston, MA", "sentiment": "positive", "time": "Sat Jul 23 12:00:10 +0000 2016"}
{"polarity": 0.0, "location": "Boston, MA", "sentiment": "neutral", "time": "Sat Jul 23 12:00:15 +0000 2016"}
{"polarity": 0.5625, "location": "New York, NY", "sentiment": "positive", "time": "Sat Jul 23 12:00:23 +0000 2016"}
{"polarity": 0.475, "location": "New York, NY", "sentiment": "positive", "time": "Sat Jul 23 12:00:25 +0000 2016"}
{"polarity": 0.35000000000000003, "location": "Atlanta, GA", "sentiment": "positive", "time": "Sat Jul 23 12:00:45 +0000 2016"}
{"polarity": 0.0, "location": "Orlando, FL", "sentiment": "neutral", "time": "Sat Jul 23 12:00:49 +0000 2016"}
{"polarity": 0.8, "location": "New York, NY", "sentiment": "positive", "time": "Sat Jul 23 12:34:02 +0000 2016"}
{"polarity": 0.4, "location": "New York, NY", "sentiment": "positive", "time": "Sat Jul 23 12:34:03 +0000 2016"}
{"polarity": 0.0, "location": "Atlanta, GA", "sentiment": "neutral", "time": "Sat Jul 23 12:34:04 +0000 2016"}
{"polarity": 0.4, "location": "Orlando, FL", "sentiment": "positive", "time": "Sat Jul 23 12:34:35 +0000 2016"}
{"polarity": 0.425, "location": "Boston, MA", "sentiment": "positive", "time": "Sat Jul 23 12:34:37 +0000 2016"}
{"polarity": 0.14583333333333334, "location": "Seattle, WA", "sentiment": "positive", "time": "Sat Jul 23 12:05:05 +0000 2016"}
{"polarity": 0.10000000000000002, "location": "New York, NY", "sentiment": "positive", "time": "Sat Jul 23 12:05:10 +0000 2016"}
{"polarity": 0.0, "location": "Atlanta, GA", "sentiment": "neutral", "time": "Sat Jul 23 12:05:19 +0000 2016"}
{"polarity": 0.0, "location": "New York, NY", "sentiment": "neutral", "time": "Sat Jul 23 12:05:20 +0000 2016"}
{"polarity": 0.0, "location": "New York, NY", "sentiment": "neutral", "time": "Sat Jul 23 12:11:24 +0000 2016"}
{"polarity": 0.4375, "location": "New York, NY", "sentiment": "positive", "time": "Sat Jul 23 12:11:40 +0000 2016"}
{"polarity": 0.875, "location": "Boston, MA", "sentiment": "positive", "time": "Sat Jul 23 12:11:45 +0000 2016"}
{"polarity": 0.22727272727272727, "location": "Atlanta, GA", "sentiment": "positive", "time": "Sat Jul 23 12:11:52 +0000 2016"}
{"polarity": 0.0, "location": "Atlanta, GA", "sentiment": "neutral", "time": "Sat Jul 23 12:56:15 +0000 2016"}
{"polarity": 0.1, "location": "Atlanta, GA", "sentiment": "positive", "time": "Sat Jul 23 12:56:19 +0000 2016"}
{"polarity": 0.0, "location": "Atlanta, GA", "sentiment": "neutral", "time": "Sat Jul 23 12:56:27 +0000 2016"}
{"polarity": 0.16666666666666666, "location": "Portland, OR", "sentiment": "positive", "time": "Sat Jul 23 12:56:39 +0000 2016"}
{"polarity": 0.0, "location": "Atlanta, GA", "sentiment": "neutral", "time": "Sat Jul 23 12:56:54 +0000 2016"}
{"polarity": -0.6, "location": "Seattle, WA", "sentiment": "negative", "time": "Sat Jul 23 12:56:59 +0000 2016"}
{"polarity": 0.0, "location": "Orlando, FL", "sentiment": "neutral", "time": "Sat Jul 23 12:47:13 +0000 2016"}
{"polarity": -0.25, "location": "New York, NY", "sentiment": "negative", "time": "Sat Jul 23 12:47:21 +0000 2016"}
{"polarity": 0.0, "location": "New York, NY", "sentiment": "neutral", "time": "Sat Jul 23 12:47:25 +0000 2016"}
{"polarity": -0.2, "location": "New York, NY", "sentiment": "negative", "time": "Sat Jul 23 12:47:50 +0000 2016"}
{"polarity": -0.05, "location": "Orlando, FL", "sentiment": "negative", "time": "Sat Jul 23 12:47:59 +0000 2016"}
{"polarity": 0.0, "location": "New York, NY", "sentiment": "neutral", "time": "Sat Jul 23 12:52:16 +0000 2016"}
{"polarity": 0.5, "location": "New York, NY", "sentiment": "positive", "time": "Sat Jul 23 12:52:18 +0000 2016"}
{"polarity": -0.4, "location": "Boston, MA", "sentiment": "negative", "time": "Sat Jul 23 12:52:19 +0000 2016"}
{"polarity": 1.0, "location": "St. Louis, MO", "sentiment": "positive", "time": "Sat Jul 23 12:52:36 +0000 2016"}
{"polarity": 0.0, "location": "Atlanta, GA", "sentiment": "neutral", "time": "Sat Jul 23 12:52:55 +0000 2016"}
{"polarity": -0.4, "location": "New York, NY", "sentiment": "negative", "time": "Sat Jul 23 12:53:15 +0000 2016"}
{"polarity": 0.16666666666666669, "location": "Phoenix, AZ", "sentiment": "positive", "time": "Sat Jul 23 12:53:16 +0000 2016"}
{"polarity": 0.0, "location": "Boston, MA", "sentiment": "neutral", "time": "Sat Jul 23 12:53:36 +0000 2016"}
{"polarity": 0.85, "location": "New York, NY", "sentiment": "positive", "time": "Sat Jul 23 12:53:54 +0000 2016"}
{"polarity": 0.0, "location": "Phoenix, AZ", "sentiment": "neutral", "time": "Sat Jul 23 12:02:06 +0000 2016"}
{"polarity": 0.2, "location": "Seattle, WA", "sentiment": "positive", "time": "Sat Jul 23 12:02:59 +0000 2016"}
{"polarity": 0.0, "location": "Atlanta, GA", "sentiment": "neutral", "time": "Sat Jul 23 12:48:35 +0000 2016"}
{"polarity": 0.0, "location": "Atlanta, GA", "sentiment": "neutral", "time": "Sat Jul 23 12:48:55 +0000 2016"}
{"polarity": 0.0, "location": "Atlanta, GA", "sentiment": "neutral", "time": "Sat Jul 23 12:48:58 +0000 2016"}
{"polarity": 0.25, "location": "New York, NY", "sentiment": "positive", "time": "Sat Jul 23 12:25:03 +0000 2016"}
{"polarity": -0.6, "location": "Atlanta, GA", "sentiment": "negative", "time": "Sat Jul 23 12:25:43 +0000 2016"}
{"polarity": 0.1, "location": "New York, NY", "sentiment": "positive", "time": "Sat Jul 23 12:25:43 +0000 2016"}
{"polarity": -0.6, "location": "New York, NY", "sentiment": "negative", "time": "Sat Jul 23 12:25:43 +0000 2016"}
{"polarity": 0.2333333333333333, "location": "New York, NY", "sentiment": "positive", "time": "Sat Jul 23 12:25:51 +0000 2016"}
{"polarity": 0.0, "location": "New York, NY", "sentiment": "neutral", "time": "Sat Jul 23 12:16:03 +0000 2016"}
{"polarity": 0.5, "location": "Boston, MA", "sentiment": "positive", "time": "Sat Jul 23 12:16:13 +0000 2016"}
{"polarity": 0.0, "location": "Boston, MA", "sentiment": "neutral", "time": "Sat Jul 23 12:16:22 +0000 2016"}
{"polarity": 0.03125, "location": "Atlanta, GA", "sentiment": "positive", "time": "Sat Jul 23 12:16:54 +0000 2016"}
{"polarity": 0.0, "location": "New York, NY", "sentiment": "neutral", "time": "Sat Jul 23 12:14:14 +0000 2016"}
{"polarity": 0.0, "location": "Phoenix, AZ", "sentiment": "neutral", "time": "Sat Jul 23 12:14:45 +0000 2016"}
{"polarity": 0.0, "location": "New York, NY", "sentiment": "neutral", "time": "Sat Jul 23 12:23:19 +0000 2016"}
{"polarity": -0.85, "location": "San Diego, CA", "sentiment": "negative", "time": "Sat Jul 23 12:23:31 +0000 2016"}
{"polarity": 0.13636363636363635, "location": "New York, NY", "sentiment": "positive", "time": "Sat Jul 23 12:23:43 +0000 2016"}
{"polarity": 0.5, "location": "New York, NY", "sentiment": "positive", "time": "Sat Jul 23 12:23:47 +0000 2016"}
{"polarity": 0.6, "location": "Boston, MA", "sentiment": "positive", "time": "Sat Jul 23 12:23:50 +0000 2016"}
{"polarity": 0.0, "location": "New York, NY", "sentiment": "neutral", "time": "Sat Jul 23 12:07:07 +0000 2016"}
{"polarity": 0.35, "location": "Atlanta, GA", "sentiment": "positive", "time": "Sat Jul 23 12:07:17 +0000 2016"}
{"polarity": -0.16666666666666666, "location": "New York, NY", "sentiment": "negative", "time": "Sat Jul 23 12:07:38 +0000 2016"}
{"polarity": 0.0, "location": "Atlanta, GA", "sentiment": "neutral", "time": "Sat Jul 23 12:07:47 +0000 2016"}
{"polarity": 0.0, "location": "New York, NY", "sentiment": "neutral", "time": "Sat Jul 23 12:51:03 +0000 2016"}
{"polarity": -0.125, "location": "Atlanta, GA", "sentiment": "negative", "time": "Sat Jul 23 12:51:57 +0000 2016"}
{"polarity": 0.19999999999999998, "location": "Orlando, FL", "sentiment": "positive", "time": "Sat Jul 23 12:30:12 +0000 2016"}
{"polarity": 0.0, "location": "New York, NY", "sentiment": "neutral", "time": "Sat Jul 23 12:30:26 +0000 2016"}
{"polarity": -1.0, "location": "Seattle, WA", "sentiment": "negative", "time": "Sat Jul 23 12:30:33 +0000 2016"}
{"polarity": 0.13636363636363635, "location": "New York, NY", "sentiment": "positive", "time": "Sat Jul 23 12:30:47 +0000 2016"}
{"polarity": 0.2, "location": "Seattle, WA", "sentiment": "positive", "time": "Sat Jul 23 12:30:47 +0000 2016"}
{"polarity": 0.05, "location": "San Diego, CA", "sentiment": "positive", "time": "Sat Jul 23 12:30:49 +0000 2016"}
{"polarity": 0.1953125, "location": "Atlanta, GA", "sentiment": "positive", "time": "Sat Jul 23 12:30:50 +0000 2016"}
{"polarity": 0.0, "location": "Portland, OR", "sentiment": "neutral", "time": "Sat Jul 23 12:03:28 +0000 2016"}
{"polarity": 0.0, "location": "New York, NY", "sentiment": "neutral", "time": "Sat Jul 23 12:03:35 +0000 2016"}
{"polarity": 0.5, "location": "New York, NY", "sentiment": "positive", "time": "Sat Jul 23 12:03:37 +0000 2016"}
{"polarity": 0.0, "location": "New York, NY", "sentiment": "neutral", "time": "Sat Jul 23 12:03:39 +0000 2016"}
{"polarity": 0.0, "location": "Boston, MA", "sentiment": "neutral", "time": "Sat Jul 23 12:03:39 +0000 2016"}
{"polarity": 0.0, "location": "New York, NY", "sentiment": "neutral", "time": "Sat Jul 23 12:40:26 +0000 2016"}
{"polarity": 0.16818181818181818, "location": "New York, NY", "sentiment": "positive", "time": "Sat Jul 23 12:40:57 +0000 2016"}
{"polarity": 0.0, "location": "Atlanta, GA", "sentiment": "neutral", "time": "Sat Jul 23 12:40:59 +0000 2016"}
{"polarity": 0.0, "location": "Boston, MA", "sentiment": "neutral", "time": "Sat Jul 23 12:40:59 +0000 2016"}
{"polarity": -0.6, "location": "New York, NY", "sentiment": "negative", "time": "Sat Jul 23 12:08:00 +0000 2016"}
{"polarity": 0.8, "location": "San Diego, CA", "sentiment": "positive", "time": "Sat Jul 23 12:08:09 +0000 2016"}
{"polarity": 0.0, "location": "Boston, MA", "sentiment": "neutral", "time": "Sat Jul 23 12:08:13 +0000 2016"}
{"polarity": 0.0, "location": "Seattle, WA", "sentiment": "neutral", "time": "Sat Jul 23 12:08:14 +0000 2016"}
{"polarity": 0.0, "location": "Atlanta, GA", "sentiment": "neutral", "time": "Sat Jul 23 12:08:25 +0000 2016"}
{"polarity": 0.375, "location": "Portland, OR", "sentiment": "positive", "time": "Sat Jul 23 12:35:14 +0000 2016"}
{"polarity": 0.0, "location": "New York, NY", "sentiment": "neutral", "time": "Sat Jul 23 12:35:25 +0000 2016"}
{"polarity": -0.16666666666666666, "location": "New York, NY", "sentiment": "negative", "time": "Sat Jul 23 12:35:32 +0000 2016"}
{"polarity": 0.75, "location": "Atlanta, GA", "sentiment": "positive", "time": "Sat Jul 23 12:35:45 +0000 2016"}
{"polarity": -0.25, "location": "New York, NY", "sentiment": "negative", "time": "Sat Jul 23 12:35:51 +0000 2016"}
{"polarity": 0.0, "location": "New York, NY", "sentiment": "neutral", "time": "Sat Jul 23 12:43:12 +0000 2016"}
{"polarity": 0.0, "location": "Orlando, FL", "sentiment": "neutral", "time": "Sat Jul 23 12:43:33 +0000 2016"}
{"polarity": -0.6999999999999998, "location": "Atlanta, GA", "sentiment": "negative", "time": "Sat Jul 23 12:43:34 +0000 2016"}
{"polarity": -0.15, "location": "Boston, MA", "sentiment": "negative", "time": "Sat Jul 23 12:10:11 +0000 2016"}
{"polarity": 0.2333333333333333, "location": "St. Louis, MO", "sentiment": "positive", "time": "Sat Jul 23 12:10:22 +0000 2016"}
{"polarity": 0.0, "location": "Orlando, FL", "sentiment": "neutral", "time": "Sat Jul 23 12:10:24 +0000 2016"}
{"polarity": -0.3499999999999999, "location": "New York, NY", "sentiment": "negative", "time": "Sat Jul 23 12:10:33 +0000 2016"}
{"polarity": 0.0, "location": "Orlando, FL", "sentiment": "neutral", "time": "Sat Jul 23 12:10:59 +0000 2016"}
{"polarity": 0.0, "location": "Seattle, WA", "sentiment": "neutral", "time": "Sat Jul 23 12:54:02 +0000 2016"}
{"polarity": -0.075, "location": "New York, NY", "sentiment": "negative", "time": "Sat Jul 23 12:54:10 +0000 2016"}
{"polarity": 0.13636363636363635, "location": "Portland, OR", "sentiment": "positive", "time": "Sat Jul 23 12:54:26 +0000 2016"}
{"polarity": 0.15000000000000002, "location": "New York, NY", "sentiment": "positive", "time": "Sat Jul 23 12:54:40 +0000 2016"}
{"polarity": 0.8, "location": "Atlanta, GA", "sentiment": "positive", "time": "Sat Jul 23 12:54:50 +0000 2016"}
{"polarity": 0.0, "location": "New York, NY", "sentiment": "neutral", "time": "Sat Jul 23 12:24:01 +0000 2016"}
{"polarity": 0.0, "location": "Atlanta, GA", "sentiment": "neutral", "time": "Sat Jul 23 12:24:13 +0000 2016"}
{"polarity": 0.0, "location": "Portland, OR", "sentiment": "neutral", "time": "Sat Jul 23 12:24:14 +0000 2016"}
{"polarity": 0.0, "location": "Portland, OR", "sentiment": "neutral", "time": "Sat Jul 23 12:24:22 +0000 2016"}
{"polarity": 0.5, "location": "Boston, MA", "sentiment": "positive", "time": "Sat Jul 23 12:24:39 +0000 2016"}
{"polarity": 0.0, "location": "Atlanta, GA", "sentiment": "neutral", "time": "Sat Jul 23 12:24:47 +0000 2016"}
{"polarity": -0.3, "location": "New York, NY", "sentiment": "negative", "time": "Sat Jul 23 12:32:05 +0000 2016"}
{"polarity": -0.16666666666666666, "location": "St. Louis, MO", "sentiment": "negative", "time": "Sat Jul 23 12:32:38 +0000 2016"}
{"polarity": 0.5, "location": "San Diego, CA", "sentiment": "positive", "time": "Sat Jul 23 12:36:05 +0000 2016"}
{"polarity": 0.1, "location": "Atlanta, GA", "sentiment": "positive", "time": "Sat Jul 23 12:36:31 +0000 2016"}
{"polarity": 0.0, "location": "New York, NY", "sentiment": "neutral", "time": "Sat Jul 23 12:36:34 +0000 2016"}
{"polarity": 0.0, "location": "Orlando, FL", "sentiment": "neutral", "time": "Sat Jul 23 12:36:39 +0000 2016"}
{"polarity": 0.1, "location": "Orlando, FL", "sentiment": "positive", "time": "Sat Jul 23 12:36:46 +0000 2016"}
{"polarity": 0.19999999999999998, "location": "Boston, MA", "sentiment": "positive", "time": "Sat Jul 23 12:01:21 +0000 2016"}
{"polarity": 0.25, "location": "Kansas City, KS", "sentiment": "positive", "time": "Sat Jul 23 12:55:03 +0000 2016"}
{"polarity": 0.2, "location": "Atlanta, GA", "sentiment": "positive", "time": "Sat Jul 23 12:55:14 +0000 2016"}
{"polarity": 0.0, "location": "New York, NY", "sentiment": "neutral", "time": "Sat Jul 23 12:55:51 +0000 2016"}
{"polarity": 0.043181818181818175, "location": "St. Louis, MO", "sentiment": "positive", "time": "Sat Jul 23 12:09:19 +0000 2016"}
{"polarity": 0.3, "location": "Boston, MA", "sentiment": "positive", "time": "Sat Jul 23 12:09:33 +0000 2016"}
{"polarity": 0.0, "location": "Atlanta, GA", "sentiment": "neutral", "time": "Sat Jul 23 12:09:34 +0000 2016"}
{"polarity": 0.0, "location": "New York, NY", "sentiment": "neutral", "time": "Sat Jul 23 12:09:48 +0000 2016"}
{"polarity": 0.0, "location": "Atlanta, GA", "sentiment": "neutral", "time": "Sat Jul 23 12:33:07 +0000 2016"}
{"polarity": 0.0, "location": "Portland, OR", "sentiment": "neutral", "time": "Sat Jul 23 12:33:23 +0000 2016"}
{"polarity": 0.0, "location": "New York, NY", "sentiment": "neutral", "time": "Sat Jul 23 12:33:31 +0000 2016"}
{"polarity": 0.75, "location": "New York, NY", "sentiment": "positive", "time": "Sat Jul 23 12:44:02 +0000 2016"}
{"polarity": 0.0, "location": "Orlando, FL", "sentiment": "neutral", "time": "Sat Jul 23 12:44:05 +0000 2016"}
{"polarity": 0.65, "location": "Boston, MA", "sentiment": "positive", "time": "Sat Jul 23 12:44:28 +0000 2016"}
{"polarity": 0.0, "location": "Orlando, FL", "sentiment": "neutral", "time": "Sat Jul 23 12:44:28 +0000 2016"}
{"polarity": 0.3, "location": "Portland, OR", "sentiment": "positive", "time": "Sat Jul 23 12:44:47 +0000 2016"}
{"polarity": 0.0, "location": "Atlanta, GA", "sentiment": "neutral", "time": "Sat Jul 23 12:44:50 +0000 2016"}
{"polarity": 0.0, "location": "New York, NY", "sentiment": "neutral", "time": "Sat Jul 23 12:44:55 +0000 2016"}
{"polarity": -0.03125, "location": "New York, NY", "sentiment": "negative", "time": "Sat Jul 23 12:28:00 +0000 2016"}
{"polarity": 0.0, "location": "Atlanta, GA", "sentiment": "neutral", "time": "Sat Jul 23 12:28:03 +0000 2016"}
{"polarity": 0.05000000000000002, "location": "New York, NY", "sentiment": "positive", "time": "Sat Jul 23 12:28:37 +0000 2016"}
{"polarity": 0.0, "location": "Boston, MA", "sentiment": "neutral", "time": "Sat Jul 23 12:28:51 +0000 2016"}
{"polarity": 0.0, "location": "New York, NY", "sentiment": "neutral", "time": "Sat Jul 23 12:22:29 +0000 2016"}
{"polarity": 0.0, "location": "New York, NY", "sentiment": "neutral", "time": "Sat Jul 23 12:22:58 +0000 2016"}
{"polarity": 0.0, "location": "Atlanta, GA", "sentiment": "neutral", "time": "Sat Jul 23 12:49:10 +0000 2016"}
{"polarity": 0.43333333333333335, "location": "Atlanta, GA", "sentiment": "positive", "time": "Sat Jul 23 12:49:40 +0000 2016"}
{"polarity": 0.0, "location": "Atlanta, GA", "sentiment": "neutral", "time": "Sat Jul 23 12:49:55 +0000 2016"}
{"polarity": 0.0, "location": "Seattle, WA", "sentiment": "neutral", "time": "Sat Jul 23 12:49:59 +0000 2016"}
{"polarity": 0.0, "location": "Atlanta, GA", "sentiment": "neutral", "time": "Sat Jul 23 12:45:30 +0000 2016"}
{"polarity": 0.0, "location": "Boston, MA", "sentiment": "neutral", "time": "Sat Jul 23 12:45:31 +0000 2016"}
{"polarity": 0.0, "location": "Portland, OR", "sentiment": "neutral", "time": "Sat Jul 23 12:45:37 +0000 2016"}
{"polarity": 0.0, "location": "Atlanta, GA", "sentiment": "neutral", "time": "Sat Jul 23 12:45:41 +0000 2016"}
{"polarity": 0.25, "location": "San Diego, CA", "sentiment": "positive", "time": "Sat Jul 23 12:45:42 +0000 2016"}
{"polarity": 0.0, "location": "New York, NY", "sentiment": "neutral", "time": "Sat Jul 23 12:06:07 +0000 2016"}
{"polarity": 0.0, "location": "Phoenix, AZ", "sentiment": "neutral", "time": "Sat Jul 23 12:06:14 +0000 2016"}
{"polarity": 0.24000000000000005, "location": "Atlanta, GA", "sentiment": "positive", "time": "Sat Jul 23 12:06:51 +0000 2016"}
{"polarity": -0.05555555555555558, "location": "Atlanta, GA", "sentiment": "negative", "time": "Sat Jul 23 12:20:01 +0000 2016"}
{"polarity": -0.1, "location": "Orlando, FL", "sentiment": "negative", "time": "Sat Jul 23 12:20:02 +0000 2016"}
{"polarity": 0.0, "location": "Atlanta, GA", "sentiment": "neutral", "time": "Sat Jul 23 12:20:03 +0000 2016"}
{"polarity": 0.0, "location": "New York, NY", "sentiment": "neutral", "time": "Sat Jul 23 12:13:19 +0000 2016"}
{"polarity": 1.0, "location": "Atlanta, GA", "sentiment": "positive", "time": "Sat Jul 23 12:13:23 +0000 2016"}
{"polarity": 0.3181818181818182, "location": "New York, NY", "sentiment": "positive", "time": "Sat Jul 23 12:13:25 +0000 2016"}
{"polarity": 0.3, "location": "St. Louis, MO", "sentiment": "positive", "time": "Sat Jul 23 12:13:27 +0000 2016"}
{"polarity": 0.17045454545454544, "location": "New York, NY", "sentiment": "positive", "time": "Sat Jul 23 12:04:20 +0000 2016"}
{"polarity": 0.0, "location": "Phoenix, AZ", "sentiment": "neutral", "time": "Sat Jul 23 12:04:22 +0000 2016"}
{"polarity": 0.0, "location": "Boston, MA", "sentiment": "neutral", "time": "Sat Jul 23 12:04:40 +0000 2016"}
{"polarity": 0.06666666666666667, "location": "San Diego, CA", "sentiment": "positive", "time": "Sun Jul 24 03:39:14 +0000 2016"}
{"polarity": 0.0, "location": "Portland, OR", "sentiment": "neutral", "time": "Sun Jul 24 03:39:20 +0000 2016"}
{"polarity": 0.8, "location": "Atlanta, GA", "sentiment": "positive", "time": "Sun Jul 24 03:39:22 +0000 2016"}
{"polarity": 0.0, "location": "Boston, MA", "sentiment": "neutral", "time": "Sun Jul 24 03:39:27 +0000 2016"}
{"polarity": 0.0, "location": "New York, NY", "sentiment": "neutral", "time": "Sun Jul 24 03:39:27 +0000 2016"}
{"polarity": 0.05, "location": "New York, NY", "sentiment": "positive", "time": "Sun Jul 24 03:39:42 +0000 2016"}
{"polarity": 0.5, "location": "New York, NY", "sentiment": "positive", "time": "Sun Jul 24 03:39:59 +0000 2016"}
{"polarity": 0.0, "location": "Atlanta, GA", "sentiment": "neutral", "time": "Sun Jul 24 03:59:05 +0000 2016"}
{"polarity": 0.5, "location": "Atlanta, GA", "sentiment": "positive", "time": "Sun Jul 24 03:59:19 +0000 2016"}
{"polarity": -1.0, "location": "New York, NY", "sentiment": "negative", "time": "Sun Jul 24 03:59:37 +0000 2016"}
{"polarity": 0.3, "location": "Seattle, WA", "sentiment": "positive", "time": "Sun Jul 24 03:59:47 +0000 2016"}
{"polarity": 0.0, "location": "Portland, OR", "sentiment": "neutral", "time": "Sun Jul 24 03:59:50 +0000 2016"}
{"polarity": 0.0, "location": "Phoenix, AZ", "sentiment": "neutral", "time": "Sun Jul 24 03:59:52 +0000 2016"}
{"polarity": 0.5, "location": "Seattle, WA", "sentiment": "positive", "time": "Sun Jul 24 03:59:57 +0000 2016"}
{"polarity": 0.0, "location": "San Diego, CA", "sentiment": "neutral", "time": "Sun Jul 24 03:19:10 +0000 2016"}
{"polarity": 1.0, "location": "Portland, OR", "sentiment": "positive", "time": "Sun Jul 24 03:19:14 +0000 2016"}
{"polarity": 0.0, "location": "Orlando, FL", "sentiment": "neutral", "time": "Sun Jul 24 03:19:18 +0000 2016"}
{"polarity": -0.30000000000000004, "location": "Atlanta, GA", "sentiment": "negative", "time": "Sun Jul 24 03:19:20 +0000 2016"}
{"polarity": 0.0, "location": "Atlanta, GA", "sentiment": "neutral", "time": "Sun Jul 24 03:19:24 +0000 2016"}
{"polarity": 0.6, "location": "Orlando, FL", "sentiment": "positive", "time": "Sun Jul 24 03:19:31 +0000 2016"}
{"polarity": 0.075, "location": "Atlanta, GA", "sentiment": "positive", "time": "Sun Jul 24 03:19:51 +0000 2016"}
{"polarity": 0.0, "location": "Portland, OR", "sentiment": "neutral", "time": "Sun Jul 24 03:19:52 +0000 2016"}
{"polarity": 0.0, "location": "Portland, OR", "sentiment": "neutral", "time": "Sun Jul 24 03:37:10 +0000 2016"}
{"polarity": 0.0, "location": "Atlanta, GA", "sentiment": "neutral", "time": "Sun Jul 24 03:37:27 +0000 2016"}
{"polarity": 0.050000000000000024, "location": "Portland, OR", "sentiment": "positive", "time": "Sun Jul 24 03:37:28 +0000 2016"}
{"polarity": 0.4, "location": "Atlanta, GA", "sentiment": "positive", "time": "Sun Jul 24 03:37:35 +0000 2016"}
{"polarity": 0.0, "location": "Phoenix, AZ", "sentiment": "neutral", "time": "Sun Jul 24 03:37:39 +0000 2016"}
{"polarity": 0.05, "location": "Seattle, WA", "sentiment": "positive", "time": "Sun Jul 24 03:37:50 +0000 2016"}
{"polarity": 0.16, "location": "New York, NY", "sentiment": "positive", "time": "Sun Jul 24 03:37:52 +0000 2016"}
{"polarity": -0.4, "location": "New York, NY", "sentiment": "negative", "time": "Sun Jul 24 03:37:53 +0000 2016"}
{"polarity": 1.0, "location": "Seattle, WA", "sentiment": "positive", "time": "Sun Jul 24 03:31:00 +0000 2016"}
{"polarity": -0.16666666666666666, "location": "San Diego, CA", "sentiment": "negative", "time": "Sun Jul 24 03:31:17 +0000 2016"}
{"polarity": 0.0, "location": "New York, NY", "sentiment": "neutral", "time": "Sun Jul 24 03:31:25 +0000 2016"}
{"polarity": 0.0, "location": "Seattle, WA", "sentiment": "neutral", "time": "Sun Jul 24 03:31:29 +0000 2016"}
{"polarity": 0.0, "location": "Seattle, WA", "sentiment": "neutral", "time": "Sun Jul 24 03:31:33 +0000 2016"}
{"polarity": 0.9, "location": "Orlando, FL", "sentiment": "positive", "time": "Sun Jul 24 03:31:38 +0000 2016"}
{"polarity": 0.5, "location": "Orlando, FL", "sentiment": "positive", "time": "Sun Jul 24 03:31:43 +0000 2016"}
{"polarity": 0.0, "location": "Orlando, FL", "sentiment": "neutral", "time": "Sun Jul 24 03:31:49 +0000 2016"}
{"polarity": 0.16, "location": "Portland, OR", "sentiment": "positive", "time": "Sun Jul 24 03:31:53 +0000 2016"}
{"polarity": 0.0, "location": "New York, NY", "sentiment": "neutral", "time": "Sun Jul 24 03:41:08 +0000 2016"}
{"polarity": -0.16666666666666666, "location": "Boston, MA", "sentiment": "negative", "time": "Sun Jul 24 03:41:14 +0000 2016"}
{"polarity": 0.5, "location": "Seattle, WA", "sentiment": "positive", "time": "Sun Jul 24 03:41:27 +0000 2016"}
{"polarity": 0.0, "location": "Orlando, FL", "sentiment": "neutral", "time": "Sun Jul 24 03:41:34 +0000 2016"}
{"polarity": 0.0, "location": "Boston, MA", "sentiment": "neutral", "time": "Sun Jul 24 03:41:44 +0000 2016"}
{"polarity": 0.9, "location": "Phoenix, AZ", "sentiment": "positive", "time": "Sun Jul 24 03:41:52 +0000 2016"}
{"polarity": 0.0, "location": "Phoenix, AZ", "sentiment": "neutral", "time": "Sun Jul 24 03:41:57 +0000 2016"}
{"polarity": 0.0, "location": "San Diego, CA", "sentiment": "neutral", "time": "Sun Jul 24 03:27:11 +0000 2016"}
{"polarity": 0.0, "location": "Orlando, FL", "sentiment": "neutral", "time": "Sun Jul 24 03:27:18 +0000 2016"}
{"polarity": 0.0, "location": "New York, NY", "sentiment": "neutral", "time": "Sun Jul 24 03:27:20 +0000 2016"}
{"polarity": 0.5, "location": "Atlanta, GA", "sentiment": "positive", "time": "Sun Jul 24 03:27:24 +0000 2016"}
{"polarity": 0.0, "location": "Seattle, WA", "sentiment": "neutral", "time": "Sun Jul 24 03:27:24 +0000 2016"}
{"polarity": 0.6, "location": "San Diego, CA", "sentiment": "positive", "time": "Sun Jul 24 03:27:27 +0000 2016"}
{"polarity": -0.6999999999999998, "location": "New York, NY", "sentiment": "negative", "time": "Sun Jul 24 03:27:54 +0000 2016"}
{"polarity": 0.0, "location": "Orlando, FL", "sentiment": "neutral", "time": "Sun Jul 24 03:57:05 +0000 2016"}
{"polarity": 0.0, "location": "Phoenix, AZ", "sentiment": "neutral", "time": "Sun Jul 24 03:57:05 +0000 2016"}
{"polarity": 0.0, "location": "Boston, MA", "sentiment": "neutral", "time": "Sun Jul 24 03:57:15 +0000 2016"}
{"polarity": 0.15, "location": "Boston, MA", "sentiment": "positive", "time": "Sun Jul 24 03:57:18 +0000 2016"}
{"polarity": -0.25, "location": "Portland, OR", "sentiment": "negative", "time": "Sun Jul 24 03:57:22 +0000 2016"}
{"polarity": 0.0, "location": "Atlanta, GA", "sentiment": "neutral", "time": "Sun Jul 24 03:57:22 +0000 2016"}
{"polarity": 0.6333333333333334, "location": "Atlanta, GA", "sentiment": "positive", "time": "Sun Jul 24 03:57:45 +0000 2016"}
{"polarity": 0.35, "location": "San Diego, CA", "sentiment": "positive", "time": "Sun Jul 24 03:57:46 +0000 2016"}
{"polarity": 0.4, "location": "San Diego, CA", "sentiment": "positive", "time": "Sun Jul 24 03:57:52 +0000 2016"}
{"polarity": 0.41111111111111104, "location": "Boston, MA", "sentiment": "positive", "time": "Sun Jul 24 03:26:02 +0000 2016"}
{"polarity": -0.33333333333333337, "location": "Seattle, WA", "sentiment": "negative", "time": "Sun Jul 24 03:26:34 +0000 2016"}
{"polarity": 0.25, "location": "New York, NY", "sentiment": "positive", "time": "Sun Jul 24 03:26:43 +0000 2016"}
{"polarity": 0.0, "location": "Phoenix, AZ", "sentiment": "neutral", "time": "Sun Jul 24 03:26:44 +0000 2016"}
{"polarity": 0.0, "location": "New York, NY", "sentiment": "neutral", "time": "Sun Jul 24 03:26:51 +0000 2016"}
{"polarity": 0.0, "location": "Phoenix, AZ", "sentiment": "neutral", "time": "Sun Jul 24 03:26:55 +0000 2016"}
