{"polarity": 0.0, "location": "New York, NY", "sentiment": "neutral", "time": "Sun Jul 24 03:58:07 +0000 2016"}
{"polarity": 0.4, "location": "Phoenix, AZ", "sentiment": "positive", "time": "Sun Jul 24 03:58:14 +0000 2016"}
{"polarity": -0.15555555555555559, "location": "Boston, MA", "sentiment": "negative", "time": "Sun Jul 24 03:58:49 +0000 2016"}
{"polarity": 0.45714285714285713, "location": "New York, NY", "sentiment": "positive", "time": "Sun Jul 24 03:58:50 +0000 2016"}
{"polarity": 0.5, "location": "San Diego, CA", "sentiment": "positive", "time": "Sun Jul 24 03:42:01 +0000 2016"}
{"polarity": 0.3, "location": "Portland, OR", "sentiment": "positive", "time": "Sun Jul 24 03:42:13 +0000 2016"}
{"polarity": 0.0, "location": "Orlando, FL", "sentiment": "neutral", "time": "Sun Jul 24 03:42:20 +0000 2016"}
{"polarity": 0.0, "location": "Seattle, WA", "sentiment": "neutral", "time": "Sun Jul 24 03:42:23 +0000 2016"}
{"polarity": 0.4, "location": "Seattle, WA", "sentiment": "positive", "time": "Sun Jul 24 03:42:25 +0000 2016"}
{"polarity": -0.3, "location": "Atlanta, GA", "sentiment": "negative", "time": "Sun Jul 24 03:42:26 +0000 2016"}
{"polarity": 0.25, "location": "Atlanta, GA", "sentiment": "positive", "time": "Sun Jul 24 03:42:51 +0000 2016"}
{"polarity": 0.13636363636363635, "location": "Atlanta, GA", "sentiment": "positive", "time": "Sun Jul 24 03:42:54 +0000 2016"}
{"polarity": 0.0, "location": "Atlanta, GA", "sentiment": "neutral", "time": "Sun Jul 24 03:50:01 +0000 2016"}
{"polarity": 0.0, "location": "Seattle, WA", "sentiment": "neutral", "time": "Sun Jul 24 03:50:06 +0000 2016"}
{"polarity": 0.4, "location": "San Diego, CA", "sentiment": "positive", "time": "Sun Jul 24 03:50:07 +0000 2016"}
{"polarity": 0.0, "location": "New York, NY", "sentiment": "neutral", "time": "Sun Jul 24 03:50:11 +0000 2016"}
{"polarity": 0.5, "location": "New York, NY", "sentiment": "positive", "time": "Sun Jul 24 03:50:11 +0000 2016"}
{"polarity": 0.25, "location": "Portland, OR", "sentiment": "positive", "time": "Sun Jul 24 03:50:14 +0000 2016"}
{"polarity": 0.0, "location": "Portland, OR", "sentiment": "neutral", "time": "Sun Jul 24 03:50:41 +0000 2016"}
{"polarity": 0.78125, "location": "Atlanta, GA", "sentiment": "positive", "time": "Sun Jul 24 03:50:44 +0000 2016"}
{"polarity": -0.16666666666666666, "location": "Atlanta, GA", "sentiment": "negative", "time": "Sun Jul 24 03:50:48 +0000 2016"}
{"polarity": 0.0, "location": "Orlando, FL", "sentiment": "neutral", "time": "Sun Jul 24 03:50:49 +0000 2016"}
{"polarity": 0.0, "location": "San Diego, CA", "sentiment": "neutral", "time": "Sun Jul 24 03:15:23 +0000 2016"}
{"polarity": 0.0, "location": "Portland, OR", "sentiment": "neutral", "time": "Sun Jul 24 03:15:27 +0000 2016"}
{"polarity": -0.4, "location": "Boston, MA", "sentiment": "negative", "time": "Sun Jul 24 03:15:33 +0000 2016"}
{"polarity": 0.0, "location": "Boston, MA", "sentiment": "neutral", "time": "Sun Jul 24 03:15:42 +0000 2016"}
{"polarity": 0.0, "location": "New York, NY", "sentiment": "neutral", "time": "Sun Jul 24 03:15:46 +0000 2016"}
{"polarity": 0.0, "location": "Atlanta, GA", "sentiment": "neutral", "time": "Sun Jul 24 03:38:04 +0000 2016"}
{"polarity": 0.0, "location": "New York, NY", "sentiment": "neutral", "time": "Sun Jul 24 03:38:15 +0000 2016"}
{"polarity": 0.0, "location": "Atlanta, GA", "sentiment": "neutral", "time": "Sun Jul 24 03:38:22 +0000 2016"}
{"polarity": -0.15555555555555559, "location": "New York, NY", "sentiment": "negative", "time": "Sun Jul 24 03:38:24 +0000 2016"}
{"polarity": 0.13636363636363635, "location": "New York, NY", "sentiment": "positive", "time": "Sun Jul 24 03:38:30 +0000 2016"}
{"polarity": 0.0, "location": "San Diego, CA", "sentiment": "neutral", "time": "Sun Jul 24 03:38:58 +0000 2016"}
{"polarity": 0.0, "location": "New York, NY", "sentiment": "neutral", "time": "Sun Jul 24 03:21:01 +0000 2016"}
{"polarity": 0.0, "location": "Phoenix, AZ", "sentiment": "neutral", "time": "Sun Jul 24 03:21:01 +0000 2016"}
{"polarity": 0.0, "location": "Seattle, WA", "sentiment": "neutral", "time": "Sun Jul 24 03:21:04 +0000 2016"}
{"polarity": 0.0, "location": "San Diego, CA", "sentiment": "neutral", "time": "Sun Jul 24 03:21:06 +0000 2016"}
{"polarity": 0.5, "location": "New York, NY", "sentiment": "positive", "time": "Sun Jul 24 03:21:11 +0000 2016"}
{"polarity": -0.2, "location": "Atlanta, GA", "sentiment": "negative", "time": "Sun Jul 24 03:21:12 +0000 2016"}
{"polarity": 0.0, "location": "Atlanta, GA", "sentiment": "neutral", "time": "Sun Jul 24 03:21:13 +0000 2016"}
{"polarity": 0.0, "location": "San Diego, CA", "sentiment": "neutral", "time": "Sun Jul 24 03:21:21 +0000 2016"}
{"polarity": -0.16666666666666666, "location": "San Diego, CA", "sentiment": "negative", "time": "Sun Jul 24 03:21:25 +0000 2016"}
{"polarity": 0.0, "location": "New York, NY", "sentiment": "neutral", "time": "Sun Jul 24 03:21:30 +0000 2016"}
{"polarity": 0.7, "location": "New York, NY", "sentiment": "positive", "time": "Sun Jul 24 03:21:34 +0000 2016"}
{"polarity": -0.5, "location": "Boston, MA", "sentiment": "negative", "time": "Sun Jul 24 03:21:44 +0000 2016"}
{"polarity": 0.0, "location": "Portland, OR", "sentiment": "neutral", "time": "Sun Jul 24 03:21:57 +0000 2016"}
{"polarity": -0.4, "location": "Seattle, WA", "sentiment": "negative", "time": "Sun Jul 24 03:21:59 +0000 2016"}
{"polarity": 0.0, "location": "New York, NY", "sentiment": "neutral", "time": "Sun Jul 24 03:17:22 +0000 2016"}
{"polarity": 0.0, "location": "New York, NY", "sentiment": "neutral", "time": "Sun Jul 24 03:17:38 +0000 2016"}
{"polarity": 0.0, "location": "New York, NY", "sentiment": "neutral", "time": "Sun Jul 24 03:17:40 +0000 2016"}
{"polarity": 0.19999999999999998, "location": "New York, NY", "sentiment": "positive", "time": "Sun Jul 24 03:17:54 +0000 2016"}
{"polarity": 0.0, "location": "Atlanta, GA", "sentiment": "neutral", "time": "Sun Jul 24 03:17:58 +0000 2016"}
{"polarity": -0.05, "location": "Atlanta, GA", "sentiment": "negative", "time": "Sun Jul 24 03:17:58 +0000 2016"}
{"polarity": 0.19545454545454544, "location": "Seattle, WA", "sentiment": "positive", "time": "Sun Jul 24 03:12:05 +0000 2016"}
{"polarity": 0.1, "location": "Atlanta, GA", "sentiment": "positive", "time": "Sun Jul 24 03:12:06 +0000 2016"}
{"polarity": -0.4, "location": "Atlanta, GA", "sentiment": "negative", "time": "Sun Jul 24 03:12:16 +0000 2016"}
{"polarity": 0.0, "location": "Atlanta, GA", "sentiment": "neutral", "time": "Sun Jul 24 03:12:25 +0000 2016"}
{"polarity": 0.0, "location": "New York, NY", "sentiment": "neutral", "time": "Sun Jul 24 03:12:28 +0000 2016"}
{"polarity": -0.04444444444444445, "location": "Seattle, WA", "sentiment": "negative", "time": "Sun Jul 24 03:12:40 +0000 2016"}
{"polarity": -0.029166666666666664, "location": "New York, NY", "sentiment": "negative", "time": "Sun Jul 24 03:12:43 +0000 2016"}
{"polarity": 0.24318181818181817, "location": "Seattle, WA", "sentiment": "positive", "time": "Sun Jul 24 03:12:44 +0000 2016"}
{"polarity": 0.13636363636363635, "location": "San Diego, CA", "sentiment": "positive", "time": "Sun Jul 24 03:12:44 +0000 2016"}
{"polarity": 0.0, "location": "Atlanta, GA", "sentiment": "neutral", "time": "Sun Jul 24 03:12:55 +0000 2016"}
{"polarity": 0.0, "location": "Seattle, WA", "sentiment": "neutral", "time": "Sun Jul 24 03:29:18 +0000 2016"}
{"polarity": 0.0, "location": "San Diego, CA", "sentiment": "neutral", "time": "Sun Jul 24 03:29:19 +0000 2016"}
{"polarity": 0.0, "location": "Boston, MA", "sentiment": "neutral", "time": "Sun Jul 24 03:29:30 +0000 2016"}
{"polarity": 0.0, "location": "San Diego, CA", "sentiment": "neutral", "time": "Sun Jul 24 03:29:36 +0000 2016"}
{"polarity": 0.8, "location": "Phoenix, AZ", "sentiment": "positive", "time": "Sun Jul 24 03:29:38 +0000 2016"}
{"polarity": 0.0, "location": "Atlanta, GA", "sentiment": "neutral", "time": "Sun Jul 24 03:29:41 +0000 2016"}
{"polarity": 0.0, "location": "New York, NY", "sentiment": "neutral", "time": "Sun Jul 24 03:29:44 +0000 2016"}
{"polarity": 0.5, "location": "Seattle, WA", "sentiment": "positive", "time": "Sun Jul 24 03:29:46 +0000 2016"}
{"polarity": 0.5, "location": "Orlando, FL", "sentiment": "positive", "time": "Sun Jul 24 03:18:00 +0000 2016"}
{"polarity": 0.0, "location": "Atlanta, GA", "sentiment": "neutral", "time": "Sun Jul 24 03:18:01 +0000 2016"}
{"polarity": 0.3333333333333333, "location": "Portland, OR", "sentiment": "positive", "time": "Sun Jul 24 03:18:04 +0000 2016"}
{"polarity": -0.5, "location": "Portland, OR", "sentiment": "negative", "time": "Sun Jul 24 03:18:08 +0000 2016"}
{"polarity": 0.0, "location": "Boston, MA", "sentiment": "neutral", "time": "Sun Jul 24 03:18:08 +0000 2016"}
{"polarity": 0.4000000000000001, "location": "Boston, MA", "sentiment": "positive", "time": "Sun Jul 24 03:18:14 +0000 2016"}
{"polarity": 0.0, "location": "Seattle, WA", "sentiment": "neutral", "time": "Sun Jul 24 03:18:14 +0000 2016"}
{"polarity": 0.375, "location": "Portland, OR", "sentiment": "positive", "time": "Sun Jul 24 03:18:21 +0000 2016"}
{"polarity": 0.625, "location": "Seattle, WA", "sentiment": "positive", "time": "Sun Jul 24 03:18:22 +0000 2016"}
{"polarity": 0.4, "location": "Orlando, FL", "sentiment": "positive", "time": "Sun Jul 24 03:18:35 +0000 2016"}
{"polarity": 0.0, "location": "San Diego, CA", "sentiment": "neutral", "time": "Sun Jul 24 03:18:36 +0000 2016"}
{"polarity": 0.0, "location": "Atlanta, GA", "sentiment": "neutral", "time": "Sun Jul 24 03:18:48 +0000 2016"}
{"polarity": 0.0, "location": "Boston, MA", "sentiment": "neutral", "time": "Sun Jul 24 03:18:50 +0000 2016"}
{"polarity": 0.15, "location": "Atlanta, GA", "sentiment": "positive", "time": "Sun Jul 24 03:18:58 +0000 2016"}
{"polarity": 0.5, "location": "New York, NY", "sentiment": "positive", "time": "Sun Jul 24 03:18:00 +0000 2016"}
{"polarity": 0.43333333333333335, "location": "San Diego, CA", "sentiment": "positive", "time": "Sun Jul 24 03:46:01 +0000 2016"}
{"polarity": 0.0, "location": "Orlando, FL", "sentiment": "neutral", "time": "Sun Jul 24 03:46:08 +0000 2016"}
{"polarity": 0.0, "location": "Orlando, FL", "sentiment": "neutral", "time": "Sun Jul 24 03:46:25 +0000 2016"}
{"polarity": 0.3125, "location": "Portland, OR", "sentiment": "positive", "time": "Sun Jul 24 03:46:27 +0000 2016"}
{"polarity": 0.2, "location": "San Diego, CA", "sentiment": "positive", "time": "Sun Jul 24 03:46:41 +0000 2016"}
{"polarity": 0.0, "location": "New York, NY", "sentiment": "neutral", "time": "Sun Jul 24 03:46:49 +0000 2016"}
{"polarity": 0.4, "location": "Boston, MA", "sentiment": "positive", "time": "Sun Jul 24 03:46:50 +0000 2016"}
{"polarity": 0.0, "location": "Orlando, FL", "sentiment": "neutral", "time": "Sun Jul 24 03:46:58 +0000 2016"}
{"polarity": 0.0, "location": "Boston, MA", "sentiment": "neutral", "time": "Sun Jul 24 03:46:58 +0000 2016"}
{"polarity": -0.25, "location": "Orlando, FL", "sentiment": "negative", "time": "Sun Jul 24 03:00:17 +0000 2016"}
{"polarity": 0.0, "location": "Orlando, FL", "sentiment": "neutral", "time": "Sun Jul 24 03:00:21 +0000 2016"}
{"polarity": 0.0, "location": "Atlanta, GA", "sentiment": "neutral", "time": "Sun Jul 24 03:00:22 +0000 2016"}
{"polarity": 0.0, "location": "New York, NY", "sentiment": "neutral", "time": "Sun Jul 24 03:00:28 +0000 2016"}
{"polarity": 0.0, "location": "New York, NY", "sentiment": "neutral", "time": "Sun Jul 24 03:00:33 +0000 2016"}
{"polarity": 0.0, "location": "Boston, MA", "sentiment": "neutral", "time": "Sun Jul 24 03:00:34 +0000 2016"}
{"polarity": 0.0, "location": "Seattle, WA", "sentiment": "neutral", "time": "Sun Jul 24 03:00:36 +0000 2016"}
{"polarity": 0.8, "location": "Seattle, WA", "sentiment": "positive", "time": "Sun Jul 24 03:00:45 +0000 2016"}
{"polarity": 0.2, "location": "Atlanta, GA", "sentiment": "positive", "time": "Sun Jul 24 03:00:50 +0000 2016"}
{"polarity": -0.05, "location": "Atlanta, GA", "sentiment": "negative", "time": "Sun Jul 24 03:00:51 +0000 2016"}
{"polarity": 0.0, "location": "Atlanta, GA", "sentiment": "neutral", "time": "Sun Jul 24 03:00:53 +0000 2016"}
{"polarity": -0.2916666666666667, "location": "Seattle, WA", "sentiment": "negative", "time": "Sun Jul 24 03:00:54 +0000 2016"}
{"polarity": 0.625, "location": "Portland, OR", "sentiment": "positive", "time": "Sun Jul 24 03:00:57 +0000 2016"}
{"polarity": 0.0, "location": "Atlanta, GA", "sentiment": "neutral", "time": "Sun Jul 24 03:34:02 +0000 2016"}
{"polarity": 0.2, "location": "New York, NY", "sentiment": "positive", "time": "Sun Jul 24 03:34:09 +0000 2016"}
{"polarity": 0.0, "location": "Atlanta, GA", "sentiment": "neutral", "time": "Sun Jul 24 03:34:17 +0000 2016"}
{"polarity": 0.0, "location": "San Diego, CA", "sentiment": "neutral", "time": "Sun Jul 24 03:34:21 +0000 2016"}
{"polarity": 0.0, "location": "Seattle, WA", "sentiment": "neutral", "time": "Sun Jul 24 03:34:39 +0000 2016"}
{"polarity": 0.8, "location": "New York, NY", "sentiment": "positive", "time": "Sun Jul 24 03:34:05 +0000 2016"}
{"polarity": 0.25, "location": "New York, NY", "sentiment": "positive", "time": "Sun Jul 24 03:34:43 +0000 2016"}
{"polarity": 0.9333333333333332, "location": "New York, NY", "sentiment": "positive", "time": "Sun Jul 24 03:34:45 +0000 2016"}
{"polarity": 0.25, "location": "Seattle, WA", "sentiment": "positive", "time": "Sun Jul 24 03:34:46 +0000 2016"}
{"polarity": -0.15, "location": "Portland, OR", "sentiment": "negative", "time": "Sun Jul 24 03:34:56 +0000 2016"}
{"polarity": 0.75, "location": "Phoenix, AZ", "sentiment": "positive", "time": "Sun Jul 24 03:05:02 +0000 2016"}
{"polarity": 0.0, "location": "New York, NY", "sentiment": "neutral", "time": "Sun Jul 24 03:05:03 +0000 2016"}
{"polarity": 0.75, "location": "Seattle, WA", "sentiment": "positive", "time": "Sun Jul 24 03:05:13 +0000 2016"}
{"polarity": 0.0, "location": "Portland, OR", "sentiment": "neutral", "time": "Sun Jul 24 03:05:34 +0000 2016"}
{"polarity": 0.08750000000000001, "location": "Portland, OR", "sentiment": "positive", "time": "Sun Jul 24 03:05:38 +0000 2016"}
{"polarity": 0.0, "location": "San Diego, CA", "sentiment": "neutral", "time": "Sun Jul 24 03:05:42 +0000 2016"}
{"polarity": 0.25, "location": "Atlanta, GA", "sentiment": "positive", "time": "Sun Jul 24 03:05:43 +0000 2016"}
{"polarity": 0.0, "location": "San Diego, CA", "sentiment": "neutral", "time": "Sun Jul 24 03:05:47 +0000 2016"}
{"polarity": 0.0, "location": "Portland, OR", "sentiment": "neutral", "time": "Sun Jul 24 03:05:52 +0000 2016"}
{"polarity": 0.0, "location": "Orlando, FL", "sentiment": "neutral", "time": "Sun Jul 24 03:05:56 +0000 2016"}
{"polarity": 0.0, "location": "Atlanta, GA", "sentiment": "neutral", "time": "Sun Jul 24 03:11:02 +0000 2016"}
{"polarity": -0.14583333333333334, "location": "Seattle, WA", "sentiment": "negative", "time": "Sun Jul 24 03:11:10 +0000 2016"}
{"polarity": 0.0, "location": "Seattle, WA", "sentiment": "neutral", "time": "Sun Jul 24 03:11:18 +0000 2016"}
{"polarity": 0.0, "location": "Atlanta, GA", "sentiment": "neutral", "time": "Sun Jul 24 03:11:22 +0000 2016"}
{"polarity": 0.0, "location": "Seattle, WA", "sentiment": "neutral", "time": "Sun Jul 24 03:11:27 +0000 2016"}
{"polarity": 0.0, "location": "Atlanta, GA", "sentiment": "neutral", "time": "Sun Jul 24 03:11:27 +0000 2016"}
{"polarity": 0.04999999999999999, "location": "Portland, OR", "sentiment": "positive", "time": "Sun Jul 24 03:11:30 +0000 2016"}
{"polarity": 0.0, "location": "New York, NY", "sentiment": "neutral", "time": "Sun Jul 24 03:11:32 +0000 2016"}
{"polarity": 0.0, "location": "San Diego, CA", "sentiment": "neutral", "time": "Sun Jul 24 03:11:33 +0000 2016"}
{"polarity": 0.0, "location": "New York, NY", "sentiment": "neutral", "time": "Sun Jul 24 03:11:50 +0000 2016"}
{"polarity": 0.0, "location": "Atlanta, GA", "sentiment": "neutral", "time": "Sun Jul 24 03:56:15 +0000 2016"}
{"polarity": 0.5, "location": "New York, NY", "sentiment": "positive", "time": "Sun Jul 24 03:56:18 +0000 2016"}
{"polarity": 0.47916666666666663, "location": "Seattle, WA", "sentiment": "positive", "time": "Sun Jul 24 03:56:21 +0000 2016"}
{"polarity": 0.0, "location": "Atlanta, GA", "sentiment": "neutral", "time": "Sun Jul 24 03:56:33 +0000 2016"}
{"polarity": 0.0, "location": "San Diego, CA", "sentiment": "neutral", "time": "Sun Jul 24 03:56:39 +0000 2016"}
{"polarity": -0.2, "location": "Atlanta, GA", "sentiment": "negative", "time": "Sun Jul 24 03:56:57 +0000 2016"}
{"polarity": 0.5, "location": "Seattle, WA", "sentiment": "positive", "time": "Sun Jul 24 03:47:01 +0000 2016"}
{"polarity": 0.4, "location": "Phoenix, AZ", "sentiment": "positive", "time": "Sun Jul 24 03:47:05 +0000 2016"}
{"polarity": 0.5, "location": "New York, NY", "sentiment": "positive", "time": "Sun Jul 24 03:47:11 +0000 2016"}
{"polarity": 0.0, "location": "Seattle, WA", "sentiment": "neutral", "time": "Sun Jul 24 03:47:25 +0000 2016"}
{"polarity": 0.20833333333333334, "location": "San Diego, CA", "sentiment": "positive", "time": "Sun Jul 24 03:47:30 +0000 2016"}
{"polarity": 0.13636363636363635, "location": "San Diego, CA", "sentiment": "positive", "time": "Sun Jul 24 03:47:35 +0000 2016"}
{"polarity": -0.8, "location": "Portland, OR", "sentiment": "negative", "time": "Sun Jul 24 03:47:42 +0000 2016"}
{"polarity": 0.4, "location": "San Diego, CA", "sentiment": "positive", "time": "Sun Jul 24 03:47:58 +0000 2016"}
{"polarity": 0.0, "location": "San Diego, CA", "sentiment": "neutral", "time": "Sun Jul 24 03:52:05 +0000 2016"}
{"polarity": 0.0, "location": "New York, NY", "sentiment": "neutral", "time": "Sun Jul 24 03:52:09 +0000 2016"}
{"polarity": 0.0, "location": "Atlanta, GA", "sentiment": "neutral", "time": "Sun Jul 24 03:52:11 +0000 2016"}
{"polarity": 0.0, "location": "Atlanta, GA", "sentiment": "neutral", "time": "Sun Jul 24 03:52:15 +0000 2016"}
{"polarity": 0.0, "location": "Boston, MA", "sentiment": "neutral", "time": "Sun Jul 24 03:52:16 +0000 2016"}
{"polarity": 0.25, "location": "San Diego, CA", "sentiment": "positive", "time": "Sun Jul 24 03:52:23 +0000 2016"}
{"polarity": 0.0, "location": "Phoenix, AZ", "sentiment": "neutral", "time": "Sun Jul 24 03:52:31 +0000 2016"}
{"polarity": -0.125, "location": "Atlanta, GA", "sentiment": "negative", "time": "Sun Jul 24 03:53:11 +0000 2016"}
{"polarity": 0.0, "location": "New York, NY", "sentiment": "neutral", "time": "Sun Jul 24 03:53:14 +0000 2016"}
{"polarity": 0.0, "location": "New York, NY", "sentiment": "neutral", "time": "Sun Jul 24 03:53:24 +0000 2016"}
{"polarity": 0.85, "location": "New York, NY", "sentiment": "positive", "time": "Sun Jul 24 03:53:50 +0000 2016"}
{"polarity": 0.8, "location": "Atlanta, GA", "sentiment": "positive", "time": "Sun Jul 24 03:53:53 +0000 2016"}
{"polarity": 0.0, "location": "New York, NY", "sentiment": "neutral", "time": "Sun Jul 24 03:53:55 +0000 2016"}
{"polarity": -0.052727272727272734, "location": "Seattle, WA", "sentiment": "negative", "time": "Sun Jul 24 03:53:56 +0000 2016"}
{"polarity": 0.0, "location": "Atlanta, GA", "sentiment": "neutral", "time": "Sun Jul 24 03:53:57 +0000 2016"}
{"polarity": 0.15000000000000002, "location": "Seattle, WA", "sentiment": "positive", "time": "Sun Jul 24 03:02:10 +0000 2016"}
{"polarity": 0.0, "location": "Atlanta, GA", "sentiment": "neutral", "time": "Sun Jul 24 03:02:13 +0000 2016"}
{"polarity": 0.5, "location": "New York, NY", "sentiment": "positive", "time": "Sun Jul 24 03:02:14 +0000 2016"}
{"polarity": 0.17222222222222222, "location": "Orlando, FL", "sentiment": "positive", "time": "Sun Jul 24 03:02:24 +0000 2016"}
{"polarity": 0.2615384615384615, "location": "Orlando, FL", "sentiment": "positive", "time": "Sun Jul 24 03:02:25 +0000 2016"}
{"polarity": 0.0, "location": "Atlanta, GA", "sentiment": "neutral", "time": "Sun Jul 24 03:02:26 +0000 2016"}
{"polarity": 0.0, "location": "Atlanta, GA", "sentiment": "neutral", "time": "Sun Jul 24 03:02:28 +0000 2016"}
{"polarity": 0.3125, "location": "San Diego, CA", "sentiment": "positive", "time": "Sun Jul 24 03:02:35 +0000 2016"}
{"polarity": -0.5, "location": "Atlanta, GA", "sentiment": "negative", "time": "Sun Jul 24 03:02:36 +0000 2016"}
{"polarity": 0.0, "location": "Phoenix, AZ", "sentiment": "neutral", "time": "Sun Jul 24 03:02:47 +0000 2016"}
{"polarity": 0.0, "location": "Boston, MA", "sentiment": "neutral", "time": "Sun Jul 24 03:02:50 +0000 2016"}
{"polarity": 1.0, "location": "Atlanta, GA", "sentiment": "positive", "time": "Sun Jul 24 03:02:57 +0000 2016"}
{"polarity": -0.15000000000000002, "location": "New York, NY", "sentiment": "negative", "time": "Sun Jul 24 03:48:06 +0000 2016"}
{"polarity": 0.0, "location": "Phoenix, AZ", "sentiment": "neutral", "time": "Sun Jul 24 03:48:11 +0000 2016"}
{"polarity": -0.14375000000000002, "location": "Atlanta, GA", "sentiment": "negative", "time": "Sun Jul 24 03:48:15 +0000 2016"}
{"polarity": 0.0, "location": "Seattle, WA", "sentiment": "neutral", "time": "Sun Jul 24 03:48:16 +0000 2016"}
{"polarity": 0.0, "location": "New York, NY", "sentiment": "neutral", "time": "Sun Jul 24 03:48:25 +0000 2016"}
{"polarity": 0.3, "location": "New York, NY", "sentiment": "positive", "time": "Sun Jul 24 03:48:31 +0000 2016"}
{"polarity": 0.0, "location": "San Diego, CA", "sentiment": "neutral", "time": "Sun Jul 24 03:48:33 +0000 2016"}
{"polarity": 0.0, "location": "Atlanta, GA", "sentiment": "neutral", "time": "Sun Jul 24 03:25:23 +0000 2016"}
{"polarity": -0.7999999999999999, "location": "Orlando, FL", "sentiment": "negative", "time": "Sun Jul 24 03:25:27 +0000 2016"}
{"polarity": 0.0, "location": "Atlanta, GA", "sentiment": "neutral", "time": "Sun Jul 24 03:25:50 +0000 2016"}
{"polarity": 0.0, "location": "Seattle, WA", "sentiment": "neutral", "time": "Sun Jul 24 03:16:12 +0000 2016"}
{"polarity": 0.4041666666666667, "location": "Atlanta, GA", "sentiment": "positive", "time": "Sun Jul 24 03:16:17 +0000 2016"}
{"polarity": 0.0, "location": "Atlanta, GA", "sentiment": "neutral", "time": "Sun Jul 24 03:16:23 +0000 2016"}
{"polarity": -0.25, "location": "New York, NY", "sentiment": "negative", "time": "Sun Jul 24 03:16:32 +0000 2016"}
{"polarity": 0.11363636363636363, "location": "Boston, MA", "sentiment": "positive", "time": "Sun Jul 24 03:16:36 +0000 2016"}
{"polarity": -0.1, "location": "New York, NY", "sentiment": "negative", "time": "Sun Jul 24 03:16:51 +0000 2016"}
{"polarity": 0.0, "location": "Seattle, WA", "sentiment": "neutral", "time": "Sun Jul 24 03:16:15 +0000 2016"}
{"polarity": 0.0, "location": "San Diego, CA", "sentiment": "neutral", "time": "Sun Jul 24 03:14:05 +0000 2016"}
{"polarity": 0.0, "location": "Boston, MA", "sentiment": "neutral", "time": "Sun Jul 24 03:14:08 +0000 2016"}
{"polarity": 0.0, "location": "Boston, MA", "sentiment": "neutral", "time": "Sun Jul 24 03:14:17 +0000 2016"}
{"polarity": 0.0, "location": "Boston, MA", "sentiment": "neutral", "time": "Sun Jul 24 03:14:21 +0000 2016"}
{"polarity": 0.2, "location": "Atlanta, GA", "sentiment": "positive", "time": "Sun Jul 24 03:14:33 +0000 2016"}
{"polarity": 0.0, "location": "San Diego, CA", "sentiment": "neutral", "time": "Sun Jul 24 03:14:36 +0000 2016"}
{"polarity": 0.0, "location": "Portland, OR", "sentiment": "neutral", "time": "Sun Jul 24 03:23:04 +0000 2016"}
{"polarity": 0.5, "location": "Phoenix, AZ", "sentiment": "positive", "time": "Sun Jul 24 03:23:06 +0000 2016"}
{"polarity": 0.0, "location": "New York, NY", "sentiment": "neutral", "time": "Sun Jul 24 03:23:08 +0000 2016"}
{"polarity": 0.0, "location": "New York, NY", "sentiment": "neutral", "time": "Sun Jul 24 03:23:11 +0000 2016"}
{"polarity": 0.0, "location": "Orlando, FL", "sentiment": "neutral", "time": "Sun Jul 24 03:23:36 +0000 2016"}
{"polarity": 0.09999999999999998, "location": "St. Louis, MO", "sentiment": "positive", "time": "Sun Jul 24 03:23:37 +0000 2016"}
{"polarity": -0.36309523809523814, "location": "Atlanta, GA", "sentiment": "negative", "time": "Sun Jul 24 03:23:41 +0000 2016"}
{"polarity": 0.0, "location": "Boston, MA", "sentiment": "neutral", "time": "Sun Jul 24 03:23:42 +0000 2016"}
{"polarity": 0.0, "location": "San Diego, CA", "sentiment": "neutral", "time": "Sun Jul 24 03:23:52 +0000 2016"}
{"polarity": 0.25, "location": "Orlando, FL", "sentiment": "positive", "time": "Sun Jul 24 03:23:59 +0000 2016"}
{"polarity": 0.0, "location": "New York, NY", "sentiment": "neutral", "time": "Sun Jul 24 03:07:08 +0000 2016"}
{"polarity": 0.0, "location": "Atlanta, GA", "sentiment": "neutral", "time": "Sun Jul 24 03:07:15 +0000 2016"}
{"polarity": 0.0, "location": "Boston, MA", "sentiment": "neutral", "time": "Sun Jul 24 03:07:20 +0000 2016"}
{"polarity": -0.06666666666666667, "location": "Atlanta, GA", "sentiment": "negative", "time": "Sun Jul 24 03:07:22 +0000 2016"}
{"polarity": 0.0, "location": "New York, NY", "sentiment": "neutral", "time": "Sun Jul 24 03:07:22 +0000 2016"}
{"polarity": 0.06818181818181818, "location": "Seattle, WA", "sentiment": "positive", "time": "Sun Jul 24 03:07:24 +0000 2016"}
{"polarity": 0.0, "location": "Atlanta, GA", "sentiment": "neutral", "time": "Sun Jul 24 03:07:31 +0000 2016"}
{"polarity": 0.0, "location": "Phoenix, AZ", "sentiment": "neutral", "time": "Sun Jul 24 03:07:32 +0000 2016"}
{"polarity": 0.0, "location": "Seattle, WA", "sentiment": "neutral", "time": "Sun Jul 24 03:07:33 +0000 2016"}
{"polarity": 0.0, "location": "New York, NY", "sentiment": "neutral", "time": "Sun Jul 24 03:07:36 +0000 2016"}
{"polarity": 0.0, "location": "Portland, OR", "sentiment": "neutral", "time": "Sun Jul 24 03:51:10 +0000 2016"}
{"polarity": 0.35000000000000003, "location": "New York, NY", "sentiment": "positive", "time": "Sun Jul 24 03:51:27 +0000 2016"}
{"polarity": 0.0, "location": "Boston, MA", "sentiment": "neutral", "time": "Sun Jul 24 03:51:31 +0000 2016"}
{"polarity": 0.5, "location": "Atlanta, GA", "sentiment": "positive", "time": "Sun Jul 24 03:30:01 +0000 2016"}
{"polarity": 0.5, "location": "New York, NY", "sentiment": "positive", "time": "Sun Jul 24 03:30:05 +0000 2016"}
{"polarity": 0.0, "location": "New York, NY", "sentiment": "neutral", "time": "Sun Jul 24 03:30:18 +0000 2016"}
{"polarity": 0.0, "location": "New York, NY", "sentiment": "neutral", "time": "Sun Jul 24 03:30:20 +0000 2016"}
{"polarity": 0.0, "location": "Seattle, WA", "sentiment": "neutral", "time": "Sun Jul 24 03:30:26 +0000 2016"}
{"polarity": 0.0, "location": "Atlanta, GA", "sentiment": "neutral", "time": "Sun Jul 24 03:30:50 +0000 2016"}
{"polarity": 0.2125, "location": "New York, NY", "sentiment": "positive", "time": "Sun Jul 24 03:03:06 +0000 2016"}
{"polarity": 0.8, "location": "New York, NY", "sentiment": "positive", "time": "Sun Jul 24 03:03:16 +0000 2016"}
{"polarity": 0.0, "location": "Seattle, WA", "sentiment": "neutral", "time": "Sun Jul 24 03:03:17 +0000 2016"}
{"polarity": 0.25, "location": "New York, NY", "sentiment": "positive", "time": "Sun Jul 24 03:03:21 +0000 2016"}
{"polarity": 0.0, "location": "Atlanta, GA", "sentiment": "neutral", "time": "Sun Jul 24 03:03:27 +0000 2016"}
{"polarity": 0.0, "location": "San Diego, CA", "sentiment": "neutral", "time": "Sun Jul 24 03:03:50 +0000 2016"}
{"polarity": 0.2333333333333333, "location": "Boston, MA", "sentiment": "positive", "time": "Sun Jul 24 03:03:54 +0000 2016"}
{"polarity": -0.2333333333333333, "location": "Portland, OR", "sentiment": "negative", "time": "Sun Jul 24 03:03:54 +0000 2016"}
{"polarity": -0.25, "location": "Atlanta, GA", "sentiment": "negative", "time": "Sun Jul 24 03:03:55 +0000 2016"}
{"polarity": 0.0, "location": "Atlanta, GA", "sentiment": "neutral", "time": "Sun Jul 24 03:40:02 +0000 2016"}
{"polarity": 0.13636363636363635, "location": "New York, NY", "sentiment": "positive", "time": "Sun Jul 24 03:40:09 +0000 2016"}
{"polarity": 0.0, "location": "Boston, MA", "sentiment": "neutral", "time": "Sun Jul 24 03:40:17 +0000 2016"}
{"polarity": -0.3166666666666667, "location": "Boston, MA", "sentiment": "negative", "time": "Sun Jul 24 03:40:21 +0000 2016"}
{"polarity": -0.2916666666666667, "location": "Boston, MA", "sentiment": "negative", "time": "Sun Jul 24 03:40:23 +0000 2016"}
{"polarity": 0.21428571428571427, "location": "Orlando, FL", "sentiment": "positive", "time": "Sun Jul 24 03:40:29 +0000 2016"}
{"polarity": 0.0, "location": "Atlanta, GA", "sentiment": "neutral", "time": "Sun Jul 24 03:40:29 +0000 2016"}
{"polarity": 0.0, "location": "New York, NY", "sentiment": "neutral", "time": "Sun Jul 24 03:40:53 +0000 2016"}
{"polarity": 1.0, "location": "Atlanta, GA", "sentiment": "positive", "time": "Sun Jul 24 03:08:03 +0000 2016"}
{"polarity": 0.3333333333333333, "location": "Seattle, WA", "sentiment": "positive", "time": "Sun Jul 24 03:08:05 +0000 2016"}
{"polarity": 0.0, "location": "New York, NY", "sentiment": "neutral", "time": "Sun Jul 24 03:08:22 +0000 2016"}
{"polarity": 0.0, "location": "Atlanta, GA", "sentiment": "neutral", "time": "Sun Jul 24 03:08:22 +0000 2016"}
{"polarity": 0.5, "location": "San Diego, CA", "sentiment": "positive", "time": "Sun Jul 24 03:35:01 +0000 2016"}
{"polarity": 0.4, "location": "Seattle, WA", "sentiment": "positive", "time": "Sun Jul 24 03:35:05 +0000 2016"}
{"polarity": 0.0, "location": "Orlando, FL", "sentiment": "neutral", "time": "Sun Jul 24 03:35:06 +0000 2016"}
{"polarity": 0.5, "location": "Atlanta, GA", "sentiment": "positive", "time": "Sun Jul 24 03:35:13 +0000 2016"}
{"polarity": 0.4, "location": "Portland, OR", "sentiment": "positive", "time": "Sun Jul 24 03:35:13 +0000 2016"}
{"polarity": 0.0, "location": "Portland, OR", "sentiment": "neutral", "time": "Sun Jul 24 03:35:16 +0000 2016"}
{"polarity": 0.0, "location": "New York, NY", "sentiment": "neutral", "time": "Sun Jul 24 03:35:18 +0000 2016"}
{"polarity": -0.15555555555555559, "location": "Phoenix, AZ", "sentiment": "negative", "time": "Sun Jul 24 03:35:21 +0000 2016"}
{"polarity": -0.15555555555555559, "location": "Phoenix, AZ", "sentiment": "negative", "time": "Sun Jul 24 03:35:21 +0000 2016"}
{"polarity": 0.0, "location": "St. Louis, MO", "sentiment": "neutral", "time": "Sun Jul 24 03:35:28 +0000 2016"}
{"polarity": 0.0, "location": "Boston, MA", "sentiment": "neutral", "time": "Sun Jul 24 03:35:33 +0000 2016"}
{"polarity": 0.0, "location": "Portland, OR", "sentiment": "neutral", "time": "Sun Jul 24 03:35:50 +0000 2016"}
{"polarity": -0.3125, "location": "Atlanta, GA", "sentiment": "negative", "time": "Sun Jul 24 03:35:52 +0000 2016"}
{"polarity": -0.4, "location": "Boston, MA", "sentiment": "negative", "time": "Sun Jul 24 03:35:55 +0000 2016"}
{"polarity": 0.0, "location": "Atlanta, GA", "sentiment": "neutral", "time": "Sun Jul 24 03:35:56 +0000 2016"}
{"polarity": -0.07777777777777779, "location": "San Diego, CA", "sentiment": "negative", "time": "Sun Jul 24 03:35:57 +0000 2016"}
{"polarity": 0.0, "location": "San Diego, CA", "sentiment": "neutral", "time": "Sun Jul 24 03:35:59 +0000 2016"}
{"polarity": 0.0, "location": "New York, NY", "sentiment": "neutral", "time": "Sun Jul 24 03:43:26 +0000 2016"}
{"polarity": -0.20833333333333331, "location": "Orlando, FL", "sentiment": "negative", "time": "Sun Jul 24 03:10:03 +0000 2016"}
{"polarity": 0.0, "location": "Orlando, FL", "sentiment": "neutral", "time": "Sun Jul 24 03:10:08 +0000 2016"}
{"polarity": 0.375, "location": "Atlanta, GA", "sentiment": "positive", "time": "Sun Jul 24 03:10:09 +0000 2016"}
{"polarity": 0.0, "location": "Boston, MA", "sentiment": "neutral", "time": "Sun Jul 24 03:10:13 +0000 2016"}
{"polarity": 0.525, "location": "Orlando, FL", "sentiment": "positive", "time": "Sun Jul 24 03:10:31 +0000 2016"}
{"polarity": 0.78125, "location": "Atlanta, GA", "sentiment": "positive", "time": "Sun Jul 24 03:10:40 +0000 2016"}
{"polarity": 0.0, "location": "Phoenix, AZ", "sentiment": "neutral", "time": "Sun Jul 24 03:10:44 +0000 2016"}
{"polarity": 0.0, "location": "New York, NY", "sentiment": "neutral", "time": "Sun Jul 24 03:10:46 +0000 2016"}
{"polarity": 0.0, "location": "Orlando, FL", "sentiment": "neutral", "time": "Sun Jul 24 03:10:59 +0000 2016"}
{"polarity": 0.2333333333333333, "location": "Boston, MA", "sentiment": "positive", "time": "Sun Jul 24 03:54:05 +0000 2016"}
{"polarity": 0.2875, "location": "Seattle, WA", "sentiment": "positive", "time": "Sun Jul 24 03:54:12 +0000 2016"}
{"polarity": 0.0, "location": "Boston, MA", "sentiment": "neutral", "time": "Sun Jul 24 03:54:16 +0000 2016"}
{"polarity": 0.0, "location": "New York, NY", "sentiment": "neutral", "time": "Sun Jul 24 03:54:41 +0000 2016"}
{"polarity": 0.2, "location": "Portland, OR", "sentiment": "positive", "time": "Sun Jul 24 03:54:51 +0000 2016"}
{"polarity": 0.6, "location": "New York, NY", "sentiment": "positive", "time": "Sun Jul 24 03:54:54 +0000 2016"}
{"polarity": 0.5, "location": "Atlanta, GA", "sentiment": "positive", "time": "Sun Jul 24 03:24:06 +0000 2016"}
{"polarity": -0.8749999999999998, "location": "San Diego, CA", "sentiment": "negative", "time": "Sun Jul 24 03:24:19 +0000 2016"}
{"polarity": 0.0, "location": "Portland, OR", "sentiment": "neutral", "time": "Sun Jul 24 03:24:26 +0000 2016"}
{"polarity": 0.4, "location": "San Diego, CA", "sentiment": "positive", "time": "Sun Jul 24 03:24:28 +0000 2016"}
{"polarity": 0.0, "location": "New York, NY", "sentiment": "neutral", "time": "Sun Jul 24 03:24:32 +0000 2016"}
{"polarity": 0.0, "location": "Seattle, WA", "sentiment": "neutral", "time": "Sun Jul 24 03:24:33 +0000 2016"}
{"polarity": 0.0, "location": "Atlanta, GA", "sentiment": "neutral", "time": "Sun Jul 24 03:24:38 +0000 2016"}
{"polarity": -0.6, "location": "San Diego, CA", "sentiment": "negative", "time": "Sun Jul 24 03:24:46 +0000 2016"}
{"polarity": 0.0, "location": "Atlanta, GA", "sentiment": "neutral", "time": "Sun Jul 24 03:24:48 +0000 2016"}
{"polarity": 0.0, "location": "New York, NY", "sentiment": "neutral", "time": "Sun Jul 24 03:24:49 +0000 2016"}
{"polarity": 0.0625, "location": "Boston, MA", "sentiment": "positive", "time": "Sun Jul 24 03:24:49 +0000 2016"}
{"polarity": 0.0, "location": "Orlando, FL", "sentiment": "neutral", "time": "Sun Jul 24 03:24:59 +0000 2016"}
{"polarity": 0.14285714285714285, "location": "New York, NY", "sentiment": "positive", "time": "Sun Jul 24 03:32:12 +0000 2016"}
{"polarity": 0.0, "location": "Phoenix, AZ", "sentiment": "neutral", "time": "Sun Jul 24 03:32:12 +0000 2016"}
{"polarity": 0.0, "location": "Seattle, WA", "sentiment": "neutral", "time": "Sun Jul 24 03:32:29 +0000 2016"}
{"polarity": 0.0, "location": "Atlanta, GA", "sentiment": "neutral", "time": "Sun Jul 24 03:32:31 +0000 2016"}
{"polarity": -0.11435185185185186, "location": "New York, NY", "sentiment": "negative", "time": "Sun Jul 24 03:32:38 +0000 2016"}
{"polarity": 0.0, "location": "New York, NY", "sentiment": "neutral", "time": "Sun Jul 24 03:32:40 +0000 2016"}
{"polarity": 0.0, "location": "Orlando, FL", "sentiment": "neutral", "time": "Sun Jul 24 03:32:42 +0000 2016"}
{"polarity": 0.0, "location": "Atlanta, GA", "sentiment": "neutral", "time": "Sun Jul 24 03:36:10 +0000 2016"}
{"polarity": 0.7, "location": "Atlanta, GA", "sentiment": "positive", "time": "Sun Jul 24 03:36:12 +0000 2016"}
{"polarity": -0.2, "location": "New York, NY", "sentiment": "negative", "time": "Sun Jul 24 03:01:00 +0000 2016"}
{"polarity": 0.0, "location": "Portland, OR", "sentiment": "neutral", "time": "Sun Jul 24 03:01:12 +0000 2016"}
{"polarity": 0.0, "location": "Atlanta, GA", "sentiment": "neutral", "time": "Sun Jul 24 03:01:13 +0000 2016"}
{"polarity": 0.0, "location": "New York, NY", "sentiment": "neutral", "time": "Sun Jul 24 03:01:32 +0000 2016"}
{"polarity": 0.0, "location": "Orlando, FL", "sentiment": "neutral", "time": "Sun Jul 24 03:01:35 +0000 2016"}
{"polarity": 0.2, "location": "Atlanta, GA", "sentiment": "positive", "time": "Sun Jul 24 03:01:50 +0000 2016"}
{"polarity": 0.5, "location": "Orlando, FL", "sentiment": "positive", "time": "Sun Jul 24 03:01:55 +0000 2016"}
{"polarity": 0.71875, "location": "Orlando, FL", "sentiment": "positive", "time": "Sun Jul 24 03:55:13 +0000 2016"}
{"polarity": 0.0, "location": "Boston, MA", "sentiment": "neutral", "time": "Sun Jul 24 03:55:25 +0000 2016"}
{"polarity": 0.0, "location": "Atlanta, GA", "sentiment": "neutral", "time": "Sun Jul 24 03:55:25 +0000 2016"}
{"polarity": 0.15999999999999998, "location": "Atlanta, GA", "sentiment": "positive", "time": "Sun Jul 24 03:55:30 +0000 2016"}
{"polarity": 0.0, "location": "New York, NY", "sentiment": "neutral", "time": "Sun Jul 24 03:55:37 +0000 2016"}
{"polarity": -0.5, "location": "Boston, MA", "sentiment": "negative", "time": "Sun Jul 24 03:55:54 +0000 2016"}
{"polarity": 0.0, "location": "New York, NY", "sentiment": "neutral", "time": "Sun Jul 24 03:55:55 +0000 2016"}
{"polarity": -0.6, "location": "Atlanta, GA", "sentiment": "negative", "time": "Sun Jul 24 03:09:03 +0000 2016"}
{"polarity": -0.5, "location": "New York, NY", "sentiment": "negative", "time": "Sun Jul 24 03:09:10 +0000 2016"}
{"polarity": -0.25, "location": "Phoenix, AZ", "sentiment": "negative", "time": "Sun Jul 24 03:09:41 +0000 2016"}
{"polarity": 0.0, "location": "San Diego, CA", "sentiment": "neutral", "time": "Sun Jul 24 03:09:55 +0000 2016"}
{"polarity": 0.2, "location": "Atlanta, GA", "sentiment": "positive", "time": "Sun Jul 24 03:33:08 +0000 2016"}
{"polarity": 0.8, "location": "Phoenix, AZ", "sentiment": "positive", "time": "Sun Jul 24 03:33:08 +0000 2016"}
{"polarity": 0.0, "location": "Orlando, FL", "sentiment": "neutral", "time": "Sun Jul 24 03:33:11 +0000 2016"}
{"polarity": 0.0, "location": "San Diego, CA", "sentiment": "neutral", "time": "Sun Jul 24 03:33:12 +0000 2016"}
{"polarity": 0.0, "location": "Orlando, FL", "sentiment": "neutral", "time": "Sun Jul 24 03:33:11 +0000 2016"}
{"polarity": 0.0, "location": "Atlanta, GA", "sentiment": "neutral", "time": "Sun Jul 24 03:33:23 +0000 2016"}
{"polarity": -0.4000000000000001, "location": "Phoenix, AZ", "sentiment": "negative", "time": "Sun Jul 24 03:33:35 +0000 2016"}
{"polarity": 0.5, "location": "New York, NY", "sentiment": "positive", "time": "Sun Jul 24 03:33:37 +0000 2016"}
{"polarity": 0.0, "location": "Atlanta, GA", "sentiment": "neutral", "time": "Sun Jul 24 03:33:43 +0000 2016"}
{"polarity": 0.5, "location": "New York, NY", "sentiment": "positive", "time": "Sun Jul 24 03:33:46 +0000 2016"}
{"polarity": 0.0, "location": "Orlando, FL", "sentiment": "neutral", "time": "Sun Jul 24 03:33:49 +0000 2016"}
{"polarity": -0.04, "location": "San Diego, CA", "sentiment": "negative", "time": "Sun Jul 24 03:44:11 +0000 2016"}
{"polarity": 0.0, "location": "Atlanta, GA", "sentiment": "neutral", "time": "Sun Jul 24 03:44:12 +0000 2016"}
{"polarity": 0.0, "location": "Boston, MA", "sentiment": "neutral", "time": "Sun Jul 24 03:44:15 +0000 2016"}
{"polarity": 0.0, "location": "New York, NY", "sentiment": "neutral", "time": "Sun Jul 24 03:44:37 +0000 2016"}
{"polarity": -0.35, "location": "New York, NY", "sentiment": "negative", "time": "Sun Jul 24 03:44:57 +0000 2016"}
{"polarity": 0.0, "location": "Orlando, FL", "sentiment": "neutral", "time": "Sun Jul 24 03:44:58 +0000 2016"}
{"polarity": 0.1, "location": "Atlanta, GA", "sentiment": "positive", "time": "Sun Jul 24 03:44:59 +0000 2016"}
{"polarity": 0.8, "location": "Boston, MA", "sentiment": "positive", "time": "Sun Jul 24 03:28:17 +0000 2016"}
{"polarity": 0.44999999999999996, "location": "Orlando, FL", "sentiment": "positive", "time": "Sun Jul 24 03:28:26 +0000 2016"}
{"polarity": 0.0, "location": "Orlando, FL", "sentiment": "neutral", "time": "Sun Jul 24 03:28:28 +0000 2016"}
{"polarity": -0.2, "location": "New York, NY", "sentiment": "negative", "time": "Sun Jul 24 03:28:29 +0000 2016"}
{"polarity": -0.05681818181818182, "location": "Atlanta, GA", "sentiment": "negative", "time": "Sun Jul 24 03:28:36 +0000 2016"}
{"polarity": 0.45, "location": "Seattle, WA", "sentiment": "positive", "time": "Sun Jul 24 03:28:36 +0000 2016"}
{"polarity": 0.0, "location": "San Diego, CA", "sentiment": "neutral", "time": "Sun Jul 24 03:28:41 +0000 2016"}
{"polarity": 0.0, "location": "Atlanta, GA", "sentiment": "neutral", "time": "Sun Jul 24 03:28:51 +0000 2016"}
{"polarity": 0.5568181818181818, "location": "Atlanta, GA", "sentiment": "positive", "time": "Sun Jul 24 03:22:04 +0000 2016"}
{"polarity": 0.0, "location": "Atlanta, GA", "sentiment": "neutral", "time": "Sun Jul 24 03:22:07 +0000 2016"}
{"polarity": 0.0, "location": "Atlanta, GA", "sentiment": "neutral", "time": "Sun Jul 24 03:22:10 +0000 2016"}
{"polarity": 0.0, "location": "San Diego, CA", "sentiment": "neutral", "time": "Sun Jul 24 03:22:11 +0000 2016"}
{"polarity": 0.13636363636363635, "location": "New York, NY", "sentiment": "positive", "time": "Sun Jul 24 03:22:13 +0000 2016"}
{"polarity": 0.0, "location": "Atlanta, GA", "sentiment": "neutral", "time": "Sun Jul 24 03:22:15 +0000 2016"}
{"polarity": 0.0, "location": "Atlanta, GA", "sentiment": "neutral", "time": "Sun Jul 24 03:22:29 +0000 2016"}
{"polarity": 0.0, "location": "Atlanta, GA", "sentiment": "neutral", "time": "Sun Jul 24 03:22:35 +0000 2016"}
{"polarity": 0.0, "location": "Atlanta, GA", "sentiment": "neutral", "time": "Sun Jul 24 03:22:49 +0000 2016"}
{"polarity": 0.0, "location": "Orlando, FL", "sentiment": "neutral", "time": "Sun Jul 24 03:22:58 +0000 2016"}
{"polarity": 0.0, "location": "Atlanta, GA", "sentiment": "neutral", "time": "Sun Jul 24 03:49:08 +0000 2016"}
{"polarity": 0.0, "location": "Boston, MA", "sentiment": "neutral", "time": "Sun Jul 24 03:49:09 +0000 2016"}
{"polarity": -0.2916666666666667, "location": "Atlanta, GA", "sentiment": "negative", "time": "Sun Jul 24 03:49:18 +0000 2016"}
{"polarity": -0.2916666666666667, "location": "San Diego, CA", "sentiment": "negative", "time": "Sun Jul 24 03:45:01 +0000 2016"}
{"polarity": 0.1, "location": "Atlanta, GA", "sentiment": "positive", "time": "Sun Jul 24 03:45:04 +0000 2016"}
{"polarity": 0.0, "location": "New York, NY", "sentiment": "neutral", "time": "Sun Jul 24 03:45:04 +0000 2016"}
{"polarity": 1.0, "location": "New York, NY", "sentiment": "positive", "time": "Sun Jul 24 03:45:10 +0000 2016"}
{"polarity": 0.7166666666666667, "location": "New York, NY", "sentiment": "positive", "time": "Sun Jul 24 03:45:23 +0000 2016"}
{"polarity": 0.5, "location": "Boston, MA", "sentiment": "positive", "time": "Sun Jul 24 03:45:25 +0000 2016"}
{"polarity": 0.2833333333333334, "location": "Phoenix, AZ", "sentiment": "positive", "time": "Sun Jul 24 03:45:26 +0000 2016"}
{"polarity": 0.0, "location": "New York, NY", "sentiment": "neutral", "time": "Sun Jul 24 03:45:30 +0000 2016"}
{"polarity": -0.09375, "location": "Atlanta, GA", "sentiment": "negative", "time": "Sun Jul 24 03:45:32 +0000 2016"}
{"polarity": 0.2, "location": "Orlando, FL", "sentiment": "positive", "time": "Sun Jul 24 03:45:45 +0000 2016"}
{"polarity": 0.625, "location": "Atlanta, GA", "sentiment": "positive", "time": "Sun Jul 24 03:45:54 +0000 2016"}
{"polarity": 0.6, "location": "Atlanta, GA", "sentiment": "positive", "time": "Sun Jul 24 03:45:59 +0000 2016"}
{"polarity": 0.0, "location": "Orlando, FL", "sentiment": "neutral", "time": "Sun Jul 24 03:06:03 +0000 2016"}
{"polarity": -0.25, "location": "Boston, MA", "sentiment": "negative", "time": "Sun Jul 24 03:06:06 +0000 2016"}
{"polarity": 0.0, "location": "New York, NY", "sentiment": "neutral", "time": "Sun Jul 24 03:06:12 +0000 2016"}
{"polarity": -0.7, "location": "Atlanta, GA", "sentiment": "negative", "time": "Sun Jul 24 03:06:41 +0000 2016"}
{"polarity": 0.425, "location": "Boston, MA", "sentiment": "positive", "time": "Sun Jul 24 03:06:49 +0000 2016"}
{"polarity": 0.0, "location": "San Diego, CA", "sentiment": "neutral", "time": "Sun Jul 24 03:06:51 +0000 2016"}
{"polarity": 0.0, "location": "New York, NY", "sentiment": "neutral", "time": "Sun Jul 24 03:06:52 +0000 2016"}
{"polarity": 0.375, "location": "San Diego, CA", "sentiment": "positive", "time": "Sun Jul 24 03:06:54 +0000 2016"}
{"polarity": 0.0875, "location": "Portland, OR", "sentiment": "positive", "time": "Sun Jul 24 03:06:57 +0000 2016"}
{"polarity": 0.0, "location": "Seattle, WA", "sentiment": "neutral", "time": "Sun Jul 24 03:20:13 +0000 2016"}
{"polarity": 0.0, "location": "San Diego, CA", "sentiment": "neutral", "time": "Sun Jul 24 03:20:23 +0000 2016"}
{"polarity": 0.0, "location": "San Diego, CA", "sentiment": "neutral", "time": "Sun Jul 24 03:20:30 +0000 2016"}
{"polarity": 0.35, "location": "Portland, OR", "sentiment": "positive", "time": "Sun Jul 24 03:20:33 +0000 2016"}
{"polarity": -0.05, "location": "Seattle, WA", "sentiment": "negative", "time": "Sun Jul 24 03:13:15 +0000 2016"}
{"polarity": 0.0, "location": "Phoenix, AZ", "sentiment": "neutral", "time": "Sun Jul 24 03:13:20 +0000 2016"}
{"polarity": 0.25, "location": "New York, NY", "sentiment": "positive", "time": "Sun Jul 24 03:13:21 +0000 2016"}
{"polarity": 0.0, "location": "Boston, MA", "sentiment": "neutral", "time": "Sun Jul 24 03:13:24 +0000 2016"}
{"polarity": 0.0, "location": "San Diego, CA", "sentiment": "neutral", "time": "Sun Jul 24 03:13:17 +0000 2016"}
{"polarity": 0.0, "location": "San Diego, CA", "sentiment": "neutral", "time": "Sun Jul 24 03:13:42 +0000 2016"}
{"polarity": 0.375, "location": "Seattle, WA", "sentiment": "positive", "time": "Sun Jul 24 03:04:08 +0000 2016"}
{"polarity": 0.0, "location": "San Diego, CA", "sentiment": "neutral", "time": "Sun Jul 24 03:04:11 +0000 2016"}
{"polarity": 0.17045454545454544, "location": "Boston, MA", "sentiment": "positive", "time": "Sun Jul 24 03:04:15 +0000 2016"}
{"polarity": 0.26666666666666666, "location": "Boston, MA", "sentiment": "positive", "time": "Sun Jul 24 03:04:23 +0000 2016"}
{"polarity": -0.20000000000000004, "location": "Seattle, WA", "sentiment": "negative", "time": "Sun Jul 24 03:04:26 +0000 2016"}
{"polarity": 0.175, "location": "New York, NY", "sentiment": "positive", "time": "Sun Jul 24 03:04:41 +0000 2016"}
{"polarity": -0.1, "location": "Atlanta, GA", "sentiment": "negative", "time": "Sun Jul 24 03:04:47 +0000 2016"}
{"polarity": 0.09629629629629628, "location": "Boston, MA", "sentiment": "positive", "time": "Sun Jul 24 03:04:47 +0000 2016"}
{"polarity": 0.0, "location": "Seattle, WA", "sentiment": "neutral", "time": "Sun Jul 24 03:04:50 +0000 2016"}
{"polarity": 0.0, "location": "Boston, MA", "sentiment": "neutral", "time": "Sun Jul 24 03:04:56 +0000 2016"}
{"polarity": 0.0, "location": "New York, NY", "sentiment": "neutral", "time": "Sun Jul 24 03:04:58 +0000 2016"}
{"polarity": 0.0, "location": "St. Louis, MO", "sentiment": "neutral", "time": "Sun Jul 24 05:39:00 +0000 2016"}
{"polarity": 0.8, "location": "New York, NY", "sentiment": "positive", "time": "Sun Jul 24 05:39:15 +0000 2016"}
{"polarity": 0.0, "location": "New York, NY", "sentiment": "neutral", "time": "Sun Jul 24 05:39:17 +0000 2016"}
{"polarity": 0.2, "location": "St. Louis, MO", "sentiment": "positive", "time": "Sun Jul 24 05:39:17 +0000 2016"}
{"polarity": 0.625, "location": "San Diego, CA", "sentiment": "positive", "time": "Sun Jul 24 05:39:34 +0000 2016"}
{"polarity": 0.4, "location": "Portland, OR", "sentiment": "positive", "time": "Sun Jul 24 05:39:48 +0000 2016"}
{"polarity": 0.5, "location": "Boston, MA", "sentiment": "positive", "time": "Sun Jul 24 05:39:57 +0000 2016"}
{"polarity": 0.5, "location": "San Diego, CA", "sentiment": "positive", "time": "Sun Jul 24 05:59:04 +0000 2016"}
{"polarity": 0.0, "location": "Atlanta, GA", "sentiment": "neutral", "time": "Sun Jul 24 05:59:21 +0000 2016"}
{"polarity": 0.0, "location": "Portland, OR", "sentiment": "neutral", "time": "Sun Jul 24 05:59:27 +0000 2016"}
{"polarity": 0.225, "location": "New York, NY", "sentiment": "positive", "time": "Sun Jul 24 05:59:43 +0000 2016"}
{"polarity": 1.0, "location": "Phoenix, AZ", "sentiment": "positive", "time": "Sun Jul 24 05:59:50 +0000 2016"}
{"polarity": 0.0500000000000001, "location": "San Diego, CA", "sentiment": "positive", "time": "Sun Jul 24 05:19:01 +0000 2016"}
{"polarity": 0.0, "location": "San Diego, CA", "sentiment": "neutral", "time": "Sun Jul 24 05:19:09 +0000 2016"}
{"polarity": 0.0, "location": "Seattle, WA", "sentiment": "neutral", "time": "Sun Jul 24 05:19:12 +0000 2016"}
{"polarity": -0.09375, "location": "San Diego, CA", "sentiment": "negative", "time": "Sun Jul 24 05:19:21 +0000 2016"}
{"polarity": 0.0, "location": "Seattle, WA", "sentiment": "neutral", "time": "Sun Jul 24 05:19:24 +0000 2016"}
{"polarity": 0.4, "location": "Portland, OR", "sentiment": "positive", "time": "Sun Jul 24 05:19:27 +0000 2016"}
{"polarity": 0.0, "location": "Portland, OR", "sentiment": "neutral", "time": "Sun Jul 24 05:19:31 +0000 2016"}
{"polarity": 0.0, "location": "Orlando, FL", "sentiment": "neutral", "time": "Sun Jul 24 05:19:36 +0000 2016"}
{"polarity": -0.45, "location": "San Diego, CA", "sentiment": "negative", "time": "Sun Jul 24 05:19:59 +0000 2016"}
{"polarity": 0.0, "location": "Atlanta, GA", "sentiment": "neutral", "time": "Sun Jul 24 05:37:00 +0000 2016"}
{"polarity": 0.25, "location": "Seattle, WA", "sentiment": "positive", "time": "Sun Jul 24 05:37:16 +0000 2016"}
{"polarity": -0.25, "location": "Seattle, WA", "sentiment": "negative", "time": "Sun Jul 24 05:37:21 +0000 2016"}
{"polarity": 0.0, "location": "Phoenix, AZ", "sentiment": "neutral", "time": "Sun Jul 24 05:37:25 +0000 2016"}
{"polarity": 0.2, "location": "Phoenix, AZ", "sentiment": "positive", "time": "Sun Jul 24 05:37:27 +0000 2016"}
{"polarity": 0.0, "location": "Atlanta, GA", "sentiment": "neutral", "time": "Sun Jul 24 05:37:33 +0000 2016"}
{"polarity": 0.0, "location": "San Diego, CA", "sentiment": "neutral", "time": "Sun Jul 24 05:37:33 +0000 2016"}
{"polarity": 0.25, "location": "Phoenix, AZ", "sentiment": "positive", "time": "Sun Jul 24 05:37:35 +0000 2016"}
{"polarity": 0.0, "location": "Seattle, WA", "sentiment": "neutral", "time": "Sun Jul 24 05:37:36 +0000 2016"}
{"polarity": 0.0, "location": "New York, NY", "sentiment": "neutral", "time": "Sun Jul 24 05:37:38 +0000 2016"}
{"polarity": 0.7, "location": "Boston, MA", "sentiment": "positive", "time": "Sun Jul 24 05:37:55 +0000 2016"}
{"polarity": 0.0, "location": "San Diego, CA", "sentiment": "neutral", "time": "Sun Jul 24 05:31:00 +0000 2016"}
{"polarity": -0.24166666666666667, "location": "Portland, OR", "sentiment": "negative", "time": "Sun Jul 24 05:31:05 +0000 2016"}
{"polarity": -0.2, "location": "Atlanta, GA", "sentiment": "negative", "time": "Sun Jul 24 05:31:25 +0000 2016"}
{"polarity": -0.8, "location": "Atlanta, GA", "sentiment": "negative", "time": "Sun Jul 24 05:31:43 +0000 2016"}
{"polarity": 0.0, "location": "Atlanta, GA", "sentiment": "neutral", "time": "Sun Jul 24 05:41:05 +0000 2016"}
{"polarity": 0.0, "location": "New York, NY", "sentiment": "neutral", "time": "Sun Jul 24 05:41:08 +0000 2016"}
{"polarity": 0.5, "location": "New York, NY", "sentiment": "positive", "time": "Sun Jul 24 05:41:20 +0000 2016"}
{"polarity": 0.0, "location": "New York, NY", "sentiment": "neutral", "time": "Sun Jul 24 05:41:25 +0000 2016"}
{"polarity": 0.0, "location": "San Diego, CA", "sentiment": "neutral", "time": "Sun Jul 24 05:41:25 +0000 2016"}
{"polarity": 0.0, "location": "Atlanta, GA", "sentiment": "neutral", "time": "Sun Jul 24 05:41:29 +0000 2016"}
{"polarity": 0.0, "location": "Atlanta, GA", "sentiment": "neutral", "time": "Sun Jul 24 05:41:36 +0000 2016"}
{"polarity": 0.5, "location": "Atlanta, GA", "sentiment": "positive", "time": "Sun Jul 24 05:41:49 +0000 2016"}
{"polarity": 0.4000000000000001, "location": "San Diego, CA", "sentiment": "positive", "time": "Sun Jul 24 05:41:51 +0000 2016"}
{"polarity": 0.0, "location": "Orlando, FL", "sentiment": "neutral", "time": "Sun Jul 24 05:41:51 +0000 2016"}
{"polarity": -0.6, "location": "Atlanta, GA", "sentiment": "negative", "time": "Sun Jul 24 05:41:56 +0000 2016"}
{"polarity": 0.0, "location": "New York, NY", "sentiment": "neutral", "time": "Sun Jul 24 05:41:57 +0000 2016"}
{"polarity": 0.1, "location": "New York, NY", "sentiment": "positive", "time": "Sun Jul 24 05:27:11 +0000 2016"}
{"polarity": 0.0, "location": "New York, NY", "sentiment": "neutral", "time": "Sun Jul 24 05:27:31 +0000 2016"}
{"polarity": 0.0, "location": "Seattle, WA", "sentiment": "neutral", "time": "Sun Jul 24 05:27:37 +0000 2016"}
{"polarity": 0.0, "location": "Seattle, WA", "sentiment": "neutral", "time": "Sun Jul 24 05:27:40 +0000 2016"}
{"polarity": -0.5, "location": "Atlanta, GA", "sentiment": "negative", "time": "Sun Jul 24 05:27:43 +0000 2016"}
{"polarity": 0.0, "location": "San Diego, CA", "sentiment": "neutral", "time": "Sun Jul 24 05:27:50 +0000 2016"}
{"polarity": 0.0, "location": "Atlanta, GA", "sentiment": "neutral", "time": "Sun Jul 24 05:57:22 +0000 2016"}
{"polarity": 0.0, "location": "Phoenix, AZ", "sentiment": "neutral", "time": "Sun Jul 24 05:57:39 +0000 2016"}
{"polarity": 0.0, "location": "Orlando, FL", "sentiment": "neutral", "time": "Sun Jul 24 05:57:47 +0000 2016"}
{"polarity": 0.0, "location": "Atlanta, GA", "sentiment": "neutral", "time": "Sun Jul 24 05:26:01 +0000 2016"}
{"polarity": 0.0, "location": "Atlanta, GA", "sentiment": "neutral", "time": "Sun Jul 24 05:26:07 +0000 2016"}
{"polarity": 0.07500000000000001, "location": "Phoenix, AZ", "sentiment": "positive", "time": "Sun Jul 24 05:26:12 +0000 2016"}
{"polarity": 0.0, "location": "Boston, MA", "sentiment": "neutral", "time": "Sun Jul 24 05:26:20 +0000 2016"}
{"polarity": 0.15000000000000002, "location": "Phoenix, AZ", "sentiment": "positive", "time": "Sun Jul 24 05:26:30 +0000 2016"}
{"polarity": 0.75, "location": "San Diego, CA", "sentiment": "positive", "time": "Sun Jul 24 05:26:36 +0000 2016"}
{"polarity": 0.3125, "location": "Orlando, FL", "sentiment": "positive", "time": "Sun Jul 24 05:26:39 +0000 2016"}
{"polarity": 0.0, "location": "New York, NY", "sentiment": "neutral", "time": "Sun Jul 24 05:26:40 +0000 2016"}
{"polarity": 0.0, "location": "Orlando, FL", "sentiment": "neutral", "time": "Sun Jul 24 05:26:43 +0000 2016"}
{"polarity": -0.4, "location": "Phoenix, AZ", "sentiment": "negative", "time": "Sun Jul 24 05:26:52 +0000 2016"}
{"polarity": 1.0, "location": "San Diego, CA", "sentiment": "positive", "time": "Sun Jul 24 05:58:00 +0000 2016"}
{"polarity": 0.0, "location": "Boston, MA", "sentiment": "neutral", "time": "Sun Jul 24 05:58:07 +0000 2016"}
{"polarity": 0.0, "location": "Seattle, WA", "sentiment": "neutral", "time": "Sun Jul 24 05:58:15 +0000 2016"}
{"polarity": 0.0, "location": "New York, NY", "sentiment": "neutral", "time": "Sun Jul 24 05:58:22 +0000 2016"}
{"polarity": 0.0, "location": "Orlando, FL", "sentiment": "neutral", "time": "Sun Jul 24 05:58:24 +0000 2016"}
{"polarity": 0.0, "location": "Phoenix, AZ", "sentiment": "neutral", "time": "Sun Jul 24 05:58:27 +0000 2016"}
{"polarity": 0.0, "location": "San Diego, CA", "sentiment": "neutral", "time": "Sun Jul 24 05:58:39 +0000 2016"}
{"polarity": -0.05, "location": "Boston, MA", "sentiment": "negative", "time": "Sun Jul 24 05:58:58 +0000 2016"}
{"polarity": 1.0, "location": "Seattle, WA", "sentiment": "positive", "time": "Sun Jul 24 05:42:07 +0000 2016"}
{"polarity": 0.0, "location": "Atlanta, GA", "sentiment": "neutral", "time": "Sun Jul 24 05:42:22 +0000 2016"}
{"polarity": 0.3, "location": "San Diego, CA", "sentiment": "positive", "time": "Sun Jul 24 05:42:28 +0000 2016"}
{"polarity": 1.0, "location": "San Diego, CA", "sentiment": "positive", "time": "Sun Jul 24 05:42:28 +0000 2016"}
{"polarity": 0.0, "location": "Atlanta, GA", "sentiment": "neutral", "time": "Sun Jul 24 05:42:38 +0000 2016"}
{"polarity": -0.2, "location": "Seattle, WA", "sentiment": "negative", "time": "Sun Jul 24 05:42:39 +0000 2016"}
{"polarity": 0.0, "location": "Phoenix, AZ", "sentiment": "neutral", "time": "Sun Jul 24 05:42:41 +0000 2016"}
{"polarity": 0.75, "location": "Seattle, WA", "sentiment": "positive", "time": "Sun Jul 24 05:42:46 +0000 2016"}
{"polarity": 0.0, "location": "New York, NY", "sentiment": "neutral", "time": "Sun Jul 24 05:50:01 +0000 2016"}
{"polarity": -0.3125, "location": "Seattle, WA", "sentiment": "negative", "time": "Sun Jul 24 05:50:12 +0000 2016"}
{"polarity": 0.0, "location": "San Diego, CA", "sentiment": "neutral", "time": "Sun Jul 24 05:50:20 +0000 2016"}
{"polarity": 0.225, "location": "Orlando, FL", "sentiment": "positive", "time": "Sun Jul 24 05:50:40 +0000 2016"}
{"polarity": 0.0, "location": "San Diego, CA", "sentiment": "neutral", "time": "Sun Jul 24 05:15:02 +0000 2016"}
{"polarity": 0.5, "location": "Boston, MA", "sentiment": "positive", "time": "Sun Jul 24 05:15:07 +0000 2016"}
{"polarity": 0.0, "location": "Orlando, FL", "sentiment": "neutral", "time": "Sun Jul 24 05:15:12 +0000 2016"}
{"polarity": -0.05555555555555558, "location": "New York, NY", "sentiment": "negative", "time": "Sun Jul 24 05:15:29 +0000 2016"}
{"polarity": 0.0, "location": "New York, NY", "sentiment": "neutral", "time": "Sun Jul 24 05:15:47 +0000 2016"}
{"polarity": 0.675, "location": "San Diego, CA", "sentiment": "positive", "time": "Sun Jul 24 05:15:54 +0000 2016"}
{"polarity": 0.5, "location": "New York, NY", "sentiment": "positive", "time": "Sun Jul 24 05:38:01 +0000 2016"}
{"polarity": 0.0, "location": "Phoenix, AZ", "sentiment": "neutral", "time": "Sun Jul 24 05:38:01 +0000 2016"}
{"polarity": 0.75, "location": "Atlanta, GA", "sentiment": "positive", "time": "Sun Jul 24 05:38:16 +0000 2016"}
{"polarity": 0.0, "location": "Boston, MA", "sentiment": "neutral", "time": "Sun Jul 24 05:38:22 +0000 2016"}
{"polarity": 0.0, "location": "New York, NY", "sentiment": "neutral", "time": "Sun Jul 24 05:38:23 +0000 2016"}
{"polarity": -0.17857142857142858, "location": "St. Louis, MO", "sentiment": "negative", "time": "Sun Jul 24 05:38:25 +0000 2016"}
{"polarity": -0.1875, "location": "Boston, MA", "sentiment": "negative", "time": "Sun Jul 24 05:38:34 +0000 2016"}
{"polarity": 0.35, "location": "Orlando, FL", "sentiment": "positive", "time": "Sun Jul 24 05:38:39 +0000 2016"}
{"polarity": 0.0, "location": "Phoenix, AZ", "sentiment": "neutral", "time": "Sun Jul 24 05:38:46 +0000 2016"}
{"polarity": -0.2, "location": "New York, NY", "sentiment": "negative", "time": "Sun Jul 24 05:38:48 +0000 2016"}
{"polarity": 0.30000000000000004, "location": "Atlanta, GA", "sentiment": "positive", "time": "Sun Jul 24 05:21:04 +0000 2016"}
{"polarity": 0.8500000000000001, "location": "Atlanta, GA", "sentiment": "positive", "time": "Sun Jul 24 05:21:14 +0000 2016"}
{"polarity": 0.5, "location": "Atlanta, GA", "sentiment": "positive", "time": "Sun Jul 24 05:21:15 +0000 2016"}
{"polarity": 0.0, "location": "Atlanta, GA", "sentiment": "neutral", "time": "Sun Jul 24 05:21:20 +0000 2016"}
{"polarity": 0.0, "location": "Seattle, WA", "sentiment": "neutral", "time": "Sun Jul 24 05:21:47 +0000 2016"}
{"polarity": -0.2, "location": "Boston, MA", "sentiment": "negative", "time": "Sun Jul 24 05:17:17 +0000 2016"}
{"polarity": -0.4, "location": "Atlanta, GA", "sentiment": "negative", "time": "Sun Jul 24 05:17:20 +0000 2016"}
{"polarity": 0.0, "location": "New York, NY", "sentiment": "neutral", "time": "Sun Jul 24 05:17:20 +0000 2016"}
{"polarity": 0.0, "location": "San Diego, CA", "sentiment": "neutral", "time": "Sun Jul 24 05:17:32 +0000 2016"}
{"polarity": 0.0, "location": "New York, NY", "sentiment": "neutral", "time": "Sun Jul 24 05:17:33 +0000 2016"}
{"polarity": -0.15625, "location": "Atlanta, GA", "sentiment": "negative", "time": "Sun Jul 24 05:17:47 +0000 2016"}
{"polarity": 0.0, "location": "San Diego, CA", "sentiment": "neutral", "time": "Sun Jul 24 05:12:15 +0000 2016"}
{"polarity": 0.0, "location": "San Diego, CA", "sentiment": "neutral", "time": "Sun Jul 24 05:12:17 +0000 2016"}
{"polarity": 0.0, "location": "Seattle, WA", "sentiment": "neutral", "time": "Sun Jul 24 05:12:35 +0000 2016"}
{"polarity": 0.0, "location": "New York, NY", "sentiment": "neutral", "time": "Sun Jul 24 05:12:37 +0000 2016"}
{"polarity": 0.0, "location": "Orlando, FL", "sentiment": "neutral", "time": "Sun Jul 24 05:12:38 +0000 2016"}
{"polarity": 0.0, "location": "Atlanta, GA", "sentiment": "neutral", "time": "Sun Jul 24 05:12:41 +0000 2016"}
{"polarity": 0.0, "location": "Seattle, WA", "sentiment": "neutral", "time": "Sun Jul 24 05:12:42 +0000 2016"}
{"polarity": 0.0, "location": "Seattle, WA", "sentiment": "neutral", "time": "Sun Jul 24 05:12:54 +0000 2016"}
{"polarity": 0.0, "location": "Atlanta, GA", "sentiment": "neutral", "time": "Sun Jul 24 05:12:55 +0000 2016"}
{"polarity": 0.0, "location": "Boston, MA", "sentiment": "neutral", "time": "Sun Jul 24 05:12:55 +0000 2016"}
{"polarity": 0.0, "location": "Portland, OR", "sentiment": "neutral", "time": "Sun Jul 24 05:12:57 +0000 2016"}
{"polarity": 0.0, "location": "Portland, OR", "sentiment": "neutral", "time": "Sun Jul 24 05:29:07 +0000 2016"}
{"polarity": 0.0, "location": "San Diego, CA", "sentiment": "neutral", "time": "Sun Jul 24 05:29:09 +0000 2016"}
{"polarity": -0.5, "location": "Orlando, FL", "sentiment": "negative", "time": "Sun Jul 24 05:29:11 +0000 2016"}
{"polarity": -0.3333333333333333, "location": "Orlando, FL", "sentiment": "negative", "time": "Sun Jul 24 05:29:16 +0000 2016"}
{"polarity": 0.0, "location": "Atlanta, GA", "sentiment": "neutral", "time": "Sun Jul 24 05:29:26 +0000 2016"}
{"polarity": 0.0, "location": "San Diego, CA", "sentiment": "neutral", "time": "Sun Jul 24 05:29:26 +0000 2016"}
{"polarity": 0.0, "location": "San Diego, CA", "sentiment": "neutral", "time": "Sun Jul 24 05:29:38 +0000 2016"}
{"polarity": 0.0, "location": "Seattle, WA", "sentiment": "neutral", "time": "Sun Jul 24 05:29:54 +0000 2016"}
{"polarity": -0.25, "location": "Orlando, FL", "sentiment": "negative", "time": "Sun Jul 24 05:29:56 +0000 2016"}
{"polarity": 0.0, "location": "Orlando, FL", "sentiment": "neutral", "time": "Sun Jul 24 05:18:02 +0000 2016"}
{"polarity": 0.20416666666666666, "location": "Atlanta, GA", "sentiment": "positive", "time": "Sun Jul 24 05:18:35 +0000 2016"}
{"polarity": 0.2, "location": "San Diego, CA", "sentiment": "positive", "time": "Sun Jul 24 05:18:37 +0000 2016"}
{"polarity": 0.037500000000000006, "location": "Phoenix, AZ", "sentiment": "positive", "time": "Sun Jul 24 05:18:43 +0000 2016"}
{"polarity": 0.0, "location": "Orlando, FL", "sentiment": "neutral", "time": "Sun Jul 24 05:18:53 +0000 2016"}
{"polarity": 0.0, "location": "New York, NY", "sentiment": "neutral", "time": "Sun Jul 24 05:18:54 +0000 2016"}
{"polarity": -0.1, "location": "Seattle, WA", "sentiment": "negative", "time": "Sun Jul 24 05:18:56 +0000 2016"}
{"polarity": 0.0, "location": "Atlanta, GA", "sentiment": "neutral", "time": "Sun Jul 24 05:46:28 +0000 2016"}
{"polarity": 0.0, "location": "San Diego, CA", "sentiment": "neutral", "time": "Sun Jul 24 05:46:34 +0000 2016"}
{"polarity": 0.575, "location": "Seattle, WA", "sentiment": "positive", "time": "Sun Jul 24 05:46:35 +0000 2016"}
{"polarity": 0.0, "location": "San Diego, CA", "sentiment": "neutral", "time": "Sun Jul 24 05:46:40 +0000 2016"}
{"polarity": 0.0, "location": "San Diego, CA", "sentiment": "neutral", "time": "Sun Jul 24 05:46:42 +0000 2016"}
{"polarity": 0.0, "location": "New York, NY", "sentiment": "neutral", "time": "Sun Jul 24 05:46:57 +0000 2016"}
{"polarity": 0.65, "location": "Seattle, WA", "sentiment": "positive", "time": "Sun Jul 24 05:00:03 +0000 2016"}
{"polarity": -0.25, "location": "Seattle, WA", "sentiment": "negative", "time": "Sun Jul 24 05:00:10 +0000 2016"}
{"polarity": 0.0, "location": "Orlando, FL", "sentiment": "neutral", "time": "Sun Jul 24 05:00:13 +0000 2016"}
{"polarity": 0.0, "location": "Boston, MA", "sentiment": "neutral", "time": "Sun Jul 24 05:00:13 +0000 2016"}
{"polarity": 0.35, "location": "New York, NY", "sentiment": "positive", "time": "Sun Jul 24 05:00:14 +0000 2016"}
{"polarity": 0.0, "location": "Atlanta, GA", "sentiment": "neutral", "time": "Sun Jul 24 05:00:36 +0000 2016"}
{"polarity": -0.15000000000000002, "location": "Seattle, WA", "sentiment": "negative", "time": "Sun Jul 24 05:00:38 +0000 2016"}
{"polarity": 0.21103896103896103, "location": "New York, NY", "sentiment": "positive", "time": "Sun Jul 24 05:00:39 +0000 2016"}
{"polarity": 0.0, "location": "Seattle, WA", "sentiment": "neutral", "time": "Sun Jul 24 05:00:41 +0000 2016"}
{"polarity": -1.0, "location": "Orlando, FL", "sentiment": "negative", "time": "Sun Jul 24 05:00:41 +0000 2016"}
{"polarity": 0.6, "location": "San Diego, CA", "sentiment": "positive", "time": "Sun Jul 24 05:34:04 +0000 2016"}
{"polarity": 0.125, "location": "San Diego, CA", "sentiment": "positive", "time": "Sun Jul 24 05:34:12 +0000 2016"}
{"polarity": 0.0, "location": "Atlanta, GA", "sentiment": "neutral", "time": "Sun Jul 24 05:34:17 +0000 2016"}
{"polarity": 0.5, "location": "Seattle, WA", "sentiment": "positive", "time": "Sun Jul 24 05:34:45 +0000 2016"}
{"polarity": 0.0, "location": "San Diego, CA", "sentiment": "neutral", "time": "Sun Jul 24 05:05:00 +0000 2016"}
{"polarity": -0.037500000000000006, "location": "Boston, MA", "sentiment": "negative", "time": "Sun Jul 24 05:05:08 +0000 2016"}
{"polarity": 0.0, "location": "New York, NY", "sentiment": "neutral", "time": "Sun Jul 24 05:05:12 +0000 2016"}
{"polarity": 0.0, "location": "Seattle, WA", "sentiment": "neutral", "time": "Sun Jul 24 05:05:21 +0000 2016"}
{"polarity": 0.0, "location": "Portland, OR", "sentiment": "neutral", "time": "Sun Jul 24 05:05:41 +0000 2016"}
{"polarity": 0.15714285714285714, "location": "Phoenix, AZ", "sentiment": "positive", "time": "Sun Jul 24 05:05:50 +0000 2016"}
{"polarity": 0.0, "location": "San Diego, CA", "sentiment": "neutral", "time": "Sun Jul 24 05:11:03 +0000 2016"}
{"polarity": 0.0, "location": "New York, NY", "sentiment": "neutral", "time": "Sun Jul 24 05:11:04 +0000 2016"}
{"polarity": 0.3181818181818182, "location": "New York, NY", "sentiment": "positive", "time": "Sun Jul 24 05:11:08 +0000 2016"}
{"polarity": 0.0, "location": "Boston, MA", "sentiment": "neutral", "time": "Sun Jul 24 05:11:20 +0000 2016"}
{"polarity": -0.185, "location": "Seattle, WA", "sentiment": "negative", "time": "Sun Jul 24 05:11:22 +0000 2016"}
{"polarity": 1.0, "location": "New York, NY", "sentiment": "positive", "time": "Sun Jul 24 05:11:30 +0000 2016"}
{"polarity": -0.10476190476190476, "location": "Boston, MA", "sentiment": "negative", "time": "Sun Jul 24 05:11:35 +0000 2016"}
{"polarity": 0.0, "location": "New York, NY", "sentiment": "neutral", "time": "Sun Jul 24 05:11:37 +0000 2016"}
{"polarity": 0.0, "location": "Seattle, WA", "sentiment": "neutral", "time": "Sun Jul 24 05:11:45 +0000 2016"}
{"polarity": 0.0, "location": "Seattle, WA", "sentiment": "neutral", "time": "Sun Jul 24 05:11:52 +0000 2016"}
{"polarity": 0.0, "location": "Orlando, FL", "sentiment": "neutral", "time": "Sun Jul 24 05:11:55 +0000 2016"}
{"polarity": 0.0, "location": "Atlanta, GA", "sentiment": "neutral", "time": "Sun Jul 24 05:11:55 +0000 2016"}
{"polarity": 0.0, "location": "Atlanta, GA", "sentiment": "neutral", "time": "Sun Jul 24 05:56:07 +0000 2016"}
{"polarity": -0.25833333333333336, "location": "Seattle, WA", "sentiment": "negative", "time": "Sun Jul 24 05:56:10 +0000 2016"}
{"polarity": -0.038461538461538464, "location": "Atlanta, GA", "sentiment": "negative", "time": "Sun Jul 24 05:56:10 +0000 2016"}
{"polarity": 0.3125, "location": "Phoenix, AZ", "sentiment": "positive", "time": "Sun Jul 24 05:56:20 +0000 2016"}
{"polarity": 0.24166666666666667, "location": "San Diego, CA", "sentiment": "positive", "time": "Sun Jul 24 05:56:22 +0000 2016"}
{"polarity": -0.15555555555555559, "location": "Atlanta, GA", "sentiment": "negative", "time": "Sun Jul 24 05:56:29 +0000 2016"}
{"polarity": 0.18333333333333335, "location": "Atlanta, GA", "sentiment": "positive", "time": "Sun Jul 24 05:56:31 +0000 2016"}
{"polarity": 0.0, "location": "San Diego, CA", "sentiment": "neutral", "time": "Sun Jul 24 05:56:39 +0000 2016"}
{"polarity": 0.0, "location": "Orlando, FL", "sentiment": "neutral", "time": "Sun Jul 24 05:47:12 +0000 2016"}
{"polarity": 0.08333333333333333, "location": "Boston, MA", "sentiment": "positive", "time": "Sun Jul 24 05:47:24 +0000 2016"}
{"polarity": -0.5, "location": "Seattle, WA", "sentiment": "negative", "time": "Sun Jul 24 05:47:33 +0000 2016"}
{"polarity": 0.3125, "location": "New York, NY", "sentiment": "positive", "time": "Sun Jul 24 05:47:40 +0000 2016"}
{"polarity": -1.0, "location": "Boston, MA", "sentiment": "negative", "time": "Sun Jul 24 05:47:48 +0000 2016"}
{"polarity": 0.5, "location": "Seattle, WA", "sentiment": "positive", "time": "Sun Jul 24 05:47:52 +0000 2016"}
{"polarity": 0.0, "location": "Orlando, FL", "sentiment": "neutral", "time": "Sun Jul 24 05:52:21 +0000 2016"}
{"polarity": 0.0, "location": "Boston, MA", "sentiment": "neutral", "time": "Sun Jul 24 05:52:39 +0000 2016"}
{"polarity": 0.1, "location": "Orlando, FL", "sentiment": "positive", "time": "Sun Jul 24 05:52:41 +0000 2016"}
{"polarity": 0.1, "location": "Phoenix, AZ", "sentiment": "positive", "time": "Sun Jul 24 05:52:48 +0000 2016"}
{"polarity": 0.5, "location": "San Diego, CA", "sentiment": "positive", "time": "Sun Jul 24 05:52:55 +0000 2016"}
{"polarity": 0.6, "location": "St. Louis, MO", "sentiment": "positive", "time": "Sun Jul 24 05:53:02 +0000 2016"}
{"polarity": 0.0, "location": "San Diego, CA", "sentiment": "neutral", "time": "Sun Jul 24 05:53:04 +0000 2016"}
{"polarity": 0.0, "location": "San Diego, CA", "sentiment": "neutral", "time": "Sun Jul 24 05:53:05 +0000 2016"}
{"polarity": 0.0, "location": "Atlanta, GA", "sentiment": "neutral", "time": "Sun Jul 24 05:53:06 +0000 2016"}
{"polarity": -0.1875, "location": "Portland, OR", "sentiment": "negative", "time": "Sun Jul 24 05:53:08 +0000 2016"}
{"polarity": 0.0, "location": "Atlanta, GA", "sentiment": "neutral", "time": "Sun Jul 24 05:53:16 +0000 2016"}
{"polarity": 0.6, "location": "Atlanta, GA", "sentiment": "positive", "time": "Sun Jul 24 05:53:32 +0000 2016"}
{"polarity": 0.5, "location": "Phoenix, AZ", "sentiment": "positive", "time": "Sun Jul 24 05:53:58 +0000 2016"}
{"polarity": 0.0, "location": "Portland, OR", "sentiment": "neutral", "time": "Sun Jul 24 05:02:17 +0000 2016"}
{"polarity": 0.9, "location": "Atlanta, GA", "sentiment": "positive", "time": "Sun Jul 24 05:02:27 +0000 2016"}
{"polarity": 0.0, "location": "Seattle, WA", "sentiment": "neutral", "time": "Sun Jul 24 05:02:34 +0000 2016"}
{"polarity": 0.0, "location": "New York, NY", "sentiment": "neutral", "time": "Sun Jul 24 05:02:36 +0000 2016"}
{"polarity": 0.05833333333333333, "location": "Orlando, FL", "sentiment": "positive", "time": "Sun Jul 24 05:02:48 +0000 2016"}
{"polarity": 0.0, "location": "Boston, MA", "sentiment": "neutral", "time": "Sun Jul 24 05:48:05 +0000 2016"}
{"polarity": -0.525, "location": "San Diego, CA", "sentiment": "negative", "time": "Sun Jul 24 05:48:36 +0000 2016"}
{"polarity": 0.0, "location": "Seattle, WA", "sentiment": "neutral", "time": "Sun Jul 24 05:48:38 +0000 2016"}
{"polarity": -0.25, "location": "Atlanta, GA", "sentiment": "negative", "time": "Sun Jul 24 05:48:54 +0000 2016"}
{"polarity": 0.0, "location": "Boston, MA", "sentiment": "neutral", "time": "Sun Jul 24 05:48:55 +0000 2016"}
{"polarity": 0.55, "location": "New York, NY", "sentiment": "positive", "time": "Sun Jul 24 05:25:16 +0000 2016"}
{"polarity": -0.8, "location": "Portland, OR", "sentiment": "negative", "time": "Sun Jul 24 05:25:16 +0000 2016"}
{"polarity": 0.0, "location": "Atlanta, GA", "sentiment": "neutral", "time": "Sun Jul 24 05:25:27 +0000 2016"}
{"polarity": 0.20416666666666664, "location": "Atlanta, GA", "sentiment": "positive", "time": "Sun Jul 24 05:25:28 +0000 2016"}
{"polarity": 0.08522727272727272, "location": "San Diego, CA", "sentiment": "positive", "time": "Sun Jul 24 05:25:38 +0000 2016"}
{"polarity": 0.0, "location": "Atlanta, GA", "sentiment": "neutral", "time": "Sun Jul 24 05:25:51 +0000 2016"}
{"polarity": 0.0, "location": "Seattle, WA", "sentiment": "neutral", "time": "Sun Jul 24 05:25:59 +0000 2016"}
{"polarity": 0.0, "location": "San Diego, CA", "sentiment": "neutral", "time": "Sun Jul 24 05:16:01 +0000 2016"}
{"polarity": 0.0, "location": "Seattle, WA", "sentiment": "neutral", "time": "Sun Jul 24 05:16:09 +0000 2016"}
{"polarity": 0.0, "location": "Orlando, FL", "sentiment": "neutral", "time": "Sun Jul 24 05:16:09 +0000 2016"}
{"polarity": 0.0, "location": "Orlando, FL", "sentiment": "neutral", "time": "Sun Jul 24 05:16:29 +0000 2016"}
{"polarity": 0.0, "location": "Atlanta, GA", "sentiment": "neutral", "time": "Sun Jul 24 05:16:41 +0000 2016"}
{"polarity": 0.0, "location": "Atlanta, GA", "sentiment": "neutral", "time": "Sun Jul 24 05:16:56 +0000 2016"}
{"polarity": -0.5, "location": "Phoenix, AZ", "sentiment": "negative", "time": "Sun Jul 24 05:14:10 +0000 2016"}
{"polarity": 0.0, "location": "Seattle, WA", "sentiment": "neutral", "time": "Sun Jul 24 05:14:18 +0000 2016"}
{"polarity": 0.0, "location": "Portland, OR", "sentiment": "neutral", "time": "Sun Jul 24 05:23:04 +0000 2016"}
{"polarity": 0.15, "location": "Portland, OR", "sentiment": "positive", "time": "Sun Jul 24 05:23:08 +0000 2016"}
{"polarity": 0.0, "location": "Seattle, WA", "sentiment": "neutral", "time": "Sun Jul 24 05:23:11 +0000 2016"}
{"polarity": 0.1, "location": "San Diego, CA", "sentiment": "positive", "time": "Sun Jul 24 05:23:19 +0000 2016"}
{"polarity": 0.0, "location": "Atlanta, GA", "sentiment": "neutral", "time": "Sun Jul 24 05:23:24 +0000 2016"}
{"polarity": 0.26666666666666666, "location": "Seattle, WA", "sentiment": "positive", "time": "Sun Jul 24 05:23:27 +0000 2016"}
{"polarity": 0.10000000000000002, "location": "Seattle, WA", "sentiment": "positive", "time": "Sun Jul 24 05:23:36 +0000 2016"}
{"polarity": 0.0, "location": "New York, NY", "sentiment": "neutral", "time": "Sun Jul 24 05:23:48 +0000 2016"}
{"polarity": 0.375, "location": "San Diego, CA", "sentiment": "positive", "time": "Sun Jul 24 05:23:57 +0000 2016"}
{"polarity": 0.0, "location": "New York, NY", "sentiment": "neutral", "time": "Sun Jul 24 05:07:00 +0000 2016"}
{"polarity": 0.35, "location": "Atlanta, GA", "sentiment": "positive", "time": "Sun Jul 24 05:07:07 +0000 2016"}
{"polarity": 0.0, "location": "Orlando, FL", "sentiment": "neutral", "time": "Sun Jul 24 05:07:11 +0000 2016"}
{"polarity": -1.0, "location": "Seattle, WA", "sentiment": "negative", "time": "Sun Jul 24 05:07:11 +0000 2016"}
{"polarity": 0.49000000000000005, "location": "San Diego, CA", "sentiment": "positive", "time": "Sun Jul 24 05:07:16 +0000 2016"}
{"polarity": -0.15, "location": "Atlanta, GA", "sentiment": "negative", "time": "Sun Jul 24 05:07:19 +0000 2016"}
{"polarity": 0.0, "location": "Orlando, FL", "sentiment": "neutral", "time": "Sun Jul 24 05:07:31 +0000 2016"}
{"polarity": 0.5, "location": "Portland, OR", "sentiment": "positive", "time": "Sun Jul 24 05:07:43 +0000 2016"}
{"polarity": -0.5, "location": "Atlanta, GA", "sentiment": "negative", "time": "Sun Jul 24 05:07:51 +0000 2016"}
{"polarity": 0.1375, "location": "Seattle, WA", "sentiment": "positive", "time": "Sun Jul 24 05:07:56 +0000 2016"}
{"polarity": -0.5, "location": "Boston, MA", "sentiment": "negative", "time": "Sun Jul 24 05:51:00 +0000 2016"}
{"polarity": 0.075, "location": "New York, NY", "sentiment": "positive", "time": "Sun Jul 24 05:51:08 +0000 2016"}
{"polarity": 0.0, "location": "Orlando, FL", "sentiment": "neutral", "time": "Sun Jul 24 05:51:14 +0000 2016"}
{"polarity": 1.0, "location": "Phoenix, AZ", "sentiment": "positive", "time": "Sun Jul 24 05:51:16 +0000 2016"}
{"polarity": 1.0, "location": "Atlanta, GA", "sentiment": "positive", "time": "Sun Jul 24 05:51:36 +0000 2016"}
{"polarity": 0.6, "location": "Phoenix, AZ", "sentiment": "positive", "time": "Sun Jul 24 05:51:36 +0000 2016"}
{"polarity": 0.7, "location": "Seattle, WA", "sentiment": "positive", "time": "Sun Jul 24 05:51:49 +0000 2016"}
{"polarity": 0.0, "location": "New York, NY", "sentiment": "neutral", "time": "Sun Jul 24 05:30:09 +0000 2016"}
{"polarity": 0.0, "location": "New York, NY", "sentiment": "neutral", "time": "Sun Jul 24 05:30:26 +0000 2016"}
{"polarity": 0.0, "location": "Phoenix, AZ", "sentiment": "neutral", "time": "Sun Jul 24 05:03:10 +0000 2016"}
{"polarity": 0.0, "location": "New York, NY", "sentiment": "neutral", "time": "Sun Jul 24 05:03:19 +0000 2016"}
{"polarity": 0.0, "location": "Seattle, WA", "sentiment": "neutral", "time": "Sun Jul 24 05:03:37 +0000 2016"}
{"polarity": 1.0, "location": "Orlando, FL", "sentiment": "positive", "time": "Sun Jul 24 05:03:45 +0000 2016"}
{"polarity": 0.0, "location": "Seattle, WA", "sentiment": "neutral", "time": "Sun Jul 24 05:40:04 +0000 2016"}
{"polarity": 0.0, "location": "Boston, MA", "sentiment": "neutral", "time": "Sun Jul 24 05:40:10 +0000 2016"}
{"polarity": 0.5, "location": "New York, NY", "sentiment": "positive", "time": "Sun Jul 24 05:40:11 +0000 2016"}
{"polarity": 0.0, "location": "Phoenix, AZ", "sentiment": "neutral", "time": "Sun Jul 24 05:40:15 +0000 2016"}
{"polarity": 0.0, "location": "Atlanta, GA", "sentiment": "neutral", "time": "Sun Jul 24 05:40:16 +0000 2016"}
{"polarity": 0.3333333333333333, "location": "New York, NY", "sentiment": "positive", "time": "Sun Jul 24 05:40:24 +0000 2016"}
{"polarity": 1.0, "location": "San Diego, CA", "sentiment": "positive", "time": "Sun Jul 24 05:40:27 +0000 2016"}
{"polarity": 0.13888888888888892, "location": "New York, NY", "sentiment": "positive", "time": "Sun Jul 24 05:40:33 +0000 2016"}
{"polarity": 0.5, "location": "Boston, MA", "sentiment": "positive", "time": "Sun Jul 24 05:40:34 +0000 2016"}
{"polarity": 0.0, "location": "Atlanta, GA", "sentiment": "neutral", "time": "Sun Jul 24 05:40:40 +0000 2016"}
{"polarity": 0.032142857142857126, "location": "Orlando, FL", "sentiment": "positive", "time": "Sun Jul 24 05:40:43 +0000 2016"}
{"polarity": 0.0, "location": "Atlanta, GA", "sentiment": "neutral", "time": "Sun Jul 24 05:40:56 +0000 2016"}
{"polarity": 0.0, "location": "Atlanta, GA", "sentiment": "neutral", "time": "Sun Jul 24 05:08:00 +0000 2016"}
{"polarity": 0.0, "location": "Portland, OR", "sentiment": "neutral", "time": "Sun Jul 24 05:08:18 +0000 2016"}
{"polarity": 0.0, "location": "Seattle, WA", "sentiment": "neutral", "time": "Sun Jul 24 05:08:19 +0000 2016"}
{"polarity": 0.1, "location": "New York, NY", "sentiment": "positive", "time": "Sun Jul 24 05:08:26 +0000 2016"}
{"polarity": 0.375, "location": "San Diego, CA", "sentiment": "positive", "time": "Sun Jul 24 05:08:43 +0000 2016"}
{"polarity": -0.10000000000000002, "location": "New York, NY", "sentiment": "negative", "time": "Sun Jul 24 05:08:46 +0000 2016"}
{"polarity": 0.0, "location": "Atlanta, GA", "sentiment": "neutral", "time": "Sun Jul 24 05:08:57 +0000 2016"}
{"polarity": 0.0, "location": "Portland, OR", "sentiment": "neutral", "time": "Sun Jul 24 05:08:58 +0000 2016"}
{"polarity": 0.0, "location": "New York, NY", "sentiment": "neutral", "time": "Sun Jul 24 05:35:03 +0000 2016"}
{"polarity": 0.0, "location": "Atlanta, GA", "sentiment": "neutral", "time": "Sun Jul 24 05:35:13 +0000 2016"}
{"polarity": 0.0, "location": "Boston, MA", "sentiment": "neutral", "time": "Sun Jul 24 05:35:28 +0000 2016"}
{"polarity": 0.2857142857142857, "location": "Atlanta, GA", "sentiment": "positive", "time": "Sun Jul 24 05:35:31 +0000 2016"}
{"polarity": 0.425, "location": "Atlanta, GA", "sentiment": "positive", "time": "Sun Jul 24 05:35:51 +0000 2016"}
{"polarity": 0.0, "location": "Seattle, WA", "sentiment": "neutral", "time": "Sun Jul 24 05:43:04 +0000 2016"}
{"polarity": 0.0, "location": "New York, NY", "sentiment": "neutral", "time": "Sun Jul 24 05:43:15 +0000 2016"}
{"polarity": 1.0, "location": "San Diego, CA", "sentiment": "positive", "time": "Sun Jul 24 05:43:23 +0000 2016"}
{"polarity": 0.0, "location": "San Diego, CA", "sentiment": "neutral", "time": "Sun Jul 24 05:43:24 +0000 2016"}
{"polarity": 0.11666666666666668, "location": "New York, NY", "sentiment": "positive", "time": "Sun Jul 24 05:43:27 +0000 2016"}
{"polarity": 0.0, "location": "Phoenix, AZ", "sentiment": "neutral", "time": "Sun Jul 24 05:43:28 +0000 2016"}
{"polarity": -0.3333333333333333, "location": "Atlanta, GA", "sentiment": "negative", "time": "Sun Jul 24 05:43:34 +0000 2016"}
{"polarity": 0.7000000000000001, "location": "New York, NY", "sentiment": "positive", "time": "Sun Jul 24 05:43:47 +0000 2016"}
{"polarity": 0.0, "location": "Orlando, FL", "sentiment": "neutral", "time": "Sun Jul 24 05:10:06 +0000 2016"}
{"polarity": 0.0, "location": "Orlando, FL", "sentiment": "neutral", "time": "Sun Jul 24 05:10:16 +0000 2016"}
{"polarity": 0.0, "location": "Atlanta, GA", "sentiment": "neutral", "time": "Sun Jul 24 05:10:18 +0000 2016"}
{"polarity": 0.0, "location": "San Diego, CA", "sentiment": "neutral", "time": "Sun Jul 24 05:10:18 +0000 2016"}
{"polarity": 0.35, "location": "Orlando, FL", "sentiment": "positive", "time": "Sun Jul 24 05:10:25 +0000 2016"}
{"polarity": 0.0, "location": "Orlando, FL", "sentiment": "neutral", "time": "Sun Jul 24 05:10:40 +0000 2016"}
{"polarity": -0.4666666666666667, "location": "Atlanta, GA", "sentiment": "negative", "time": "Sun Jul 24 05:10:47 +0000 2016"}
{"polarity": 0.0, "location": "Atlanta, GA", "sentiment": "neutral", "time": "Sun Jul 24 05:10:48 +0000 2016"}
{"polarity": 0.0, "location": "San Diego, CA", "sentiment": "neutral", "time": "Sun Jul 24 05:54:37 +0000 2016"}
{"polarity": 0.0, "location": "New York, NY", "sentiment": "neutral", "time": "Sun Jul 24 05:54:41 +0000 2016"}
{"polarity": 0.0, "location": "Orlando, FL", "sentiment": "neutral", "time": "Sun Jul 24 05:54:44 +0000 2016"}
{"polarity": 0.0, "location": "Orlando, FL", "sentiment": "neutral", "time": "Sun Jul 24 05:54:54 +0000 2016"}
{"polarity": 0.5, "location": "New York, NY", "sentiment": "positive", "time": "Sun Jul 24 05:54:56 +0000 2016"}
{"polarity": 0.2, "location": "Atlanta, GA", "sentiment": "positive", "time": "Sun Jul 24 05:24:04 +0000 2016"}
{"polarity": 0.0, "location": "Atlanta, GA", "sentiment": "neutral", "time": "Sun Jul 24 05:24:07 +0000 2016"}
{"polarity": 0.315625, "location": "New York, NY", "sentiment": "positive", "time": "Sun Jul 24 05:24:09 +0000 2016"}
{"polarity": -0.3, "location": "Phoenix, AZ", "sentiment": "negative", "time": "Sun Jul 24 05:24:14 +0000 2016"}
{"polarity": 0.0, "location": "Atlanta, GA", "sentiment": "neutral", "time": "Sun Jul 24 05:24:19 +0000 2016"}
{"polarity": 0.25, "location": "New York, NY", "sentiment": "positive", "time": "Sun Jul 24 05:24:37 +0000 2016"}
{"polarity": 0.0, "location": "San Diego, CA", "sentiment": "neutral", "time": "Sun Jul 24 05:32:05 +0000 2016"}
{"polarity": 0.5, "location": "Phoenix, AZ", "sentiment": "positive", "time": "Sun Jul 24 05:32:06 +0000 2016"}
{"polarity": 0.06666666666666667, "location": "Boston, MA", "sentiment": "positive", "time": "Sun Jul 24 05:32:08 +0000 2016"}
{"polarity": 0.125, "location": "Phoenix, AZ", "sentiment": "positive", "time": "Sun Jul 24 05:32:10 +0000 2016"}
{"polarity": -0.2, "location": "Boston, MA", "sentiment": "negative", "time": "Sun Jul 24 05:32:14 +0000 2016"}
{"polarity": 0.22727272727272727, "location": "Atlanta, GA", "sentiment": "positive", "time": "Sun Jul 24 05:32:29 +0000 2016"}
{"polarity": 0.44166666666666665, "location": "Seattle, WA", "sentiment": "positive", "time": "Sun Jul 24 05:32:34 +0000 2016"}
{"polarity": -0.2916666666666667, "location": "Seattle, WA", "sentiment": "negative", "time": "Sun Jul 24 05:32:34 +0000 2016"}
{"polarity": 0.0, "location": "San Diego, CA", "sentiment": "neutral", "time": "Sun Jul 24 05:32:41 +0000 2016"}
{"polarity": 0.0, "location": "New York, NY", "sentiment": "neutral", "time": "Sun Jul 24 05:32:47 +0000 2016"}
{"polarity": 0.625, "location": "Phoenix, AZ", "sentiment": "positive", "time": "Sun Jul 24 05:32:48 +0000 2016"}
{"polarity": 0.6, "location": "Boston, MA", "sentiment": "positive", "time": "Sun Jul 24 05:32:51 +0000 2016"}
{"polarity": 0.0, "location": "San Diego, CA", "sentiment": "neutral", "time": "Sun Jul 24 05:36:06 +0000 2016"}
{"polarity": -0.15, "location": "Atlanta, GA", "sentiment": "negative", "time": "Sun Jul 24 05:36:16 +0000 2016"}
{"polarity": 0.0, "location": "New York, NY", "sentiment": "neutral", "time": "Sun Jul 24 05:36:24 +0000 2016"}
{"polarity": 0.0, "location": "San Diego, CA", "sentiment": "neutral", "time": "Sun Jul 24 05:36:31 +0000 2016"}
{"polarity": 0.0, "location": "Phoenix, AZ", "sentiment": "neutral", "time": "Sun Jul 24 05:36:46 +0000 2016"}
{"polarity": 0.3, "location": "San Diego, CA", "sentiment": "positive", "time": "Sun Jul 24 05:01:06 +0000 2016"}
{"polarity": 0.2, "location": "San Diego, CA", "sentiment": "positive", "time": "Sun Jul 24 05:01:10 +0000 2016"}
{"polarity": -0.6, "location": "Atlanta, GA", "sentiment": "negative", "time": "Sun Jul 24 05:01:29 +0000 2016"}
{"polarity": 0.0, "location": "New York, NY", "sentiment": "neutral", "time": "Sun Jul 24 05:01:30 +0000 2016"}
{"polarity": 0.3571428571428571, "location": "Phoenix, AZ", "sentiment": "positive", "time": "Sun Jul 24 05:01:38 +0000 2016"}
{"polarity": 0.0, "location": "New York, NY", "sentiment": "neutral", "time": "Sun Jul 24 05:01:57 +0000 2016"}
{"polarity": 0.0, "location": "Orlando, FL", "sentiment": "neutral", "time": "Sun Jul 24 05:55:06 +0000 2016"}
{"polarity": 0.0, "location": "New York, NY", "sentiment": "neutral", "time": "Sun Jul 24 05:55:32 +0000 2016"}
{"polarity": -0.125, "location": "New York, NY", "sentiment": "negative", "time": "Sun Jul 24 05:55:40 +0000 2016"}
{"polarity": 0.2, "location": "Phoenix, AZ", "sentiment": "positive", "time": "Sun Jul 24 05:55:40 +0000 2016"}
