{"polarity": 0.35, "location": "San Diego, CA", "sentiment": "positive", "time": "Sat Jul 23 16:09:04 +0000 2016"}
{"polarity": 0.16666666666666666, "location": "New York, NY", "sentiment": "positive", "time": "Sat Jul 23 16:09:07 +0000 2016"}
{"polarity": 0.0, "location": "New York, NY", "sentiment": "neutral", "time": "Sat Jul 23 16:09:10 +0000 2016"}
{"polarity": 0.0, "location": "Atlanta, GA", "sentiment": "neutral", "time": "Sat Jul 23 16:09:13 +0000 2016"}
{"polarity": 0.0, "location": "Portland, OR", "sentiment": "neutral", "time": "Sat Jul 23 16:09:26 +0000 2016"}
{"polarity": -0.15555555555555559, "location": "New York, NY", "sentiment": "negative", "time": "Sat Jul 23 16:09:40 +0000 2016"}
{"polarity": -0.07142857142857142, "location": "Orlando, FL", "sentiment": "negative", "time": "Sat Jul 23 16:09:40 +0000 2016"}
{"polarity": 0.0, "location": "Orlando, FL", "sentiment": "neutral", "time": "Sat Jul 23 16:09:45 +0000 2016"}
{"polarity": 0.5, "location": "Atlanta, GA", "sentiment": "positive", "time": "Sat Jul 23 16:09:48 +0000 2016"}
{"polarity": -0.016450216450216465, "location": "New York, NY", "sentiment": "negative", "time": "Sat Jul 23 16:33:11 +0000 2016"}
{"polarity": 0.3, "location": "Phoenix, AZ", "sentiment": "positive", "time": "Sat Jul 23 16:33:12 +0000 2016"}
{"polarity": 0.0, "location": "Orlando, FL", "sentiment": "neutral", "time": "Sat Jul 23 16:33:16 +0000 2016"}
{"polarity": 0.0, "location": "Seattle, WA", "sentiment": "neutral", "time": "Sat Jul 23 16:33:24 +0000 2016"}
{"polarity": 0.0, "location": "Orlando, FL", "sentiment": "neutral", "time": "Sat Jul 23 16:33:24 +0000 2016"}
{"polarity": 0.0, "location": "Portland, OR", "sentiment": "neutral", "time": "Sat Jul 23 16:33:28 +0000 2016"}
{"polarity": 0.5, "location": "New York, NY", "sentiment": "positive", "time": "Sat Jul 23 16:33:48 +0000 2016"}
{"polarity": 0.0, "location": "Seattle, WA", "sentiment": "neutral", "time": "Sat Jul 23 16:33:54 +0000 2016"}
{"polarity": -0.25, "location": "Seattle, WA", "sentiment": "negative", "time": "Sat Jul 23 16:44:00 +0000 2016"}
{"polarity": 0.0, "location": "Seattle, WA", "sentiment": "neutral", "time": "Sat Jul 23 16:44:07 +0000 2016"}
{"polarity": 0.0, "location": "Phoenix, AZ", "sentiment": "neutral", "time": "Sat Jul 23 16:44:11 +0000 2016"}
{"polarity": 0.0, "location": "Orlando, FL", "sentiment": "neutral", "time": "Sat Jul 23 16:44:12 +0000 2016"}
{"polarity": 0.1, "location": "New York, NY", "sentiment": "positive", "time": "Sat Jul 23 16:44:13 +0000 2016"}
{"polarity": 0.1, "location": "Orlando, FL", "sentiment": "positive", "time": "Sat Jul 23 16:44:17 +0000 2016"}
{"polarity": 0.0, "location": "Seattle, WA", "sentiment": "neutral", "time": "Sat Jul 23 16:44:26 +0000 2016"}
{"polarity": -0.30000000000000004, "location": "Boston, MA", "sentiment": "negative", "time": "Sat Jul 23 16:44:32 +0000 2016"}
{"polarity": 0.04999999999999999, "location": "Phoenix, AZ", "sentiment": "positive", "time": "Sat Jul 23 16:44:33 +0000 2016"}
{"polarity": 0.0, "location": "New York, NY", "sentiment": "neutral", "time": "Sat Jul 23 16:44:59 +0000 2016"}
{"polarity": 0.05, "location": "New York, NY", "sentiment": "positive", "time": "Sat Jul 23 16:28:04 +0000 2016"}
{"polarity": 0.0, "location": "Boston, MA", "sentiment": "neutral", "time": "Sat Jul 23 16:28:05 +0000 2016"}
{"polarity": 0.5625, "location": "San Diego, CA", "sentiment": "positive", "time": "Sat Jul 23 16:28:08 +0000 2016"}
{"polarity": 0.0, "location": "San Diego, CA", "sentiment": "neutral", "time": "Sat Jul 23 16:28:21 +0000 2016"}
{"polarity": 0.39999999999999997, "location": "Portland, OR", "sentiment": "positive", "time": "Sat Jul 23 16:28:41 +0000 2016"}
{"polarity": 0.0, "location": "St. Louis, MO", "sentiment": "neutral", "time": "Sat Jul 23 16:28:52 +0000 2016"}
{"polarity": 0.0, "location": "Orlando, FL", "sentiment": "neutral", "time": "Sat Jul 23 16:28:56 +0000 2016"}
{"polarity": 0.0, "location": "New York, NY", "sentiment": "neutral", "time": "Sat Jul 23 16:22:07 +0000 2016"}
{"polarity": 0.0, "location": "Boston, MA", "sentiment": "neutral", "time": "Sat Jul 23 16:22:10 +0000 2016"}
{"polarity": 0.13636363636363635, "location": "Atlanta, GA", "sentiment": "positive", "time": "Sat Jul 23 16:22:18 +0000 2016"}
{"polarity": -0.6, "location": "New York, NY", "sentiment": "negative", "time": "Sat Jul 23 16:22:20 +0000 2016"}
{"polarity": 0.0, "location": "Atlanta, GA", "sentiment": "neutral", "time": "Sat Jul 23 16:22:33 +0000 2016"}
{"polarity": 0.0, "location": "Seattle, WA", "sentiment": "neutral", "time": "Sat Jul 23 16:22:33 +0000 2016"}
{"polarity": 0.5, "location": "Phoenix, AZ", "sentiment": "positive", "time": "Sat Jul 23 16:22:38 +0000 2016"}
{"polarity": 0.0, "location": "Orlando, FL", "sentiment": "neutral", "time": "Sat Jul 23 16:22:47 +0000 2016"}
{"polarity": 0.55, "location": "Atlanta, GA", "sentiment": "positive", "time": "Sat Jul 23 16:22:51 +0000 2016"}
{"polarity": 0.0, "location": "New York, NY", "sentiment": "neutral", "time": "Sat Jul 23 16:22:52 +0000 2016"}
{"polarity": 0.13333333333333333, "location": "Boston, MA", "sentiment": "positive", "time": "Sat Jul 23 16:22:53 +0000 2016"}
{"polarity": 0.0, "location": "Boston, MA", "sentiment": "neutral", "time": "Sat Jul 23 16:49:06 +0000 2016"}
{"polarity": 0.5, "location": "Portland, OR", "sentiment": "positive", "time": "Sat Jul 23 16:49:15 +0000 2016"}
{"polarity": 0.12727272727272726, "location": "Seattle, WA", "sentiment": "positive", "time": "Sat Jul 23 16:49:17 +0000 2016"}
{"polarity": -0.31666666666666665, "location": "Phoenix, AZ", "sentiment": "negative", "time": "Sat Jul 23 16:49:21 +0000 2016"}
{"polarity": 0.0, "location": "Atlanta, GA", "sentiment": "neutral", "time": "Sat Jul 23 16:49:22 +0000 2016"}
{"polarity": 0.85, "location": "San Diego, CA", "sentiment": "positive", "time": "Sat Jul 23 16:49:23 +0000 2016"}
{"polarity": 0.0, "location": "Boston, MA", "sentiment": "neutral", "time": "Sat Jul 23 16:49:30 +0000 2016"}
{"polarity": 1.0, "location": "New York, NY", "sentiment": "positive", "time": "Sat Jul 23 16:49:55 +0000 2016"}
{"polarity": 0.8, "location": "New York, NY", "sentiment": "positive", "time": "Sat Jul 23 16:45:05 +0000 2016"}
{"polarity": 0.6000000000000001, "location": "Portland, OR", "sentiment": "positive", "time": "Sat Jul 23 16:45:06 +0000 2016"}
{"polarity": 0.0, "location": "Seattle, WA", "sentiment": "neutral", "time": "Sat Jul 23 16:45:23 +0000 2016"}
{"polarity": 0.35, "location": "Atlanta, GA", "sentiment": "positive", "time": "Sat Jul 23 16:45:24 +0000 2016"}
{"polarity": 0.0, "location": "New York, NY", "sentiment": "neutral", "time": "Sat Jul 23 16:45:28 +0000 2016"}
{"polarity": 0.0, "location": "Boston, MA", "sentiment": "neutral", "time": "Sat Jul 23 16:45:34 +0000 2016"}
{"polarity": 0.10416666666666667, "location": "Atlanta, GA", "sentiment": "positive", "time": "Sat Jul 23 16:45:39 +0000 2016"}
{"polarity": 0.0, "location": "Phoenix, AZ", "sentiment": "neutral", "time": "Sat Jul 23 16:45:48 +0000 2016"}
{"polarity": 0.0, "location": "Orlando, FL", "sentiment": "neutral", "time": "Sat Jul 23 16:45:51 +0000 2016"}
{"polarity": 0.0, "location": "Atlanta, GA", "sentiment": "neutral", "time": "Sat Jul 23 16:45:58 +0000 2016"}
{"polarity": 0.25, "location": "San Diego, CA", "sentiment": "positive", "time": "Sat Jul 23 16:06:15 +0000 2016"}
{"polarity": 0.2, "location": "New York, NY", "sentiment": "positive", "time": "Sat Jul 23 16:06:18 +0000 2016"}
{"polarity": 0.8, "location": "New York, NY", "sentiment": "positive", "time": "Sat Jul 23 16:06:21 +0000 2016"}
{"polarity": 0.65, "location": "Atlanta, GA", "sentiment": "positive", "time": "Sat Jul 23 16:06:24 +0000 2016"}
{"polarity": -0.04285714285714285, "location": "Portland, OR", "sentiment": "negative", "time": "Sat Jul 23 16:06:29 +0000 2016"}
{"polarity": 0.6000000000000001, "location": "Seattle, WA", "sentiment": "positive", "time": "Sat Jul 23 16:06:30 +0000 2016"}
{"polarity": 0.13333333333333336, "location": "New York, NY", "sentiment": "positive", "time": "Sat Jul 23 16:06:34 +0000 2016"}
{"polarity": 0.0, "location": "New York, NY", "sentiment": "neutral", "time": "Sat Jul 23 16:06:35 +0000 2016"}
{"polarity": 0.0, "location": "Phoenix, AZ", "sentiment": "neutral", "time": "Sat Jul 23 16:06:43 +0000 2016"}
{"polarity": 0.0, "location": "Seattle, WA", "sentiment": "neutral", "time": "Sat Jul 23 16:06:48 +0000 2016"}
{"polarity": -0.2638888888888889, "location": "Orlando, FL", "sentiment": "negative", "time": "Sat Jul 23 16:20:00 +0000 2016"}
{"polarity": 0.06818181818181818, "location": "Atlanta, GA", "sentiment": "positive", "time": "Sat Jul 23 16:20:03 +0000 2016"}
{"polarity": -0.4, "location": "San Diego, CA", "sentiment": "negative", "time": "Sat Jul 23 16:20:06 +0000 2016"}
{"polarity": 0.34659090909090906, "location": "Orlando, FL", "sentiment": "positive", "time": "Sat Jul 23 16:20:14 +0000 2016"}
{"polarity": 0.25, "location": "Orlando, FL", "sentiment": "positive", "time": "Sat Jul 23 16:20:20 +0000 2016"}
{"polarity": 0.0, "location": "New York, NY", "sentiment": "neutral", "time": "Sat Jul 23 16:20:22 +0000 2016"}
{"polarity": 0.0, "location": "New York, NY", "sentiment": "neutral", "time": "Sat Jul 23 16:20:24 +0000 2016"}
{"polarity": 0.3, "location": "New York, NY", "sentiment": "positive", "time": "Sat Jul 23 16:20:29 +0000 2016"}
{"polarity": 0.0, "location": "San Diego, CA", "sentiment": "neutral", "time": "Sat Jul 23 16:20:31 +0000 2016"}
{"polarity": 0.0, "location": "New York, NY", "sentiment": "neutral", "time": "Sat Jul 23 16:20:33 +0000 2016"}
{"polarity": 0.7125, "location": "New York, NY", "sentiment": "positive", "time": "Sat Jul 23 16:20:35 +0000 2016"}
{"polarity": 0.0, "location": "Boston, MA", "sentiment": "neutral", "time": "Sat Jul 23 16:13:02 +0000 2016"}
{"polarity": 0.0, "location": "New York, NY", "sentiment": "neutral", "time": "Sat Jul 23 16:13:08 +0000 2016"}
{"polarity": 0.5, "location": "Phoenix, AZ", "sentiment": "positive", "time": "Sat Jul 23 16:13:12 +0000 2016"}
{"polarity": 0.0, "location": "Orlando, FL", "sentiment": "neutral", "time": "Sat Jul 23 16:13:18 +0000 2016"}
{"polarity": 0.0, "location": "Boston, MA", "sentiment": "neutral", "time": "Sat Jul 23 16:13:20 +0000 2016"}
{"polarity": 0.0, "location": "Seattle, WA", "sentiment": "neutral", "time": "Sat Jul 23 16:13:26 +0000 2016"}
{"polarity": 0.0, "location": "New York, NY", "sentiment": "neutral", "time": "Sat Jul 23 16:13:34 +0000 2016"}
{"polarity": 0.2875, "location": "Boston, MA", "sentiment": "positive", "time": "Sat Jul 23 16:13:38 +0000 2016"}
{"polarity": 0.0, "location": "Portland, OR", "sentiment": "neutral", "time": "Sat Jul 23 16:13:42 +0000 2016"}
{"polarity": 0.0, "location": "New York, NY", "sentiment": "neutral", "time": "Sat Jul 23 16:13:49 +0000 2016"}
{"polarity": 0.0, "location": "Boston, MA", "sentiment": "neutral", "time": "Sat Jul 23 16:04:07 +0000 2016"}
{"polarity": 0.5208333333333334, "location": "Portland, OR", "sentiment": "positive", "time": "Sat Jul 23 16:04:10 +0000 2016"}
{"polarity": 0.13636363636363635, "location": "New York, NY", "sentiment": "positive", "time": "Sat Jul 23 16:04:13 +0000 2016"}
{"polarity": 0.23314814814814813, "location": "Boston, MA", "sentiment": "positive", "time": "Sat Jul 23 16:04:33 +0000 2016"}
{"polarity": 0.10714285714285715, "location": "Atlanta, GA", "sentiment": "positive", "time": "Sat Jul 23 16:04:37 +0000 2016"}
{"polarity": -0.2, "location": "Atlanta, GA", "sentiment": "negative", "time": "Sun Jul 24 00:39:00 +0000 2016"}
{"polarity": 0.0, "location": "Boston, MA", "sentiment": "neutral", "time": "Sun Jul 24 00:39:08 +0000 2016"}
{"polarity": 0.20500000000000002, "location": "Atlanta, GA", "sentiment": "positive", "time": "Sun Jul 24 00:39:12 +0000 2016"}
{"polarity": 0.0, "location": "Phoenix, AZ", "sentiment": "neutral", "time": "Sun Jul 24 00:39:24 +0000 2016"}
{"polarity": 0.0, "location": "Atlanta, GA", "sentiment": "neutral", "time": "Sun Jul 24 00:39:30 +0000 2016"}
{"polarity": -0.1, "location": "New York, NY", "sentiment": "negative", "time": "Sun Jul 24 00:39:33 +0000 2016"}
{"polarity": -0.1, "location": "Portland, OR", "sentiment": "negative", "time": "Sun Jul 24 00:39:39 +0000 2016"}
{"polarity": 0.0, "location": "New York, NY", "sentiment": "neutral", "time": "Sun Jul 24 00:39:48 +0000 2016"}
{"polarity": 0.0, "location": "Seattle, WA", "sentiment": "neutral", "time": "Sun Jul 24 00:39:49 +0000 2016"}
{"polarity": 0.09999999999999998, "location": "Portland, OR", "sentiment": "positive", "time": "Sun Jul 24 00:39:53 +0000 2016"}
{"polarity": 0.0, "location": "Portland, OR", "sentiment": "neutral", "time": "Sun Jul 24 00:59:08 +0000 2016"}
{"polarity": 0.0, "location": "Portland, OR", "sentiment": "neutral", "time": "Sun Jul 24 00:59:09 +0000 2016"}
{"polarity": 0.0, "location": "New York, NY", "sentiment": "neutral", "time": "Sun Jul 24 00:59:12 +0000 2016"}
{"polarity": 0.0, "location": "New York, NY", "sentiment": "neutral", "time": "Sun Jul 24 00:59:12 +0000 2016"}
{"polarity": -0.24999999999999992, "location": "New York, NY", "sentiment": "negative", "time": "Sun Jul 24 00:59:19 +0000 2016"}
{"polarity": 0.0, "location": "Boston, MA", "sentiment": "neutral", "time": "Sun Jul 24 00:59:34 +0000 2016"}
{"polarity": 0.0, "location": "Boston, MA", "sentiment": "neutral", "time": "Sun Jul 24 00:59:36 +0000 2016"}
{"polarity": 0.23958333333333334, "location": "Portland, OR", "sentiment": "positive", "time": "Sun Jul 24 00:59:44 +0000 2016"}
{"polarity": 0.016666666666666646, "location": "St. Louis, MO", "sentiment": "positive", "time": "Sun Jul 24 00:59:55 +0000 2016"}
{"polarity": 0.0, "location": "Atlanta, GA", "sentiment": "neutral", "time": "Sun Jul 24 00:59:58 +0000 2016"}
{"polarity": -0.13181818181818183, "location": "New York, NY", "sentiment": "negative", "time": "Sun Jul 24 00:19:10 +0000 2016"}
{"polarity": 0.5, "location": "San Diego, CA", "sentiment": "positive", "time": "Sun Jul 24 00:19:15 +0000 2016"}
{"polarity": 0.0, "location": "Orlando, FL", "sentiment": "neutral", "time": "Sun Jul 24 00:19:09 +0000 2016"}
{"polarity": 0.4166666666666667, "location": "New York, NY", "sentiment": "positive", "time": "Sun Jul 24 00:19:19 +0000 2016"}
{"polarity": 0.0, "location": "Seattle, WA", "sentiment": "neutral", "time": "Sun Jul 24 00:19:38 +0000 2016"}
{"polarity": 0.6, "location": "Seattle, WA", "sentiment": "positive", "time": "Sun Jul 24 00:19:57 +0000 2016"}
{"polarity": 0.0, "location": "Boston, MA", "sentiment": "neutral", "time": "Sun Jul 24 00:37:03 +0000 2016"}
{"polarity": -0.125, "location": "Boston, MA", "sentiment": "negative", "time": "Sun Jul 24 00:37:04 +0000 2016"}
{"polarity": 0.0, "location": "San Diego, CA", "sentiment": "neutral", "time": "Sun Jul 24 00:37:07 +0000 2016"}
{"polarity": 0.3333333333333333, "location": "San Diego, CA", "sentiment": "positive", "time": "Sun Jul 24 00:37:10 +0000 2016"}
{"polarity": 0.0, "location": "San Diego, CA", "sentiment": "neutral", "time": "Sun Jul 24 00:37:29 +0000 2016"}
{"polarity": 0.0, "location": "New York, NY", "sentiment": "neutral", "time": "Sun Jul 24 00:37:41 +0000 2016"}
{"polarity": -0.2, "location": "New York, NY", "sentiment": "negative", "time": "Sun Jul 24 00:31:00 +0000 2016"}
{"polarity": 0.54, "location": "San Diego, CA", "sentiment": "positive", "time": "Sun Jul 24 00:31:24 +0000 2016"}
{"polarity": 0.2, "location": "San Diego, CA", "sentiment": "positive", "time": "Sun Jul 24 00:31:28 +0000 2016"}
{"polarity": 0.8, "location": "Atlanta, GA", "sentiment": "positive", "time": "Sun Jul 24 00:31:39 +0000 2016"}
{"polarity": 0.0, "location": "Orlando, FL", "sentiment": "neutral", "time": "Sun Jul 24 00:31:47 +0000 2016"}
{"polarity": -0.7142857142857143, "location": "Seattle, WA", "sentiment": "negative", "time": "Sun Jul 24 00:31:53 +0000 2016"}
{"polarity": 0.0, "location": "Atlanta, GA", "sentiment": "neutral", "time": "Sun Jul 24 00:31:59 +0000 2016"}
{"polarity": 0.0, "location": "Phoenix, AZ", "sentiment": "neutral", "time": "Sun Jul 24 00:41:03 +0000 2016"}
{"polarity": 0.3, "location": "Atlanta, GA", "sentiment": "positive", "time": "Sun Jul 24 00:41:14 +0000 2016"}
{"polarity": 0.13636363636363635, "location": "Atlanta, GA", "sentiment": "positive", "time": "Sun Jul 24 00:41:21 +0000 2016"}
{"polarity": 0.6, "location": "Atlanta, GA", "sentiment": "positive", "time": "Sun Jul 24 00:41:28 +0000 2016"}
{"polarity": -0.13333333333333333, "location": "New York, NY", "sentiment": "negative", "time": "Sun Jul 24 00:41:36 +0000 2016"}
{"polarity": 0.0, "location": "Phoenix, AZ", "sentiment": "neutral", "time": "Sun Jul 24 00:41:36 +0000 2016"}
{"polarity": 0.0, "location": "San Diego, CA", "sentiment": "neutral", "time": "Sun Jul 24 00:41:39 +0000 2016"}
{"polarity": 0.7, "location": "Orlando, FL", "sentiment": "positive", "time": "Sun Jul 24 00:41:48 +0000 2016"}
{"polarity": 0.0, "location": "Boston, MA", "sentiment": "neutral", "time": "Sun Jul 24 00:27:02 +0000 2016"}
{"polarity": -0.2, "location": "San Diego, CA", "sentiment": "negative", "time": "Sun Jul 24 00:27:06 +0000 2016"}
{"polarity": 0.13636363636363635, "location": "Atlanta, GA", "sentiment": "positive", "time": "Sun Jul 24 00:27:18 +0000 2016"}
{"polarity": 0.07619047619047621, "location": "Portland, OR", "sentiment": "positive", "time": "Sun Jul 24 00:27:24 +0000 2016"}
{"polarity": 0.04545454545454545, "location": "Orlando, FL", "sentiment": "positive", "time": "Sun Jul 24 00:27:33 +0000 2016"}
{"polarity": 0.0, "location": "Portland, OR", "sentiment": "neutral", "time": "Sun Jul 24 00:27:37 +0000 2016"}
{"polarity": 0.0, "location": "Atlanta, GA", "sentiment": "neutral", "time": "Sun Jul 24 00:27:43 +0000 2016"}
{"polarity": 0.0, "location": "Boston, MA", "sentiment": "neutral", "time": "Sun Jul 24 00:27:45 +0000 2016"}
{"polarity": 0.0, "location": "Boston, MA", "sentiment": "neutral", "time": "Sun Jul 24 00:27:50 +0000 2016"}
{"polarity": 0.3, "location": "Boston, MA", "sentiment": "positive", "time": "Sun Jul 24 00:27:55 +0000 2016"}
{"polarity": 0.35, "location": "San Diego, CA", "sentiment": "positive", "time": "Sun Jul 24 00:27:57 +0000 2016"}
{"polarity": -0.18787878787878784, "location": "Orlando, FL", "sentiment": "negative", "time": "Sun Jul 24 00:57:08 +0000 2016"}
{"polarity": 0.0, "location": "Portland, OR", "sentiment": "neutral", "time": "Sun Jul 24 00:57:09 +0000 2016"}
{"polarity": 0.0, "location": "New York, NY", "sentiment": "neutral", "time": "Sun Jul 24 00:57:14 +0000 2016"}
{"polarity": 0.0, "location": "New York, NY", "sentiment": "neutral", "time": "Sun Jul 24 00:57:25 +0000 2016"}
{"polarity": 0.0, "location": "Seattle, WA", "sentiment": "neutral", "time": "Sun Jul 24 00:57:50 +0000 2016"}
{"polarity": 0.0, "location": "New York, NY", "sentiment": "neutral", "time": "Sun Jul 24 00:26:03 +0000 2016"}
{"polarity": 0.0, "location": "St. Louis, MO", "sentiment": "neutral", "time": "Sun Jul 24 00:26:04 +0000 2016"}
{"polarity": 0.35, "location": "Atlanta, GA", "sentiment": "positive", "time": "Sun Jul 24 00:26:05 +0000 2016"}
{"polarity": 0.5, "location": "Orlando, FL", "sentiment": "positive", "time": "Sun Jul 24 00:26:28 +0000 2016"}
{"polarity": 0.0, "location": "Boston, MA", "sentiment": "neutral", "time": "Sun Jul 24 00:26:31 +0000 2016"}
{"polarity": 0.0, "location": "New York, NY", "sentiment": "neutral", "time": "Sun Jul 24 00:26:56 +0000 2016"}
{"polarity": 0.25, "location": "New York, NY", "sentiment": "positive", "time": "Sun Jul 24 00:58:09 +0000 2016"}
{"polarity": 0.48333333333333334, "location": "Atlanta, GA", "sentiment": "positive", "time": "Sun Jul 24 00:58:10 +0000 2016"}
{"polarity": 0.0, "location": "New York, NY", "sentiment": "neutral", "time": "Sun Jul 24 00:58:18 +0000 2016"}
{"polarity": 0.0, "location": "Orlando, FL", "sentiment": "neutral", "time": "Sun Jul 24 00:58:21 +0000 2016"}
{"polarity": 0.8, "location": "Atlanta, GA", "sentiment": "positive", "time": "Sun Jul 24 00:58:24 +0000 2016"}
{"polarity": 0.0, "location": "Phoenix, AZ", "sentiment": "neutral", "time": "Sun Jul 24 00:58:28 +0000 2016"}
{"polarity": 0.0, "location": "Atlanta, GA", "sentiment": "neutral", "time": "Sun Jul 24 00:58:38 +0000 2016"}
{"polarity": 0.0, "location": "New York, NY", "sentiment": "neutral", "time": "Sun Jul 24 00:58:39 +0000 2016"}
{"polarity": 0.0, "location": "New York, NY", "sentiment": "neutral", "time": "Sun Jul 24 00:58:39 +0000 2016"}
{"polarity": 0.35, "location": "Seattle, WA", "sentiment": "positive", "time": "Sun Jul 24 00:58:39 +0000 2016"}
{"polarity": 0.0, "location": "New York, NY", "sentiment": "neutral", "time": "Sun Jul 24 00:58:43 +0000 2016"}
{"polarity": 0.0, "location": "New York, NY", "sentiment": "neutral", "time": "Sun Jul 24 00:58:49 +0000 2016"}
{"polarity": 0.0, "location": "Orlando, FL", "sentiment": "neutral", "time": "Sun Jul 24 00:58:58 +0000 2016"}
{"polarity": 0.45, "location": "Orlando, FL", "sentiment": "positive", "time": "Sun Jul 24 00:42:04 +0000 2016"}
{"polarity": 0.0, "location": "San Diego, CA", "sentiment": "neutral", "time": "Sun Jul 24 00:42:14 +0000 2016"}
{"polarity": -0.1, "location": "San Diego, CA", "sentiment": "negative", "time": "Sun Jul 24 00:42:30 +0000 2016"}
{"polarity": 0.0, "location": "New York, NY", "sentiment": "neutral", "time": "Sun Jul 24 00:42:30 +0000 2016"}
{"polarity": 0.0, "location": "San Diego, CA", "sentiment": "neutral", "time": "Sun Jul 24 00:42:33 +0000 2016"}
{"polarity": 0.3148148148148148, "location": "Seattle, WA", "sentiment": "positive", "time": "Sun Jul 24 00:42:58 +0000 2016"}
{"polarity": 0.0, "location": "Boston, MA", "sentiment": "neutral", "time": "Sun Jul 24 00:50:00 +0000 2016"}
{"polarity": 0.0, "location": "Atlanta, GA", "sentiment": "neutral", "time": "Sun Jul 24 00:50:16 +0000 2016"}
{"polarity": 0.25625, "location": "Atlanta, GA", "sentiment": "positive", "time": "Sun Jul 24 00:50:35 +0000 2016"}
{"polarity": 0.0, "location": "San Diego, CA", "sentiment": "neutral", "time": "Sun Jul 24 00:15:09 +0000 2016"}
{"polarity": 0.5, "location": "Orlando, FL", "sentiment": "positive", "time": "Sun Jul 24 00:15:16 +0000 2016"}
{"polarity": -0.1, "location": "Atlanta, GA", "sentiment": "negative", "time": "Sun Jul 24 00:15:23 +0000 2016"}
{"polarity": 0.0, "location": "Seattle, WA", "sentiment": "neutral", "time": "Sun Jul 24 00:15:34 +0000 2016"}
{"polarity": 0.1, "location": "Boston, MA", "sentiment": "positive", "time": "Sun Jul 24 00:15:39 +0000 2016"}
{"polarity": 0.0, "location": "Orlando, FL", "sentiment": "neutral", "time": "Sun Jul 24 00:15:40 +0000 2016"}
{"polarity": 0.2857142857142857, "location": "Boston, MA", "sentiment": "positive", "time": "Sun Jul 24 00:15:54 +0000 2016"}
{"polarity": 0.0, "location": "Seattle, WA", "sentiment": "neutral", "time": "Sun Jul 24 00:38:02 +0000 2016"}
{"polarity": 0.0, "location": "New York, NY", "sentiment": "neutral", "time": "Sun Jul 24 00:38:15 +0000 2016"}
{"polarity": 0.35, "location": "Boston, MA", "sentiment": "positive", "time": "Sun Jul 24 00:38:18 +0000 2016"}
{"polarity": 0.125, "location": "Portland, OR", "sentiment": "positive", "time": "Sun Jul 24 00:38:22 +0000 2016"}
{"polarity": 0.0, "location": "Boston, MA", "sentiment": "neutral", "time": "Sun Jul 24 00:38:24 +0000 2016"}
{"polarity": 0.0, "location": "Atlanta, GA", "sentiment": "neutral", "time": "Sun Jul 24 00:38:33 +0000 2016"}
{"polarity": 0.5, "location": "Atlanta, GA", "sentiment": "positive", "time": "Sun Jul 24 00:38:59 +0000 2016"}
{"polarity": 0.0, "location": "Atlanta, GA", "sentiment": "neutral", "time": "Sun Jul 24 00:21:03 +0000 2016"}
{"polarity": 0.25, "location": "Seattle, WA", "sentiment": "positive", "time": "Sun Jul 24 00:21:09 +0000 2016"}
{"polarity": 0.4, "location": "Portland, OR", "sentiment": "positive", "time": "Sun Jul 24 00:21:14 +0000 2016"}
{"polarity": 0.0, "location": "Atlanta, GA", "sentiment": "neutral", "time": "Sun Jul 24 00:21:47 +0000 2016"}
{"polarity": -0.325, "location": "Atlanta, GA", "sentiment": "negative", "time": "Sun Jul 24 00:21:51 +0000 2016"}
{"polarity": 1.0, "location": "Seattle, WA", "sentiment": "positive", "time": "Sun Jul 24 00:21:59 +0000 2016"}
{"polarity": 0.0, "location": "Boston, MA", "sentiment": "neutral", "time": "Sun Jul 24 00:17:00 +0000 2016"}
{"polarity": 0.38571428571428573, "location": "New York, NY", "sentiment": "positive", "time": "Sun Jul 24 00:17:04 +0000 2016"}
{"polarity": 0.0, "location": "Orlando, FL", "sentiment": "neutral", "time": "Sun Jul 24 00:17:11 +0000 2016"}
{"polarity": 0.5, "location": "Atlanta, GA", "sentiment": "positive", "time": "Sun Jul 24 00:17:13 +0000 2016"}
{"polarity": -0.09999999999999992, "location": "Orlando, FL", "sentiment": "negative", "time": "Sun Jul 24 00:17:15 +0000 2016"}
{"polarity": 0.0, "location": "Boston, MA", "sentiment": "neutral", "time": "Sun Jul 24 00:17:16 +0000 2016"}
{"polarity": 0.0, "location": "San Diego, CA", "sentiment": "neutral", "time": "Sun Jul 24 00:17:36 +0000 2016"}
{"polarity": 0.0, "location": "Boston, MA", "sentiment": "neutral", "time": "Sun Jul 24 00:17:37 +0000 2016"}
{"polarity": 0.0, "location": "San Diego, CA", "sentiment": "neutral", "time": "Sun Jul 24 00:17:38 +0000 2016"}
{"polarity": 0.5, "location": "New York, NY", "sentiment": "positive", "time": "Sun Jul 24 00:17:48 +0000 2016"}
{"polarity": 0.0, "location": "Seattle, WA", "sentiment": "neutral", "time": "Sun Jul 24 00:17:51 +0000 2016"}
{"polarity": -0.4, "location": "San Diego, CA", "sentiment": "negative", "time": "Sun Jul 24 00:17:52 +0000 2016"}
{"polarity": -0.45, "location": "New York, NY", "sentiment": "negative", "time": "Sun Jul 24 00:17:55 +0000 2016"}
{"polarity": 0.0, "location": "New York, NY", "sentiment": "neutral", "time": "Sun Jul 24 00:12:01 +0000 2016"}
{"polarity": 0.25, "location": "New York, NY", "sentiment": "positive", "time": "Sun Jul 24 00:12:15 +0000 2016"}
{"polarity": 0.15625, "location": "Atlanta, GA", "sentiment": "positive", "time": "Sun Jul 24 00:12:15 +0000 2016"}
{"polarity": 1.0, "location": "New York, NY", "sentiment": "positive", "time": "Sun Jul 24 00:12:21 +0000 2016"}
{"polarity": -0.5, "location": "Boston, MA", "sentiment": "negative", "time": "Sun Jul 24 00:12:24 +0000 2016"}
{"polarity": 0.08333333333333333, "location": "Portland, OR", "sentiment": "positive", "time": "Sun Jul 24 00:12:30 +0000 2016"}
{"polarity": 0.0, "location": "Boston, MA", "sentiment": "neutral", "time": "Sun Jul 24 00:12:32 +0000 2016"}
{"polarity": 0.0, "location": "Atlanta, GA", "sentiment": "neutral", "time": "Sun Jul 24 00:12:42 +0000 2016"}
{"polarity": 0.0, "location": "New York, NY", "sentiment": "neutral", "time": "Sun Jul 24 00:12:47 +0000 2016"}
{"polarity": -0.15555555555555559, "location": "Boston, MA", "sentiment": "negative", "time": "Sun Jul 24 00:29:16 +0000 2016"}
{"polarity": 0.1, "location": "Portland, OR", "sentiment": "positive", "time": "Sun Jul 24 00:29:40 +0000 2016"}
{"polarity": 0.6, "location": "Phoenix, AZ", "sentiment": "positive", "time": "Sun Jul 24 00:29:53 +0000 2016"}
{"polarity": -0.2, "location": "San Diego, CA", "sentiment": "negative", "time": "Sun Jul 24 00:29:58 +0000 2016"}
{"polarity": -0.2583333333333333, "location": "Atlanta, GA", "sentiment": "negative", "time": "Sun Jul 24 00:18:03 +0000 2016"}
{"polarity": 0.03125, "location": "Phoenix, AZ", "sentiment": "positive", "time": "Sun Jul 24 00:18:05 +0000 2016"}
{"polarity": 0.0, "location": "New York, NY", "sentiment": "neutral", "time": "Sun Jul 24 00:18:07 +0000 2016"}
{"polarity": 0.0, "location": "San Diego, CA", "sentiment": "neutral", "time": "Sun Jul 24 00:18:08 +0000 2016"}
{"polarity": 0.05416666666666666, "location": "San Diego, CA", "sentiment": "positive", "time": "Sun Jul 24 00:18:12 +0000 2016"}
{"polarity": 0.15625, "location": "Atlanta, GA", "sentiment": "positive", "time": "Sun Jul 24 00:18:52 +0000 2016"}
{"polarity": 0.0, "location": "Atlanta, GA", "sentiment": "neutral", "time": "Sun Jul 24 00:18:55 +0000 2016"}
{"polarity": 0.0, "location": "New York, NY", "sentiment": "neutral", "time": "Sun Jul 24 00:46:00 +0000 2016"}
{"polarity": 0.31212121212121213, "location": "Orlando, FL", "sentiment": "positive", "time": "Sun Jul 24 00:46:08 +0000 2016"}
{"polarity": 0.0, "location": "New York, NY", "sentiment": "neutral", "time": "Sun Jul 24 00:46:09 +0000 2016"}
{"polarity": 0.0, "location": "San Diego, CA", "sentiment": "neutral", "time": "Sun Jul 24 00:46:12 +0000 2016"}
{"polarity": 0.3352272727272727, "location": "New York, NY", "sentiment": "positive", "time": "Sun Jul 24 00:46:31 +0000 2016"}
{"polarity": 0.0, "location": "Atlanta, GA", "sentiment": "neutral", "time": "Sun Jul 24 00:46:31 +0000 2016"}
{"polarity": 0.0, "location": "Phoenix, AZ", "sentiment": "neutral", "time": "Sun Jul 24 00:46:34 +0000 2016"}
{"polarity": 0.0, "location": "New York, NY", "sentiment": "neutral", "time": "Sun Jul 24 00:46:35 +0000 2016"}
{"polarity": 0.0, "location": "Seattle, WA", "sentiment": "neutral", "time": "Sun Jul 24 00:00:00 +0000 2016"}
{"polarity": 0.0, "location": "Atlanta, GA", "sentiment": "neutral", "time": "Sun Jul 24 00:00:00 +0000 2016"}
{"polarity": 0.0, "location": "Phoenix, AZ", "sentiment": "neutral", "time": "Sun Jul 24 00:00:03 +0000 2016"}
{"polarity": 0.0, "location": "Boston, MA", "sentiment": "neutral", "time": "Sun Jul 24 00:00:04 +0000 2016"}
{"polarity": 0.0, "location": "Boston, MA", "sentiment": "neutral", "time": "Sun Jul 24 00:00:06 +0000 2016"}
{"polarity": -0.1875, "location": "Phoenix, AZ", "sentiment": "negative", "time": "Sun Jul 24 00:00:12 +0000 2016"}
{"polarity": 0.0, "location": "New York, NY", "sentiment": "neutral", "time": "Sun Jul 24 00:00:14 +0000 2016"}
{"polarity": -0.6999999999999998, "location": "Portland, OR", "sentiment": "negative", "time": "Sun Jul 24 00:00:26 +0000 2016"}
{"polarity": 0.0, "location": "New York, NY", "sentiment": "neutral", "time": "Sun Jul 24 00:00:32 +0000 2016"}
{"polarity": 0.3125, "location": "Orlando, FL", "sentiment": "positive", "time": "Sun Jul 24 00:00:37 +0000 2016"}
{"polarity": 0.6, "location": "Phoenix, AZ", "sentiment": "positive", "time": "Sun Jul 24 00:00:37 +0000 2016"}
{"polarity": 0.0, "location": "Orlando, FL", "sentiment": "neutral", "time": "Sun Jul 24 00:00:42 +0000 2016"}
{"polarity": 0.5, "location": "Orlando, FL", "sentiment": "positive", "time": "Sun Jul 24 00:00:47 +0000 2016"}
{"polarity": 0.5, "location": "Boston, MA", "sentiment": "positive", "time": "Sun Jul 24 00:00:47 +0000 2016"}
{"polarity": 0.2857142857142857, "location": "Orlando, FL", "sentiment": "positive", "time": "Sun Jul 24 00:00:58 +0000 2016"}
{"polarity": 0.0, "location": "Atlanta, GA", "sentiment": "neutral", "time": "Sun Jul 24 00:34:07 +0000 2016"}
