midwest,actual,pred
0,0,0.104246563
1,0.5,0.118380302
2,0.2,0.109994572
3,0,0.118159452
4,0.1125,0.115149403
5,0,0.117078848
6,-0.8,0.108591829
7,0,0.119100386
8,0.025,0.110868448
9,0,0.106725155
10,0,0.117311037
11,0,0.118460059
12,0.5,0.106374438
13,0,0.113911979
14,0,0.116364278
15,0.2,0.113372547
16,-0.09,0.115517408
17,0,0.107832986
18,0,0.105961491
19,1,0.117002477
20,0,0.113409503
21,0,0.105688247
22,0.136363636,0.108116543
23,-0.1,0.108860748
24,0,0.119197062
25,0,0.120844811
26,0.6,0.109151335
27,0.25,0.100763299
28,-1,0.110584135
29,0,0.114341276
30,1,0.111740201
31,0,0.115102037
32,0.46,0.113708672
33,0,0.11026566
34,-0.1,0.113750132
35,0,0.116273784
36,0,0.110495036
37,0.0625,0.114846547
38,0,0.112829255
39,0,0.113665769
40,0,0.115546915
41,0.5,0.115559789
42,0.7,0.114897135
43,0,0.110693635
44,0.1,0.109485286
45,0.125,0.112357559
46,0,0.107049031
47,0,0.111964908
48,0.8,0.115803526
49,0.045454545,0.108007412
50,-0.2,0.110544741
51,0,0.114082696
52,0.05,0.106682775
53,0.05,0.112277489
54,0,0.107142375
55,0,0.113911979
56,0,0.109041
57,-0.05,0.103987135
58,1,0.110967975
59,0,0.108136365
60,0,0.11255559
61,0,0.115477383
62,0.05,0.110787765
63,0.285714286,0.107923871
64,-0.05,0.118304182
65,0,0.102232874
66,0.85,0.109754131
67,0,0.113703994
68,0,0.107600564
69,0.5,0.110985194
70,0,0.101584311
71,0.5,0.109304799
72,0.05,0.107600564
73,-0.5,0.105435162
74,1,0.109612653
75,-0.75,0.112385913
76,0,0.111234092
77,0,0.109364523
78,0.309090909,0.111810318
79,0.328571429,0.113951371
80,0.8,0.114249883
81,0.111111111,0.108639342
82,1,0.102839594
83,0,0.114142696
84,0.4,0.113282264
85,0,0.116538874
86,0.5,0.099532085
87,-0.2,0.099172212
88,-0.435,0.109731247
89,0,0.102573261
90,0.25,0.108222562
91,-0.083333333,0.115726374
92,0.116666667,0.114301968
93,0,0.108875996
94,-0.65,0.115054556
95,0,0.109886013
96,0.6,0.111595329
97,0.333333333,0.115686449
98,0.208333333,0.106342551
99,-0.3,0.102573261
100,0.05,0.111680698
101,0.4,0.11837405
102,0.068181818,0.106682775
103,0,0.114422934
104,0.625,0.11043874
105,0,0.106703581
106,0,0.113187698
107,0,0.117211452
108,-0.05,0.112277489
109,0.380555556,0.111535306
110,0,0.109696374
111,-0.366832386,0.105984393
112,0,0.109586733
113,0.25,0.11504649
114,0.8,0.104596841
115,0.375,0.112444438
116,0,0.108301626
117,0,0.104238929
118,0.25,0.098763448
119,0.5,0.102880768
120,0,0.119356459
121,0.3,0.101799066
122,0.285714286,0.101667139
123,0,0.117728863
124,0.4,0.114111902
125,-0.15,0.11277427
126,-0.1875,0.115167901
127,0.305555556,0.106093336
128,0,0.112497566
129,0.4,0.104346014
130,0,0.117246875
131,-0.2,0.106611699
132,0,0.110231536
133,0.375,0.103317992
134,0,0.11098677
135,0.25,0.103733277
136,0,0.109755175
137,0,0.105954785
138,-0.125,0.103759538
139,0,0.101968413
140,0,0.103107455
141,0.2,0.114666202
142,0.65,0.107928164
143,0,0.111915534
144,0,0.115860521
145,0,0.116237696
146,0,0.102084424
147,0,0.112871451
148,-0.15,0.110483205
149,0.475,0.109057651
150,0,0.110080977
151,0,0.113198655
152,0,0.11023308
153,0.3,0.112479263
154,0.35,0.117877261
155,0.136363636,0.112092996
156,0.3,0.107896112
157,0.136363636,0.106883439
158,0.45,0.113542493
159,0.5,0.1051258
160,0,0.113702684
161,-0.75,0.106472913
162,0,0.107928164
163,0.1,0.107182493
164,-0.3,0.108299149
165,0,0.127802496
166,0.5,0.114165298
167,0.5,0.118924095
168,0,0.104886112
169,0.25,0.111685465
170,0.466666667,0.110760149
171,0,0.115045703
172,0,0.104590754
173,0,0.113999882
174,0.6,0.104036329
175,0,0.106560109
176,0,0.109472468
177,0,0.113153311
178,0.5,0.104002811
179,-0.44375,0.111892954
180,0,0.113294567
181,0.208333333,0.10076016
182,-0.054166667,0.116141807
183,0,0.108182544
184,0.170454545,0.110010241
185,-0.5,0.113318872
186,0.268181818,0.108066525
187,0,0.106468254
188,0,0.103557556
189,-0.166666667,0.107024038
190,-0.125,0.102976011
191,0,0.115614825
192,0,0.104250796
193,0,0.112310833
194,0,0.111234344
195,0.625,0.112848618
196,0,0.118459776
197,0.05,0.109650897
198,0.461904762,0.103642801
199,-0.5,0.112755297
200,0,0.109627572
201,0,0.105478443
202,0,0.110846437
203,0,0.11555192
204,0.175,0.111801122
205,-0.4,0.110984178
206,-0.5,0.101875947
207,-1,0.115546915
208,0.8,0.104723645
209,-0.2,0.112945188
210,0,0.10943286
211,0,0.103107455
212,0,0.101965042
213,0,0.107282533
214,0,0.115070687
215,-0.125,0.11329588
216,0,0.104832151
217,0,0.117986791
218,0,0.114547066
219,-0.3125,0.10443579
220,0.5,0.107644067
221,0.40625,0.117098633
222,0.6,0.09568682
223,1,0.108703417
224,0,0.099821174
225,0,0.112404102
226,0.418181818,0.103298574
227,0.4,0.108659684
228,0.35,0.106175644
229,1,0.108174889
230,0,0.134588355
231,-0.4875,0.116061433
232,0.8,0.114328818
233,-0.375,0.111381797
234,0.25,0.105365515
235,0.78125,0.113312235
236,0,0.114161966
237,-0.388888889,0.104858824
238,0.5,0.111880802
239,-0.25,0.118881991
240,0,0.115809936
241,0.441666667,0.11180113
242,0.35,0.110794976
243,0,0.109477353
244,0,0.108887096
245,0.1,0.110659704
246,0,0.113228026
247,0,0.114790192
248,0.6,0.10705736
249,-0.7,0.109057651
250,0.016666667,0.106394545
251,-0.714285714,0.117005405
252,0,0.102999083
253,0,0.109081164
254,0.136363636,0.110760282
255,0.4,0.114219521
256,0.875,0.119971567
257,0,0.109634738
258,0,0.113151229
259,0,0.11121449
260,0,0.111740201
261,0,0.109045164
262,-0.383333333,0.118816296
263,0,0.114729718
264,-0.25,0.104141747
265,0,0.112390489
266,0.5,0.112209027
267,-0.066666667,0.108231074
268,1,0.108932132
269,-0.05,0.120332543
270,0.15,0.108805825
271,0,0.106560109
272,0,0.113451497
273,-0.4,0.109875859
274,0.5,0.112086954
275,0,0.111584032
276,0.214285714,0.108003231
277,0,0.110807504
278,0.5,0.10803086
279,0,0.123617527
280,-0.46875,0.107300342
281,0,0.108850755
282,0.2,0.109045164
283,0.6,0.102098704
284,0.475,0.112918854
285,-0.125,0.113220889
286,0,0.105687903
287,0,0.106263555
288,0.45,0.10520037
289,0,0.114257677
290,0,0.106175644
291,0,0.107644067
292,0,0.113488815
293,0,0.115722421
294,1,0.106229591
295,0.3,0.111333479
296,0.5,0.112246314
297,0.037037037,0.109701651
298,0.107142857,0.117129127
299,0,0.115615666
300,0,0.115822879
301,0.25,0.105911823
302,-0.066666667,0.113634241
303,-0.4,0.120135151
304,0,0.11544845
305,0.525,0.11364636
306,0,0.109648125
307,0.020833333,0.109045164
308,0.136363636,0.119227749
309,0.178571429,0.115533008
310,0,0.104108227
311,0.420833333,0.112154216
312,0,0.109081164
313,0.3875,0.110666956
314,0,0.119231518
315,0.447916667,0.107654589
316,0,0.104917139
317,-0.5,0.109617673
318,-1,0.105646021
319,-0.625,0.115365132
320,0.4,0.112884683
321,0.2,0.10898863
322,0,0.115724655
323,0,0.110581214
324,0,0.113357151
325,0,0.110114137
326,0.05,0.107984225
327,0,0.111691242
328,-1,0.114776069
329,0,0.111381797
330,0,0.108488005
331,-0.4,0.119227319
332,0,0.103715182
333,0.5,0.11798516
334,0,0.105523493
335,0.136363636,0.111399155
336,0.35,0.108473045
337,0.3,0.111381512
338,0,0.109984438
339,0,0.120614753
340,0.266666667,0.114244983
341,0,0.114340565
342,0,0.10138964
343,0,0.111261916
344,0.2,0.111960299
345,0,0.107654589
346,0,0.111685741
347,0.375,0.109624428
348,0,0.116970916
349,0,0.106175644
350,0,0.113567493
351,-0.3,0.116964224
352,0.8,0.112022748
353,0.3125,0.106258013
354,-0.4,0.115652245
355,0.5,0.113080654
356,0,0.119227319
357,-0.077777778,0.121210342
358,0,0.106514205
359,0,0.106682775
360,0,0.103744891
361,0,0.103237346
362,0.5,0.107182493
363,0,0.114854296
364,0,0.111497697
365,0.5,0.10656442
366,0,0.101555319
367,0.7,0.114824133
368,0.03968254,0.097860453
369,0.5,0.107600564
370,0,0.106626737
371,-0.7,0.113600916
372,0.370833333,0.110565992
373,0,0.112218632
374,-0.1,0.116617791
375,-0.125,0.119386577
376,0.136363636,0.112747148
377,0,0.108608437
378,0.170454545,0.115236417
379,1,0.121898021
380,0,0.111392069
381,0,0.116359522
382,0,0.11629373
383,0,0.106894516
384,0,0.105948439
385,0.4,0.116336773
386,0,0.114032168
387,-0.2,0.111304103
388,-0.208333333,0.116442203
389,0.2,0.116182517
390,0,0.107214118
391,0,0.115149403
392,0,0.111621347
393,0.8,0.109550378
394,0,0.109375649
395,0,0.108628141
396,0.1,0.109556019
397,0,0.104326683
398,-0.083333333,0.117728403
399,0.1,0.108313267
400,0.066666667,0.109448353
401,0,0.114048225
402,-0.15,0.105812711
403,0,0.103135454
404,-0.15,0.105435162
405,0,0.110890415
406,0,0.113189877
407,0,0.109853381
408,0,0.11681014
409,0.002222222,0.111542498
410,0,0.113318228
411,0,0.119010752
412,0,0.108775533
413,0.325,0.099821174
414,0,0.106871885
415,0,0.117253351
416,0,0.115366681
417,0.8,0.115432995
418,0,0.105379139
419,0,0.099876956
420,0,0.110668615
421,0.5,0.105946748
422,0,0.107365674
423,0,0.110726679
424,-0.155555556,0.112277489
425,0,0.114897135
426,0,0.11527466
427,0.65,0.124365197
428,0.25,0.111938936
429,-0.4,0.112871451
430,-0.4625,0.111801122
431,0,0.112607592
432,-0.5,0.101210908
433,0.488888889,0.110375154
434,0,0.108591829
435,0.18,0.10610364
436,0.077777778,0.107724467
437,0,0.104697012
438,0.25,0.111542498
439,-0.1,0.10610364
440,0,0.107510608
441,0.05,0.116884352
442,0,0.109556019
443,1,0.112493898
444,0,0.115999907
445,0.333333333,0.116450815
446,0.125,0.114207112
447,0,0.105742715
448,0.172222222,0.104583625
449,0,0.120604945
450,0,0.113520588
451,-0.1,0.104346014
452,0.333333333,0.126279163
453,0.142857143,0.114574656
454,0,0.114169931
455,0.083333333,0.116379463
456,0,0.111257169
457,0.5,0.115767883
458,0,0.109754131
459,0.4,0.106555555
460,0,0.109556019
461,0.3875,0.111236886
462,0,0.1117486
463,0.136363636,0.115864716
464,0,0.115332344
465,0,0.101635298
466,0,0.118645475
467,0,0.111520898
468,-0.3,0.107604765
469,0,0.115854331
470,0.075,0.10733519
471,0,0.119662696
472,-0.75,0.10733519
473,0,0.097092562
474,-0.1,0.114663688
475,0.168181818,0.111347865
476,0.05,0.111486193
477,0.458333333,0.110494805
478,-0.05,0.104949154
479,0,0.108790406
480,0,0.105793657
481,-0.3,0.114557054
482,0,0.114888044
483,0.2,0.110584135
484,0.033333333,0.109398038
485,0.2,0.106257406
486,0,0.110807504
487,0,0.113642307
488,-0.0625,0.110895311
489,0,0.11544845
490,0,0.116229332
491,0,0.108174889
492,0,0.107142375
493,0.625,0.108456759
494,0.2,0.117847222
495,-0.291666667,0.110794425
496,0.8,0.114855165
497,0.5,0.111795597
498,-0.1,0.118817993
499,0,0.111205243
500,0,0.110951322
501,-0.177083333,0.11904535
502,-0.25,0.109223161
503,1,0.107200836
504,0,0.113368687
505,0.44,0.111810318
506,0.137037037,0.110024245
507,0,0.115603101
508,0,0.111540752
509,0,0.109399778
510,0,0.109745602
511,0.016666667,0.11167795
512,0,0.102211281
513,0.175,0.101750293
514,0,0.112299779
515,0,0.112140289
516,0,0.10863447
517,0.15,0.114504967
518,0,0.102976011
519,-0.208333333,0.104697012
520,-0.3,0.116397525
521,0,0.113654606
522,0,0.116049014
523,0.25,0.116855847
524,0,0.0996642
525,0,0.115068082
526,0.25,0.114261906
527,0,0.11316811
528,-0.2,0.105934091
529,0,0.122100844
530,0.5,0.102490872
531,-0.194444444,0.108314018
532,-0.2,0.113764112
533,0,0.104146104
534,-0.1,0.115399643
535,0,0.11318068
536,0,0.111693862
537,0,0.110755943
538,-0.159722222,0.105512169
539,0.591666667,0.109118321
540,-1,0.114946
541,0,0.115924022
542,0,0.110657511
543,0,0.099038874
544,0,0.108456759
545,-0.8,0.118713366
546,1,0.120490494
547,0,0.106729237
548,0.146666667,0.106467602
549,0,0.099691394
550,0.014814815,0.106791984
551,-0.125,0.115166872
552,0.3125,0.123617527
553,-0.1,0.113621947
554,0,0.107929763
555,0.25,0.107794518
556,0.35,0.107394757
557,0.033333333,0.10993898
558,-0.01,0.120913784
559,0.7,0.115722726
560,0,0.11904535
561,0.516666667,0.103040654
562,-0.155555556,0.113685927
563,0,0.107489177
564,0,0.104463781
565,1,0.10733519
566,0.01875,0.122628997
567,0,0.106894516
568,-0.1,0.107510608
569,0,0.114854296
570,-0.25,0.102627441
571,0,0.105472762
572,-0.233333333,0.117847222
573,0.136363636,0.109862302
574,0.5,0.113289696
575,-0.080654762,0.113463069
576,0.8,0.110473145
577,0,0.110625445
578,0,0.112972272
579,0.108333333,0.111880802
580,0,0.112972272
581,0,0.112697503
582,0,0.104669458
583,0.25,0.116359522
584,0.106534091,0.113260011
585,0,0.101195687
586,0,0.122809715
587,0,0.119231518
588,0,0.09870507
589,0.85,0.102469041
590,0,0.105786055
591,0.078787879,0.119076792
592,0.04375,0.11186532
593,-0.1,0.108973881
594,1,0.119956252
595,0.266666667,0.119121979
596,0,0.101968413
597,0,0.117078848
598,0.014814815,0.110813277
599,0,0.107383635
600,0,0.112154514
601,0.045833333,0.113131797
602,0,0.115906406
603,0.225,0.117253351
604,-0.3,0.113708672
605,0.5,0.102083624
606,0,0.103558626
607,0,0.11539131
608,0,0.115373065
609,-0.230769231,0.113241705
610,0.5,0.102875042
611,0.2,0.111236886
612,0.136363636,0.110483205
613,0.3,0.108336316
614,-0.325,0.116471939
615,0,0.116845033
616,0.5,0.114242993
617,0,0.117544211
618,0,0.107873977
619,0.5,0.102518815
620,0,0.115572314
621,0.166666667,0.112175172
622,0,0.119713333
623,0.3,0.112120389
624,0,0.119718602
625,0.8,0.107652411
626,1,0.107893681
627,-0.75,0.108629046
628,0.4375,0.108174889
629,-0.1,0.110699186
630,0,0.117032364
631,0.2,0.105967018
632,0,0.113488815
633,0.4,0.112689543
634,0,0.105090812
635,0,0.103744891
636,0.5,0.114846547
637,0,0.112677078
638,0,0.110550693
639,-0.7,0.114790192
640,0,0.103862828
641,0,0.111545578
642,0.195833333,0.104990968
643,0.35,0.109744762
644,-0.125,0.101380218
645,-0.7,0.111040837
646,0,0.106829855
647,0,0.113770244
648,0.625,0.111788653
649,0,0.114352988
650,-0.8,0.113979884
651,0,0.111569378
652,0.033333333,0.122100844
653,0.5,0.108668379
654,-0.1,0.114190875
655,-0.15,0.108860748
656,0.433333333,0.111116937
657,0,0.10580721
658,0.6,0.105425985
659,0.166666667,0.114824133
660,0.333333333,0.107841713
661,0.25,0.112733007
662,0,0.105305194
663,0,0.107300342
664,0,0.105478443
665,0.5,0.119096554
666,0.2,0.115572314
667,0.4375,0.101380218
668,-0.15625,0.117070625
669,0,0.117007008
670,0.25,0.105119853
671,0.3,0.113102747
672,0.8,0.104620825
673,0,0.114422934
674,0,0.103396196
675,0.25,0.104447507
676,0.208928571,0.116717331
677,0,0.112125729
678,0,0.11764743
679,0,0.109431762
680,0,0.101212667
681,0,0.112597242
682,0.225,0.113888719
683,0,0.111148925
684,-0.033333333,0.105008263
685,0.25,0.106177782
686,0,0.109045164
687,0,0.100584632
688,0.433333333,0.112959348
689,0,0.115767883
690,0.5,0.112492919
691,0.3,0.119493776
692,-0.29375,0.113404406
693,0.3,0.111743622
694,0,0.106729237
695,-0.125,0.118881991
696,0.325,0.112637277
697,-0.7,0.115603101
698,0.5,0.101584311
699,-0.2,0.113754315
700,1,0.105762495
701,0,0.103986818
702,0,0.112959348
703,0.25,0.116417357
704,0.52,0.115360928
705,0,0.117417734
706,0.25,0.114354877
707,0,0.111785202
708,0,0.108540221
709,-0.2,0.106553399
710,-0.04375,0.107600564
711,0,0.103114564
712,0,0.110654299
713,0,0.114624628
714,0.018181818,0.112120389
715,0,0.106610995
716,0,0.109725732
717,0,0.109095388
718,0.05,0.114025049
719,0,0.110863677
720,0,0.108349309
721,-0.6,0.120844811
722,0.45,0.111977712
723,0,0.108838535
724,0.178571429,0.112884683
725,0.125,0.114894258
726,0.25,0.113708672
727,0.242857143,0.107604765
728,0,0.114507564
729,0.2,0.110029847
730,0.625,0.10509246
731,0.070833333,0.107923871
732,0,0.114261906
733,0.1,0.108925039
734,0,0.113560353
735,0.136363636,0.110167224
736,0.033333333,0.107622813
737,0.136363636,0.109408764
738,0,0.108286612
739,0.4,0.115713845
740,0.5,0.105013939
741,0.312121212,0.114898541
742,0.2,0.107910865
743,0,0.115332344
744,0.640625,0.110020779
745,0,0.108973849
746,0,0.110747916
747,0,0.101157324
748,0.375,0.117246755
749,0.15,0.111457502
750,0,0.109120014
751,-0.195833333,0.116253171
752,0,0.112057683
753,0,0.112723549
754,0,0.109185377
755,0.5,0.108781269
756,0.5,0.10118159
757,0.625,0.109132547
758,0,0.103151209
759,-0.066666667,0.100030111
760,-0.505175781,0.111422172
761,0,0.113499575
762,0,0.110947492
763,0,0.112829255
764,0,0.114676838
765,0.2,0.114165298
766,-0.275,0.111557781
767,0.375,0.104592103
768,0,0.102345129
769,-0.5,0.107556236
770,0.6,0.111189709
771,0.28125,0.11587412
772,0.2,0.112069582
773,-0.75,0.113713562
774,0.75,0.105635412
775,0,0.116485818
776,0,0.110947492
777,0,0.110166319
778,-0.7,0.109637522
779,0.285714286,0.108488005
780,0,0.110247778
781,0,0.11295443
782,-0.2,0.10694975
783,0,0.113160154
784,0,0.111896948
785,1,0.114352988
786,0,0.116061433
787,-0.031818182,0.109091381
788,0,0.110612751
789,-0.133333333,0.107294345
790,0,0.116945689
791,0,0.112477123
792,-0.066666667,0.103366644
793,0,0.11893565
794,0,0.109839248
795,0,0.117674088
796,0,0.117417734
797,0.45,0.113442383
798,0.6,0.113872343
799,0,0.114205292
800,0.377083333,0.104864222
801,0.375,0.109646737
802,0,0.110494805
803,0,0.112417991
804,0,0.102794659
805,-0.4,0.109659
806,0,0.109538493
807,0.416148793,0.115803526
808,0.25,0.114720623
809,0.366666667,0.111482412
810,0.125,0.111227433
811,-0.166666667,0.104357698
812,0,0.107254228
813,0,0.104131098
814,0.5,0.105407752
815,0,0.101635298
816,0,0.103987135
817,0.243181818,0.117847222
818,0.8,0.10904414
819,-0.2125,0.108113439
820,0.142857143,0.108554596
821,0.136363636,0.115919606
822,0,0.106894516
823,0,0.119108347
824,0.1875,0.110689596
825,0.2,0.115960767
826,0.25,0.101376491
827,0,0.114697392
828,-0.1875,0.112487895
829,-0.008333333,0.109550378
830,0,0.104024964
831,0.3625,0.114930419
832,-0.24,0.10873543
833,0,0.127151585
834,0.8,0.107841713
835,0.5,0.114846547
836,0.25,0.110166319
837,0.45,0.111691242
838,-0.063333333,0.109617673
839,0.25,0.108048306
840,-0.034090909,0.109702348
841,1,0.107394757
842,0,0.106129345
843,0.433333333,0.111724342
844,0,0.110263468
845,-0.7,0.109617673
846,0,0.115651606
847,0.045454545,0.117544211
848,0.3,0.102886533
849,0.8,0.104576878
850,0,0.110788225
851,0,0.107588771
852,0.5,0.113080654
853,-0.8,0.113131797
854,0.25,0.10705736
855,0,0.117654752
856,0,0.112703234
857,0,0.099105894
858,1,0.101898159
859,0,0.117178911
860,-0.083333333,0.108647725
861,0.125,0.112154514
862,0.26547619,0.111978755
863,0.5,0.11364568
864,0,0.106540867
865,0.2,0.120991667
866,0,0.117007008
867,0,0.11176175
868,0,0.104463781
869,0.3,0.112581465
870,1,0.111646395
871,-0.07,0.110908326
872,0,0.107650236
873,0,0.110898937
874,0.75,0.108904569
875,0,0.113944215
876,0,0.114860138
877,0.25,0.106630883
878,0.5,0.108174889
879,0,0.127802496
880,0,0.112150029
881,0.6,0.10077443
882,0.166666667,0.117803817
883,-0.161111111,0.103698857
884,0.2625,0.109044536
885,0.266666667,0.108932132
886,-0.186772487,0.115981205
887,0.7,0.114161966
888,-1,0.115111408
889,0,0.1117486
890,0,0.105993167
891,-0.166666667,0.112444438
892,0,0.113903049
893,0.032142857,0.105090812
894,0,0.117417734
895,0.8,0.122628997
896,0,0.110357101
897,-0.7,0.106564499
898,0,0.119969476
899,0.170454545,0.109956619
900,0,0.103558626
901,0,0.12150963
902,0,0.103268964
903,0.3,0.112015767
904,0.8,0.102089903
905,0,0.110495036
906,0.35,0.109325498
907,0.136363636,0.111386898
908,-1,0.109875859
909,0,0.108984171
910,0,0.113510214
911,0,0.111349069
912,1,0.113353676
913,0.5,0.117464971
914,0,0.117353423
915,0.5,0.110269314
916,0.5,0.109038766
917,0.09375,0.112512952
918,0.08,0.115358331
919,0,0.108647725
920,0,0.11107719
921,0.166666667,0.110319584
922,0,0.114574656
923,1,0.10905792
924,-0.4,0.107254228
925,0.625,0.107354417
926,0,0.124322257
927,0,0.123345485
928,0,0.112629611
929,0.321875,0.109637522
930,0.375,0.105961051
931,0,0.111211857
932,0,0.109443118
933,1,0.104442916
934,0.541666667,0.107644067
935,-0.05,0.108811739
936,0,0.107765945
937,-0.7,0.113657023
938,0,0.10882949
939,0,0.114006058
940,0.9,0.116546894
941,0,0.113801515
942,0,0.115754143
943,0,0.112928932
944,0,0.115273355
945,0,0.112079305
946,0,0.112467181
947,0.016666667,0.117184122
948,1,0.11554652
949,0.28125,0.107923871
950,0.6,0.111492793
951,0,0.111523774
952,0.125,0.12097474
953,0.133333333,0.115477383
954,0.25,0.111668033
955,0,0.108066525
956,0,0.110374695
957,1,0.116331027
958,0.5,0.110625445
959,0,0.114137843
960,0,0.118459776
961,0,0.110272467
962,0.193181818,0.111382537
963,-0.25,0.1051258
964,0,0.119656487
965,0,0.104917139
966,0.5125,0.102204309
967,0,0.107310688
968,0,0.113213402
969,0,0.114995401
970,0.318181818,0.11071492
971,0.2,0.114701798
972,0,0.111728368
973,0.095833333,0.102093947
974,0.25,0.107881455
975,0.375,0.118233167
976,1,0.112396459
977,0,0.111449569
978,0.525,0.109291535
979,0,0.111540752
980,-0.3,0.107873296
981,-0.4,0.10257131
982,0,0.108231074
983,0,0.112677078
984,0.175,0.108979497
985,0,0.111126036
986,0,0.107489177
987,0.201262626,0.106374438
988,0.4375,0.108468624
989,-0.7,0.109757583
990,0.5,0.107148796
991,0,0.102232874
992,0.5,0.110432779
993,0,0.113945488
994,-0.033333333,0.112023845
995,0,0.106290709
996,0,0.110268441
997,0.5,0.112322436
998,0,0.105379139
999,0,0.1002706
1000,0.3,0.118233167
1001,0.166666667,0.113642307
1002,0,0.11025038
1003,0,0.115270427
1004,-0.658333333,0.112829255
1005,0.166666667,0.10982096
1006,0.311111111,0.106765204
1007,0,0.109057651
1008,-0.083333333,0.115638315
1009,-0.125,0.104851059
1010,-0.170833333,0.111691242
1011,-0.166193182,0.113651108
1012,0,0.112937344
1013,0.25,0.112022748
1014,0.8,0.105946748
1015,-0.083333333,0.107098664
1016,0.25,0.108585141
1017,-0.277777778,0.107873977
1018,0,0.113692831
1019,0.05,0.104630949
1020,0.136363636,0.107489177
1021,-0.15,0.113453045
1022,0,0.102089149
1023,0.166666667,0.106484568
1024,0.166666667,0.1092491
1025,0.5,0.111430229
1026,0.136363636,0.104447507
1027,0.068181818,0.109745602
1028,0,0.102573261
1029,0.3,0.110776703
1030,0,0.110589496
1031,0.483333333,0.110103855
1032,0.285714286,0.104024964
1033,-0.1,0.104250796
1034,0.158333333,0.118159452
1035,0,0.112079305
1036,0,0.11184955
1037,0,0.106263555
1038,0.45,0.111333479
1039,-0.4,0.116912575
1040,0.207272727,0.102989305
1041,0.35,0.105234105
1042,0.241071429,0.10905792
1043,0.375,0.114469146
1044,0,0.110183756
1045,0.05,0.119108347
1046,0,0.110630772
1047,0.25,0.114093785
1048,0.1,0.114824133
1049,0.25,0.108182544
1050,1,0.103220345
1051,0.5,0.111504126
1052,0.25,0.106553399
1053,0,0.111916017
1054,0.2125,0.111712982
1055,0,0.117829941
1056,0.5,0.109518842
1057,1,0.108992862
1058,0.136363636,0.113567493
1059,0,0.111795597
1060,0,0.114242993
1061,0.053333333,0.109185377
1062,0,0.105909351
1063,0.6,0.112707858
1064,0.166666667,0.10978041
1065,0,0.119076792
1066,0.3125,0.112487895
1067,0,0.105954785
1068,0,0.108066525
1069,0.136363636,0.11299402
1070,0.5,0.114697392
1071,0.2,0.109132818
1072,0,0.110495036
1073,0,0.095938821
1074,-0.230769231,0.108488005
1075,0,0.109862302
1076,0,0.109894155
1077,-0.25,0.102719611
1078,0,0.114897135
1079,0,0.114645028
1080,0,0.104151661
1081,0.5,0.115438952
1082,-0.1875,0.115713845
1083,-0.15,0.108048306
1084,-0.1875,0.106560109
1085,0,0.112689543
1086,0.1,0.101530993
1087,0,0.106342551
1088,0.244444444,0.10605086
1089,0,0.118733795
1090,0.2,0.112733003
1091,0,0.103725179
1092,0.3,0.106258013
1093,0.158333333,0.101194578
1094,0,0.118535526
1095,0.357142857,0.112723549
1096,0,0.108184213
1097,0,0.099393985
1098,0.16026936,0.112808422
1099,0.6,0.106171306
1100,0.285714286,0.103557556
1101,0,0.111939573
1102,0.4,0.114631839
1103,0.5,0.102839594
1104,0.1,0.115332344
1105,0,0.114195141
1106,0,0.108424564
1107,0,0.106617963
1108,-0.9,0.106540867
1109,1,0.114379718
1110,0.392857143,0.11167795
1111,0.15224359,0.113131623
1112,0.1,0.112945188
1113,0.5,0.119703571
1114,0,0.10909907
1115,0,0.111777908
1116,0,0.102378634
1117,0,0.112973705
1118,0,0.108113439
1119,0,0.114676838
1120,0.16,0.111262289
1121,0,0.113473557
1122,0.1,0.107228756
1123,0.25,0.117228083
1124,0,0.106481101
1125,0,0.100030111
1126,0.6,0.110364129
1127,0.1,0.103107455
1128,0,0.110668615
1129,0.25,0.106471137
1130,0.075,0.105415515
1131,0.5,0.104641604
1132,0,0.12272253
1133,-0.2,0.108628141
1134,0.5,0.110853557
1135,0.166666667,0.115365132
1136,0.5,0.116364762
1137,0.5,0.11062389
1138,0.75,0.111986697
1139,0,0.112043711
1140,0.216666667,0.109839248
1141,0.6,0.118927528
1142,0,0.118487891
1143,0,0.11629373
1144,-1,0.104590754
1145,0,0.111553093
1146,0,0.098300488
1147,0.35,0.106394545
1148,0,0.118816296
1149,0,0.113348244
1150,0.45,0.113642307
1151,-0.316666667,0.110247778
1152,0,0.110018445
1153,0.866666667,0.116519746
1154,0,0.112932728
1155,0.5,0.104697012
1156,0,0.114340565
1157,0.1,0.104212428
1158,0.1,0.11062389
1159,0,0.119662696
1160,0,0.112930206
1161,-1,0.112322436
1162,-0.1,0.100197776
1163,0,0.111743622
1164,0.5,0.1077031
1165,0,0.10686743
1166,0,0.10509246
1167,-0.3,0.111889653
1168,-0.4,0.108468624
1169,0,0.112135887
1170,0,0.108647725
1171,-0.155555556,0.107661185
1172,0,0.103224031
1173,0,0.113830171
1174,-0.85,0.090438666
1175,-0.3,0.114265946
1176,0,0.102788892
1177,0.8,0.109182233
1178,0,0.109518827
1179,0.8,0.106538376
1180,0.39,0.109810882
1181,0,0.110263468
1182,-0.2,0.111135762
1183,0.8,0.113758515
1184,0.041666667,0.119956252
1185,0,0.109355428
1186,0.25,0.107652411
1187,0,0.110966183
1188,0,0.110969885
1189,0,0.114341276
1190,0,0.117988486
1191,0,0.100999168
1192,0,0.116574178
1193,-0.333333333,0.110149842
1194,0.6,0.109132547
1195,0,0.111211857
1196,0,0.114930419
1197,0,0.103236735
1198,0,0.117123161
1199,0,0.110311152
1200,-0.125,0.115267785
1201,0,0.111133482
1202,0,0.118645475
1203,0.516666667,0.117682583
1204,0,0.112445493
1205,-0.5,0.104574455
1206,0,0.110903565
1207,-0.1953125,0.105516415
1208,0,0.111691242
1209,0,0.099684668
1210,0,0.112958751
1211,0,0.112199201
1212,0.213068182,0.112135887
1213,0.1625,0.108974523
1214,0,0.095140928
1215,0.353679654,0.113900645
1216,0.45,0.11047388
1217,0,0.11357004
1218,-0.375,0.104640541
1219,0,0.107259312
1220,0.875,0.105090812
1221,0,0.107666734
1222,0,0.113708362
1223,0,0.110828573
1224,0,0.115813898
1225,0,0.110462395
1226,0,0.111504126
1227,0.2,0.107045952
1228,0,0.106514205
1229,0,0.115638315
1230,0,0.108659684
1231,0.8,0.111646565
1232,0,0.114035927
1233,0.6,0.107056969
1234,0,0.118099273
1235,0,0.11357004
1236,0.195238095,0.113958039
1237,0,0.110863677
1238,0,0.109550378
1239,0,0.110263468
1240,0.408333333,0.114167003
1241,0.225,0.115517408
1242,0.212121212,0.107452041
1243,0.46875,0.116803785
1244,0,0.104139803
1245,0,0.115546915
1246,0,0.110959682
1247,0,0.103135454
1248,0,0.111134916
1249,0.4,0.104108227
1250,0,0.110778113
1251,0,0.109057651
1252,0,0.109702348
1253,0.136363636,0.108781269
1254,0.4453125,0.110828573
1255,1,0.117740389
1256,0,0.099038874
1257,0.233333333,0.106555555
1258,-0.2,0.116561651
1259,0,0.116248299
1260,-0.1,0.11893565
1261,0.425,0.114035927
1262,0,0.102123701
1263,0,0.10821331
1264,0.1,0.11008163
1265,0,0.112739583
1266,0,0.113869618
1267,0.25,0.111072089
1268,1,0.112371847
1269,0.042857143,0.104590754
1270,-0.075757576,0.106725155
1271,0,0.106111085
1272,0,0.115124189
1273,0.247222222,0.114100707
1274,0,0.121872821
1275,0,0.114790192
1276,0,0.118688503
1277,0.325,0.116057687
1278,-0.125,0.113436523
1279,0.9,0.107873977
1280,0,0.11904535
1281,0.5,0.112637273
1282,0.5,0.115174381
1283,0,0.10742265
1284,0.375,0.111135762
1285,-0.3,0.116673701
1286,0,0.099172212
1287,1,0.114580405
1288,0,0.112610993
1289,0,0.111254505
1290,0,0.110246773
1291,0.35625,0.117311037
1292,0,0.114880456
1293,0.069444444,0.112945188
1294,0,0.099392338
1295,0,0.109485286
1296,0,0.114551809
1297,0.8,0.109888003
1298,0,0.114533898
1299,0.8,0.112918854
1300,0.233333333,0.108160231
1301,0,0.114190875
1302,0,0.111135762
1303,0,0.113097608
1304,-0.233333333,0.109081164
1305,0,0.11278084
1306,0.35,0.121399332
1307,0,0.109120014
1308,0,0.105731789
1309,-0.65,0.119356459
1310,0,0.112607592
1311,-0.1,0.114624628
1312,0,0.11681014
1313,0,0.118535526
1314,0,0.11718108
1315,0,0.11698765
1316,0.5,0.114161966
1317,0,0.109754131
1318,0.2,0.103992259
1319,0,0.107144548
1320,0.45,0.108077753
1321,1,0.11544845
1322,0,0.108551539
1323,0,0.10365641
1324,0.2,0.109886013
1325,0.243181818,0.116460212
1326,0,0.11289218
1327,0.3,0.114565561
1328,0,0.110726679
1329,0.4,0.110743524
1330,0,0.108470596
1331,0.316666667,0.112354154
1332,0,0.10118159
1333,0,0.107206645
1334,0.1,0.118095978
1335,-0.086309524,0.108983515
1336,0,0.118304182
1337,0,0.116538874
1338,0,0.110787765
1339,0.8,0.113519531
1340,0,0.108174889
1341,0.133333333,0.109725732
1342,0,0.109231227
1343,0.75,0.111257169
1344,1,0.123827733
1345,0.78125,0.116532316
1346,0.2,0.107370031
1347,0,0.0996642
1348,0.5,0.109233699
1349,0,0.110747916
1350,0.433333333,0.115378097
1351,0.1,0.117295323
1352,0,0.104479118
1353,0,0.113348244
1354,0,0.117178911
1355,0.35,0.106562117
1356,0,0.109650949
1357,-1,0.110357101
1358,0.25,0.115721414
1359,-0.1,0.101799066
1360,0,0.106395896
1361,0,0.116132099
1362,0,0.10993898
1363,0.333333333,0.099392338
1364,0.3,0.107139269
1365,0,0.106599607
1366,-0.166666667,0.111535306
1367,0,0.114569248
1368,0,0.110550693
1369,0,0.109185377
1370,0,0.110426401
1371,0,0.099393985
1372,0,0.114092058
1373,0,0.10742265
1374,-0.4,0.108887096
1375,0,0.106562117
1376,0,0.114765686
1377,-0.075,0.113764112
1378,0.2,0.117020176
1379,0,0.121872821
1380,0.166666667,0.115981205
1381,-0.2,0.10743432
1382,0,0.109919815
1383,0,0.117826394
1384,0.7,0.107650236
1385,-0.166666667,0.115974527
1386,0,0.119185581
1387,0.064583333,0.111701657
1388,0,0.10861963
1389,0,0.100767381
1390,0,0.114213778
1391,0,0.114308118
1392,0.6,0.115412764
1393,0,0.110584135
1394,1,0.113595929
1395,0,0.108974523
1396,0.4,0.115721414
1397,0.8,0.110970174
1398,0.545454545,0.111902316
1399,0,0.100673183
1400,0.141666667,0.107980346
1401,0,0.107332809
1402,0.392857143,0.114897135
1403,0.316666667,0.113999882
1404,0,0.112470969
1405,-0.3,0.113239848
1406,0,0.107650236
1407,-0.625,0.104212428
1408,0,0.10369906
1409,0,0.118614629
1410,0,0.11273058
1411,-0.6,0.114989169
1412,1,0.115546915
1413,-0.316666667,0.108231074
1414,0.125,0.10905792
1415,0,0.112150029
1416,0.4,0.112871451
1417,0.445454545,0.114995401
1418,0.136363636,0.11328351
1419,0,0.109977147
1420,0.1,0.112079305
1421,0.383167614,0.112310833
1422,0,0.109168506
1423,0,0.110656091
1424,0,0.109744762
1425,0.1,0.100040962
1426,0.5,0.109784469
1427,0.98828125,0.112464429
1428,0.35,0.110650236
1429,0,0.106845191
1430,0.45,0.113229402
1431,0,0.114666202
1432,0,0.106468254
1433,-0.17578125,0.120490494
1434,0.2625,0.112492335
1435,-0.083333333,0.105008263
1436,0,0.109448353
1437,0.5,0.106468254
1438,0.1,0.114124555
1439,0,0.109398038
1440,1,0.111854427
1441,0,0.104925435
1442,0,0.114285538
1443,0,0.104697012
1444,0.158333333,0.11537579
1445,0.1,0.113368687
1446,0,0.11056471
1447,0,0.116893043
1448,0.2,0.108473045
1449,0.6,0.111502278
1450,0,0.103958934
1451,0.2,0.111251713
1452,0,0.121210342
1453,0,0.111422172
1454,0.2,0.115477383
1455,0,0.10898863
1456,0,0.107210069
1457,0.1,0.104723645
1458,0,0.102084424
1459,0,0.115039495
1460,0,0.110465924
1461,-0.2,0.11026566
1462,0,0.113289696
1463,0,0.111569378
1464,0,0.103516854
1465,0,0.11310862
1466,0.1,0.109483379
1467,0.5,0.110785394
1468,0,0.109489703
1469,0,0.110117606
1470,0,0.111743622
1471,0.136363636,0.109608228
1472,0.392857143,0.115438952
1473,0,0.107214172
1474,0,0.105165137
1475,-0.2,0.116459755
1476,0.5,0.102469449
1477,0,0.109408764
1478,0,0.102083624
1479,0,0.10934572
1480,1,0.118487074
1481,0.379166667,0.11522479
1482,0,0.102946441
1483,-0.4,0.105259883
1484,0,0.112928932
1485,0.5,0.116176272
1486,-0.125,0.112997375
1487,0.225,0.100931971
1488,0.45,0.121898021
1489,0,0.119344556
1490,0,0.113230371
1491,0.25,0.111685465
1492,0.243181818,0.117253351
1493,0,0.110985194
1494,0.2,0.108554114
1495,0,0.112246314
1496,0,0.11025038
1497,0,0.112080474
1498,0.15,0.11292992
1499,0,0.11315071
1500,0,0.107980346
1501,0,0.104346014
1502,0,0.108846651
1503,0.0875,0.107045952
1504,-0.375,0.106626737
1505,0,0.10882949
1506,0.266666667,0.114352988
1507,0,0.108888533
1508,0,0.113451575
1509,0,0.108952927
1510,0.5,0.114470217
1511,0.316666667,0.113197516
1512,0,0.104108227
1513,0,0.119294819
1514,0.2,0.11681014
1515,0.15,0.103560005
1516,0.166666667,0.123868966
1517,0,0.11144557
1518,0,0.107146838
1519,0.5,0.1080022
1520,0,0.117578598
1521,0.28,0.118924095
1522,0,0.112484898
1523,0.3125,0.112321678
1524,0.002777778,0.112816993
1525,0,0.109447976
1526,0,0.103468504
1527,0,0.111740201
1528,0.55,0.10746287
1529,0.78125,0.112140289
1530,0,0.104113845
1531,0.4,0.11297673
1532,1,0.109617673
1533,0,0.104024964
1534,0,0.104134564
1535,0,0.109495278
1536,0.8,0.114257677
1537,0.428571429,0.107923871
1538,0,0.105961051
1539,0,0.116768456
1540,0.033333333,0.099532085
1541,0,0.107654589
1542,-0.083333333,0.113343909
1543,0,0.10302214
1544,-0.25,0.109182233
1545,0.025,0.111400085
1546,0,0.116158361
1547,0,0.112277489
1548,0,0.11047388
1549,0,0.102475691
1550,0.35952381,0.111370744
1551,1,0.107365674
1552,0.473214286,0.103498061
1553,0,0.115871003
1554,0,0.105981005
1555,0.1,0.112043711
1556,0.25,0.108692203
1557,0,0.112050085
1558,0.25,0.115477383
1559,0,0.11243393
1560,0.625,0.115722421
1561,0,0.108693229
1562,-0.05,0.099994911
1563,0,0.108488005
1564,0.357142857,0.115767883
1565,0.2,0.111939573
1566,0.2,0.111644617
1567,-0.032323232,0.107650236
1568,0.213068182,0.11043874
1569,0,0.113229402
1570,0,0.109550378
1571,0.120833333,0.113560117
1572,0,0.117311037
1573,0,0.10517375
1574,0,0.114569248
1575,0,0.104590754
1576,-0.6,0.110306008
1577,0.014814815,0.101635298
1578,0,0.109583028
1579,-0.1,0.111735038
1580,0,0.119997337
1581,0.8,0.109647487
1582,0,0.113752799
1583,0.306060606,0.111812828
1584,0.13,0.10517375
1585,-0.75,0.115073541
1586,0,0.113657023
1587,0.136363636,0.114082696
1588,0,0.116057687
1589,0.2,0.110542249
1590,0.5,0.110493528
1591,0,0.108509733
1592,0.104166667,0.108034036
1593,0.068181818,0.110847545
1594,0,0.101291287
1595,0.56875,0.118386814
1596,-0.8,0.119231518
1597,0,0.106171306
1598,0,0.114082696
1599,-1,0.114636958
1600,0,0.115713845
1601,0,0.118099273
1602,0.5,0.115520649
1603,0,0.112743357
1604,0,0.10743432
1605,-0.05,0.118471173
1606,0,0.106611699
1607,0.4,0.110650236
1608,0,0.114631839
1609,0,0.10862332
1610,0.535227273,0.115996096
1611,0,0.11207118
1612,0,0.118535526
1613,0,0.114288635
1614,0,0.107769944
1615,0.375,0.108860748
1616,0.492857143,0.110358551
1617,0,0.103992259
1618,0.192857143,0.1037176
1619,0,0.112925393
1620,0.16,0.106167096
1621,0,0.109994572
1622,0,0.110887727
1623,0,0.106703591
1624,0,0.104326683
1625,0,0.106087859
1626,0.2,0.116893043
1627,0,0.110358551
1628,0.2,0.104956834
1629,0.3,0.103825972
1630,0.25,0.123951851
1631,0,0.100368305
1632,-0.5,0.111211857
1633,0,0.114283714
1634,0.625,0.119242121
1635,0,0.112015767
1636,0.068181818,0.10923284
1637,0,0.118716344
1638,0.116666667,0.106484568
1639,0,0.110595675
1640,-0.35,0.114846547
1641,-0.35,0.105786055
1642,0,0.116538874
1643,-0.133333333,0.114371841
1644,0,0.104630949
1645,0.022222222,0.116283697
1646,0.25,0.111135762
1647,0.4375,0.117578598
1648,-0.033333333,0.104191567
1649,0,0.109009232
1650,0,0.112222341
1651,0,0.112445493
1652,0,0.108540221
1653,0,0.107840749
1654,0.629166667,0.105090812
1655,0,0.105416494
1656,-0.158333333,0.106791984
1657,0,0.114307627
1658,0.136363636,0.112289663
1659,0.433333333,0.099691394
1660,0.2,0.107282533
1661,0,0.115974527
1662,0,0.117682583
1663,0,0.110696559
1664,-0.266666667,0.104630949
1665,0.35,0.110906768
1666,0.75,0.115854331
1667,0,0.108094663
1668,0,0.103226338
1669,0.433333333,0.111088161
1670,0,0.112772159
1671,0,0.110432779
1672,0,0.113343909
1673,0.125,0.111916017
1674,0,0.108611059
1675,0.6,0.102470507
1676,0,0.106125189
1677,0.127142857,0.109702348
1678,0,0.111129254
1679,0,0.10257728
1680,0.042857143,0.104590754
1681,0.2,0.101657951
1682,0,0.108628141
1683,0,0.113318872
1684,0,0.096707986
1685,0.390625,0.110482364
1686,0.5,0.112043711
1687,0,0.113102747
1688,0.5,0.111978755
1689,0,0.11051165
1690,0,0.113774941
1691,0.1,0.111913792
1692,0,0.103603585
1693,0,0.115718873
1694,0,0.105393684
1695,0,0.103558626
1696,0,0.113231653
1697,0,0.111919615
1698,0.170454545,0.108174889
1699,0,0.115963125
1700,0,0.111468784
1701,0,0.109980472
1702,0,0.110280905
1703,0.35,0.108668379
1704,0,0.113294567
1705,0,0.106829855
1706,0.2,0.099821174
1707,0,0.110903565
1708,0.39,0.109423255
1709,0,0.118298856
1710,0.3125,0.113620026
1711,0,0.111205243
1712,0,0.114137843
1713,0.619047619,0.108979497
1714,0,0.107142375
1715,0,0.110456916
1716,0,0.114211114
1717,0,0.117543917
1718,0.133333333,0.112798343
1719,0,0.112937344
1720,0,0.105448271
1721,0,0.10694975
1722,0,0.114353539
1723,0,0.115399358
1724,0,0.106599607
1725,0,0.107661185
1726,-0.05,0.109900664
1727,0.285714286,0.111640402
1728,0,0.112266596
1729,0.433333333,0.108424568
1730,0,0.115892875
1731,0.2,0.116546894
1732,0.625,0.107854439
1733,0.5,0.111511099
1734,0,0.110036107
1735,0,0.116141807
1736,0,0.119171481
1737,0,0.116912575
1738,-0.025,0.11823947
1739,-0.25,0.112088351
1740,0,0.108472745
1741,0.5,0.111569378
1742,0.20625,0.111482412
1743,0,0.117289356
1744,0,0.116768456
1745,0,0.112043711
1746,0.25,0.108184907
1747,0,0.095140928
1748,0.8,0.114205292
1749,-0.1,0.109627572
1750,0,0.112945188
1751,0,0.101195687
1752,0,0.105425985
1753,0,0.113368687
1754,0,0.105869384
1755,0.357142857,0.107733245
1756,0.8,0.103040654
1757,-0.4,0.107733245
1758,1,0.10409952
1759,0.3,0.114352988
1760,0,0.11904535
1761,0.266335227,0.110847545
1762,-0.375,0.109647487
1763,0.285714286,0.113389353
1764,0,0.109440333
1765,0,0.112354154
1766,0.8,0.113353676
1767,0.625,0.113029799
1768,0.2,0.11292992
1769,0.5,0.107776456
1770,0.4,0.107144548
1771,1,0.114215491
1772,0.2,0.114221456
1773,0,0.111540752
1774,0,0.110777815
1775,0.125,0.122100844
1776,0,0.107591768
1777,0,0.116764949
1778,0,0.108036499
1779,0,0.10082198
1780,0.4,0.1050572
1781,0.6125,0.112310833
1782,-0.1,0.106001521
1783,0.225,0.110357101
1784,0,0.111728368
1785,0.678571429,0.110272467
1786,0.425,0.106585176
1787,0.5,0.10905792
1788,-0.019480519,0.108888208
1789,0,0.112764986
1790,0.5625,0.117229572
1791,-0.4,0.114864853
1792,0,0.10901274
1793,0.055555556,0.10956072
1794,-0.78125,0.108488005
1795,0.6,0.111842679
1796,0.285714286,0.1050572
1797,0,0.10694975
1798,0.136363636,0.108488005
1799,0,0.112772863
1800,0.5,0.104200556
1801,-0.6,0.116328751
1802,-0.8,0.10891138
1803,0,0.102875042
1804,0,0.109440333
1805,0,0.107893681
1806,-0.1125,0.113696562
1807,0.136363636,0.114242993
1808,0.8,0.109169272
1809,0,0.113938135
1810,-0.075,0.115726374
1811,0.625,0.112992871
1812,0.3,0.10733519
1813,0.35,0.110167224
1814,0.136363636,0.110592051
1815,0,0.111497779
1816,0,0.109081164
1817,0.35,0.110708706
1818,-0.083333333,0.122100844
1819,0.3078125,0.111414475
1820,0,0.107983517
1821,0,0.113869618
1822,-0.1,0.114061414
1823,0,0.111916017
1824,0.7,0.103236353
1825,0,0.114322641
1826,0.3,0.105158395
1827,0,0.111433253
1828,0,0.113368687
1829,0.045454545,0.116046022
1830,0.5,0.112597242
1831,0,0.118214149
1832,0.361904762,0.114634076
1833,0,0.107910608
1834,-0.155555556,0.113119536
1835,0,0.11301484
1836,0,0.099821174
1837,0.2,0.110426401
1838,0.171590909,0.107799219
1839,0.8,0.10946692
1840,0.2,0.11754576
1841,0,0.119200932
1842,-0.057142857,0.112743357
1843,0,0.114824133
1844,0.3,0.113214478
1845,0.166666667,0.110280648
1846,0.4375,0.101584311
1847,0.49609375,0.116160921
1848,0,0.119344556
1849,0,0.103107455
1850,-0.241666667,0.117617089
1851,0.4,0.111312852
1852,0,0.107666734
1853,0.285714286,0.118471173
1854,0,0.111691242
1855,0.1,0.105234104
1856,0.375,0.112713028
1857,0,0.108705647
1858,0,0.109120014
1859,-0.125,0.112391924
1860,-0.130555556,0.112487895
1861,-0.05,0.113488815
1862,0,0.114084359
1863,0,0.113718163
1864,-0.1,0.110307828
1865,0.355113636,0.114035927
1866,0,0.109839248
1867,0,0.107004511
1868,0.7,0.114565561
1869,-0.075,0.115765587
1870,0,0.110917946
1871,0,0.109751195
1872,-0.1,0.112479263
1873,0.191666667,0.122100844
1874,0.2,0.102330266
1875,0.708333333,0.11823947
1876,0.4375,0.117520753
1877,0,0.107920415
1878,-0.4,0.115218425
1879,-0.466666667,0.110778113
1880,0,0.105425985
1881,-0.4,0.11674435
1882,-0.4,0.110185884
1883,0,0.109888003
1884,0,0.106901258
1885,0.045454545,0.112199201
1886,0.8,0.108811739
1887,0.05,0.114179353
1888,0,0.110374695
1889,0,0.113708362
1890,-0.35,0.107666734
1891,0,0.116717331
1892,-0.2,0.115154932
1893,0,0.11515967
1894,0.055555556,0.118816296
1895,0,0.113720659
1896,0.392857143,0.111227433
1897,0,0.110307828
1898,0.333333333,0.101413985
1899,1,0.104917139
1900,0.105357143,0.106481101
1901,0.375,0.105119853
1902,-0.1,0.100584632
1903,0,0.109627518
1904,0.366666667,0.111693862
1905,0,0.109480345
1906,0,0.109919815
1907,0,0.107052212
1908,0.125,0.108488005
1909,0,0.105158395
1910,0,0.108249384
1911,0.4,0.11198474
1912,-0.1,0.111207514
1913,-0.004166667,0.109448523
1914,0.5,0.098763448
1915,-0.8,0.109689062
1916,0,0.098763448
1917,0,0.115494153
1918,0,0.112224083
1919,0,0.10520037
1920,0.341666667,0.115754143
1921,-0.15,0.108313267
1922,0.083333333,0.109896127
1923,0,0.102910909
1924,0,0.109450113
1925,0.125,0.110510519
1926,0,0.106731207
1927,-0.15625,0.111060457
1928,0.025,0.113675531
1929,-0.25,0.110846437
1930,-0.195833333,0.114006058
1931,0,0.108560396
1932,0,0.106550387
1933,0,0.112154514
1934,0,0.112150029
1935,0,0.106614917
1936,0.666666667,0.122036419
1937,0,0.116823436
1938,0,0.110432779
1939,0,0.112707858
1940,0,0.117441343
1941,0,0.109696374
1942,0,0.117120086
1943,0,0.110319584
1944,0.75,0.115045703
1945,0.266666667,0.113197516
1946,0.3,0.106546596
1947,0,0.115599939
1948,0,0.105217067
1949,0.125,0.117228083
1950,-0.3125,0.112606707
1951,0,0.111482412
1952,0.25,0.111640402
1953,-0.228571429,0.10077443
1954,0.380952381,0.118159452
1955,1,0.110813277
1956,0,0.11008163
1957,0,0.110987027
1958,-0.09375,0.114481753
1959,0.271428571,0.111116937
1960,0.5,0.109305474
1961,-0.155555556,0.114826284
1962,0,0.112061846
1963,0,0.109215017
1964,0,0.107110815
1965,0.4,0.106087859
1966,-0.147070313,0.110740124
1967,0,0.116253171
1968,0.8,0.111116937
1969,0.285714286,0.109547506
1970,0,0.113830171
1971,-0.3,0.114569248
1972,0,0.106848157
1973,0.225,0.118095978
1974,0,0.112743357
1975,0,0.114045643
1976,0.5,0.111518196
1977,0.25,0.109518842
1978,1,0.111640402
1979,0.8,0.117211452
1980,-0.125,0.107527934
1981,0,0.105090812
1982,0,0.116176037
1983,0.35,0.112456758
1984,0.542857143,0.117441343
1985,-0.083333333,0.111254505
1986,0.3,0.104640541
1987,0.7,0.113782188
1988,0.375,0.117072303
1989,0.066666667,0.117816752
1990,0.7,0.111495166
1991,0,0.115051108
1992,0,0.106484568
1993,-0.375,0.106059064
1994,0,0.109918446
1995,1,0.110649961
1996,0,0.10859426
1997,0.15,0.12527036
1998,0.1,0.107896112
1999,0.357142857,0.11998479
2000,0,0.114199272
2001,0,0.113220889
2002,-0.191666667,0.10783761
2003,0,0.104052498
2004,0,0.107101356
2005,0.216666667,0.113758515
2006,0.35,0.108422096
2007,-0.066666667,0.116248299
2008,0.112121212,0.11998479
2009,0,0.099392338
2010,0.4,0.112120389
2011,-0.1,0.111644617
2012,0.35,0.108007412
2013,0.8,0.11121449
2014,0,0.114195141
2015,0,0.105512169
2016,0.170454545,0.118689227
2017,-0.125,0.117005405
2018,0,0.109518827
2019,0,0.099551861
2020,0.045454545,0.104346014
2021,0.5,0.111349069
2022,0,0.106698356
2023,0.1875,0.114894258
2024,0,0.107647934
2025,0.5,0.111457502
2026,0.5,0.115030758
2027,0,0.117228083
2028,0.120833333,0.10443579
2029,0.025,0.105249192
2030,0.46875,0.106599607
2031,0.2,0.105512169
2032,0.125,0.116651369
2033,0.285714286,0.107841713
2034,0,0.113682508
2035,0,0.116463536
2036,0,0.110269314
2037,-0.2,0.107794518
2038,0,0.104832151
2039,0,0.106577441
2040,0,0.108488005
2041,0,0.119061886
2042,0,0.107052212
2043,0,0.101413985
2044,0.136363636,0.103657058
2045,0,0.102490872
2046,0.322222222,0.112246314
2047,0,0.106514301
2048,0.5,0.105557429
2049,0.2,0.111542498
2050,0,0.107024038
2051,0.15,0.114294776
2052,0,0.104592103
2053,0,0.109295289
2054,-0.4,0.115713845
2055,0.171875,0.118285956
2056,0.266666667,0.114140788
2057,0,0.106546596
2058,0.5,0.119100386
2059,0.6,0.108113439
2060,0,0.111964908
2061,0,0.109407177
2062,0.375,0.109258036
2063,0,0.110550693
2064,0,0.113634241
2065,0.416666667,0.113342696
2066,0,0.112672133
2067,0,0.114010112
2068,0.375,0.115316468
2069,0.075,0.109507297
2070,0.1875,0.107142375
2071,0,0.112368971
2072,0.25,0.102818853
2073,0.5,0.104191567
2074,0,0.109038766
2075,0.2,0.104640541
2076,0,0.107654589
2077,0,0.115253459
2078,0,0.11070093
2079,0,0.113152228
2080,0.25,0.113139376
2081,0.5,0.112467181
2082,0,0.122725775
2083,0,0.114906116
2084,0,0.118488239
2085,0.3625,0.105102214
2086,0,0.108493527
2087,0,0.110752593
2088,0.045454545,0.107949592
2089,0.8,0.117039203
2090,0.068181818,0.102878274
2091,0.9375,0.109896127
2092,0,0.111977712
2093,0.5,0.112079305
2094,0.285714286,0.098763448
2095,0.7,0.108647725
2096,0,0.110174224
2097,0,0.100116749
2098,0.35,0.113752799
2099,-0.004166667,0.099691394
2100,0.1875,0.106621566
2101,0.075,0.113029799
2102,0,0.110767469
2103,0.357142857,0.105911823
2104,0,0.114205292
2105,0.247916667,0.106257406
2106,0,0.117005405
2107,0,0.103268964
2108,0,0.103006253
2109,0.525,0.120135151
2110,0.4125,0.11064262
2111,0,0.110705525
2112,0.3,0.114061414
2113,0.35,0.111449403
2114,0,0.116087262
2115,0,0.10978041
2116,0,0.106894516
2117,0,0.109710667
2118,0.168181818,0.111849219
2119,0.5,0.123345485
2120,0.8,0.108820919
2121,0.35,0.120614753
2122,0.136363636,0.113501252
2123,0,0.113888719
2124,-0.05,0.113389353
2125,0.6,0.106871885
2126,0.4,0.104864222
2127,0,0.109616234
2128,0.4,0.112038921
2129,0.170454545,0.107910608
2130,0.1,0.111795597
2131,0.525,0.109223161
2132,-0.125,0.109499966
2133,0,0.10467957
2134,0.5,0.099530815
2135,0,0.110875056
2136,0,0.114481753
2137,0.5,0.11228398
2138,0,0.107604765
2139,0,0.122628997
2140,1,0.114333115
2141,0,0.114006219
2142,0,0.107299869
2143,0.5,0.113595929
2144,-0.5,0.115638315
2145,0,0.107142375
2146,0,0.110421712
2147,0,0.105734838
2148,0.1,0.108875996
2149,0,0.108979497
2150,0,0.106177782
2151,0,0.105982275
2152,0,0.117253351
2153,-0.5,0.107949592
2154,0.4,0.115713845
2155,0,0.112945188
2156,0,0.115007971
2157,0,0.113139376
2158,-0.291666667,0.105557429
2159,0.5,0.114120805
2160,0.1,0.106630883
2161,0,0.118535526
2162,0,0.108850755
2163,0,0.110856829
2164,-0.4,0.109156919
2165,0,0.104576878
2166,0.3,0.110565992
2167,0,0.105379139
2168,0,0.112573339
2169,0.583333333,0.111060457
2170,0.2,0.101799066
2171,0.375,0.10659309
2172,0,0.117688997
2173,0.3,0.110261266
2174,0,0.115166872
2175,0,0.11537579
2176,0.2875,0.107694685
2177,0.278571429,0.109044536
2178,0,0.10302214
2179,0.2,0.112120389
2180,0.733333333,0.108666476
2181,0.7,0.111566233
2182,0.5,0.111960299
2183,0,0.110837645
2184,0.5,0.108185261
2185,0,0.111740201
2186,-0.6,0.120234258
2187,0.2,0.119662696
2188,0.6,0.110668615
2189,0.5,0.112234907
2190,0,0.110273051
2191,-0.15,0.105379139
2192,0,0.112512952
2193,0.75,0.107024038
2194,0.15,0.11299402
2195,0,0.107832986
2196,0,0.108666476
2197,0.419034091,0.106729237
2198,0,0.111728368
2199,0,0.107652411
2200,0.1,0.11016745
2201,-0.093650794,0.113197516
2202,0,0.116046022
2203,0.8,0.11003561
2204,0,0.107213379
2205,0,0.113230371
2206,0.635416667,0.11934001
2207,0,0.111262289
2208,0,0.113397016
2209,0.7,0.110302846
2210,0,0.109702348
2211,0.5,0.110375154
2212,0,0.106104218
2213,-0.8,0.10904414
2214,0.5,0.104357698
2215,-0.333333333,0.117129127
2216,-0.2375,0.108647725
2217,0,0.117682583
2218,0,0.113680127
2219,0,0.100375592
2220,-0.333333333,0.11047388
2221,-0.2,0.102852114
2222,0.625,0.115999907
2223,0,0.111542498
2224,0.1,0.114142696
2225,-0.155555556,0.110970129
2226,-0.2,0.113708362
2227,0.136363636,0.108427821
2228,0.4,0.108089087
2229,0,0.113737985
2230,0,0.115274794
2231,0.383333333,0.10978041
2232,0.5,0.113375736
2233,0,0.113160154
2234,0.325,0.106966344
2235,-0.3125,0.114190875
2236,0,0.114054922
2237,-0.1,0.112961568
2238,0,0.108272235
2239,0,0.108249384
2240,0,0.112464429
2241,-0.6,0.101048458
2242,0.5,0.108003231
2243,0.5,0.10487254
2244,0.25,0.11003561
2245,0.65,0.102039632
2246,0.2375,0.1191926
2247,0,0.099994911
2248,-0.375,0.114894258
2249,0,0.101799066
2250,-0.05,0.109984438
2251,-0.183333333,0.100931971
2252,-0.3375,0.113945488
2253,-0.25,0.112721288
2254,0.05,0.106467602
2255,0.416666667,0.112396459
2256,0.1,0.109057651
2257,0.136363636,0.123617527
2258,0.5,0.109472468
2259,-0.8,0.10791279
2260,0,0.11364636
2261,0,0.10697095
2262,0,0.119662696
2263,-0.15,0.109057651
2264,0.4,0.104949154
2265,0,0.120614753
2266,0,0.128153329
2267,0,0.109044536
2268,0.225,0.109258036
2269,0.3,0.109038766
2270,0,0.110484207
2271,-0.4,0.108310175
2272,0,0.106258013
2273,0.1,0.11751565
2274,0,0.11098677
2275,1,0.114827672
2276,-0.625,0.104479118
2277,0,0.113696562
2278,0,0.105047819
2279,0,0.110421167
2280,0,0.112357559
2281,0,0.102490872
2282,0,0.112479263
2283,0,0.103845951
2284,-0.5,0.112945188
2285,0.5,0.113708362
2286,0,0.117228083
2287,0,0.119227749
2288,0,0.106599607
2289,0,0.10742265
2290,0,0.107499765
2291,0,0.111838593
2292,0,0.110482364
2293,0.5,0.112444438
2294,0,0.117464971
2295,0.136363636,0.114140788
2296,0,0.09868909
2297,0,0.114854507
2298,0.25,0.107332809
2299,0.166666667,0.111085891
2300,0,0.11490436
2301,0,0.112666815
2302,0,0.108430056
2303,0,0.113270324
2304,0,0.114697392
2305,0,0.115082793
2306,0,0.112008961
2307,-0.2,0.106242699
2308,0,0.100551347
2309,0.425,0.111785202
2310,-0.091666667,0.106125189
2311,0,0.114318238
2312,-0.05,0.102518815
2313,0,0.11310862
2314,0.333333333,0.118696324
2315,0,0.114946
2316,1,0.109538493
2317,0.25,0.108854667
2318,1,0.104583625
2319,0.666666667,0.111106715
2320,0.308946609,0.103657058
2321,0,0.118488239
2322,0.2,0.108182544
2323,0.170454545,0.109378803
2324,0,0.100197776
2325,0.5,0.116561651
2326,0,0.111777908
2327,-0.4,0.106378253
2328,0,0.110432779
2329,0,0.106791984
2330,0,0.107733245
2331,0,0.117246875
2332,0,0.105165707
2333,0.375,0.104620825
2334,0,0.117323214
2335,0.5,0.115722726
2336,0,0.111371406
2337,0.6,0.107182493
2338,0,0.104560038
2339,-0.166666667,0.115308759
2340,-0.2671875,0.110630772
2341,0,0.113312235
2342,0,0.115468173
2343,0.5,0.114268004
2344,0.357142857,0.109745602
2345,0,0.109856479
2346,0,0.110970174
2347,0.570833333,0.114995401
2348,0,0.112391924
2349,-0.183333333,0.105415515
2350,0,0.115854331
2351,-0.2,0.105984393
2352,0,0.101413985
2353,0,0.112444438
2354,-0.8,0.10645892
2355,0,0.107294345
2356,0.136363636,0.111072089
2357,0.458333333,0.117178465
2358,0,0.115960767
2359,0.38,0.108089087
2360,0.5,0.107928164
2361,0.5,0.107832986
2362,0,0.102989305
2363,0,0.11315071
2364,0.052272727,0.110528852
2365,0.166666667,0.114137843
2366,0.285714286,0.112172902
2367,0.047619048,0.1106614
2368,0,0.114923424
2369,0.466666667,0.109484951
2370,0,0.109349416
2371,0.15,0.112487895
2372,-0.2,0.108180606
2373,0.3,0.11263572
2374,0.2,0.114933566
2375,0,0.111824704
2376,0,0.103531892
2377,0,0.111126036
2378,0,0.116389414
2379,-0.166666667,0.106374438
2380,0,0.110851906
2381,0.25,0.108458784
2382,0,0.120614753
2383,0,0.102089149
2384,0.2,0.109450113
2385,0.05,0.112564221
2386,0,0.113242252
2387,0.5,0.108136365
2388,0.214285714,0.104723645
2389,0,0.113343909
2390,0.4,0.104832151
2391,0.145833333,0.110374695
2392,0,0.11328351
2393,0.5,0.119997337
2394,0,0.108781269
2395,0.168181818,0.111497779
2396,0,0.105523493
2397,0.7,0.113160154
2398,-0.1,0.112597242
2399,0.214285714,0.113634241
2400,0.3,0.111960299
2401,0,0.103845951
2402,0.127380952,0.113387898
2403,0.05,0.114161966
2404,-0.04,0.120736417
2405,0.104166667,0.11544845
2406,0,0.110284498
2407,0.5375,0.110847545
2408,0.461979167,0.110432779
2409,0,0.108509733
2410,-0.147070313,0.111880802
2411,0.35,0.109132547
2412,0,0.114855165
2413,0,0.107142375
2414,0,0.108375235
2415,0.2,0.110175893
2416,0,0.103560005
2417,0,0.112042649
2418,0.1,0.111502278
2419,-0.083333333,0.113567493
2420,-0.15,0.114897135
2421,0.5,0.0996642
2422,0.2,0.119375601
2423,0,0.117464971
2424,0.625,0.112154514
2425,0,0.114827672
2426,0,0.105782245
2427,0,0.116878069
2428,0.335714286,0.114190875
2429,0,0.112008961
2430,0,0.119197104
2431,0,0.111127407
2432,0.85,0.11540396
2433,0,0.102469449
2434,0.183333333,0.113343909
2435,0.466666667,0.108093127
2436,1,0.116141807
2437,0,0.110483205
2438,0.5,0.111044214
2439,0,0.113782663
2440,0.375,0.104284511
2441,-0.066666667,0.112492335
2442,0.2,0.134588355
2443,0,0.108427821
2444,0.375,0.113498301
2445,0,0.114092058
2446,-0.2,0.103987135
2447,0.136363636,0.109471159
2448,0,0.113911979
2449,0.294791667,0.109952148
2450,-0.15,0.109957497
2451,0,0.111086815
2452,-0.65,0.113720659
2453,0.136363636,0.119324655
2454,-0.125,0.106621566
2455,0,0.10891349
2456,0.466666667,0.105863308
2457,-0.3,0.105234104
2458,0.2,0.116096205
2459,0,0.10610364
2460,0,0.108608437
2461,0,0.108301626
2462,-0.4,0.104576878
2463,0.8,0.106001521
2464,-0.075,0.114808442
2465,0.8,0.112493898
2466,0,0.111400085
2467,0,0.105982275
2468,0,0.102839594
2469,0.136363636,0.110465924
2470,0.214285714,0.114207112
2471,0.05,0.105383738
2472,0.3,0.113229402
2473,0,0.126279163
2474,-0.125,0.117441343
2475,1,0.114440201
2476,0,0.112517158
2477,0.5,0.117852336
2478,0.388888889,0.108887096
2479,0,0.111399155
2480,0.1,0.115553975
2481,-0.625,0.101635298
2482,0.5,0.116545942
2483,0.8,0.108932132
2484,0,0.114785277
2485,0,0.111382537
2486,0,0.106553399
2487,-0.166666667,0.109836595
2488,0,0.104917139
2489,0,0.09973938
2490,1,0.113548164
2491,0,0.112645449
2492,0,0.102950881
2493,-0.2,0.106560109
2494,0.032738095,0.104088374
2495,0.8,0.106668375
2496,0,0.117070625
2497,0,0.111482412
2498,0.05,0.109753435
2499,0,0.110517408
2500,0,0.10610364
2501,0.1,0.108422096
2502,0,0.116945689
2503,-0.041666667,0.107004492
2504,0,0.113979884
2505,0.678571429,0.11008163
2506,-0.025,0.109888003
2507,0,0.119344556
2508,0,0.120893092
2509,0,0.108850755
2510,0,0.111423988
2511,-0.5,0.105618071
2512,0.866666667,0.110473145
2513,-0.5,0.11316811
2514,0,0.109648125
2515,0.375,0.107444021
2516,0,0.116141807
2517,0,0.101413985
2518,-0.233333333,0.111740201
2519,0.295238095,0.116141807
2520,0,0.110494805
2521,0,0.112649342
2522,0.2,0.110825609
2523,0,0.11328351
2524,0,0.108554114
2525,0.78125,0.112772863
2526,0.136363636,0.114352988
2527,1,0.103351699
2528,0.176704545,0.116471939
2529,0,0.107852923
2530,0,0.115551626
2531,0,0.112703234
2532,-0.3,0.117792911
2533,-0.075,0.11003561
2534,0,0.114294776
2535,0,0.100767381
2536,0,0.113657023
2537,0,0.105305194
2538,1,0.113213402
2539,-0.5,0.109423255
2540,0,0.105249192
2541,0.361904762,0.111741559
2542,-0.4,0.114527616
2543,0,0.110947492
2544,0.875,0.101498739
2545,0,0.109408764
2546,-0.75,0.107679978
2547,0.5,0.090438666
2548,-0.4,0.115652245
2549,0,0.109398038
2550,0,0.110185884
2551,0.5,0.110302846
2552,-0.05,0.107622813
2553,1,0.101799066
2554,0,0.110229661
2555,0,0.107024038
2556,0.122070313,0.109291535
2557,0.3,0.099532085
2558,0,0.110074635
2559,0.5,0.114205739
2560,0,0.108498121
2561,0,0.106791984
2562,1,0.113647818
2563,0,0.109648125
2564,0.6,0.113785218
2565,0,0.110630772
2566,0.4,0.106871885
2567,0,0.113754315
2568,0,0.103657058
2569,0,0.110584135
2570,0,0.106754693
2571,0,0.117249537
2572,0.8,0.114898541
2573,0,0.106871885
2574,0.054761905,0.115332344
2575,0.233333333,0.116461708
2576,-0.008333333,0.112828313
2577,0,0.112154216
2578,0,0.108660626
2579,0,0.102098704
2580,0,0.115963125
2581,0.3,0.110247994
2582,0.05,0.113504267
2583,0.691666667,0.104357698
2584,0,0.10439503
2585,0,0.104643238
2586,0,0.107852923
2587,-0.375,0.114701798
2588,0,0.110038625
2589,0,0.105618071
2590,0,0.109284706
2591,-0.4,0.096549132
2592,0,0.103226338
2593,0,0.111801122
2594,0,0.118336898
2595,0,0.114307627
2596,1,0.105785548
2597,0.033333333,0.114142696
2598,0,0.110947492
2599,0.3875,0.107630994
2600,0,0.10965076
2601,0.425,0.10640041
2602,0,0.114864853
2603,0,0.111952283
2604,0.3,0.109399778
2605,0.740625,0.108174889
2606,-0.4,0.10369906
2607,0.5,0.114082696
2608,0,0.111214389
2609,0.1625,0.102084424
2610,0.25,0.111896948
2611,0.170454545,0.108321945
2612,0,0.111921403
2613,1,0.112254155
2614,0,0.103498061
2615,0,0.110634215
2616,-0.2,0.114100707
2617,0,0.105734838
2618,0,0.109044536
2619,0,0.114141501
2620,0,0.10520037
2621,0,0.108427821
2622,-0.5,0.114082696
2623,0.318181818,0.115638315
2624,0,0.110307828
2625,0,0.105909351
2626,0,0.105090812
2627,0,0.110922275
2628,0.25,0.112479263
2629,0.283333333,0.114244983
2630,0,0.119200932
2631,0,0.114855165
2632,0.136363636,0.10409825
2633,0.5,0.11533029
2634,-0.1,0.11514901
2635,0,0.10733519
2636,0,0.112470969
2637,0,0.103486161
2638,0.305555556,0.112117144
2639,-0.075,0.108794174
2640,0,0.105393684
2641,0,0.109725732
2642,0.35,0.119294819
2643,0.7,0.113642753
2644,0.390625,0.114635262
2645,-0.25,0.122100844
2646,0.333333333,0.116748831
2647,0.5,0.113131623
2648,0,0.099214338
2649,0.8,0.104200556
2650,0.1,0.115494153
2651,0,0.106376078
2652,0.2,0.110774957
2653,0,0.107600564
2654,0.3,0.112371847
2655,0,0.115037848
2656,0,0.108846651
2657,-0.431818182,0.113060091
2658,0,0.114729718
2659,0,0.105523493
2660,0,0.10077443
2661,-0.075,0.104470321
2662,0,0.106059064
2663,-0.2,0.110280648
2664,-0.25,0.1077031
2665,1,0.103739781
2666,0,0.105379139
2667,1,0.114312926
2668,0,0.12070955
2669,0,0.113409503
2670,0,0.112120389
2671,0,0.106807685
2672,-0.066666667,0.109755175
2673,0.15,0.10354767
2674,0,0.105786055
2675,0,0.107254228
2676,0,0.108034036
2677,0,0.12527036
2678,0,0.117816752
2679,0.2,0.114190875
2680,0.5,0.102989305
2681,0.2,0.115030758
2682,0,0.111824704
2683,0.136363636,0.108782133
2684,0.5,0.108007018
2685,0.255681818,0.105008263
2686,0,0.113665769
2687,0.07,0.113230421
2688,0,0.104151661
2689,0,0.114169931
2690,0,0.105911823
2691,0.136363636,0.111433253
2692,0.282142857,0.112079305
2693,0,0.1051258
2694,0,0.114249883
2695,0.128787879,0.092874799
2696,0,0.114653715
2697,0,0.119656487
2698,0,0.109855804
2699,0,0.111248717
2700,0,0.115308759
2701,-0.208333333,0.107375349
2702,0,0.115397451
2703,-0.3125,0.11329818
2704,0,0.105038721
2705,0.5,0.10640041
2706,0,0.102469041
2707,0,0.110831275
2708,0,0.117088072
2709,0,0.107060632
2710,0.03125,0.10828429
2711,0,0.113380089
2712,0.3,0.112479263
2713,0,0.105782282
2714,0,0.112209027
2715,0,0.108022073
2716,0.3,0.11098677
2717,0.54,0.117379202
2718,0,0.112121349
2719,0,0.104024964
2720,0,0.113708362
2721,-0.25,0.115919606
2722,0.166666667,0.105523493
2723,0.1,0.114308118
2724,0,0.113048712
2725,0.05,0.10873543
2726,0,0.11617548
2727,0,0.103455921
2728,0.7,0.113433889
2729,0,0.114729718
2730,-0.25,0.113945488
2731,0.05,0.112959348
2732,0,0.114855165
2733,-0.234027778,0.119656487
2734,-0.6,0.106829855
2735,0,0.108488005
2736,0.461111111,0.105731955
2737,0.1,0.106290709
2738,0.083333333,0.112723549
2739,-0.4,0.102156355
2740,0,0.113519531
2741,-0.125,0.099994911
2742,-0.033333333,0.117770718
2743,0.136363636,0.118919623
2744,0,0.113348244
2745,0.35,0.109905559
2746,0,0.113442383
2747,0,0.113559468
2748,0,0.113096455
2749,0.6,0.112050085
2750,0,0.112930206
2751,0,0.12286942
2752,0,0.114258914
2753,0,0.114137843
2754,-0.021212121,0.118817993
2755,0,0.113097608
2756,-0.25,0.105967018
2757,0,0.105648732
2758,0.5,0.102761247
2759,-0.4,0.095140928
2760,0,0.114006058
2761,0,0.111740201
2762,0,0.110856829
2763,0.5,0.114318238
2764,-0.05,0.110807504
2765,0,0.111211857
2766,0,0.103486161
2767,0.05,0.109041
2768,0,0.110890415
2769,0.35625,0.117005405
2770,0.8,0.103784173
2771,-0.5,0.105451385
2772,0.001515152,0.10530997
2773,0,0.115713845
2774,0,0.121210342
2775,0,0.11587412
2776,0,0.105234104
2777,0.4,0.113372547
2778,0,0.10905792
2779,0,0.109013046
2780,0.133333333,0.12035305
2781,0.4,0.110030642
2782,0,0.113823636
2783,0,0.11386846
2784,0,0.108182544
2785,0,0.117108711
2786,0,0.104990968
2787,0,0.112958093
2788,0,0.099393985
2789,0,0.114855165
2790,0,0.111216899
2791,0,0.112493898
2792,0,0.101703923
2793,0,0.116970916
2794,0,0.116667946
2795,0.170454545,0.11555192
2796,0.2625,0.10982956
2797,0,0.117305092
2798,0.6,0.120991667
2799,0.9765625,0.124389914
2800,-0.4,0.099444067
2801,0,0.111262289
2802,0,0.098763448
2803,0.3,0.102039632
2804,0,0.102804127
2805,0.14,0.117544211
2806,0.3,0.114015158
2807,0,0.114676838
2808,-0.075,0.112928932
2809,0.7,0.108020226
2810,0,0.111491764
2811,0.3,0.10983723
2812,0.066666667,0.118099273
2813,0.78125,0.116364278
2814,0.193181818,0.109646737
2815,0,0.111941796
2816,0.183333333,0.113567655
2817,0,0.114574656
2818,-0.5,0.111553093
2819,1,0.113772323
2820,0,0.109448523
2821,0.2,0.109214134
2822,0,0.10294149
2823,0,0.11893565
2824,0,0.117468442
2825,0,0.109856479
2826,0,0.103601074
2827,0,0.114993275
2828,0,0.117078848
2829,0,0.104624459
2830,-0.059722222,0.103739536
2831,0,0.114318192
2832,0.933333333,0.105900245
2833,0.8,0.110898937
2834,0.013333333,0.113389353
2835,0.7,0.108174889
2836,0.75,0.115325855
2837,1,0.107923871
2838,0.136363636,0.10659424
2839,-0.416666667,0.106550387
2840,0.5,0.115238839
2841,0.29,0.108703417
2842,0,0.114481049
2843,0.5,0.10520037
2844,0,0.117078848
2845,0,0.106562117
2846,0.8,0.113832377
2847,-0.230769231,0.099392338
2848,0,0.112120389
2849,0.6,0.121532063
2850,0,0.11893565
2851,0,0.110268441
2852,-0.3,0.111358114
2853,0,0.110758093
2854,-0.333333333,0.115358331
2855,0,0.107273272
2856,0.25,0.118304182
2857,0,0.106167096
2858,0.4,0.105985308
2859,0,0.108003231
2860,0,0.115273355
2861,0,0.118298856
2862,0.5,0.110061274
2863,0,0.117608334
2864,0.2,0.103257413
2865,0.65,0.112823455
2866,0,0.107618787
2867,0,0.105967018
2868,0,0.105618071
2869,1,0.11555192
2870,0.045454545,0.113451497
2871,0.5,0.11823947
2872,0,0.107142375
2873,1,0.111358114
2874,0,0.112172902
2875,0,0.107896112
2876,0.285714286,0.114165298
2877,-0.45,0.113157935
2878,0,0.113289696
2879,0,0.114720623
2880,0,0.112972272
2881,-0.3,0.115442807
2882,0.5,0.108731435
2883,0,0.115102037
2884,0.25,0.115925898
2885,-0.25,0.110887727
2886,0.1,0.109350984
2887,-0.75,0.109896127
2888,0,0.110755943
2889,0,0.116717331
2890,0.15,0.114211114
2891,-0.125,0.11629373
2892,0.5,0.113888719
2893,0.1,0.108465058
2894,0.25,0.114165298
2895,0,0.111382537
2896,0.3,0.108687977
2897,0.25,0.103226945
2898,0,0.119484295
2899,0,0.118670416
2900,0,0.115543271
2901,0.8,0.116402172
2902,0,0.115603101
2903,0.6,0.105679116
2904,-0.142261905,0.104910736
2905,0.166666667,0.10818038
2906,0.136363636,0.111881993
2907,-0.3,0.115120016
2908,0.170454545,0.105948439
2909,0,0.115102037
2910,-0.3125,0.112597242
2911,0.357142857,0.099172212
2912,0.208,0.114930419
2913,-0.6,0.110616933
2914,0,0.116532316
2915,0,0.111495377
2916,0,0.10509246
2917,0,0.099821174
2918,0.5,0.114470115
2919,0.677083333,0.104525816
2920,0,0.116182517
2921,0.25,0.116354866
2922,0.15,0.110780408
2923,0.008333333,0.126870741
2924,0.7,0.117283374
2925,0,0.10659424
2926,0,0.113805292
2927,0,0.108301626
2928,0,0.105435162
2929,-0.05,0.104836255
2930,0.133333333,0.115924022
2931,0.4,0.105731789
2932,0.8,0.113242252
2933,0,0.111693862
2934,0,0.112493898
2935,0,0.109276161
2936,0,0.108113439
2937,0,0.10659309
2938,0,0.116964224
2939,0.323484848,0.111902316
2940,0.65,0.112928932
2941,-0.3125,0.114395119
2942,-0.145833333,0.114161966
2943,0.1875,0.114061414
2944,0.271875,0.108544141
2945,-0.125,0.110954699
2946,0.3,0.113657023
2947,0.5,0.112150029
2948,0.633333333,0.108608437
2949,0,0.108534352
2950,-0.3,0.110247778
2951,0.104166667,0.113862324
2952,0.170454545,0.11047388
2953,0,0.117283374
2954,0,0.111054556
2955,-0.15,0.112497156
2956,0,0.114846547
2957,0,0.107980346
2958,0,0.113357151
2959,0,0.115484723
2960,0,0.110175893
2961,-0.125,0.117520753
2962,0.127272727,0.115999907
2963,-0.4,0.11026566
2964,0,0.1002706
2965,-0.122222222,0.125020625
2966,0,0.115546915
2967,0.85,0.104212428
2968,0,0.116364278
2969,0,0.100931971
2970,0.2,0.111788653
2971,0,0.113872343
2972,0.5,0.107776456
2973,0.25,0.10509246
2974,-0.083333333,0.108554114
2975,0.458333333,0.108488005
2976,-0.25,0.106274476
2977,0,0.107856568
2978,0.233333333,0.101285694
2979,-0.291666667,0.113888719
2980,0,0.112023272
2981,0.45,0.118159452
2982,-0.25,0.11292992
2983,0.166666667,0.114211114
2984,0,0.110984643
2985,0,0.109423255
2986,-0.125,0.110495036
2987,0,0.117468442
2988,0,0.112928932
2989,0,0.110514499
2990,0.192613636,0.119108347
2991,0,0.108570508
2992,-0.10625,0.107249814
2993,0,0.105310912
2994,0,0.109849114
2995,-0.094444444,0.119108347
2996,0.1,0.115473619
2997,0,0.107391867
2998,0,0.111785202
2999,1,0.109952148
3000,0.35,0.117689838
3001,0,0.110726679
3002,0.5,0.114025049
3003,0,0.115316468
3004,0,0.122043745
3005,0,0.110432779
3006,0.284090909,0.113888719
3007,0,0.090438666
3008,-0.25,0.105165707
3009,0,0.103652853
3010,0,0.10387207
3011,0.6,0.113911979
3012,0,0.108671495
3013,0.375,0.104217019
3014,0.5,0.111734925
3015,0.3875,0.106703591
3016,0.285714286,0.10743432
3017,0,0.109041
3018,0.104166667,0.114036699
3019,0,0.11904535
3020,-0.133333333,0.104819374
3021,0.075,0.113241705
3022,0,0.112156715
3023,0,0.10082198
3024,0,0.110185884
3025,0.228571429,0.107265482
3026,0.658333333,0.115111408
3027,0.136363636,0.119038262
3028,0.033333333,0.105909351
3029,0.136363636,0.109350984
3030,0.058333333,0.118099273
3031,0.375,0.112703234
3032,0.5,0.119344556
3033,0,0.111172888
3034,-0.4,0.099172212
3035,0,0.108022073
3036,0,0.112405719
3037,0.1,0.108089087
3038,0.368181818,0.114061414
3039,0,0.108860748
3040,1,0.120578932
3041,0,0.110074635
3042,0,0.1138444
3043,0.266666667,0.109633262
3044,0.566666667,0.10705736
3045,0,0.108979497
3046,-0.3125,0.10943286
3047,0.5,0.114328818
3048,-0.75,0.105013939
3049,0.5,0.099691394
3050,0,0.117026602
3051,0.4,0.112310833
3052,0.5,0.113167618
3053,0,0.110080977
3054,0,0.112390489
3055,-0.4,0.111540752
3056,0.1,0.112503458
3057,-0.7,0.116094389
3058,0,0.118645342
3059,0,0.108830666
3060,-0.4,0.101799066
3061,-0.5,0.108974523
3062,0.136363636,0.111732068
3063,0.193333333,0.110959682
3064,0,0.115442807
3065,1,0.108761655
3066,0.5125,0.111497697
3067,0,0.114148804
3068,0.074603175,0.111312852
3069,0,0.119656487
3070,0.2,0.109276161
3071,0.5,0.109751195
3072,0.1,0.114505096
3073,-0.50625,0.107249814
3074,0.91,0.105008263
3075,-0.4375,0.110787765
3076,0,0.116057687
3077,-0.06,0.102039632
3078,0.296428571,0.108925039
3079,0,0.110421893
3080,0,0.107210069
3081,0.170454545,0.115149403
3082,0.05,0.104997855
3083,0.25,0.114995401
3084,0.5,0.113601109
3085,0,0.114634628
3086,0,0.107556236
3087,0.4125,0.109886013
3088,0.391666667,0.110863677
3089,0.5,0.115128679
3090,0.214285714,0.113675531
3091,0.05,0.117039203
3092,0.5,0.108174889
3093,-0.147070313,0.110740124
3094,0,0.117007008
3095,0,0.111977712
3096,0.5,0.113875611
3097,0,0.110167224
3098,0.288257576,0.117249537
3099,0.083333333,0.118919623
3100,0,0.111856218
3101,0,0.113318228
3102,0,0.115771863
3103,0.05,0.109627518
3104,0.711979167,0.101194578
3105,0.3875,0.114050756
3106,-0.3,0.107654589
3107,0.6,0.11263572
3108,0.65,0.112743357
3109,0,0.10863447
3110,0,0.110266681
3111,0.433333333,0.11070093
3112,0,0.102950881
3113,0.21875,0.112703234
3114,0,0.108310272
3115,0.5,0.112649342
3116,0,0.109871503
3117,0.766666667,0.114006219
3118,-0.155555556,0.099828712
3119,0.6,0.106784562
3120,0.8,0.113029799
3121,0.25,0.103825972
3122,0.1390625,0.114697392
3123,0,0.114547066
3124,0.285714286,0.097092562
3125,-0.75,0.11515967
3126,0,0.111668033
3127,0,0.118696324
3128,0,0.104886112
3129,0.1,0.112066152
3130,0,0.110875056
3131,-0.258854167,0.112079305
3132,-0.033333333,0.11998479
3133,0.068181818,0.104250796
3134,0.9,0.109627518
3135,0,0.113057683
3136,1,0.101202837
3137,0,0.113289696
3138,0,0.105961051
3139,0.5,0.104024964
3140,0,0.114140788
3141,0,0.109448353
3142,0,0.113567493
3143,0,0.106378253
3144,0.385,0.100300647
3145,0,0.110930371
3146,0.55,0.115179046
3147,0,0.100866888
3148,0,0.118460059
3149,0.1,0.110284498
3150,0,0.112156715
3151,0.8,0.111815899
3152,0.234375,0.115397451
3153,0.318181818,0.103114564
3154,-0.25,0.102573261
3155,0.8,0.10257131
3156,0,0.106257406
3157,0.25,0.101799066
3158,-0.2,0.115963125
3159,0.5,0.10876732
3160,0.083333333,0.112479263
3161,0,0.108830666
3162,-0.071022727,0.120829549
3163,-0.1,0.103107455
3164,-0.425,0.10946692
3165,0,0.114720623
3166,0.25,0.113452338
3167,0.5859375,0.104832151
3168,0,0.112209027
3169,0,0.109132818
3170,0,0.109364523
3171,0,0.114069184
3172,0.125,0.104697012
3173,0,0.105948439
3174,0.133333333,0.103838721
3175,0,0.110269314
3176,0,0.11744775
3177,-0.125,0.104227005
3178,0,0.108887096
3179,0,0.103247628
3180,0,0.107254228
3181,-0.383333333,0.119969476
3182,1,0.11904535
3183,0,0.11823947
3184,-0.2,0.106599607
3185,0.8,0.102303256
3186,0,0.113312235
3187,-0.1,0.115906406
3188,0,0.114785277
3189,0.3875,0.115653413
3190,-0.333333333,0.113708672
3191,1,0.115603101
3192,0,0.103135454
3193,0,0.109550378
3194,0,0.11674435
3195,0,0.11445124
3196,0,0.100197776
3197,0.15,0.11091278
3198,0,0.105493458
3199,1,0.10783761
3200,0,0.108174889
3201,0,0.098064579
3202,0,0.105758906
3203,0.140692641,0.111349069
3204,0,0.106161819
3205,0.475,0.110556667
3206,0.25,0.117229572
3207,0,0.117938248
3208,0,0.108554114
3209,0,0.105512169
3210,0,0.100763299
3211,0.75,0.111740201
3212,0,0.106555555
3213,0,0.110374695
3214,0.5,0.111342487
3215,0,0.120490494
3216,0,0.10904414
3217,0.46875,0.120578932
3218,0,0.109754131
3219,0,0.116538874
3220,0.333333333,0.116232875
3221,0.25,0.106800018
3222,0.9765625,0.110699186
3223,-0.4,0.114312926
3224,0,0.109659
3225,1,0.113436523
3226,0,0.108932132
3227,0.625,0.111060457
3228,0.236111111,0.102818853
3229,0.1,0.113963274
3230,0.375,0.108671495
3231,0,0.113198655
3232,-0.4,0.114854296
3233,0.5,0.113708672
3234,0,0.113977288
3235,0.3,0.114283714
3236,0,0.110959682
3237,0.35,0.119227749
3238,0.5,0.114333115
3239,0.4,0.111060669
3240,0,0.107600564
3241,0,0.107367329
3242,0,0.11823947
3243,0,0.114654786
3244,0,0.118195876
3245,0,0.115754143
3246,-0.125,0.116972939
3247,-0.5,0.126279163
3248,0.2,0.112723549
3249,0.127272727,0.111915534
3250,0.1,0.110484961
3251,0,0.110788225
3252,0,0.111326673
3253,0,0.10302214
3254,0,0.103566771
3255,0,0.108074255
3256,0,0.103104974
3257,0,0.108570508
3258,0.8,0.118285956
3259,0.5,0.115274794
3260,0.233333333,0.101212667
3261,-0.6,0.116182517
3262,-0.4,0.104917139
3263,0,0.115037848
3264,0.6,0.111381797
3265,0,0.118043244
3266,0,0.102241844
3267,0,0.104052498
3268,-0.155555556,0.104814566
3269,0,0.107600564
3270,0.136363636,0.123617527
3271,0,0.118688503
3272,0,0.111691242
3273,0.285714286,0.103659282
3274,0.5,0.114847108
3275,0.1,0.113048712
3276,0,0.110847545
3277,0,0.106829855
3278,0,0.112217497
3279,0.5,0.113060091
3280,0.25,0.109853381
3281,0.057359307,0.116721801
3282,0,0.114301968
3283,0,0.108498121
3284,0.7,0.109038766
3285,0,0.105812711
3286,0.180482701,0.109583028
3287,0.15,0.112227226
3288,0,0.110935387
3289,0.5,0.104357698
3290,-0.25,0.104576878
3291,-0.2,0.113152228
3292,0.25,0.111135762
3293,0.136363636,0.112808422
3294,0,0.105516415
3295,0,0.103739781
3296,0,0.115871003
3297,0,0.107282533
3298,0,0.112772863
3299,0,0.108671495
3300,0,0.114663688
3301,0.357142857,0.10605461
3302,0,0.124322257
3303,0.016666667,0.11431298
3304,0,0.10484375
3305,0,0.108272235
3306,0,0.119197062
3307,0,0.102818853
3308,0,0.105448271
3309,0,0.110760149
3310,0,0.105687903
3311,0.4375,0.12097474
3312,-0.12,0.103566771
3313,0,0.111685465
3314,0.08125,0.11596637
3315,0.3,0.107776456
3316,0,0.10734041
3317,-0.8,0.120490494
3318,0.283333333,0.100657408
3319,0,0.115599939
3320,-0.239583333,0.109745602
3321,0.6,0.112937903
3322,0.166666667,0.114312926
3323,0.5,0.105047819
3324,0.166666667,0.108888533
3325,0,0.118716344
3326,0.285227273,0.114054922
3327,-0.5,0.106711468
3328,0.361111111,0.119294819
3329,0.8,0.116387088
3330,0.1625,0.106714823
3331,-0.364583333,0.111743622
3332,0,0.114404021
3333,1,0.108498121
3334,0.4,0.107666734
3335,0,0.112904573
3336,-0.625,0.112684096
3337,0.0375,0.115474667
3338,0,0.106871885
3339,0.0625,0.113167618
3340,0,0.10982096
3341,0.6,0.115721414
3342,0,0.108842014
3343,0,0.110514499
3344,0.5,0.111740201
3345,0,0.110389926
3346,0,0.114897135
3347,0,0.101071398
3348,0,0.111231674
3349,0,0.114006219
3350,0,0.119956252
3351,0.35,0.114211114
3352,0,0.106059064
3353,0,0.107200836
3354,0,0.115981205
3355,0,0.107844967
3356,0,0.110004987
3357,0,0.10530997
3358,0.125,0.107142375
3359,0,0.105782282
3360,-0.3,0.115603101
3361,0,0.103739536
3362,0.5,0.101875947
3363,-0.4,0.117353423
3364,0.0875,0.110183756
3365,0.053571429,0.107832986
3366,0,0.110743524
3367,0,0.105113791
3368,0,0.110247778
3369,0,0.105234104
3370,0.1375,0.114213778
3371,0,0.111497697
3372,0,0.111189709
3373,-0.5,0.111129254
3374,-0.4,0.115546915
3375,-0.155555556,0.117275219
3376,0,0.114815851
3377,0,0.115754143
3378,0,0.113343909
3379,0.378787879,0.110482364
3380,0.164285714,0.122100844
3381,0,0.104002811
3382,0.09375,0.113758515
3383,0,0.111450795
3384,0,0.110488583
3385,0,0.112038374
3386,0.018181818,0.107254228
3387,0,0.104651493
3388,0,0.099444067
3389,-0.234375,0.114682255
3390,0,0.108314018
3391,0,0.112492335
3392,0.136363636,0.118208179
3393,0,0.108559289
3394,0,0.110473145
3395,-0.0125,0.110000453
3396,0,0.116964224
3397,0.357142857,0.107206645
3398,0.15,0.108887096
3399,-0.5,0.113576953
3400,0.214285714,0.112232884
3401,0,0.124886456
3402,0,0.108153857
3403,0.3,0.112479263
3404,0.168181818,0.110208152
3405,0.390625,0.103149857
3406,-0.1,0.102500109
3407,0,0.113473557
3408,1,0.111767057
3409,0,0.109612653
3410,0,0.116471939
3411,-0.3,0.106965026
3412,0,0.109839248
3413,0,0.108705647
3414,-0.113095238,0.119997337
3415,0,0.1117486
3416,0.7,0.108310175
3417,0.8,0.113151229
3418,0,0.11273058
3419,0.261904762,0.115289905
3420,0.45,0.114846547
3421,0.5,0.110489291
3422,0,0.113116241
3423,0,0.11184955
3424,0.357142857,0.112321187
3425,0,0.109379327
3426,0,0.100412475
3427,0.6,0.113228026
3428,-0.388888889,0.107210069
3429,0,0.117682583
3430,0,0.115999907
3431,0,0.108846651
3432,0.25,0.107654589
3433,0,0.100931971
3434,-0.2,0.117852336
3435,0.266666667,0.111953124
3436,0.8,0.106257067
3437,0.35,0.114680822
3438,0.4,0.114167003
3439,0,0.10828429
3440,0,0.103224031
3441,0,0.112843402
3442,0.175,0.11176175
3443,-0.714285714,0.110550693
3444,0.4,0.115517408
3445,0,0.110468535
3446,0,0.107873977
3447,0,0.103862828
3448,-0.133333333,0.10791279
3449,0,0.113386782
3450,0,0.120844811
3451,0,0.111812828
3452,-0.077777778,0.109856479
3453,0.2,0.115599939
3454,0,0.104986252
3455,-0.075,0.109004724
3456,0,0.104024964
3457,0,0.108805825
3458,0,0.111211857
3459,-0.007142857,0.111916017
3460,0.133333333,0.113229402
3461,0,0.111257169
3462,-0.05,0.110432779
3463,0,0.102469041
3464,0.1,0.104970061
3465,0,0.102989305
3466,0.625,0.109896127
3467,0.16,0.107341844
3468,0,0.110708706
3469,0,0.107215304
3470,-0.1875,0.103558626
3471,0.5,0.107004511
3472,0.3,0.108321945
3473,-0.0125,0.113595929
3474,0,0.105782282
3475,0,0.11264357
3476,0.3,0.108488005
3477,0,0.114140788
3478,-0.7,0.106966344
3479,0,0.10138964
3480,0.5,0.111207514
3481,-0.15,0.115849338
3482,-0.175,0.108488005
3483,0.25,0.112337838
3484,0.5,0.102788892
3485,0,0.109839248
3486,0,0.111759823
3487,0,0.110966183
3488,0,0.112479263
3489,0.025,0.103486161
3490,0.65,0.108030257
3491,0,0.114354877
3492,0,0.11056471
3493,0,0.107383635
3494,0,0.11263572
3495,0,0.111434375
3496,0.1,0.111349069
3497,0.7,0.114824133
3498,0.575,0.106374438
3499,0,0.106467451
3500,0,0.11023308
3501,0,0.100763299
3502,0,0.108310272
3503,0.136363636,0.118488239
3504,0.1,0.109095388
3505,0.4,0.114093785
3506,0.25,0.111129254
3507,0,0.103267932
3508,0,0.112533873
3509,1,0.112684096
3510,0.142857143,0.106340947
3511,0,0.110280905
3512,-0.129976852,0.112721288
3513,0,0.105365515
3514,-0.625,0.10257728
3515,0.1,0.11154801
3516,0,0.10882949
3517,-0.237878788,0.109176278
3518,0,0.110846437
3519,0,0.11035638
3520,0,0.122043745
3521,0.5,0.110659704
3522,0.5,0.100245735
3523,0.5,0.110581214
3524,-0.075,0.108694552
3525,0.045833333,0.109856479
3526,-0.1,0.110114137
3527,0,0.127151585
3528,0,0.104463781
3529,0.4,0.117585376
3530,0,0.105463906
3531,0,0.107949592
3532,0.6,0.113719317
3533,0,0.11133257
3534,0,0.111728368
3535,0.25,0.112371847
3536,0.478787879,0.107949592
3537,0,0.119344556
3538,0,0.116308176
3539,0.118181818,0.112297586
3540,0.1,0.102098704
3541,0,0.119656487
3542,0,0.115397451
3543,-0.15,0.107647934
3544,0.175,0.115896557
3545,0,0.111430229
3546,0.125,0.110247778
3547,0,0.110482364
3548,0,0.110367208
3549,0.083333333,0.107213379
3550,0,0.117938248
3551,0,0.109276161
3552,0,0.119227749
3553,0.208333333,0.100999168
3554,-0.2,0.103845951
3555,0.15,0.102490872
3556,0,0.108320874
3557,0.6,0.110940034
3558,0,0.114758774
3559,0.5,0.108022073
3560,0,0.110423315
3561,0.004166667,0.110364129
3562,0.25,0.10302214
3563,-0.25,0.119200932
3564,0,0.104048292
3565,0,0.115766218
3566,0,0.113080654
3567,0.166666667,0.101657951
3568,0.5,0.114481753
3569,0,0.113230371
3570,0.8,0.107841713
3571,0.095238095,0.110689596
3572,0,0.106560109
3573,0,0.104153208
3574,0.05,0.110550693
3575,0.425,0.10956072
3576,0,0.111370744
3577,0.05,0.111339743
3578,0.212121212,0.119242121
3579,0,0.108979497
3580,0.5,0.105493458
3581,0.666666667,0.116089381
3582,0.25,0.107666734
3583,0.136363636,0.114006219
3584,0.15,0.115179046
3585,-0.2,0.105216092
3586,0,0.111106715
3587,0,0.110747916
3588,0,0.126870741
3589,0,0.109583028
3590,-0.25,0.102156355
3591,-0.2,0.126279163
3592,0,0.109355428
3593,0.168181818,0.116461708
3594,0.083333333,0.107840749
3595,0,0.109176278
3596,0.377777778,0.111382537
3597,0,0.112487895
3598,0,0.114524236
3599,0,0.103826465
3600,0.2,0.113187698
3601,0,0.110036107
3602,0.5,0.107588771
3603,0,0.120844811
3604,0,0.109325498
3605,0.6,0.120799891
3606,0.5,0.108174889
3607,0,0.113501252
3608,0.7375,0.118026009
3609,-0.166666667,0.105425985
3610,0,0.114313003
3611,0.136363636,0.105119853
3612,-0.2,0.107949592
3613,0.125,0.114228293
3614,0,0.114635979
3615,0,0.107142375
3616,0.05,0.1054786
3617,0.166666667,0.121261416
3618,0.136363636,0.111977712
3619,0.2,0.111632827
3620,0.8,0.116546894
3621,1,0.106731207
3622,0.5,0.113321854
3623,0.5,0.111234092
3624,0.541666667,0.113198655
3625,0,0.110247778
3626,0.494444444,0.115546915
3627,0,0.10891349
3628,0.5,0.10118159
3629,0,0.116591585
3630,0.1,0.115754143
3631,0,0.112241906
3632,0.125,0.110488583
3633,0,0.111401706
3634,0,0.120991667
3635,0.227272727,0.111566233
3636,0.348153409,0.111685465
3637,0.45,0.111468784
3638,0,0.110794425
3639,0,0.10868725
3640,0,0.108668379
3641,1,0.111732068
3642,0,0.111360439
3643,0,0.10978041
3644,-0.4,0.111701657
3645,0,0.115718873
3646,0,0.113318872
3647,0.285714286,0.114701798
3648,-0.5125,0.120234258
3649,0.425,0.112135887
3650,0.625,0.107300342
3651,0.5,0.113750905
3652,0.375,0.110704477
3653,0.4,0.103117966
3654,0.3,0.099172212
3655,0,0.103725179
3656,0.069166667,0.115809936
3657,0,0.100999168
3658,0.1625,0.112123671
3659,0,0.10411186
3660,0,0.110743524
3661,0,0.115722726
3662,0,0.108887096
3663,-0.2,0.114578727
3664,0.16,0.105347431
3665,0.225,0.10580721
3666,0.0625,0.113617847
3667,-0.016666667,0.109185377
3668,0.3,0.10273363
3669,0.5,0.108047267
3670,0,0.11295648
3671,-1,0.114888044
3672,-0.25,0.109977147
3673,0,0.113212834
3674,0,0.108488005
3675,0.875,0.105165707
3676,0,0.112310833
3677,0,0.115027411
3678,-0.2,0.112180063
3679,0,0.106829855
3680,0.21875,0.110114137
3681,0.445833333,0.108888533
3682,0.068181818,0.10273363
3683,0.4,0.105731789
3684,0,0.10965076
3685,0.083333333,0.115603101
3686,0,0.114137843
3687,0.104166667,0.111207514
3688,0,0.114069184
3689,0,0.101157324
3690,0.175,0.105435162
3691,0.125,0.114682255
3692,0,0.105967018
3693,0,0.119695324
3694,0.625,0.118927528
3695,0.1875,0.107728801
3696,0,0.120490494
3697,0,0.110659704
3698,0.1875,0.117624856
3699,0,0.109447287
3700,0.5,0.106484568
3701,0,0.114789677
3702,0,0.105352285
3703,0,0.110273051
3704,0,0.114353539
3705,0,0.112635655
3706,0.333333333,0.10530997
3707,0,0.119121979
3708,0,0.110970129
3709,0.4,0.112266596
3710,0,0.110751891
3711,1,0.108047267
3712,0,0.111189709
3713,0.25,0.123617527
3714,0.5,0.113634241
3715,0,0.117005405
3716,0,0.104442916
3717,0,0.123617527
3718,0,0.110367047
3719,0.05,0.102089903
3720,0,0.113938135
3721,0,0.113389353
3722,0.25,0.106213184
3723,0,0.10411186
3724,0.15,0.110778113
3725,0,0.115473619
3726,0,0.11154801
3727,0.333333333,0.114054922
3728,0.2,0.106129345
3729,0.168181818,0.117899069
3730,0,0.110030642
3731,0,0.110305838
3732,0,0.113946476
3733,0,0.108860748
3734,0.25,0.109398038
3735,0,0.107367329
3736,0.8,0.108671187
3737,0,0.119231518
3738,0.25,0.116561595
3739,0,0.108472745
3740,0,0.106175644
3741,0.386590909,0.105948439
3742,0,0.10640041
3743,0.168181818,0.110484207
3744,0,0.102852114
3745,0,0.105984393
3746,0,0.111668033
3747,0.136363636,0.110636784
3748,0,0.105782282
3749,0,0.099172212
3750,0,0.117520753
3751,0.013888889,0.108574194
3752,0,0.115999907
3753,0.2,0.111724342
3754,0.168181818,0.110636784
3755,-0.2,0.112120389
3756,0.375,0.115406073
3757,0.2,0.111364185
3758,0,0.107629725
3759,0.2,0.110171099
3760,0.267857143,0.107622813
3761,0,0.113183911
3762,0.5,0.113708672
3763,0,0.107928164
3764,0,0.110948729
3765,0.020833333,0.117353423
3766,0.6,0.105734838
3767,0,0.104949154
3768,0.05,0.108308856
3769,-0.15,0.112022748
3770,0,0.106829855
3771,0.036174242,0.108752034
3772,0.1,0.11062389
3773,0,0.103318676
3774,0,0.113560353
3775,0.125,0.104640541
3776,0.5,0.119185581
3777,0,0.118349182
3778,0.7,0.112918854
3779,0,0.112266656
3780,0.211038961,0.111304103
3781,-0.4,0.108932132
3782,0,0.113827506
3783,0,0.107856568
3784,0,0.107072945
3785,0.0625,0.101050951
3786,0.4,0.110915777
3787,0,0.115737032
3788,0,0.107265482
3789,0.4,0.106426771
3790,0,0.103862828
3791,0.75,0.110828573
3792,0.8,0.113720659
3793,0.318181818,0.111986697
3794,0.375,0.102469449
3795,0.7,0.123951851
3796,0,0.102573261
3797,1,0.108337741
3798,0,0.111162809
3799,0,0.112479263
3800,0.136363636,0.112779927
3801,0.15,0.108147083
3802,0,0.102232874
3803,0.2,0.105434018
3804,0.025,0.113312235
3805,0,0.113131797
3806,0,0.102078996
3807,-0.4,0.116237696
3808,-0.5,0.113197516
3809,0.6,0.116717331
3810,0.4,0.107928164
3811,0,0.114758774
3812,0.5,0.110581214
3813,0.8,0.110875056
3814,0.6,0.106761284
3815,0,0.105336415
3816,0,0.112772159
3817,0.5,0.10791279
3818,0,0.115963125
3819,0,0.116752907
3820,-0.175,0.126870741
3821,0,0.114205292
3822,0.285714286,0.104990968
3823,-0.4,0.118645475
3824,0.322222222,0.113647818
3825,0.175,0.104864222
3826,0,0.111916017
3827,1,0.108540221
3828,0,0.108820919
3829,0.45,0.117803817
3830,0,0.109982081
3831,0.95,0.103784173
3832,0,0.111732068
3833,0,0.117988486
3834,0,0.115412764
3835,0.075,0.110985194
3836,0.2,0.107452041
3837,0,0.108488005
3838,0,0.113657023
3839,0.318181818,0.110565992
3840,-0.125,0.111238067
3841,0,0.110174224
3842,0,0.114195141
3843,0.207142857,0.110855156
3844,0,0.109447287
3845,0.25,0.112070565
3846,0.6,0.113131623
3847,0.2,0.113312952
3848,0,0.102241844
3849,0.5,0.112047262
3850,-0.145833333,0.112519506
3851,-0.088068182,0.108577691
3852,-0.071428571,0.102039632
3853,0,0.114569248
3854,0,0.110247778
3855,0,0.11539131
3856,0,0.105451385
3857,0,0.113654606
3858,1,0.103177622
3859,-0.0625,0.10734041
3860,0,0.106791984
3861,-0.3,0.108422096
3862,0,0.10580721
3863,0,0.113229402
3864,0,0.110895311
3865,-0.2,0.112467181
3866,1,0.109041
3867,-0.75,0.110367208
3868,0,0.105090812
3869,0,0.110589496
3870,0.290277778,0.113888719
3871,0.2,0.118645475
3872,-0.1875,0.105895953
3873,0.252,0.116096205
3874,0,0.114897135
3875,0.8,0.107354933
3876,0,0.115975883
3877,0.85,0.111502278
3878,0.4,0.109499966
3879,0,0.101195687
3880,0,0.108583933
3881,0,0.107970276
3882,0.25,0.110743524
3883,0,0.101380218
3884,0,0.106871885
3885,0.375,0.114974094
3886,0.25,0.115432995
3887,0,0.10694975
3888,0,0.108427821
3889,0.083333333,0.106395896
3890,0.148148148,0.102818853
3891,0.333333333,0.106053369
3892,0.866666667,0.111091967
3893,0,0.117339962
3894,1,0.117740389
3895,1,0.10901274
3896,0,0.103725179
3897,0.5,0.115638315
3898,0.25,0.107881455
3899,0,0.114633088
3900,-0.408333333,0.105812711
3901,0,0.109647487
3902,0.1,0.099392338
3903,0,0.11254425
3904,0.5,0.109507297
3905,1,0.10828429
3906,1,0.099038874
3907,0,0.110374695
3908,0.875,0.109081164
3909,-0.2,0.117263633
3910,0.634375,0.117275219
3911,0.1,0.112246135
3912,0,0.106078261
3913,-0.275,0.10783761
3914,-0.166666667,0.111941796
3915,0,0.107980346
3916,0.45,0.113550301
3917,0,0.107669986
3918,0,0.109355099
3919,0,0.107510608
3920,-0.4,0.11666637
3921,-0.095833333,0.110306008
3922,0.423484848,0.105451385
3923,-1,0.112357283
3924,0,0.104007066
3925,-0.5,0.116089381
3926,0,0.110967975
3927,1,0.108116543
3928,-0.155555556,0.108488005
3929,1,0.104590754
3930,0.125,0.117852336
3931,0,0.110787765
3932,0,0.116089381
3933,0,0.103657058
3934,0,0.11144557
3935,-0.5,0.104630949
3936,0.5,0.117520753
3937,0.75,0.116222552
3938,0.3,0.113680127
3939,-0.91,0.109875859
3940,0,0.108094663
3941,0.666666667,0.113318085
3942,0,0.11823947
3943,-0.333333333,0.114093785
3944,0.512121212,0.103247628
3945,0,0.110668615
3946,0,0.113685927
3947,0,0.106257406
3948,0,0.115722726
3949,0.5,0.106132313
3950,-0.5,0.116132099
3951,0,0.107873296
3952,0,0.109984438
3953,0.212121212,0.120826393
3954,0.5,0.112791246
3955,0,0.099393985
3956,0,0.105711081
3957,-0.175,0.108509733
3958,0,0.113397016
3959,0,0.11144557
3960,0,0.108705647
3961,0,0.108488005
3962,-0.19,0.118487074
3963,0.6,0.102050574
3964,0.229166667,0.118488239
3965,0.307359307,0.108842014
3966,0,0.114137843
3967,0,0.108985223
3968,0,0.11837405
3969,-0.122222222,0.10746287
3970,0,0.111777908
3971,0.5,0.117877261
3972,-0.1875,0.113220889
3973,0.8,0.108551539
3974,0,0.115235825
3975,0.3,0.113454764
3976,0,0.121825956
3977,0,0.113259371
3978,0.55,0.116703574
3979,0,0.103247628
3980,0,0.117566
3981,0,0.116561595
3982,0,0.092991437
3983,0,0.115432995
3984,0,0.111654442
3985,0.052777778,0.104198746
3986,0,0.118380302
3987,0,0.115906406
3988,0,0.111842679
3989,0.2,0.105973055
3990,0,0.105336415
3991,0.068181818,0.115754143
3992,0.136363636,0.109919815
3993,0.1,0.112492919
3994,0,0.108422096
3995,0,0.113000702
3996,0.8,0.115980769
3997,0.5,0.115217951
3998,0,0.11008163
3999,0,0.112125729
4000,0,0.118095978
4001,0,0.116992738
4002,0,0.112254747
4003,0,0.105931574
4004,0,0.109231227
4005,0,0.11036894
4006,0.3,0.109423255
4007,0.525,0.104631639
4008,0,0.106254704
4009,0,0.107910608
4010,0,0.115599939
4011,0,0.113774941
4012,0.5,0.10411186
4013,0,0.114663688
4014,0.8,0.103135454
4015,0.12,0.112337838
4016,0.5,0.108860748
4017,0,0.100931971
4018,0.5,0.107321949
4019,0.25,0.111072089
4020,0,0.112172902
4021,0,0.111217648
4022,0.08,0.109659
4023,0,0.10624207
4024,0,0.107873296
4025,0.333333333,0.108160231
4026,0,0.111381797
4027,0,0.107652411
4028,-0.155555556,0.112371847
4029,0,0.107282533
4030,0,0.117826394
4031,0,0.113542493
4032,0.433333333,0.098763448
4033,0,0.112530728
4034,0,0.109980472
4035,0,0.113713562
4036,0,0.101584311
4037,0.0375,0.117803817
4038,-0.15,0.115871003
4039,0.6,0.110205187
4040,0,0.113758515
4041,0,0.10795994
4042,-0.390625,0.113343909
4043,0,0.117566
4044,0,0.105523493
4045,0,0.109447976
4046,0.043181818,0.108160231
4047,0,0.110636784
4048,0.225,0.109480345
4049,0.5,0.107365674
4050,0.136363636,0.112391924
4051,0.5,0.109194449
4052,-0.05,0.111916017
4053,0.466666667,0.114855165
4054,-0.05,0.1037176
4055,0.193181818,0.115638315
4056,0,0.105119853
4057,0,0.134588355
4058,0,0.115412764
4059,0,0.114088176
4060,0.175,0.108567916
4061,0,0.103767581
4062,0,0.109784469
4063,0.1,0.115603101
4064,0.625,0.10736088
4065,0,0.111791062
4066,-0.125,0.115273355
4067,0,0.116442203
4068,0.45,0.121960002
4069,0.25,0.115406073
4070,0.5,0.109840351
4071,0.625,0.115553975
4072,0.625,0.11315071
4073,0,0.113318872
4074,-0.5,0.116463536
4075,0,0.115713845
4076,0.625,0.111551892
4077,0,0.110064891
4078,0.1,0.107387524
4079,0,0.107182493
4080,0.25,0.113160154
4081,0,0.114147411
4082,0,0.107458696
4083,0,0.112008961
4084,-0.2,0.105379139
4085,0.5,0.110174224
4086,0.2140625,0.106001521
4087,1,0.110490256
4088,0.354166667,0.109284706
4089,0,0.117898337
4090,0.8,0.114729718
4091,0,0.114689273
4092,0,0.10862332
4093,-0.187878788,0.114069184
4094,0.15,0.103915029
4095,0.5,0.09973938
4096,0.1,0.110180061
4097,-0.033333333,0.111183895
4098,0.118181818,0.115197687
4099,0,0.105863308
4100,-0.3,0.105746254
4101,0,0.117585376
4102,0.675,0.113215789
4103,0,0.113720659
4104,0.45,0.107510608
4105,0,0.102794659
4106,0.15,0.109648125
4107,0,0.113720659
4108,0,0.108177844
4109,0.5,0.116111799
4110,0.6,0.105897649
4111,0.136363636,0.114219521
4112,-0.006818182,0.108608437
4113,0,0.110908615
4114,0,0.104538106
4115,0.25,0.114065819
4116,0,0.113230371
4117,0.610351563,0.112884683
4118,0.136666667,0.114682255
4119,0.233333333,0.113318085
4120,-0.025,0.11098677
4121,0,0.112172902
4122,0.35,0.115610201
4123,0,0.111849219
4124,0.068181818,0.119200932
4125,0.55,0.114855165
4126,0,0.102804127
4127,0.5,0.119175892
4128,0.05,0.114574656
4129,0.375,0.118645475
4130,-0.071428571,0.107249814
4131,-0.208333333,0.107148796
4132,0.5,0.11003561
4133,0,0.112097506
4134,0.5,0.104559831
4135,0,0.116141807
4136,0.78125,0.108846651
4137,0,0.104957046
4138,-0.125,0.112254747
4139,0,0.108136365
4140,0,0.112310833
4141,0.058333333,0.109489703
4142,0.049107143,0.122725775
4143,0,0.114010112
4144,0,0.109861738
4145,0,0.112254747
4146,0.5,0.10862332
4147,0,0.111728368
4148,0,0.107510608
4149,0,0.102470507
4150,0.35,0.107294345
4151,0.8,0.112610993
4152,0.3,0.114045643
4153,-0.277777778,0.115316468
4154,0,0.103298574
4155,0,0.115406073
4156,0.316666667,0.108731435
4157,0.3,0.105347431
4158,0.095238095,0.107182493
4159,0.25,0.113548164
4160,0,0.109634738
4161,1,0.111352562
4162,-0.266666667,0.112659903
4163,0,0.102788892
4164,0,0.116768456
4165,0,0.119356459
4166,-0.166666667,0.10705736
4167,0,0.113396814
4168,0,0.107550583
4169,0.4,0.122036419
4170,0,0.107394757
4171,0,0.11069521
4172,0,0.114894258
4173,0,0.114082696
4174,0,0.115484723
4175,0.166666667,0.117654752
4176,0,0.117617089
4177,0,0.106611699
4178,0.366666667,0.111815899
4179,0,0.111423988
4180,0,0.117689838
4181,0.5,0.111913792
4182,0,0.123827733
4183,0.017857143,0.115379356
4184,0.136363636,0.110780408
4185,0.375,0.114790192
4186,0,0.10772983
4187,0.5,0.110847545
4188,-0.233333333,0.112234907
4189,0,0.110364129
4190,0.2890625,0.115514679
4191,0.275,0.113888719
4192,0,0.11180113
4193,0.205,0.110828573
4194,0,0.118026009
4195,0.242857143,0.114341276
4196,0,0.110311152
4197,1,0.116545942
4198,0.2,0.098064579
4199,0.3,0.118630652
4200,0,0.113230421
4201,0.041666667,0.112232884
4202,0.3,0.108054782
4203,1,0.117283374
4204,0.5,0.115999907
4205,0.15,0.107588771
4206,0,0.099386356
4207,0.8,0.116364278
4208,0,0.10956072
4209,0,0.108020226
4210,0.25,0.106897512
4211,0.1,0.10743432
4212,0.066666667,0.103861141
4213,0.114814815,0.113314946
4214,0,0.120829549
4215,0,0.104910736
4216,0,0.110805736
4217,0,0.11167795
4218,0,0.104640541
4219,0,0.108116543
4220,0.85,0.101157324
4221,0,0.102089903
4222,0.6,0.109839248
4223,0,0.102719611
4224,0,0.107794518
4225,0.05,0.112843402
4226,-0.75,0.109375649
4227,0.520833333,0.12097474
4228,0,0.107142375
4229,0.2,0.118277662
4230,0,0.105165137
4231,0,0.10876732
4232,-0.5,0.101657951
4233,-0.25,0.108687977
4234,0,0.106546596
4235,0.25,0.095140928
4236,0,0.110038625
4237,-0.4,0.108174889
4238,0.6,0.11144557