,0
0,0.0
1,0.5
2,0.2
3,0.0
4,0.1125
5,0.0
6,-0.8
7,0.0
8,0.025
9,0.0
10,0.0
11,0.0
12,0.5
13,0.0
14,0.0
15,0.2
16,-0.09
17,0.0
18,0.0
19,1.0
20,0.0
21,0.0
22,0.13636363636363635
23,-0.1
24,0.0
25,0.0
26,0.6
27,0.25
28,-1.0
29,0.0
30,1.0
31,0.0
32,0.45999999999999996
33,0.0
34,-0.09999999999999992
35,0.0
36,0.0
37,0.0625
38,0.0
39,0.0
40,0.0
41,0.5
42,0.7
43,0.0
44,0.1
45,0.125
46,0.0
47,0.0
48,0.8
49,0.04545454545454545
50,-0.2
51,0.0
52,0.0500000000000001
53,0.05
54,0.0
55,0.0
56,0.0
57,-0.05000000000000001
58,1.0
59,0.0
60,0.0
61,0.0
62,0.05000000000000002
63,0.2857142857142857
64,-0.05
65,0.0
66,0.85
67,0.0
68,0.0
69,0.5
70,0.0
71,0.5
72,0.05000000000000001
73,-0.5
74,1.0
75,-0.75
76,0.0
77,0.0
78,0.3090909090909091
79,0.32857142857142857
80,0.8
81,0.11111111111111112
82,1.0
83,0.0
84,0.4
85,0.0
86,0.5
87,-0.2
88,-0.435
89,0.0
90,0.25
91,-0.08333333333333334
92,0.11666666666666665
93,0.0
94,-0.65
95,0.0
96,0.6
97,0.3333333333333333
98,0.20833333333333334
99,-0.30000000000000004
100,0.05
101,0.4
102,0.06818181818181818
103,0.0
104,0.625
105,0.0
106,0.0
107,0.0
108,-0.05
109,0.3805555555555556
110,0.0
111,-0.36683238636363635
112,0.0
113,0.25
114,0.8
115,0.375
116,0.0
117,0.0
118,0.25
119,0.5
120,0.0
121,0.3
122,0.2857142857142857
123,0.0
124,0.4
125,-0.15
126,-0.1875
127,0.3055555555555556
128,0.0
129,0.39999999999999997
130,0.0
131,-0.2
132,0.0
133,0.375
134,0.0
135,0.25
136,0.0
137,0.0
138,-0.125
139,0.0
140,0.0
141,0.2
142,0.65
143,0.0
144,0.0
145,0.0
146,0.0
147,0.0
148,-0.15
149,0.475
150,0.0
151,0.0
152,0.0
153,0.3
154,0.35
155,0.13636363636363635
156,0.3
157,0.13636363636363635
158,0.45
159,0.5
160,0.0
161,-0.75
162,0.0
163,0.1
164,-0.30000000000000004
165,0.0
166,0.5
167,0.5
168,0.0
169,0.25
170,0.4666666666666666
171,0.0
172,0.0
173,0.0
174,0.6
175,0.0
176,0.0
177,0.0
178,0.5
179,-0.44375
180,0.0
181,0.20833333333333334
182,-0.05416666666666667
183,0.0
184,0.17045454545454544
185,-0.5
186,0.2681818181818182
187,0.0
188,0.0
189,-0.16666666666666666
190,-0.125
191,0.0
192,0.0
193,0.0
194,0.0
195,0.625
196,0.0
197,0.05
198,0.4619047619047619
199,-0.5
200,0.0
201,0.0
202,0.0
203,0.0
204,0.175
205,-0.4
206,-0.5
207,-1.0
208,0.8
209,-0.2
210,0.0
211,0.0
212,0.0
213,0.0
214,0.0
215,-0.125
216,0.0
217,0.0
218,0.0
219,-0.3125
220,0.5
221,0.40625
222,0.6000000000000001
223,1.0
224,0.0
225,0.0
226,0.41818181818181815
227,0.4
228,0.35
229,1.0
230,0.0
231,-0.4875
232,0.8
233,-0.375
234,0.25
235,0.78125
236,0.0
237,-0.3888888888888889
238,0.5
239,-0.25
240,0.0
241,0.44166666666666665
242,0.35
243,0.0
244,0.0
245,0.09999999999999999
246,0.0
247,0.0
248,0.6
249,-0.6999999999999998
250,0.016666666666666663
251,-0.7142857142857143
252,0.0
253,0.0
254,0.13636363636363635
255,0.4
256,0.875
257,0.0
258,0.0
259,0.0
260,0.0
261,0.0
262,-0.3833333333333333
263,0.0
264,-0.25
265,0.0
266,0.5
267,-0.06666666666666668
268,1.0
269,-0.05
270,0.15000000000000002
271,0.0
272,0.0
273,-0.4
274,0.5
275,0.0
276,0.21428571428571427
277,0.0
278,0.5
279,0.0
280,-0.46875
281,0.0
282,0.2
283,0.6
284,0.475
285,-0.125
286,0.0
287,0.0
288,0.45
289,0.0
290,0.0
291,0.0
292,0.0
293,0.0
294,1.0
295,0.3
296,0.5
297,0.03703703703703703
298,0.10714285714285714
299,0.0
300,0.0
301,0.25
302,-0.06666666666666667
303,-0.4
304,0.0
305,0.525
306,0.0
307,0.02083333333333333
308,0.13636363636363635
309,0.17857142857142858
310,0.0
311,0.42083333333333334
312,0.0
313,0.38749999999999996
314,0.0
315,0.4479166666666667
316,0.0
317,-0.5
318,-0.9999999999999999
319,-0.625
320,0.4
321,0.20000000000000004
322,0.0
323,0.0
324,0.0
325,0.0
326,0.05
327,0.0
328,-1.0
329,0.0
330,0.0
331,-0.4
332,0.0
333,0.5
334,0.0
335,0.13636363636363635
336,0.35
337,0.3
338,0.0
339,0.0
340,0.26666666666666666
341,0.0
342,0.0
343,0.0
344,0.2
345,0.0
346,0.0
347,0.375
348,0.0
349,0.0
350,0.0
351,-0.3
352,0.8
353,0.3125
354,-0.4
355,0.5
356,0.0
357,-0.07777777777777779
358,0.0
359,0.0
360,0.0
361,0.0
362,0.5
363,0.0
364,0.0
365,0.5
366,0.0
367,0.7
368,0.03968253968253968
369,0.5
370,0.0
371,-0.6999999999999998
372,0.37083333333333335
373,0.0
374,-0.10000000000000002
375,-0.125
376,0.13636363636363635
377,0.0
378,0.17045454545454544
379,1.0
380,0.0
381,0.0
382,0.0
383,0.0
384,0.0
385,0.4
386,0.0
387,-0.19999999999999998
388,-0.20833333333333331
389,0.2
390,0.0
391,0.0
392,0.0
393,0.8
394,0.0
395,0.0
396,0.1
397,0.0
398,-0.08333333333333333
399,0.1
400,0.06666666666666667
401,0.0
402,-0.15
403,0.0
404,-0.15
405,0.0
406,0.0
407,0.0
408,0.0
409,0.0022222222222222088
410,0.0
411,0.0
412,0.0
413,0.325
414,0.0
415,0.0
416,0.0
417,0.8
418,0.0
419,0.0
420,0.0
421,0.5
422,0.0
423,0.0
424,-0.15555555555555559
425,0.0
426,0.0
427,0.65
428,0.25
429,-0.4
430,-0.4625
431,0.0
432,-0.5000000000000001
433,0.48888888888888893
434,0.0
435,0.18
436,0.07777777777777783
437,0.0
438,0.25
439,-0.1
440,0.0
441,0.05000000000000001
442,0.0
443,1.0
444,0.0
445,0.3333333333333333
446,0.125
447,0.0
448,0.17222222222222222
449,0.0
450,0.0
451,-0.1
452,0.3333333333333333
453,0.14285714285714285
454,0.0
455,0.08333333333333333
456,0.0
457,0.5
458,0.0
459,0.4
460,0.0
461,0.38749999999999996
462,0.0
463,0.13636363636363635
464,0.0
465,0.0
466,0.0
467,0.0
468,-0.3
469,0.0
470,0.075
471,0.0
472,-0.75
473,0.0
474,-0.1
475,0.16818181818181818
476,0.05000000000000002
477,0.45833333333333337
478,-0.05
479,0.0
480,0.0
481,-0.3
482,0.0
483,0.2
484,0.03333333333333333
485,0.20000000000000004
486,0.0
487,0.0
488,-0.0625
489,0.0
490,0.0
491,0.0
492,0.0
493,0.625
494,0.2
495,-0.2916666666666667
496,0.8
497,0.5
498,-0.09999999999999998
499,0.0
500,0.0
501,-0.17708333333333331
502,-0.25
503,1.0
504,0.0
505,0.44000000000000006
506,0.13703703703703704
507,0.0
508,0.0
509,0.0
510,0.0
511,0.016666666666666663
512,0.0
513,0.175
514,0.0
515,0.0
516,0.0
517,0.15
518,0.0
519,-0.2083333333333333
520,-0.3
521,0.0
522,0.0
523,0.25
524,0.0
525,0.0
526,0.25
527,0.0
528,-0.2
529,0.0
530,0.5
531,-0.19444444444444448
532,-0.2
533,0.0
534,-0.1
535,0.0
536,0.0
537,0.0
538,-0.1597222222222222
539,0.5916666666666667
540,-1.0
541,0.0
542,0.0
543,0.0
544,0.0
545,-0.8
546,1.0
547,0.0
548,0.14666666666666667
549,0.0
550,0.0148148148148148
551,-0.125
552,0.3125
553,-0.1
554,0.0
555,0.25
556,0.35
557,0.03333333333333333
558,-0.010000000000000009
559,0.7
560,0.0
561,0.5166666666666667
562,-0.15555555555555559
563,0.0
564,0.0
565,1.0
566,0.01874999999999999
567,0.0
568,-0.1
569,0.0
570,-0.25
571,0.0
572,-0.23333333333333334
573,0.13636363636363635
574,0.5
575,-0.08065476190476195
576,0.8
577,0.0
578,0.0
579,0.10833333333333334
580,0.0
581,0.0
582,0.0
583,0.25
584,0.1065340909090909
585,0.0
586,0.0
587,0.0
588,0.0
589,0.85
590,0.0
591,0.07878787878787878
592,0.04375
593,-0.1
594,1.0
595,0.26666666666666666
596,0.0
597,0.0
598,0.0148148148148148
599,0.0
600,0.0
601,0.04583333333333334
602,0.0
603,0.22499999999999998
604,-0.30000000000000004
605,0.5
606,0.0
607,0.0
608,0.0
609,-0.23076923076923078
610,0.5
611,0.2
612,0.13636363636363635
613,0.3
614,-0.325
615,0.0
616,0.5
617,0.0
618,0.0
619,0.5
620,0.0
621,0.16666666666666666
622,0.0
623,0.3
624,0.0
625,0.8
626,1.0
627,-0.75
628,0.4375
629,-0.1
630,0.0
631,0.2
632,0.0
633,0.4
634,0.0
635,0.0
636,0.5
637,0.0
638,0.0
639,-0.6999999999999998
640,0.0
641,0.0
642,0.19583333333333336
643,0.35
644,-0.125
645,-0.7
646,0.0
647,0.0
648,0.625
649,0.0
650,-0.8
651,0.0
652,0.033333333333333326
653,0.5
654,-0.1
655,-0.15000000000000002
656,0.43333333333333335
657,0.0
658,0.6
659,0.16666666666666666
660,0.3333333333333333
661,0.25
662,0.0
663,0.0
664,0.0
665,0.5
666,0.2
667,0.4375
668,-0.15625
669,0.0
670,0.25
671,0.3
672,0.8
673,0.0
674,0.0
675,0.25
676,0.2089285714285714
677,0.0
678,0.0
679,0.0
680,0.0
681,0.0
682,0.225
683,0.0
684,-0.033333333333333326
685,0.25
686,0.0
687,0.0
688,0.43333333333333335
689,0.0
690,0.5
691,0.3
692,-0.29375
693,0.3
694,0.0
695,-0.125
696,0.32499999999999996
697,-0.6999999999999998
698,0.5
699,-0.2
700,1.0
701,0.0
702,0.0
703,0.25
704,0.52
705,0.0
706,0.25
707,0.0
708,0.0
709,-0.2
710,-0.04375000000000001
711,0.0
712,0.0
713,0.0
714,0.018181818181818174
715,0.0
716,0.0
717,0.0
718,0.04999999999999999
719,0.0
720,0.0
721,-0.6
722,0.45
723,0.0
724,0.17857142857142858
725,0.125
726,0.25
727,0.24285714285714285
728,0.0
729,0.19999999999999996
730,0.625
731,0.0708333333333333
732,0.0
733,0.1
734,0.0
735,0.13636363636363635
736,0.03333333333333333
737,0.13636363636363635
738,0.0
739,0.4
740,0.5
741,0.31212121212121213
742,0.2
743,0.0
744,0.640625
745,0.0
746,0.0
747,0.0
748,0.375
749,0.15
750,0.0
751,-0.19583333333333336
752,0.0
753,0.0
754,0.0
755,0.5
756,0.5
757,0.625
758,0.0
759,-0.06666666666666665
760,-0.50517578125
761,0.0
762,0.0
763,0.0
764,0.0
765,0.2
766,-0.275
767,0.375
768,0.0
769,-0.5
770,0.6
771,0.28125
772,0.2
773,-0.75
774,0.75
775,0.0
776,0.0
777,0.0
778,-0.6999999999999998
779,0.2857142857142857
780,0.0
781,0.0
782,-0.2
783,0.0
784,0.0
785,1.0
786,0.0
787,-0.03181818181818183
788,0.0
789,-0.13333333333333333
790,0.0
791,0.0
792,-0.06666666666666667
793,0.0
794,0.0
795,0.0
796,0.0
797,0.45
798,0.6000000000000001
799,0.0
800,0.3770833333333333
801,0.375
802,0.0
803,0.0
804,0.0
805,-0.4
806,0.0
807,0.41614879261363635
808,0.25
809,0.3666666666666667
810,0.125
811,-0.16666666666666666
812,0.0
813,0.0
814,0.5
815,0.0
816,0.0
817,0.24318181818181817
818,0.8
819,-0.2125
820,0.14285714285714288
821,0.13636363636363635
822,0.0
823,0.0
824,0.18750000000000003
825,0.2
826,0.25
827,0.0
828,-0.1875
829,-0.008333333333333304
830,0.0
831,0.3625
832,-0.24000000000000005
833,0.0
834,0.8
835,0.5
836,0.25
837,0.45000000000000007
838,-0.06333333333333334
839,0.25
840,-0.03409090909090909
841,1.0
842,0.0
843,0.43333333333333335
844,0.0
845,-0.7
846,0.0
847,0.04545454545454545
848,0.3
849,0.8
850,0.0
851,0.0
852,0.5
853,-0.8
854,0.25
855,0.0
856,0.0
857,0.0
858,1.0
859,0.0
860,-0.08333333333333333
861,0.125
862,0.2654761904761905
863,0.5
864,0.0
865,0.2
866,0.0
867,0.0
868,0.0
869,0.3
870,1.0
871,-0.06999999999999999
872,0.0
873,0.0
874,0.75
875,0.0
876,0.0
877,0.25
878,0.5
879,0.0
880,0.0
881,0.6
882,0.16666666666666666
883,-0.16111111111111112
884,0.2625
885,0.26666666666666666
886,-0.18677248677248678
887,0.7
888,-1.0
889,0.0
890,0.0
891,-0.16666666666666666
892,0.0
893,0.03214285714285714
894,0.0
895,0.8
896,0.0
897,-0.6999999999999998
898,0.0
899,0.17045454545454544
900,0.0
901,0.0
902,0.0
903,0.30000000000000004
904,0.8
905,0.0
906,0.35
907,0.13636363636363635
908,-1.0
909,0.0
910,0.0
911,0.0
912,1.0
913,0.5
914,0.0
915,0.5
916,0.5
917,0.09375
918,0.08
919,0.0
920,0.0
921,0.16666666666666666
922,0.0
923,1.0
924,-0.4
925,0.625
926,0.0
927,0.0
928,0.0
929,0.321875
930,0.375
931,0.0
932,0.0
933,1.0
934,0.5416666666666666
935,-0.05
936,0.0
937,-0.7
938,0.0
939,0.0
940,0.9
941,0.0
942,0.0
943,0.0
944,0.0
945,0.0
946,0.0
947,0.016666666666666635
948,1.0
949,0.28125
950,0.6
951,0.0
952,0.125
953,0.13333333333333333
954,0.25
955,0.0
956,0.0
957,1.0
958,0.5
959,0.0
960,0.0
961,0.0
962,0.19318181818181818
963,-0.25
964,0.0
965,0.0
966,0.5125
967,0.0
968,0.0
969,0.0
970,0.3181818181818182
971,0.2
972,0.0
973,0.09583333333333334
974,0.25
975,0.375
976,1.0
977,0.0
978,0.525
979,0.0
980,-0.3
981,-0.4
982,0.0
983,0.0
984,0.175
985,0.0
986,0.0
987,0.20126262626262625
988,0.4375
989,-0.7
990,0.5
991,0.0
992,0.5
993,0.0
994,-0.03333333333333332
995,0.0
996,0.0
997,0.5
998,0.0
999,0.0
1000,0.3
1001,0.16666666666666666
1002,0.0
1003,0.0
1004,-0.6583333333333333
1005,0.16666666666666666
1006,0.3111111111111111
1007,0.0
1008,-0.08333333333333333
1009,-0.125
1010,-0.17083333333333334
1011,-0.16619318181818182
1012,0.0
1013,0.25
1014,0.8
1015,-0.08333333333333333
1016,0.25
1017,-0.2777777777777778
1018,0.0
1019,0.05
1020,0.13636363636363635
1021,-0.15
1022,0.0
1023,0.16666666666666666
1024,0.16666666666666666
1025,0.5
1026,0.13636363636363635
1027,0.06818181818181818
1028,0.0
1029,0.30000000000000004
1030,0.0
1031,0.4833333333333334
1032,0.2857142857142857
1033,-0.1
1034,0.15833333333333333
1035,0.0
1036,0.0
1037,0.0
1038,0.45
1039,-0.4
1040,0.20727272727272722
1041,0.35
1042,0.24107142857142858
1043,0.375
1044,0.0
1045,0.05000000000000002
1046,0.0
1047,0.25
1048,0.1
1049,0.25
1050,1.0
1051,0.5
1052,0.25
1053,0.0
1054,0.21250000000000002
1055,0.0
1056,0.5
1057,1.0
1058,0.13636363636363635
1059,0.0
1060,0.0
1061,0.05333333333333334
1062,0.0
1063,0.6
1064,0.16666666666666666
1065,0.0
1066,0.3125
1067,0.0
1068,0.0
1069,0.13636363636363635
1070,0.5
1071,0.2
1072,0.0
1073,0.0
1074,-0.23076923076923078
1075,0.0
1076,0.0
1077,-0.25
1078,0.0
1079,0.0
1080,0.0
1081,0.5
1082,-0.1875
1083,-0.15
1084,-0.1875
1085,0.0
1086,0.09999999999999999
1087,0.0
1088,0.24444444444444446
1089,0.0
1090,0.19999999999999998
1091,0.0
1092,0.3
1093,0.15833333333333333
1094,0.0
1095,0.3571428571428571
1096,0.0
1097,0.0
1098,0.16026936026936026
1099,0.6000000000000001
1100,0.2857142857142857
1101,0.0
1102,0.4
1103,0.5
1104,0.1
1105,0.0
1106,0.0
1107,0.0
1108,-0.9
1109,1.0
1110,0.39285714285714285
1111,0.15224358974358973
1112,0.1
1113,0.5
1114,0.0
1115,0.0
1116,0.0
1117,0.0
1118,0.0
1119,0.0
1120,0.16
1121,0.0
1122,0.10000000000000002
1123,0.25
1124,0.0
1125,0.0
1126,0.6
1127,0.1
1128,0.0
1129,0.25
1130,0.07499999999999998
1131,0.5
1132,0.0
1133,-0.2
1134,0.5
1135,0.16666666666666666
1136,0.5
1137,0.5
1138,0.75
1139,0.0
1140,0.21666666666666667
1141,0.6000000000000001
1142,0.0
1143,0.0
1144,-1.0
1145,0.0
1146,0.0
1147,0.35
1148,0.0
1149,0.0
1150,0.45
1151,-0.3166666666666667
1152,0.0
1153,0.8666666666666667
1154,0.0
1155,0.5
1156,0.0
1157,0.1
1158,0.1
1159,0.0
1160,0.0
1161,-1.0
1162,-0.09999999999999998
1163,0.0
1164,0.5
1165,0.0
1166,0.0
1167,-0.30000000000000004
1168,-0.4
1169,0.0
1170,0.0
1171,-0.15555555555555559
1172,0.0
1173,0.0
1174,-0.8499999999999999
1175,-0.3
1176,0.0
1177,0.8
1178,0.0
1179,0.8
1180,0.39000000000000007
1181,0.0
1182,-0.2
1183,0.8
1184,0.041666666666666664
1185,0.0
1186,0.25
1187,0.0
1188,0.0
1189,0.0
1190,0.0
1191,0.0
1192,0.0
1193,-0.3333333333333333
1194,0.6
1195,0.0
1196,0.0
1197,0.0
1198,0.0
1199,0.0
1200,-0.125
1201,0.0
1202,0.0
1203,0.5166666666666667
1204,0.0
1205,-0.5
1206,0.0
1207,-0.1953125
1208,0.0
1209,0.0
1210,0.0
1211,0.0
1212,0.2130681818181818
1213,0.1625
1214,0.0
1215,0.35367965367965365
1216,0.45
1217,0.0
1218,-0.375
1219,0.0
1220,0.875
1221,0.0
1222,0.0
1223,0.0
1224,0.0
1225,0.0
1226,0.0
1227,0.20000000000000004
1228,0.0
1229,0.0
1230,0.0
1231,0.8
1232,0.0
1233,0.6
1234,0.0
1235,0.0
1236,0.1952380952380952
1237,0.0
1238,0.0
1239,0.0
1240,0.4083333333333334
1241,0.225
1242,0.21212121212121213
1243,0.46875
1244,0.0
1245,0.0
1246,0.0
1247,0.0
1248,0.0
1249,0.4
1250,0.0
1251,0.0
1252,0.0
1253,0.13636363636363635
1254,0.4453125
1255,1.0
1256,0.0
1257,0.2333333333333333
1258,-0.2
1259,0.0
1260,-0.09999999999999992
1261,0.425
1262,0.0
1263,0.0
1264,0.1
1265,0.0
1266,0.0
1267,0.25
1268,1.0
1269,0.042857142857142844
1270,-0.07575757575757576
1271,0.0
1272,0.0
1273,0.24722222222222223
1274,0.0
1275,0.0
1276,0.0
1277,0.325
1278,-0.125
1279,0.9
1280,0.0
1281,0.5
1282,0.5
1283,0.0
1284,0.375
1285,-0.3
1286,0.0
1287,1.0
1288,0.0
1289,0.0
1290,0.0
1291,0.35625
1292,0.0
1293,0.06944444444444443
1294,0.0
1295,0.0
1296,0.0
1297,0.8
1298,0.0
1299,0.8
1300,0.23333333333333334
1301,0.0
1302,0.0
1303,0.0
1304,-0.2333333333333333
1305,0.0
1306,0.35
1307,0.0
1308,0.0
1309,-0.65
1310,0.0
1311,-0.09999999999999999
1312,0.0
1313,0.0
1314,0.0
1315,0.0
1316,0.5
1317,0.0
1318,0.2
1319,0.0
1320,0.45
1321,1.0
1322,0.0
1323,0.0
1324,0.2
1325,0.24318181818181817
1326,0.0
1327,0.3
1328,0.0
1329,0.4
1330,0.0
1331,0.31666666666666665
1332,0.0
1333,0.0
1334,0.1
1335,-0.08630952380952382
1336,0.0
1337,0.0
1338,0.0
1339,0.8
1340,0.0
1341,0.13333333333333333
1342,0.0
1343,0.75
1344,1.0
1345,0.78125
1346,0.19999999999999998
1347,0.0
1348,0.5
1349,0.0
1350,0.4333333333333333
1351,0.1
1352,0.0
1353,0.0
1354,0.0
1355,0.35
1356,0.0
1357,-1.0
1358,0.25
1359,-0.1
1360,0.0
1361,0.0
1362,0.0
1363,0.3333333333333333
1364,0.3
1365,0.0
1366,-0.16666666666666666
1367,0.0
1368,0.0
1369,0.0
1370,0.0
1371,0.0
1372,0.0
1373,0.0
1374,-0.4
1375,0.0
1376,0.0
1377,-0.075
1378,0.2
1379,0.0
1380,0.16666666666666666
1381,-0.2
1382,0.0
1383,0.0
1384,0.7
1385,-0.16666666666666666
1386,0.0
1387,0.06458333333333333
1388,0.0
1389,0.0
1390,0.0
1391,0.0
1392,0.6
1393,0.0
1394,1.0
1395,0.0
1396,0.4
1397,0.8
1398,0.5454545454545454
1399,0.0
1400,0.14166666666666666
1401,0.0
1402,0.39285714285714285
1403,0.31666666666666665
1404,0.0
1405,-0.3
1406,0.0
1407,-0.625
1408,0.0
1409,0.0
1410,0.0
1411,-0.6
1412,1.0
1413,-0.3166666666666667
1414,0.125
1415,0.0
1416,0.39999999999999997
1417,0.4454545454545455
1418,0.13636363636363635
1419,0.0
1420,0.09999999999999998
1421,0.38316761363636365
1422,0.0
1423,0.0
1424,0.0
1425,0.1
1426,0.5
1427,0.98828125
1428,0.35
1429,0.0
1430,0.45
1431,0.0
1432,0.0
1433,-0.17578125
1434,0.2625
1435,-0.08333333333333333
1436,0.0
1437,0.5
1438,0.1
1439,0.0
1440,1.0
1441,0.0
1442,0.0
1443,0.0
1444,0.15833333333333333
1445,0.1
1446,0.0
1447,0.0
1448,0.2
1449,0.6
1450,0.0
1451,0.2
1452,0.0
1453,0.0
1454,0.2
1455,0.0
1456,0.0
1457,0.1
1458,0.0
1459,0.0
1460,0.0
1461,-0.2
1462,0.0
1463,0.0
1464,0.0
1465,0.0
1466,0.1
1467,0.5
1468,0.0
1469,0.0
1470,0.0
1471,0.13636363636363635
1472,0.39285714285714285
1473,0.0
1474,0.0
1475,-0.2
1476,0.5
1477,0.0
1478,0.0
1479,0.0
1480,1.0
1481,0.37916666666666665
1482,0.0
1483,-0.3999999999999999
1484,0.0
1485,0.5
1486,-0.125
1487,0.225
1488,0.45
1489,0.0
1490,0.0
1491,0.25
1492,0.24318181818181817
1493,0.0
1494,0.2
1495,0.0
1496,0.0
1497,0.0
1498,0.15
1499,0.0
1500,0.0
1501,0.0
1502,0.0
1503,0.0875
1504,-0.375
1505,0.0
1506,0.26666666666666666
1507,0.0
1508,0.0
1509,0.0
1510,0.5
1511,0.31666666666666665
1512,0.0
1513,0.0
1514,0.2
1515,0.15000000000000002
1516,0.1666666666666667
1517,0.0
1518,0.0
1519,0.5
1520,0.0
1521,0.28
1522,0.0
1523,0.3125
1524,0.002777777777777768
1525,0.0
1526,0.0
1527,0.0
1528,0.55
1529,0.78125
1530,0.0
1531,0.4
1532,1.0
1533,0.0
1534,0.0
1535,0.0
1536,0.8
1537,0.42857142857142855
1538,0.0
1539,0.0
1540,0.03333333333333333
1541,0.0
1542,-0.08333333333333333
1543,0.0
1544,-0.25
1545,0.024999999999999994
1546,0.0
1547,0.0
1548,0.0
1549,0.0
1550,0.3595238095238095
1551,1.0
1552,0.4732142857142857
1553,0.0
1554,0.0
1555,0.10000000000000002
1556,0.25
1557,0.0
1558,0.25
1559,0.0
1560,0.625
1561,0.0
1562,-0.05
1563,0.0
1564,0.35714285714285715
1565,0.2
1566,0.19999999999999998
1567,-0.032323232323232344
1568,0.2130681818181818
1569,0.0
1570,0.0
1571,0.12083333333333333
1572,0.0
1573,0.0
1574,0.0
1575,0.0
1576,-0.6
1577,0.014814814814814808
1578,0.0
1579,-0.1
1580,0.0
1581,0.8
1582,0.0
1583,0.3060606060606061
1584,0.13
1585,-0.75
1586,0.0
1587,0.13636363636363635
1588,0.0
1589,0.2
1590,0.5
1591,0.0
1592,0.10416666666666667
1593,0.06818181818181818
1594,0.0
1595,0.56875
1596,-0.8
1597,0.0
1598,0.0
1599,-1.0
1600,0.0
1601,0.0
1602,0.5
1603,0.0
1604,0.0
1605,-0.05
1606,0.0
1607,0.4
1608,0.0
1609,0.0
1610,0.5352272727272728
1611,0.0
1612,0.0
1613,0.0
1614,0.0
1615,0.375
1616,0.4928571428571428
1617,0.0
1618,0.19285714285714284
1619,0.0
1620,0.16
1621,0.0
1622,0.0
1623,0.0
1624,0.0
1625,0.0
1626,0.2
1627,0.0
1628,0.2
1629,0.3
1630,0.25
1631,0.0
1632,-0.5
1633,0.0
1634,0.625
1635,0.0
1636,0.06818181818181818
1637,0.0
1638,0.11666666666666668
1639,0.0
1640,-0.35
1641,-0.35000000000000003
1642,0.0
1643,-0.13333333333333333
1644,0.0
1645,0.022222222222222213
1646,0.25
1647,0.4375
1648,-0.03333333333333333
1649,0.0
1650,0.0
1651,0.0
1652,0.0
1653,0.0
1654,0.6291666666666667
1655,0.0
1656,-0.15833333333333335
1657,0.0
1658,0.13636363636363635
1659,0.4333333333333333
1660,0.2
1661,0.0
1662,0.0
1663,0.0
1664,-0.26666666666666666
1665,0.35
1666,0.75
1667,0.0
1668,0.0
1669,0.43333333333333335
1670,0.0
1671,0.0
1672,0.0
1673,0.125
1674,0.0
1675,0.6
1676,0.0
1677,0.12714285714285714
1678,0.0
1679,0.0
1680,0.042857142857142844
1681,0.2
1682,0.0
1683,0.0
1684,0.0
1685,0.390625
1686,0.5
1687,0.0
1688,0.5
1689,0.0
1690,0.0
1691,0.1
1692,0.0
1693,0.0
1694,0.0
1695,0.0
1696,0.0
1697,0.0
1698,0.17045454545454544
1699,0.0
1700,0.0
1701,0.0
1702,0.0
1703,0.35
1704,0.0
1705,0.0
1706,0.2
1707,0.0
1708,0.39
1709,0.0
1710,0.3125
1711,0.0
1712,0.0
1713,0.6190476190476191
1714,0.0
1715,0.0
1716,0.0
1717,0.0
1718,0.13333333333333333
1719,0.0
1720,0.0
1721,0.0
1722,0.0
1723,0.0
1724,0.0
1725,0.0
1726,-0.05
1727,0.2857142857142857
1728,0.0
1729,0.4333333333333333
1730,0.0
1731,0.2
1732,0.625
1733,0.5
1734,0.0
1735,0.0
1736,0.0
1737,0.0
1738,-0.025
1739,-0.25
1740,0.0
1741,0.5
1742,0.20625
1743,0.0
1744,0.0
1745,0.0
1746,0.25
1747,0.0
1748,0.8
1749,-0.1
1750,0.0
1751,0.0
1752,0.0
1753,0.0
1754,0.0
1755,0.35714285714285715
1756,0.8
1757,-0.4
1758,1.0
1759,0.3
1760,0.0
1761,0.26633522727272724
1762,-0.375
1763,0.2857142857142857
1764,0.0
1765,0.0
1766,0.8
1767,0.625
1768,0.2
1769,0.5
1770,0.4
1771,1.0
1772,0.19999999999999998
1773,0.0
1774,0.0
1775,0.125
1776,0.0
1777,0.0
1778,0.0
1779,0.0
1780,0.4
1781,0.6125
1782,-0.09999999999999998
1783,0.225
1784,0.0
1785,0.6785714285714286
1786,0.425
1787,0.5
1788,-0.019480519480519487
1789,0.0
1790,0.5625
1791,-0.4
1792,0.0
1793,0.05555555555555558
1794,-0.78125
1795,0.6
1796,0.2857142857142857
1797,0.0
1798,0.13636363636363635
1799,0.0
1800,0.5
1801,-0.6
1802,-0.8
1803,0.0
1804,0.0
1805,0.0
1806,-0.11249999999999999
1807,0.13636363636363635
1808,0.8
1809,0.0
1810,-0.075
1811,0.625
1812,0.3
1813,0.35
1814,0.13636363636363635
1815,0.0
1816,0.0
1817,0.35
1818,-0.08333333333333333
1819,0.3078125
1820,0.0
1821,0.0
1822,-0.1
1823,0.0
1824,0.7
1825,0.0
1826,0.3
1827,0.0
1828,0.0
1829,0.04545454545454545
1830,0.5
1831,0.0
1832,0.3619047619047619
1833,0.0
1834,-0.15555555555555559
1835,0.0
1836,0.0
1837,0.2
1838,0.17159090909090907
1839,0.8
1840,0.2
1841,0.0
1842,-0.05714285714285716
1843,0.0
1844,0.3
1845,0.16666666666666666
1846,0.4375
1847,0.49609375
1848,0.0
1849,0.0
1850,-0.2416666666666667
1851,0.4
1852,0.0
1853,0.2857142857142857
1854,0.0
1855,0.1
1856,0.375
1857,0.0
1858,0.0
1859,-0.125
1860,-0.13055555555555556
1861,-0.04999999999999999
1862,0.0
1863,0.0
1864,-0.1
1865,0.35511363636363635
1866,0.0
1867,0.0
1868,0.7
1869,-0.07500000000000001
1870,0.0
1871,0.0
1872,-0.1
1873,0.19166666666666668
1874,0.2
1875,0.7083333333333334
1876,0.4375
1877,0.0
1878,-0.4
1879,-0.46666666666666656
1880,0.0
1881,-0.4
1882,-0.4
1883,0.0
1884,0.0
1885,0.04545454545454545
1886,0.8
1887,0.05
1888,0.0
1889,0.0
1890,-0.3499999999999999
1891,0.0
1892,-0.2
1893,0.0
1894,0.05555555555555556
1895,0.0
1896,0.39285714285714285
1897,0.0
1898,0.3333333333333333
1899,1.0
1900,0.10535714285714286
1901,0.375
1902,-0.1
1903,0.0
1904,0.3666666666666667
1905,0.0
1906,0.0
1907,0.0
1908,0.125
1909,0.0
1910,0.0
1911,0.4
1912,-0.1
1913,-0.00416666666666668
1914,0.5
1915,-0.8
1916,0.0
1917,0.0
1918,0.0
1919,0.0
1920,0.3416666666666667
1921,-0.15000000000000002
1922,0.08333333333333333
1923,0.0
1924,0.0
1925,0.125
1926,0.0
1927,-0.15625
1928,0.025000000000000022
1929,-0.25
1930,-0.19583333333333333
1931,0.0
1932,0.0
1933,0.0
1934,0.0
1935,0.0
1936,0.6666666666666666
1937,0.0
1938,0.0
1939,0.0
1940,0.0
1941,0.0
1942,0.0
1943,0.0
1944,0.75
1945,0.26666666666666666
1946,0.3
1947,0.0
1948,0.0
1949,0.125
1950,-0.3125
1951,0.0
1952,0.25
1953,-0.22857142857142856
1954,0.380952380952381
1955,1.0
1956,0.0
1957,0.0
1958,-0.09375
1959,0.2714285714285714
1960,0.5
1961,-0.15555555555555559
1962,0.0
1963,0.0
1964,0.0
1965,0.4
1966,-0.1470703125
1967,0.0
1968,0.8
1969,0.2857142857142857
1970,0.0
1971,-0.3
1972,0.0
1973,0.22500000000000003
1974,0.0
1975,0.0
1976,0.5
1977,0.25
1978,1.0
1979,0.8
1980,-0.125
1981,0.0
1982,0.0
1983,0.35
1984,0.5428571428571429
1985,-0.08333333333333333
1986,0.3
1987,0.7
1988,0.375
1989,0.06666666666666667
1990,0.7
1991,0.0
1992,0.0
1993,-0.375
1994,0.0
1995,1.0
1996,0.0
1997,0.15000000000000002
1998,0.1
1999,0.35714285714285715
2000,0.0
2001,0.0
2002,-0.19166666666666665
2003,0.0
2004,0.0
2005,0.21666666666666667
2006,0.35
2007,-0.06666666666666667
2008,0.11212121212121212
2009,0.0
2010,0.4
2011,-0.1
2012,0.3499999999999999
2013,0.8
2014,0.0
2015,0.0
2016,0.17045454545454544
2017,-0.125
2018,0.0
2019,0.0
2020,0.04545454545454545
2021,0.5
2022,0.0
2023,0.1875
2024,0.0
2025,0.5
2026,0.5
2027,0.0
2028,0.12083333333333333
2029,0.02500000000000001
2030,0.46875
2031,0.2
2032,0.125
2033,0.2857142857142857
2034,0.0
2035,0.0
2036,0.0
2037,-0.2
2038,0.0
2039,0.0
2040,0.0
2041,0.0
2042,0.0
2043,0.0
2044,0.13636363636363635
2045,0.0
2046,0.32222222222222224
2047,0.0
2048,0.5
2049,0.2
2050,0.0
2051,0.15
2052,0.0
2053,0.0
2054,-0.4
2055,0.171875
2056,0.26666666666666666
2057,0.0
2058,0.5
2059,0.6
2060,0.0
2061,0.0
2062,0.375
2063,0.0
2064,0.0
2065,0.4166666666666667
2066,0.0
2067,0.0
2068,0.375
2069,0.075
2070,0.1875
2071,0.0
2072,0.25
2073,0.5
2074,0.0
2075,0.2
2076,0.0
2077,0.0
2078,0.0
2079,0.0
2080,0.25
2081,0.5
2082,0.0
2083,0.0
2084,0.0
2085,0.3625
2086,0.0
2087,0.0
2088,0.04545454545454545
2089,0.8
2090,0.06818181818181818
2091,0.9375
2092,0.0
2093,0.5
2094,0.2857142857142857
2095,0.7
2096,0.0
2097,0.0
2098,0.35
2099,-0.004166666666666661
2100,0.1875
2101,0.07500000000000001
2102,0.0
2103,0.35714285714285715
2104,0.0
2105,0.24791666666666667
2106,0.0
2107,0.0
2108,0.0
2109,0.525
2110,0.4125
2111,0.0
2112,0.3
2113,0.35
2114,0.0
2115,0.0
2116,0.0
2117,0.0
2118,0.16818181818181818
2119,0.5
2120,0.8
2121,0.35000000000000003
2122,0.13636363636363635
2123,0.0
2124,-0.05
2125,0.6
2126,0.4
2127,0.0
2128,0.39999999999999997
2129,0.17045454545454544
2130,0.1
2131,0.525
2132,-0.125
2133,0.0
2134,0.5
2135,0.0
2136,0.0
2137,0.5
2138,0.0
2139,0.0
2140,1.0
2141,0.0
2142,0.0
2143,0.5
2144,-0.5
2145,0.0
2146,0.0
2147,0.0
2148,0.1
2149,0.0
2150,0.0
2151,0.0
2152,0.0
2153,-0.5
2154,0.4
2155,0.0
2156,0.0
2157,0.0
2158,-0.2916666666666667
2159,0.5
2160,0.1
2161,0.0
2162,0.0
2163,0.0
2164,-0.4
2165,0.0
2166,0.3
2167,0.0
2168,0.0
2169,0.5833333333333334
2170,0.19999999999999998
2171,0.375
2172,0.0
2173,0.3
2174,0.0
2175,0.0
2176,0.2875
2177,0.2785714285714286
2178,0.0
2179,0.2
2180,0.7333333333333334
2181,0.7
2182,0.5
2183,0.0
2184,0.5
2185,0.0
2186,-0.5999999999999999
2187,0.2
2188,0.6000000000000001
2189,0.5
2190,0.0
2191,-0.15
2192,0.0
2193,0.75
2194,0.15
2195,0.0
2196,0.0
2197,0.4190340909090909
2198,0.0
2199,0.0
2200,0.10000000000000003
2201,-0.09365079365079365
2202,0.0
2203,0.8
2204,0.0
2205,0.0
2206,0.6354166666666666
2207,0.0
2208,0.0
2209,0.7
2210,0.0
2211,0.5
2212,0.0
2213,-0.8
2214,0.5
2215,-0.3333333333333333
2216,-0.2375
2217,0.0
2218,0.0
2219,0.0
2220,-0.3333333333333333
2221,-0.2
2222,0.6250000000000001
2223,0.0
2224,0.1
2225,-0.15555555555555559
2226,-0.2
2227,0.13636363636363635
2228,0.4
2229,0.0
2230,0.0
2231,0.3833333333333333
2232,0.5
2233,0.0
2234,0.325
2235,-0.3125
2236,0.0
2237,-0.1
2238,0.0
2239,0.0
2240,0.0
2241,-0.6
2242,0.5
2243,0.5
2244,0.25
2245,0.65
2246,0.2375
2247,0.0
2248,-0.375
2249,0.0
2250,-0.05
2251,-0.18333333333333335
2252,-0.3375
2253,-0.25
2254,0.049999999999999996
2255,0.4166666666666667
2256,0.1
2257,0.13636363636363635
2258,0.5
2259,-0.8
2260,0.0
2261,0.0
2262,0.0
2263,-0.15000000000000002
2264,0.4
2265,0.0
2266,0.0
2267,0.0
2268,0.225
2269,0.3
2270,0.0
2271,-0.4
2272,0.0
2273,0.1
2274,0.0
2275,1.0
2276,-0.625
2277,0.0
2278,0.0
2279,0.0
2280,0.0
2281,0.0
2282,0.0
2283,0.0
2284,-0.5
2285,0.5
2286,0.0
2287,0.0
2288,0.0
2289,0.0
2290,0.0
2291,0.0
2292,0.0
2293,0.5
2294,0.0
2295,0.13636363636363635
2296,0.0
2297,0.0
2298,0.25
2299,0.16666666666666666
2300,0.0
2301,0.0
2302,0.0
2303,0.0
2304,0.0
2305,0.0
2306,0.0
2307,-0.2
2308,0.0
2309,0.425
2310,-0.09166666666666667
2311,0.0
2312,-0.04999999999999993
2313,0.0
2314,0.3333333333333333
2315,0.0
2316,1.0
2317,0.25
2318,1.0
2319,0.6666666666666666
2320,0.3089466089466089
2321,0.0
2322,0.2
2323,0.17045454545454544
2324,0.0
2325,0.5
2326,0.0
2327,-0.4
2328,0.0
2329,0.0
2330,0.0
2331,0.0
2332,0.0
2333,0.375
2334,0.0
2335,0.5
2336,0.0
2337,0.6
2338,0.0
2339,-0.16666666666666666
2340,-0.2671875
2341,0.0
2342,0.0
2343,0.5
2344,0.3571428571428571
2345,0.0
2346,0.0
2347,0.5708333333333333
2348,0.0
2349,-0.18333333333333335
2350,0.0
2351,-0.2
2352,0.0
2353,0.0
2354,-0.8
2355,0.0
2356,0.13636363636363635
2357,0.4583333333333333
2358,0.0
2359,0.38
2360,0.5
2361,0.5
2362,0.0
2363,0.0
2364,0.05227272727272726
2365,0.16666666666666666
2366,0.2857142857142857
2367,0.047619047619047616
2368,0.0
2369,0.4666666666666667
2370,0.0
2371,0.15
2372,-0.2
2373,0.3
2374,0.2
2375,0.0
2376,0.0
2377,0.0
2378,0.0
2379,-0.16666666666666666
2380,0.0
2381,0.25
2382,0.0
2383,0.0
2384,0.2
2385,0.05
2386,0.0
2387,0.5
2388,0.21428571428571427
2389,0.0
2390,0.4
2391,0.14583333333333334
2392,0.0
2393,0.5
2394,0.0
2395,0.16818181818181818
2396,0.0
2397,0.7
2398,-0.1
2399,0.21428571428571427
2400,0.3
2401,0.0
2402,0.12738095238095237
2403,0.04999999999999999
2404,-0.04000000000000001
2405,0.10416666666666667
2406,0.0
2407,0.5375
2408,0.46197916666666666
2409,0.0
2410,-0.1470703125
2411,0.35
2412,0.0
2413,0.0
2414,0.0
2415,0.2
2416,0.0
2417,0.0
2418,0.10000000000000002
2419,-0.08333333333333333
2420,-0.15
2421,0.5
2422,0.2
2423,0.0
2424,0.625
2425,0.0
2426,0.0
2427,0.0
2428,0.3357142857142857
2429,0.0
2430,0.0
2431,0.0
2432,0.85
2433,0.0
2434,0.18333333333333335
2435,0.4666666666666666
2436,1.0
2437,0.0
2438,0.5
2439,0.0
2440,0.375
2441,-0.06666666666666667
2442,0.2
2443,0.0
2444,0.375
2445,0.0
2446,-0.2
2447,0.13636363636363635
2448,0.0
2449,0.2947916666666667
2450,-0.15
2451,0.0
2452,-0.65
2453,0.13636363636363635
2454,-0.125
2455,0.0
2456,0.4666666666666666
2457,-0.30000000000000004
2458,0.2
2459,0.0
2460,0.0
2461,0.0
2462,-0.4
2463,0.8
2464,-0.075
2465,0.8
2466,0.0
2467,0.0
2468,0.0
2469,0.13636363636363635
2470,0.21428571428571427
2471,0.04999999999999999
2472,0.3
2473,0.0
2474,-0.125
2475,1.0
2476,0.0
2477,0.5
2478,0.3888888888888889
2479,0.0
2480,0.09999999999999998
2481,-0.625
2482,0.5
2483,0.8
2484,0.0
2485,0.0
2486,0.0
2487,-0.16666666666666666
2488,0.0
2489,0.0
2490,1.0
2491,0.0
2492,0.0
2493,-0.2
2494,0.03273809523809524
2495,0.8
2496,0.0
2497,0.0
2498,0.05000000000000002
2499,0.0
2500,0.0
2501,0.09999999999999999
2502,0.0
2503,-0.041666666666666706
2504,0.0
2505,0.6785714285714286
2506,-0.025
2507,0.0
2508,0.0
2509,0.0
2510,0.0
2511,-0.5
2512,0.8666666666666666
2513,-0.5
2514,0.0
2515,0.375
2516,0.0
2517,0.0
2518,-0.23333333333333334
2519,0.29523809523809524
2520,0.0
2521,0.0
2522,0.2
2523,0.0
2524,0.0
2525,0.78125
2526,0.13636363636363635
2527,1.0
2528,0.17670454545454545
2529,0.0
2530,0.0
2531,0.0
2532,-0.3
2533,-0.07500000000000001
2534,0.0
2535,0.0
2536,0.0
2537,0.0
2538,1.0
2539,-0.5
2540,0.0
2541,0.3619047619047619
2542,-0.4
2543,0.0
2544,0.875
2545,0.0
2546,-0.75
2547,0.5
2548,-0.4
2549,0.0
2550,0.0
2551,0.5
2552,-0.05
2553,1.0
2554,0.0
2555,0.0
2556,0.1220703125
2557,0.3
2558,0.0
2559,0.5
2560,0.0
2561,0.0
2562,1.0
2563,0.0
2564,0.6
2565,0.0
2566,0.4
2567,0.0
2568,0.0
2569,0.0
2570,0.0
2571,0.0
2572,0.8
2573,0.0
2574,0.05476190476190474
2575,0.2333333333333333
2576,-0.00833333333333334
2577,0.0
2578,0.0
2579,0.0
2580,0.0
2581,0.3
2582,0.05
2583,0.6916666666666668
2584,0.0
2585,0.0
2586,0.0
2587,-0.375
2588,0.0
2589,0.0
2590,0.0
2591,-0.4000000000000001
2592,0.0
2593,0.0
2594,0.0
2595,0.0
2596,1.0
2597,0.0333333333333334
2598,0.0
2599,0.38749999999999996
2600,0.0
2601,0.425
2602,0.0
2603,0.0
2604,0.3
2605,0.740625
2606,-0.4
2607,0.5
2608,0.0
2609,0.1625
2610,0.25
2611,0.17045454545454544
2612,0.0
2613,1.0
2614,0.0
2615,0.0
2616,-0.2
2617,0.0
2618,0.0
2619,0.0
2620,0.0
2621,0.0
2622,-0.5
2623,0.3181818181818182
2624,0.0
2625,0.0
2626,0.0
2627,0.0
2628,0.25
2629,0.2833333333333333
2630,0.0
2631,0.0
2632,0.13636363636363635
2633,0.5
2634,-0.1
2635,0.0
2636,0.0
2637,0.0
2638,0.3055555555555556
2639,-0.075
2640,0.0
2641,0.0
2642,0.35000000000000003
2643,0.7
2644,0.390625
2645,-0.25
2646,0.3333333333333333
2647,0.5
2648,0.0
2649,0.8
2650,0.1
2651,0.0
2652,0.2
2653,0.0
2654,0.3
2655,0.0
2656,0.0
2657,-0.4318181818181818
2658,0.0
2659,0.0
2660,0.0
2661,-0.075
2662,0.0
2663,-0.2
2664,-0.25
2665,1.0
2666,0.0
2667,1.0
2668,0.0
2669,0.0
2670,0.0
2671,0.0
2672,-0.06666666666666665
2673,0.15000000000000002
2674,0.0
2675,0.0
2676,0.0
2677,0.0
2678,0.0
2679,0.2
2680,0.5
2681,0.2
2682,0.0
2683,0.13636363636363635
2684,0.5
2685,0.2556818181818182
2686,0.0
2687,0.06999999999999999
2688,0.0
2689,0.0
2690,0.0
2691,0.13636363636363635
2692,0.28214285714285714
2693,0.0
2694,0.0
2695,0.12878787878787878
2696,0.0
2697,0.0
2698,0.0
2699,0.0
2700,0.0
2701,-0.20833333333333331
2702,0.0
2703,-0.3125
2704,0.0
2705,0.5
2706,0.0
2707,0.0
2708,0.0
2709,0.0
2710,0.03125
2711,0.0
2712,0.3
2713,0.0
2714,0.0
2715,0.0
2716,0.3
2717,0.54
2718,0.0
2719,0.0
2720,0.0
2721,-0.25
2722,0.16666666666666666
2723,0.1
2724,0.0
2725,0.05
2726,0.0
2727,0.0
2728,0.7
2729,0.0
2730,-0.25
2731,0.05000000000000001
2732,0.0
2733,-0.23402777777777778
2734,-0.6
2735,0.0
2736,0.4611111111111111
2737,0.1
2738,0.08333333333333333
2739,-0.4
2740,0.0
2741,-0.125
2742,-0.033333333333333354
2743,0.13636363636363635
2744,0.0
2745,0.3499999999999999
2746,0.0
2747,0.0
2748,0.0
2749,0.6
2750,0.0
2751,0.0
2752,0.0
2753,0.0
2754,-0.02121212121212122
2755,0.0
2756,-0.25
2757,0.0
2758,0.5
2759,-0.4
2760,0.0
2761,0.0
2762,0.0
2763,0.5
2764,-0.05
2765,0.0
2766,0.0
2767,0.05
2768,0.0
2769,0.35624999999999996
2770,0.8
2771,-0.5
2772,0.001515151515151511
2773,0.0
2774,0.0
2775,0.0
2776,0.0
2777,0.4
2778,0.0
2779,0.0
2780,0.13333333333333333
2781,0.4
2782,0.0
2783,0.0
2784,0.0
2785,0.0
2786,0.0
2787,0.0
2788,0.0
2789,0.0
2790,0.0
2791,0.0
2792,0.0
2793,0.0
2794,0.0
2795,0.17045454545454544
2796,0.2625
2797,0.0
2798,0.6
2799,0.9765625
2800,-0.4
2801,0.0
2802,0.0
2803,0.3
2804,0.0
2805,0.13999999999999999
2806,0.3
2807,0.0
2808,-0.07500000000000001
2809,0.7
2810,0.0
2811,0.3
2812,0.06666666666666667
2813,0.78125
2814,0.19318181818181818
2815,0.0
2816,0.18333333333333335
2817,0.0
2818,-0.5
2819,1.0
2820,0.0
2821,0.2
2822,0.0
2823,0.0
2824,0.0
2825,0.0
2826,0.0
2827,0.0
2828,0.0
2829,0.0
2830,-0.059722222222222225
2831,0.0
2832,0.9333333333333332
2833,0.8
2834,0.013333333333333341
2835,0.7
2836,0.75
2837,1.0
2838,0.13636363636363635
2839,-0.4166666666666667
2840,0.5
2841,0.29
2842,0.0
2843,0.5
2844,0.0
2845,0.0
2846,0.8
2847,-0.23076923076923078
2848,0.0
2849,0.6000000000000001
2850,0.0
2851,0.0
2852,-0.30000000000000004
2853,0.0
2854,-0.3333333333333333
2855,0.0
2856,0.25
2857,0.0
2858,0.4
2859,0.0
2860,0.0
2861,0.0
2862,0.5
2863,0.0
2864,0.19999999999999998
2865,0.65
2866,0.0
2867,0.0
2868,0.0
2869,1.0
2870,0.04545454545454545
2871,0.5
2872,0.0
2873,1.0
2874,0.0
2875,0.0
2876,0.2857142857142857
2877,-0.44999999999999996
2878,0.0
2879,0.0
2880,0.0
2881,-0.3
2882,0.5
2883,0.0
2884,0.25
2885,-0.25
2886,0.10000000000000002
2887,-0.75
2888,0.0
2889,0.0
2890,0.15
2891,-0.125
2892,0.5
2893,0.1
2894,0.25
2895,0.0
2896,0.3
2897,0.25
2898,0.0
2899,0.0
2900,0.0
2901,0.8
2902,0.0
2903,0.6
2904,-0.14226190476190478
2905,0.16666666666666666
2906,0.13636363636363635
2907,-0.30000000000000004
2908,0.17045454545454544
2909,0.0
2910,-0.3125
2911,0.3571428571428571
2912,0.20800000000000002
2913,-0.6
2914,0.0
2915,0.0
2916,0.0
2917,0.0
2918,0.5
2919,0.6770833333333335
2920,0.0
2921,0.25
2922,0.14999999999999997
2923,0.008333333333333331
2924,0.7
2925,0.0
2926,0.0
2927,0.0
2928,0.0
2929,-0.049999999999999996
2930,0.13333333333333333
2931,0.4
2932,0.8
2933,0.0
2934,0.0
2935,0.0
2936,0.0
2937,0.0
2938,0.0
2939,0.3234848484848485
2940,0.65
2941,-0.3125
2942,-0.14583333333333331
2943,0.1875
2944,0.271875
2945,-0.125
2946,0.3
2947,0.5
2948,0.6333333333333333
2949,0.0
2950,-0.3
2951,0.10416666666666667
2952,0.17045454545454544
2953,0.0
2954,0.0
2955,-0.15000000000000002
2956,0.0
2957,0.0
2958,0.0
2959,0.0
2960,0.0
2961,-0.125
2962,0.12727272727272726
2963,-0.4
2964,0.0
2965,-0.12222222222222223
2966,0.0
2967,0.85
2968,0.0
2969,0.0
2970,0.2
2971,0.0
2972,0.5
2973,0.25
2974,-0.08333333333333333
2975,0.4583333333333333
2976,-0.25
2977,0.0
2978,0.2333333333333333
2979,-0.2916666666666667
2980,0.0
2981,0.45
2982,-0.25
2983,0.16666666666666666
2984,0.0
2985,0.0
2986,-0.125
2987,0.0
2988,0.0
2989,0.0
2990,0.19261363636363638
2991,0.0
2992,-0.10625
2993,0.0
2994,0.0
2995,-0.09444444444444446
2996,0.10000000000000002
2997,0.0
2998,0.0
2999,1.0
3000,0.35
3001,0.0
3002,0.5
3003,0.0
3004,0.0
3005,0.0
3006,0.28409090909090906
3007,0.0
3008,-0.25
3009,0.0
3010,0.0
3011,0.6
3012,0.0
3013,0.375
3014,0.5
3015,0.38749999999999996
3016,0.2857142857142857
3017,0.0
3018,0.10416666666666667
3019,0.0
3020,-0.13333333333333333
3021,0.07499999999999998
3022,0.0
3023,0.0
3024,0.0
3025,0.22857142857142856
3026,0.6583333333333333
3027,0.13636363636363635
3028,0.03333333333333333
3029,0.13636363636363635
3030,0.05833333333333335
3031,0.375
3032,0.5
3033,0.0
3034,-0.4
3035,0.0
3036,0.0
3037,0.1
3038,0.36818181818181817
3039,0.0
3040,1.0
3041,0.0
3042,0.0
3043,0.26666666666666666
3044,0.5666666666666668
3045,0.0
3046,-0.3125
3047,0.5
3048,-0.75
3049,0.5
3050,0.0
3051,0.4
3052,0.5
3053,0.0
3054,0.0
3055,-0.4
3056,0.1
3057,-0.6999999999999998
3058,0.0
3059,0.0
3060,-0.4
3061,-0.5
3062,0.13636363636363635
3063,0.1933333333333333
3064,0.0
3065,1.0
3066,0.5125
3067,0.0
3068,0.0746031746031746
3069,0.0
3070,0.2
3071,0.5
3072,0.1
3073,-0.5062499999999999
3074,0.9099999999999999
3075,-0.4375
3076,0.0
3077,-0.06000000000000001
3078,0.29642857142857143
3079,0.0
3080,0.0
3081,0.17045454545454544
3082,0.05000000000000002
3083,0.25
3084,0.5
3085,0.0
3086,0.0
3087,0.4125
3088,0.39166666666666666
3089,0.5
3090,0.2142857142857143
3091,0.05
3092,0.5
3093,-0.1470703125
3094,0.0
3095,0.0
3096,0.5
3097,0.0
3098,0.28825757575757577
3099,0.08333333333333333
3100,0.0
3101,0.0
3102,0.0
3103,0.05000000000000001
3104,0.7119791666666666
3105,0.38749999999999996
3106,-0.3
3107,0.6
3108,0.65
3109,0.0
3110,0.0
3111,0.43333333333333335
3112,0.0
3113,0.21875
3114,0.0
3115,0.5
3116,0.0
3117,0.7666666666666666
3118,-0.15555555555555559
3119,0.6
3120,0.8
3121,0.25
3122,0.1390625
3123,0.0
3124,0.2857142857142857
3125,-0.75
3126,0.0
3127,0.0
3128,0.0
3129,0.1
3130,0.0
3131,-0.25885416666666666
3132,-0.033333333333333326
3133,0.06818181818181818
3134,0.9
3135,0.0
3136,1.0
3137,0.0
3138,0.0
3139,0.5
3140,0.0
3141,0.0
3142,0.0
3143,0.0
3144,0.385
3145,0.0
3146,0.5499999999999999
3147,0.0
3148,0.0
3149,0.1
3150,0.0
3151,0.8
3152,0.234375
3153,0.3181818181818182
3154,-0.25
3155,0.8
3156,0.0
3157,0.25
3158,-0.2
3159,0.5
3160,0.08333333333333334
3161,0.0
3162,-0.07102272727272728
3163,-0.1
3164,-0.425
3165,0.0
3166,0.25
3167,0.5859375
3168,0.0
3169,0.0
3170,0.0
3171,0.0
3172,0.125
3173,0.0
3174,0.13333333333333333
3175,0.0
3176,0.0
3177,-0.125
3178,0.0
3179,0.0
3180,0.0
3181,-0.3833333333333333
3182,1.0
3183,0.0
3184,-0.2
3185,0.8
3186,0.0
3187,-0.09999999999999999
3188,0.0
3189,0.38749999999999996
3190,-0.3333333333333333
3191,1.0
3192,0.0
3193,0.0
3194,0.0
3195,0.0
3196,0.0
3197,0.15
3198,0.0
3199,1.0
3200,0.0
3201,0.0
3202,0.0
3203,0.14069264069264067
3204,0.0
3205,0.475
3206,0.25
3207,0.0
3208,0.0
3209,0.0
3210,0.0
3211,0.75
3212,0.0
3213,0.0
3214,0.5
3215,0.0
3216,0.0
3217,0.46875
3218,0.0
3219,0.0
3220,0.3333333333333333
3221,0.25
3222,0.9765625
3223,-0.4
3224,0.0
3225,1.0
3226,0.0
3227,0.625
3228,0.23611111111111108
3229,0.1
3230,0.375
3231,0.0
3232,-0.4
3233,0.5
3234,0.0
3235,0.3
3236,0.0
3237,0.35000000000000003
3238,0.5
3239,0.4
3240,0.0
3241,0.0
3242,0.0
3243,0.0
3244,0.0
3245,0.0
3246,-0.125
3247,-0.5
3248,0.2
3249,0.12727272727272726
3250,0.10000000000000002
3251,0.0
3252,0.0
3253,0.0
3254,0.0
3255,0.0
3256,0.0
3257,0.0
3258,0.8
3259,0.5
3260,0.23333333333333334
3261,-0.6
3262,-0.4
3263,0.0
3264,0.6
3265,0.0
3266,0.0
3267,0.0
3268,-0.15555555555555559
3269,0.0
3270,0.13636363636363635
3271,0.0
3272,0.0
3273,0.2857142857142857
3274,0.5
3275,0.1
3276,0.0
3277,0.0
3278,0.0
3279,0.5
3280,0.25
3281,0.05735930735930735
3282,0.0
3283,0.0
3284,0.7
3285,0.0
3286,0.18048270089285712
3287,0.15
3288,0.0
3289,0.5
3290,-0.25
3291,-0.2
3292,0.25
3293,0.13636363636363635
3294,0.0
3295,0.0
3296,0.0
3297,0.0
3298,0.0
3299,0.0
3300,0.0
3301,0.35714285714285715
3302,0.0
3303,0.016666666666666677
3304,0.0
3305,0.0
3306,0.0
3307,0.0
3308,0.0
3309,0.0
3310,0.0
3311,0.4375
3312,-0.12000000000000001
3313,0.0
3314,0.08124999999999998
3315,0.3
3316,0.0
3317,-0.8
3318,0.2833333333333333
3319,0.0
3320,-0.23958333333333331
3321,0.6000000000000001
3322,0.16666666666666666
3323,0.5
3324,0.16666666666666666
3325,0.0
3326,0.2852272727272728
3327,-0.5
3328,0.3611111111111111
3329,0.8
3330,0.1625
3331,-0.36458333333333337
3332,0.0
3333,1.0
3334,0.4
3335,0.0
3336,-0.625
3337,0.03749999999999999
3338,0.0
3339,0.0625
3340,0.0
3341,0.6
3342,0.0
3343,0.0
3344,0.5
3345,0.0
3346,0.0
3347,0.0
3348,0.0
3349,0.0
3350,0.0
3351,0.35
3352,0.0
3353,0.0
3354,0.0
3355,0.0
3356,0.0
3357,0.0
3358,0.125
3359,0.0
3360,-0.30000000000000004
3361,0.0
3362,0.5
3363,-0.4
3364,0.0875
3365,0.05357142857142857
3366,0.0
3367,0.0
3368,0.0
3369,0.0
3370,0.1375
3371,0.0
3372,0.0
3373,-0.5
3374,-0.4
3375,-0.15555555555555559
3376,0.0
3377,0.0
3378,0.0
3379,0.37878787878787873
3380,0.16428571428571426
3381,0.0
3382,0.09375
3383,0.0
3384,0.0
3385,0.0
3386,0.018181818181818174
3387,0.0
3388,0.0
3389,-0.234375
3390,0.0
3391,0.0
3392,0.13636363636363635
3393,0.0
3394,0.0
3395,-0.012500000000000011
3396,0.0
3397,0.35714285714285715
3398,0.15000000000000002
3399,-0.5
3400,0.21428571428571427
3401,0.0
3402,0.0
3403,0.3
3404,0.16818181818181818
3405,0.390625
3406,-0.10000000000000002
3407,0.0
3408,1.0
3409,0.0
3410,0.0
3411,-0.3
3412,0.0
3413,0.0
3414,-0.1130952380952381
3415,0.0
3416,0.7
3417,0.8
3418,0.0
3419,0.2619047619047619
3420,0.45
3421,0.5
3422,0.0
3423,0.0
3424,0.35714285714285715
3425,0.0
3426,0.0
3427,0.6000000000000001
3428,-0.3888888888888889
3429,0.0
3430,0.0
3431,0.0
3432,0.25
3433,0.0
3434,-0.2
3435,0.26666666666666666
3436,0.8
3437,0.35
3438,0.4
3439,0.0
3440,0.0
3441,0.0
3442,0.175
3443,-0.7142857142857143
3444,0.4
3445,0.0
3446,0.0
3447,0.0
3448,-0.13333333333333333
3449,0.0
3450,0.0
3451,0.0
3452,-0.07777777777777779
3453,0.2
3454,0.0
3455,-0.07500000000000001
3456,0.0
3457,0.0
3458,0.0
3459,-0.007142857142857145
3460,0.13333333333333333
3461,0.0
3462,-0.04999999999999999
3463,0.0
3464,0.09999999999999998
3465,0.0
3466,0.625
3467,0.16
3468,0.0
3469,0.0
3470,-0.1875
3471,0.5
3472,0.3
3473,-0.012499999999999997
3474,0.0
3475,0.0
3476,0.3
3477,0.0
3478,-0.6999999999999998
3479,0.0
3480,0.5
3481,-0.15000000000000002
3482,-0.175
3483,0.25
3484,0.5
3485,0.0
3486,0.0
3487,0.0
3488,0.0
3489,0.02500000000000001
3490,0.65
3491,0.0
3492,0.0
3493,0.0
3494,0.0
3495,0.0
3496,0.1
3497,0.7
3498,0.575
3499,0.0
3500,0.0
3501,0.0
3502,0.0
3503,0.13636363636363635
3504,0.1
3505,0.4
3506,0.25
3507,0.0
3508,0.0
3509,1.0
3510,0.14285714285714285
3511,0.0
3512,-0.12997685185185184
3513,0.0
3514,-0.625
3515,0.1
3516,0.0
3517,-0.23787878787878788
3518,0.0
3519,0.0
3520,0.0
3521,0.5
3522,0.5
3523,0.5
3524,-0.07500000000000001
3525,0.04583333333333332
3526,-0.1
3527,0.0
3528,0.0
3529,0.4
3530,0.0
3531,0.0
3532,0.6
3533,0.0
3534,0.0
3535,0.25
3536,0.4787878787878788
3537,0.0
3538,0.0
3539,0.11818181818181818
3540,0.1
3541,0.0
3542,0.0
3543,-0.15000000000000002
3544,0.175
3545,0.0
3546,0.125
3547,0.0
3548,0.0
3549,0.08333333333333333
3550,0.0
3551,0.0
3552,0.0
3553,0.20833333333333331
3554,-0.2
3555,0.15000000000000002
3556,0.0
3557,0.6
3558,0.0
3559,0.5
3560,0.0
3561,0.00416666666666667
3562,0.25
3563,-0.25
3564,0.0
3565,0.0
3566,0.0
3567,0.16666666666666666
3568,0.5
3569,0.0
3570,0.8
3571,0.09523809523809523
3572,0.0
3573,0.0
3574,0.05
3575,0.425
3576,0.0
3577,0.05000000000000002
3578,0.21212121212121213
3579,0.0
3580,0.5
3581,0.6666666666666666
3582,0.25
3583,0.13636363636363635
3584,0.15000000000000002
3585,-0.2
3586,0.0
3587,0.0
3588,0.0
3589,0.0
3590,-0.25
3591,-0.2
3592,0.0
3593,0.16818181818181818
3594,0.08333333333333333
3595,0.0
3596,0.37777777777777777
3597,0.0
3598,0.0
3599,0.0
3600,0.2
3601,0.0
3602,0.5
3603,0.0
3604,0.0
3605,0.6000000000000001
3606,0.5
3607,0.0
3608,0.7375
3609,-0.16666666666666666
3610,0.0
3611,0.13636363636363635
3612,-0.2
3613,0.125
3614,0.0
3615,0.0
3616,0.04999999999999999
3617,0.16666666666666666
3618,0.13636363636363635
3619,0.2
3620,0.8
3621,1.0
3622,0.5
3623,0.5
3624,0.5416666666666666
3625,0.0
3626,0.49444444444444446
3627,0.0
3628,0.5
3629,0.0
3630,0.1
3631,0.0
3632,0.125
3633,0.0
3634,0.0
3635,0.22727272727272727
3636,0.3481534090909091
3637,0.45
3638,0.0
3639,0.0
3640,0.0
3641,1.0
3642,0.0
3643,0.0
3644,-0.4
3645,0.0
3646,0.0
3647,0.2857142857142857
3648,-0.5125
3649,0.425
3650,0.625
3651,0.5
3652,0.375
3653,0.4
3654,0.3
3655,0.0
3656,0.06916666666666667
3657,0.0
3658,0.1625
3659,0.0
3660,0.0
3661,0.0
3662,0.0
3663,-0.2
3664,0.16
3665,0.22499999999999998
3666,0.0625
3667,-0.016666666666666666
3668,0.3
3669,0.5
3670,0.0
3671,-1.0
3672,-0.25
3673,0.0
3674,0.0
3675,0.875
3676,0.0
3677,0.0
3678,-0.2
3679,0.0
3680,0.21875
3681,0.4458333333333333
3682,0.06818181818181818
3683,0.4
3684,0.0
3685,0.08333333333333333
3686,0.0
3687,0.10416666666666667
3688,0.0
3689,0.0
3690,0.17500000000000002
3691,0.125
3692,0.0
3693,0.0
3694,0.625
3695,0.1875
3696,0.0
3697,0.0
3698,0.1875
3699,0.0
3700,0.5
3701,0.0
3702,0.0
3703,0.0
3704,0.0
3705,0.0
3706,0.3333333333333333
3707,0.0
3708,0.0
3709,0.4
3710,0.0
3711,1.0
3712,0.0
3713,0.25
3714,0.5
3715,0.0
3716,0.0
3717,0.0
3718,0.0
3719,0.05
3720,0.0
3721,0.0
3722,0.25
3723,0.0
3724,0.14999999999999997
3725,0.0
3726,0.0
3727,0.3333333333333333
3728,0.2
3729,0.16818181818181818
3730,0.0
3731,0.0
3732,0.0
3733,0.0
3734,0.25
3735,0.0
3736,0.8
3737,0.0
3738,0.25
3739,0.0
3740,0.0
3741,0.38659090909090904
3742,0.0
3743,0.16818181818181818
3744,0.0
3745,0.0
3746,0.0
3747,0.13636363636363635
3748,0.0
3749,0.0
3750,0.0
3751,0.013888888888888886
3752,0.0
3753,0.2
3754,0.16818181818181818
3755,-0.20000000000000004
3756,0.375
3757,0.2
3758,0.0
3759,0.2
3760,0.26785714285714285
3761,0.0
3762,0.5
3763,0.0
3764,0.0
3765,0.020833333333333315
3766,0.6
3767,0.0
3768,0.05
3769,-0.15
3770,0.0
3771,0.036174242424242414
3772,0.1
3773,0.0
3774,0.0
3775,0.125
3776,0.5
3777,0.0
3778,0.7
3779,0.0
3780,0.21103896103896103
3781,-0.3999999999999999
3782,0.0
3783,0.0
3784,0.0
3785,0.0625
3786,0.4
3787,0.0
3788,0.0
3789,0.4
3790,0.0
3791,0.75
3792,0.8
3793,0.3181818181818182
3794,0.375
3795,0.7
3796,0.0
3797,1.0
3798,0.0
3799,0.0
3800,0.13636363636363635
3801,0.15000000000000002
3802,0.0
3803,0.2
3804,0.025
3805,0.0
3806,0.0
3807,-0.4
3808,-0.5
3809,0.6000000000000001
3810,0.4
3811,0.0
3812,0.5
3813,0.8
3814,0.6
3815,0.0
3816,0.0
3817,0.5
3818,0.0
3819,0.0
3820,-0.175
3821,0.0
3822,0.2857142857142857
3823,-0.4
3824,0.32222222222222224
3825,0.175
3826,0.0
3827,1.0
3828,0.0
3829,0.45
3830,0.0
3831,0.95
3832,0.0
3833,0.0
3834,0.0
3835,0.07500000000000001
3836,0.2
3837,0.0
3838,0.0
3839,0.3181818181818182
3840,-0.125
3841,0.0
3842,0.0
3843,0.20714285714285713
3844,0.0
3845,0.25
3846,0.6
3847,0.2
3848,0.0
3849,0.5
3850,-0.14583333333333334
3851,-0.08806818181818182
3852,-0.07142857142857142
3853,0.0
3854,0.0
3855,0.0
3856,0.0
3857,0.0
3858,1.0
3859,-0.0625
3860,0.0
3861,-0.3
3862,0.0
3863,0.0
3864,0.0
3865,-0.2
3866,1.0
3867,-0.75
3868,0.0
3869,0.0
3870,0.2902777777777778
3871,0.2
3872,-0.1875
3873,0.252
3874,0.0
3875,0.8
3876,0.0
3877,0.85
3878,0.4
3879,0.0
3880,0.0
3881,0.0
3882,0.25
3883,0.0
3884,0.0
3885,0.375
3886,0.25
3887,0.0
3888,0.0
3889,0.08333333333333333
3890,0.14814814814814814
3891,0.3333333333333333
3892,0.8666666666666667
3893,0.0
3894,1.0
3895,1.0
3896,0.0
3897,0.5
3898,0.25
3899,0.0
3900,-0.4083333333333333
3901,0.0
3902,0.1
3903,0.0
3904,0.5
3905,1.0
3906,1.0
3907,0.0
3908,0.875
3909,-0.2
3910,0.634375
3911,0.10000000000000003
3912,0.0
3913,-0.275
3914,-0.16666666666666666
3915,0.0
3916,0.45
3917,0.0
3918,0.0
3919,0.0
3920,-0.4
3921,-0.09583333333333334
3922,0.4234848484848485
3923,-1.0
3924,0.0
3925,-0.5
3926,0.0
3927,1.0
3928,-0.15555555555555559
3929,1.0
3930,0.125
3931,0.0
3932,0.0
3933,0.0
3934,0.0
3935,-0.5
3936,0.5
3937,0.75
3938,0.3
3939,-0.9099999999999999
3940,0.0
3941,0.6666666666666666
3942,0.0
3943,-0.3333333333333333
3944,0.5121212121212121
3945,0.0
3946,0.0
3947,0.0
3948,0.0
3949,0.5
3950,-0.5
3951,0.0
3952,0.0
3953,0.21212121212121213
3954,0.5
3955,0.0
3956,0.0
3957,-0.17500000000000004
3958,0.0
3959,0.0
3960,0.0
3961,0.0
3962,-0.19
3963,0.6000000000000001
3964,0.22916666666666666
3965,0.30735930735930733
3966,0.0
3967,0.0
3968,0.0
3969,-0.12222222222222225
3970,0.0
3971,0.5
3972,-0.1875
3973,0.8
3974,0.0
3975,0.3
3976,0.0
3977,0.0
3978,0.55
3979,0.0
3980,0.0
3981,0.0
3982,0.0
3983,0.0
3984,0.0
3985,0.052777777777777764
3986,0.0
3987,0.0
3988,0.0
3989,0.2
3990,0.0
3991,0.06818181818181818
3992,0.13636363636363635
3993,0.1
3994,0.0
3995,0.0
3996,0.8
3997,0.5
3998,0.0
3999,0.0
4000,0.0
4001,0.0
4002,0.0
4003,0.0
4004,0.0
4005,0.0
4006,0.3
4007,0.525
4008,0.0
4009,0.0
4010,0.0
4011,0.0
4012,0.5
4013,0.0
4014,0.8
4015,0.12
4016,0.5
4017,0.0
4018,0.5
4019,0.25
4020,0.0
4021,0.0
4022,0.08
4023,0.0
4024,0.0
4025,0.3333333333333333
4026,0.0
4027,0.0
4028,-0.15555555555555559
4029,0.0
4030,0.0
4031,0.0
4032,0.43333333333333335
4033,0.0
4034,0.0
4035,0.0
4036,0.0
4037,0.037500000000000006
4038,-0.15000000000000002
4039,0.6
4040,0.0
4041,0.0
4042,-0.390625
4043,0.0
4044,0.0
4045,0.0
4046,0.04318181818181817
4047,0.0
4048,0.225
4049,0.5
4050,0.13636363636363635
4051,0.5
4052,-0.05
4053,0.4666666666666667
4054,-0.05
4055,0.19318181818181818
4056,0.0
4057,0.0
4058,0.0
4059,0.0
4060,0.175
4061,0.0
4062,0.0
4063,0.1
4064,0.625
4065,0.0
4066,-0.125
4067,0.0
4068,0.45
4069,0.25
4070,0.5
4071,0.625
4072,0.625
4073,0.0
4074,-0.5
4075,0.0
4076,0.625
4077,0.0
4078,0.09999999999999998
4079,0.0
4080,0.25
4081,0.0
4082,0.0
4083,0.0
4084,-0.2
4085,0.5
4086,0.2140625
4087,1.0
4088,0.3541666666666667
4089,0.0
4090,0.8
4091,0.0
4092,0.0
4093,-0.1878787878787879
4094,0.15
4095,0.5
4096,0.10000000000000002
4097,-0.03333333333333333
4098,0.11818181818181818
4099,0.0
4100,-0.3
4101,0.0
4102,0.675
4103,0.0
4104,0.45
4105,0.0
4106,0.15
4107,0.0
4108,0.0
4109,0.5
4110,0.6000000000000001
4111,0.13636363636363635
4112,-0.0068181818181818205
4113,0.0
4114,0.0
4115,0.25
4116,0.0
4117,0.6103515625
4118,0.1366666666666667
4119,0.2333333333333333
4120,-0.024999999999999994
4121,0.0
4122,0.35
4123,0.0
4124,0.06818181818181818
4125,0.55
4126,0.0
4127,0.5
4128,0.05
4129,0.375
4130,-0.07142857142857142
4131,-0.20833333333333331
4132,0.5
4133,0.0
4134,0.5
4135,0.0
4136,0.78125
4137,0.0
4138,-0.12499999999999999
4139,0.0
4140,0.0
4141,0.05833333333333333
4142,0.04910714285714285
4143,0.0
4144,0.0
4145,0.0
4146,0.5
4147,0.0
4148,0.0
4149,0.0
4150,0.35
4151,0.8
4152,0.3
4153,-0.2777777777777778
4154,0.0
4155,0.0
4156,0.3166666666666667
4157,0.3
4158,0.09523809523809523
4159,0.25
4160,0.0
4161,1.0
4162,-0.26666666666666666
4163,0.0
4164,0.0
4165,0.0
4166,-0.16666666666666666
4167,0.0
4168,0.0
4169,0.4
4170,0.0
4171,0.0
4172,0.0
4173,0.0
4174,0.0
4175,0.16666666666666666
4176,0.0
4177,0.0
4178,0.3666666666666667
4179,0.0
4180,0.0
4181,0.5
4182,0.0
4183,0.01785714285714285
4184,0.13636363636363635
4185,0.375
4186,0.0
4187,0.5
4188,-0.23333333333333336
4189,0.0
4190,0.2890625
4191,0.275
4192,0.0
4193,0.20500000000000002
4194,0.0
4195,0.24285714285714285
4196,0.0
4197,1.0
4198,0.2
4199,0.3
4200,0.0
4201,0.041666666666666664
4202,0.3
4203,1.0
4204,0.5
4205,0.15
4206,0.0
4207,0.8
4208,0.0
4209,0.0
4210,0.25
4211,0.10000000000000002
4212,0.06666666666666665
4213,0.11481481481481481
4214,0.0
4215,0.0
4216,0.0
4217,0.0
4218,0.0
4219,0.0
4220,0.85
4221,0.0
4222,0.6000000000000001
4223,0.0
4224,0.0
4225,0.049999999999999996
4226,-0.75
4227,0.5208333333333333
4228,0.0
4229,0.19999999999999998
4230,0.0
4231,0.0
4232,-0.5
4233,-0.25
4234,0.0
4235,0.25
4236,0.0
4237,-0.4
4238,0.6
