,humidity,pressure,temperature,wind_speed
2016-03-01 00:00:00,76.0,1023.0,283.83,2.0
2016-03-01 01:00:00,73.0,1022.0,283.575323741,2.0
2016-03-01 02:00:00,71.0,1022.0,283.24,3.0
2016-03-01 03:00:00,72.0,1021.0,282.308941784,2.0
2016-03-01 04:00:00,75.0,1020.0,281.14,1.0
2016-03-01 05:00:00,85.0,1025.0,280.026805724,1.0
2016-03-01 06:00:00,87.0,1018.0,280.93,1.0
2016-03-01 07:00:00,87.0,1017.0,280.988047538,1.0
2016-03-01 08:00:00,87.0,1016.0,281.05,1.0
2016-03-01 09:00:00,87.0,1015.0,281.064434959,5.0
2016-03-01 10:00:00,87.0,1015.0,281.08,9.0
2016-03-01 11:00:00,93.0,1020.0,281.191705781,5.0
2016-03-01 12:00:00,87.0,1012.0,281.1,4.0
2016-03-01 13:00:00,92.0,1011.0,281.120381511,5.0
2016-03-01 14:00:00,100.0,1011.0,281.15,6.0
2016-03-01 15:00:00,87.0,1008.0,281.52,5.0
2016-03-01 16:00:00,93.0,1008.0,281.85,7.0
2016-03-01 17:00:00,93.0,1011.0,282.214788167,6.0
2016-03-01 18:00:00,81.0,1005.0,282.21,7.0
2016-03-01 19:00:00,71.0,1005.0,283.38935123,8.0
2016-03-01 20:00:00,62.0,1005.0,284.59,9.0
2016-03-01 21:00:00,81.0,1006.0,285.76,8.0
2016-03-01 22:00:00,78.0,1006.0,285.930946712,8.0
2016-03-01 23:00:00,76.0,1007.0,286.13,9.0
2016-03-02 00:00:00,68.0,1008.0,285.546812245,7.0
2016-03-02 01:00:00,61.0,1011.0,284.91,5.0
2016-03-02 02:00:00,70.0,1017.0,282.378518424,5.0
2016-03-02 03:00:00,66.0,1012.0,283.1,3.0
2016-03-02 04:00:00,70.0,1012.0,282.481893575,5.0
2016-03-02 05:00:00,75.0,1012.0,281.79,7.0
2016-03-02 06:00:00,70.0,1015.0,281.7,7.0
2016-03-02 07:00:00,70.0,1015.0,281.723879552,6.0
2016-03-02 08:00:00,75.0,1016.0,281.85,5.0
2016-03-02 09:00:00,81.0,1018.0,281.5,4.0
2016-03-02 10:00:00,81.0,1018.0,281.504584068,4.0
2016-03-02 11:00:00,81.0,1018.0,281.51,4.0
2016-03-02 12:00:00,78.0,1018.0,281.22531559,3.0
2016-03-02 13:00:00,75.0,1019.0,280.9,3.0
2016-03-02 14:00:00,81.0,1024.0,279.44182644,2.0
2016-03-02 15:00:00,75.0,1018.0,279.55,3.0
2016-03-02 16:00:00,75.0,1018.0,280.126329436,2.0
2016-03-02 17:00:00,75.0,1018.0,280.96,1.0
2016-03-02 18:00:00,75.0,1017.0,281.660109907,1.0
2016-03-02 19:00:00,76.0,1016.0,282.71,1.0
2016-03-02 20:00:00,75.0,1020.0,284.482050437,1.0
2016-03-02 21:00:00,54.0,1015.0,285.36,2.0
2016-03-02 22:00:00,55.0,1014.0,285.440763859,1.0
2016-03-02 23:00:00,58.0,1013.0,285.59,1.0
2016-03-03 00:00:00,64.0,1012.0,285.218839372,1.0
2016-03-03 01:00:00,76.0,1011.0,284.58,1.0
2016-03-03 02:00:00,78.0,1016.0,283.302038437,1.0
2016-03-03 03:00:00,93.0,1010.0,282.44,2.0
2016-03-03 04:00:00,93.0,1009.0,282.499900717,2.0
2016-03-03 05:00:00,93.0,1009.0,282.6,1.0
2016-03-03 06:00:00,95.0,1010.0,282.55596362,2.0
2016-03-03 07:00:00,100.0,1012.0,282.49,4.0
2016-03-03 08:00:00,99.0,1018.0,282.619175451,2.0
2016-03-03 09:00:00,100.0,1013.0,283.03,3.0
2016-03-03 10:00:00,98.0,1013.0,282.904566327,3.0
2016-03-03 11:00:00,93.0,1015.0,282.59,3.0
2016-03-03 12:00:00,90.0,1015.0,282.672755325,3.0
2016-03-03 13:00:00,81.0,1015.0,282.97,3.0
2016-03-03 14:00:00,85.0,1018.0,282.537199369,2.0
2016-03-03 15:00:00,87.0,1016.0,282.88,3.0
2016-03-03 16:00:00,84.0,1016.0,283.301429949,3.0
2016-03-03 17:00:00,76.0,1017.0,285.0,5.0
2016-03-03 18:00:00,73.0,1017.0,285.291302241,5.0
2016-03-03 19:00:00,62.0,1018.0,286.39,5.0
2016-03-03 20:00:00,75.0,1022.0,284.999032258,4.0
2016-03-03 21:00:00,76.0,1018.0,287.06,3.0
2016-03-03 22:00:00,72.0,1017.0,287.455209581,3.0
2016-03-03 23:00:00,59.0,1017.0,289.04,3.0
2016-03-04 00:00:00,58.0,1017.0,289.001183544,3.0
2016-03-04 01:00:00,74.0,1023.0,286.034100143,2.0
2016-03-04 02:00:00,51.0,1017.0,288.62,3.0
2016-03-04 03:00:00,57.0,1016.0,287.285581644,2.0
2016-03-04 04:00:00,83.0,1023.0,282.192222222,1.0
2016-03-04 05:00:00,76.0,1016.0,283.8,1.0
2016-03-04 06:00:00,77.0,1015.0,282.874324324,1.0
2016-03-04 07:00:00,81.0,1015.0,281.06,3.0
2016-03-04 08:00:00,82.0,1019.0,279.648398693,2.0
2016-03-04 09:00:00,87.0,1014.0,280.59,6.0
2016-03-04 10:00:00,88.0,1013.0,280.403792916,5.0
2016-03-04 11:00:00,93.0,1013.0,279.65,1.0
2016-03-04 12:00:00,90.0,1013.0,279.608526142,2.0
2016-03-04 13:00:00,81.0,1013.0,279.42,5.0
2016-03-04 14:00:00,82.0,1016.0,279.025489124,4.0
2016-03-04 15:00:00,93.0,1013.0,279.37,1.0
2016-03-04 16:00:00,88.0,1013.0,279.780248866,2.0
2016-03-04 17:00:00,70.0,1013.0,281.6,4.0
2016-03-04 18:00:00,68.0,1012.0,281.991159935,4.0
2016-03-04 19:00:00,62.0,1012.0,283.69,5.0
2016-03-04 20:00:00,67.0,1016.0,284.037244629,4.0
2016-03-04 21:00:00,54.0,1010.0,286.02,4.0
2016-03-04 22:00:00,54.0,1009.0,286.190677041,4.0
2016-03-04 23:00:00,58.0,1009.0,287.03,3.0
2016-03-05 00:00:00,58.0,1008.0,286.872092676,3.0
2016-03-05 01:00:00,62.0,1006.0,286.08,2.0
2016-03-05 02:00:00,69.0,1009.0,284.962428954,1.0
2016-03-05 03:00:00,66.0,1004.0,284.35,2.0
2016-03-05 04:00:00,67.0,1003.0,284.163217391,1.0
2016-03-05 05:00:00,71.0,1002.0,283.42,0.0
2016-03-05 06:00:00,69.0,1001.0,283.415426309,0.0
2016-03-05 07:00:00,66.0,1001.0,283.4,0.0
2016-03-05 08:00:00,77.0,1006.0,282.798207534,1.0
2016-03-05 09:00:00,87.0,1002.0,283.06,4.0
2016-03-05 10:00:00,87.0,1002.0,283.256904494,4.0
2016-03-05 11:00:00,87.0,1002.0,283.9,4.0
2016-03-05 12:00:00,87.0,1002.0,283.951097663,3.0
2016-03-05 13:00:00,87.0,1003.0,284.11,2.0
2016-03-05 14:00:00,90.0,1007.0,283.527927252,2.0
2016-03-05 15:00:00,93.0,1003.0,284.2,1.0
2016-03-05 16:00:00,91.0,1003.0,284.478956347,1.0
2016-03-05 17:00:00,87.0,1004.0,285.43,3.0
2016-03-05 18:00:00,86.0,1003.0,285.675642091,3.0
2016-03-05 19:00:00,82.0,1003.0,286.8,5.0
2016-03-05 20:00:00,82.0,1007.0,287.263765929,3.0
2016-03-05 21:00:00,72.0,1000.0,289.19,3.0
2016-03-05 22:00:00,67.0,998.0,288.845234534,3.0
2016-03-05 23:00:00,59.0,997.0,288.21,2.0
2016-03-06 00:00:00,57.0,994.0,288.162702891,3.0
2016-03-06 01:00:00,55.0,992.0,288.11,4.0
2016-03-06 02:00:00,75.0,997.0,286.27384588,3.0
2016-03-06 03:00:00,71.0,990.0,286.11,2.0
2016-03-06 04:00:00,75.0,989.0,285.949682802,3.0
2016-03-06 05:00:00,81.0,989.0,285.77,4.0
2016-03-06 06:00:00,67.0,991.0,286.1,5.0
2016-03-06 07:00:00,81.0,993.0,285.36,5.0
2016-03-06 08:00:00,81.0,993.0,285.233594862,5.0
2016-03-06 09:00:00,76.0,995.0,284.15,4.0
2016-03-06 10:00:00,71.0,998.0,283.06,6.0
2016-03-06 11:00:00,71.0,998.0,282.82,4.0
2016-03-06 12:00:00,70.0,998.0,282.52820119,3.0
2016-03-06 13:00:00,70.0,1000.0,281.84,3.0
2016-03-06 14:00:00,83.0,1006.0,280.764803136,3.0
2016-03-06 15:00:00,75.0,1001.0,281.44,3.0
2016-03-06 16:00:00,77.0,1001.0,281.590374089,3.0
2016-03-06 17:00:00,81.0,1002.0,281.75,2.0
2016-03-06 18:00:00,81.0,1004.0,282.52,4.0
2016-03-06 19:00:00,81.0,1004.0,282.598894584,4.0
2016-03-06 20:00:00,81.0,1004.0,283.02,3.0
2016-03-06 21:00:00,70.0,1004.0,283.836114676,5.0
2016-03-06 22:00:00,58.0,1004.0,284.73,6.0
2016-03-06 23:00:00,78.0,1010.0,282.640966823,4.0
2016-03-07 00:00:00,62.0,1004.0,284.83,5.0
2016-03-07 01:00:00,63.0,1003.0,283.810124619,4.0
2016-03-07 02:00:00,66.0,1003.0,282.7,3.0
2016-03-07 03:00:00,67.0,1002.0,282.171608352,2.0
2016-03-07 04:00:00,70.0,1001.0,281.61,1.0
2016-03-07 05:00:00,81.0,1000.0,281.39,2.0
2016-03-07 06:00:00,81.0,1000.0,281.385867704,2.0
2016-03-07 07:00:00,81.0,1000.0,281.3,9.0
2016-03-07 08:00:00,89.0,1006.0,280.022644482,5.0
2016-03-07 09:00:00,75.0,1003.0,280.74,8.0
2016-03-07 10:00:00,86.0,1004.0,280.287110699,7.0
2016-03-07 11:00:00,100.0,1006.0,279.77,5.0
2016-03-07 12:00:00,81.0,1008.0,279.54,5.0
2016-03-07 13:00:00,81.0,1008.0,279.4,4.0
2016-03-07 14:00:00,86.0,1012.0,278.668617001,3.0
2016-03-07 15:00:00,81.0,1010.0,279.39,1.0
2016-03-07 16:00:00,81.0,1010.0,279.67520105,1.0
2016-03-07 17:00:00,81.0,1012.0,280.14,2.0
2016-03-07 18:00:00,76.0,1012.0,280.981135972,2.0
2016-03-07 19:00:00,70.0,1013.0,282.12,4.0
2016-03-07 20:00:00,84.0,1019.0,281.285993262,2.0
2016-03-07 21:00:00,66.0,1014.0,283.44,3.0
2016-03-07 22:00:00,67.0,1014.0,283.530929204,3.0
2016-03-07 23:00:00,70.0,1015.0,283.68,2.0
2016-03-08 00:00:00,68.0,1015.0,283.657246884,2.0
2016-03-08 01:00:00,66.0,1016.0,283.62,3.0
2016-03-08 02:00:00,79.0,1022.0,280.89385095,2.0
2016-03-08 03:00:00,81.0,1017.0,281.68,1.0
2016-03-08 04:00:00,81.0,1017.0,281.166494904,1.0
2016-03-08 05:00:00,81.0,1018.0,280.28,1.0
2016-03-08 06:00:00,86.0,1018.0,278.43,1.0
2016-03-08 07:00:00,86.0,1018.0,278.410540541,1.0
2016-03-08 08:00:00,86.0,1019.0,277.51,1.0
2016-03-08 09:00:00,86.0,1019.0,277.404547641,1.0
2016-03-08 10:00:00,86.0,1019.0,277.25,2.0
2016-03-08 11:00:00,86.0,1024.0,276.10795466,1.0
2016-03-08 12:00:00,93.0,1017.0,276.12,1.0
2016-03-08 13:00:00,90.0,1017.0,276.055631674,2.0
2016-03-08 14:00:00,86.0,1017.0,275.96,3.0
2016-03-08 15:00:00,84.0,1016.0,276.37884058,3.0
2016-03-08 16:00:00,81.0,1016.0,277.03,3.0
2016-03-08 17:00:00,86.0,1022.0,278.577715554,2.0
2016-03-08 18:00:00,81.0,1016.0,279.19,2.0
2016-03-08 19:00:00,78.0,1016.0,279.498993806,2.0
2016-03-08 20:00:00,75.0,1016.0,279.97,3.0
2016-03-08 21:00:00,79.0,1015.0,280.021081157,4.0
2016-03-08 22:00:00,87.0,1014.0,280.1,5.0
2016-03-08 23:00:00,92.0,1020.0,278.754365975,3.0
2016-03-09 00:00:00,81.0,1014.0,279.84,3.0
2016-03-09 01:00:00,83.0,1013.0,279.768302851,3.0
2016-03-09 02:00:00,87.0,1012.0,279.65,3.0
2016-03-09 03:00:00,91.0,1012.0,279.569124589,3.0
2016-03-09 04:00:00,100.0,1013.0,279.43,3.0
2016-03-09 05:00:00,100.0,1019.0,279.061877253,2.0
2016-03-09 06:00:00,93.0,1014.0,279.59,5.0
2016-03-09 07:00:00,93.0,1013.0,280.108050918,4.0
2016-03-09 08:00:00,93.0,1013.0,280.84,3.0
2016-03-09 09:00:00,90.0,1013.0,280.964876768,3.0
2016-03-09 10:00:00,87.0,1013.0,281.15,3.0
2016-03-09 11:00:00,92.0,1018.0,280.426130066,2.0
2016-03-09 12:00:00,87.0,1013.0,280.66,1.0
2016-03-09 13:00:00,87.0,1012.0,280.619693904,3.0
2016-03-09 14:00:00,87.0,1011.0,280.55,8.0
2016-03-09 15:00:00,87.0,1010.0,280.553222715,6.0
2016-03-09 16:00:00,87.0,1010.0,280.56,2.0
2016-03-09 17:00:00,92.0,1015.0,279.940641702,2.0
2016-03-09 18:00:00,87.0,1008.0,281.32,1.0
2016-03-09 19:00:00,88.0,1007.0,281.391708645,3.0
2016-03-09 20:00:00,93.0,1005.0,281.55,8.0
2016-03-09 21:00:00,93.0,1004.0,281.682521552,6.0
2016-03-09 22:00:00,93.0,1004.0,281.98,2.0
2016-03-09 23:00:00,95.0,1009.0,282.560210526,2.0
2016-03-10 00:00:00,93.0,1002.0,282.96,9.0
2016-03-10 01:00:00,94.0,1001.0,283.205126217,8.0
2016-03-10 02:00:00,100.0,999.0,283.99,6.0
2016-03-10 03:00:00,97.0,998.0,284.144787159,6.0
2016-03-10 04:00:00,93.0,998.0,284.49,7.0
2016-03-10 05:00:00,92.0,1003.0,284.179001014,6.0
2016-03-10 06:00:00,76.0,997.0,284.71,7.0
2016-03-10 07:00:00,76.0,997.0,284.763216415,6.0
2016-03-10 08:00:00,76.0,997.0,284.86,4.0
2016-03-10 09:00:00,76.0,998.0,284.926658399,4.0
2016-03-10 10:00:00,76.0,1000.0,285.05,4.0
2016-03-10 11:00:00,84.0,1007.0,283.35932764,4.0
2016-03-10 12:00:00,66.0,1005.0,284.25,4.0
2016-03-10 13:00:00,65.0,1005.0,284.195509761,4.0
2016-03-10 14:00:00,62.0,1007.0,283.21,5.0
2016-03-10 15:00:00,62.0,1007.0,283.193501266,5.0
2016-03-10 16:00:00,66.0,1010.0,283.12,6.0
2016-03-10 17:00:00,69.0,1011.0,282.846149105,5.0
2016-03-10 18:00:00,62.0,1011.0,284.84,8.0
2016-03-10 19:00:00,70.0,1011.0,284.881758614,6.0
2016-03-10 20:00:00,87.0,1011.0,284.97,2.0
2016-03-10 21:00:00,65.0,1011.0,285.134751076,6.0
2016-03-10 22:00:00,76.0,1012.0,284.88,3.0
2016-03-10 23:00:00,87.0,1019.0,282.781365188,3.0
2016-03-11 00:00:00,71.0,1014.0,284.16,2.0
2016-03-11 01:00:00,68.0,1014.0,284.483607648,1.0
2016-03-11 02:00:00,66.0,1014.0,284.84,1.0
2016-03-11 03:00:00,78.0,1014.0,283.528171846,1.0
2016-03-11 04:00:00,93.0,1015.0,282.11,1.0
2016-03-11 05:00:00,75.0,1015.0,280.82,1.0
2016-03-11 06:00:00,87.0,1015.0,279.66,1.0
2016-03-11 07:00:00,93.0,1013.0,279.46,1.0
2016-03-11 08:00:00,92.0,1016.0,278.185215081,1.0
2016-03-11 09:00:00,100.0,1012.0,278.31,1.0
2016-03-11 10:00:00,100.0,1010.0,277.895211287,1.0
2016-03-11 11:00:00,100.0,1009.0,277.45,2.0
2016-03-11 12:00:00,96.0,1007.0,277.590942623,2.0
2016-03-11 13:00:00,93.0,1006.0,277.74,2.0
2016-03-11 14:00:00,92.0,1009.0,277.441530612,2.0
2016-03-11 15:00:00,100.0,1004.0,277.6,1.0
2016-03-11 16:00:00,93.0,1004.0,278.551295727,1.0
2016-03-11 17:00:00,86.0,1004.0,279.58,2.0
2016-03-11 18:00:00,87.0,1002.0,281.19,3.0
2016-03-11 19:00:00,85.0,1002.0,281.236413777,2.0
2016-03-11 20:00:00,75.0,1003.0,281.55,1.0
2016-03-11 21:00:00,77.0,1003.0,282.438970022,1.0
2016-03-11 22:00:00,81.0,1003.0,283.42,1.0
2016-03-11 23:00:00,90.0,1008.0,282.964951324,1.0
2016-03-12 00:00:00,87.0,1001.0,283.21,5.0
2016-03-12 01:00:00,89.0,1001.0,282.844499865,4.0
2016-03-12 02:00:00,93.0,1001.0,282.42,2.0
2016-03-12 03:00:00,93.0,1001.0,282.341485846,3.0
2016-03-12 04:00:00,93.0,1001.0,282.25,4.0
2016-03-12 05:00:00,93.0,1002.0,282.89,1.0
2016-03-12 06:00:00,92.0,1002.0,282.89565297,1.0
2016-03-12 07:00:00,87.0,1002.0,283.09,4.0
2016-03-12 08:00:00,92.0,1008.0,281.851074362,3.0
2016-03-12 09:00:00,81.0,1002.0,282.46,6.0
2016-03-12 10:00:00,87.0,1002.0,282.359402184,6.0
2016-03-12 11:00:00,87.0,1002.0,282.21,4.0
2016-03-12 12:00:00,84.0,1002.0,281.469629475,6.0
2016-03-12 13:00:00,81.0,1003.0,280.68,7.0
2016-03-12 14:00:00,89.0,1010.0,279.548834769,5.0
2016-03-12 15:00:00,93.0,1005.0,279.52,4.0
2016-03-12 16:00:00,87.0,1005.0,279.510191933,3.0
2016-03-12 17:00:00,81.0,1005.0,279.5,3.0
2016-03-12 18:00:00,70.0,1006.0,280.22,5.0
2016-03-12 19:00:00,81.0,1007.0,280.27,4.0
2016-03-12 20:00:00,75.0,1008.0,279.95,7.0
2016-03-12 21:00:00,78.0,1008.0,280.082814041,6.0
2016-03-12 22:00:00,87.0,1008.0,280.45,4.0
2016-03-12 23:00:00,93.0,1014.0,278.768983607,3.0
2016-03-13 00:00:00,81.0,1008.0,280.33,3.0
2016-03-13 01:00:00,78.0,1008.0,280.108971924,3.0
2016-03-13 02:00:00,75.0,1009.0,279.86,3.0
2016-03-13 03:00:00,77.0,1009.0,279.62526233,3.0
2016-03-13 04:00:00,81.0,1010.0,279.37,2.0
2016-03-13 05:00:00,81.0,1009.0,279.53,3.0
2016-03-13 06:00:00,87.0,1010.0,279.44,3.0
2016-03-13 07:00:00,81.0,1008.0,279.62,5.0
2016-03-13 08:00:00,81.0,1009.0,279.486634368,5.0
2016-03-13 09:00:00,75.0,1007.0,279.7,3.0
2016-03-13 10:00:00,80.0,1006.0,279.641419867,3.0
2016-03-13 11:00:00,87.0,1005.0,279.58,3.0
2016-03-13 12:00:00,87.0,1003.0,279.44,4.0
2016-03-13 13:00:00,70.0,1000.0,279.63,5.0
2016-03-13 14:00:00,87.0,1000.0,279.26,7.0
2016-03-13 15:00:00,70.0,996.0,279.81,6.0
2016-03-13 16:00:00,100.0,996.0,279.96,8.0
2016-03-13 17:00:00,93.0,995.0,280.78,5.0
2016-03-13 18:00:00,93.0,996.0,282.36,8.0
2016-03-13 19:00:00,92.0,996.0,282.388048717,8.0
2016-03-13 20:00:00,76.0,997.0,283.18,9.0
2016-03-13 21:00:00,76.0,997.0,282.591355932,8.0
2016-03-13 22:00:00,76.0,999.0,281.95,7.0
2016-03-13 23:00:00,87.0,1005.0,280.317467503,6.0
2016-03-14 00:00:00,61.0,1001.0,282.21,4.0
2016-03-14 01:00:00,65.0,1001.0,281.834727273,4.0
2016-03-14 02:00:00,70.0,1001.0,281.41,3.0
2016-03-14 03:00:00,72.0,1001.0,281.072014184,3.0
2016-03-14 04:00:00,75.0,1002.0,280.71,3.0
2016-03-14 05:00:00,81.0,1003.0,279.57,4.0
2016-03-14 06:00:00,81.0,1003.0,279.554427002,4.0
2016-03-14 07:00:00,86.0,1005.0,279.09,3.0
2016-03-14 08:00:00,92.0,1011.0,277.83703154,3.0
2016-03-14 09:00:00,81.0,1006.0,278.53,3.0
2016-03-14 10:00:00,81.0,1006.0,278.573879093,4.0
2016-03-14 11:00:00,81.0,1008.0,278.62,5.0
2016-03-14 12:00:00,78.0,1008.0,278.53777717,4.0
2016-03-14 13:00:00,75.0,1009.0,278.45,4.0
2016-03-14 14:00:00,87.0,1016.0,277.527354549,3.0
2016-03-14 15:00:00,81.0,1012.0,278.56,3.0
2016-03-14 16:00:00,81.0,1012.0,278.564754376,5.0
2016-03-14 17:00:00,81.0,1014.0,278.82,3.0
2016-03-14 18:00:00,70.0,1016.0,280.12,8.0
2016-03-14 19:00:00,72.0,1016.0,280.131385913,7.0
2016-03-14 20:00:00,87.0,1017.0,280.21,3.0
2016-03-14 21:00:00,84.0,1017.0,280.663984836,3.0
2016-03-14 22:00:00,81.0,1017.0,281.17,3.0
2016-03-14 23:00:00,90.0,1023.0,279.433795061,2.0
2016-03-15 00:00:00,100.0,1019.0,281.16,4.0
2016-03-15 01:00:00,85.0,1019.0,280.836101063,4.0
2016-03-15 02:00:00,70.0,1020.0,280.48,5.0
2016-03-15 03:00:00,78.0,1020.0,279.749109647,3.0
2016-03-15 04:00:00,87.0,1021.0,278.95,2.0
2016-03-15 05:00:00,93.0,1023.0,278.87,3.0
2016-03-15 06:00:00,93.0,1024.0,278.38,2.0
2016-03-15 07:00:00,93.0,1023.0,278.379923975,2.0
2016-03-15 08:00:00,93.0,1023.0,278.24,1.0
2016-03-15 09:00:00,90.0,1023.0,278.360961089,3.0
2016-03-15 10:00:00,87.0,1024.0,278.49,5.0
2016-03-15 11:00:00,93.0,1030.0,277.537288107,3.0
2016-03-15 12:00:00,80.0,1024.0,278.72,4.0
2016-03-15 13:00:00,81.0,1025.0,278.67,1.0
2016-03-15 14:00:00,87.0,1024.0,278.79,3.0
2016-03-15 15:00:00,86.0,1025.0,278.7,2.0
2016-03-15 16:00:00,81.0,1025.0,279.34,4.0
2016-03-15 17:00:00,100.0,1026.0,279.7,3.0
2016-03-15 18:00:00,98.0,1026.0,279.718600252,3.0
2016-03-15 19:00:00,81.0,1027.0,279.95,1.0
2016-03-15 20:00:00,90.0,1032.0,279.017743338,1.0
2016-03-15 21:00:00,87.0,1025.0,280.84,2.0
2016-03-15 22:00:00,87.0,1025.0,281.013186752,1.0
2016-03-15 23:00:00,87.0,1026.0,281.2,1.0
2016-03-16 00:00:00,87.0,1025.0,281.258051568,1.0
2016-03-16 01:00:00,87.0,1025.0,281.32,2.0
2016-03-16 02:00:00,75.0,1026.0,280.86,2.0
2016-03-16 03:00:00,93.0,1025.0,280.6,1.0
2016-03-16 04:00:00,95.0,1025.0,280.454897572,1.0
2016-03-16 05:00:00,100.0,1025.0,280.14,1.0
2016-03-16 06:00:00,93.0,1025.0,280.15,2.0
2016-03-16 07:00:00,93.0,1025.0,280.17,2.0
2016-03-16 08:00:00,93.0,1025.0,280.08017817,2.0
2016-03-16 09:00:00,93.0,1025.0,280.18,2.0
2016-03-16 10:00:00,100.0,1025.0,279.7,1.0
2016-03-16 11:00:00,100.0,1025.0,279.69,2.0
2016-03-16 12:00:00,93.0,1025.0,279.64,1.0
2016-03-16 13:00:00,92.0,1025.0,279.642206387,1.0
2016-03-16 14:00:00,87.0,1025.0,279.75,2.0
2016-03-16 15:00:00,93.0,1026.0,280.01,1.0
2016-03-16 16:00:00,87.0,1026.0,280.22,1.0
2016-03-16 17:00:00,87.0,1027.0,281.21,1.0
2016-03-16 18:00:00,86.0,1027.0,281.236841699,1.0
2016-03-16 19:00:00,81.0,1027.0,281.65,3.0
2016-03-16 20:00:00,86.0,1032.0,282.636832215,2.0
2016-03-16 21:00:00,66.0,1026.0,283.46,1.0
2016-03-16 22:00:00,56.0,1026.0,284.271078569,1.0
2016-03-16 23:00:00,46.0,1027.0,285.18,1.0
2016-03-17 00:00:00,46.0,1027.0,285.559636136,2.0
2016-03-17 01:00:00,46.0,1027.0,285.97,3.0
2016-03-17 02:00:00,66.0,1032.0,282.18464631,2.0
2016-03-17 03:00:00,92.0,1027.0,283.81,3.0
2016-03-17 04:00:00,63.0,1025.0,282.190824041,1.0
2016-03-17 05:00:00,70.0,1027.0,281.22,1.0
2016-03-17 06:00:00,70.0,1026.0,279.07,3.0
2016-03-17 07:00:00,70.0,1027.0,278.64,0.0
2016-03-17 08:00:00,75.0,1026.0,277.23,0.0
2016-03-17 09:00:00,86.0,1028.0,275.88,0.0
2016-03-17 10:00:00,93.0,1026.0,275.87,0.0
2016-03-17 11:00:00,86.0,1025.0,274.37,0.0
2016-03-17 12:00:00,86.0,1025.0,274.402654731,0.0
2016-03-17 13:00:00,86.0,1025.0,274.85,1.0
2016-03-17 14:00:00,90.0,1029.0,273.48672552,1.0
2016-03-17 15:00:00,93.0,1025.0,274.8,1.0
2016-03-17 16:00:00,79.0,1026.0,277.57,2.0
2016-03-17 17:00:00,75.0,1025.0,279.26,1.0
2016-03-17 18:00:00,61.0,1024.0,281.96,1.0
2016-03-17 19:00:00,53.0,1025.0,284.87,4.0
2016-03-17 20:00:00,53.0,1025.0,284.84320524,4.0
2016-03-17 21:00:00,47.0,1024.0,286.76,4.0
2016-03-17 22:00:00,41.0,1023.0,287.708544749,3.0
2016-03-17 23:00:00,36.0,1022.0,288.75,2.0
2016-03-18 00:00:00,27.0,1021.0,288.91,5.0
2016-03-18 01:00:00,25.0,1020.0,288.14873805,9.0
2016-03-18 02:00:00,26.0,1020.0,286.95,12.0
2016-03-18 03:00:00,32.0,1019.0,284.57,6.0
2016-03-18 04:00:00,32.0,1019.0,284.22,10.0
2016-03-18 05:00:00,27.0,1021.0,283.83,2.0
2016-03-18 06:00:00,27.0,1020.0,283.801309771,2.0
2016-03-18 07:00:00,29.0,1020.0,283.35,3.0
2016-03-18 08:00:00,32.0,1022.0,281.774665053,8.0
2016-03-18 09:00:00,48.0,1019.0,282.13,2.0
2016-03-18 10:00:00,36.0,1018.0,281.67,8.0
2016-03-18 11:00:00,34.0,1017.0,281.55,8.0
2016-03-18 12:00:00,36.0,1017.0,281.57,8.0
2016-03-18 13:00:00,36.0,1017.0,281.56662076,8.0
2016-03-18 14:00:00,36.0,1017.0,281.52,9.0
2016-03-18 15:00:00,39.0,1017.0,282.15,6.0
2016-03-18 16:00:00,32.0,1017.0,283.25,10.0
2016-03-18 17:00:00,46.0,1018.0,284.8,4.0
2016-03-18 18:00:00,44.0,1017.0,284.926335105,4.0
2016-03-18 19:00:00,24.0,1017.0,286.29,4.0
2016-03-18 20:00:00,23.0,1017.0,287.48,7.0
2016-03-18 21:00:00,22.0,1017.0,288.352655738,5.0
2016-03-18 22:00:00,22.0,1017.0,289.32,4.0
2016-03-18 23:00:00,38.0,1023.0,287.381782902,3.0
2016-03-19 00:00:00,25.0,1017.0,289.13,2.0
2016-03-19 01:00:00,28.0,1016.0,288.371077239,2.0
2016-03-19 02:00:00,33.0,1016.0,287.56,1.0
2016-03-19 03:00:00,35.0,1016.0,285.86,2.0
2016-03-19 04:00:00,35.0,1016.0,285.43,8.0
2016-03-19 05:00:00,37.0,1016.0,285.06,7.0
2016-03-19 06:00:00,37.0,1016.0,285.047382044,7.0
2016-03-19 07:00:00,37.0,1016.0,284.61,7.0
2016-03-19 08:00:00,65.0,1018.0,283.5,1.0
2016-03-19 09:00:00,43.0,1017.0,283.4,5.0
2016-03-19 10:00:00,70.0,1018.0,282.34,1.0
2016-03-19 11:00:00,69.0,1018.0,282.142285714,1.0
2016-03-19 12:00:00,75.0,1018.0,281.86,1.0
2016-03-19 13:00:00,81.0,1018.0,280.94,1.0
2016-03-19 14:00:00,70.0,1017.0,280.67,1.0
2016-03-19 15:00:00,75.0,1018.0,281.38,1.0
2016-03-19 16:00:00,61.0,1017.0,282.94,1.0
2016-03-19 17:00:00,61.0,1021.0,282.890320092,1.0
2016-03-19 18:00:00,66.0,1018.0,285.54,1.0
2016-03-19 19:00:00,38.0,1017.0,288.13,4.0
2016-03-19 20:00:00,40.0,1018.0,288.039225225,3.0
2016-03-19 21:00:00,32.0,1017.0,290.17,3.0
2016-03-19 22:00:00,32.0,1016.0,290.711604868,3.0
2016-03-19 23:00:00,34.0,1016.0,291.31,2.0
2016-03-20 00:00:00,34.0,1015.0,291.061269908,3.0
2016-03-20 01:00:00,36.0,1014.0,290.8,5.0
2016-03-20 02:00:00,47.0,1020.0,288.489904388,3.0
2016-03-20 03:00:00,37.0,1013.0,289.062534562,4.0
2016-03-20 04:00:00,38.0,1013.0,287.84,4.0
2016-03-20 05:00:00,48.0,1017.0,286.379586404,3.0
2016-03-20 06:00:00,42.0,1013.0,286.869603783,4.0
2016-03-20 07:00:00,47.0,1013.0,285.87,5.0
2016-03-20 08:00:00,52.0,1016.0,284.971647059,4.0
2016-03-20 09:00:00,47.0,1012.0,285.315977535,4.0
2016-03-20 10:00:00,47.0,1012.0,284.74,4.0
2016-03-20 11:00:00,81.0,1012.0,284.39,1.0
2016-03-20 12:00:00,81.0,1012.0,284.388289132,1.0
2016-03-20 13:00:00,81.0,1012.0,284.32,1.0
2016-03-20 14:00:00,81.0,1011.0,284.07,3.0
2016-03-20 15:00:00,54.0,1011.0,283.78,3.0
2016-03-20 16:00:00,65.0,1011.0,283.689965766,2.0
2016-03-20 17:00:00,93.0,1011.0,283.48,2.0
2016-03-20 18:00:00,87.0,1010.0,283.29,3.0
2016-03-20 19:00:00,86.0,1009.0,283.385051499,2.0
2016-03-20 20:00:00,81.0,1009.0,283.87,2.0
2016-03-20 21:00:00,83.0,1009.0,284.233090331,2.0
2016-03-20 22:00:00,87.0,1009.0,284.61,2.0
2016-03-20 23:00:00,85.0,1015.0,284.620873279,2.0
2016-03-21 00:00:00,81.0,1010.0,286.07,5.0
2016-03-21 01:00:00,76.0,1011.0,286.79,3.0
2016-03-21 02:00:00,87.0,1011.0,285.58,2.0
2016-03-21 03:00:00,87.0,1011.0,285.230032179,2.0
2016-03-21 04:00:00,87.0,1011.0,284.37,2.0
2016-03-21 05:00:00,76.0,1012.0,283.67,2.0
2016-03-21 06:00:00,87.0,1012.0,282.87,2.0
2016-03-21 07:00:00,76.0,1012.0,282.37,4.0
2016-03-21 08:00:00,81.0,1011.0,282.49,2.0
2016-03-21 09:00:00,81.0,1011.0,282.485347594,2.0
2016-03-21 10:00:00,81.0,1011.0,282.42,3.0
2016-03-21 11:00:00,87.0,1011.0,281.73,3.0
2016-03-21 12:00:00,87.0,1010.0,282.11,4.0
2016-03-21 13:00:00,87.0,1009.0,282.082087104,4.0
2016-03-21 14:00:00,87.0,1009.0,282.02,4.0
2016-03-21 15:00:00,93.0,1008.0,282.16,1.0
2016-03-21 16:00:00,87.0,1008.0,282.38,3.0
2016-03-21 17:00:00,90.0,1011.0,282.441045061,2.0
2016-03-21 18:00:00,81.0,1008.0,282.5,3.0
2016-03-21 19:00:00,76.0,1008.0,283.2,5.0
2016-03-21 20:00:00,76.0,1008.0,283.4,2.0
2016-03-21 21:00:00,76.0,1008.0,283.555452342,2.0
2016-03-21 22:00:00,76.0,1008.0,284.0,2.0
2016-03-21 23:00:00,87.0,1014.0,281.627183845,2.0
2016-03-22 00:00:00,71.0,1008.0,282.93,6.0
2016-03-22 01:00:00,78.0,1008.0,282.420361514,5.0
2016-03-22 02:00:00,87.0,1009.0,281.86,5.0
2016-03-22 03:00:00,81.0,1009.0,281.551347048,4.0
2016-03-22 04:00:00,76.0,1010.0,281.23,4.0
2016-03-22 05:00:00,75.0,1011.0,280.7,4.0
2016-03-22 06:00:00,75.0,1011.0,280.701152648,4.0
2016-03-22 07:00:00,75.0,1012.0,280.72,4.0
2016-03-22 08:00:00,90.0,1016.0,279.98490043,5.0
2016-03-22 09:00:00,81.0,1013.0,280.56,4.0
2016-03-22 10:00:00,81.0,1013.0,280.459730514,3.0
2016-03-22 11:00:00,81.0,1014.0,280.35,1.0
2016-03-22 12:00:00,81.0,1014.0,280.302520483,3.0
2016-03-22 13:00:00,81.0,1014.0,280.25,5.0
2016-03-22 14:00:00,87.0,1017.0,279.75,1.0
2016-03-22 15:00:00,87.0,1017.0,279.72,1.0
2016-03-22 16:00:00,87.0,1017.0,280.06078596,1.0
2016-03-22 17:00:00,87.0,1018.0,280.84,2.0
2016-03-22 18:00:00,81.0,1020.0,282.61,4.0
2016-03-22 19:00:00,78.0,1020.0,282.719811321,4.0
2016-03-22 20:00:00,62.0,1021.0,283.42,4.0
2016-03-22 21:00:00,66.0,1021.0,284.011926897,4.0
2016-03-22 22:00:00,71.0,1022.0,284.65,4.0
2016-03-22 23:00:00,85.0,1028.0,282.591192499,3.0
2016-03-23 00:00:00,81.0,1022.0,285.35,2.0
2016-03-23 01:00:00,73.0,1022.0,284.747962188,1.0
2016-03-23 02:00:00,66.0,1024.0,284.07,1.0
2016-03-23 03:00:00,76.0,1024.0,283.359131034,1.0
2016-03-23 04:00:00,87.0,1025.0,282.61,1.0
2016-03-23 05:00:00,81.0,1026.0,281.67,2.0
2016-03-23 06:00:00,76.0,1026.0,281.21,1.0
2016-03-23 07:00:00,81.0,1026.0,280.94,1.0
2016-03-23 08:00:00,85.0,1030.0,280.26729149,1.0
2016-03-23 09:00:00,87.0,1027.0,280.99,2.0
2016-03-23 10:00:00,87.0,1027.0,280.61,2.0
2016-03-23 11:00:00,87.0,1026.0,280.27,3.0
2016-03-23 12:00:00,81.0,1027.0,280.69,3.0
2016-03-23 13:00:00,81.0,1027.0,280.690330261,3.0
2016-03-23 14:00:00,81.0,1027.0,280.72,2.0
2016-03-23 15:00:00,93.0,1027.0,280.95,3.0
2016-03-23 16:00:00,81.0,1027.0,281.86,4.0
2016-03-23 17:00:00,76.0,1027.0,282.67,4.0
2016-03-23 18:00:00,75.0,1027.0,282.689461883,4.0
2016-03-23 19:00:00,71.0,1027.0,283.86,5.0
2016-03-23 20:00:00,85.0,1032.0,282.388347051,4.0
2016-03-23 21:00:00,66.0,1026.0,284.86,3.0
2016-03-23 22:00:00,62.0,1025.0,284.826401164,4.0
2016-03-23 23:00:00,58.0,1025.0,284.79,5.0
2016-03-24 00:00:00,61.0,1024.0,284.785149212,4.0
2016-03-24 01:00:00,66.0,1023.0,284.78,4.0
2016-03-24 02:00:00,81.0,1029.0,282.951471017,4.0
2016-03-24 03:00:00,62.0,1021.0,284.04,4.0
2016-03-24 04:00:00,71.0,1021.0,283.444060182,3.0
2016-03-24 05:00:00,81.0,1021.0,282.83,2.0
2016-03-24 06:00:00,81.0,1021.0,283.02,5.0
2016-03-24 07:00:00,81.0,1021.0,282.48,6.0
2016-03-24 08:00:00,81.0,1021.0,282.46,6.0
2016-03-24 09:00:00,81.0,1021.0,282.192527881,5.0
2016-03-24 10:00:00,81.0,1023.0,281.51,2.0
2016-03-24 11:00:00,90.0,1029.0,280.327565657,2.0
2016-03-24 12:00:00,87.0,1023.0,280.86,1.0
2016-03-24 13:00:00,84.0,1023.0,280.444871123,2.0
2016-03-24 14:00:00,81.0,1025.0,279.97,3.0
2016-03-24 15:00:00,81.0,1025.0,280.64,4.0
2016-03-24 16:00:00,75.0,1025.0,281.27,4.0
2016-03-24 17:00:00,82.0,1029.0,280.72051785,4.0
2016-03-24 18:00:00,81.0,1026.0,281.95,2.0
2016-03-24 19:00:00,73.0,1026.0,282.739172722,3.0
2016-03-24 20:00:00,66.0,1026.0,283.61,4.0
2016-03-24 21:00:00,70.0,1026.0,283.992942075,3.0
2016-03-24 22:00:00,76.0,1027.0,284.41,1.0
2016-03-24 23:00:00,87.0,1032.0,282.227927203,1.0
2016-03-25 00:00:00,66.0,1026.0,284.74,2.0
2016-03-25 01:00:00,67.0,1026.0,284.224580468,2.0
2016-03-25 02:00:00,70.0,1026.0,283.68,3.0
2016-03-25 03:00:00,81.0,1026.0,281.77,2.0
2016-03-25 04:00:00,75.0,1026.0,281.0,2.0
2016-03-25 05:00:00,75.0,1026.0,281.05,2.0
2016-03-25 06:00:00,75.0,1026.0,281.036925295,2.0
2016-03-25 07:00:00,81.0,1026.0,280.76,2.0
2016-03-25 08:00:00,79.0,1029.0,279.795670002,2.0
2016-03-25 09:00:00,81.0,1026.0,280.14,1.0
2016-03-25 10:00:00,83.0,1025.0,279.789641168,1.0
2016-03-25 11:00:00,87.0,1025.0,279.43,2.0
2016-03-25 12:00:00,81.0,1025.0,279.75,2.0
2016-03-25 13:00:00,75.0,1024.0,279.32,1.0
2016-03-25 14:00:00,82.0,1027.0,279.161946565,1.0
2016-03-25 15:00:00,75.0,1024.0,279.84,1.0
2016-03-25 16:00:00,80.0,1024.0,280.363922341,1.0
2016-03-25 17:00:00,93.0,1024.0,280.73,1.0
2016-03-25 18:00:00,81.0,1025.0,281.95,2.0
2016-03-25 19:00:00,78.0,1025.0,282.097727167,2.0
2016-03-25 20:00:00,66.0,1025.0,282.98,1.0
2016-03-25 21:00:00,59.0,1024.0,283.623515938,1.0
2016-03-25 22:00:00,53.0,1024.0,284.3,1.0
2016-03-25 23:00:00,68.0,1029.0,283.410051651,1.0
2016-03-26 00:00:00,44.0,1024.0,285.57,1.0
2016-03-26 01:00:00,45.0,1023.0,285.424318594,1.0
2016-03-26 02:00:00,47.0,1023.0,285.26,2.0
2016-03-26 03:00:00,56.0,1023.0,283.767479379,1.0
2016-03-26 04:00:00,66.0,1023.0,282.12,0.0
2016-03-26 05:00:00,75.0,1023.0,279.12,1.0
2016-03-26 06:00:00,75.0,1023.0,279.094534161,1.0
2016-03-26 07:00:00,80.0,1023.0,278.52,1.0
2016-03-26 08:00:00,83.0,1028.0,276.180422535,1.0
2016-03-26 09:00:00,86.0,1022.0,277.52,1.0
2016-03-26 10:00:00,86.0,1022.0,277.549154215,1.0
2016-03-26 11:00:00,86.0,1022.0,277.58,1.0
2016-03-26 12:00:00,86.0,1021.0,277.805431724,1.0
2016-03-26 13:00:00,86.0,1021.0,278.04,1.0
2016-03-26 14:00:00,87.0,1026.0,277.206046318,1.0
2016-03-26 15:00:00,80.0,1020.0,278.54,2.0
2016-03-26 16:00:00,77.0,1019.0,279.3779459,2.0
2016-03-26 17:00:00,75.0,1019.0,280.27,3.0
2016-03-26 18:00:00,62.0,1018.0,283.35,5.0
2016-03-26 19:00:00,60.0,1018.0,283.621625173,5.0
2016-03-26 20:00:00,54.0,1018.0,285.16,4.0
2016-03-26 21:00:00,50.0,1017.0,286.177277992,4.0
2016-03-26 22:00:00,47.0,1016.0,287.26,5.0
2016-03-26 23:00:00,72.0,1021.0,284.302391446,3.0
2016-03-27 00:00:00,44.0,1015.0,287.15,5.0
2016-03-27 01:00:00,54.0,1014.0,286.481930432,5.0
2016-03-27 02:00:00,67.0,1014.0,285.74,5.0
2016-03-27 03:00:00,76.0,1014.0,285.079594994,4.0
2016-03-27 04:00:00,87.0,1014.0,284.36,3.0
2016-03-27 05:00:00,81.0,1014.0,284.07,2.0
2016-03-27 06:00:00,81.0,1014.0,283.52,1.0
2016-03-27 07:00:00,80.0,1014.0,283.521887287,1.0
2016-03-27 08:00:00,76.0,1014.0,283.82,3.0
2016-03-27 09:00:00,78.0,1014.0,283.169186494,2.0
2016-03-27 10:00:00,81.0,1016.0,282.48,2.0
2016-03-27 11:00:00,83.0,1020.0,280.853784711,6.0
2016-03-27 12:00:00,76.0,1017.0,281.19,3.0
2016-03-27 13:00:00,75.0,1018.0,280.5,2.0
2016-03-27 14:00:00,81.0,1019.0,279.82,1.0
2016-03-27 15:00:00,75.0,1019.0,279.96,3.0
2016-03-27 16:00:00,75.0,1019.0,280.346085271,3.0
2016-03-27 17:00:00,75.0,1020.0,281.36,3.0
2016-03-27 18:00:00,70.0,1021.0,282.45,2.0
2016-03-27 19:00:00,69.0,1021.0,282.476028278,2.0
2016-03-27 20:00:00,62.0,1021.0,283.7,4.0
2016-03-27 21:00:00,68.0,1020.0,283.519298836,3.0
2016-03-27 22:00:00,76.0,1020.0,283.32,2.0
2016-03-27 23:00:00,87.0,1026.0,280.860263456,2.0
2016-03-28 00:00:00,53.0,1021.0,283.39,5.0
2016-03-28 01:00:00,56.0,1021.0,282.63723559,4.0
2016-03-28 02:00:00,61.0,1021.0,281.85,4.0
2016-03-28 03:00:00,67.0,1021.0,281.225045795,3.0
2016-03-28 04:00:00,75.0,1022.0,280.58,1.0
2016-03-28 05:00:00,70.0,1021.0,279.54,1.0
2016-03-28 06:00:00,80.0,1022.0,278.61,1.0
2016-03-28 07:00:00,81.0,1021.0,278.28,1.0
2016-03-28 08:00:00,99.0,1022.0,277.53,1.0
2016-03-28 09:00:00,98.0,1022.0,277.529578281,1.0
2016-03-28 10:00:00,80.0,1023.0,277.48,1.0
2016-03-28 11:00:00,80.0,1023.0,275.75,1.0
2016-03-28 12:00:00,93.0,1022.0,276.3,1.0
2016-03-28 13:00:00,90.0,1022.0,276.458246445,1.0
2016-03-28 14:00:00,86.0,1022.0,276.83,1.0
2016-03-28 15:00:00,92.0,1022.0,277.208245614,1.0
2016-03-28 16:00:00,100.0,1022.0,277.6,1.0
2016-03-28 17:00:00,80.0,1024.0,279.18,1.0
2016-03-28 18:00:00,66.0,1024.0,281.73,3.0
2016-03-28 19:00:00,65.0,1023.0,281.766484076,3.0
2016-03-28 20:00:00,54.0,1023.0,283.52,4.0
2016-03-28 21:00:00,50.0,1022.0,284.337133956,4.0
2016-03-28 22:00:00,47.0,1022.0,285.24,4.0
2016-03-28 23:00:00,65.0,1027.0,283.727663471,3.0
2016-03-29 00:00:00,44.0,1022.0,286.21,3.0
2016-03-29 01:00:00,43.0,1022.0,285.95730459,3.0
2016-03-29 02:00:00,43.0,1022.0,285.69,3.0
2016-03-29 03:00:00,49.0,1022.0,284.226124074,2.0
2016-03-29 04:00:00,57.0,1023.0,282.7,2.0
2016-03-29 05:00:00,70.0,1021.0,280.48,0.0
2016-03-29 06:00:00,70.0,1023.0,279.63,1.0
2016-03-29 07:00:00,70.0,1023.0,279.532375594,1.0
2016-03-29 08:00:00,70.0,1023.0,278.35,2.0
2016-03-29 09:00:00,70.0,1023.0,277.636097458,2.0
2016-03-29 10:00:00,70.0,1023.0,276.9,2.0
2016-03-29 11:00:00,87.0,1021.0,275.42,0.0
2016-03-29 12:00:00,93.0,1021.0,274.93,1.0
2016-03-29 13:00:00,85.0,1022.0,274.12,3.0
2016-03-29 14:00:00,93.0,1021.0,275.05,2.0
2016-03-29 15:00:00,100.0,1021.0,276.52,2.0
2016-03-29 16:00:00,99.0,1021.0,276.832800671,2.0
2016-03-29 17:00:00,93.0,1021.0,279.19,1.0
2016-03-29 18:00:00,54.0,1021.0,283.49,4.0
2016-03-29 19:00:00,57.0,1020.0,285.33,2.0
2016-03-29 20:00:00,59.0,1023.0,285.924461538,2.0
2016-03-29 21:00:00,41.0,1020.0,287.67,7.0
2016-03-29 22:00:00,37.0,1019.0,288.961486917,7.0
2016-03-29 23:00:00,34.0,1018.0,290.4,6.0
2016-03-30 00:00:00,32.0,1017.0,290.767396547,6.0
2016-03-30 01:00:00,31.0,1017.0,291.19,6.0
2016-03-30 02:00:00,43.0,1022.0,287.551303944,4.0
2016-03-30 03:00:00,66.0,1017.0,289.66,2.0
2016-03-30 04:00:00,58.0,1017.0,287.646724405,1.0
2016-03-30 05:00:00,50.0,1018.0,285.35,1.0
2016-03-30 06:00:00,57.0,1018.0,283.908710401,1.0
2016-03-30 07:00:00,65.0,1019.0,282.34,1.0
2016-03-30 08:00:00,70.0,1025.0,278.887008472,1.0
2016-03-30 09:00:00,70.0,1018.0,280.11,0.0
2016-03-30 10:00:00,74.0,1018.0,279.369631969,0.0
2016-03-30 11:00:00,80.0,1019.0,278.49,0.0
2016-03-30 12:00:00,82.0,1019.0,277.537459597,0.0
2016-03-30 13:00:00,86.0,1020.0,276.42,0.0
2016-03-30 14:00:00,80.0,1026.0,275.85191762,1.0
2016-03-30 15:00:00,80.0,1020.0,276.25,0.0
2016-03-30 16:00:00,70.0,1020.0,282.32,1.0
2016-03-30 17:00:00,62.0,1020.0,284.79,1.0
2016-03-30 18:00:00,62.0,1019.0,286.26,1.0
2016-03-30 19:00:00,57.0,1019.0,287.106228571,1.0
2016-03-30 20:00:00,45.0,1019.0,289.21,1.0
2016-03-30 21:00:00,50.0,1018.0,291.155862069,1.0
2016-03-30 22:00:00,57.0,1018.0,293.39,1.0
2016-03-30 23:00:00,55.0,1023.0,292.625995316,1.0
2016-03-31 00:00:00,25.0,1017.0,295.51,1.0
2016-03-31 01:00:00,26.0,1017.0,295.35992097,2.0
2016-03-31 02:00:00,28.0,1017.0,295.2,2.0
2016-03-31 03:00:00,35.0,1017.0,293.276918677,2.0
2016-03-31 04:00:00,45.0,1017.0,290.67,1.0
2016-03-31 05:00:00,56.0,1022.0,286.497375891,1.0
2016-03-31 06:00:00,66.0,1019.0,286.04,1.0
2016-03-31 07:00:00,76.0,1019.0,284.0,1.0
2016-03-31 08:00:00,71.0,1018.0,282.57,3.0
2016-03-31 09:00:00,73.0,1018.0,282.349597711,3.0
2016-03-31 10:00:00,81.0,1020.0,281.59,1.0
2016-03-31 11:00:00,81.0,1020.0,279.98,1.0
2016-03-31 12:00:00,87.0,1019.0,278.67,1.0
2016-03-31 13:00:00,86.0,1020.0,278.43,1.0
2016-03-31 14:00:00,85.0,1020.0,278.411952739,1.0
2016-03-31 15:00:00,86.0,1021.0,278.59,1.0
2016-03-31 16:00:00,79.0,1021.0,280.6910181,1.0
2016-03-31 17:00:00,71.0,1022.0,283.12,1.0
2016-03-31 18:00:00,48.0,1021.0,288.27,3.0
2016-03-31 19:00:00,55.0,1021.0,289.94,2.0
2016-03-31 20:00:00,55.0,1024.0,290.425384615,1.0
2016-03-31 21:00:00,40.0,1021.0,291.79,1.0
2016-03-31 22:00:00,36.0,1020.0,293.340139599,1.0
2016-03-31 23:00:00,33.0,1020.0,295.01,1.0
2016-09-01 00:00:00,88.0,1016.0,291.29,3.0
2016-09-01 01:00:00,82.0,1016.0,291.67,1.0
2016-09-01 02:00:00,72.0,1016.0,291.99,2.0
2016-09-01 03:00:00,77.0,1017.0,291.21,3.0
2016-09-01 04:00:00,72.0,1017.0,290.32,1.0
2016-09-01 05:00:00,72.0,1017.0,289.34,1.0
2016-09-01 06:00:00,68.0,1017.0,288.03,2.0
2016-09-01 07:00:00,93.0,1018.0,286.58,1.0
2016-09-01 08:00:00,77.0,1018.0,286.74,1.0
2016-09-01 09:00:00,77.0,1018.0,287.07,3.0
2016-09-01 10:00:00,77.0,1018.0,287.26,2.0
2016-09-01 11:00:00,93.0,1018.0,287.39,1.0
2016-09-01 12:00:00,82.0,1018.0,286.75,2.0
2016-09-01 13:00:00,82.0,1018.0,286.4,1.0
2016-09-01 14:00:00,87.0,1018.0,286.6,1.0
2016-09-01 15:00:00,82.0,1018.0,287.23,1.0
2016-09-01 16:00:00,72.0,1018.0,287.97,1.0
2016-09-01 17:00:00,72.0,1018.0,289.41,2.0
2016-09-01 18:00:00,75.0,1019.0,289.053135371,1.0
2016-09-01 19:00:00,90.0,1031.0,287.578666667,1.0
2016-09-01 20:00:00,95.0,1031.0,287.085333333,1.0
2016-09-01 21:00:00,56.0,1017.0,292.7,3.0
2016-09-01 22:00:00,52.0,1016.0,292.82,2.0
2016-09-01 23:00:00,56.0,1016.0,292.2,2.0
2016-09-02 00:00:00,56.0,1015.0,291.59,3.0
2016-09-02 01:00:00,56.0,1015.0,291.54,1.0
2016-09-02 02:00:00,56.0,1015.0,290.75,2.0
2016-09-02 03:00:00,82.0,1015.0,288.94,3.0
2016-09-02 04:00:00,82.0,1015.0,288.56,3.0
2016-09-02 05:00:00,82.0,1015.0,288.3,3.0
2016-09-02 06:00:00,82.0,1016.0,288.35,1.0
2016-09-02 07:00:00,82.0,1016.0,287.9,5.0
2016-09-02 08:00:00,82.0,1016.0,287.55,1.0
2016-09-02 09:00:00,87.0,1016.0,286.9,3.0
2016-09-02 10:00:00,82.0,1016.0,287.11,3.0
2016-09-02 11:00:00,77.0,1016.0,287.25,1.0
2016-09-02 12:00:00,82.0,1016.0,287.01,1.0
2016-09-02 13:00:00,82.0,1016.0,286.68,2.0
2016-09-02 14:00:00,87.0,1017.0,286.85,2.0
2016-09-02 15:00:00,77.0,1017.0,288.07,3.0
2016-09-02 16:00:00,82.0,1017.0,288.91,4.0
2016-09-02 17:00:00,72.0,1017.0,289.52,5.0
2016-09-02 18:00:00,63.0,1017.0,290.57,4.0
2016-09-02 19:00:00,63.0,1017.0,290.97,5.0
2016-09-02 20:00:00,52.0,1016.0,291.74,5.0
2016-09-02 21:00:00,82.0,1017.0,291.43,4.0
2016-09-02 22:00:00,77.0,1017.0,291.32,2.0
2016-09-02 23:00:00,77.0,1017.0,291.62,2.0
2016-09-03 00:00:00,77.0,1017.0,291.75,1.0
2016-09-03 01:00:00,72.0,1017.0,291.5,2.0
2016-09-03 02:00:00,68.0,1017.0,291.19,1.0
2016-09-03 03:00:00,72.0,1017.0,289.64,1.0
2016-09-03 04:00:00,72.0,1017.0,288.61,3.0
2016-09-03 05:00:00,72.0,1017.0,287.53,2.0
2016-09-03 06:00:00,72.0,1018.0,286.7,1.0
2016-09-03 07:00:00,77.0,1018.0,286.46,2.0
2016-09-03 08:00:00,93.0,1018.0,285.1,1.0
2016-09-03 09:00:00,100.0,1018.0,284.4,0.0
2016-09-03 10:00:00,93.0,1017.0,284.4,0.0
2016-09-03 11:00:00,93.0,1017.0,283.81,0.0
2016-09-03 12:00:00,100.0,1017.0,282.51,0.0
2016-09-03 13:00:00,93.0,1017.0,282.65,0.0
2016-09-03 14:00:00,87.0,1017.0,283.21,1.0
2016-09-03 15:00:00,100.0,1018.0,284.83,0.0
2016-09-03 16:00:00,93.0,1018.0,285.42,0.0
2016-09-03 17:00:00,87.0,1018.0,286.57,2.0
2016-09-03 18:00:00,87.0,1018.0,287.74,1.0
2016-09-03 19:00:00,77.0,1018.0,289.63,1.0
2016-09-03 20:00:00,68.0,1017.0,290.91,1.0
2016-09-03 21:00:00,63.0,1017.0,292.34,1.0
2016-09-03 22:00:00,52.0,1016.0,292.59,2.0
2016-09-03 23:00:00,45.0,1015.0,292.4,3.0
2016-09-04 00:00:00,45.0,1015.0,292.07,2.0
2016-09-04 01:00:00,52.0,1014.0,291.76,3.0
2016-09-04 02:00:00,59.0,1014.0,291.17,2.0
2016-09-04 03:00:00,63.0,1015.0,289.3,2.0
2016-09-04 04:00:00,72.0,1015.0,288.1,3.0
2016-09-04 05:00:00,72.0,1015.0,286.91,3.0
2016-09-04 06:00:00,82.0,1015.0,285.73,3.0
2016-09-04 07:00:00,76.0,1015.0,284.98,3.0
2016-09-04 08:00:00,82.0,1015.0,284.42,2.0
2016-09-04 09:00:00,93.0,1015.0,283.69,1.0
2016-09-04 10:00:00,93.0,1015.0,283.57,2.0
2016-09-04 11:00:00,82.0,1015.0,284.17,1.0
2016-09-04 12:00:00,82.0,1015.0,284.65,2.0
2016-09-04 13:00:00,76.0,1015.0,284.56,3.0
2016-09-04 14:00:00,76.0,1016.0,284.79,3.0
2016-09-04 15:00:00,87.0,1016.0,285.23,1.0
2016-09-04 16:00:00,76.0,1016.0,286.04,4.0
2016-09-04 17:00:00,71.0,1017.0,287.03,4.0
2016-09-04 18:00:00,63.0,1017.0,288.24,4.0
2016-09-04 19:00:00,63.0,1017.0,289.26,2.0
2016-09-04 20:00:00,63.0,1017.0,289.98,3.0
2016-09-04 21:00:00,55.0,1016.0,291.58,2.0
2016-09-04 22:00:00,55.0,1016.0,292.94,3.0
2016-09-04 23:00:00,49.0,1015.0,293.48,1.0
2016-09-05 00:00:00,43.0,1015.0,293.81,2.0
2016-09-05 01:00:00,43.0,1015.0,293.0,2.0
2016-09-05 02:00:00,45.0,1015.0,291.56,3.0
2016-09-05 03:00:00,55.0,1015.0,290.02,3.0
2016-09-05 04:00:00,59.0,1016.0,288.57,4.0
2016-09-05 05:00:00,63.0,1016.0,287.59,2.0
2016-09-05 06:00:00,67.0,1016.0,286.8,3.0
2016-09-05 07:00:00,76.0,1017.0,285.95,3.0
2016-09-05 08:00:00,76.0,1017.0,285.4,1.0
2016-09-05 09:00:00,76.0,1017.0,284.21,1.0
2016-09-05 10:00:00,87.0,1017.0,284.14,0.0
2016-09-05 11:00:00,87.0,1017.0,283.71,1.0
2016-09-05 12:00:00,87.0,1017.0,283.5,1.0
2016-09-05 13:00:00,87.0,1017.0,284.37,0.0
2016-09-05 14:00:00,82.0,1018.0,284.2,0.0
2016-09-05 15:00:00,82.0,1018.0,285.46,0.0
2016-09-05 16:00:00,76.0,1018.0,286.52,0.0
2016-09-05 17:00:00,72.0,1018.0,288.18,1.0
2016-09-05 18:00:00,59.0,1018.0,289.42,1.0
2016-09-05 19:00:00,55.0,1018.0,290.33,2.0
2016-09-05 20:00:00,51.0,1018.0,290.82,1.0
2016-09-05 21:00:00,48.0,1018.0,292.77,1.0
2016-09-05 22:00:00,48.0,1016.0,293.72,2.0
2016-09-05 23:00:00,43.0,1016.0,293.94,2.0
2016-09-06 00:00:00,40.0,1016.0,294.62,1.0
2016-09-06 01:00:00,43.0,1016.0,294.16,1.0
2016-09-06 02:00:00,46.0,1015.0,292.51,1.0
2016-09-06 03:00:00,52.0,1015.0,290.94,1.0
2016-09-06 04:00:00,55.0,1016.0,289.55,2.0
2016-09-06 05:00:00,63.0,1016.0,288.68,3.0
2016-09-06 06:00:00,67.0,1015.0,288.49,3.0
2016-09-06 07:00:00,72.0,1015.0,288.12,2.0
2016-09-06 08:00:00,82.0,1015.0,287.65,1.0
2016-09-06 09:00:00,87.0,1014.0,287.19,2.0
2016-09-06 10:00:00,87.0,1014.0,286.84,0.0
2016-09-06 11:00:00,87.0,1013.0,287.1,1.0
2016-09-06 12:00:00,100.0,1013.0,286.92,1.0
2016-09-06 13:00:00,93.0,1014.0,286.54,2.0
2016-09-06 14:00:00,100.0,1014.0,286.02,2.0
2016-09-06 15:00:00,100.0,1014.0,286.02,2.0
2016-09-06 16:00:00,87.0,1014.0,286.51,1.0
2016-09-06 17:00:00,87.0,1014.0,287.06,4.0
2016-09-06 18:00:00,93.0,1015.0,287.55,1.0
2016-09-06 19:00:00,93.0,1015.0,288.92,2.0
2016-09-06 20:00:00,77.0,1016.0,289.52,1.0
2016-09-06 21:00:00,93.0,1016.0,290.06,1.0
2016-09-06 22:00:00,77.0,1016.0,291.52,3.0
2016-09-06 23:00:00,77.0,1016.0,292.51,2.0
2016-09-07 00:00:00,82.0,1016.0,292.54,4.0
2016-09-07 01:00:00,72.0,1017.0,292.38,2.0
2016-09-07 02:00:00,82.0,1017.0,291.51,2.0
2016-09-07 03:00:00,88.0,1018.0,290.32,1.0
2016-09-07 04:00:00,88.0,1018.0,289.54,2.0
2016-09-07 05:00:00,87.0,1019.0,288.65,2.0
2016-09-07 06:00:00,87.0,1019.0,288.07,1.0
2016-09-07 07:00:00,93.0,1020.0,287.82,1.0
2016-09-07 08:00:00,82.0,1020.0,287.99,1.0
2016-09-07 09:00:00,87.0,1020.0,288.39,1.0
2016-09-07 10:00:00,87.0,1020.0,288.31,1.0
2016-09-07 11:00:00,82.0,1020.0,288.22,1.0
2016-09-07 12:00:00,87.0,1020.0,287.94,1.0
2016-09-07 13:00:00,87.0,1020.0,287.9,1.0
2016-09-07 14:00:00,87.0,1021.0,288.1,1.0
2016-09-07 15:00:00,87.0,1021.0,288.62,2.0
2016-09-07 16:00:00,77.0,1022.0,289.45,1.0
2016-09-07 17:00:00,72.0,1022.0,289.77,1.0
2016-09-07 18:00:00,72.0,1022.0,290.35,1.0
2016-09-07 19:00:00,68.0,1022.0,291.16,1.0
2016-09-07 20:00:00,68.0,1022.0,292.21,2.0
2016-09-07 21:00:00,68.0,1022.0,293.22,2.0
2016-09-07 22:00:00,52.0,1022.0,294.49,2.0
2016-09-07 23:00:00,49.0,1021.0,295.63,2.0
2016-09-08 00:00:00,43.0,1021.0,296.06,2.0
2016-09-08 01:00:00,43.0,1020.0,295.74,2.0
2016-09-08 02:00:00,43.0,1021.0,294.24,1.0
2016-09-08 03:00:00,49.0,1020.0,292.5,2.0
2016-09-08 04:00:00,56.0,1021.0,290.81,3.0
2016-09-08 05:00:00,59.0,1021.0,289.58,3.0
2016-09-08 06:00:00,63.0,1021.0,288.98,2.0
2016-09-08 07:00:00,67.0,1022.0,288.56,2.0
2016-09-08 08:00:00,82.0,1023.0,288.31,0.0
2016-09-08 09:00:00,72.0,1023.0,288.33,2.0
2016-09-08 10:00:00,72.0,1023.0,288.11,2.0
2016-09-08 11:00:00,72.0,1023.0,288.05,1.0
2016-09-08 12:00:00,72.0,1023.0,287.67,1.0
2016-09-08 13:00:00,72.0,1023.0,287.59,1.0
2016-09-08 14:00:00,72.0,1024.0,287.65,2.0
2016-09-08 15:00:00,82.0,1024.0,287.77,0.0
2016-09-08 16:00:00,77.0,1025.0,289.29,1.0
2016-09-08 17:00:00,77.0,1025.0,290.46,1.0
2016-09-08 18:00:00,63.0,1025.0,292.31,2.0
2016-09-08 19:00:00,49.0,1025.0,293.98,3.0
2016-09-08 20:00:00,49.0,1025.0,293.97,3.0
2016-09-08 21:00:00,43.0,1025.0,295.18,1.0
2016-09-08 22:00:00,38.0,1024.0,296.22,5.0
2016-09-08 23:00:00,38.0,1024.0,296.89,4.0
2016-09-09 00:00:00,38.0,1024.0,296.5,3.0
2016-09-09 01:00:00,38.0,1024.0,295.08,3.0
2016-09-09 02:00:00,49.0,1024.0,293.48,5.0
2016-09-09 03:00:00,52.0,1024.0,290.74,3.0
2016-09-09 04:00:00,55.0,1025.0,289.41,3.0
2016-09-09 05:00:00,63.0,1026.0,288.63,2.0
2016-09-09 06:00:00,67.0,1026.0,287.68,5.0
2016-09-09 07:00:00,72.0,1026.0,286.32,3.0
2016-09-09 08:00:00,76.0,1026.0,285.47,2.0
2016-09-09 09:00:00,82.0,1026.0,284.61,3.0
2016-09-09 10:00:00,82.0,1026.0,284.07,0.0
2016-09-09 11:00:00,93.0,1026.0,283.3,1.0
2016-09-09 12:00:00,87.0,1026.0,282.67,0.0
2016-09-09 13:00:00,93.0,1026.0,282.38,0.0
2016-09-09 14:00:00,87.0,1026.0,283.17,0.0
2016-09-09 15:00:00,87.0,1026.0,284.56,2.0
2016-09-09 16:00:00,87.0,1026.0,285.97,2.0
2016-09-09 17:00:00,72.0,1026.0,289.37,2.0
2016-09-09 18:00:00,63.0,1025.0,291.57,2.0
2016-09-09 19:00:00,56.0,1025.0,293.9,3.0
2016-09-09 20:00:00,46.0,1024.0,296.37,4.0
2016-09-09 21:00:00,34.0,1023.0,298.87,4.0
2016-09-09 22:00:00,26.0,1022.0,299.85,3.0
2016-09-09 23:00:00,26.0,1022.0,300.56,3.0
2016-09-10 00:00:00,30.0,1021.0,300.43,5.0
2016-09-10 01:00:00,34.0,1021.0,300.21,3.0
2016-09-10 02:00:00,39.0,1021.0,298.3,3.0
2016-09-10 03:00:00,43.0,1021.0,295.34,4.0
2016-09-10 04:00:00,46.0,1021.0,293.28,4.0
2016-09-10 05:00:00,52.0,1021.0,292.07,3.0
2016-09-10 06:00:00,55.0,1021.0,291.01,3.0
2016-09-10 07:00:00,63.0,1021.0,289.3,1.0
2016-09-10 08:00:00,63.0,1021.0,288.74,0.0
2016-09-10 09:00:00,63.0,1021.0,287.2,0.0
2016-09-10 10:00:00,67.0,1021.0,286.05,0.0
2016-09-10 11:00:00,67.0,1021.0,285.91,0.0
2016-09-10 12:00:00,76.0,1020.0,285.18,0.0
2016-09-10 13:00:00,82.0,1020.0,284.57,1.0
2016-09-10 14:00:00,81.0,1021.0,284.27,1.0
2016-09-10 15:00:00,82.0,1021.0,286.32,1.0
2016-09-10 16:00:00,67.0,1021.0,289.28,1.0
2016-09-10 17:00:00,63.0,1021.0,292.37,1.0
2016-09-10 18:00:00,52.0,1020.0,295.56,1.0
2016-09-10 19:00:00,49.0,1020.0,296.87,1.0
2016-09-10 20:00:00,41.0,1019.0,299.21,1.0
2016-09-10 21:00:00,36.0,1018.0,301.06,1.0
2016-09-10 22:00:00,32.0,1018.0,302.52,2.0
2016-09-10 23:00:00,32.0,1017.0,302.4,3.0
2016-09-11 00:00:00,35.0,1017.0,301.96,2.0
2016-09-11 01:00:00,44.0,1017.0,299.44,3.0
2016-09-11 02:00:00,53.0,1017.0,296.62,3.0
2016-09-11 03:00:00,60.0,1017.0,293.9,4.0
2016-09-11 04:00:00,68.0,1018.0,291.72,3.0
2016-09-11 05:00:00,72.0,1018.0,290.29,3.0
2016-09-11 06:00:00,72.0,1019.0,289.75,3.0
2016-09-11 07:00:00,77.0,1019.0,288.8,4.0
2016-09-11 08:00:00,72.0,1020.0,288.22,3.0
2016-09-11 09:00:00,72.0,1020.0,287.11,4.0
2016-09-11 10:00:00,67.0,1020.0,286.37,4.0
2016-09-11 11:00:00,71.0,1021.0,285.33,5.0
2016-09-11 12:00:00,71.0,1021.0,284.6,1.0
2016-09-11 13:00:00,81.0,1021.0,284.24,1.0
2016-09-11 14:00:00,81.0,1022.0,283.44,1.0
2016-09-11 15:00:00,76.0,1022.0,285.13,1.0
2016-09-11 16:00:00,76.0,1022.0,287.62,1.0
2016-09-11 17:00:00,59.0,1022.0,289.45,1.0
2016-09-11 18:00:00,52.0,1022.0,291.23,2.0
2016-09-11 19:00:00,48.0,1022.0,292.32,1.0
2016-09-11 20:00:00,42.0,1022.0,292.91,2.0
2016-09-11 21:00:00,40.0,1021.0,294.63,2.0
2016-09-11 22:00:00,35.0,1020.0,295.21,2.0
2016-09-11 23:00:00,35.0,1020.0,295.42,4.0
2016-09-12 00:00:00,35.0,1019.0,295.22,4.0
2016-09-12 01:00:00,35.0,1019.0,294.2,3.0
2016-09-12 02:00:00,40.0,1019.0,292.34,3.0
2016-09-12 03:00:00,48.0,1019.0,289.49,3.0
2016-09-12 04:00:00,55.0,1019.0,288.39,4.0
2016-09-12 05:00:00,63.0,1019.0,287.32,4.0
2016-09-12 06:00:00,67.0,1020.0,286.45,2.0
2016-09-12 07:00:00,71.0,1020.0,285.67,3.0
2016-09-12 08:00:00,71.0,1020.0,284.93,3.0
2016-09-12 09:00:00,91.0,1020.0,283.9,2.0
2016-09-12 10:00:00,91.0,1020.0,283.07,1.0
2016-09-12 11:00:00,88.0,1020.0,282.2,1.0
2016-09-12 12:00:00,88.0,1020.0,281.71,1.0
2016-09-12 13:00:00,88.0,1020.0,281.26,1.0
2016-09-12 14:00:00,87.0,1021.0,281.45,1.0
2016-09-12 15:00:00,81.0,1021.0,284.07,1.0
2016-09-12 16:00:00,71.0,1021.0,286.77,2.0
2016-09-12 17:00:00,63.0,1021.0,290.06,3.0
2016-09-12 18:00:00,55.0,1021.0,293.06,4.0
2016-09-12 19:00:00,43.0,1020.0,295.03,4.0
2016-09-12 20:00:00,35.0,1020.0,296.36,4.0
2016-09-12 21:00:00,31.0,1019.0,297.76,5.0
2016-09-12 22:00:00,25.0,1018.0,298.5,3.0
2016-09-12 23:00:00,24.0,1017.0,299.11,3.0
2016-09-13 00:00:00,24.0,1017.0,299.01,3.0
2016-09-13 01:00:00,26.0,1016.0,298.29,5.0
2016-09-13 02:00:00,31.0,1017.0,296.14,3.0
2016-09-13 03:00:00,35.0,1017.0,293.5,2.0
2016-09-13 04:00:00,42.0,1017.0,291.38,3.0
2016-09-13 05:00:00,42.0,1018.0,289.66,1.0
2016-09-13 06:00:00,49.0,1017.0,289.164968225,1.0
2016-09-13 07:00:00,76.0,1017.0,287.32,2.0
2016-09-13 08:00:00,62.0,1017.0,285.33,2.0
2016-09-13 09:00:00,54.0,1017.0,284.35,3.0
2016-09-13 10:00:00,62.0,1017.0,283.79,1.0
2016-09-13 11:00:00,66.0,1017.0,283.26,3.0
2016-09-13 12:00:00,58.0,1017.0,283.13,3.0
2016-09-13 13:00:00,62.0,1017.0,282.14,3.0
2016-09-13 14:00:00,66.0,1017.0,281.97,2.0
2016-09-13 15:00:00,66.0,1017.0,283.53,2.0
2016-09-13 16:00:00,62.0,1017.0,285.62,3.0
2016-09-13 17:00:00,48.0,1017.0,290.07,2.0
2016-09-13 18:00:00,39.0,1017.0,293.61,3.0
2016-09-13 19:00:00,37.0,1016.0,295.21,3.0
2016-09-13 20:00:00,16.0,1015.0,297.28,7.0
2016-09-13 21:00:00,15.0,1015.0,298.82,5.0
2016-09-13 22:00:00,16.0,1014.0,299.71,4.0
2016-09-13 23:00:00,14.0,1014.0,300.07,6.0
2016-09-14 00:00:00,14.0,1013.0,300.16,7.0
2016-09-14 01:00:00,15.0,1012.0,299.67,6.0
2016-09-14 02:00:00,47.0,1012.0,298.11,4.0
2016-09-14 03:00:00,23.0,1012.0,295.05,2.0
2016-09-14 04:00:00,27.0,1013.0,292.27,2.0
2016-09-14 05:00:00,48.0,1013.0,289.58,1.0
2016-09-14 06:00:00,58.0,1013.0,287.93,2.0
2016-09-14 07:00:00,58.0,1014.0,286.68,1.0
2016-09-14 08:00:00,51.0,1014.0,286.06,1.0
2016-09-14 09:00:00,58.0,1014.0,284.76,1.0
2016-09-14 10:00:00,58.0,1015.0,283.58,1.0
2016-09-14 11:00:00,66.0,1015.0,282.81,1.0
2016-09-14 12:00:00,71.0,1016.0,281.84,1.0
2016-09-14 13:00:00,62.0,1016.0,281.91,2.0
2016-09-14 14:00:00,71.0,1016.0,281.63,1.0
2016-09-14 15:00:00,76.0,1017.0,282.76,1.0
2016-09-14 16:00:00,62.0,1018.0,285.32,2.0
2016-09-14 17:00:00,47.0,1019.0,288.25,2.0
2016-09-14 18:00:00,45.0,1019.0,290.8,2.0
2016-09-14 19:00:00,42.0,1019.0,292.92,1.0
2016-09-14 20:00:00,35.0,1019.0,295.76,2.0
2016-09-14 21:00:00,29.0,1019.0,297.18,3.0
2016-09-14 22:00:00,29.0,1018.0,297.78,2.0
2016-09-14 23:00:00,24.0,1018.0,299.03,2.0
2016-09-15 00:00:00,24.0,1018.0,299.1,2.0
2016-09-15 01:00:00,24.0,1018.0,298.23,1.0
2016-09-15 02:00:00,24.0,1018.0,295.61,1.0
2016-09-15 03:00:00,40.0,1018.0,292.69,2.0
2016-09-15 04:00:00,52.0,1019.0,290.65,2.0
2016-09-15 05:00:00,60.0,1023.0,288.77726276,2.0
2016-09-15 06:00:00,67.0,1020.0,287.74,3.0
2016-09-15 07:00:00,72.0,1020.0,286.48,3.0
2016-09-15 08:00:00,82.0,1021.0,285.65,3.0
2016-09-15 09:00:00,82.0,1021.0,285.34,1.0
2016-09-15 10:00:00,87.0,1021.0,284.58,2.0
2016-09-15 11:00:00,87.0,1021.0,283.54,0.0
2016-09-15 12:00:00,93.0,1022.0,283.08,1.0
2016-09-15 13:00:00,87.0,1022.0,282.85,1.0
2016-09-15 14:00:00,87.0,1022.0,282.92,3.0
2016-09-15 15:00:00,87.0,1022.0,284.68,2.0
2016-09-15 16:00:00,82.0,1022.0,286.14,1.0
2016-09-15 17:00:00,82.0,1022.0,287.72,1.0
2016-09-15 18:00:00,72.0,1022.0,290.58,2.0
2016-09-15 19:00:00,63.0,1021.0,291.95,1.0
2016-09-15 20:00:00,52.0,1021.0,294.6,2.0
2016-09-15 21:00:00,38.0,1020.0,296.43,1.0
2016-09-15 22:00:00,27.0,1019.0,298.4,2.0
2016-09-15 23:00:00,26.0,1019.0,299.19,3.0
2016-09-16 00:00:00,29.0,1018.0,299.39,3.0
2016-09-16 01:00:00,24.0,1018.0,298.68,3.0
2016-09-16 02:00:00,33.0,1018.0,296.71,1.0
2016-09-16 03:00:00,46.0,1018.0,293.35,1.0
2016-09-16 04:00:00,49.0,1019.0,291.2,2.0
2016-09-16 05:00:00,52.0,1019.0,290.34,2.0
2016-09-16 06:00:00,59.0,1019.0,288.87,1.0
2016-09-16 07:00:00,76.0,1019.0,286.92,1.0
2016-09-16 08:00:00,72.0,1019.0,286.49,0.0
2016-09-16 09:00:00,82.0,1019.0,284.81,1.0
2016-09-16 10:00:00,82.0,1019.0,284.63,0.0
2016-09-16 11:00:00,87.0,1019.0,283.62,0.0
2016-09-16 12:00:00,87.0,1019.0,283.65,0.0
2016-09-16 13:00:00,93.0,1019.0,283.32,0.0
2016-09-16 14:00:00,93.0,1019.0,283.83,0.0
2016-09-16 15:00:00,93.0,1019.0,285.85,1.0
2016-09-16 16:00:00,87.0,1019.0,287.42,2.0
2016-09-16 17:00:00,77.0,1019.0,289.1,2.0
2016-09-16 18:00:00,68.0,1019.0,291.94,1.0
2016-09-16 19:00:00,59.0,1018.0,294.37,1.0
2016-09-16 20:00:00,46.0,1018.0,295.94,2.0
2016-09-16 21:00:00,44.0,1017.0,298.39,1.0
2016-09-16 22:00:00,39.0,1016.0,299.64,2.0
2016-09-16 23:00:00,39.0,1016.0,300.45,1.0
2016-09-17 00:00:00,30.0,1015.0,300.61,2.0
2016-09-17 01:00:00,26.0,1015.0,300.18,1.0
2016-09-17 02:00:00,38.0,1015.0,296.6,0.0
2016-09-17 03:00:00,46.0,1015.0,294.63,2.0
2016-09-17 04:00:00,56.0,1015.0,293.11,3.0
2016-09-17 05:00:00,60.0,1015.0,291.92,4.0
2016-09-17 06:00:00,68.0,1016.0,291.28,2.0
2016-09-17 07:00:00,72.0,1016.0,290.2,3.0
2016-09-17 08:00:00,72.0,1016.0,289.6,2.0
2016-09-17 09:00:00,77.0,1017.0,289.11,2.0
2016-09-17 10:00:00,72.0,1016.0,288.93,2.0
2016-09-17 11:00:00,72.0,1016.0,289.12,2.0
2016-09-17 12:00:00,72.0,1016.0,288.92,1.0
2016-09-17 13:00:00,72.0,1016.0,288.69,0.0
2016-09-17 14:00:00,59.0,1015.0,288.46,2.0
2016-09-17 15:00:00,82.0,1016.0,287.42,1.0
2016-09-17 16:00:00,87.0,1017.0,286.97,3.0
2016-09-17 17:00:00,93.0,1017.0,286.89,1.0
2016-09-17 18:00:00,93.0,1017.0,287.08,3.0
2016-09-17 19:00:00,93.0,1018.0,287.36,1.0
2016-09-17 20:00:00,100.0,1018.0,287.51,2.0
2016-09-17 21:00:00,87.0,1017.0,288.18,2.0
2016-09-17 22:00:00,87.0,1017.0,288.55,2.0
2016-09-17 23:00:00,93.0,1017.0,289.13,2.0
2016-09-18 00:00:00,93.0,1017.0,289.04,2.0
2016-09-18 01:00:00,93.0,1016.0,288.94,2.0
2016-09-18 02:00:00,93.0,1017.0,289.13,1.0
2016-09-18 03:00:00,93.0,1017.0,289.02,2.0
2016-09-18 04:00:00,100.0,1017.0,289.08,2.0
2016-09-18 05:00:00,88.0,1017.0,289.12,2.0
2016-09-18 06:00:00,88.0,1017.0,289.01,2.0
2016-09-18 07:00:00,93.0,1017.0,289.15,1.0
2016-09-18 08:00:00,88.0,1017.0,289.13,1.0
2016-09-18 09:00:00,88.0,1017.0,288.79,1.0
2016-09-18 10:00:00,93.0,1017.0,288.63,2.0
2016-09-18 11:00:00,87.0,1017.0,288.67,1.0
2016-09-18 12:00:00,87.0,1017.0,288.67,2.0
2016-09-18 13:00:00,93.0,1017.0,288.52,1.0
2016-09-18 14:00:00,93.0,1017.0,288.57,1.0
2016-09-18 15:00:00,93.0,1017.0,288.13,0.0
2016-09-18 16:00:00,92.0,1017.0,288.226407022,0.0
2016-09-18 17:00:00,92.0,1024.0,288.934703511,0.0
2016-09-18 18:00:00,88.0,1018.0,290.64,0.0
2016-09-18 19:00:00,93.0,1018.0,291.07,1.0
2016-09-18 20:00:00,68.0,1018.0,291.55,2.0
2016-09-18 21:00:00,68.0,1019.0,292.65,2.0
2016-09-18 22:00:00,68.0,1018.0,293.99,1.0
2016-09-18 23:00:00,60.0,1018.0,294.39,1.0
2016-09-19 00:00:00,60.0,1018.0,294.3,2.0
2016-09-19 01:00:00,56.0,1018.0,294.15,1.0
2016-09-19 02:00:00,64.0,1018.0,293.0,2.0
2016-09-19 03:00:00,60.0,1018.0,291.12,1.0
2016-09-19 04:00:00,59.0,1018.0,289.28,3.0
2016-09-19 05:00:00,63.0,1019.0,288.4,4.0
2016-09-19 06:00:00,67.0,1020.0,287.06,2.0
2016-09-19 07:00:00,72.0,1020.0,285.38,1.0
2016-09-19 08:00:00,87.0,1020.0,284.71,2.0
2016-09-19 09:00:00,93.0,1015.0,283.56,0.0
2016-09-19 10:00:00,94.0,1015.0,283.32,0.0
2016-09-19 11:00:00,95.0,1015.0,282.92,1.0
2016-09-19 12:00:00,96.0,1015.0,282.59,1.0
2016-09-19 13:00:00,96.0,1015.0,283.47,1.0
2016-09-19 14:00:00,96.0,1015.0,282.98,1.0
2016-09-19 15:00:00,98.0,1016.0,283.9,1.0
2016-09-19 16:00:00,94.0,1016.0,285.22,1.0
2016-09-19 17:00:00,86.0,1016.0,285.88,1.0
2016-09-19 18:00:00,84.0,1016.0,287.22,1.0
2016-09-19 19:00:00,81.0,1016.0,288.13,0.0
2016-09-19 20:00:00,76.0,1017.0,289.31,1.0
2016-09-19 21:00:00,71.0,1016.0,291.05,1.0
2016-09-19 22:00:00,63.0,1015.0,292.05,1.0
2016-09-19 23:00:00,60.0,1015.0,292.25,1.0
2016-09-20 00:00:00,60.0,1015.0,292.14,1.0
2016-09-20 01:00:00,67.0,1015.0,290.96,1.0
2016-09-20 02:00:00,77.0,1015.0,289.98,1.0
2016-09-20 03:00:00,82.0,1015.0,288.15,1.0
2016-09-20 04:00:00,86.0,1015.0,287.08,1.0
2016-09-20 05:00:00,88.0,1015.0,286.73,0.0
2016-09-20 06:00:00,80.0,1015.0,286.12,0.0
2016-09-20 07:00:00,86.0,1015.0,285.14,0.0
2016-09-20 08:00:00,89.0,1015.0,285.05,0.0
2016-09-20 09:00:00,91.0,1015.0,284.03,0.0
2016-09-20 10:00:00,91.0,1015.0,283.37,0.0
2016-09-20 11:00:00,91.0,1015.0,282.7,0.0
2016-09-20 12:00:00,93.0,1015.0,282.03,0.0
2016-09-20 13:00:00,94.0,1015.0,281.45,0.0
2016-09-20 14:00:00,93.0,1022.0,281.3292331,0.0
2016-09-20 15:00:00,95.0,1015.0,281.35,0.0
2016-09-20 16:00:00,97.0,1015.0,282.58,0.0
2016-09-20 17:00:00,90.0,1015.0,287.09,1.0
2016-09-20 18:00:00,61.0,1015.0,290.03,1.0
2016-09-20 19:00:00,61.0,1014.0,291.68,1.0
2016-09-20 20:00:00,59.0,1014.0,293.17,1.0
2016-09-20 21:00:00,51.0,1013.0,293.9,1.0
2016-09-20 22:00:00,38.0,1013.0,295.58,1.0
2016-09-20 23:00:00,32.0,1012.0,295.57,1.0
2016-09-21 00:00:00,34.0,1012.0,293.95,1.0
2016-09-21 01:00:00,42.0,1012.0,290.87,1.0
2016-09-21 02:00:00,56.0,1012.0,290.23,1.0
2016-09-21 03:00:00,68.0,1012.0,287.98,1.0
2016-09-21 04:00:00,77.0,1013.0,286.43,1.0
2016-09-21 05:00:00,85.0,1013.0,285.67,1.0
2016-09-21 06:00:00,88.0,1013.0,284.89,1.0
2016-09-21 07:00:00,90.0,1013.0,284.43,1.0
2016-09-21 08:00:00,92.0,1013.0,283.76,0.0
2016-09-21 09:00:00,92.0,1013.0,283.05,0.0
2016-09-21 10:00:00,93.0,1013.0,282.29,0.0
2016-09-21 11:00:00,94.0,1013.0,281.93,0.0
2016-09-21 12:00:00,94.0,1013.0,281.2,0.0
2016-09-21 13:00:00,94.0,1012.0,280.92,0.0
2016-09-21 14:00:00,92.0,1012.0,280.55,0.0
2016-09-21 15:00:00,90.0,1012.0,280.46,0.0
2016-09-21 16:00:00,89.0,1012.0,280.624671949,0.0
2016-09-21 17:00:00,87.0,1013.0,283.39,1.0
2016-09-21 18:00:00,69.0,994.0,288.446,1.0
2016-09-21 19:00:00,58.0,992.0,292.462,1.0
2016-09-21 20:00:00,39.0,992.0,298.125,1.0
2016-09-21 21:00:00,39.0,992.0,298.125,1.0
2016-09-21 22:00:00,39.0,992.0,298.125,1.0
2016-09-21 23:00:00,39.0,992.0,298.125,1.0
2016-09-22 00:00:00,37.0,1007.0,293.52,1.0
2016-09-22 01:00:00,37.0,1007.0,293.427274939,1.0
2016-09-22 02:00:00,48.0,1008.0,289.4,0.0
2016-09-22 03:00:00,60.0,1008.0,287.87,1.0
2016-09-22 04:00:00,71.0,1009.0,286.71,1.0
2016-09-22 05:00:00,78.0,1009.0,285.88,1.0
2016-09-22 06:00:00,84.0,1009.0,284.74,1.0
2016-09-22 07:00:00,87.0,1009.0,284.3,0.0
2016-09-22 08:00:00,89.0,1009.0,283.21,0.0
2016-09-22 09:00:00,92.0,1010.0,282.78,0.0
2016-09-22 10:00:00,94.0,1010.0,282.26,1.0
2016-09-22 11:00:00,94.0,1011.0,281.88,1.0
2016-09-22 12:00:00,94.0,1011.0,282.07,1.0
2016-09-22 13:00:00,94.0,1012.0,281.3,1.0
2016-09-22 14:00:00,95.0,1012.0,281.59,1.0
2016-09-22 15:00:00,96.0,1013.0,282.89,1.0
2016-09-22 16:00:00,90.0,1013.0,284.73,1.0
2016-09-22 17:00:00,81.0,1014.0,286.58,1.0
2016-09-22 18:00:00,76.0,1014.0,287.82,1.0
2016-09-22 19:00:00,69.0,1014.0,289.71,1.0
2016-09-22 20:00:00,66.0,1014.0,290.34,1.0
2016-09-22 21:00:00,59.0,1014.0,291.75,1.0
2016-09-22 22:00:00,50.0,1014.0,292.29,1.0
2016-09-22 23:00:00,48.0,1014.0,292.65,1.0
2016-09-23 00:00:00,55.0,1014.0,291.63,0.0
2016-09-23 01:00:00,70.0,1014.0,289.87,1.0
2016-09-23 02:00:00,78.0,1014.0,287.42,1.0
2016-09-23 03:00:00,85.0,1014.0,286.03,1.0
2016-09-23 04:00:00,87.0,1014.0,285.4,1.0
2016-09-23 05:00:00,89.0,1014.0,284.44,1.0
2016-09-23 06:00:00,91.0,1014.0,283.94,1.0
2016-09-23 07:00:00,90.0,1014.0,283.93,1.0
2016-09-23 08:00:00,90.0,1015.0,283.46,1.0
2016-09-23 09:00:00,92.0,1014.0,283.2,1.0
2016-09-23 10:00:00,93.0,1014.0,283.18,2.0
2016-09-23 11:00:00,94.0,1015.0,283.44,2.0
2016-09-23 12:00:00,94.0,1014.0,283.73,2.0
2016-09-23 13:00:00,94.0,1014.0,283.73,3.0
2016-09-23 14:00:00,95.0,1014.0,283.96,1.0
2016-09-23 15:00:00,95.0,1014.0,284.3,1.0
2016-09-23 16:00:00,94.0,1014.0,284.58,1.0
2016-09-23 17:00:00,91.0,1014.0,285.69,2.0
2016-09-23 18:00:00,78.0,1014.0,286.49,2.0
2016-09-23 19:00:00,66.0,1014.0,287.0,0.0
2016-09-23 20:00:00,68.0,1014.0,286.76,0.0
2016-09-23 21:00:00,70.0,1014.0,287.16,0.0
2016-09-23 22:00:00,66.0,1015.0,287.71,0.0
2016-09-23 23:00:00,70.0,1015.0,288.29,0.0
2016-09-24 00:00:00,70.0,1015.0,288.17,0.0
2016-09-24 01:00:00,74.0,1016.0,287.43,1.0
2016-09-24 02:00:00,79.0,1017.0,286.82,1.0
2016-09-24 03:00:00,91.0,1017.0,285.73,1.0
2016-09-24 04:00:00,92.0,1018.0,285.36,0.0
2016-09-24 05:00:00,92.0,1019.0,284.3,0.0
2016-09-24 06:00:00,93.0,1020.0,283.49,0.0
2016-09-24 07:00:00,94.0,1020.0,282.93,0.0
2016-09-24 08:00:00,95.0,1020.0,283.07,0.0
2016-09-24 09:00:00,97.0,1021.0,282.89,0.0
2016-09-24 10:00:00,97.0,1021.0,282.8,0.0
2016-09-24 11:00:00,98.0,1021.0,282.76,0.0
2016-09-24 12:00:00,97.0,1022.0,282.66,0.0
2016-09-24 13:00:00,97.0,1021.0,282.74,0.0
2016-09-24 14:00:00,97.0,1022.0,282.55,1.0
2016-09-24 15:00:00,97.0,1022.0,282.79,1.0
2016-09-24 16:00:00,94.0,1023.0,283.54,1.0
2016-09-24 17:00:00,90.0,1024.0,285.38,1.0
2016-09-24 18:00:00,74.0,1024.0,286.91,1.0
2016-09-24 19:00:00,75.0,1023.0,289.62,1.0
2016-09-24 20:00:00,69.0,1023.0,291.88,1.0
2016-09-24 21:00:00,54.0,1023.0,293.26,1.0
2016-09-24 22:00:00,40.0,1022.0,294.78,0.0
2016-09-24 23:00:00,38.0,1021.0,294.75,1.0
2016-09-25 00:00:00,40.0,1021.0,294.48,1.0
2016-09-25 01:00:00,49.0,1021.0,293.79,1.0
2016-09-25 02:00:00,65.0,1021.0,289.2,1.0
2016-09-25 03:00:00,72.0,1022.0,286.99,1.0
2016-09-25 04:00:00,77.0,1022.0,285.69,0.0
2016-09-25 05:00:00,75.0,1028.0,285.72,0.0
2016-09-25 06:00:00,86.0,1023.0,284.58,0.0
2016-09-25 07:00:00,88.0,1024.0,284.84,1.0
2016-09-25 08:00:00,89.0,1024.0,284.57,1.0
2016-09-25 09:00:00,92.0,1024.0,283.6,1.0
2016-09-25 10:00:00,92.0,1023.0,283.08,0.0
2016-09-25 11:00:00,93.0,1023.0,282.54,0.0
2016-09-25 12:00:00,94.0,1023.0,282.14,0.0
2016-09-25 13:00:00,95.0,1023.0,281.66,0.0
2016-09-25 14:00:00,95.0,1023.0,281.32,0.0
2016-09-25 15:00:00,96.0,1023.0,283.42,0.0
2016-09-25 16:00:00,79.0,1023.0,287.4,1.0
2016-09-25 17:00:00,75.0,1026.0,288.23314056,1.0
2016-09-25 18:00:00,46.0,1023.0,293.18,1.0
2016-09-25 19:00:00,44.0,1022.0,294.81,1.0
2016-09-25 20:00:00,50.0,1022.0,296.17,1.0
2016-09-25 21:00:00,44.0,1021.0,298.16,1.0
2016-09-25 22:00:00,40.0,1020.0,300.2,1.0
2016-09-25 23:00:00,34.0,1019.0,301.56,0.0
2016-09-26 00:00:00,40.0,1018.0,301.99,1.0
2016-09-26 01:00:00,44.0,1017.0,301.0,1.0
2016-09-26 02:00:00,49.0,1017.0,299.6,1.0
2016-09-26 03:00:00,69.0,1016.0,294.42,1.0
2016-09-26 04:00:00,76.0,1016.0,293.08,1.0
2016-09-26 05:00:00,76.0,1016.0,292.14,1.0
2016-09-26 06:00:00,80.0,1015.0,290.99,1.0
2016-09-26 07:00:00,84.0,1015.0,289.94,1.0
2016-09-26 08:00:00,84.0,1015.0,289.26,1.0
2016-09-26 09:00:00,86.0,1014.0,288.41,1.0
2016-09-26 10:00:00,86.0,1014.0,288.40577967,1.0
2016-09-26 11:00:00,88.0,1014.0,287.8,1.0
2016-09-26 12:00:00,90.0,1013.0,286.94,1.0
2016-09-26 13:00:00,92.0,1013.0,286.32,1.0
2016-09-26 14:00:00,92.0,1013.0,284.96,1.0
2016-09-26 15:00:00,93.0,1013.0,284.8,1.0
2016-09-26 16:00:00,95.0,1013.0,287.01,1.0
2016-09-26 17:00:00,81.0,1013.0,291.35,1.0
2016-09-26 18:00:00,54.0,1013.0,294.9,1.0
2016-09-26 19:00:00,49.0,1011.0,299.11,0.0
2016-09-26 20:00:00,47.0,1011.0,301.05,1.0
2016-09-26 21:00:00,40.0,1010.0,303.04,1.0
2016-09-26 22:00:00,31.0,1010.0,304.84,1.0
2016-09-26 23:00:00,32.0,1009.0,305.12,1.0
2016-09-27 00:00:00,34.0,1009.0,303.9,1.0
2016-09-27 01:00:00,46.0,1009.0,301.37,1.0
2016-09-27 02:00:00,57.0,1010.0,297.53,1.0
2016-09-27 03:00:00,67.0,1011.0,294.98,1.0
2016-09-27 04:00:00,63.0,1011.0,293.02,1.0
2016-09-27 05:00:00,71.0,1012.0,291.44,1.0
2016-09-27 06:00:00,77.0,1013.0,290.53,1.0
2016-09-27 07:00:00,81.0,1014.0,289.89,1.0
2016-09-27 08:00:00,84.0,1014.0,289.18,1.0
2016-09-27 09:00:00,89.0,1014.0,288.74,1.0
2016-09-27 10:00:00,91.0,1015.0,288.44,1.0
2016-09-27 11:00:00,88.0,1015.0,288.08,1.0
2016-09-27 12:00:00,88.0,1015.0,288.006822631,1.0
2016-09-27 13:00:00,89.0,1016.0,287.69,1.0
2016-09-27 14:00:00,89.0,1016.0,287.97,0.0
2016-09-27 15:00:00,87.0,1016.0,288.53,0.0
2016-09-27 16:00:00,85.0,1016.0,289.19,0.0
2016-09-27 17:00:00,75.0,1016.0,291.63,1.0
2016-09-27 18:00:00,71.0,1016.0,292.17,0.0
2016-09-27 19:00:00,67.0,1015.0,293.72,1.0
2016-09-27 20:00:00,64.0,1015.0,294.9,1.0
2016-09-27 21:00:00,57.0,1014.0,295.54,1.0
2016-09-27 22:00:00,48.0,1013.0,296.52,1.0
2016-09-27 23:00:00,47.0,1013.0,296.57,0.0
2016-09-28 00:00:00,53.0,1012.0,295.26,1.0
2016-09-28 01:00:00,59.0,1012.0,294.19,1.0
2016-09-28 02:00:00,65.0,1012.0,291.66,1.0
2016-09-28 03:00:00,68.0,1012.0,290.47,1.0
2016-09-28 04:00:00,71.0,1018.0,289.97,1.0
2016-09-28 05:00:00,77.0,1018.0,289.42,1.0
2016-09-28 06:00:00,70.0,1012.0,287.37,1.0
2016-09-28 07:00:00,69.0,1012.0,286.64,0.0
2016-09-28 08:00:00,67.0,1012.0,285.83,0.0
2016-09-28 09:00:00,64.0,1012.0,285.08,0.0
2016-09-28 10:00:00,68.0,1013.0,284.72,0.0
2016-09-28 11:00:00,76.0,1012.0,283.78,0.0
2016-09-28 12:00:00,83.0,1013.0,282.98,0.0
2016-09-28 13:00:00,88.0,1013.0,282.37,0.0
2016-09-28 14:00:00,92.0,1013.0,282.13,0.0
2016-09-28 15:00:00,93.0,1013.0,284.15,0.0
2016-09-28 16:00:00,77.0,1013.0,286.15,0.0
2016-09-28 17:00:00,52.0,1013.0,290.11,0.0
2016-09-28 18:00:00,51.0,1013.0,292.08,1.0
2016-09-28 19:00:00,59.0,1012.0,293.15,1.0
2016-09-28 20:00:00,56.0,1012.0,294.58,1.0
2016-09-28 21:00:00,47.0,1011.0,296.02,1.0
2016-09-28 22:00:00,40.0,1010.0,297.06,1.0
2016-09-28 23:00:00,41.0,1010.0,296.71,1.0
2016-09-29 00:00:00,47.0,1010.0,295.26,1.0
2016-09-29 01:00:00,53.0,1010.0,293.23,1.0
2016-09-29 02:00:00,62.0,1010.0,291.04,1.0
2016-09-29 03:00:00,62.0,1010.0,289.63,1.0
2016-09-29 04:00:00,60.0,1010.0,288.62,1.0
2016-09-29 05:00:00,68.0,1010.0,287.64,1.0
2016-09-29 06:00:00,75.0,1010.0,286.44,1.0
2016-09-29 07:00:00,81.0,1011.0,285.77,0.0
2016-09-29 08:00:00,83.0,1010.0,284.56,0.0
2016-09-29 09:00:00,87.0,1011.0,284.15,0.0
2016-09-29 10:00:00,90.0,1011.0,282.86,0.0
2016-09-29 11:00:00,92.0,1011.0,282.51,0.0
2016-09-29 12:00:00,93.0,1011.0,282.1,0.0
2016-09-29 13:00:00,99.0,1018.0,281.99,0.0
2016-09-29 14:00:00,99.0,1018.0,281.7,0.0
2016-09-29 15:00:00,97.0,1013.0,282.7,0.0
2016-09-29 16:00:00,82.0,1013.0,284.98,0.0
2016-09-29 17:00:00,58.0,1013.0,289.04,1.0
2016-09-29 18:00:00,55.0,1013.0,290.57,0.0
2016-09-29 19:00:00,57.0,1013.0,290.77,1.0
2016-09-29 20:00:00,54.0,1013.0,292.91,1.0
2016-09-29 21:00:00,44.0,1013.0,293.45,1.0
2016-09-29 22:00:00,38.0,1012.0,293.56,1.0
2016-09-29 23:00:00,42.0,1012.0,293.11,1.0
2016-09-30 00:00:00,47.0,1012.0,292.33,1.0
2016-09-30 01:00:00,51.0,1012.0,291.57,1.0
2016-09-30 02:00:00,63.0,1012.0,289.36,1.0
2016-09-30 03:00:00,73.0,1012.0,286.33,1.0
2016-09-30 04:00:00,80.0,1012.0,285.09,1.0
2016-09-30 05:00:00,80.0,1013.0,284.27,1.0
2016-09-30 06:00:00,84.0,1013.0,283.44,1.0
2016-09-30 07:00:00,86.0,1013.0,282.76,0.0
2016-09-30 08:00:00,90.0,1013.0,282.05,0.0
2016-09-30 09:00:00,92.0,1013.0,281.16,0.0
2016-09-30 10:00:00,93.0,1013.0,280.28,0.0
2016-09-30 11:00:00,93.0,1012.0,279.84,0.0
2016-09-30 12:00:00,95.0,1012.0,279.64,0.0
2016-09-30 13:00:00,94.0,1012.0,279.05,0.0
2016-09-30 14:00:00,95.0,1013.0,279.06,0.0
2016-09-30 15:00:00,96.0,1012.0,280.05,0.0
2016-09-30 16:00:00,96.0,1012.0,282.03,0.0
2016-09-30 17:00:00,82.0,1012.0,284.45,1.0
2016-09-30 18:00:00,70.0,1012.0,287.0,1.0
2016-09-30 19:00:00,66.0,1011.0,289.14,1.0
2016-09-30 20:00:00,64.0,1011.0,290.7,1.0
2016-09-30 21:00:00,64.0,1011.0,290.7,1.0
2016-09-30 22:00:00,46.0,1010.0,293.01,0.0
2016-09-30 23:00:00,47.0,1010.0,293.13,1.0
2016-11-01 00:00:00,100.0,987.0,283.353,2.0
2016-11-01 01:00:00,100.0,987.0,283.353,2.0
2016-11-01 02:00:00,99.0,987.0,282.806,2.0
2016-11-01 03:00:00,99.0,987.0,282.806,2.0
2016-11-01 04:00:00,99.0,987.0,282.806,2.0
2016-11-01 05:00:00,98.0,988.0,282.774,1.0
2016-11-01 06:00:00,98.0,988.0,282.774,1.0
2016-11-01 07:00:00,98.0,988.0,282.774,1.0
2016-11-01 08:00:00,100.0,989.0,281.674,1.0
2016-11-01 09:00:00,100.0,989.0,281.674,1.0
2016-11-01 10:00:00,100.0,989.0,281.674,1.0
2016-11-01 11:00:00,94.0,990.0,280.294,1.0
2016-11-01 12:00:00,94.0,990.0,280.294,1.0
2016-11-01 13:00:00,94.0,990.0,280.294,1.0
2016-11-01 14:00:00,95.0,992.0,281.835,2.0
2016-11-01 15:00:00,95.0,992.0,281.835,2.0
2016-11-01 16:00:00,95.0,992.0,281.835,2.0
2016-11-01 17:00:00,76.0,1015.0,284.86,3.0
2016-11-01 18:00:00,76.0,1015.0,285.15,5.0
2016-11-01 19:00:00,67.0,1016.0,286.14,3.0
2016-11-01 20:00:00,76.0,1016.0,286.87,6.0
2016-11-01 21:00:00,59.0,1016.0,288.14,4.0
2016-11-01 22:00:00,55.0,1017.0,288.87,7.0
2016-11-01 23:00:00,55.0,1017.0,288.43,6.0
2016-11-02 00:00:00,51.0,1017.0,288.57,6.0
2016-11-02 01:00:00,55.0,1017.0,288.43,5.0
2016-11-02 02:00:00,62.0,1018.0,287.43,3.0
2016-11-02 03:00:00,62.0,1018.0,285.85,3.0
2016-11-02 04:00:00,71.0,1018.0,285.58,3.0
2016-11-02 05:00:00,76.0,1018.0,285.16,3.0
2016-11-02 06:00:00,81.0,1018.0,284.43,4.0
2016-11-02 07:00:00,81.0,1018.0,284.29,5.0
2016-11-02 08:00:00,81.0,1018.0,284.29,5.0
2016-11-02 09:00:00,76.0,1018.0,284.29,4.0
2016-11-02 10:00:00,76.0,1018.0,284.29,4.0
2016-11-02 11:00:00,76.0,1018.0,284.0,3.0
2016-11-02 12:00:00,76.0,1018.0,284.0,3.0
2016-11-02 13:00:00,76.0,1018.0,284.0,7.0
2016-11-02 14:00:00,71.0,1018.0,284.0,5.0
2016-11-02 15:00:00,76.0,1018.0,284.14,7.0
2016-11-02 16:00:00,87.0,1018.0,284.32,5.0
2016-11-02 17:00:00,81.0,1017.0,284.87,4.0
2016-11-02 18:00:00,81.0,1017.0,285.01,5.0
2016-11-02 19:00:00,76.0,1017.0,286.15,2.0
2016-11-02 20:00:00,71.0,1017.0,286.98,6.0
2016-11-02 21:00:00,59.0,1016.0,289.15,3.0
2016-11-02 22:00:00,55.0,1016.0,290.14,2.0
2016-11-02 23:00:00,59.0,1015.0,289.99,0.0
2016-11-03 00:00:00,59.0,1015.0,290.14,0.0
2016-11-03 01:00:00,55.0,1016.0,289.86,4.0
2016-11-03 02:00:00,63.0,1017.0,289.0,3.0
2016-11-03 03:00:00,63.0,1018.0,288.29,3.0
2016-11-03 04:00:00,63.0,1019.0,287.85,2.0
2016-11-03 05:00:00,71.0,1020.0,287.15,4.0
2016-11-03 06:00:00,82.0,1024.0,286.88,2.0
2016-11-03 07:00:00,87.0,1023.0,286.15,3.0
2016-11-03 08:00:00,87.0,1023.0,285.58,3.0
2016-11-03 09:00:00,87.0,1023.0,285.58,3.0
2016-11-03 10:00:00,93.0,1024.0,284.86,3.0
2016-11-03 11:00:00,93.0,1024.0,284.64,2.0
2016-11-03 12:00:00,93.0,1025.0,283.87,1.0
2016-11-03 13:00:00,100.0,1024.0,283.32,1.0
2016-11-03 14:00:00,100.0,1025.0,282.17,2.0
2016-11-03 15:00:00,100.0,1026.0,281.72,1.0
2016-11-03 16:00:00,93.0,1026.0,281.01,1.0
2016-11-03 17:00:00,87.0,1026.0,282.66,2.0
2016-11-03 18:00:00,87.0,1026.0,283.55,2.0
2016-11-03 19:00:00,82.0,1026.0,285.57,2.0
2016-11-03 20:00:00,76.0,1025.0,286.86,0.0
2016-11-03 21:00:00,63.0,1024.0,289.42,2.0
2016-11-03 22:00:00,63.0,1024.0,290.01,2.0
2016-11-03 23:00:00,67.0,1023.0,290.87,3.0
2016-11-04 00:00:00,63.0,1022.0,290.72,3.0
2016-11-04 01:00:00,67.0,1022.0,290.44,0.0
2016-11-04 02:00:00,72.0,1021.0,288.43,1.0
2016-11-04 03:00:00,82.0,1021.0,286.64,1.0
2016-11-04 04:00:00,82.0,1021.0,285.81,2.0
2016-11-04 05:00:00,82.0,1020.0,284.98,2.0
2016-11-04 06:00:00,93.0,1020.0,284.15,1.0
2016-11-04 07:00:00,93.0,1020.0,283.65,1.0
2016-11-04 08:00:00,93.0,1019.0,282.0,1.0
2016-11-04 09:00:00,93.0,1019.0,281.35,1.0
2016-11-04 10:00:00,100.0,1018.0,281.02,1.0
2016-11-04 11:00:00,93.0,1018.0,280.34,1.0
2016-11-04 12:00:00,100.0,1018.0,280.33,1.0
2016-11-04 13:00:00,93.0,1018.0,280.2,1.0
2016-11-04 14:00:00,87.0,1018.0,280.16,1.0
2016-11-04 15:00:00,93.0,1017.0,279.69,1.0
2016-11-04 16:00:00,100.0,1018.0,279.82,1.0
2016-11-04 17:00:00,71.0,1019.0,282.66,4.0
2016-11-04 18:00:00,71.0,1019.0,283.82,4.0
2016-11-04 19:00:00,67.0,1019.0,286.59,3.0
2016-11-04 20:00:00,67.0,1019.0,286.85,3.0
2016-11-04 21:00:00,87.0,1019.0,288.46,1.0
2016-11-04 22:00:00,52.0,1017.0,289.41,5.0
2016-11-04 23:00:00,52.0,1018.0,291.14,5.0
2016-11-05 00:00:00,52.0,1017.0,291.14,4.0
2016-11-05 01:00:00,55.0,1017.0,290.48,5.0
2016-11-05 02:00:00,59.0,1017.0,288.86,3.0
2016-11-05 03:00:00,63.0,1017.0,288.0,6.0
2016-11-05 04:00:00,63.0,1016.0,287.87,4.0
2016-11-05 05:00:00,63.0,1016.0,287.14,5.0
2016-11-05 06:00:00,93.0,1016.0,286.32,1.0
2016-11-05 07:00:00,67.0,1016.0,286.0,7.0
2016-11-05 08:00:00,93.0,1016.0,285.88,1.0
2016-11-05 09:00:00,93.0,1016.0,285.61,1.0
2016-11-05 10:00:00,93.0,1016.0,285.17,1.0
2016-11-05 11:00:00,87.0,1015.0,285.3,1.0
2016-11-05 12:00:00,76.0,1015.0,285.15,8.0
2016-11-05 13:00:00,76.0,1014.0,285.28,6.0
2016-11-05 14:00:00,76.0,1013.0,285.28,4.0
2016-11-05 15:00:00,76.0,1013.0,285.29,7.0
2016-11-05 16:00:00,76.0,1014.0,285.43,5.0
2016-11-05 17:00:00,81.0,1015.0,285.43,5.0
2016-11-05 18:00:00,93.0,1014.0,285.43,3.0
2016-11-05 19:00:00,93.0,1014.0,285.58,3.0
2016-11-05 20:00:00,100.0,1015.0,285.73,3.0
2016-11-05 21:00:00,93.0,1013.0,286.15,3.0
2016-11-05 22:00:00,87.0,1012.0,287.15,3.0
2016-11-05 23:00:00,93.0,1012.0,286.97,2.0
2016-11-06 00:00:00,93.0,1012.0,286.72,3.0
2016-11-06 01:00:00,93.0,1011.0,286.15,3.0
2016-11-06 02:00:00,93.0,1011.0,286.15,1.0
2016-11-06 03:00:00,100.0,1012.0,286.15,0.0
2016-11-06 04:00:00,100.0,1012.0,285.73,1.0
2016-11-06 05:00:00,93.0,1012.0,285.57,1.0
2016-11-06 06:00:00,93.0,1012.0,285.57,2.0
2016-11-06 07:00:00,93.0,1013.0,285.15,1.0
2016-11-06 08:00:00,87.0,1014.0,284.86,3.0
2016-11-06 09:00:00,93.0,1014.0,284.86,3.0
2016-11-06 10:00:00,93.0,1015.0,284.86,4.0
2016-11-06 11:00:00,87.0,1016.0,284.72,4.0
2016-11-06 12:00:00,87.0,1015.0,284.71,3.0
2016-11-06 13:00:00,87.0,1016.0,284.01,3.0
2016-11-06 14:00:00,87.0,1016.0,284.29,3.0
2016-11-06 15:00:00,87.0,1016.0,284.44,3.0
2016-11-06 16:00:00,81.0,1017.0,284.42,3.0
2016-11-06 17:00:00,87.0,1018.0,284.59,2.0
2016-11-06 18:00:00,87.0,1017.0,285.15,4.0
2016-11-06 19:00:00,82.0,1018.0,286.32,3.0
2016-11-06 20:00:00,71.0,1018.0,287.72,3.0
2016-11-06 21:00:00,63.0,1018.0,288.58,4.0
2016-11-06 22:00:00,63.0,1017.0,288.72,5.0
2016-11-06 23:00:00,59.0,1017.0,289.01,4.0
2016-11-07 00:00:00,63.0,1017.0,289.15,2.0
2016-11-07 01:00:00,72.0,1017.0,288.3,3.0
2016-11-07 02:00:00,71.0,1018.0,287.15,3.0
2016-11-07 03:00:00,76.0,1017.0,286.58,4.0
2016-11-07 04:00:00,76.0,1018.0,286.44,4.0
2016-11-07 05:00:00,76.0,1018.0,286.15,4.0
2016-11-07 06:00:00,76.0,1018.0,285.87,5.0
2016-11-07 07:00:00,82.0,1019.0,285.43,3.0
2016-11-07 08:00:00,87.0,1018.0,285.15,4.0
2016-11-07 09:00:00,87.0,1019.0,285.15,4.0
2016-11-07 10:00:00,81.0,1019.0,285.14,5.0
2016-11-07 11:00:00,81.0,1019.0,285.43,4.0
2016-11-07 12:00:00,81.0,1018.0,285.43,7.0
2016-11-07 13:00:00,81.0,1019.0,285.43,3.0
2016-11-07 14:00:00,76.0,1019.0,285.57,3.0
2016-11-07 15:00:00,71.0,1019.0,285.57,3.0
2016-11-07 16:00:00,71.0,1019.0,285.14,5.0
2016-11-07 17:00:00,71.0,1019.0,285.0,2.0
2016-11-07 18:00:00,67.0,1020.0,286.14,5.0
2016-11-07 19:00:00,62.0,1020.0,287.13,4.0
2016-11-07 20:00:00,59.0,1020.0,288.28,6.0
2016-11-07 21:00:00,55.0,1019.0,289.29,5.0
2016-11-07 22:00:00,72.0,1019.0,289.73,1.0
2016-11-07 23:00:00,55.0,1019.0,289.72,6.0
2016-11-08 00:00:00,59.0,1019.0,289.72,5.0
2016-11-08 01:00:00,59.0,1019.0,289.15,3.0
2016-11-08 02:00:00,59.0,1019.0,288.28,4.0
2016-11-08 03:00:00,62.0,1019.0,286.99,3.0
2016-11-08 04:00:00,71.0,1019.0,286.42,1.0
2016-11-08 05:00:00,71.0,1020.0,285.63,1.0
2016-11-08 06:00:00,76.0,1020.0,285.47,1.0
2016-11-08 07:00:00,71.0,1020.0,285.98,1.0
2016-11-08 08:00:00,100.0,1019.0,284.59,2.0
2016-11-08 09:00:00,100.0,1019.0,283.87,1.0
2016-11-08 10:00:00,100.0,1019.0,282.33,1.0
2016-11-08 11:00:00,100.0,1018.0,282.49,2.0
2016-11-08 12:00:00,100.0,1019.0,281.34,1.0
2016-11-08 13:00:00,93.0,1019.0,281.16,1.0
2016-11-08 14:00:00,93.0,1019.0,281.16,1.0
2016-11-08 15:00:00,93.0,1019.0,280.33,1.0
2016-11-08 16:00:00,93.0,1020.0,279.97,1.0
2016-11-08 17:00:00,93.0,1021.0,282.14,1.0
2016-11-08 18:00:00,93.0,1021.0,284.44,1.0
2016-11-08 19:00:00,63.0,1020.0,286.11,6.0
2016-11-08 20:00:00,93.0,1020.0,288.35,1.0
2016-11-08 21:00:00,52.0,1019.0,289.27,4.0
2016-11-08 22:00:00,52.0,1019.0,290.99,5.0
2016-11-08 23:00:00,52.0,1019.0,291.57,4.0
2016-11-09 00:00:00,52.0,1018.0,291.85,6.0
2016-11-09 01:00:00,55.0,1018.0,291.29,4.0
2016-11-09 02:00:00,63.0,1018.0,289.72,3.0
2016-11-09 03:00:00,63.0,1018.0,287.85,4.0
2016-11-09 04:00:00,93.0,1019.0,286.3,0.0
2016-11-09 05:00:00,71.0,1019.0,285.28,1.0
2016-11-09 06:00:00,76.0,1019.0,284.85,1.0
2016-11-09 07:00:00,76.0,1020.0,284.43,3.0
2016-11-09 08:00:00,81.0,1020.0,284.99,3.0
2016-11-09 09:00:00,93.0,1020.0,283.89,1.0
2016-11-09 10:00:00,100.0,1019.0,283.33,1.0
2016-11-09 11:00:00,100.0,1020.0,283.64,1.0
2016-11-09 12:00:00,87.0,1020.0,283.73,3.0
2016-11-09 13:00:00,81.0,1020.0,284.01,3.0
2016-11-09 14:00:00,93.0,1021.0,284.58,3.0
2016-11-09 15:00:00,93.0,1022.0,284.72,2.0
2016-11-09 16:00:00,100.0,1022.0,284.58,2.0
2016-11-09 17:00:00,93.0,1023.0,284.71,2.0
2016-11-09 18:00:00,93.0,1023.0,286.01,3.0
2016-11-09 19:00:00,87.0,1023.0,286.57,1.0
2016-11-09 20:00:00,87.0,1023.0,287.44,1.0
2016-11-09 21:00:00,87.0,1023.0,288.45,3.0
2016-11-09 22:00:00,82.0,1023.0,290.16,4.0
2016-11-09 23:00:00,72.0,1022.0,290.97,0.0
2016-11-10 00:00:00,72.0,1022.0,291.15,0.0
2016-11-10 01:00:00,77.0,1021.0,290.73,1.0
2016-11-10 02:00:00,87.0,1020.0,288.58,2.0
2016-11-10 03:00:00,93.0,1021.0,286.43,2.0
2016-11-10 04:00:00,100.0,1020.0,285.89,1.0
2016-11-10 05:00:00,93.0,1020.0,285.71,1.0
2016-11-10 06:00:00,100.0,1020.0,285.32,1.0
2016-11-10 07:00:00,93.0,1020.0,285.01,1.0
2016-11-10 08:00:00,100.0,1020.0,284.59,1.0
2016-11-10 09:00:00,93.0,1019.0,284.31,1.0
2016-11-10 10:00:00,93.0,1019.0,283.15,1.0
2016-11-10 11:00:00,93.0,1019.0,282.98,1.0
2016-11-10 12:00:00,93.0,1018.0,282.31,1.0
2016-11-10 13:00:00,93.0,1018.0,282.32,1.0
2016-11-10 14:00:00,93.0,1019.0,281.85,1.0
2016-11-10 15:00:00,93.0,1019.0,281.81,1.0
2016-11-10 16:00:00,93.0,1019.0,282.17,2.0
2016-11-10 17:00:00,87.0,1019.0,282.29,2.0
2016-11-10 18:00:00,93.0,1019.0,283.49,1.0
2016-11-10 19:00:00,100.0,1019.0,284.81,1.0
2016-11-10 20:00:00,100.0,1019.0,286.57,1.0
2016-11-10 21:00:00,63.0,1018.0,288.39,1.0
2016-11-10 22:00:00,87.0,1017.0,289.43,1.0
2016-11-10 23:00:00,59.0,1016.0,290.27,3.0
2016-11-11 00:00:00,59.0,1016.0,291.29,4.0
2016-11-11 01:00:00,93.0,1018.0,290.16,2.0
2016-11-11 02:00:00,93.0,1018.0,288.16,1.0
2016-11-11 03:00:00,93.0,1018.0,287.57,0.0
2016-11-11 04:00:00,67.0,1017.0,286.7,6.0
2016-11-11 05:00:00,93.0,1018.0,286.85,2.0
2016-11-11 06:00:00,93.0,1018.0,286.42,0.0
2016-11-11 07:00:00,93.0,1017.0,286.31,0.0
2016-11-11 08:00:00,100.0,1017.0,285.71,1.0
2016-11-11 09:00:00,100.0,1017.0,285.43,1.0
2016-11-11 10:00:00,76.0,1017.0,285.42,3.0
2016-11-11 11:00:00,100.0,1017.0,284.66,1.0
2016-11-11 12:00:00,93.0,1016.0,284.32,1.0
2016-11-11 13:00:00,100.0,1016.0,283.98,1.0
2016-11-11 14:00:00,100.0,1016.0,283.83,1.0
2016-11-11 15:00:00,93.0,1016.0,283.64,1.0
2016-11-11 16:00:00,93.0,1016.0,283.81,1.0
2016-11-11 17:00:00,93.0,1016.0,284.57,1.0
2016-11-11 18:00:00,100.0,1016.0,285.14,1.0
2016-11-11 19:00:00,87.0,1015.0,285.43,2.0
2016-11-11 20:00:00,93.0,1015.0,286.3,1.0
2016-11-11 21:00:00,77.0,1014.0,286.86,1.0
2016-11-11 22:00:00,87.0,1013.0,288.15,1.0
2016-11-11 23:00:00,100.0,1013.0,288.3,0.0
2016-11-12 00:00:00,93.0,1013.0,288.59,0.0
2016-11-12 01:00:00,87.0,1012.0,288.01,0.0
2016-11-12 02:00:00,72.0,1012.0,287.42,2.0
2016-11-12 03:00:00,93.0,1012.0,287.01,2.0
2016-11-12 04:00:00,72.0,1011.0,287.0,3.0
2016-11-12 05:00:00,100.0,1012.0,286.44,4.0
2016-11-12 06:00:00,67.0,1010.0,286.85,3.0
2016-11-12 07:00:00,100.0,1012.0,287.0,2.0
2016-11-12 08:00:00,82.0,1012.0,286.86,5.0
2016-11-12 09:00:00,100.0,1012.0,286.3,3.0
2016-11-12 10:00:00,100.0,1012.0,286.59,4.0
2016-11-12 11:00:00,100.0,1012.0,286.15,4.0
2016-11-12 12:00:00,87.0,1012.0,286.15,6.0
2016-11-12 13:00:00,87.0,1012.0,286.87,5.0
2016-11-12 14:00:00,87.0,1012.0,287.45,6.0
2016-11-12 15:00:00,87.0,1013.0,288.02,5.0
2016-11-12 16:00:00,72.0,1015.0,288.0,8.0
2016-11-12 17:00:00,100.0,1016.0,287.3,4.0
2016-11-12 18:00:00,87.0,1018.0,287.15,5.0
2016-11-12 19:00:00,77.0,1019.0,287.99,4.0
2016-11-12 20:00:00,82.0,1019.0,288.42,4.0
2016-11-12 21:00:00,72.0,1020.0,289.48,3.0
2016-11-12 22:00:00,55.0,1021.0,289.28,4.0
2016-11-12 23:00:00,55.0,1021.0,288.28,4.0
2016-11-13 00:00:00,55.0,1022.0,288.42,2.0
2016-11-13 01:00:00,55.0,1022.0,287.85,2.0
2016-11-13 02:00:00,67.0,1022.0,286.86,3.0
2016-11-13 03:00:00,71.0,1023.0,286.57,2.0
2016-11-13 04:00:00,71.0,1023.0,285.57,1.0
2016-11-13 05:00:00,76.0,1023.0,284.84,2.0
2016-11-13 06:00:00,93.0,1023.0,284.28,1.0
2016-11-13 07:00:00,93.0,1023.0,283.45,1.0
2016-11-13 08:00:00,93.0,1023.0,282.71,1.0
2016-11-13 09:00:00,93.0,1022.0,281.59,1.0
2016-11-13 10:00:00,100.0,1021.0,281.59,1.0
2016-11-13 11:00:00,93.0,1021.0,281.71,2.0
2016-11-13 12:00:00,87.0,1021.0,282.0,1.0
2016-11-13 13:00:00,87.0,1021.0,282.42,1.0
2016-11-13 14:00:00,93.0,1022.0,282.57,1.0
2016-11-13 15:00:00,93.0,1022.0,282.85,1.0
2016-11-13 16:00:00,93.0,1023.0,283.16,1.0
2016-11-13 17:00:00,93.0,1022.0,283.3,4.0
2016-11-13 18:00:00,87.0,1021.0,284.01,4.0
2016-11-13 19:00:00,81.0,1020.0,284.73,5.0
2016-11-13 20:00:00,81.0,1020.0,285.15,2.0
2016-11-13 21:00:00,82.0,1021.0,285.42,1.0
2016-11-13 22:00:00,82.0,1021.0,285.57,1.0
2016-11-13 23:00:00,76.0,1020.0,285.86,3.0
2016-11-14 00:00:00,87.0,1020.0,285.86,2.0
2016-11-14 01:00:00,76.0,1019.0,285.86,4.0
2016-11-14 02:00:00,82.0,1019.0,285.86,5.0
2016-11-14 03:00:00,76.0,1018.0,285.86,3.0
2016-11-14 04:00:00,76.0,1017.0,286.29,5.0
2016-11-14 05:00:00,82.0,1019.0,286.3,4.0
2016-11-14 06:00:00,82.0,1017.0,286.43,5.0
2016-11-14 07:00:00,87.0,1019.0,285.86,3.0
2016-11-14 08:00:00,76.0,1018.0,286.15,9.0
2016-11-14 09:00:00,82.0,1018.0,286.15,3.0
2016-11-14 10:00:00,87.0,1017.0,286.15,3.0
2016-11-14 11:00:00,82.0,1017.0,286.15,6.0
2016-11-14 12:00:00,82.0,1017.0,286.15,7.0
2016-11-14 13:00:00,87.0,1016.0,285.86,4.0
2016-11-14 14:00:00,100.0,1017.0,285.87,2.0
2016-11-14 15:00:00,87.0,1017.0,285.87,4.0
2016-11-14 16:00:00,87.0,1018.0,285.43,1.0
2016-11-14 17:00:00,87.0,1018.0,285.72,4.0
2016-11-14 18:00:00,87.0,1019.0,285.72,5.0
2016-11-14 19:00:00,87.0,1019.0,285.72,1.0
2016-11-14 20:00:00,87.0,1019.0,286.44,2.0
2016-11-14 21:00:00,93.0,1019.0,286.44,1.0
2016-11-14 22:00:00,93.0,1019.0,286.15,2.0
2016-11-14 23:00:00,93.0,1017.0,286.15,3.0
2016-11-15 00:00:00,93.0,1017.0,286.15,2.0
2016-11-15 01:00:00,100.0,1016.0,285.58,5.0
2016-11-15 02:00:00,100.0,1015.0,285.44,3.0
2016-11-15 03:00:00,93.0,1014.0,285.58,3.0
2016-11-15 04:00:00,100.0,1013.0,285.86,3.0
2016-11-15 05:00:00,93.0,1013.0,285.72,5.0
2016-11-15 06:00:00,93.0,1012.0,285.88,4.0
2016-11-15 07:00:00,93.0,1011.0,285.86,3.0
2016-11-15 08:00:00,93.0,1009.0,286.14,5.0
2016-11-15 09:00:00,87.0,1010.0,286.29,7.0
2016-11-15 10:00:00,93.0,1008.0,287.13,6.0
2016-11-15 11:00:00,93.0,1008.0,287.42,5.0
2016-11-15 12:00:00,93.0,1007.0,288.0,6.0
2016-11-15 13:00:00,93.0,1007.0,288.01,4.0
2016-11-15 14:00:00,87.0,1008.0,287.58,6.0
2016-11-15 15:00:00,87.0,1009.0,286.99,7.0
2016-11-15 16:00:00,82.0,1010.0,286.0,4.0
2016-11-15 17:00:00,87.0,1012.0,285.27,3.0
2016-11-15 18:00:00,71.0,1013.0,285.42,2.0
2016-11-15 19:00:00,71.0,1014.0,286.0,3.0
2016-11-15 20:00:00,67.0,1014.0,285.42,6.0
2016-11-15 21:00:00,71.0,1014.0,284.72,8.0
2016-11-15 22:00:00,71.0,1014.0,284.71,5.0
2016-11-15 23:00:00,81.0,1014.0,283.87,5.0
2016-11-16 00:00:00,81.0,1014.0,282.44,3.0
2016-11-16 01:00:00,81.0,1015.0,282.72,4.0
2016-11-16 02:00:00,87.0,1015.0,282.15,5.0
2016-11-16 03:00:00,87.0,1015.0,281.71,2.0
2016-11-16 04:00:00,81.0,1016.0,281.43,3.0
2016-11-16 05:00:00,81.0,1017.0,281.43,1.0
2016-11-16 06:00:00,87.0,1017.0,281.15,4.0
2016-11-16 07:00:00,93.0,1017.0,281.15,3.0
2016-11-16 08:00:00,87.0,1017.0,281.15,3.0
2016-11-16 09:00:00,81.0,1017.0,281.14,4.0
2016-11-16 10:00:00,93.0,1017.0,280.85,3.0
2016-11-16 11:00:00,87.0,1018.0,280.72,3.0
2016-11-16 12:00:00,87.0,1017.0,280.86,3.0
2016-11-16 13:00:00,87.0,1017.0,280.98,1.0
2016-11-16 14:00:00,87.0,1018.0,280.42,2.0
2016-11-16 15:00:00,87.0,1018.0,280.56,1.0
2016-11-16 16:00:00,93.0,1018.0,280.44,1.0
2016-11-16 17:00:00,87.0,1018.0,280.72,3.0
2016-11-16 18:00:00,81.0,1018.0,280.86,1.0
2016-11-16 19:00:00,81.0,1019.0,281.87,3.0
2016-11-16 20:00:00,81.0,1019.0,282.01,4.0
2016-11-16 21:00:00,76.0,1019.0,282.58,2.0
2016-11-16 22:00:00,76.0,1019.0,282.73,2.0
2016-11-16 23:00:00,66.0,1019.0,283.59,4.0
2016-11-17 00:00:00,76.0,1019.0,283.0,3.0
2016-11-17 01:00:00,81.0,1019.0,282.31,2.0
2016-11-17 02:00:00,76.0,1019.0,281.99,1.0
2016-11-17 03:00:00,81.0,1020.0,281.29,2.0
2016-11-17 04:00:00,75.0,1020.0,280.72,1.0
2016-11-17 05:00:00,81.0,1020.0,279.71,2.0
2016-11-17 06:00:00,93.0,1020.0,279.6,1.0
2016-11-17 07:00:00,81.0,1020.0,279.32,2.0
2016-11-17 08:00:00,100.0,1020.0,278.73,1.0
2016-11-17 09:00:00,93.0,1020.0,279.32,1.0
2016-11-17 10:00:00,93.0,1021.0,279.17,1.0
2016-11-17 11:00:00,93.0,1021.0,279.04,1.0
2016-11-17 12:00:00,100.0,1021.0,279.03,1.0
2016-11-17 13:00:00,87.0,1021.0,279.7,2.0
2016-11-17 14:00:00,87.0,1021.0,279.85,1.0
2016-11-17 15:00:00,93.0,1022.0,280.02,1.0
2016-11-17 16:00:00,93.0,1022.0,280.0,1.0
2016-11-17 17:00:00,81.0,1022.0,280.14,1.0
2016-11-17 18:00:00,81.0,1023.0,281.0,2.0
2016-11-17 19:00:00,87.0,1023.0,281.43,1.0
2016-11-17 20:00:00,87.0,1022.0,281.87,1.0
2016-11-17 21:00:00,58.0,1022.0,283.13,2.0
2016-11-17 22:00:00,58.0,1022.0,283.84,1.0
2016-11-17 23:00:00,58.0,1022.0,284.47,0.0
2016-11-18 00:00:00,66.0,1022.0,284.65,3.0
2016-11-18 01:00:00,62.0,1022.0,283.87,3.0
2016-11-18 02:00:00,76.0,1021.0,281.72,3.0
2016-11-18 03:00:00,81.0,1021.0,280.43,2.0
2016-11-18 04:00:00,81.0,1022.0,279.29,2.0
2016-11-18 05:00:00,93.0,1021.0,279.04,1.0
2016-11-18 06:00:00,93.0,1021.0,277.89,1.0
2016-11-18 07:00:00,93.0,1021.0,277.34,1.0
2016-11-18 08:00:00,100.0,1020.0,276.19,1.0
2016-11-18 09:00:00,100.0,1020.0,276.18,2.0
2016-11-18 10:00:00,100.0,1020.0,276.65,2.0
2016-11-18 11:00:00,93.0,1018.0,276.17,1.0
2016-11-18 12:00:00,100.0,1018.0,276.5,3.0
2016-11-18 13:00:00,87.0,1018.0,277.71,3.0
2016-11-18 14:00:00,70.0,1017.0,278.41,7.0
2016-11-18 15:00:00,70.0,1016.0,279.26,8.0
2016-11-18 16:00:00,66.0,1016.0,279.82,7.0
2016-11-18 17:00:00,61.0,1016.0,281.14,8.0
2016-11-18 18:00:00,61.0,1015.0,280.68,8.0
2016-11-18 19:00:00,70.0,1014.0,280.98,5.0
2016-11-18 20:00:00,50.0,1013.0,282.85,9.0
2016-11-18 21:00:00,53.0,1012.0,283.0,8.0
2016-11-18 22:00:00,53.0,1009.0,283.0,10.0
2016-11-18 23:00:00,53.0,1009.0,283.45,10.0
2016-11-19 00:00:00,50.0,1009.0,283.73,8.0
2016-11-19 01:00:00,53.0,1009.0,283.01,9.0
2016-11-19 02:00:00,53.0,1008.0,282.87,7.0
2016-11-19 03:00:00,73.0,1007.0,282.72,9.0
2016-11-19 04:00:00,73.0,1006.0,283.29,10.0
2016-11-19 05:00:00,69.0,1006.0,282.71,11.0
2016-11-19 06:00:00,69.0,1006.0,282.29,7.0
2016-11-19 07:00:00,43.0,1005.0,282.41,8.0
2016-11-19 08:00:00,53.0,1006.0,281.85,11.0
2016-11-19 09:00:00,53.0,1006.0,281.85,6.0
2016-11-19 10:00:00,57.0,1005.0,281.86,6.0
2016-11-19 11:00:00,57.0,1005.0,282.0,8.0
2016-11-19 12:00:00,61.0,1005.0,281.43,6.0
2016-11-19 13:00:00,70.0,1006.0,280.71,7.0
2016-11-19 14:00:00,75.0,1006.0,280.87,6.0
2016-11-19 15:00:00,75.0,1006.0,280.58,6.0
2016-11-19 16:00:00,75.0,1006.0,280.58,6.0
2016-11-19 17:00:00,75.0,1006.0,280.86,3.0
2016-11-19 18:00:00,70.0,1006.0,281.44,3.0
2016-11-19 19:00:00,93.0,1006.0,282.02,1.0
2016-11-19 20:00:00,76.0,1006.0,283.29,2.0
2016-11-19 21:00:00,62.0,1005.0,284.99,5.0
2016-11-19 22:00:00,62.0,1005.0,284.99,5.0
2016-11-19 23:00:00,58.0,1005.0,284.99,6.0
2016-11-20 00:00:00,71.0,1005.0,285.32,3.0
2016-11-20 01:00:00,76.0,1005.0,284.74,6.0
2016-11-20 02:00:00,81.0,1005.0,284.02,7.0
2016-11-20 03:00:00,76.0,1006.0,283.16,5.0
2016-11-20 04:00:00,81.0,1005.0,283.88,5.0
2016-11-20 05:00:00,76.0,1006.0,283.48,7.0
2016-11-20 06:00:00,76.0,1006.0,283.48,5.0
2016-11-20 07:00:00,71.0,1006.0,284.01,8.0
2016-11-20 08:00:00,71.0,1006.0,284.0,6.0
2016-11-20 09:00:00,71.0,1007.0,283.63,6.0
2016-11-20 10:00:00,71.0,1006.0,283.86,6.0
2016-11-20 11:00:00,76.0,1007.0,283.86,5.0
2016-11-20 12:00:00,81.0,1007.0,283.59,6.0
2016-11-20 13:00:00,81.0,1007.0,283.31,6.0
2016-11-20 14:00:00,81.0,1008.0,282.71,6.0
2016-11-20 15:00:00,87.0,1006.0,282.87,3.0
2016-11-20 16:00:00,81.0,1008.0,283.16,7.0
2016-11-20 17:00:00,81.0,1007.0,283.15,4.0
2016-11-20 18:00:00,81.0,1007.0,283.44,3.0
2016-11-20 19:00:00,81.0,1008.0,283.87,5.0
2016-11-20 20:00:00,87.0,1008.0,284.16,4.0
2016-11-20 21:00:00,87.0,1008.0,284.45,4.0
2016-11-20 22:00:00,87.0,1008.0,284.73,4.0
2016-11-20 23:00:00,81.0,1008.0,284.74,3.0
2016-11-21 00:00:00,81.0,1009.0,284.3,2.0
2016-11-21 01:00:00,71.0,1009.0,285.01,5.0
2016-11-21 02:00:00,87.0,1009.0,284.58,2.0
2016-11-21 03:00:00,76.0,1009.0,284.64,2.0
2016-11-21 04:00:00,76.0,1010.0,284.48,4.0
2016-11-21 05:00:00,87.0,1011.0,283.31,3.0
2016-11-21 06:00:00,87.0,1011.0,283.0,1.0
2016-11-21 07:00:00,87.0,1012.0,282.73,3.0
2016-11-21 08:00:00,87.0,1012.0,282.85,1.0
2016-11-21 09:00:00,100.0,1013.0,282.6,1.0
2016-11-21 10:00:00,93.0,1013.0,282.72,2.0
2016-11-21 11:00:00,93.0,1013.0,282.87,1.0
2016-11-21 12:00:00,81.0,1013.0,283.13,1.0
2016-11-21 13:00:00,81.0,1014.0,282.71,2.0
2016-11-21 14:00:00,93.0,1013.0,282.71,1.0
2016-11-21 15:00:00,87.0,1014.0,282.63,2.0
2016-11-21 16:00:00,87.0,1015.0,282.43,1.0
2016-11-21 17:00:00,87.0,1015.0,282.55,2.0
2016-11-21 18:00:00,100.0,1016.0,282.86,1.0
2016-11-21 19:00:00,81.0,1016.0,284.31,1.0
2016-11-21 20:00:00,76.0,1017.0,284.86,1.0
2016-11-21 21:00:00,71.0,1017.0,285.15,2.0
2016-11-21 22:00:00,66.0,1017.0,285.57,3.0
2016-11-21 23:00:00,54.0,1017.0,285.98,4.0
2016-11-22 00:00:00,54.0,1017.0,285.57,3.0
2016-11-22 01:00:00,62.0,1018.0,285.0,3.0
2016-11-22 02:00:00,66.0,1018.0,283.41,4.0
2016-11-22 03:00:00,66.0,1019.0,282.13,3.0
2016-11-22 04:00:00,75.0,1019.0,280.64,2.0
2016-11-22 05:00:00,75.0,1019.0,280.0,3.0
2016-11-22 06:00:00,81.0,1019.0,279.29,4.0
2016-11-22 07:00:00,87.0,1019.0,279.98,2.0
2016-11-22 08:00:00,87.0,1019.0,279.86,4.0
2016-11-22 09:00:00,81.0,1019.0,279.86,4.0
2016-11-22 10:00:00,87.0,1019.0,279.57,4.0
2016-11-22 11:00:00,87.0,1019.0,279.3,4.0
2016-11-22 12:00:00,87.0,1018.0,279.14,5.0
2016-11-22 13:00:00,81.0,1018.0,279.01,5.0
2016-11-22 14:00:00,81.0,1018.0,279.87,6.0
2016-11-22 15:00:00,75.0,1017.0,280.29,6.0
2016-11-22 16:00:00,75.0,1017.0,280.43,7.0
2016-11-22 17:00:00,75.0,1017.0,280.86,6.0
2016-11-22 18:00:00,70.0,1017.0,281.29,7.0
2016-11-22 19:00:00,70.0,1016.0,282.15,7.0
2016-11-22 20:00:00,62.0,1015.0,283.86,7.0
2016-11-22 21:00:00,62.0,1014.0,284.15,7.0
2016-11-22 22:00:00,62.0,1013.0,283.81,8.0
2016-11-22 23:00:00,87.0,1013.0,283.18,1.0
2016-11-23 00:00:00,81.0,1013.0,282.44,3.0
2016-11-23 01:00:00,93.0,1012.0,282.15,2.0
2016-11-23 02:00:00,93.0,1011.0,281.72,6.0
2016-11-23 03:00:00,93.0,1012.0,281.87,4.0
2016-11-23 04:00:00,87.0,1012.0,282.15,2.0
2016-11-23 05:00:00,87.0,1012.0,282.15,2.0
2016-11-23 06:00:00,87.0,1012.0,281.71,2.0
2016-11-23 07:00:00,87.0,1012.0,281.71,2.0
2016-11-23 08:00:00,93.0,1014.0,281.43,3.0
2016-11-23 09:00:00,93.0,1014.0,281.15,3.0
2016-11-23 10:00:00,87.0,1014.0,280.86,2.0
2016-11-23 11:00:00,93.0,1015.0,281.15,2.0
2016-11-23 12:00:00,87.0,1015.0,280.86,2.0
2016-11-23 13:00:00,93.0,1015.0,280.73,3.0
2016-11-23 14:00:00,87.0,1015.0,280.86,3.0
2016-11-23 15:00:00,87.0,1017.0,280.3,4.0
2016-11-23 16:00:00,87.0,1017.0,280.14,3.0
2016-11-23 17:00:00,81.0,1018.0,280.43,1.0
2016-11-23 18:00:00,93.0,1018.0,280.43,6.0
2016-11-23 19:00:00,87.0,1018.0,280.71,5.0
2016-11-23 20:00:00,81.0,1019.0,281.72,4.0
2016-11-23 21:00:00,81.0,1020.0,281.99,7.0
2016-11-23 22:00:00,76.0,1020.0,282.43,5.0
2016-11-23 23:00:00,81.0,1020.0,282.15,5.0
2016-11-24 00:00:00,81.0,1021.0,282.15,6.0
2016-11-24 01:00:00,87.0,1019.0,282.01,6.0
2016-11-24 02:00:00,81.0,1020.0,281.86,6.0
2016-11-24 03:00:00,93.0,1020.0,281.58,4.0
2016-11-24 04:00:00,87.0,1019.0,281.15,8.0
2016-11-24 05:00:00,81.0,1021.0,281.72,4.0
2016-11-24 06:00:00,70.0,1021.0,282.15,5.0
2016-11-24 07:00:00,66.0,1020.0,282.29,5.0
2016-11-24 08:00:00,66.0,1020.0,282.72,5.0
2016-11-24 09:00:00,66.0,1020.0,282.72,5.0
2016-11-24 10:00:00,66.0,1019.0,282.72,6.0
2016-11-24 11:00:00,66.0,1019.0,282.87,6.0
2016-11-24 12:00:00,79.0,1006.0,281.997010149,6.0
2016-11-24 13:00:00,97.0,991.0,280.874,5.0
2016-11-24 14:00:00,62.0,1016.0,283.35,5.0
2016-11-24 15:00:00,60.0,1015.0,283.431501485,5.0
2016-11-24 16:00:00,58.0,1014.0,283.55,5.0
2016-11-24 17:00:00,58.0,1014.0,283.57,6.0
2016-11-24 18:00:00,71.0,1014.0,283.0,5.0
2016-11-24 19:00:00,71.0,1014.0,282.86,5.0
2016-11-24 20:00:00,87.0,1014.0,282.0,2.0
2016-11-24 21:00:00,93.0,1014.0,281.87,4.0
2016-11-24 22:00:00,87.0,1013.0,282.15,4.0
2016-11-24 23:00:00,93.0,1013.0,282.15,7.0
2016-11-25 00:00:00,87.0,1011.0,282.15,5.0
2016-11-25 01:00:00,93.0,1010.0,281.74,2.0
2016-11-25 02:00:00,93.0,1009.0,281.15,2.0
2016-11-25 03:00:00,93.0,1009.0,281.15,2.0
2016-11-25 04:00:00,87.0,1008.0,281.72,3.0
2016-11-25 05:00:00,81.0,1008.0,282.56,4.0
2016-11-25 06:00:00,87.0,1009.0,283.0,3.0
2016-11-25 07:00:00,87.0,1010.0,283.3,4.0
2016-11-25 08:00:00,87.0,1012.0,283.0,2.0
2016-11-25 09:00:00,87.0,1012.0,282.43,3.0
2016-11-25 10:00:00,93.0,1012.0,281.72,5.0
2016-11-25 11:00:00,93.0,1014.0,281.43,1.0
2016-11-25 12:00:00,93.0,1013.0,281.15,2.0
2016-11-25 13:00:00,93.0,1013.0,281.15,3.0
2016-11-25 14:00:00,93.0,1013.0,281.15,2.0
2016-11-25 15:00:00,93.0,1013.0,281.15,4.0
2016-11-25 16:00:00,87.0,1014.0,281.15,4.0
2016-11-25 17:00:00,93.0,1013.0,281.15,2.0
2016-11-25 18:00:00,93.0,1014.0,281.15,5.0
2016-11-25 19:00:00,87.0,1013.0,281.71,2.0
2016-11-25 20:00:00,87.0,1013.0,282.15,3.0
2016-11-25 21:00:00,93.0,1012.0,282.59,3.0
2016-11-25 22:00:00,81.0,1011.0,283.43,3.0
2016-11-25 23:00:00,81.0,1012.0,283.3,4.0
2016-11-26 00:00:00,81.0,1011.0,283.58,4.0
2016-11-26 01:00:00,87.0,1010.0,283.44,1.0
2016-11-26 02:00:00,93.0,1010.0,283.02,1.0
2016-11-26 03:00:00,93.0,1010.0,282.73,2.0
2016-11-26 04:00:00,81.0,1010.0,283.01,5.0
2016-11-26 05:00:00,93.0,1009.0,282.72,1.0
2016-11-26 06:00:00,93.0,1008.0,281.99,1.0
2016-11-26 07:00:00,76.0,1008.0,282.43,3.0
2016-11-26 08:00:00,76.0,1007.0,282.57,4.0
2016-11-26 09:00:00,81.0,1006.0,282.43,4.0
2016-11-26 10:00:00,87.0,1006.0,281.32,2.0
2016-11-26 11:00:00,93.0,1004.0,281.66,2.0
2016-11-26 12:00:00,93.0,1004.0,282.29,1.0
2016-11-26 13:00:00,93.0,1003.0,282.3,1.0
2016-11-26 14:00:00,93.0,1002.0,282.46,2.0
2016-11-26 15:00:00,100.0,1002.0,281.87,2.0
2016-11-26 16:00:00,93.0,1001.0,281.72,2.0
2016-11-26 17:00:00,93.0,1001.0,281.59,2.0
2016-11-26 18:00:00,100.0,1001.0,281.9,1.0
2016-11-26 19:00:00,93.0,1001.0,282.46,2.0
2016-11-26 20:00:00,100.0,1000.0,282.9,1.0
2016-11-26 21:00:00,71.0,999.0,283.72,4.0
2016-11-26 22:00:00,93.0,997.0,283.72,4.0
2016-11-26 23:00:00,71.0,998.0,284.43,5.0
2016-11-27 00:00:00,54.0,996.0,284.15,7.0
2016-11-27 01:00:00,93.0,997.0,283.47,4.0
2016-11-27 02:00:00,87.0,997.0,281.31,6.0
2016-11-27 03:00:00,93.0,998.0,280.15,4.0
2016-11-27 04:00:00,93.0,999.0,280.15,4.0
2016-11-27 05:00:00,87.0,1001.0,279.71,1.0
2016-11-27 06:00:00,93.0,1002.0,279.86,1.0
2016-11-27 07:00:00,93.0,1003.0,279.57,1.0
2016-11-27 08:00:00,93.0,1004.0,279.56,4.0
2016-11-27 09:00:00,93.0,1004.0,279.58,1.0
2016-11-27 10:00:00,93.0,1005.0,279.81,1.0
2016-11-27 11:00:00,93.0,1007.0,279.8,1.0
2016-11-27 12:00:00,93.0,1008.0,279.98,1.0
2016-11-27 13:00:00,93.0,1008.0,279.81,3.0
2016-11-27 14:00:00,87.0,1010.0,280.14,1.0
2016-11-27 15:00:00,93.0,1010.0,279.64,2.0
2016-11-27 16:00:00,87.0,1011.0,280.15,1.0
2016-11-27 17:00:00,87.0,1012.0,279.27,3.0
2016-11-27 18:00:00,87.0,1013.0,280.29,4.0
2016-11-27 19:00:00,87.0,1013.0,280.85,3.0
2016-11-27 20:00:00,87.0,1011.0,281.15,7.0
2016-11-27 21:00:00,87.0,1011.0,281.73,5.0
2016-11-27 22:00:00,81.0,1010.0,281.57,6.0
2016-11-27 23:00:00,76.0,1010.0,281.57,4.0
2016-11-28 00:00:00,87.0,1008.0,281.58,5.0
2016-11-28 01:00:00,81.0,1008.0,281.44,9.0
2016-11-28 02:00:00,81.0,1005.0,281.27,7.0
2016-11-28 03:00:00,93.0,1003.0,281.44,5.0
2016-11-28 04:00:00,81.0,1004.0,281.43,4.0
2016-11-28 05:00:00,100.0,1004.0,281.29,2.0
2016-11-28 06:00:00,81.0,1005.0,281.57,5.0
2016-11-28 07:00:00,76.0,1005.0,281.43,5.0
2016-11-28 08:00:00,75.0,1006.0,280.86,6.0
2016-11-28 09:00:00,75.0,1008.0,280.85,4.0
2016-11-28 10:00:00,75.0,1008.0,280.43,5.0
2016-11-28 11:00:00,81.0,1009.0,279.86,2.0
2016-11-28 12:00:00,87.0,1010.0,280.29,3.0
2016-11-28 13:00:00,87.0,1011.0,280.29,3.0
2016-11-28 14:00:00,87.0,1012.0,280.15,3.0
2016-11-28 15:00:00,87.0,1013.0,280.29,2.0
2016-11-28 16:00:00,87.0,1014.0,280.29,2.0
2016-11-28 17:00:00,87.0,1015.0,280.72,2.0
2016-11-28 18:00:00,87.0,1016.0,281.15,2.0
2016-11-28 19:00:00,87.0,1016.0,281.86,3.0
2016-11-28 20:00:00,93.0,1017.0,282.44,2.0
2016-11-28 21:00:00,76.0,1016.0,284.15,5.0
2016-11-28 22:00:00,71.0,1017.0,283.98,5.0
2016-11-28 23:00:00,76.0,1017.0,284.15,3.0
2016-11-29 00:00:00,76.0,1017.0,283.99,3.0
2016-11-29 01:00:00,76.0,1019.0,283.29,2.0
2016-11-29 02:00:00,76.0,1019.0,282.7,2.0
2016-11-29 03:00:00,87.0,1019.0,281.72,2.0
2016-11-29 04:00:00,81.0,1019.0,280.71,2.0
2016-11-29 05:00:00,87.0,1021.0,280.72,1.0
2016-11-29 06:00:00,93.0,1021.0,280.02,1.0
2016-11-29 07:00:00,87.0,1022.0,279.43,2.0
2016-11-29 08:00:00,93.0,1022.0,279.99,1.0
2016-11-29 09:00:00,93.0,1022.0,280.14,1.0
2016-11-29 10:00:00,87.0,1023.0,280.42,1.0
2016-11-29 11:00:00,93.0,1023.0,279.87,1.0
2016-11-29 12:00:00,93.0,1023.0,278.89,1.0
2016-11-29 13:00:00,87.0,1023.0,279.29,1.0
2016-11-29 14:00:00,93.0,1023.0,279.3,0.0
2016-11-29 15:00:00,93.0,1023.0,279.83,0.0
2016-11-29 16:00:00,87.0,1023.0,279.7,2.0
2016-11-29 17:00:00,87.0,1023.0,280.44,2.0
2016-11-29 18:00:00,87.0,1024.0,280.58,2.0
2016-11-29 19:00:00,81.0,1023.0,281.57,3.0
2016-11-29 20:00:00,81.0,1022.0,282.43,1.0
2016-11-29 21:00:00,76.0,1021.0,282.41,1.0
2016-11-29 22:00:00,71.0,1020.0,283.12,2.0
2016-11-29 23:00:00,71.0,1019.0,283.97,2.0
2016-11-30 00:00:00,71.0,1020.0,284.15,3.0
2016-11-30 01:00:00,76.0,1019.0,283.29,2.0
2016-11-30 02:00:00,87.0,1017.0,281.44,1.0
2016-11-30 03:00:00,87.0,1017.0,280.87,4.0
2016-11-30 04:00:00,81.0,1015.0,280.27,5.0
2016-11-30 05:00:00,93.0,1015.0,280.3,2.0
2016-11-30 06:00:00,75.0,1016.0,280.72,2.0
2016-11-30 07:00:00,81.0,1015.0,280.59,5.0
2016-11-30 08:00:00,93.0,1014.0,280.58,4.0
2016-11-30 09:00:00,87.0,1015.0,280.87,2.0
2016-11-30 10:00:00,93.0,1016.0,281.15,6.0
2016-11-30 11:00:00,93.0,1016.0,281.15,1.0
2016-11-30 12:00:00,87.0,1017.0,281.15,2.0
2016-11-30 13:00:00,93.0,1017.0,280.86,1.0
2016-11-30 14:00:00,87.0,1018.0,280.72,1.0
2016-11-30 15:00:00,87.0,1018.0,280.58,4.0
2016-11-30 16:00:00,87.0,1019.0,280.29,3.0
2016-11-30 17:00:00,87.0,1020.0,280.58,4.0
2016-11-30 18:00:00,85.0,1020.0,280.750745659,4.0
2016-11-30 19:00:00,81.0,1021.0,281.28,2.0
2016-11-30 20:00:00,81.0,1021.0,281.72,2.0
2016-11-30 21:00:00,81.0,1021.0,282.43,3.0
2016-11-30 22:00:00,81.0,1021.0,282.01,3.0
2016-11-30 23:00:00,71.0,1021.0,282.13,3.0
