{"polarity": 0.06, "location": "Atlanta, GA", "sentiment": "positive", "time": "Tue Nov 29 10:58:00 +0000 2016"}
{"polarity": 0.0, "location": "Orlando, FL", "sentiment": "neutral", "time": "Tue Nov 29 10:58:24 +0000 2016"}
{"polarity": 0.43333333333333335, "location": "New York, NY", "sentiment": "positive", "time": "Tue Nov 29 10:58:32 +0000 2016"}
{"polarity": 0.0, "location": "New York, NY", "sentiment": "neutral", "time": "Tue Nov 29 10:58:48 +0000 2016"}
{"polarity": 0.5, "location": "New York, NY", "sentiment": "positive", "time": "Tue Nov 29 10:42:02 +0000 2016"}
{"polarity": 0.0, "location": "Atlanta, GA", "sentiment": "neutral", "time": "Tue Nov 29 10:50:07 +0000 2016"}
{"polarity": 0.0, "location": "New York, NY", "sentiment": "neutral", "time": "Tue Nov 29 10:50:08 +0000 2016"}
{"polarity": -0.5, "location": "Boston, MA", "sentiment": "negative", "time": "Tue Nov 29 10:50:17 +0000 2016"}
{"polarity": 0.0, "location": "New York, NY", "sentiment": "neutral", "time": "Tue Nov 29 10:50:35 +0000 2016"}
{"polarity": 0.3, "location": "San Diego, CA", "sentiment": "positive", "time": "Tue Nov 29 10:15:16 +0000 2016"}
{"polarity": 0.0, "location": "Seattle, WA", "sentiment": "neutral", "time": "Tue Nov 29 10:15:18 +0000 2016"}
{"polarity": 0.0, "location": "New York, NY", "sentiment": "neutral", "time": "Tue Nov 29 10:15:49 +0000 2016"}
{"polarity": 0.0, "location": "San Diego, CA", "sentiment": "neutral", "time": "Tue Nov 29 10:15:53 +0000 2016"}
{"polarity": 0.0, "location": "Boston, MA", "sentiment": "neutral", "time": "Tue Nov 29 10:38:12 +0000 2016"}
{"polarity": 0.0, "location": "New York, NY", "sentiment": "neutral", "time": "Tue Nov 29 10:38:24 +0000 2016"}
{"polarity": 0.0, "location": "San Diego, CA", "sentiment": "neutral", "time": "Tue Nov 29 10:38:34 +0000 2016"}
{"polarity": 0.2, "location": "New York, NY", "sentiment": "positive", "time": "Tue Nov 29 10:38:35 +0000 2016"}
{"polarity": 0.0, "location": "Boston, MA", "sentiment": "neutral", "time": "Tue Nov 29 10:21:18 +0000 2016"}
{"polarity": 0.0, "location": "Seattle, WA", "sentiment": "neutral", "time": "Tue Nov 29 10:21:45 +0000 2016"}
{"polarity": 0.3, "location": "Atlanta, GA", "sentiment": "positive", "time": "Tue Nov 29 10:21:51 +0000 2016"}
{"polarity": 0.1, "location": "Boston, MA", "sentiment": "positive", "time": "Tue Nov 29 10:17:30 +0000 2016"}
{"polarity": 0.0, "location": "Boston, MA", "sentiment": "neutral", "time": "Tue Nov 29 10:17:57 +0000 2016"}
{"polarity": 0.2857142857142857, "location": "New York, NY", "sentiment": "positive", "time": "Tue Nov 29 10:12:32 +0000 2016"}
{"polarity": 0.475, "location": "New York, NY", "sentiment": "positive", "time": "Tue Nov 29 10:12:52 +0000 2016"}
{"polarity": 0.0, "location": "New York, NY", "sentiment": "neutral", "time": "Tue Nov 29 10:29:18 +0000 2016"}
{"polarity": -0.2, "location": "Atlanta, GA", "sentiment": "negative", "time": "Tue Nov 29 10:29:30 +0000 2016"}
{"polarity": -0.05, "location": "Boston, MA", "sentiment": "negative", "time": "Tue Nov 29 10:29:32 +0000 2016"}
{"polarity": 0.0, "location": "New York, NY", "sentiment": "neutral", "time": "Tue Nov 29 10:29:34 +0000 2016"}
{"polarity": 0.6, "location": "San Diego, CA", "sentiment": "positive", "time": "Tue Nov 29 10:29:41 +0000 2016"}
{"polarity": 0.0, "location": "Phoenix, AZ", "sentiment": "neutral", "time": "Tue Nov 29 10:29:51 +0000 2016"}
{"polarity": 0.5, "location": "Phoenix, AZ", "sentiment": "positive", "time": "Tue Nov 29 10:18:04 +0000 2016"}
{"polarity": 0.0, "location": "San Diego, CA", "sentiment": "neutral", "time": "Tue Nov 29 10:18:09 +0000 2016"}
{"polarity": 0.8, "location": "New York, NY", "sentiment": "positive", "time": "Tue Nov 29 10:18:47 +0000 2016"}
{"polarity": 0.0, "location": "Boston, MA", "sentiment": "neutral", "time": "Tue Nov 29 10:46:03 +0000 2016"}
{"polarity": 0.0, "location": "Boston, MA", "sentiment": "neutral", "time": "Tue Nov 29 10:46:10 +0000 2016"}
{"polarity": 0.35714285714285715, "location": "Seattle, WA", "sentiment": "positive", "time": "Tue Nov 29 10:46:16 +0000 2016"}
{"polarity": 0.25, "location": "Atlanta, GA", "sentiment": "positive", "time": "Tue Nov 29 10:46:30 +0000 2016"}
{"polarity": 0.0, "location": "Orlando, FL", "sentiment": "neutral", "time": "Tue Nov 29 10:46:34 +0000 2016"}
{"polarity": 0.15000000000000002, "location": "Seattle, WA", "sentiment": "positive", "time": "Tue Nov 29 10:00:08 +0000 2016"}
{"polarity": 0.1, "location": "San Diego, CA", "sentiment": "positive", "time": "Tue Nov 29 10:00:20 +0000 2016"}
{"polarity": 0.3181818181818182, "location": "Boston, MA", "sentiment": "positive", "time": "Tue Nov 29 10:00:33 +0000 2016"}
{"polarity": 0.0, "location": "New York, NY", "sentiment": "neutral", "time": "Tue Nov 29 10:34:22 +0000 2016"}
{"polarity": -0.2, "location": "San Diego, CA", "sentiment": "negative", "time": "Tue Nov 29 10:34:25 +0000 2016"}
{"polarity": 0.1875, "location": "Portland, OR", "sentiment": "positive", "time": "Tue Nov 29 10:34:35 +0000 2016"}
{"polarity": 0.0, "location": "San Diego, CA", "sentiment": "neutral", "time": "Tue Nov 29 10:11:03 +0000 2016"}
{"polarity": 0.0, "location": "Atlanta, GA", "sentiment": "neutral", "time": "Tue Nov 29 10:11:04 +0000 2016"}
{"polarity": 0.35, "location": "Phoenix, AZ", "sentiment": "positive", "time": "Tue Nov 29 10:11:53 +0000 2016"}
{"polarity": 0.0, "location": "Atlanta, GA", "sentiment": "neutral", "time": "Tue Nov 29 10:11:55 +0000 2016"}
{"polarity": 0.0, "location": "Portland, OR", "sentiment": "neutral", "time": "Tue Nov 29 10:56:00 +0000 2016"}
{"polarity": 1.0, "location": "Portland, OR", "sentiment": "positive", "time": "Tue Nov 29 10:56:03 +0000 2016"}
{"polarity": 0.037500000000000006, "location": "Atlanta, GA", "sentiment": "positive", "time": "Tue Nov 29 10:56:09 +0000 2016"}
{"polarity": -0.8228571428571427, "location": "Phoenix, AZ", "sentiment": "negative", "time": "Tue Nov 29 10:56:32 +0000 2016"}
{"polarity": 0.3, "location": "New York, NY", "sentiment": "positive", "time": "Tue Nov 29 10:56:36 +0000 2016"}
{"polarity": 0.0, "location": "Atlanta, GA", "sentiment": "neutral", "time": "Tue Nov 29 10:47:05 +0000 2016"}
{"polarity": 0.0, "location": "Atlanta, GA", "sentiment": "neutral", "time": "Tue Nov 29 10:47:14 +0000 2016"}
{"polarity": 0.85, "location": "New York, NY", "sentiment": "positive", "time": "Tue Nov 29 10:47:20 +0000 2016"}
{"polarity": 1.0, "location": "Atlanta, GA", "sentiment": "positive", "time": "Tue Nov 29 10:47:30 +0000 2016"}
{"polarity": 0.0, "location": "Boston, MA", "sentiment": "neutral", "time": "Tue Nov 29 10:47:32 +0000 2016"}
{"polarity": 0.0, "location": "Seattle, WA", "sentiment": "neutral", "time": "Tue Nov 29 10:47:35 +0000 2016"}
{"polarity": 0.0, "location": "New York, NY", "sentiment": "neutral", "time": "Tue Nov 29 10:47:47 +0000 2016"}
{"polarity": 0.0, "location": "New York, NY", "sentiment": "neutral", "time": "Tue Nov 29 10:52:18 +0000 2016"}
{"polarity": -0.03333333333333333, "location": "Orlando, FL", "sentiment": "negative", "time": "Tue Nov 29 10:52:19 +0000 2016"}
{"polarity": -0.2, "location": "Boston, MA", "sentiment": "negative", "time": "Tue Nov 29 10:52:37 +0000 2016"}
{"polarity": 0.0, "location": "New York, NY", "sentiment": "neutral", "time": "Tue Nov 29 10:52:46 +0000 2016"}
{"polarity": 0.0, "location": "Portland, OR", "sentiment": "neutral", "time": "Tue Nov 29 10:52:49 +0000 2016"}
{"polarity": 0.0, "location": "Phoenix, AZ", "sentiment": "neutral", "time": "Tue Nov 29 10:53:44 +0000 2016"}
{"polarity": 0.0, "location": "Boston, MA", "sentiment": "neutral", "time": "Tue Nov 29 10:02:01 +0000 2016"}
{"polarity": 0.0, "location": "San Diego, CA", "sentiment": "neutral", "time": "Tue Nov 29 10:02:23 +0000 2016"}
{"polarity": -0.03571428571428571, "location": "Atlanta, GA", "sentiment": "negative", "time": "Tue Nov 29 10:02:29 +0000 2016"}
{"polarity": 0.5, "location": "Atlanta, GA", "sentiment": "positive", "time": "Tue Nov 29 10:48:00 +0000 2016"}
{"polarity": 0.0, "location": "San Diego, CA", "sentiment": "neutral", "time": "Tue Nov 29 10:48:17 +0000 2016"}
{"polarity": -0.1, "location": "New York, NY", "sentiment": "negative", "time": "Tue Nov 29 10:48:52 +0000 2016"}
{"polarity": 0.4, "location": "New York, NY", "sentiment": "positive", "time": "Tue Nov 29 10:25:00 +0000 2016"}
{"polarity": 0.16666666666666666, "location": "Portland, OR", "sentiment": "positive", "time": "Tue Nov 29 10:25:18 +0000 2016"}
{"polarity": 0.5, "location": "Atlanta, GA", "sentiment": "positive", "time": "Tue Nov 29 10:25:36 +0000 2016"}
{"polarity": -0.7999999999999999, "location": "Portland, OR", "sentiment": "negative", "time": "Tue Nov 29 10:25:54 +0000 2016"}
{"polarity": -0.16666666666666666, "location": "San Diego, CA", "sentiment": "negative", "time": "Tue Nov 29 10:16:03 +0000 2016"}
{"polarity": -0.4, "location": "New York, NY", "sentiment": "negative", "time": "Tue Nov 29 10:16:13 +0000 2016"}
{"polarity": 0.325, "location": "New York, NY", "sentiment": "positive", "time": "Tue Nov 29 10:16:36 +0000 2016"}
{"polarity": 0.0, "location": "Boston, MA", "sentiment": "neutral", "time": "Tue Nov 29 10:16:56 +0000 2016"}
{"polarity": 0.0, "location": "New York, NY", "sentiment": "neutral", "time": "Tue Nov 29 10:16:57 +0000 2016"}
{"polarity": 0.2, "location": "Seattle, WA", "sentiment": "positive", "time": "Tue Nov 29 10:14:09 +0000 2016"}
{"polarity": 0.0, "location": "New York, NY", "sentiment": "neutral", "time": "Tue Nov 29 10:14:10 +0000 2016"}
{"polarity": -0.08333333333333333, "location": "New York, NY", "sentiment": "negative", "time": "Tue Nov 29 10:14:20 +0000 2016"}
{"polarity": 0.0, "location": "Boston, MA", "sentiment": "neutral", "time": "Tue Nov 29 10:23:04 +0000 2016"}
{"polarity": 0.0, "location": "Atlanta, GA", "sentiment": "neutral", "time": "Tue Nov 29 10:23:13 +0000 2016"}
{"polarity": 0.0, "location": "New York, NY", "sentiment": "neutral", "time": "Tue Nov 29 10:23:16 +0000 2016"}
{"polarity": 0.0, "location": "Portland, OR", "sentiment": "neutral", "time": "Tue Nov 29 10:23:24 +0000 2016"}
{"polarity": 0.0, "location": "Seattle, WA", "sentiment": "neutral", "time": "Tue Nov 29 10:07:18 +0000 2016"}
{"polarity": -0.35, "location": "New York, NY", "sentiment": "negative", "time": "Tue Nov 29 10:07:31 +0000 2016"}
{"polarity": 0.0, "location": "New York, NY", "sentiment": "neutral", "time": "Tue Nov 29 10:07:54 +0000 2016"}
{"polarity": 0.0, "location": "Atlanta, GA", "sentiment": "neutral", "time": "Tue Nov 29 10:51:03 +0000 2016"}
{"polarity": 0.0, "location": "Seattle, WA", "sentiment": "neutral", "time": "Tue Nov 29 10:51:25 +0000 2016"}
{"polarity": 0.0, "location": "San Diego, CA", "sentiment": "neutral", "time": "Tue Nov 29 10:51:41 +0000 2016"}
{"polarity": 0.0, "location": "New York, NY", "sentiment": "neutral", "time": "Tue Nov 29 10:51:56 +0000 2016"}
{"polarity": 0.0, "location": "New York, NY", "sentiment": "neutral", "time": "Tue Nov 29 10:03:01 +0000 2016"}
{"polarity": 0.0, "location": "Atlanta, GA", "sentiment": "neutral", "time": "Tue Nov 29 10:03:15 +0000 2016"}
{"polarity": 0.4285714285714286, "location": "New York, NY", "sentiment": "positive", "time": "Tue Nov 29 10:03:50 +0000 2016"}
{"polarity": 0.0, "location": "Atlanta, GA", "sentiment": "neutral", "time": "Tue Nov 29 10:40:02 +0000 2016"}
{"polarity": 0.2, "location": "San Diego, CA", "sentiment": "positive", "time": "Tue Nov 29 10:40:05 +0000 2016"}
{"polarity": 0.25, "location": "San Diego, CA", "sentiment": "positive", "time": "Tue Nov 29 10:40:09 +0000 2016"}
{"polarity": 0.1953125, "location": "Orlando, FL", "sentiment": "positive", "time": "Tue Nov 29 10:40:45 +0000 2016"}
{"polarity": -0.016666666666666677, "location": "Boston, MA", "sentiment": "negative", "time": "Tue Nov 29 10:35:18 +0000 2016"}
{"polarity": 0.0, "location": "New York, NY", "sentiment": "neutral", "time": "Tue Nov 29 10:35:18 +0000 2016"}
{"polarity": 0.17222222222222222, "location": "Atlanta, GA", "sentiment": "positive", "time": "Tue Nov 29 10:43:40 +0000 2016"}
{"polarity": 0.5, "location": "New York, NY", "sentiment": "positive", "time": "Tue Nov 29 10:10:00 +0000 2016"}
{"polarity": 0.0, "location": "Seattle, WA", "sentiment": "neutral", "time": "Tue Nov 29 10:10:27 +0000 2016"}
{"polarity": 0.6000000000000001, "location": "Boston, MA", "sentiment": "positive", "time": "Tue Nov 29 10:10:52 +0000 2016"}
{"polarity": 0.0, "location": "Boston, MA", "sentiment": "neutral", "time": "Tue Nov 29 10:54:09 +0000 2016"}
{"polarity": 0.5, "location": "New York, NY", "sentiment": "positive", "time": "Tue Nov 29 10:54:16 +0000 2016"}
{"polarity": 0.0, "location": "New York, NY", "sentiment": "neutral", "time": "Tue Nov 29 10:54:26 +0000 2016"}
{"polarity": 0.0, "location": "Atlanta, GA", "sentiment": "neutral", "time": "Tue Nov 29 10:54:29 +0000 2016"}
{"polarity": 0.0, "location": "New York, NY", "sentiment": "neutral", "time": "Tue Nov 29 10:54:34 +0000 2016"}
{"polarity": 0.0625, "location": "New York, NY", "sentiment": "positive", "time": "Tue Nov 29 10:54:52 +0000 2016"}
{"polarity": 0.0, "location": "Seattle, WA", "sentiment": "neutral", "time": "Tue Nov 29 10:24:02 +0000 2016"}
{"polarity": -0.04375, "location": "Boston, MA", "sentiment": "negative", "time": "Tue Nov 29 10:24:03 +0000 2016"}
{"polarity": 0.225, "location": "Portland, OR", "sentiment": "positive", "time": "Tue Nov 29 10:24:33 +0000 2016"}
{"polarity": 0.0, "location": "Seattle, WA", "sentiment": "neutral", "time": "Tue Nov 29 10:24:36 +0000 2016"}
{"polarity": -0.5, "location": "Portland, OR", "sentiment": "negative", "time": "Tue Nov 29 10:32:01 +0000 2016"}
{"polarity": 0.65, "location": "Seattle, WA", "sentiment": "positive", "time": "Tue Nov 29 10:32:02 +0000 2016"}
{"polarity": -0.1875, "location": "New York, NY", "sentiment": "negative", "time": "Tue Nov 29 10:32:08 +0000 2016"}
{"polarity": 0.0, "location": "Atlanta, GA", "sentiment": "neutral", "time": "Tue Nov 29 10:32:08 +0000 2016"}
{"polarity": 0.0, "location": "Orlando, FL", "sentiment": "neutral", "time": "Tue Nov 29 10:32:56 +0000 2016"}
{"polarity": 0.0, "location": "Atlanta, GA", "sentiment": "neutral", "time": "Tue Nov 29 10:01:02 +0000 2016"}
{"polarity": 0.3333333333333333, "location": "Atlanta, GA", "sentiment": "positive", "time": "Tue Nov 29 10:01:23 +0000 2016"}
{"polarity": 0.75, "location": "Atlanta, GA", "sentiment": "positive", "time": "Tue Nov 29 10:01:25 +0000 2016"}
{"polarity": 0.0, "location": "Phoenix, AZ", "sentiment": "neutral", "time": "Tue Nov 29 10:01:45 +0000 2016"}
{"polarity": -0.2, "location": "Atlanta, GA", "sentiment": "negative", "time": "Tue Nov 29 10:01:48 +0000 2016"}
{"polarity": 0.0, "location": "Boston, MA", "sentiment": "neutral", "time": "Tue Nov 29 10:55:27 +0000 2016"}
{"polarity": 0.0, "location": "Seattle, WA", "sentiment": "neutral", "time": "Tue Nov 29 10:09:19 +0000 2016"}
{"polarity": 0.0, "location": "San Diego, CA", "sentiment": "neutral", "time": "Tue Nov 29 10:09:23 +0000 2016"}
{"polarity": 0.0, "location": "San Diego, CA", "sentiment": "neutral", "time": "Tue Nov 29 10:33:01 +0000 2016"}
{"polarity": 0.0, "location": "Seattle, WA", "sentiment": "neutral", "time": "Tue Nov 29 10:33:15 +0000 2016"}
{"polarity": -0.2, "location": "New York, NY", "sentiment": "negative", "time": "Tue Nov 29 10:33:35 +0000 2016"}
{"polarity": 0.0, "location": "Boston, MA", "sentiment": "neutral", "time": "Tue Nov 29 10:33:58 +0000 2016"}
{"polarity": 0.0, "location": "San Diego, CA", "sentiment": "neutral", "time": "Tue Nov 29 10:28:40 +0000 2016"}
{"polarity": 0.0, "location": "Atlanta, GA", "sentiment": "neutral", "time": "Tue Nov 29 10:28:59 +0000 2016"}
{"polarity": 0.0, "location": "Phoenix, AZ", "sentiment": "neutral", "time": "Tue Nov 29 10:22:04 +0000 2016"}
{"polarity": 0.0, "location": "New York, NY", "sentiment": "neutral", "time": "Tue Nov 29 10:22:18 +0000 2016"}
{"polarity": 0.0, "location": "Orlando, FL", "sentiment": "neutral", "time": "Tue Nov 29 10:22:28 +0000 2016"}
{"polarity": 0.5, "location": "New York, NY", "sentiment": "positive", "time": "Tue Nov 29 10:49:53 +0000 2016"}
{"polarity": 0.1, "location": "Seattle, WA", "sentiment": "positive", "time": "Tue Nov 29 10:49:59 +0000 2016"}
{"polarity": 0.0, "location": "New York, NY", "sentiment": "neutral", "time": "Tue Nov 29 10:45:04 +0000 2016"}
{"polarity": 0.17045454545454544, "location": "New York, NY", "sentiment": "positive", "time": "Tue Nov 29 10:45:08 +0000 2016"}
{"polarity": 0.225, "location": "Atlanta, GA", "sentiment": "positive", "time": "Tue Nov 29 10:45:13 +0000 2016"}
{"polarity": 0.0, "location": "New York, NY", "sentiment": "neutral", "time": "Tue Nov 29 10:45:52 +0000 2016"}
{"polarity": 0.0, "location": "Atlanta, GA", "sentiment": "neutral", "time": "Tue Nov 29 10:06:35 +0000 2016"}
{"polarity": 0.0, "location": "Orlando, FL", "sentiment": "neutral", "time": "Tue Nov 29 10:20:06 +0000 2016"}
{"polarity": 0.19999999999999998, "location": "Portland, OR", "sentiment": "positive", "time": "Tue Nov 29 10:20:09 +0000 2016"}
{"polarity": -0.16666666666666666, "location": "New York, NY", "sentiment": "negative", "time": "Tue Nov 29 10:20:12 +0000 2016"}
{"polarity": 0.0, "location": "New York, NY", "sentiment": "neutral", "time": "Tue Nov 29 10:20:36 +0000 2016"}
{"polarity": 0.0, "location": "Orlando, FL", "sentiment": "neutral", "time": "Tue Nov 29 10:13:08 +0000 2016"}
{"polarity": 0.0, "location": "Orlando, FL", "sentiment": "neutral", "time": "Tue Nov 29 10:13:10 +0000 2016"}
{"polarity": 0.0, "location": "Orlando, FL", "sentiment": "neutral", "time": "Tue Nov 29 10:13:14 +0000 2016"}
{"polarity": 0.13636363636363635, "location": "New York, NY", "sentiment": "positive", "time": "Tue Nov 29 10:13:20 +0000 2016"}
{"polarity": 0.17500000000000002, "location": "Phoenix, AZ", "sentiment": "positive", "time": "Tue Nov 29 10:04:04 +0000 2016"}
{"polarity": 0.0, "location": "Orlando, FL", "sentiment": "neutral", "time": "Tue Nov 29 15:39:05 +0000 2016"}
{"polarity": 0.0, "location": "Orlando, FL", "sentiment": "neutral", "time": "Tue Nov 29 15:39:06 +0000 2016"}
{"polarity": 0.26, "location": "New York, NY", "sentiment": "positive", "time": "Tue Nov 29 15:39:08 +0000 2016"}
{"polarity": 0.0, "location": "Seattle, WA", "sentiment": "neutral", "time": "Tue Nov 29 15:39:10 +0000 2016"}
{"polarity": 0.0, "location": "Boston, MA", "sentiment": "neutral", "time": "Tue Nov 29 15:39:10 +0000 2016"}
{"polarity": 0.0, "location": "Orlando, FL", "sentiment": "neutral", "time": "Tue Nov 29 15:39:14 +0000 2016"}
{"polarity": -1.0, "location": "Orlando, FL", "sentiment": "negative", "time": "Tue Nov 29 15:39:24 +0000 2016"}
{"polarity": 0.0, "location": "Atlanta, GA", "sentiment": "neutral", "time": "Tue Nov 29 15:39:26 +0000 2016"}
{"polarity": -0.15555555555555559, "location": "Atlanta, GA", "sentiment": "negative", "time": "Tue Nov 29 15:39:27 +0000 2016"}
{"polarity": 0.0, "location": "Seattle, WA", "sentiment": "neutral", "time": "Tue Nov 29 15:39:28 +0000 2016"}
{"polarity": 0.1666666666666667, "location": "Boston, MA", "sentiment": "positive", "time": "Tue Nov 29 15:39:30 +0000 2016"}
{"polarity": 0.0, "location": "Phoenix, AZ", "sentiment": "neutral", "time": "Tue Nov 29 15:59:00 +0000 2016"}
{"polarity": 0.0, "location": "Boston, MA", "sentiment": "neutral", "time": "Tue Nov 29 15:59:00 +0000 2016"}
{"polarity": 0.5, "location": "Seattle, WA", "sentiment": "positive", "time": "Tue Nov 29 15:59:05 +0000 2016"}
{"polarity": 0.875, "location": "Portland, OR", "sentiment": "positive", "time": "Tue Nov 29 15:59:14 +0000 2016"}
{"polarity": 0.0, "location": "Boston, MA", "sentiment": "neutral", "time": "Tue Nov 29 15:59:17 +0000 2016"}
{"polarity": 0.8, "location": "Boston, MA", "sentiment": "positive", "time": "Tue Nov 29 15:59:21 +0000 2016"}
{"polarity": 0.0, "location": "Atlanta, GA", "sentiment": "neutral", "time": "Tue Nov 29 15:59:24 +0000 2016"}
{"polarity": 0.4, "location": "Portland, OR", "sentiment": "positive", "time": "Tue Nov 29 15:59:28 +0000 2016"}
{"polarity": 0.25, "location": "New York, NY", "sentiment": "positive", "time": "Tue Nov 29 15:59:31 +0000 2016"}
{"polarity": 0.25, "location": "Boston, MA", "sentiment": "positive", "time": "Tue Nov 29 15:59:34 +0000 2016"}
{"polarity": 0.0, "location": "Portland, OR", "sentiment": "neutral", "time": "Tue Nov 29 15:59:37 +0000 2016"}
{"polarity": 0.0, "location": "Atlanta, GA", "sentiment": "neutral", "time": "Tue Nov 29 15:59:49 +0000 2016"}
{"polarity": -0.6, "location": "San Diego, CA", "sentiment": "negative", "time": "Tue Nov 29 15:59:56 +0000 2016"}
{"polarity": 0.0, "location": "New York, NY", "sentiment": "neutral", "time": "Tue Nov 29 15:19:01 +0000 2016"}
{"polarity": 0.0, "location": "Seattle, WA", "sentiment": "neutral", "time": "Tue Nov 29 15:19:36 +0000 2016"}
{"polarity": 0.0, "location": "Orlando, FL", "sentiment": "neutral", "time": "Tue Nov 29 15:19:51 +0000 2016"}
{"polarity": 0.7, "location": "New York, NY", "sentiment": "positive", "time": "Tue Nov 29 15:19:56 +0000 2016"}
{"polarity": 0.6, "location": "Atlanta, GA", "sentiment": "positive", "time": "Tue Nov 29 15:19:57 +0000 2016"}
{"polarity": 0.08333333333333333, "location": "Atlanta, GA", "sentiment": "positive", "time": "Tue Nov 29 15:19:57 +0000 2016"}
{"polarity": 0.0, "location": "San Diego, CA", "sentiment": "neutral", "time": "Tue Nov 29 15:37:09 +0000 2016"}
{"polarity": 0.125, "location": "New York, NY", "sentiment": "positive", "time": "Tue Nov 29 15:37:12 +0000 2016"}
{"polarity": -0.1, "location": "Portland, OR", "sentiment": "negative", "time": "Tue Nov 29 15:37:13 +0000 2016"}
{"polarity": 0.5, "location": "Phoenix, AZ", "sentiment": "positive", "time": "Tue Nov 29 15:37:24 +0000 2016"}
{"polarity": 0.016666666666666635, "location": "Atlanta, GA", "sentiment": "positive", "time": "Tue Nov 29 15:37:27 +0000 2016"}
{"polarity": 0.4, "location": "San Diego, CA", "sentiment": "positive", "time": "Tue Nov 29 15:37:27 +0000 2016"}
{"polarity": 0.0, "location": "Seattle, WA", "sentiment": "neutral", "time": "Tue Nov 29 15:37:29 +0000 2016"}
{"polarity": -0.8, "location": "San Diego, CA", "sentiment": "negative", "time": "Tue Nov 29 15:37:39 +0000 2016"}
{"polarity": 0.0, "location": "Atlanta, GA", "sentiment": "neutral", "time": "Tue Nov 29 15:37:49 +0000 2016"}
{"polarity": 0.8, "location": "Seattle, WA", "sentiment": "positive", "time": "Tue Nov 29 15:37:56 +0000 2016"}
{"polarity": 0.0, "location": "Boston, MA", "sentiment": "neutral", "time": "Tue Nov 29 15:37:56 +0000 2016"}
{"polarity": 0.0, "location": "New York, NY", "sentiment": "neutral", "time": "Tue Nov 29 15:31:01 +0000 2016"}
{"polarity": 0.33999999999999997, "location": "New York, NY", "sentiment": "positive", "time": "Tue Nov 29 15:31:03 +0000 2016"}
{"polarity": 0.19545454545454546, "location": "New York, NY", "sentiment": "positive", "time": "Tue Nov 29 15:31:07 +0000 2016"}
{"polarity": 0.0, "location": "New York, NY", "sentiment": "neutral", "time": "Tue Nov 29 15:31:01 +0000 2016"}
{"polarity": -0.16666666666666666, "location": "New York, NY", "sentiment": "negative", "time": "Tue Nov 29 15:31:10 +0000 2016"}
{"polarity": 0.125, "location": "New York, NY", "sentiment": "positive", "time": "Tue Nov 29 15:31:11 +0000 2016"}
{"polarity": 0.0, "location": "Boston, MA", "sentiment": "neutral", "time": "Tue Nov 29 15:31:11 +0000 2016"}
{"polarity": 0.0, "location": "New York, NY", "sentiment": "neutral", "time": "Tue Nov 29 15:31:12 +0000 2016"}
{"polarity": 0.0, "location": "St. Louis, MO", "sentiment": "neutral", "time": "Tue Nov 29 15:31:13 +0000 2016"}
{"polarity": 0.0, "location": "Phoenix, AZ", "sentiment": "neutral", "time": "Tue Nov 29 15:31:15 +0000 2016"}
{"polarity": 0.0, "location": "Orlando, FL", "sentiment": "neutral", "time": "Tue Nov 29 15:31:21 +0000 2016"}
{"polarity": 0.0, "location": "New York, NY", "sentiment": "neutral", "time": "Tue Nov 29 15:31:22 +0000 2016"}
{"polarity": 0.5, "location": "San Diego, CA", "sentiment": "positive", "time": "Tue Nov 29 15:31:26 +0000 2016"}
{"polarity": -0.0625, "location": "New York, NY", "sentiment": "negative", "time": "Tue Nov 29 15:31:31 +0000 2016"}
{"polarity": 0.0, "location": "Atlanta, GA", "sentiment": "neutral", "time": "Tue Nov 29 15:31:31 +0000 2016"}
{"polarity": 0.5, "location": "Atlanta, GA", "sentiment": "positive", "time": "Tue Nov 29 15:31:40 +0000 2016"}
{"polarity": 0.16818181818181818, "location": "Phoenix, AZ", "sentiment": "positive", "time": "Tue Nov 29 15:31:43 +0000 2016"}
{"polarity": 0.0, "location": "Phoenix, AZ", "sentiment": "neutral", "time": "Tue Nov 29 15:31:46 +0000 2016"}
{"polarity": 0.5, "location": "Kansas City, KS", "sentiment": "positive", "time": "Tue Nov 29 15:31:48 +0000 2016"}
{"polarity": 0.13636363636363635, "location": "Seattle, WA", "sentiment": "positive", "time": "Tue Nov 29 15:31:51 +0000 2016"}
{"polarity": 0.0, "location": "Atlanta, GA", "sentiment": "neutral", "time": "Tue Nov 29 15:31:59 +0000 2016"}
{"polarity": -0.16666666666666666, "location": "Seattle, WA", "sentiment": "negative", "time": "Tue Nov 29 15:41:16 +0000 2016"}
{"polarity": 0.0, "location": "Atlanta, GA", "sentiment": "neutral", "time": "Tue Nov 29 15:41:16 +0000 2016"}
{"polarity": 0.0, "location": "Orlando, FL", "sentiment": "neutral", "time": "Tue Nov 29 15:41:18 +0000 2016"}
{"polarity": 0.0, "location": "New York, NY", "sentiment": "neutral", "time": "Tue Nov 29 15:41:26 +0000 2016"}
{"polarity": 0.13636363636363635, "location": "New York, NY", "sentiment": "positive", "time": "Tue Nov 29 15:41:27 +0000 2016"}
{"polarity": 0.0, "location": "Boston, MA", "sentiment": "neutral", "time": "Tue Nov 29 15:41:34 +0000 2016"}
{"polarity": 0.13636363636363635, "location": "New York, NY", "sentiment": "positive", "time": "Tue Nov 29 15:41:39 +0000 2016"}
{"polarity": 0.036111111111111115, "location": "San Diego, CA", "sentiment": "positive", "time": "Tue Nov 29 15:41:45 +0000 2016"}
{"polarity": 0.0, "location": "Seattle, WA", "sentiment": "neutral", "time": "Tue Nov 29 15:41:45 +0000 2016"}
{"polarity": 0.0, "location": "Orlando, FL", "sentiment": "neutral", "time": "Tue Nov 29 15:41:50 +0000 2016"}
{"polarity": 0.0, "location": "San Diego, CA", "sentiment": "neutral", "time": "Tue Nov 29 15:41:53 +0000 2016"}
{"polarity": 0.625, "location": "Boston, MA", "sentiment": "positive", "time": "Tue Nov 29 15:41:54 +0000 2016"}
{"polarity": 0.0, "location": "Atlanta, GA", "sentiment": "neutral", "time": "Tue Nov 29 15:41:55 +0000 2016"}
{"polarity": 0.4, "location": "New York, NY", "sentiment": "positive", "time": "Tue Nov 29 15:41:56 +0000 2016"}
{"polarity": 0.2, "location": "Orlando, FL", "sentiment": "positive", "time": "Tue Nov 29 15:27:01 +0000 2016"}
{"polarity": 0.0, "location": "Orlando, FL", "sentiment": "neutral", "time": "Tue Nov 29 15:27:05 +0000 2016"}
{"polarity": 0.06818181818181818, "location": "New York, NY", "sentiment": "positive", "time": "Tue Nov 29 15:27:12 +0000 2016"}
{"polarity": 0.2, "location": "New York, NY", "sentiment": "positive", "time": "Tue Nov 29 15:27:26 +0000 2016"}
{"polarity": -0.05000000000000001, "location": "Seattle, WA", "sentiment": "negative", "time": "Tue Nov 29 15:27:27 +0000 2016"}
{"polarity": 0.0, "location": "Orlando, FL", "sentiment": "neutral", "time": "Tue Nov 29 15:27:36 +0000 2016"}
{"polarity": 0.032467532467532464, "location": "Boston, MA", "sentiment": "positive", "time": "Tue Nov 29 15:27:36 +0000 2016"}
{"polarity": 0.0, "location": "Atlanta, GA", "sentiment": "neutral", "time": "Tue Nov 29 15:27:40 +0000 2016"}
{"polarity": -0.1, "location": "Orlando, FL", "sentiment": "negative", "time": "Tue Nov 29 15:27:41 +0000 2016"}
{"polarity": 0.5, "location": "Atlanta, GA", "sentiment": "positive", "time": "Tue Nov 29 15:27:47 +0000 2016"}
{"polarity": 0.0, "location": "Boston, MA", "sentiment": "neutral", "time": "Tue Nov 29 15:27:50 +0000 2016"}
{"polarity": 0.0, "location": "Atlanta, GA", "sentiment": "neutral", "time": "Tue Nov 29 15:27:50 +0000 2016"}
{"polarity": -0.2, "location": "Orlando, FL", "sentiment": "negative", "time": "Tue Nov 29 15:57:02 +0000 2016"}
{"polarity": 0.0, "location": "Orlando, FL", "sentiment": "neutral", "time": "Tue Nov 29 15:57:08 +0000 2016"}
{"polarity": 0.6, "location": "Phoenix, AZ", "sentiment": "positive", "time": "Tue Nov 29 15:57:14 +0000 2016"}
{"polarity": 0.2, "location": "Seattle, WA", "sentiment": "positive", "time": "Tue Nov 29 15:57:16 +0000 2016"}
{"polarity": 0.8, "location": "St. Louis, MO", "sentiment": "positive", "time": "Tue Nov 29 15:57:18 +0000 2016"}
{"polarity": 0.1, "location": "Boston, MA", "sentiment": "positive", "time": "Tue Nov 29 15:57:18 +0000 2016"}
{"polarity": 0.0, "location": "Phoenix, AZ", "sentiment": "neutral", "time": "Tue Nov 29 15:57:21 +0000 2016"}
{"polarity": 0.5, "location": "Boston, MA", "sentiment": "positive", "time": "Tue Nov 29 15:57:22 +0000 2016"}
{"polarity": 0.0, "location": "Atlanta, GA", "sentiment": "neutral", "time": "Tue Nov 29 15:57:24 +0000 2016"}
{"polarity": 0.2777777777777778, "location": "Atlanta, GA", "sentiment": "positive", "time": "Tue Nov 29 15:57:39 +0000 2016"}
{"polarity": 0.25, "location": "Seattle, WA", "sentiment": "positive", "time": "Tue Nov 29 15:57:41 +0000 2016"}
{"polarity": 0.8, "location": "Atlanta, GA", "sentiment": "positive", "time": "Tue Nov 29 15:57:47 +0000 2016"}
{"polarity": 0.4, "location": "Boston, MA", "sentiment": "positive", "time": "Tue Nov 29 15:57:55 +0000 2016"}
{"polarity": 0.0, "location": "Orlando, FL", "sentiment": "neutral", "time": "Tue Nov 29 15:26:09 +0000 2016"}
{"polarity": 0.0, "location": "Atlanta, GA", "sentiment": "neutral", "time": "Tue Nov 29 15:26:10 +0000 2016"}
{"polarity": 0.8, "location": "Seattle, WA", "sentiment": "positive", "time": "Tue Nov 29 15:26:12 +0000 2016"}
{"polarity": 0.0, "location": "Boston, MA", "sentiment": "neutral", "time": "Tue Nov 29 15:26:15 +0000 2016"}
{"polarity": 0.0, "location": "New York, NY", "sentiment": "neutral", "time": "Tue Nov 29 15:26:28 +0000 2016"}
{"polarity": 0.0, "location": "San Diego, CA", "sentiment": "neutral", "time": "Tue Nov 29 15:26:29 +0000 2016"}
{"polarity": 0.4, "location": "New York, NY", "sentiment": "positive", "time": "Tue Nov 29 15:26:34 +0000 2016"}
{"polarity": 0.2, "location": "Seattle, WA", "sentiment": "positive", "time": "Tue Nov 29 15:26:39 +0000 2016"}
{"polarity": 0.0, "location": "Atlanta, GA", "sentiment": "neutral", "time": "Tue Nov 29 15:26:39 +0000 2016"}
{"polarity": 0.0, "location": "Atlanta, GA", "sentiment": "neutral", "time": "Tue Nov 29 15:26:49 +0000 2016"}
{"polarity": 0.0, "location": "New York, NY", "sentiment": "neutral", "time": "Tue Nov 29 15:26:59 +0000 2016"}
{"polarity": 0.0, "location": "Seattle, WA", "sentiment": "neutral", "time": "Tue Nov 29 15:58:02 +0000 2016"}
{"polarity": 0.0, "location": "Orlando, FL", "sentiment": "neutral", "time": "Tue Nov 29 15:58:05 +0000 2016"}
{"polarity": 0.5, "location": "Portland, OR", "sentiment": "positive", "time": "Tue Nov 29 15:58:09 +0000 2016"}
{"polarity": 0.0, "location": "Orlando, FL", "sentiment": "neutral", "time": "Tue Nov 29 15:58:14 +0000 2016"}
{"polarity": 0.0, "location": "Atlanta, GA", "sentiment": "neutral", "time": "Tue Nov 29 15:58:17 +0000 2016"}
{"polarity": 0.7, "location": "Orlando, FL", "sentiment": "positive", "time": "Tue Nov 29 15:58:19 +0000 2016"}
{"polarity": 0.2, "location": "Seattle, WA", "sentiment": "positive", "time": "Tue Nov 29 15:58:24 +0000 2016"}
{"polarity": 0.0, "location": "New York, NY", "sentiment": "neutral", "time": "Tue Nov 29 15:58:39 +0000 2016"}
{"polarity": 0.0, "location": "Boston, MA", "sentiment": "neutral", "time": "Tue Nov 29 15:58:48 +0000 2016"}
{"polarity": 0.0, "location": "Portland, OR", "sentiment": "neutral", "time": "Tue Nov 29 15:58:49 +0000 2016"}
{"polarity": 0.0, "location": "Boston, MA", "sentiment": "neutral", "time": "Tue Nov 29 15:58:56 +0000 2016"}
{"polarity": 0.0, "location": "New York, NY", "sentiment": "neutral", "time": "Tue Nov 29 15:42:05 +0000 2016"}
{"polarity": 0.0, "location": "Seattle, WA", "sentiment": "neutral", "time": "Tue Nov 29 15:42:09 +0000 2016"}
{"polarity": -0.05, "location": "Seattle, WA", "sentiment": "negative", "time": "Tue Nov 29 15:42:14 +0000 2016"}
{"polarity": 0.0, "location": "Atlanta, GA", "sentiment": "neutral", "time": "Tue Nov 29 15:42:19 +0000 2016"}
{"polarity": 0.0, "location": "Boston, MA", "sentiment": "neutral", "time": "Tue Nov 29 15:42:27 +0000 2016"}
{"polarity": 0.0, "location": "Boston, MA", "sentiment": "neutral", "time": "Tue Nov 29 15:42:30 +0000 2016"}
{"polarity": -0.2, "location": "Orlando, FL", "sentiment": "negative", "time": "Tue Nov 29 15:42:30 +0000 2016"}
{"polarity": 0.0, "location": "New York, NY", "sentiment": "neutral", "time": "Tue Nov 29 15:42:45 +0000 2016"}
{"polarity": -0.07500000000000001, "location": "Orlando, FL", "sentiment": "negative", "time": "Tue Nov 29 15:42:55 +0000 2016"}
{"polarity": 0.0, "location": "Atlanta, GA", "sentiment": "neutral", "time": "Tue Nov 29 15:50:02 +0000 2016"}
{"polarity": 0.25, "location": "Boston, MA", "sentiment": "positive", "time": "Tue Nov 29 15:50:07 +0000 2016"}
{"polarity": 0.04999999999999999, "location": "New York, NY", "sentiment": "positive", "time": "Tue Nov 29 15:50:24 +0000 2016"}
{"polarity": 0.1, "location": "Atlanta, GA", "sentiment": "positive", "time": "Tue Nov 29 15:50:27 +0000 2016"}
{"polarity": 0.4681818181818182, "location": "Boston, MA", "sentiment": "positive", "time": "Tue Nov 29 15:50:26 +0000 2016"}
{"polarity": -0.5, "location": "Seattle, WA", "sentiment": "negative", "time": "Tue Nov 29 15:50:30 +0000 2016"}
{"polarity": 0.0, "location": "Atlanta, GA", "sentiment": "neutral", "time": "Tue Nov 29 15:50:31 +0000 2016"}
{"polarity": 0.45000000000000007, "location": "New York, NY", "sentiment": "positive", "time": "Tue Nov 29 15:50:43 +0000 2016"}
{"polarity": 0.4375, "location": "New York, NY", "sentiment": "positive", "time": "Tue Nov 29 15:50:47 +0000 2016"}
{"polarity": 0.0, "location": "Atlanta, GA", "sentiment": "neutral", "time": "Tue Nov 29 15:15:00 +0000 2016"}
{"polarity": 0.6666666666666666, "location": "Boston, MA", "sentiment": "positive", "time": "Tue Nov 29 15:15:11 +0000 2016"}
{"polarity": 0.0, "location": "Boston, MA", "sentiment": "neutral", "time": "Tue Nov 29 15:15:12 +0000 2016"}
{"polarity": 0.0, "location": "San Diego, CA", "sentiment": "neutral", "time": "Tue Nov 29 15:15:14 +0000 2016"}
{"polarity": 0.0, "location": "Seattle, WA", "sentiment": "neutral", "time": "Tue Nov 29 15:15:30 +0000 2016"}
{"polarity": 0.8, "location": "New York, NY", "sentiment": "positive", "time": "Tue Nov 29 15:15:36 +0000 2016"}
{"polarity": 0.0, "location": "Atlanta, GA", "sentiment": "neutral", "time": "Tue Nov 29 15:15:39 +0000 2016"}
{"polarity": 0.0, "location": "Atlanta, GA", "sentiment": "neutral", "time": "Tue Nov 29 15:15:50 +0000 2016"}
{"polarity": 0.0, "location": "New York, NY", "sentiment": "neutral", "time": "Tue Nov 29 15:15:58 +0000 2016"}
{"polarity": 0.35, "location": "New York, NY", "sentiment": "positive", "time": "Tue Nov 29 15:38:00 +0000 2016"}
{"polarity": 0.0, "location": "Orlando, FL", "sentiment": "neutral", "time": "Tue Nov 29 15:38:00 +0000 2016"}
{"polarity": 0.0, "location": "Orlando, FL", "sentiment": "neutral", "time": "Tue Nov 29 15:38:11 +0000 2016"}
{"polarity": 0.2, "location": "New York, NY", "sentiment": "positive", "time": "Tue Nov 29 15:38:27 +0000 2016"}
{"polarity": -0.2916666666666667, "location": "New York, NY", "sentiment": "negative", "time": "Tue Nov 29 15:38:30 +0000 2016"}
{"polarity": 0.0, "location": "Boston, MA", "sentiment": "neutral", "time": "Tue Nov 29 15:38:31 +0000 2016"}
{"polarity": 0.45, "location": "Atlanta, GA", "sentiment": "positive", "time": "Tue Nov 29 15:38:33 +0000 2016"}
{"polarity": 0.0, "location": "Seattle, WA", "sentiment": "neutral", "time": "Tue Nov 29 15:38:53 +0000 2016"}
{"polarity": 0.0, "location": "Atlanta, GA", "sentiment": "neutral", "time": "Tue Nov 29 15:21:15 +0000 2016"}
{"polarity": 0.0, "location": "Orlando, FL", "sentiment": "neutral", "time": "Tue Nov 29 15:21:18 +0000 2016"}
{"polarity": -0.49333333333333335, "location": "New York, NY", "sentiment": "negative", "time": "Tue Nov 29 15:21:20 +0000 2016"}
{"polarity": 0.0, "location": "New York, NY", "sentiment": "neutral", "time": "Tue Nov 29 15:21:23 +0000 2016"}
{"polarity": 0.0625, "location": "New York, NY", "sentiment": "positive", "time": "Tue Nov 29 15:21:41 +0000 2016"}
{"polarity": 0.0, "location": "Seattle, WA", "sentiment": "neutral", "time": "Tue Nov 29 15:21:45 +0000 2016"}
{"polarity": 0.0, "location": "New York, NY", "sentiment": "neutral", "time": "Tue Nov 29 15:21:46 +0000 2016"}
{"polarity": 0.2, "location": "San Diego, CA", "sentiment": "positive", "time": "Tue Nov 29 15:21:56 +0000 2016"}
{"polarity": 0.5, "location": "Orlando, FL", "sentiment": "positive", "time": "Tue Nov 29 15:21:56 +0000 2016"}
{"polarity": -0.6999999999999998, "location": "San Diego, CA", "sentiment": "negative", "time": "Tue Nov 29 15:17:02 +0000 2016"}
{"polarity": 0.4583333333333333, "location": "Atlanta, GA", "sentiment": "positive", "time": "Tue Nov 29 15:17:03 +0000 2016"}
{"polarity": 0.0, "location": "Boston, MA", "sentiment": "neutral", "time": "Tue Nov 29 15:17:04 +0000 2016"}
{"polarity": 0.6, "location": "New York, NY", "sentiment": "positive", "time": "Tue Nov 29 15:17:07 +0000 2016"}
{"polarity": 0.0, "location": "Seattle, WA", "sentiment": "neutral", "time": "Tue Nov 29 15:17:11 +0000 2016"}
{"polarity": 0.0, "location": "San Diego, CA", "sentiment": "neutral", "time": "Tue Nov 29 15:17:23 +0000 2016"}
{"polarity": 0.0, "location": "Boston, MA", "sentiment": "neutral", "time": "Tue Nov 29 15:17:24 +0000 2016"}
{"polarity": 0.0, "location": "Atlanta, GA", "sentiment": "neutral", "time": "Tue Nov 29 15:17:25 +0000 2016"}
{"polarity": 0.0, "location": "Atlanta, GA", "sentiment": "neutral", "time": "Tue Nov 29 15:17:32 +0000 2016"}
{"polarity": 0.0, "location": "Seattle, WA", "sentiment": "neutral", "time": "Tue Nov 29 15:17:38 +0000 2016"}
{"polarity": 0.05000000000000001, "location": "Portland, OR", "sentiment": "positive", "time": "Tue Nov 29 15:17:42 +0000 2016"}
{"polarity": 0.25, "location": "Seattle, WA", "sentiment": "positive", "time": "Tue Nov 29 15:17:48 +0000 2016"}
{"polarity": 0.6583333333333333, "location": "Boston, MA", "sentiment": "positive", "time": "Tue Nov 29 15:17:48 +0000 2016"}
{"polarity": 0.0, "location": "Phoenix, AZ", "sentiment": "neutral", "time": "Tue Nov 29 15:17:52 +0000 2016"}
{"polarity": 0.0, "location": "Atlanta, GA", "sentiment": "neutral", "time": "Tue Nov 29 15:17:55 +0000 2016"}
{"polarity": 0.5, "location": "Seattle, WA", "sentiment": "positive", "time": "Tue Nov 29 15:17:58 +0000 2016"}
{"polarity": 0.55, "location": "New York, NY", "sentiment": "positive", "time": "Tue Nov 29 15:12:02 +0000 2016"}
{"polarity": 0.8, "location": "San Diego, CA", "sentiment": "positive", "time": "Tue Nov 29 15:12:09 +0000 2016"}
{"polarity": 0.1, "location": "Atlanta, GA", "sentiment": "positive", "time": "Tue Nov 29 15:12:10 +0000 2016"}
{"polarity": 0.0, "location": "Boston, MA", "sentiment": "neutral", "time": "Tue Nov 29 15:12:10 +0000 2016"}
{"polarity": 0.0, "location": "Orlando, FL", "sentiment": "neutral", "time": "Tue Nov 29 15:12:18 +0000 2016"}
{"polarity": 0.16666666666666666, "location": "Seattle, WA", "sentiment": "positive", "time": "Tue Nov 29 15:12:36 +0000 2016"}
{"polarity": 0.0, "location": "Atlanta, GA", "sentiment": "neutral", "time": "Tue Nov 29 15:12:38 +0000 2016"}
{"polarity": 0.278125, "location": "Orlando, FL", "sentiment": "positive", "time": "Tue Nov 29 15:12:40 +0000 2016"}
{"polarity": 0.0, "location": "Boston, MA", "sentiment": "neutral", "time": "Tue Nov 29 15:12:53 +0000 2016"}
{"polarity": -0.25, "location": "Portland, OR", "sentiment": "negative", "time": "Tue Nov 29 15:29:04 +0000 2016"}
{"polarity": 0.0, "location": "Orlando, FL", "sentiment": "neutral", "time": "Tue Nov 29 15:29:05 +0000 2016"}
{"polarity": 0.7, "location": "Atlanta, GA", "sentiment": "positive", "time": "Tue Nov 29 15:29:15 +0000 2016"}
{"polarity": 0.45, "location": "New York, NY", "sentiment": "positive", "time": "Tue Nov 29 15:29:19 +0000 2016"}
{"polarity": 0.0, "location": "Orlando, FL", "sentiment": "neutral", "time": "Tue Nov 29 15:29:20 +0000 2016"}
{"polarity": 0.0, "location": "Phoenix, AZ", "sentiment": "neutral", "time": "Tue Nov 29 15:29:21 +0000 2016"}
{"polarity": 0.0625, "location": "New York, NY", "sentiment": "positive", "time": "Tue Nov 29 15:29:34 +0000 2016"}
{"polarity": 0.0, "location": "New York, NY", "sentiment": "neutral", "time": "Tue Nov 29 15:29:43 +0000 2016"}
{"polarity": 0.0, "location": "New York, NY", "sentiment": "neutral", "time": "Tue Nov 29 15:29:45 +0000 2016"}
{"polarity": 0.0, "location": "New York, NY", "sentiment": "neutral", "time": "Tue Nov 29 15:29:47 +0000 2016"}
{"polarity": 0.0, "location": "Phoenix, AZ", "sentiment": "neutral", "time": "Tue Nov 29 15:29:49 +0000 2016"}
{"polarity": 0.0, "location": "San Diego, CA", "sentiment": "neutral", "time": "Tue Nov 29 15:29:52 +0000 2016"}
{"polarity": -0.8, "location": "Phoenix, AZ", "sentiment": "negative", "time": "Tue Nov 29 15:29:57 +0000 2016"}
{"polarity": 0.0, "location": "New York, NY", "sentiment": "neutral", "time": "Tue Nov 29 15:18:00 +0000 2016"}
{"polarity": 0.5166666666666667, "location": "New York, NY", "sentiment": "positive", "time": "Tue Nov 29 15:18:07 +0000 2016"}
{"polarity": -0.30625, "location": "Orlando, FL", "sentiment": "negative", "time": "Tue Nov 29 15:18:24 +0000 2016"}
{"polarity": 0.5, "location": "St. Louis, MO", "sentiment": "positive", "time": "Tue Nov 29 15:18:28 +0000 2016"}
{"polarity": 0.45, "location": "New York, NY", "sentiment": "positive", "time": "Tue Nov 29 15:18:32 +0000 2016"}
{"polarity": 0.0, "location": "Orlando, FL", "sentiment": "neutral", "time": "Tue Nov 29 15:18:41 +0000 2016"}
{"polarity": 0.0, "location": "Atlanta, GA", "sentiment": "neutral", "time": "Tue Nov 29 15:18:48 +0000 2016"}
{"polarity": 0.0, "location": "San Diego, CA", "sentiment": "neutral", "time": "Tue Nov 29 15:46:01 +0000 2016"}
{"polarity": -0.3333333333333333, "location": "Portland, OR", "sentiment": "negative", "time": "Tue Nov 29 15:46:04 +0000 2016"}
{"polarity": 0.4, "location": "Boston, MA", "sentiment": "positive", "time": "Tue Nov 29 15:46:04 +0000 2016"}
{"polarity": 0.05000000000000001, "location": "San Diego, CA", "sentiment": "positive", "time": "Tue Nov 29 15:46:02 +0000 2016"}
{"polarity": -0.2, "location": "Portland, OR", "sentiment": "negative", "time": "Tue Nov 29 15:46:04 +0000 2016"}
{"polarity": 0.4, "location": "Seattle, WA", "sentiment": "positive", "time": "Tue Nov 29 15:46:05 +0000 2016"}
{"polarity": -0.3333333333333333, "location": "New York, NY", "sentiment": "negative", "time": "Tue Nov 29 15:46:05 +0000 2016"}
{"polarity": -0.05, "location": "Boston, MA", "sentiment": "negative", "time": "Tue Nov 29 15:46:04 +0000 2016"}
{"polarity": -0.05, "location": "Boston, MA", "sentiment": "negative", "time": "Tue Nov 29 15:46:04 +0000 2016"}
{"polarity": 0.4375, "location": "New York, NY", "sentiment": "positive", "time": "Tue Nov 29 15:46:10 +0000 2016"}
{"polarity": -0.3875, "location": "Boston, MA", "sentiment": "negative", "time": "Tue Nov 29 15:46:13 +0000 2016"}
{"polarity": -0.4, "location": "Boston, MA", "sentiment": "negative", "time": "Tue Nov 29 15:46:15 +0000 2016"}
{"polarity": 0.0, "location": "Boston, MA", "sentiment": "neutral", "time": "Tue Nov 29 15:46:17 +0000 2016"}
{"polarity": 0.06818181818181818, "location": "Boston, MA", "sentiment": "positive", "time": "Tue Nov 29 15:46:39 +0000 2016"}
{"polarity": -0.3888888888888889, "location": "Atlanta, GA", "sentiment": "negative", "time": "Tue Nov 29 15:46:44 +0000 2016"}
{"polarity": 0.22500000000000003, "location": "New York, NY", "sentiment": "positive", "time": "Tue Nov 29 15:46:47 +0000 2016"}
{"polarity": 0.4, "location": "Orlando, FL", "sentiment": "positive", "time": "Tue Nov 29 15:46:56 +0000 2016"}
{"polarity": 0.2, "location": "Boston, MA", "sentiment": "positive", "time": "Tue Nov 29 15:46:58 +0000 2016"}
{"polarity": 0.2, "location": "Orlando, FL", "sentiment": "positive", "time": "Tue Nov 29 15:00:00 +0000 2016"}
{"polarity": 0.0, "location": "Seattle, WA", "sentiment": "neutral", "time": "Tue Nov 29 15:00:02 +0000 2016"}
{"polarity": 0.0, "location": "Boston, MA", "sentiment": "neutral", "time": "Tue Nov 29 15:00:04 +0000 2016"}
{"polarity": -0.125, "location": "St. Louis, MO", "sentiment": "negative", "time": "Tue Nov 29 15:00:05 +0000 2016"}
{"polarity": 0.1, "location": "Phoenix, AZ", "sentiment": "positive", "time": "Tue Nov 29 15:00:05 +0000 2016"}
{"polarity": 0.0, "location": "Seattle, WA", "sentiment": "neutral", "time": "Tue Nov 29 15:00:08 +0000 2016"}
{"polarity": 0.0, "location": "Seattle, WA", "sentiment": "neutral", "time": "Tue Nov 29 15:00:11 +0000 2016"}
{"polarity": 0.0, "location": "Atlanta, GA", "sentiment": "neutral", "time": "Tue Nov 29 15:00:17 +0000 2016"}
{"polarity": 0.3555555555555556, "location": "Boston, MA", "sentiment": "positive", "time": "Tue Nov 29 15:00:19 +0000 2016"}
{"polarity": 0.0, "location": "Boston, MA", "sentiment": "neutral", "time": "Tue Nov 29 15:00:33 +0000 2016"}
{"polarity": 0.5, "location": "New York, NY", "sentiment": "positive", "time": "Tue Nov 29 15:00:44 +0000 2016"}
{"polarity": 0.0, "location": "Atlanta, GA", "sentiment": "neutral", "time": "Tue Nov 29 15:00:46 +0000 2016"}
{"polarity": 0.3, "location": "Atlanta, GA", "sentiment": "positive", "time": "Tue Nov 29 15:00:48 +0000 2016"}
{"polarity": 0.0, "location": "Atlanta, GA", "sentiment": "neutral", "time": "Tue Nov 29 15:00:57 +0000 2016"}
{"polarity": -0.1, "location": "Seattle, WA", "sentiment": "negative", "time": "Tue Nov 29 15:34:18 +0000 2016"}
{"polarity": 0.0, "location": "Boston, MA", "sentiment": "neutral", "time": "Tue Nov 29 15:34:35 +0000 2016"}
{"polarity": 0.0, "location": "Atlanta, GA", "sentiment": "neutral", "time": "Tue Nov 29 15:34:36 +0000 2016"}
{"polarity": 0.2, "location": "Boston, MA", "sentiment": "positive", "time": "Tue Nov 29 15:34:54 +0000 2016"}
{"polarity": 0.0, "location": "Boston, MA", "sentiment": "neutral", "time": "Tue Nov 29 15:34:56 +0000 2016"}
{"polarity": 0.2, "location": "Seattle, WA", "sentiment": "positive", "time": "Tue Nov 29 15:34:57 +0000 2016"}
{"polarity": 0.5, "location": "Orlando, FL", "sentiment": "positive", "time": "Tue Nov 29 15:05:01 +0000 2016"}
{"polarity": 0.0, "location": "Boston, MA", "sentiment": "neutral", "time": "Tue Nov 29 15:05:02 +0000 2016"}
{"polarity": 0.0, "location": "Orlando, FL", "sentiment": "neutral", "time": "Tue Nov 29 15:05:02 +0000 2016"}
{"polarity": 0.0, "location": "Boston, MA", "sentiment": "neutral", "time": "Tue Nov 29 15:05:02 +0000 2016"}
{"polarity": -0.4, "location": "New York, NY", "sentiment": "negative", "time": "Tue Nov 29 15:05:05 +0000 2016"}
{"polarity": 0.0, "location": "Atlanta, GA", "sentiment": "neutral", "time": "Tue Nov 29 15:05:08 +0000 2016"}
{"polarity": 0.0, "location": "New York, NY", "sentiment": "neutral", "time": "Tue Nov 29 15:05:09 +0000 2016"}
{"polarity": 0.22499999999999998, "location": "Boston, MA", "sentiment": "positive", "time": "Tue Nov 29 15:05:20 +0000 2016"}
{"polarity": 0.0, "location": "Portland, OR", "sentiment": "neutral", "time": "Tue Nov 29 15:05:24 +0000 2016"}
{"polarity": 0.0, "location": "Portland, OR", "sentiment": "neutral", "time": "Tue Nov 29 15:05:31 +0000 2016"}
{"polarity": 0.0, "location": "Atlanta, GA", "sentiment": "neutral", "time": "Tue Nov 29 15:05:40 +0000 2016"}
{"polarity": 0.0, "location": "San Diego, CA", "sentiment": "neutral", "time": "Tue Nov 29 15:05:54 +0000 2016"}
{"polarity": 0.0, "location": "Kansas City, KS", "sentiment": "neutral", "time": "Tue Nov 29 15:05:58 +0000 2016"}
{"polarity": 0.17045454545454544, "location": "New York, NY", "sentiment": "positive", "time": "Tue Nov 29 15:11:05 +0000 2016"}
{"polarity": 0.0, "location": "Phoenix, AZ", "sentiment": "neutral", "time": "Tue Nov 29 15:11:07 +0000 2016"}
{"polarity": 0.7, "location": "New York, NY", "sentiment": "positive", "time": "Tue Nov 29 15:11:08 +0000 2016"}
{"polarity": 0.2, "location": "Seattle, WA", "sentiment": "positive", "time": "Tue Nov 29 15:11:11 +0000 2016"}
{"polarity": 0.3181818181818182, "location": "San Diego, CA", "sentiment": "positive", "time": "Tue Nov 29 15:11:11 +0000 2016"}
{"polarity": 0.125, "location": "Atlanta, GA", "sentiment": "positive", "time": "Tue Nov 29 15:11:15 +0000 2016"}
{"polarity": 0.0, "location": "Atlanta, GA", "sentiment": "neutral", "time": "Tue Nov 29 15:11:17 +0000 2016"}
{"polarity": 0.75, "location": "San Diego, CA", "sentiment": "positive", "time": "Tue Nov 29 15:11:20 +0000 2016"}
{"polarity": 0.5, "location": "New York, NY", "sentiment": "positive", "time": "Tue Nov 29 15:11:36 +0000 2016"}
{"polarity": 0.0, "location": "Phoenix, AZ", "sentiment": "neutral", "time": "Tue Nov 29 15:11:42 +0000 2016"}
{"polarity": -0.6, "location": "Atlanta, GA", "sentiment": "negative", "time": "Tue Nov 29 15:11:44 +0000 2016"}
{"polarity": 0.04999999999999999, "location": "San Diego, CA", "sentiment": "positive", "time": "Tue Nov 29 15:11:45 +0000 2016"}
{"polarity": 0.0, "location": "Atlanta, GA", "sentiment": "neutral", "time": "Tue Nov 29 15:11:45 +0000 2016"}
{"polarity": 0.0, "location": "New York, NY", "sentiment": "neutral", "time": "Tue Nov 29 15:11:53 +0000 2016"}
{"polarity": 0.0, "location": "Atlanta, GA", "sentiment": "neutral", "time": "Tue Nov 29 15:11:55 +0000 2016"}
{"polarity": 0.0, "location": "Atlanta, GA", "sentiment": "neutral", "time": "Tue Nov 29 15:11:58 +0000 2016"}
{"polarity": 0.0, "location": "Atlanta, GA", "sentiment": "neutral", "time": "Tue Nov 29 15:56:09 +0000 2016"}
{"polarity": -0.2, "location": "Atlanta, GA", "sentiment": "negative", "time": "Tue Nov 29 15:56:15 +0000 2016"}
{"polarity": 0.21227272727272725, "location": "Seattle, WA", "sentiment": "positive", "time": "Tue Nov 29 15:56:17 +0000 2016"}
{"polarity": 0.0, "location": "Portland, OR", "sentiment": "neutral", "time": "Tue Nov 29 15:56:24 +0000 2016"}
{"polarity": 0.0, "location": "Seattle, WA", "sentiment": "neutral", "time": "Tue Nov 29 15:56:32 +0000 2016"}
{"polarity": 0.0, "location": "New York, NY", "sentiment": "neutral", "time": "Tue Nov 29 15:56:37 +0000 2016"}
{"polarity": 0.425, "location": "New York, NY", "sentiment": "positive", "time": "Tue Nov 29 15:56:45 +0000 2016"}
{"polarity": 0.7, "location": "Boston, MA", "sentiment": "positive", "time": "Tue Nov 29 15:56:53 +0000 2016"}
{"polarity": 0.0, "location": "San Diego, CA", "sentiment": "neutral", "time": "Tue Nov 29 15:47:08 +0000 2016"}
{"polarity": 0.0, "location": "Boston, MA", "sentiment": "neutral", "time": "Tue Nov 29 15:47:08 +0000 2016"}
{"polarity": 0.0666666666666667, "location": "Boston, MA", "sentiment": "positive", "time": "Tue Nov 29 15:47:25 +0000 2016"}
{"polarity": 0.625, "location": "New York, NY", "sentiment": "positive", "time": "Tue Nov 29 15:47:32 +0000 2016"}
{"polarity": 0.0, "location": "San Diego, CA", "sentiment": "neutral", "time": "Tue Nov 29 15:47:32 +0000 2016"}
{"polarity": 0.13636363636363635, "location": "Atlanta, GA", "sentiment": "positive", "time": "Tue Nov 29 15:47:33 +0000 2016"}
{"polarity": 0.13861111111111113, "location": "New York, NY", "sentiment": "positive", "time": "Tue Nov 29 15:47:37 +0000 2016"}
{"polarity": 0.0, "location": "Seattle, WA", "sentiment": "neutral", "time": "Tue Nov 29 15:47:37 +0000 2016"}
{"polarity": 1.0, "location": "Atlanta, GA", "sentiment": "positive", "time": "Tue Nov 29 15:47:40 +0000 2016"}
{"polarity": 0.8, "location": "Seattle, WA", "sentiment": "positive", "time": "Tue Nov 29 15:47:40 +0000 2016"}
{"polarity": 0.0, "location": "San Diego, CA", "sentiment": "neutral", "time": "Tue Nov 29 15:47:51 +0000 2016"}
{"polarity": 0.0, "location": "Phoenix, AZ", "sentiment": "neutral", "time": "Tue Nov 29 15:47:52 +0000 2016"}
{"polarity": -0.2916666666666667, "location": "New York, NY", "sentiment": "negative", "time": "Tue Nov 29 15:47:52 +0000 2016"}
{"polarity": 0.3125, "location": "Boston, MA", "sentiment": "positive", "time": "Tue Nov 29 15:52:03 +0000 2016"}
{"polarity": 0.2814814814814815, "location": "San Diego, CA", "sentiment": "positive", "time": "Tue Nov 29 15:52:09 +0000 2016"}
{"polarity": 0.0, "location": "Atlanta, GA", "sentiment": "neutral", "time": "Tue Nov 29 15:52:12 +0000 2016"}
{"polarity": 0.0, "location": "Boston, MA", "sentiment": "neutral", "time": "Tue Nov 29 15:52:15 +0000 2016"}
{"polarity": 0.3, "location": "Boston, MA", "sentiment": "positive", "time": "Tue Nov 29 15:52:15 +0000 2016"}
{"polarity": 0.0, "location": "Seattle, WA", "sentiment": "neutral", "time": "Tue Nov 29 15:52:23 +0000 2016"}
{"polarity": -0.6, "location": "San Diego, CA", "sentiment": "negative", "time": "Tue Nov 29 15:52:28 +0000 2016"}
{"polarity": 0.0, "location": "Orlando, FL", "sentiment": "neutral", "time": "Tue Nov 29 15:52:29 +0000 2016"}
{"polarity": 0.0, "location": "Boston, MA", "sentiment": "neutral", "time": "Tue Nov 29 15:52:30 +0000 2016"}
{"polarity": 0.13636363636363635, "location": "New York, NY", "sentiment": "positive", "time": "Tue Nov 29 15:52:38 +0000 2016"}
{"polarity": 0.0, "location": "Seattle, WA", "sentiment": "neutral", "time": "Tue Nov 29 15:52:40 +0000 2016"}
{"polarity": 0.2, "location": "Phoenix, AZ", "sentiment": "positive", "time": "Tue Nov 29 15:53:03 +0000 2016"}
{"polarity": 0.0, "location": "Seattle, WA", "sentiment": "neutral", "time": "Tue Nov 29 15:53:04 +0000 2016"}
{"polarity": -0.23999999999999994, "location": "Atlanta, GA", "sentiment": "negative", "time": "Tue Nov 29 15:53:05 +0000 2016"}
{"polarity": 0.0, "location": "San Diego, CA", "sentiment": "neutral", "time": "Tue Nov 29 15:53:08 +0000 2016"}
{"polarity": 0.25, "location": "Boston, MA", "sentiment": "positive", "time": "Tue Nov 29 15:53:09 +0000 2016"}
{"polarity": -0.0625, "location": "Seattle, WA", "sentiment": "negative", "time": "Tue Nov 29 15:53:20 +0000 2016"}
{"polarity": 0.1875, "location": "New York, NY", "sentiment": "positive", "time": "Tue Nov 29 15:53:35 +0000 2016"}
{"polarity": 0.25, "location": "New York, NY", "sentiment": "positive", "time": "Tue Nov 29 15:53:42 +0000 2016"}
{"polarity": 0.4681818181818182, "location": "Atlanta, GA", "sentiment": "positive", "time": "Tue Nov 29 15:53:43 +0000 2016"}
{"polarity": 0.0, "location": "Seattle, WA", "sentiment": "neutral", "time": "Tue Nov 29 15:02:04 +0000 2016"}
{"polarity": 0.0, "location": "New York, NY", "sentiment": "neutral", "time": "Tue Nov 29 15:02:07 +0000 2016"}
{"polarity": 0.2940340909090909, "location": "Portland, OR", "sentiment": "positive", "time": "Tue Nov 29 15:02:12 +0000 2016"}
{"polarity": 0.0, "location": "Atlanta, GA", "sentiment": "neutral", "time": "Tue Nov 29 15:02:13 +0000 2016"}
{"polarity": 0.0, "location": "New York, NY", "sentiment": "neutral", "time": "Tue Nov 29 15:02:16 +0000 2016"}
{"polarity": 0.0, "location": "Atlanta, GA", "sentiment": "neutral", "time": "Tue Nov 29 15:02:23 +0000 2016"}
{"polarity": 0.7, "location": "Atlanta, GA", "sentiment": "positive", "time": "Tue Nov 29 15:02:43 +0000 2016"}
{"polarity": 0.0, "location": "Orlando, FL", "sentiment": "neutral", "time": "Tue Nov 29 15:02:50 +0000 2016"}
{"polarity": 0.0, "location": "New York, NY", "sentiment": "neutral", "time": "Tue Nov 29 15:02:51 +0000 2016"}
{"polarity": 0.0, "location": "New York, NY", "sentiment": "neutral", "time": "Tue Nov 29 15:02:51 +0000 2016"}
{"polarity": 0.0, "location": "San Diego, CA", "sentiment": "neutral", "time": "Tue Nov 29 15:02:54 +0000 2016"}
{"polarity": 0.0, "location": "New York, NY", "sentiment": "neutral", "time": "Tue Nov 29 15:48:12 +0000 2016"}
{"polarity": 0.0, "location": "Atlanta, GA", "sentiment": "neutral", "time": "Tue Nov 29 15:48:22 +0000 2016"}
{"polarity": 0.3333333333333333, "location": "New York, NY", "sentiment": "positive", "time": "Tue Nov 29 15:48:24 +0000 2016"}
{"polarity": 0.0, "location": "Boston, MA", "sentiment": "neutral", "time": "Tue Nov 29 15:48:33 +0000 2016"}
{"polarity": 0.0, "location": "Atlanta, GA", "sentiment": "neutral", "time": "Tue Nov 29 15:48:46 +0000 2016"}
{"polarity": 0.0, "location": "Orlando, FL", "sentiment": "neutral", "time": "Tue Nov 29 15:48:57 +0000 2016"}
{"polarity": 0.0, "location": "Atlanta, GA", "sentiment": "neutral", "time": "Tue Nov 29 15:25:07 +0000 2016"}
{"polarity": 0.16, "location": "Atlanta, GA", "sentiment": "positive", "time": "Tue Nov 29 15:25:17 +0000 2016"}
{"polarity": 0.0, "location": "Atlanta, GA", "sentiment": "neutral", "time": "Tue Nov 29 15:25:21 +0000 2016"}
{"polarity": -0.025000000000000022, "location": "San Diego, CA", "sentiment": "negative", "time": "Tue Nov 29 15:25:23 +0000 2016"}
{"polarity": 0.0, "location": "San Diego, CA", "sentiment": "neutral", "time": "Tue Nov 29 15:25:25 +0000 2016"}
{"polarity": 0.0, "location": "Orlando, FL", "sentiment": "neutral", "time": "Tue Nov 29 15:25:29 +0000 2016"}
{"polarity": -0.2, "location": "San Diego, CA", "sentiment": "negative", "time": "Tue Nov 29 15:25:35 +0000 2016"}
{"polarity": 0.0, "location": "Orlando, FL", "sentiment": "neutral", "time": "Tue Nov 29 15:25:40 +0000 2016"}
{"polarity": 0.20625, "location": "Atlanta, GA", "sentiment": "positive", "time": "Tue Nov 29 15:25:43 +0000 2016"}
{"polarity": -0.2875, "location": "San Diego, CA", "sentiment": "negative", "time": "Tue Nov 29 15:25:44 +0000 2016"}
{"polarity": 1.0, "location": "San Diego, CA", "sentiment": "positive", "time": "Tue Nov 29 15:25:46 +0000 2016"}
{"polarity": 0.0, "location": "Atlanta, GA", "sentiment": "neutral", "time": "Tue Nov 29 15:25:49 +0000 2016"}
{"polarity": 0.8, "location": "Atlanta, GA", "sentiment": "positive", "time": "Tue Nov 29 15:25:55 +0000 2016"}
{"polarity": 0.5, "location": "Orlando, FL", "sentiment": "positive", "time": "Tue Nov 29 15:25:56 +0000 2016"}
{"polarity": 0.7, "location": "San Diego, CA", "sentiment": "positive", "time": "Tue Nov 29 15:16:03 +0000 2016"}
{"polarity": 0.13636363636363635, "location": "San Diego, CA", "sentiment": "positive", "time": "Tue Nov 29 15:16:08 +0000 2016"}
{"polarity": 0.0, "location": "Orlando, FL", "sentiment": "neutral", "time": "Tue Nov 29 15:16:08 +0000 2016"}
{"polarity": 0.25, "location": "San Diego, CA", "sentiment": "positive", "time": "Tue Nov 29 15:16:15 +0000 2016"}
{"polarity": -0.25, "location": "Phoenix, AZ", "sentiment": "negative", "time": "Tue Nov 29 15:16:16 +0000 2016"}
{"polarity": 0.0, "location": "Phoenix, AZ", "sentiment": "neutral", "time": "Tue Nov 29 15:16:21 +0000 2016"}
{"polarity": 0.13636363636363635, "location": "Portland, OR", "sentiment": "positive", "time": "Tue Nov 29 15:16:29 +0000 2016"}
{"polarity": 0.0, "location": "Atlanta, GA", "sentiment": "neutral", "time": "Tue Nov 29 15:16:29 +0000 2016"}
{"polarity": -0.2, "location": "Boston, MA", "sentiment": "negative", "time": "Tue Nov 29 15:16:30 +0000 2016"}
{"polarity": 0.0, "location": "Atlanta, GA", "sentiment": "neutral", "time": "Tue Nov 29 15:16:31 +0000 2016"}
{"polarity": 0.0, "location": "Atlanta, GA", "sentiment": "neutral", "time": "Tue Nov 29 15:16:33 +0000 2016"}
{"polarity": 0.325, "location": "Atlanta, GA", "sentiment": "positive", "time": "Tue Nov 29 15:16:38 +0000 2016"}
{"polarity": -0.4, "location": "New York, NY", "sentiment": "negative", "time": "Tue Nov 29 15:16:42 +0000 2016"}
{"polarity": -0.15000000000000002, "location": "Atlanta, GA", "sentiment": "negative", "time": "Tue Nov 29 15:16:51 +0000 2016"}
{"polarity": 0.2, "location": "Orlando, FL", "sentiment": "positive", "time": "Tue Nov 29 15:16:53 +0000 2016"}
{"polarity": 0.4833333333333334, "location": "New York, NY", "sentiment": "positive", "time": "Tue Nov 29 15:14:14 +0000 2016"}
{"polarity": -0.2, "location": "Atlanta, GA", "sentiment": "negative", "time": "Tue Nov 29 15:14:16 +0000 2016"}
{"polarity": 0.0, "location": "Atlanta, GA", "sentiment": "neutral", "time": "Tue Nov 29 15:14:18 +0000 2016"}
{"polarity": 0.0, "location": "Phoenix, AZ", "sentiment": "neutral", "time": "Tue Nov 29 15:14:24 +0000 2016"}
{"polarity": 0.13636363636363635, "location": "Phoenix, AZ", "sentiment": "positive", "time": "Tue Nov 29 15:14:41 +0000 2016"}
{"polarity": 1.0, "location": "San Diego, CA", "sentiment": "positive", "time": "Tue Nov 29 15:14:44 +0000 2016"}
{"polarity": 0.0, "location": "Seattle, WA", "sentiment": "neutral", "time": "Tue Nov 29 15:14:44 +0000 2016"}
{"polarity": 0.05, "location": "Orlando, FL", "sentiment": "positive", "time": "Tue Nov 29 15:14:58 +0000 2016"}
{"polarity": 0.0, "location": "Atlanta, GA", "sentiment": "neutral", "time": "Tue Nov 29 15:14:58 +0000 2016"}
{"polarity": 0.0, "location": "New York, NY", "sentiment": "neutral", "time": "Tue Nov 29 15:23:01 +0000 2016"}
{"polarity": 0.0, "location": "Seattle, WA", "sentiment": "neutral", "time": "Tue Nov 29 15:23:01 +0000 2016"}
{"polarity": 0.0, "location": "New York, NY", "sentiment": "neutral", "time": "Tue Nov 29 15:23:04 +0000 2016"}
{"polarity": 0.2, "location": "Portland, OR", "sentiment": "positive", "time": "Tue Nov 29 15:23:04 +0000 2016"}
{"polarity": -0.75, "location": "Atlanta, GA", "sentiment": "negative", "time": "Tue Nov 29 15:23:08 +0000 2016"}
{"polarity": 0.0, "location": "Boston, MA", "sentiment": "neutral", "time": "Tue Nov 29 15:23:18 +0000 2016"}
{"polarity": 0.05568181818181818, "location": "New York, NY", "sentiment": "positive", "time": "Tue Nov 29 15:23:20 +0000 2016"}
{"polarity": -0.2, "location": "Atlanta, GA", "sentiment": "negative", "time": "Tue Nov 29 15:23:29 +0000 2016"}
{"polarity": 0.0, "location": "Atlanta, GA", "sentiment": "neutral", "time": "Tue Nov 29 15:23:32 +0000 2016"}
{"polarity": 0.13636363636363635, "location": "Atlanta, GA", "sentiment": "positive", "time": "Tue Nov 29 15:23:35 +0000 2016"}
{"polarity": 0.02777777777777779, "location": "Atlanta, GA", "sentiment": "positive", "time": "Tue Nov 29 15:23:37 +0000 2016"}
{"polarity": 0.0, "location": "New York, NY", "sentiment": "neutral", "time": "Tue Nov 29 15:23:38 +0000 2016"}
{"polarity": 0.5, "location": "Atlanta, GA", "sentiment": "positive", "time": "Tue Nov 29 15:23:42 +0000 2016"}
{"polarity": 1.0, "location": "New York, NY", "sentiment": "positive", "time": "Tue Nov 29 15:23:47 +0000 2016"}
{"polarity": 0.0, "location": "New York, NY", "sentiment": "neutral", "time": "Tue Nov 29 15:23:59 +0000 2016"}
{"polarity": 0.13636363636363635, "location": "New York, NY", "sentiment": "positive", "time": "Tue Nov 29 15:07:02 +0000 2016"}
{"polarity": -0.25, "location": "Orlando, FL", "sentiment": "negative", "time": "Tue Nov 29 15:07:04 +0000 2016"}
{"polarity": 0.1619047619047619, "location": "Orlando, FL", "sentiment": "positive", "time": "Tue Nov 29 15:07:05 +0000 2016"}
{"polarity": 0.0, "location": "New York, NY", "sentiment": "neutral", "time": "Tue Nov 29 15:07:06 +0000 2016"}
{"polarity": 0.16666666666666669, "location": "New York, NY", "sentiment": "positive", "time": "Tue Nov 29 15:07:06 +0000 2016"}
{"polarity": 0.0, "location": "New York, NY", "sentiment": "neutral", "time": "Tue Nov 29 15:07:15 +0000 2016"}
{"polarity": 0.0, "location": "New York, NY", "sentiment": "neutral", "time": "Tue Nov 29 15:07:19 +0000 2016"}
{"polarity": 0.0, "location": "San Diego, CA", "sentiment": "neutral", "time": "Tue Nov 29 15:07:21 +0000 2016"}
{"polarity": 0.0, "location": "Portland, OR", "sentiment": "neutral", "time": "Tue Nov 29 15:07:34 +0000 2016"}
{"polarity": 0.05555555555555556, "location": "Orlando, FL", "sentiment": "positive", "time": "Tue Nov 29 15:07:36 +0000 2016"}
{"polarity": 0.0, "location": "San Diego, CA", "sentiment": "neutral", "time": "Tue Nov 29 15:07:59 +0000 2016"}
{"polarity": -0.125, "location": "St. Louis, MO", "sentiment": "negative", "time": "Tue Nov 29 15:07:58 +0000 2016"}
{"polarity": -0.15, "location": "San Diego, CA", "sentiment": "negative", "time": "Tue Nov 29 15:07:53 +0000 2016"}
{"polarity": 0.0, "location": "New York, NY", "sentiment": "neutral", "time": "Tue Nov 29 15:51:04 +0000 2016"}
{"polarity": 0.25, "location": "Orlando, FL", "sentiment": "positive", "time": "Tue Nov 29 15:51:24 +0000 2016"}
{"polarity": 0.0, "location": "Seattle, WA", "sentiment": "neutral", "time": "Tue Nov 29 15:51:31 +0000 2016"}
{"polarity": 0.125, "location": "New York, NY", "sentiment": "positive", "time": "Tue Nov 29 15:51:41 +0000 2016"}
{"polarity": 0.0, "location": "Atlanta, GA", "sentiment": "neutral", "time": "Tue Nov 29 15:51:47 +0000 2016"}
{"polarity": 0.0, "location": "Seattle, WA", "sentiment": "neutral", "time": "Tue Nov 29 15:51:51 +0000 2016"}
{"polarity": 0.0, "location": "Orlando, FL", "sentiment": "neutral", "time": "Tue Nov 29 15:30:03 +0000 2016"}
{"polarity": -0.5, "location": "New York, NY", "sentiment": "negative", "time": "Tue Nov 29 15:30:04 +0000 2016"}
{"polarity": -0.07420634920634922, "location": "Atlanta, GA", "sentiment": "negative", "time": "Tue Nov 29 15:30:05 +0000 2016"}
{"polarity": 0.5666666666666667, "location": "Atlanta, GA", "sentiment": "positive", "time": "Tue Nov 29 15:30:05 +0000 2016"}
{"polarity": 0.0, "location": "San Diego, CA", "sentiment": "neutral", "time": "Tue Nov 29 15:30:06 +0000 2016"}
{"polarity": 0.5, "location": "Orlando, FL", "sentiment": "positive", "time": "Tue Nov 29 15:30:12 +0000 2016"}
{"polarity": 0.0, "location": "New York, NY", "sentiment": "neutral", "time": "Tue Nov 29 15:30:14 +0000 2016"}
{"polarity": 0.0, "location": "New York, NY", "sentiment": "neutral", "time": "Tue Nov 29 15:30:16 +0000 2016"}
{"polarity": -0.4, "location": "Boston, MA", "sentiment": "negative", "time": "Tue Nov 29 15:30:21 +0000 2016"}
{"polarity": 0.0, "location": "Atlanta, GA", "sentiment": "neutral", "time": "Tue Nov 29 15:30:25 +0000 2016"}
{"polarity": -0.09999999999999994, "location": "Boston, MA", "sentiment": "negative", "time": "Tue Nov 29 15:30:26 +0000 2016"}
{"polarity": 1.0, "location": "New York, NY", "sentiment": "positive", "time": "Tue Nov 29 15:30:38 +0000 2016"}
{"polarity": 0.0, "location": "New York, NY", "sentiment": "neutral", "time": "Tue Nov 29 15:30:46 +0000 2016"}
{"polarity": 0.1, "location": "Orlando, FL", "sentiment": "positive", "time": "Tue Nov 29 15:30:47 +0000 2016"}
{"polarity": 0.0, "location": "Boston, MA", "sentiment": "neutral", "time": "Tue Nov 29 15:30:48 +0000 2016"}
{"polarity": 0.41666666666666663, "location": "Seattle, WA", "sentiment": "positive", "time": "Tue Nov 29 15:30:51 +0000 2016"}
{"polarity": 0.0, "location": "Atlanta, GA", "sentiment": "neutral", "time": "Tue Nov 29 15:30:53 +0000 2016"}
{"polarity": 0.0, "location": "New York, NY", "sentiment": "neutral", "time": "Tue Nov 29 15:30:56 +0000 2016"}
{"polarity": 0.16666666666666666, "location": "Atlanta, GA", "sentiment": "positive", "time": "Tue Nov 29 15:03:01 +0000 2016"}
{"polarity": 0.0, "location": "Boston, MA", "sentiment": "neutral", "time": "Tue Nov 29 15:03:06 +0000 2016"}
{"polarity": 0.06190476190476191, "location": "New York, NY", "sentiment": "positive", "time": "Tue Nov 29 15:03:09 +0000 2016"}
{"polarity": 0.5, "location": "Phoenix, AZ", "sentiment": "positive", "time": "Tue Nov 29 15:03:10 +0000 2016"}
{"polarity": -0.13333333333333333, "location": "New York, NY", "sentiment": "negative", "time": "Tue Nov 29 15:03:10 +0000 2016"}
{"polarity": 0.0, "location": "New York, NY", "sentiment": "neutral", "time": "Tue Nov 29 15:03:13 +0000 2016"}
{"polarity": -0.21250000000000002, "location": "Phoenix, AZ", "sentiment": "negative", "time": "Tue Nov 29 15:03:16 +0000 2016"}
{"polarity": 0.0, "location": "Phoenix, AZ", "sentiment": "neutral", "time": "Tue Nov 29 15:03:20 +0000 2016"}
{"polarity": 0.38333333333333336, "location": "New York, NY", "sentiment": "positive", "time": "Tue Nov 29 15:03:32 +0000 2016"}
{"polarity": 0.0, "location": "Atlanta, GA", "sentiment": "neutral", "time": "Tue Nov 29 15:03:40 +0000 2016"}
{"polarity": 0.0, "location": "San Diego, CA", "sentiment": "neutral", "time": "Tue Nov 29 15:03:42 +0000 2016"}
{"polarity": -0.5, "location": "Seattle, WA", "sentiment": "negative", "time": "Tue Nov 29 15:03:50 +0000 2016"}
{"polarity": 0.0, "location": "New York, NY", "sentiment": "neutral", "time": "Tue Nov 29 15:03:54 +0000 2016"}
{"polarity": 0.3333333333333333, "location": "New York, NY", "sentiment": "positive", "time": "Tue Nov 29 15:03:57 +0000 2016"}
{"polarity": -0.2, "location": "New York, NY", "sentiment": "negative", "time": "Tue Nov 29 15:40:00 +0000 2016"}
{"polarity": 0.0, "location": "San Diego, CA", "sentiment": "neutral", "time": "Tue Nov 29 15:40:00 +0000 2016"}
{"polarity": 0.0, "location": "Seattle, WA", "sentiment": "neutral", "time": "Tue Nov 29 15:40:02 +0000 2016"}
{"polarity": 0.0, "location": "New York, NY", "sentiment": "neutral", "time": "Tue Nov 29 15:40:03 +0000 2016"}
{"polarity": 0.6, "location": "Atlanta, GA", "sentiment": "positive", "time": "Tue Nov 29 15:40:11 +0000 2016"}
{"polarity": 0.375, "location": "New York, NY", "sentiment": "positive", "time": "Tue Nov 29 15:40:13 +0000 2016"}
{"polarity": 0.0, "location": "Atlanta, GA", "sentiment": "neutral", "time": "Tue Nov 29 15:40:14 +0000 2016"}
{"polarity": 0.8, "location": "New York, NY", "sentiment": "positive", "time": "Tue Nov 29 15:40:17 +0000 2016"}
{"polarity": 0.0, "location": "Atlanta, GA", "sentiment": "neutral", "time": "Tue Nov 29 15:40:18 +0000 2016"}
{"polarity": 0.0, "location": "Atlanta, GA", "sentiment": "neutral", "time": "Tue Nov 29 15:40:22 +0000 2016"}
{"polarity": 0.0, "location": "Boston, MA", "sentiment": "neutral", "time": "Tue Nov 29 15:40:30 +0000 2016"}
{"polarity": 0.125, "location": "Phoenix, AZ", "sentiment": "positive", "time": "Tue Nov 29 15:40:42 +0000 2016"}
{"polarity": 0.0, "location": "New York, NY", "sentiment": "neutral", "time": "Tue Nov 29 15:40:46 +0000 2016"}
{"polarity": 0.5285714285714286, "location": "St. Louis, MO", "sentiment": "positive", "time": "Tue Nov 29 15:40:53 +0000 2016"}
{"polarity": 0.0, "location": "New York, NY", "sentiment": "neutral", "time": "Tue Nov 29 15:08:04 +0000 2016"}
{"polarity": 0.0, "location": "Portland, OR", "sentiment": "neutral", "time": "Tue Nov 29 15:08:14 +0000 2016"}
{"polarity": 0.3125, "location": "New York, NY", "sentiment": "positive", "time": "Tue Nov 29 15:08:21 +0000 2016"}
{"polarity": 0.39999999999999997, "location": "Atlanta, GA", "sentiment": "positive", "time": "Tue Nov 29 15:08:23 +0000 2016"}
{"polarity": 0.0, "location": "Boston, MA", "sentiment": "neutral", "time": "Tue Nov 29 15:08:25 +0000 2016"}
{"polarity": 0.0, "location": "San Diego, CA", "sentiment": "neutral", "time": "Tue Nov 29 15:08:36 +0000 2016"}
{"polarity": 0.0, "location": "New York, NY", "sentiment": "neutral", "time": "Tue Nov 29 15:08:48 +0000 2016"}
{"polarity": 0.0, "location": "Seattle, WA", "sentiment": "neutral", "time": "Tue Nov 29 15:08:50 +0000 2016"}
{"polarity": 0.1, "location": "Atlanta, GA", "sentiment": "positive", "time": "Tue Nov 29 15:08:52 +0000 2016"}
{"polarity": 0.0, "location": "Atlanta, GA", "sentiment": "neutral", "time": "Tue Nov 29 15:08:59 +0000 2016"}
{"polarity": 0.2142857142857143, "location": "Seattle, WA", "sentiment": "positive", "time": "Tue Nov 29 15:08:40 +0000 2016"}
{"polarity": -0.26666666666666666, "location": "Atlanta, GA", "sentiment": "negative", "time": "Tue Nov 29 15:35:02 +0000 2016"}
{"polarity": 0.0, "location": "New York, NY", "sentiment": "neutral", "time": "Tue Nov 29 15:35:19 +0000 2016"}
{"polarity": 0.0, "location": "Portland, OR", "sentiment": "neutral", "time": "Tue Nov 29 15:35:19 +0000 2016"}
{"polarity": 0.0, "location": "New York, NY", "sentiment": "neutral", "time": "Tue Nov 29 15:35:21 +0000 2016"}
{"polarity": 0.15, "location": "San Diego, CA", "sentiment": "positive", "time": "Tue Nov 29 15:35:23 +0000 2016"}
{"polarity": 0.6, "location": "Boston, MA", "sentiment": "positive", "time": "Tue Nov 29 15:35:32 +0000 2016"}
{"polarity": -0.5, "location": "New York, NY", "sentiment": "negative", "time": "Tue Nov 29 15:35:38 +0000 2016"}
{"polarity": 0.5, "location": "Seattle, WA", "sentiment": "positive", "time": "Tue Nov 29 15:35:42 +0000 2016"}
{"polarity": 0.0, "location": "San Diego, CA", "sentiment": "neutral", "time": "Tue Nov 29 15:35:50 +0000 2016"}
{"polarity": 0.5, "location": "Boston, MA", "sentiment": "positive", "time": "Tue Nov 29 15:35:54 +0000 2016"}
{"polarity": -0.6, "location": "New York, NY", "sentiment": "negative", "time": "Tue Nov 29 15:35:57 +0000 2016"}
{"polarity": 0.0, "location": "New York, NY", "sentiment": "neutral", "time": "Tue Nov 29 15:43:00 +0000 2016"}
{"polarity": 0.25, "location": "Seattle, WA", "sentiment": "positive", "time": "Tue Nov 29 15:43:02 +0000 2016"}
{"polarity": 0.2333333333333333, "location": "Atlanta, GA", "sentiment": "positive", "time": "Tue Nov 29 15:43:09 +0000 2016"}
{"polarity": 0.0, "location": "New York, NY", "sentiment": "neutral", "time": "Tue Nov 29 15:43:14 +0000 2016"}
{"polarity": 0.2, "location": "Atlanta, GA", "sentiment": "positive", "time": "Tue Nov 29 15:43:15 +0000 2016"}
{"polarity": -0.15714285714285714, "location": "Orlando, FL", "sentiment": "negative", "time": "Tue Nov 29 15:43:22 +0000 2016"}
{"polarity": 0.0, "location": "New York, NY", "sentiment": "neutral", "time": "Tue Nov 29 15:43:26 +0000 2016"}
{"polarity": -0.3, "location": "Seattle, WA", "sentiment": "negative", "time": "Tue Nov 29 15:43:28 +0000 2016"}
{"polarity": 0.0, "location": "Phoenix, AZ", "sentiment": "neutral", "time": "Tue Nov 29 15:43:30 +0000 2016"}
{"polarity": 0.2090909090909091, "location": "New York, NY", "sentiment": "positive", "time": "Tue Nov 29 15:43:41 +0000 2016"}
{"polarity": 0.0, "location": "San Diego, CA", "sentiment": "neutral", "time": "Tue Nov 29 15:43:42 +0000 2016"}
{"polarity": 0.0, "location": "New York, NY", "sentiment": "neutral", "time": "Tue Nov 29 15:43:43 +0000 2016"}
{"polarity": 0.3, "location": "Atlanta, GA", "sentiment": "positive", "time": "Tue Nov 29 15:43:43 +0000 2016"}
{"polarity": 0.0, "location": "New York, NY", "sentiment": "neutral", "time": "Tue Nov 29 15:43:45 +0000 2016"}
{"polarity": 0.0, "location": "Boston, MA", "sentiment": "neutral", "time": "Tue Nov 29 15:43:49 +0000 2016"}
{"polarity": 0.3, "location": "Seattle, WA", "sentiment": "positive", "time": "Tue Nov 29 15:43:58 +0000 2016"}
{"polarity": 0.0, "location": "Seattle, WA", "sentiment": "neutral", "time": "Tue Nov 29 15:10:00 +0000 2016"}
{"polarity": 0.0, "location": "Seattle, WA", "sentiment": "neutral", "time": "Tue Nov 29 15:10:00 +0000 2016"}
{"polarity": 0.0, "location": "Boston, MA", "sentiment": "neutral", "time": "Tue Nov 29 15:10:05 +0000 2016"}
{"polarity": 0.0, "location": "New York, NY", "sentiment": "neutral", "time": "Tue Nov 29 15:10:15 +0000 2016"}
{"polarity": 0.0, "location": "Seattle, WA", "sentiment": "neutral", "time": "Tue Nov 29 15:10:19 +0000 2016"}
{"polarity": 0.35, "location": "Atlanta, GA", "sentiment": "positive", "time": "Tue Nov 29 15:10:20 +0000 2016"}
{"polarity": -0.2, "location": "New York, NY", "sentiment": "negative", "time": "Tue Nov 29 15:10:20 +0000 2016"}
{"polarity": 0.0, "location": "Orlando, FL", "sentiment": "neutral", "time": "Tue Nov 29 15:10:37 +0000 2016"}
{"polarity": 0.0, "location": "New York, NY", "sentiment": "neutral", "time": "Tue Nov 29 15:10:37 +0000 2016"}
{"polarity": 0.875, "location": "St. Louis, MO", "sentiment": "positive", "time": "Tue Nov 29 15:10:41 +0000 2016"}
{"polarity": 0.0, "location": "Boston, MA", "sentiment": "neutral", "time": "Tue Nov 29 15:10:41 +0000 2016"}
{"polarity": -0.1, "location": "New York, NY", "sentiment": "negative", "time": "Tue Nov 29 15:10:44 +0000 2016"}
{"polarity": 0.5, "location": "Atlanta, GA", "sentiment": "positive", "time": "Tue Nov 29 15:10:49 +0000 2016"}
{"polarity": -0.12380952380952381, "location": "New York, NY", "sentiment": "negative", "time": "Tue Nov 29 15:10:51 +0000 2016"}
{"polarity": 0.20634920634920637, "location": "Portland, OR", "sentiment": "positive", "time": "Tue Nov 29 15:10:57 +0000 2016"}
{"polarity": 0.0, "location": "Boston, MA", "sentiment": "neutral", "time": "Tue Nov 29 15:54:00 +0000 2016"}
{"polarity": 0.0, "location": "San Diego, CA", "sentiment": "neutral", "time": "Tue Nov 29 15:54:02 +0000 2016"}
{"polarity": -0.05, "location": "Boston, MA", "sentiment": "negative", "time": "Tue Nov 29 15:54:07 +0000 2016"}
{"polarity": 0.2, "location": "Atlanta, GA", "sentiment": "positive", "time": "Tue Nov 29 15:54:17 +0000 2016"}
{"polarity": -0.225, "location": "New York, NY", "sentiment": "negative", "time": "Tue Nov 29 15:54:19 +0000 2016"}
{"polarity": 0.25, "location": "Atlanta, GA", "sentiment": "positive", "time": "Tue Nov 29 15:54:21 +0000 2016"}
{"polarity": 0.0, "location": "New York, NY", "sentiment": "neutral", "time": "Tue Nov 29 15:54:41 +0000 2016"}
{"polarity": 0.0, "location": "Atlanta, GA", "sentiment": "neutral", "time": "Tue Nov 29 15:54:41 +0000 2016"}
{"polarity": 0.0, "location": "Phoenix, AZ", "sentiment": "neutral", "time": "Tue Nov 29 15:54:44 +0000 2016"}
{"polarity": 0.0, "location": "New York, NY", "sentiment": "neutral", "time": "Tue Nov 29 15:54:54 +0000 2016"}
{"polarity": 0.0, "location": "Atlanta, GA", "sentiment": "neutral", "time": "Tue Nov 29 15:54:59 +0000 2016"}
{"polarity": -0.10833333333333334, "location": "Phoenix, AZ", "sentiment": "negative", "time": "Tue Nov 29 15:24:05 +0000 2016"}
{"polarity": 0.45, "location": "New York, NY", "sentiment": "positive", "time": "Tue Nov 29 15:24:13 +0000 2016"}
{"polarity": -0.2, "location": "Boston, MA", "sentiment": "negative", "time": "Tue Nov 29 15:24:19 +0000 2016"}
{"polarity": 0.0, "location": "New York, NY", "sentiment": "neutral", "time": "Tue Nov 29 15:24:22 +0000 2016"}
{"polarity": 0.2, "location": "Seattle, WA", "sentiment": "positive", "time": "Tue Nov 29 15:24:24 +0000 2016"}
{"polarity": 0.0, "location": "Orlando, FL", "sentiment": "neutral", "time": "Tue Nov 29 15:24:27 +0000 2016"}
{"polarity": 0.0, "location": "San Diego, CA", "sentiment": "neutral", "time": "Tue Nov 29 15:24:28 +0000 2016"}
{"polarity": 0.2, "location": "Boston, MA", "sentiment": "positive", "time": "Tue Nov 29 15:24:30 +0000 2016"}
{"polarity": 0.0, "location": "San Diego, CA", "sentiment": "neutral", "time": "Tue Nov 29 15:24:35 +0000 2016"}
{"polarity": 0.0, "location": "San Diego, CA", "sentiment": "neutral", "time": "Tue Nov 29 15:24:46 +0000 2016"}
{"polarity": 0.0, "location": "Atlanta, GA", "sentiment": "neutral", "time": "Tue Nov 29 15:24:51 +0000 2016"}
{"polarity": 0.0, "location": "Phoenix, AZ", "sentiment": "neutral", "time": "Tue Nov 29 15:24:53 +0000 2016"}
{"polarity": 0.78, "location": "San Diego, CA", "sentiment": "positive", "time": "Tue Nov 29 15:32:05 +0000 2016"}
{"polarity": 0.0, "location": "Boston, MA", "sentiment": "neutral", "time": "Tue Nov 29 15:32:23 +0000 2016"}
{"polarity": 0.13636363636363635, "location": "New York, NY", "sentiment": "positive", "time": "Tue Nov 29 15:32:25 +0000 2016"}
{"polarity": -0.2, "location": "Seattle, WA", "sentiment": "negative", "time": "Tue Nov 29 15:32:29 +0000 2016"}
{"polarity": 0.0, "location": "Boston, MA", "sentiment": "neutral", "time": "Tue Nov 29 15:32:04 +0000 2016"}
{"polarity": 0.0, "location": "New York, NY", "sentiment": "neutral", "time": "Tue Nov 29 15:32:50 +0000 2016"}
{"polarity": 0.0, "location": "New York, NY", "sentiment": "neutral", "time": "Tue Nov 29 15:32:54 +0000 2016"}
{"polarity": 0.08617424242424242, "location": "Atlanta, GA", "sentiment": "positive", "time": "Tue Nov 29 15:36:01 +0000 2016"}
{"polarity": 1.0, "location": "Phoenix, AZ", "sentiment": "positive", "time": "Tue Nov 29 15:36:02 +0000 2016"}
{"polarity": 0.39999999999999997, "location": "San Diego, CA", "sentiment": "positive", "time": "Tue Nov 29 15:36:07 +0000 2016"}
{"polarity": -0.17083333333333334, "location": "Atlanta, GA", "sentiment": "negative", "time": "Tue Nov 29 15:36:07 +0000 2016"}
{"polarity": 0.5, "location": "San Diego, CA", "sentiment": "positive", "time": "Tue Nov 29 15:36:09 +0000 2016"}
{"polarity": 0.0, "location": "Seattle, WA", "sentiment": "neutral", "time": "Tue Nov 29 15:36:10 +0000 2016"}
{"polarity": 0.0, "location": "Atlanta, GA", "sentiment": "neutral", "time": "Tue Nov 29 15:36:11 +0000 2016"}
{"polarity": 0.05, "location": "Atlanta, GA", "sentiment": "positive", "time": "Tue Nov 29 15:36:13 +0000 2016"}
{"polarity": 0.0, "location": "Seattle, WA", "sentiment": "neutral", "time": "Tue Nov 29 15:36:26 +0000 2016"}
{"polarity": -0.4, "location": "New York, NY", "sentiment": "negative", "time": "Tue Nov 29 15:36:37 +0000 2016"}
{"polarity": -0.2, "location": "New York, NY", "sentiment": "negative", "time": "Tue Nov 29 15:36:45 +0000 2016"}
{"polarity": 0.0, "location": "San Diego, CA", "sentiment": "neutral", "time": "Tue Nov 29 15:36:55 +0000 2016"}
{"polarity": 0.0, "location": "New York, NY", "sentiment": "neutral", "time": "Tue Nov 29 15:36:58 +0000 2016"}
{"polarity": 0.0, "location": "New York, NY", "sentiment": "neutral", "time": "Tue Nov 29 15:01:03 +0000 2016"}
{"polarity": 0.2, "location": "Atlanta, GA", "sentiment": "positive", "time": "Tue Nov 29 15:01:04 +0000 2016"}
{"polarity": 0.25, "location": "New York, NY", "sentiment": "positive", "time": "Tue Nov 29 15:01:13 +0000 2016"}
{"polarity": 0.5, "location": "Phoenix, AZ", "sentiment": "positive", "time": "Tue Nov 29 15:01:13 +0000 2016"}
{"polarity": 0.0, "location": "Orlando, FL", "sentiment": "neutral", "time": "Tue Nov 29 15:01:17 +0000 2016"}
{"polarity": 0.17045454545454544, "location": "New York, NY", "sentiment": "positive", "time": "Tue Nov 29 15:01:26 +0000 2016"}
{"polarity": -0.42500000000000004, "location": "New York, NY", "sentiment": "negative", "time": "Tue Nov 29 15:01:36 +0000 2016"}
{"polarity": 0.15000000000000002, "location": "San Diego, CA", "sentiment": "positive", "time": "Tue Nov 29 15:01:39 +0000 2016"}
{"polarity": 0.0, "location": "New York, NY", "sentiment": "neutral", "time": "Tue Nov 29 15:01:56 +0000 2016"}
{"polarity": 0.0, "location": "New York, NY", "sentiment": "neutral", "time": "Tue Nov 29 15:55:02 +0000 2016"}
{"polarity": 0.32083333333333336, "location": "Seattle, WA", "sentiment": "positive", "time": "Tue Nov 29 15:55:10 +0000 2016"}
{"polarity": 0.0, "location": "New York, NY", "sentiment": "neutral", "time": "Tue Nov 29 15:55:15 +0000 2016"}
{"polarity": 0.4, "location": "New York, NY", "sentiment": "positive", "time": "Tue Nov 29 15:55:16 +0000 2016"}
{"polarity": 0.0, "location": "Portland, OR", "sentiment": "neutral", "time": "Tue Nov 29 15:55:19 +0000 2016"}
{"polarity": 0.0, "location": "Atlanta, GA", "sentiment": "neutral", "time": "Tue Nov 29 15:55:22 +0000 2016"}
{"polarity": 0.0, "location": "New York, NY", "sentiment": "neutral", "time": "Tue Nov 29 15:55:31 +0000 2016"}
{"polarity": 0.0, "location": "San Diego, CA", "sentiment": "neutral", "time": "Tue Nov 29 15:55:32 +0000 2016"}
{"polarity": 0.0, "location": "Atlanta, GA", "sentiment": "neutral", "time": "Tue Nov 29 15:55:35 +0000 2016"}
{"polarity": 0.0, "location": "Orlando, FL", "sentiment": "neutral", "time": "Tue Nov 29 15:55:41 +0000 2016"}
{"polarity": 0.08148148148148149, "location": "Boston, MA", "sentiment": "positive", "time": "Tue Nov 29 15:55:42 +0000 2016"}
{"polarity": 0.0, "location": "Seattle, WA", "sentiment": "neutral", "time": "Tue Nov 29 15:55:44 +0000 2016"}
