{"polarity": 0.0, "location": "Phoenix, AZ", "sentiment": "neutral", "time": "Mon Nov 07 04:48:03 +0000 2016"}
{"polarity": 0.0, "location": "Atlanta, GA", "sentiment": "neutral", "time": "Mon Nov 07 04:48:11 +0000 2016"}
{"polarity": 0.0, "location": "Atlanta, GA", "sentiment": "neutral", "time": "Mon Nov 07 04:48:26 +0000 2016"}
{"polarity": 0.0, "location": "Seattle, WA", "sentiment": "neutral", "time": "Mon Nov 07 04:48:37 +0000 2016"}
{"polarity": 0.0, "location": "Atlanta, GA", "sentiment": "neutral", "time": "Mon Nov 07 04:48:50 +0000 2016"}
{"polarity": -0.10000000000000002, "location": "Atlanta, GA", "sentiment": "negative", "time": "Mon Nov 07 04:48:59 +0000 2016"}
{"polarity": -0.1875, "location": "Atlanta, GA", "sentiment": "negative", "time": "Mon Nov 07 04:25:11 +0000 2016"}
{"polarity": 0.4, "location": "San Diego, CA", "sentiment": "positive", "time": "Mon Nov 07 04:25:29 +0000 2016"}
{"polarity": -0.6, "location": "Atlanta, GA", "sentiment": "negative", "time": "Mon Nov 07 04:25:30 +0000 2016"}
{"polarity": 0.36818181818181817, "location": "Seattle, WA", "sentiment": "positive", "time": "Mon Nov 07 04:25:52 +0000 2016"}
{"polarity": 0.0, "location": "Atlanta, GA", "sentiment": "neutral", "time": "Mon Nov 07 04:25:56 +0000 2016"}
{"polarity": 0.0, "location": "New York, NY", "sentiment": "neutral", "time": "Mon Nov 07 04:16:07 +0000 2016"}
{"polarity": 0.4, "location": "Atlanta, GA", "sentiment": "positive", "time": "Mon Nov 07 04:16:08 +0000 2016"}
{"polarity": 0.0, "location": "San Diego, CA", "sentiment": "neutral", "time": "Mon Nov 07 04:16:09 +0000 2016"}
{"polarity": -0.2, "location": "New York, NY", "sentiment": "negative", "time": "Mon Nov 07 04:16:26 +0000 2016"}
{"polarity": 0.2953125, "location": "Portland, OR", "sentiment": "positive", "time": "Mon Nov 07 04:16:28 +0000 2016"}
{"polarity": -0.3, "location": "Atlanta, GA", "sentiment": "negative", "time": "Mon Nov 07 04:16:30 +0000 2016"}
{"polarity": 0.0, "location": "Portland, OR", "sentiment": "neutral", "time": "Mon Nov 07 04:16:38 +0000 2016"}
{"polarity": 0.625, "location": "San Diego, CA", "sentiment": "positive", "time": "Mon Nov 07 04:16:40 +0000 2016"}
{"polarity": 0.05000000000000002, "location": "Boston, MA", "sentiment": "positive", "time": "Mon Nov 07 04:16:46 +0000 2016"}
{"polarity": 0.0, "location": "New York, NY", "sentiment": "neutral", "time": "Mon Nov 07 04:16:51 +0000 2016"}
{"polarity": 0.0357142857142857, "location": "Atlanta, GA", "sentiment": "positive", "time": "Mon Nov 07 04:16:53 +0000 2016"}
{"polarity": 0.2901515151515151, "location": "Atlanta, GA", "sentiment": "positive", "time": "Mon Nov 07 04:14:05 +0000 2016"}
{"polarity": 0.14444444444444446, "location": "Atlanta, GA", "sentiment": "positive", "time": "Mon Nov 07 04:14:07 +0000 2016"}
{"polarity": 0.11666666666666668, "location": "New York, NY", "sentiment": "positive", "time": "Mon Nov 07 04:14:08 +0000 2016"}
{"polarity": -0.5, "location": "New York, NY", "sentiment": "negative", "time": "Mon Nov 07 04:14:08 +0000 2016"}
{"polarity": 0.0, "location": "Atlanta, GA", "sentiment": "neutral", "time": "Mon Nov 07 04:14:12 +0000 2016"}
{"polarity": 0.0, "location": "New York, NY", "sentiment": "neutral", "time": "Mon Nov 07 04:14:12 +0000 2016"}
{"polarity": 0.0, "location": "Phoenix, AZ", "sentiment": "neutral", "time": "Mon Nov 07 04:14:15 +0000 2016"}
{"polarity": 0.0, "location": "Atlanta, GA", "sentiment": "neutral", "time": "Mon Nov 07 04:14:20 +0000 2016"}
{"polarity": 0.5, "location": "New York, NY", "sentiment": "positive", "time": "Mon Nov 07 04:14:28 +0000 2016"}
{"polarity": 0.04999999999999999, "location": "San Diego, CA", "sentiment": "positive", "time": "Mon Nov 07 04:14:28 +0000 2016"}
{"polarity": 0.5, "location": "Seattle, WA", "sentiment": "positive", "time": "Mon Nov 07 04:14:35 +0000 2016"}
{"polarity": 0.0, "location": "New York, NY", "sentiment": "neutral", "time": "Mon Nov 07 04:14:36 +0000 2016"}
{"polarity": -0.041666666666666664, "location": "Seattle, WA", "sentiment": "negative", "time": "Mon Nov 07 04:14:41 +0000 2016"}
{"polarity": 0.0, "location": "Atlanta, GA", "sentiment": "neutral", "time": "Mon Nov 07 04:14:42 +0000 2016"}
{"polarity": 0.8, "location": "Orlando, FL", "sentiment": "positive", "time": "Mon Nov 07 04:14:43 +0000 2016"}
{"polarity": 0.21428571428571427, "location": "Phoenix, AZ", "sentiment": "positive", "time": "Mon Nov 07 04:14:43 +0000 2016"}
{"polarity": 0.13636363636363635, "location": "New York, NY", "sentiment": "positive", "time": "Mon Nov 07 04:14:45 +0000 2016"}
{"polarity": 0.0, "location": "Seattle, WA", "sentiment": "neutral", "time": "Mon Nov 07 04:14:45 +0000 2016"}
{"polarity": 0.0, "location": "Boston, MA", "sentiment": "neutral", "time": "Mon Nov 07 04:23:06 +0000 2016"}
{"polarity": 0.0, "location": "San Diego, CA", "sentiment": "neutral", "time": "Mon Nov 07 04:23:08 +0000 2016"}
{"polarity": 0.0, "location": "Phoenix, AZ", "sentiment": "neutral", "time": "Mon Nov 07 04:23:09 +0000 2016"}
{"polarity": 0.0, "location": "Atlanta, GA", "sentiment": "neutral", "time": "Mon Nov 07 04:23:21 +0000 2016"}
{"polarity": 0.12499999999999999, "location": "Atlanta, GA", "sentiment": "positive", "time": "Mon Nov 07 04:23:23 +0000 2016"}
{"polarity": 0.0, "location": "New York, NY", "sentiment": "neutral", "time": "Mon Nov 07 04:23:27 +0000 2016"}
{"polarity": 0.0, "location": "Boston, MA", "sentiment": "neutral", "time": "Mon Nov 07 04:23:32 +0000 2016"}
{"polarity": -0.6, "location": "San Diego, CA", "sentiment": "negative", "time": "Mon Nov 07 04:23:34 +0000 2016"}
{"polarity": 0.0, "location": "Boston, MA", "sentiment": "neutral", "time": "Mon Nov 07 04:23:36 +0000 2016"}
{"polarity": 0.0, "location": "Atlanta, GA", "sentiment": "neutral", "time": "Mon Nov 07 04:23:41 +0000 2016"}
{"polarity": 0.55, "location": "San Diego, CA", "sentiment": "positive", "time": "Mon Nov 07 04:23:42 +0000 2016"}
{"polarity": 0.0, "location": "San Diego, CA", "sentiment": "neutral", "time": "Mon Nov 07 04:07:00 +0000 2016"}
{"polarity": 0.0, "location": "New York, NY", "sentiment": "neutral", "time": "Mon Nov 07 04:07:07 +0000 2016"}
{"polarity": 0.25, "location": "Seattle, WA", "sentiment": "positive", "time": "Mon Nov 07 04:07:13 +0000 2016"}
{"polarity": 1.0, "location": "San Diego, CA", "sentiment": "positive", "time": "Mon Nov 07 04:07:27 +0000 2016"}
{"polarity": 0.0500000000000001, "location": "Atlanta, GA", "sentiment": "positive", "time": "Mon Nov 07 04:07:32 +0000 2016"}
{"polarity": 0.0, "location": "Boston, MA", "sentiment": "neutral", "time": "Mon Nov 07 04:07:33 +0000 2016"}
{"polarity": 0.25, "location": "New York, NY", "sentiment": "positive", "time": "Mon Nov 07 04:07:35 +0000 2016"}
{"polarity": 0.0, "location": "Phoenix, AZ", "sentiment": "neutral", "time": "Mon Nov 07 04:07:35 +0000 2016"}
{"polarity": 0.0, "location": "Portland, OR", "sentiment": "neutral", "time": "Mon Nov 07 04:07:42 +0000 2016"}
{"polarity": -0.4, "location": "San Diego, CA", "sentiment": "negative", "time": "Mon Nov 07 04:07:54 +0000 2016"}
{"polarity": 0.0, "location": "Orlando, FL", "sentiment": "neutral", "time": "Mon Nov 07 04:07:56 +0000 2016"}
{"polarity": 0.0, "location": "Seattle, WA", "sentiment": "neutral", "time": "Mon Nov 07 04:51:00 +0000 2016"}
{"polarity": 0.0, "location": "Boston, MA", "sentiment": "neutral", "time": "Mon Nov 07 04:51:00 +0000 2016"}
{"polarity": 0.1, "location": "Boston, MA", "sentiment": "positive", "time": "Mon Nov 07 04:51:07 +0000 2016"}
{"polarity": 0.004166666666666652, "location": "San Diego, CA", "sentiment": "positive", "time": "Mon Nov 07 04:51:08 +0000 2016"}
{"polarity": 0.0, "location": "Phoenix, AZ", "sentiment": "neutral", "time": "Mon Nov 07 04:51:13 +0000 2016"}
{"polarity": 0.5, "location": "New York, NY", "sentiment": "positive", "time": "Mon Nov 07 04:51:14 +0000 2016"}
{"polarity": 0.0, "location": "Seattle, WA", "sentiment": "neutral", "time": "Mon Nov 07 04:51:15 +0000 2016"}
{"polarity": 0.0, "location": "Atlanta, GA", "sentiment": "neutral", "time": "Mon Nov 07 04:51:23 +0000 2016"}
{"polarity": 0.0, "location": "San Diego, CA", "sentiment": "neutral", "time": "Mon Nov 07 04:51:37 +0000 2016"}
{"polarity": 0.0, "location": "Atlanta, GA", "sentiment": "neutral", "time": "Mon Nov 07 04:51:41 +0000 2016"}
{"polarity": 0.0, "location": "Atlanta, GA", "sentiment": "neutral", "time": "Mon Nov 07 04:51:56 +0000 2016"}
{"polarity": 0.5, "location": "Orlando, FL", "sentiment": "positive", "time": "Mon Nov 07 04:51:56 +0000 2016"}
{"polarity": 0.19642857142857142, "location": "Phoenix, AZ", "sentiment": "positive", "time": "Mon Nov 07 04:51:58 +0000 2016"}
{"polarity": 0.0, "location": "New York, NY", "sentiment": "neutral", "time": "Mon Nov 07 04:30:01 +0000 2016"}
{"polarity": 0.55, "location": "Boston, MA", "sentiment": "positive", "time": "Mon Nov 07 04:30:08 +0000 2016"}
{"polarity": 0.0, "location": "New York, NY", "sentiment": "neutral", "time": "Mon Nov 07 04:30:46 +0000 2016"}
{"polarity": 0.0, "location": "Atlanta, GA", "sentiment": "neutral", "time": "Mon Nov 07 04:03:01 +0000 2016"}
{"polarity": 0.0, "location": "Atlanta, GA", "sentiment": "neutral", "time": "Mon Nov 07 04:03:06 +0000 2016"}
{"polarity": 0.0, "location": "New York, NY", "sentiment": "neutral", "time": "Mon Nov 07 04:03:24 +0000 2016"}
{"polarity": 0.0, "location": "Boston, MA", "sentiment": "neutral", "time": "Mon Nov 07 04:03:29 +0000 2016"}
{"polarity": -0.21249999999999997, "location": "Seattle, WA", "sentiment": "negative", "time": "Mon Nov 07 04:03:46 +0000 2016"}
{"polarity": 0.0, "location": "Seattle, WA", "sentiment": "neutral", "time": "Mon Nov 07 04:03:47 +0000 2016"}
{"polarity": -0.4, "location": "Atlanta, GA", "sentiment": "negative", "time": "Mon Nov 07 04:03:49 +0000 2016"}
{"polarity": -0.1, "location": "New York, NY", "sentiment": "negative", "time": "Mon Nov 07 04:03:52 +0000 2016"}
{"polarity": 0.0, "location": "Atlanta, GA", "sentiment": "neutral", "time": "Mon Nov 07 04:03:55 +0000 2016"}
{"polarity": 0.012499999999999992, "location": "New York, NY", "sentiment": "positive", "time": "Mon Nov 07 04:03:57 +0000 2016"}
{"polarity": 0.0, "location": "Boston, MA", "sentiment": "neutral", "time": "Mon Nov 07 04:03:58 +0000 2016"}
{"polarity": 0.0, "location": "San Diego, CA", "sentiment": "neutral", "time": "Mon Nov 07 04:40:00 +0000 2016"}
{"polarity": 0.0, "location": "Boston, MA", "sentiment": "neutral", "time": "Mon Nov 07 04:40:08 +0000 2016"}
{"polarity": 1.0, "location": "New York, NY", "sentiment": "positive", "time": "Mon Nov 07 04:40:12 +0000 2016"}
{"polarity": 0.0, "location": "Boston, MA", "sentiment": "neutral", "time": "Mon Nov 07 04:40:19 +0000 2016"}
{"polarity": 0.0, "location": "New York, NY", "sentiment": "neutral", "time": "Mon Nov 07 04:40:23 +0000 2016"}
{"polarity": 0.13636363636363635, "location": "Seattle, WA", "sentiment": "positive", "time": "Mon Nov 07 04:40:24 +0000 2016"}
{"polarity": 0.0, "location": "Seattle, WA", "sentiment": "neutral", "time": "Mon Nov 07 04:40:48 +0000 2016"}
{"polarity": -0.23333333333333328, "location": "New York, NY", "sentiment": "negative", "time": "Mon Nov 07 04:40:49 +0000 2016"}
{"polarity": 1.0, "location": "New York, NY", "sentiment": "positive", "time": "Mon Nov 07 04:40:50 +0000 2016"}
{"polarity": 0.0, "location": "Boston, MA", "sentiment": "neutral", "time": "Mon Nov 07 04:40:59 +0000 2016"}
{"polarity": 0.0, "location": "New York, NY", "sentiment": "neutral", "time": "Mon Nov 07 04:08:01 +0000 2016"}
{"polarity": 0.5953125, "location": "New York, NY", "sentiment": "positive", "time": "Mon Nov 07 04:08:21 +0000 2016"}
{"polarity": 0.0, "location": "Phoenix, AZ", "sentiment": "neutral", "time": "Mon Nov 07 04:08:44 +0000 2016"}
{"polarity": 0.0, "location": "Boston, MA", "sentiment": "neutral", "time": "Mon Nov 07 04:08:50 +0000 2016"}
{"polarity": 0.0, "location": "Atlanta, GA", "sentiment": "neutral", "time": "Mon Nov 07 04:35:02 +0000 2016"}
{"polarity": 0.0, "location": "Orlando, FL", "sentiment": "neutral", "time": "Mon Nov 07 04:35:05 +0000 2016"}
{"polarity": -0.39, "location": "New York, NY", "sentiment": "negative", "time": "Mon Nov 07 04:35:11 +0000 2016"}
{"polarity": 0.0, "location": "Portland, OR", "sentiment": "neutral", "time": "Mon Nov 07 04:35:13 +0000 2016"}
{"polarity": 0.0, "location": "Atlanta, GA", "sentiment": "neutral", "time": "Mon Nov 07 04:35:27 +0000 2016"}
{"polarity": 0.0, "location": "Orlando, FL", "sentiment": "neutral", "time": "Mon Nov 07 04:35:29 +0000 2016"}
{"polarity": -0.1138888888888889, "location": "New York, NY", "sentiment": "negative", "time": "Mon Nov 07 04:35:31 +0000 2016"}
{"polarity": -0.2, "location": "Atlanta, GA", "sentiment": "negative", "time": "Mon Nov 07 04:35:36 +0000 2016"}
{"polarity": -0.1, "location": "San Diego, CA", "sentiment": "negative", "time": "Mon Nov 07 04:35:48 +0000 2016"}
{"polarity": -0.1, "location": "St. Louis, MO", "sentiment": "negative", "time": "Mon Nov 07 04:43:12 +0000 2016"}
{"polarity": 0.0, "location": "Boston, MA", "sentiment": "neutral", "time": "Mon Nov 07 04:43:13 +0000 2016"}
{"polarity": -0.05, "location": "New York, NY", "sentiment": "negative", "time": "Mon Nov 07 04:43:18 +0000 2016"}
{"polarity": 0.0, "location": "New York, NY", "sentiment": "neutral", "time": "Mon Nov 07 04:43:30 +0000 2016"}
{"polarity": 0.0, "location": "Atlanta, GA", "sentiment": "neutral", "time": "Mon Nov 07 04:43:32 +0000 2016"}
{"polarity": 0.78125, "location": "Seattle, WA", "sentiment": "positive", "time": "Mon Nov 07 04:43:36 +0000 2016"}
{"polarity": 0.0, "location": "Atlanta, GA", "sentiment": "neutral", "time": "Mon Nov 07 04:43:39 +0000 2016"}
{"polarity": 0.5, "location": "Phoenix, AZ", "sentiment": "positive", "time": "Mon Nov 07 04:43:46 +0000 2016"}
{"polarity": -0.25, "location": "San Diego, CA", "sentiment": "negative", "time": "Mon Nov 07 04:43:47 +0000 2016"}
{"polarity": 0.35, "location": "Portland, OR", "sentiment": "positive", "time": "Mon Nov 07 04:43:53 +0000 2016"}
{"polarity": 0.3333333333333333, "location": "Atlanta, GA", "sentiment": "positive", "time": "Mon Nov 07 04:43:54 +0000 2016"}
{"polarity": -0.375, "location": "New York, NY", "sentiment": "negative", "time": "Mon Nov 07 04:10:00 +0000 2016"}
{"polarity": 0.0, "location": "San Diego, CA", "sentiment": "neutral", "time": "Mon Nov 07 04:10:05 +0000 2016"}
{"polarity": -0.3930555555555556, "location": "Seattle, WA", "sentiment": "negative", "time": "Mon Nov 07 04:10:05 +0000 2016"}
{"polarity": -0.30000000000000004, "location": "Orlando, FL", "sentiment": "negative", "time": "Mon Nov 07 04:10:11 +0000 2016"}
{"polarity": 0.0, "location": "Orlando, FL", "sentiment": "neutral", "time": "Mon Nov 07 04:10:27 +0000 2016"}
{"polarity": 0.3, "location": "San Diego, CA", "sentiment": "positive", "time": "Mon Nov 07 04:10:33 +0000 2016"}
{"polarity": -0.125, "location": "Orlando, FL", "sentiment": "negative", "time": "Mon Nov 07 04:10:35 +0000 2016"}
{"polarity": 0.0, "location": "St. Louis, MO", "sentiment": "neutral", "time": "Mon Nov 07 04:10:41 +0000 2016"}
{"polarity": 0.35, "location": "Orlando, FL", "sentiment": "positive", "time": "Mon Nov 07 04:10:42 +0000 2016"}
{"polarity": 0.0, "location": "Atlanta, GA", "sentiment": "neutral", "time": "Mon Nov 07 04:10:46 +0000 2016"}
{"polarity": 0.0, "location": "Atlanta, GA", "sentiment": "neutral", "time": "Mon Nov 07 04:10:46 +0000 2016"}
{"polarity": 0.0, "location": "Atlanta, GA", "sentiment": "neutral", "time": "Mon Nov 07 04:10:58 +0000 2016"}
{"polarity": 0.13636363636363635, "location": "San Diego, CA", "sentiment": "positive", "time": "Mon Nov 07 04:10:58 +0000 2016"}
{"polarity": 0.0, "location": "Atlanta, GA", "sentiment": "neutral", "time": "Mon Nov 07 04:10:58 +0000 2016"}
{"polarity": 0.05735930735930735, "location": "Boston, MA", "sentiment": "positive", "time": "Mon Nov 07 04:54:26 +0000 2016"}
{"polarity": 0.0, "location": "New York, NY", "sentiment": "neutral", "time": "Mon Nov 07 04:54:43 +0000 2016"}
{"polarity": -0.5, "location": "Atlanta, GA", "sentiment": "negative", "time": "Mon Nov 07 04:54:52 +0000 2016"}
{"polarity": 0.6333333333333334, "location": "Atlanta, GA", "sentiment": "positive", "time": "Mon Nov 07 04:24:00 +0000 2016"}
{"polarity": 0.0, "location": "Orlando, FL", "sentiment": "neutral", "time": "Mon Nov 07 04:24:04 +0000 2016"}
{"polarity": 0.0, "location": "Seattle, WA", "sentiment": "neutral", "time": "Mon Nov 07 04:24:15 +0000 2016"}
{"polarity": 0.0, "location": "New York, NY", "sentiment": "neutral", "time": "Mon Nov 07 04:24:18 +0000 2016"}
{"polarity": -0.29444444444444445, "location": "Seattle, WA", "sentiment": "negative", "time": "Mon Nov 07 04:24:32 +0000 2016"}
{"polarity": 0.0, "location": "Atlanta, GA", "sentiment": "neutral", "time": "Mon Nov 07 04:24:47 +0000 2016"}
{"polarity": 0.0, "location": "San Diego, CA", "sentiment": "neutral", "time": "Mon Nov 07 04:24:54 +0000 2016"}
{"polarity": 0.4625, "location": "Seattle, WA", "sentiment": "positive", "time": "Mon Nov 07 04:32:01 +0000 2016"}
{"polarity": 0.0, "location": "Atlanta, GA", "sentiment": "neutral", "time": "Mon Nov 07 04:32:05 +0000 2016"}
{"polarity": 0.0, "location": "Atlanta, GA", "sentiment": "neutral", "time": "Mon Nov 07 04:32:06 +0000 2016"}
{"polarity": 0.8, "location": "Boston, MA", "sentiment": "positive", "time": "Mon Nov 07 04:32:26 +0000 2016"}
{"polarity": 0.6, "location": "New York, NY", "sentiment": "positive", "time": "Mon Nov 07 04:32:29 +0000 2016"}
{"polarity": 0.0, "location": "Orlando, FL", "sentiment": "neutral", "time": "Mon Nov 07 04:32:32 +0000 2016"}
{"polarity": 0.36875, "location": "Boston, MA", "sentiment": "positive", "time": "Mon Nov 07 04:32:33 +0000 2016"}
{"polarity": -0.5, "location": "New York, NY", "sentiment": "negative", "time": "Mon Nov 07 04:32:43 +0000 2016"}
{"polarity": 0.0, "location": "Atlanta, GA", "sentiment": "neutral", "time": "Mon Nov 07 04:32:48 +0000 2016"}
{"polarity": 0.4777777777777778, "location": "Orlando, FL", "sentiment": "positive", "time": "Mon Nov 07 04:32:48 +0000 2016"}
{"polarity": 0.5, "location": "New York, NY", "sentiment": "positive", "time": "Mon Nov 07 04:32:48 +0000 2016"}
{"polarity": 0.0, "location": "Portland, OR", "sentiment": "neutral", "time": "Mon Nov 07 04:32:58 +0000 2016"}
{"polarity": 0.0, "location": "San Diego, CA", "sentiment": "neutral", "time": "Mon Nov 07 04:36:03 +0000 2016"}
{"polarity": 0.0, "location": "Phoenix, AZ", "sentiment": "neutral", "time": "Mon Nov 07 04:36:07 +0000 2016"}
{"polarity": 0.0, "location": "Phoenix, AZ", "sentiment": "neutral", "time": "Mon Nov 07 04:36:35 +0000 2016"}
{"polarity": 0.0, "location": "New York, NY", "sentiment": "neutral", "time": "Mon Nov 07 04:36:36 +0000 2016"}
{"polarity": 0.0, "location": "Atlanta, GA", "sentiment": "neutral", "time": "Mon Nov 07 04:36:40 +0000 2016"}
{"polarity": 0.049206349206349205, "location": "Phoenix, AZ", "sentiment": "positive", "time": "Mon Nov 07 04:36:50 +0000 2016"}
{"polarity": 0.0, "location": "San Diego, CA", "sentiment": "neutral", "time": "Mon Nov 07 04:36:53 +0000 2016"}
{"polarity": 0.0, "location": "Portland, OR", "sentiment": "neutral", "time": "Mon Nov 07 04:01:11 +0000 2016"}
{"polarity": 0.0, "location": "Phoenix, AZ", "sentiment": "neutral", "time": "Mon Nov 07 04:01:17 +0000 2016"}
{"polarity": -0.6, "location": "Seattle, WA", "sentiment": "negative", "time": "Mon Nov 07 04:01:20 +0000 2016"}
{"polarity": -0.16666666666666666, "location": "Atlanta, GA", "sentiment": "negative", "time": "Mon Nov 07 04:01:29 +0000 2016"}
{"polarity": -0.625, "location": "Atlanta, GA", "sentiment": "negative", "time": "Mon Nov 07 04:01:31 +0000 2016"}
{"polarity": 0.0, "location": "San Diego, CA", "sentiment": "neutral", "time": "Mon Nov 07 04:01:32 +0000 2016"}
{"polarity": 0.4, "location": "Atlanta, GA", "sentiment": "positive", "time": "Mon Nov 07 04:01:42 +0000 2016"}
{"polarity": 0.0, "location": "New York, NY", "sentiment": "neutral", "time": "Mon Nov 07 04:01:57 +0000 2016"}
{"polarity": 0.0, "location": "Seattle, WA", "sentiment": "neutral", "time": "Mon Nov 07 04:55:02 +0000 2016"}
{"polarity": 0.375, "location": "Portland, OR", "sentiment": "positive", "time": "Mon Nov 07 04:55:16 +0000 2016"}
{"polarity": 0.0, "location": "New York, NY", "sentiment": "neutral", "time": "Mon Nov 07 04:55:21 +0000 2016"}
{"polarity": 0.4, "location": "New York, NY", "sentiment": "positive", "time": "Mon Nov 07 04:55:33 +0000 2016"}
{"polarity": 0.0, "location": "New York, NY", "sentiment": "neutral", "time": "Mon Nov 07 04:55:39 +0000 2016"}
{"polarity": 0.0, "location": "Atlanta, GA", "sentiment": "neutral", "time": "Mon Nov 07 04:55:44 +0000 2016"}
{"polarity": 0.0, "location": "Seattle, WA", "sentiment": "neutral", "time": "Mon Nov 07 04:55:49 +0000 2016"}
{"polarity": 0.0, "location": "San Diego, CA", "sentiment": "neutral", "time": "Mon Nov 07 04:55:49 +0000 2016"}
{"polarity": 0.3625, "location": "Orlando, FL", "sentiment": "positive", "time": "Mon Nov 07 04:09:23 +0000 2016"}
{"polarity": 0.0, "location": "San Diego, CA", "sentiment": "neutral", "time": "Mon Nov 07 04:09:23 +0000 2016"}
{"polarity": 0.0, "location": "San Diego, CA", "sentiment": "neutral", "time": "Mon Nov 07 04:09:28 +0000 2016"}
{"polarity": 0.0, "location": "Atlanta, GA", "sentiment": "neutral", "time": "Mon Nov 07 04:09:32 +0000 2016"}
{"polarity": 0.0, "location": "New York, NY", "sentiment": "neutral", "time": "Mon Nov 07 04:09:36 +0000 2016"}
{"polarity": 0.0, "location": "San Diego, CA", "sentiment": "neutral", "time": "Mon Nov 07 04:09:38 +0000 2016"}
{"polarity": 0.0, "location": "Atlanta, GA", "sentiment": "neutral", "time": "Mon Nov 07 04:09:46 +0000 2016"}
{"polarity": 0.7, "location": "San Diego, CA", "sentiment": "positive", "time": "Mon Nov 07 04:09:55 +0000 2016"}
{"polarity": -0.15555555555555559, "location": "Kansas City, KS", "sentiment": "negative", "time": "Mon Nov 07 04:09:58 +0000 2016"}
{"polarity": 0.0, "location": "New York, NY", "sentiment": "neutral", "time": "Mon Nov 07 04:33:01 +0000 2016"}
{"polarity": 0.0725, "location": "Seattle, WA", "sentiment": "positive", "time": "Mon Nov 07 04:33:02 +0000 2016"}
{"polarity": 0.0, "location": "Portland, OR", "sentiment": "neutral", "time": "Mon Nov 07 04:33:03 +0000 2016"}
{"polarity": -0.2, "location": "Atlanta, GA", "sentiment": "negative", "time": "Mon Nov 07 04:33:22 +0000 2016"}
{"polarity": 0.3333333333333333, "location": "Seattle, WA", "sentiment": "positive", "time": "Mon Nov 07 04:33:26 +0000 2016"}
{"polarity": 0.0, "location": "San Diego, CA", "sentiment": "neutral", "time": "Mon Nov 07 04:33:33 +0000 2016"}
{"polarity": 0.4, "location": "San Diego, CA", "sentiment": "positive", "time": "Mon Nov 07 04:33:35 +0000 2016"}
{"polarity": 0.0, "location": "Atlanta, GA", "sentiment": "neutral", "time": "Mon Nov 07 04:33:42 +0000 2016"}
{"polarity": 0.26666666666666666, "location": "Portland, OR", "sentiment": "positive", "time": "Mon Nov 07 04:33:50 +0000 2016"}
{"polarity": 0.0, "location": "New York, NY", "sentiment": "neutral", "time": "Mon Nov 07 04:33:51 +0000 2016"}
{"polarity": 0.376984126984127, "location": "Atlanta, GA", "sentiment": "positive", "time": "Mon Nov 07 04:44:05 +0000 2016"}
{"polarity": 0.5, "location": "Boston, MA", "sentiment": "positive", "time": "Mon Nov 07 04:44:15 +0000 2016"}
{"polarity": -0.15555555555555559, "location": "Orlando, FL", "sentiment": "negative", "time": "Mon Nov 07 04:44:25 +0000 2016"}
{"polarity": -0.4, "location": "Phoenix, AZ", "sentiment": "negative", "time": "Mon Nov 07 04:44:31 +0000 2016"}
{"polarity": 0.6, "location": "Seattle, WA", "sentiment": "positive", "time": "Mon Nov 07 04:44:36 +0000 2016"}
{"polarity": 0.0, "location": "New York, NY", "sentiment": "neutral", "time": "Mon Nov 07 04:44:39 +0000 2016"}
{"polarity": 0.0, "location": "Orlando, FL", "sentiment": "neutral", "time": "Mon Nov 07 04:44:53 +0000 2016"}
{"polarity": 0.5166666666666666, "location": "Orlando, FL", "sentiment": "positive", "time": "Mon Nov 07 04:44:56 +0000 2016"}
{"polarity": 0.5333333333333333, "location": "New York, NY", "sentiment": "positive", "time": "Mon Nov 07 04:28:00 +0000 2016"}
{"polarity": -0.05, "location": "Seattle, WA", "sentiment": "negative", "time": "Mon Nov 07 04:28:12 +0000 2016"}
{"polarity": 0.0, "location": "St. Louis, MO", "sentiment": "neutral", "time": "Mon Nov 07 04:28:32 +0000 2016"}
{"polarity": 0.0, "location": "Phoenix, AZ", "sentiment": "neutral", "time": "Mon Nov 07 04:28:39 +0000 2016"}
{"polarity": 0.0, "location": "Atlanta, GA", "sentiment": "neutral", "time": "Mon Nov 07 04:28:49 +0000 2016"}
{"polarity": 0.0, "location": "San Diego, CA", "sentiment": "neutral", "time": "Mon Nov 07 04:28:54 +0000 2016"}
{"polarity": 0.0, "location": "Orlando, FL", "sentiment": "neutral", "time": "Mon Nov 07 04:28:55 +0000 2016"}
{"polarity": -0.125, "location": "New York, NY", "sentiment": "negative", "time": "Mon Nov 07 04:28:56 +0000 2016"}
{"polarity": 0.2, "location": "Atlanta, GA", "sentiment": "positive", "time": "Mon Nov 07 04:22:02 +0000 2016"}
{"polarity": 0.0, "location": "Portland, OR", "sentiment": "neutral", "time": "Mon Nov 07 04:22:02 +0000 2016"}
{"polarity": 0.0, "location": "Seattle, WA", "sentiment": "neutral", "time": "Mon Nov 07 04:22:15 +0000 2016"}
{"polarity": 0.03125, "location": "New York, NY", "sentiment": "positive", "time": "Mon Nov 07 04:22:16 +0000 2016"}
{"polarity": -0.375, "location": "New York, NY", "sentiment": "negative", "time": "Mon Nov 07 04:22:17 +0000 2016"}
{"polarity": 0.09999999999999998, "location": "New York, NY", "sentiment": "positive", "time": "Mon Nov 07 04:22:20 +0000 2016"}
{"polarity": -0.049999999999999996, "location": "Boston, MA", "sentiment": "negative", "time": "Mon Nov 07 04:22:23 +0000 2016"}
{"polarity": 0.21250000000000002, "location": "Atlanta, GA", "sentiment": "positive", "time": "Mon Nov 07 04:22:34 +0000 2016"}
{"polarity": -0.2, "location": "Boston, MA", "sentiment": "negative", "time": "Mon Nov 07 04:22:35 +0000 2016"}
{"polarity": 0.09999999999999998, "location": "New York, NY", "sentiment": "positive", "time": "Mon Nov 07 04:22:39 +0000 2016"}
{"polarity": 0.0, "location": "Phoenix, AZ", "sentiment": "neutral", "time": "Mon Nov 07 04:22:48 +0000 2016"}
{"polarity": -0.1, "location": "San Diego, CA", "sentiment": "negative", "time": "Mon Nov 07 04:49:08 +0000 2016"}
{"polarity": -0.5, "location": "San Diego, CA", "sentiment": "negative", "time": "Mon Nov 07 04:49:15 +0000 2016"}
{"polarity": 0.2, "location": "Atlanta, GA", "sentiment": "positive", "time": "Mon Nov 07 04:49:19 +0000 2016"}
{"polarity": 0.0, "location": "Phoenix, AZ", "sentiment": "neutral", "time": "Mon Nov 07 04:49:20 +0000 2016"}
{"polarity": 0.25, "location": "Seattle, WA", "sentiment": "positive", "time": "Mon Nov 07 04:49:27 +0000 2016"}
{"polarity": 0.0, "location": "San Diego, CA", "sentiment": "neutral", "time": "Mon Nov 07 04:49:37 +0000 2016"}
{"polarity": 0.3, "location": "Seattle, WA", "sentiment": "positive", "time": "Mon Nov 07 04:49:41 +0000 2016"}
{"polarity": 0.0, "location": "New York, NY", "sentiment": "neutral", "time": "Mon Nov 07 04:49:44 +0000 2016"}
{"polarity": 0.0, "location": "New York, NY", "sentiment": "neutral", "time": "Mon Nov 07 04:49:47 +0000 2016"}
{"polarity": 0.0, "location": "Phoenix, AZ", "sentiment": "neutral", "time": "Mon Nov 07 04:49:47 +0000 2016"}
{"polarity": 0.0, "location": "New York, NY", "sentiment": "neutral", "time": "Mon Nov 07 04:49:57 +0000 2016"}
{"polarity": 0.0, "location": "Seattle, WA", "sentiment": "neutral", "time": "Mon Nov 07 04:45:05 +0000 2016"}
{"polarity": 0.1, "location": "Boston, MA", "sentiment": "positive", "time": "Mon Nov 07 04:45:15 +0000 2016"}
{"polarity": -0.5, "location": "Seattle, WA", "sentiment": "negative", "time": "Mon Nov 07 04:45:16 +0000 2016"}
{"polarity": 0.0, "location": "Atlanta, GA", "sentiment": "neutral", "time": "Mon Nov 07 04:45:19 +0000 2016"}
{"polarity": 0.7, "location": "New York, NY", "sentiment": "positive", "time": "Mon Nov 07 04:45:27 +0000 2016"}
{"polarity": 0.0, "location": "Phoenix, AZ", "sentiment": "neutral", "time": "Mon Nov 07 04:45:32 +0000 2016"}
{"polarity": 0.0, "location": "Atlanta, GA", "sentiment": "neutral", "time": "Mon Nov 07 04:45:35 +0000 2016"}
{"polarity": 0.0, "location": "San Diego, CA", "sentiment": "neutral", "time": "Mon Nov 07 04:45:40 +0000 2016"}
{"polarity": 0.0, "location": "Atlanta, GA", "sentiment": "neutral", "time": "Mon Nov 07 04:45:48 +0000 2016"}
{"polarity": 0.0, "location": "Seattle, WA", "sentiment": "neutral", "time": "Mon Nov 07 04:45:53 +0000 2016"}
{"polarity": 0.0, "location": "Orlando, FL", "sentiment": "neutral", "time": "Mon Nov 07 04:06:03 +0000 2016"}
{"polarity": -0.07500000000000001, "location": "Atlanta, GA", "sentiment": "negative", "time": "Mon Nov 07 04:06:15 +0000 2016"}
{"polarity": 0.0, "location": "Seattle, WA", "sentiment": "neutral", "time": "Mon Nov 07 04:06:16 +0000 2016"}
{"polarity": 0.13636363636363635, "location": "New York, NY", "sentiment": "positive", "time": "Mon Nov 07 04:06:34 +0000 2016"}
{"polarity": 0.30000000000000004, "location": "Atlanta, GA", "sentiment": "positive", "time": "Mon Nov 07 04:06:39 +0000 2016"}
{"polarity": 0.0, "location": "Boston, MA", "sentiment": "neutral", "time": "Mon Nov 07 04:06:39 +0000 2016"}
{"polarity": 0.26666666666666666, "location": "New York, NY", "sentiment": "positive", "time": "Mon Nov 07 04:06:44 +0000 2016"}
{"polarity": 0.0, "location": "Atlanta, GA", "sentiment": "neutral", "time": "Mon Nov 07 04:06:49 +0000 2016"}
{"polarity": 0.10416666666666666, "location": "Atlanta, GA", "sentiment": "positive", "time": "Mon Nov 07 04:20:07 +0000 2016"}
{"polarity": 0.19999999999999998, "location": "Boston, MA", "sentiment": "positive", "time": "Mon Nov 07 04:20:14 +0000 2016"}
{"polarity": 0.625, "location": "New York, NY", "sentiment": "positive", "time": "Mon Nov 07 04:20:18 +0000 2016"}
{"polarity": 0.2, "location": "Portland, OR", "sentiment": "positive", "time": "Mon Nov 07 04:20:25 +0000 2016"}
{"polarity": -0.14583333333333334, "location": "Seattle, WA", "sentiment": "negative", "time": "Mon Nov 07 04:20:37 +0000 2016"}
{"polarity": 0.0, "location": "San Diego, CA", "sentiment": "neutral", "time": "Mon Nov 07 04:20:40 +0000 2016"}
{"polarity": 0.5, "location": "New York, NY", "sentiment": "positive", "time": "Mon Nov 07 04:20:55 +0000 2016"}
{"polarity": 1.0, "location": "Phoenix, AZ", "sentiment": "positive", "time": "Mon Nov 07 04:13:04 +0000 2016"}
{"polarity": 0.0, "location": "Boston, MA", "sentiment": "neutral", "time": "Mon Nov 07 04:13:25 +0000 2016"}
{"polarity": 0.0, "location": "New York, NY", "sentiment": "neutral", "time": "Mon Nov 07 04:13:27 +0000 2016"}
{"polarity": -0.3333333333333333, "location": "Portland, OR", "sentiment": "negative", "time": "Mon Nov 07 04:13:28 +0000 2016"}
{"polarity": 0.0, "location": "Boston, MA", "sentiment": "neutral", "time": "Mon Nov 07 04:13:35 +0000 2016"}
{"polarity": 0.4166666666666667, "location": "Orlando, FL", "sentiment": "positive", "time": "Mon Nov 07 04:13:46 +0000 2016"}
{"polarity": 0.0, "location": "San Diego, CA", "sentiment": "neutral", "time": "Mon Nov 07 04:13:53 +0000 2016"}
{"polarity": -0.625, "location": "Phoenix, AZ", "sentiment": "negative", "time": "Mon Nov 07 04:13:53 +0000 2016"}
{"polarity": 0.0, "location": "San Diego, CA", "sentiment": "neutral", "time": "Mon Nov 07 04:13:59 +0000 2016"}
{"polarity": 0.05, "location": "Portland, OR", "sentiment": "positive", "time": "Mon Nov 07 04:04:00 +0000 2016"}
{"polarity": 0.0, "location": "Atlanta, GA", "sentiment": "neutral", "time": "Mon Nov 07 04:04:02 +0000 2016"}
{"polarity": 0.3181818181818182, "location": "Phoenix, AZ", "sentiment": "positive", "time": "Mon Nov 07 04:04:19 +0000 2016"}
{"polarity": 0.0875, "location": "San Diego, CA", "sentiment": "positive", "time": "Mon Nov 07 04:04:19 +0000 2016"}
{"polarity": 0.16666666666666669, "location": "Boston, MA", "sentiment": "positive", "time": "Mon Nov 07 04:04:30 +0000 2016"}
{"polarity": 0.0, "location": "New York, NY", "sentiment": "neutral", "time": "Mon Nov 07 04:04:36 +0000 2016"}
{"polarity": 1.0, "location": "San Diego, CA", "sentiment": "positive", "time": "Mon Nov 07 04:04:42 +0000 2016"}
{"polarity": 0.25, "location": "Portland, OR", "sentiment": "positive", "time": "Mon Nov 07 04:04:52 +0000 2016"}
{"polarity": 0.0, "location": "San Diego, CA", "sentiment": "neutral", "time": "Mon Nov 07 04:04:54 +0000 2016"}
{"polarity": 0.0, "location": "Seattle, WA", "sentiment": "neutral", "time": "Mon Nov 07 04:04:56 +0000 2016"}
{"polarity": -0.3499999999999999, "location": "Seattle, WA", "sentiment": "negative", "time": "Mon Nov 07 06:39:15 +0000 2016"}
{"polarity": 0.0, "location": "San Diego, CA", "sentiment": "neutral", "time": "Mon Nov 07 06:39:33 +0000 2016"}
{"polarity": 0.0, "location": "Portland, OR", "sentiment": "neutral", "time": "Mon Nov 07 06:39:41 +0000 2016"}
{"polarity": 0.0, "location": "San Diego, CA", "sentiment": "neutral", "time": "Mon Nov 07 06:39:56 +0000 2016"}
{"polarity": 0.0, "location": "Orlando, FL", "sentiment": "neutral", "time": "Mon Nov 07 06:39:57 +0000 2016"}
{"polarity": 0.25, "location": "Portland, OR", "sentiment": "positive", "time": "Mon Nov 07 06:59:04 +0000 2016"}
{"polarity": 0.0, "location": "San Diego, CA", "sentiment": "neutral", "time": "Mon Nov 07 06:59:24 +0000 2016"}
{"polarity": 0.6, "location": "San Diego, CA", "sentiment": "positive", "time": "Mon Nov 07 06:59:33 +0000 2016"}
{"polarity": -0.3, "location": "Seattle, WA", "sentiment": "negative", "time": "Mon Nov 07 06:59:49 +0000 2016"}
{"polarity": -0.6999999999999998, "location": "Orlando, FL", "sentiment": "negative", "time": "Mon Nov 07 06:19:08 +0000 2016"}
{"polarity": 0.1, "location": "San Diego, CA", "sentiment": "positive", "time": "Mon Nov 07 06:19:17 +0000 2016"}
{"polarity": 0.0, "location": "Seattle, WA", "sentiment": "neutral", "time": "Mon Nov 07 06:19:21 +0000 2016"}
{"polarity": 0.0, "location": "Phoenix, AZ", "sentiment": "neutral", "time": "Mon Nov 07 06:19:21 +0000 2016"}
{"polarity": 0.25, "location": "Seattle, WA", "sentiment": "positive", "time": "Mon Nov 07 06:19:44 +0000 2016"}
{"polarity": 0.0, "location": "Seattle, WA", "sentiment": "neutral", "time": "Mon Nov 07 06:19:49 +0000 2016"}
{"polarity": 1.0, "location": "Seattle, WA", "sentiment": "positive", "time": "Mon Nov 07 06:19:51 +0000 2016"}
{"polarity": 0.0, "location": "San Diego, CA", "sentiment": "neutral", "time": "Mon Nov 07 06:19:53 +0000 2016"}
{"polarity": -0.3, "location": "Seattle, WA", "sentiment": "negative", "time": "Mon Nov 07 06:37:09 +0000 2016"}
{"polarity": 0.1677083333333333, "location": "Seattle, WA", "sentiment": "positive", "time": "Mon Nov 07 06:37:10 +0000 2016"}
{"polarity": 0.1, "location": "Atlanta, GA", "sentiment": "positive", "time": "Mon Nov 07 06:37:47 +0000 2016"}
{"polarity": 0.0, "location": "Atlanta, GA", "sentiment": "neutral", "time": "Mon Nov 07 06:37:55 +0000 2016"}
{"polarity": 0.0, "location": "Seattle, WA", "sentiment": "neutral", "time": "Mon Nov 07 06:31:08 +0000 2016"}
{"polarity": 0.0, "location": "Boston, MA", "sentiment": "neutral", "time": "Mon Nov 07 06:31:17 +0000 2016"}
{"polarity": 0.35, "location": "Orlando, FL", "sentiment": "positive", "time": "Mon Nov 07 06:31:26 +0000 2016"}
{"polarity": 0.0, "location": "Phoenix, AZ", "sentiment": "neutral", "time": "Mon Nov 07 06:31:29 +0000 2016"}
{"polarity": 0.0, "location": "Portland, OR", "sentiment": "neutral", "time": "Mon Nov 07 06:31:32 +0000 2016"}
{"polarity": -0.033333333333333326, "location": "Phoenix, AZ", "sentiment": "negative", "time": "Mon Nov 07 06:41:03 +0000 2016"}
{"polarity": -0.19999999999999998, "location": "Orlando, FL", "sentiment": "negative", "time": "Mon Nov 07 06:41:05 +0000 2016"}
{"polarity": 0.0, "location": "San Diego, CA", "sentiment": "neutral", "time": "Mon Nov 07 06:41:07 +0000 2016"}
{"polarity": 1.0, "location": "Seattle, WA", "sentiment": "positive", "time": "Mon Nov 07 06:41:17 +0000 2016"}
{"polarity": 0.0, "location": "New York, NY", "sentiment": "neutral", "time": "Mon Nov 07 06:41:22 +0000 2016"}
{"polarity": 0.2, "location": "San Diego, CA", "sentiment": "positive", "time": "Mon Nov 07 06:41:31 +0000 2016"}
{"polarity": 0.0, "location": "Boston, MA", "sentiment": "neutral", "time": "Mon Nov 07 06:41:33 +0000 2016"}
{"polarity": -0.16666666666666666, "location": "Atlanta, GA", "sentiment": "negative", "time": "Mon Nov 07 06:41:43 +0000 2016"}
{"polarity": 0.0, "location": "San Diego, CA", "sentiment": "neutral", "time": "Mon Nov 07 06:41:44 +0000 2016"}
{"polarity": 0.0, "location": "Orlando, FL", "sentiment": "neutral", "time": "Mon Nov 07 06:41:54 +0000 2016"}
{"polarity": 0.0, "location": "Phoenix, AZ", "sentiment": "neutral", "time": "Mon Nov 07 06:27:04 +0000 2016"}
{"polarity": 0.5, "location": "New York, NY", "sentiment": "positive", "time": "Mon Nov 07 06:27:24 +0000 2016"}
{"polarity": 0.0, "location": "Seattle, WA", "sentiment": "neutral", "time": "Mon Nov 07 06:27:26 +0000 2016"}
{"polarity": 0.0, "location": "San Diego, CA", "sentiment": "neutral", "time": "Mon Nov 07 06:27:27 +0000 2016"}
{"polarity": 0.0, "location": "Seattle, WA", "sentiment": "neutral", "time": "Mon Nov 07 06:27:33 +0000 2016"}
{"polarity": 0.13636363636363635, "location": "Seattle, WA", "sentiment": "positive", "time": "Mon Nov 07 06:27:37 +0000 2016"}
{"polarity": 0.0, "location": "Phoenix, AZ", "sentiment": "neutral", "time": "Mon Nov 07 06:27:38 +0000 2016"}
{"polarity": 0.5, "location": "Seattle, WA", "sentiment": "positive", "time": "Mon Nov 07 06:27:45 +0000 2016"}
{"polarity": -1.0, "location": "San Diego, CA", "sentiment": "negative", "time": "Mon Nov 07 06:57:06 +0000 2016"}
{"polarity": 0.0, "location": "San Diego, CA", "sentiment": "neutral", "time": "Mon Nov 07 06:57:10 +0000 2016"}
{"polarity": 0.0, "location": "New York, NY", "sentiment": "neutral", "time": "Mon Nov 07 06:57:15 +0000 2016"}
{"polarity": 0.0, "location": "Portland, OR", "sentiment": "neutral", "time": "Mon Nov 07 06:57:16 +0000 2016"}
{"polarity": 0.0, "location": "San Diego, CA", "sentiment": "neutral", "time": "Mon Nov 07 06:57:19 +0000 2016"}
{"polarity": 0.0, "location": "Atlanta, GA", "sentiment": "neutral", "time": "Mon Nov 07 06:57:58 +0000 2016"}
{"polarity": 0.6666666666666666, "location": "Seattle, WA", "sentiment": "positive", "time": "Mon Nov 07 06:57:59 +0000 2016"}
{"polarity": 0.0, "location": "Atlanta, GA", "sentiment": "neutral", "time": "Mon Nov 07 06:57:59 +0000 2016"}
{"polarity": 0.27999999999999997, "location": "Seattle, WA", "sentiment": "positive", "time": "Mon Nov 07 06:26:07 +0000 2016"}
{"polarity": 0.0, "location": "Phoenix, AZ", "sentiment": "neutral", "time": "Mon Nov 07 06:26:09 +0000 2016"}
{"polarity": 0.0, "location": "Portland, OR", "sentiment": "neutral", "time": "Mon Nov 07 06:26:16 +0000 2016"}
{"polarity": 0.0, "location": "Atlanta, GA", "sentiment": "neutral", "time": "Mon Nov 07 06:26:23 +0000 2016"}
{"polarity": 0.0, "location": "Atlanta, GA", "sentiment": "neutral", "time": "Mon Nov 07 06:26:25 +0000 2016"}
{"polarity": 0.15, "location": "San Diego, CA", "sentiment": "positive", "time": "Mon Nov 07 06:26:46 +0000 2016"}
{"polarity": 0.0, "location": "San Diego, CA", "sentiment": "neutral", "time": "Mon Nov 07 06:26:51 +0000 2016"}
{"polarity": 0.5, "location": "New York, NY", "sentiment": "positive", "time": "Mon Nov 07 06:26:56 +0000 2016"}
{"polarity": 0.0, "location": "Orlando, FL", "sentiment": "neutral", "time": "Mon Nov 07 06:26:58 +0000 2016"}
{"polarity": 0.0, "location": "Phoenix, AZ", "sentiment": "neutral", "time": "Mon Nov 07 06:58:11 +0000 2016"}
{"polarity": 0.13636363636363635, "location": "San Diego, CA", "sentiment": "positive", "time": "Mon Nov 07 06:58:15 +0000 2016"}
{"polarity": 0.0, "location": "Seattle, WA", "sentiment": "neutral", "time": "Mon Nov 07 06:58:20 +0000 2016"}
{"polarity": 0.0, "location": "Seattle, WA", "sentiment": "neutral", "time": "Mon Nov 07 06:58:39 +0000 2016"}
{"polarity": 0.0, "location": "San Diego, CA", "sentiment": "neutral", "time": "Mon Nov 07 06:58:53 +0000 2016"}
{"polarity": 0.3588541666666667, "location": "Phoenix, AZ", "sentiment": "positive", "time": "Mon Nov 07 06:58:56 +0000 2016"}
{"polarity": 0.0, "location": "Atlanta, GA", "sentiment": "neutral", "time": "Mon Nov 07 06:42:12 +0000 2016"}
{"polarity": 0.24285714285714285, "location": "Portland, OR", "sentiment": "positive", "time": "Mon Nov 07 06:42:19 +0000 2016"}
{"polarity": 0.0, "location": "New York, NY", "sentiment": "neutral", "time": "Mon Nov 07 06:42:23 +0000 2016"}
{"polarity": 0.4375, "location": "Seattle, WA", "sentiment": "positive", "time": "Mon Nov 07 06:42:48 +0000 2016"}
{"polarity": 0.0, "location": "Atlanta, GA", "sentiment": "neutral", "time": "Mon Nov 07 06:42:54 +0000 2016"}
{"polarity": -0.2, "location": "Atlanta, GA", "sentiment": "negative", "time": "Mon Nov 07 06:42:55 +0000 2016"}
{"polarity": 0.1, "location": "Phoenix, AZ", "sentiment": "positive", "time": "Mon Nov 07 06:42:59 +0000 2016"}
{"polarity": 0.0, "location": "San Diego, CA", "sentiment": "neutral", "time": "Mon Nov 07 06:50:32 +0000 2016"}
{"polarity": 0.0, "location": "New York, NY", "sentiment": "neutral", "time": "Mon Nov 07 06:15:17 +0000 2016"}
{"polarity": 0.0, "location": "New York, NY", "sentiment": "neutral", "time": "Mon Nov 07 06:15:21 +0000 2016"}
{"polarity": 0.0, "location": "San Diego, CA", "sentiment": "neutral", "time": "Mon Nov 07 06:15:28 +0000 2016"}
{"polarity": 0.0, "location": "San Diego, CA", "sentiment": "neutral", "time": "Mon Nov 07 06:15:48 +0000 2016"}
{"polarity": 0.0, "location": "San Diego, CA", "sentiment": "neutral", "time": "Mon Nov 07 06:15:57 +0000 2016"}
{"polarity": 0.0, "location": "San Diego, CA", "sentiment": "neutral", "time": "Mon Nov 07 06:38:05 +0000 2016"}
{"polarity": 0.1, "location": "Phoenix, AZ", "sentiment": "positive", "time": "Mon Nov 07 06:38:34 +0000 2016"}
{"polarity": 0.0, "location": "New York, NY", "sentiment": "neutral", "time": "Mon Nov 07 06:38:44 +0000 2016"}
{"polarity": 0.2857142857142857, "location": "Atlanta, GA", "sentiment": "positive", "time": "Mon Nov 07 06:21:03 +0000 2016"}
{"polarity": 0.0, "location": "San Diego, CA", "sentiment": "neutral", "time": "Mon Nov 07 06:21:12 +0000 2016"}
{"polarity": 0.5, "location": "Seattle, WA", "sentiment": "positive", "time": "Mon Nov 07 06:21:44 +0000 2016"}
{"polarity": 0.0, "location": "Orlando, FL", "sentiment": "neutral", "time": "Mon Nov 07 06:21:44 +0000 2016"}
{"polarity": 0.55, "location": "Atlanta, GA", "sentiment": "positive", "time": "Mon Nov 07 06:17:03 +0000 2016"}
{"polarity": 0.65, "location": "New York, NY", "sentiment": "positive", "time": "Mon Nov 07 06:17:04 +0000 2016"}
{"polarity": 0.0, "location": "Orlando, FL", "sentiment": "neutral", "time": "Mon Nov 07 06:17:15 +0000 2016"}
{"polarity": 0.625, "location": "New York, NY", "sentiment": "positive", "time": "Mon Nov 07 06:17:24 +0000 2016"}
{"polarity": 0.0, "location": "Orlando, FL", "sentiment": "neutral", "time": "Mon Nov 07 06:17:31 +0000 2016"}
{"polarity": -0.19999999999999998, "location": "Atlanta, GA", "sentiment": "negative", "time": "Mon Nov 07 06:17:31 +0000 2016"}
{"polarity": 0.2, "location": "Orlando, FL", "sentiment": "positive", "time": "Mon Nov 07 06:17:44 +0000 2016"}
{"polarity": 0.0, "location": "Orlando, FL", "sentiment": "neutral", "time": "Mon Nov 07 06:17:45 +0000 2016"}
{"polarity": 0.0, "location": "San Diego, CA", "sentiment": "neutral", "time": "Mon Nov 07 06:17:54 +0000 2016"}
{"polarity": -0.6999999999999998, "location": "New York, NY", "sentiment": "negative", "time": "Mon Nov 07 06:12:13 +0000 2016"}
{"polarity": 0.0, "location": "San Diego, CA", "sentiment": "neutral", "time": "Mon Nov 07 06:12:29 +0000 2016"}
{"polarity": 0.6, "location": "Atlanta, GA", "sentiment": "positive", "time": "Mon Nov 07 06:29:05 +0000 2016"}
{"polarity": 0.25, "location": "Atlanta, GA", "sentiment": "positive", "time": "Mon Nov 07 06:29:07 +0000 2016"}
{"polarity": 0.0, "location": "New York, NY", "sentiment": "neutral", "time": "Mon Nov 07 06:29:07 +0000 2016"}
{"polarity": 0.0, "location": "New York, NY", "sentiment": "neutral", "time": "Mon Nov 07 06:29:15 +0000 2016"}
{"polarity": 0.3833333333333333, "location": "Seattle, WA", "sentiment": "positive", "time": "Mon Nov 07 06:29:16 +0000 2016"}
{"polarity": 0.0, "location": "Atlanta, GA", "sentiment": "neutral", "time": "Mon Nov 07 06:29:22 +0000 2016"}
{"polarity": 0.0, "location": "Phoenix, AZ", "sentiment": "neutral", "time": "Mon Nov 07 06:29:25 +0000 2016"}
{"polarity": 0.8, "location": "St. Louis, MO", "sentiment": "positive", "time": "Mon Nov 07 06:29:36 +0000 2016"}
{"polarity": 0.0, "location": "Seattle, WA", "sentiment": "neutral", "time": "Mon Nov 07 06:29:37 +0000 2016"}
{"polarity": 0.5, "location": "Orlando, FL", "sentiment": "positive", "time": "Mon Nov 07 06:29:44 +0000 2016"}
{"polarity": 0.0, "location": "Portland, OR", "sentiment": "neutral", "time": "Mon Nov 07 06:29:44 +0000 2016"}
{"polarity": 0.0, "location": "Orlando, FL", "sentiment": "neutral", "time": "Mon Nov 07 06:29:50 +0000 2016"}
{"polarity": 0.0, "location": "New York, NY", "sentiment": "neutral", "time": "Mon Nov 07 06:29:53 +0000 2016"}
{"polarity": 0.0, "location": "Seattle, WA", "sentiment": "neutral", "time": "Mon Nov 07 06:18:09 +0000 2016"}
{"polarity": 0.0, "location": "Phoenix, AZ", "sentiment": "neutral", "time": "Mon Nov 07 06:18:11 +0000 2016"}
{"polarity": 0.5, "location": "Atlanta, GA", "sentiment": "positive", "time": "Mon Nov 07 06:18:12 +0000 2016"}
{"polarity": -0.05, "location": "Seattle, WA", "sentiment": "negative", "time": "Mon Nov 07 06:18:16 +0000 2016"}
{"polarity": 0.0, "location": "Atlanta, GA", "sentiment": "neutral", "time": "Mon Nov 07 06:18:17 +0000 2016"}
{"polarity": -0.15555555555555559, "location": "San Diego, CA", "sentiment": "negative", "time": "Mon Nov 07 06:18:18 +0000 2016"}
{"polarity": 0.0, "location": "New York, NY", "sentiment": "neutral", "time": "Mon Nov 07 06:18:45 +0000 2016"}
{"polarity": 0.35, "location": "New York, NY", "sentiment": "positive", "time": "Mon Nov 07 06:18:56 +0000 2016"}
{"polarity": 0.4681818181818182, "location": "Portland, OR", "sentiment": "positive", "time": "Mon Nov 07 06:46:05 +0000 2016"}
{"polarity": -0.18181818181818182, "location": "Phoenix, AZ", "sentiment": "negative", "time": "Mon Nov 07 06:46:09 +0000 2016"}
{"polarity": -0.4, "location": "Portland, OR", "sentiment": "negative", "time": "Mon Nov 07 06:46:33 +0000 2016"}
{"polarity": 0.0, "location": "Seattle, WA", "sentiment": "neutral", "time": "Mon Nov 07 06:46:37 +0000 2016"}
{"polarity": 0.5, "location": "Portland, OR", "sentiment": "positive", "time": "Mon Nov 07 06:46:43 +0000 2016"}
{"polarity": 0.8, "location": "New York, NY", "sentiment": "positive", "time": "Mon Nov 07 06:46:43 +0000 2016"}
{"polarity": -0.5, "location": "Seattle, WA", "sentiment": "negative", "time": "Mon Nov 07 06:46:52 +0000 2016"}
{"polarity": 0.17045454545454544, "location": "New York, NY", "sentiment": "positive", "time": "Mon Nov 07 06:46:57 +0000 2016"}
{"polarity": 0.0, "location": "New York, NY", "sentiment": "neutral", "time": "Mon Nov 07 06:00:00 +0000 2016"}
{"polarity": 0.0, "location": "San Diego, CA", "sentiment": "neutral", "time": "Mon Nov 07 06:00:03 +0000 2016"}
{"polarity": 0.0, "location": "San Diego, CA", "sentiment": "neutral", "time": "Mon Nov 07 06:34:17 +0000 2016"}
{"polarity": 0.0, "location": "San Diego, CA", "sentiment": "neutral", "time": "Mon Nov 07 06:34:21 +0000 2016"}
{"polarity": 0.5, "location": "New York, NY", "sentiment": "positive", "time": "Mon Nov 07 06:34:24 +0000 2016"}
{"polarity": 0.03333333333333333, "location": "Atlanta, GA", "sentiment": "positive", "time": "Mon Nov 07 06:34:40 +0000 2016"}
{"polarity": 0.25, "location": "Atlanta, GA", "sentiment": "positive", "time": "Mon Nov 07 06:56:00 +0000 2016"}
{"polarity": 0.27, "location": "Phoenix, AZ", "sentiment": "positive", "time": "Mon Nov 07 06:56:06 +0000 2016"}
{"polarity": -0.14583333333333334, "location": "New York, NY", "sentiment": "negative", "time": "Mon Nov 07 06:56:16 +0000 2016"}
{"polarity": 0.0, "location": "Portland, OR", "sentiment": "neutral", "time": "Mon Nov 07 06:56:18 +0000 2016"}
{"polarity": 0.43333333333333335, "location": "Phoenix, AZ", "sentiment": "positive", "time": "Mon Nov 07 06:56:22 +0000 2016"}
{"polarity": 0.5, "location": "San Diego, CA", "sentiment": "positive", "time": "Mon Nov 07 06:56:33 +0000 2016"}
{"polarity": 0.41666666666666663, "location": "Seattle, WA", "sentiment": "positive", "time": "Mon Nov 07 06:56:36 +0000 2016"}
{"polarity": -0.30000000000000004, "location": "San Diego, CA", "sentiment": "negative", "time": "Mon Nov 07 06:56:45 +0000 2016"}
{"polarity": 0.0, "location": "Phoenix, AZ", "sentiment": "neutral", "time": "Mon Nov 07 06:56:47 +0000 2016"}
{"polarity": -1.0, "location": "San Diego, CA", "sentiment": "negative", "time": "Mon Nov 07 06:56:49 +0000 2016"}
{"polarity": 0.0, "location": "Portland, OR", "sentiment": "neutral", "time": "Mon Nov 07 06:56:51 +0000 2016"}
{"polarity": 0.35, "location": "Seattle, WA", "sentiment": "positive", "time": "Mon Nov 07 06:47:04 +0000 2016"}
{"polarity": 0.2681818181818182, "location": "Seattle, WA", "sentiment": "positive", "time": "Mon Nov 07 06:47:18 +0000 2016"}
{"polarity": 0.0, "location": "Portland, OR", "sentiment": "neutral", "time": "Mon Nov 07 06:47:37 +0000 2016"}
{"polarity": -0.2, "location": "New York, NY", "sentiment": "negative", "time": "Mon Nov 07 06:47:42 +0000 2016"}
{"polarity": 0.0, "location": "San Diego, CA", "sentiment": "neutral", "time": "Mon Nov 07 06:52:28 +0000 2016"}
{"polarity": 0.0, "location": "Seattle, WA", "sentiment": "neutral", "time": "Mon Nov 07 06:52:51 +0000 2016"}
{"polarity": 0.1, "location": "San Diego, CA", "sentiment": "positive", "time": "Mon Nov 07 06:52:53 +0000 2016"}
{"polarity": 0.0, "location": "Atlanta, GA", "sentiment": "neutral", "time": "Mon Nov 07 06:53:03 +0000 2016"}
{"polarity": 0.25, "location": "Phoenix, AZ", "sentiment": "positive", "time": "Mon Nov 07 06:53:05 +0000 2016"}
{"polarity": -0.4, "location": "New York, NY", "sentiment": "negative", "time": "Mon Nov 07 06:53:16 +0000 2016"}
{"polarity": 0.0, "location": "Seattle, WA", "sentiment": "neutral", "time": "Mon Nov 07 06:53:54 +0000 2016"}
{"polarity": 0.6, "location": "New York, NY", "sentiment": "positive", "time": "Mon Nov 07 06:02:30 +0000 2016"}
{"polarity": 0.0, "location": "Seattle, WA", "sentiment": "neutral", "time": "Mon Nov 07 06:48:03 +0000 2016"}
{"polarity": 0.0, "location": "Boston, MA", "sentiment": "neutral", "time": "Mon Nov 07 06:48:08 +0000 2016"}
{"polarity": 0.0, "location": "Atlanta, GA", "sentiment": "neutral", "time": "Mon Nov 07 06:48:12 +0000 2016"}
{"polarity": 0.0, "location": "Seattle, WA", "sentiment": "neutral", "time": "Mon Nov 07 06:48:25 +0000 2016"}
{"polarity": 0.8, "location": "Phoenix, AZ", "sentiment": "positive", "time": "Mon Nov 07 06:48:25 +0000 2016"}
{"polarity": 0.0, "location": "Seattle, WA", "sentiment": "neutral", "time": "Mon Nov 07 06:48:35 +0000 2016"}
{"polarity": 0.0, "location": "Portland, OR", "sentiment": "neutral", "time": "Mon Nov 07 06:48:40 +0000 2016"}
{"polarity": 0.0, "location": "Atlanta, GA", "sentiment": "neutral", "time": "Mon Nov 07 06:25:10 +0000 2016"}
{"polarity": 0.0, "location": "Seattle, WA", "sentiment": "neutral", "time": "Mon Nov 07 06:25:14 +0000 2016"}
{"polarity": 0.0, "location": "San Diego, CA", "sentiment": "neutral", "time": "Mon Nov 07 06:25:14 +0000 2016"}
{"polarity": 0.0, "location": "Boston, MA", "sentiment": "neutral", "time": "Mon Nov 07 06:25:21 +0000 2016"}
{"polarity": 0.0, "location": "Atlanta, GA", "sentiment": "neutral", "time": "Mon Nov 07 06:25:29 +0000 2016"}
{"polarity": 0.0, "location": "Phoenix, AZ", "sentiment": "neutral", "time": "Mon Nov 07 06:25:30 +0000 2016"}
{"polarity": 0.0, "location": "Phoenix, AZ", "sentiment": "neutral", "time": "Mon Nov 07 06:25:33 +0000 2016"}
{"polarity": -1.0, "location": "New York, NY", "sentiment": "negative", "time": "Mon Nov 07 06:25:36 +0000 2016"}
{"polarity": 0.125, "location": "Atlanta, GA", "sentiment": "positive", "time": "Mon Nov 07 06:25:48 +0000 2016"}
{"polarity": 0.0, "location": "Orlando, FL", "sentiment": "neutral", "time": "Mon Nov 07 06:25:51 +0000 2016"}
{"polarity": -0.3, "location": "Phoenix, AZ", "sentiment": "negative", "time": "Mon Nov 07 06:25:52 +0000 2016"}
{"polarity": -1.0, "location": "Phoenix, AZ", "sentiment": "negative", "time": "Mon Nov 07 06:25:54 +0000 2016"}
{"polarity": 0.5, "location": "Seattle, WA", "sentiment": "positive", "time": "Mon Nov 07 06:25:56 +0000 2016"}
{"polarity": 0.6, "location": "Phoenix, AZ", "sentiment": "positive", "time": "Mon Nov 07 06:16:08 +0000 2016"}
{"polarity": -0.2333333333333333, "location": "San Diego, CA", "sentiment": "negative", "time": "Mon Nov 07 06:16:10 +0000 2016"}
{"polarity": 0.0, "location": "Orlando, FL", "sentiment": "neutral", "time": "Mon Nov 07 06:16:25 +0000 2016"}
{"polarity": 0.0, "location": "San Diego, CA", "sentiment": "neutral", "time": "Mon Nov 07 06:14:39 +0000 2016"}
{"polarity": 0.1, "location": "New York, NY", "sentiment": "positive", "time": "Mon Nov 07 06:23:08 +0000 2016"}
{"polarity": 0.0, "location": "New York, NY", "sentiment": "neutral", "time": "Mon Nov 07 06:23:09 +0000 2016"}
{"polarity": 0.0, "location": "Seattle, WA", "sentiment": "neutral", "time": "Mon Nov 07 06:23:28 +0000 2016"}
{"polarity": 0.1, "location": "New York, NY", "sentiment": "positive", "time": "Mon Nov 07 06:23:31 +0000 2016"}
{"polarity": 0.0, "location": "Atlanta, GA", "sentiment": "neutral", "time": "Mon Nov 07 06:23:40 +0000 2016"}
{"polarity": 0.0, "location": "Seattle, WA", "sentiment": "neutral", "time": "Mon Nov 07 06:23:41 +0000 2016"}
{"polarity": 0.0, "location": "Boston, MA", "sentiment": "neutral", "time": "Mon Nov 07 06:51:00 +0000 2016"}
{"polarity": 0.225, "location": "New York, NY", "sentiment": "positive", "time": "Mon Nov 07 06:30:12 +0000 2016"}
{"polarity": 0.48750000000000004, "location": "San Diego, CA", "sentiment": "positive", "time": "Mon Nov 07 06:30:15 +0000 2016"}
{"polarity": 0.0, "location": "Seattle, WA", "sentiment": "neutral", "time": "Mon Nov 07 06:30:18 +0000 2016"}
{"polarity": 0.13636363636363635, "location": "Phoenix, AZ", "sentiment": "positive", "time": "Mon Nov 07 06:30:31 +0000 2016"}
{"polarity": 0.375, "location": "San Diego, CA", "sentiment": "positive", "time": "Mon Nov 07 06:30:34 +0000 2016"}
{"polarity": 0.45, "location": "New York, NY", "sentiment": "positive", "time": "Mon Nov 07 06:30:40 +0000 2016"}
{"polarity": -0.15555555555555559, "location": "Seattle, WA", "sentiment": "negative", "time": "Mon Nov 07 06:40:03 +0000 2016"}
{"polarity": 0.0, "location": "Seattle, WA", "sentiment": "neutral", "time": "Mon Nov 07 06:40:09 +0000 2016"}
{"polarity": 0.0, "location": "Orlando, FL", "sentiment": "neutral", "time": "Mon Nov 07 06:40:15 +0000 2016"}
{"polarity": -0.5, "location": "Phoenix, AZ", "sentiment": "negative", "time": "Mon Nov 07 06:35:00 +0000 2016"}
{"polarity": 0.0, "location": "Orlando, FL", "sentiment": "neutral", "time": "Mon Nov 07 06:35:03 +0000 2016"}
{"polarity": 0.0, "location": "New York, NY", "sentiment": "neutral", "time": "Mon Nov 07 06:35:07 +0000 2016"}
{"polarity": 0.0, "location": "Portland, OR", "sentiment": "neutral", "time": "Mon Nov 07 06:35:40 +0000 2016"}
{"polarity": 0.0, "location": "Atlanta, GA", "sentiment": "neutral", "time": "Mon Nov 07 06:35:42 +0000 2016"}
{"polarity": 0.6, "location": "Seattle, WA", "sentiment": "positive", "time": "Mon Nov 07 06:35:48 +0000 2016"}
{"polarity": 0.25, "location": "New York, NY", "sentiment": "positive", "time": "Mon Nov 07 06:43:00 +0000 2016"}
{"polarity": 0.12777777777777777, "location": "New York, NY", "sentiment": "positive", "time": "Mon Nov 07 06:43:13 +0000 2016"}
{"polarity": 0.0, "location": "New York, NY", "sentiment": "neutral", "time": "Mon Nov 07 06:43:28 +0000 2016"}
{"polarity": 0.35000000000000003, "location": "San Diego, CA", "sentiment": "positive", "time": "Mon Nov 07 06:43:54 +0000 2016"}
{"polarity": 0.0, "location": "Phoenix, AZ", "sentiment": "neutral", "time": "Mon Nov 07 06:54:05 +0000 2016"}
{"polarity": 0.0, "location": "San Diego, CA", "sentiment": "neutral", "time": "Mon Nov 07 06:54:08 +0000 2016"}
{"polarity": 0.0, "location": "San Diego, CA", "sentiment": "neutral", "time": "Mon Nov 07 06:54:25 +0000 2016"}
{"polarity": 0.02777777777777778, "location": "New York, NY", "sentiment": "positive", "time": "Mon Nov 07 06:54:38 +0000 2016"}
{"polarity": 0.0, "location": "Seattle, WA", "sentiment": "neutral", "time": "Mon Nov 07 06:54:48 +0000 2016"}
{"polarity": 0.0, "location": "San Diego, CA", "sentiment": "neutral", "time": "Mon Nov 07 06:24:07 +0000 2016"}
{"polarity": -0.7142857142857143, "location": "Phoenix, AZ", "sentiment": "negative", "time": "Mon Nov 07 06:24:29 +0000 2016"}
{"polarity": 0.0, "location": "Orlando, FL", "sentiment": "neutral", "time": "Mon Nov 07 06:24:36 +0000 2016"}
{"polarity": -0.05, "location": "Seattle, WA", "sentiment": "negative", "time": "Mon Nov 07 06:24:36 +0000 2016"}
{"polarity": 0.0, "location": "Boston, MA", "sentiment": "neutral", "time": "Mon Nov 07 06:24:40 +0000 2016"}
{"polarity": 0.0, "location": "New York, NY", "sentiment": "neutral", "time": "Mon Nov 07 06:24:52 +0000 2016"}
{"polarity": 0.0, "location": "Portland, OR", "sentiment": "neutral", "time": "Mon Nov 07 06:32:06 +0000 2016"}
{"polarity": -0.15555555555555559, "location": "New York, NY", "sentiment": "negative", "time": "Mon Nov 07 06:32:11 +0000 2016"}
{"polarity": 0.0, "location": "New York, NY", "sentiment": "neutral", "time": "Mon Nov 07 06:32:23 +0000 2016"}
{"polarity": 0.25, "location": "New York, NY", "sentiment": "positive", "time": "Mon Nov 07 06:32:33 +0000 2016"}
{"polarity": 0.375, "location": "San Diego, CA", "sentiment": "positive", "time": "Mon Nov 07 06:32:42 +0000 2016"}
{"polarity": 0.0, "location": "Seattle, WA", "sentiment": "neutral", "time": "Mon Nov 07 06:32:54 +0000 2016"}
{"polarity": 0.0, "location": "Atlanta, GA", "sentiment": "neutral", "time": "Mon Nov 07 06:36:00 +0000 2016"}
{"polarity": 0.0, "location": "St. Louis, MO", "sentiment": "neutral", "time": "Mon Nov 07 06:36:10 +0000 2016"}
{"polarity": 0.0, "location": "New York, NY", "sentiment": "neutral", "time": "Mon Nov 07 06:36:14 +0000 2016"}
{"polarity": 0.8, "location": "Atlanta, GA", "sentiment": "positive", "time": "Mon Nov 07 06:36:15 +0000 2016"}
{"polarity": -0.5, "location": "Orlando, FL", "sentiment": "negative", "time": "Mon Nov 07 06:36:35 +0000 2016"}
{"polarity": 0.0, "location": "Orlando, FL", "sentiment": "neutral", "time": "Mon Nov 07 06:36:36 +0000 2016"}
{"polarity": 0.0, "location": "Boston, MA", "sentiment": "neutral", "time": "Mon Nov 07 06:36:46 +0000 2016"}
{"polarity": 0.0, "location": "Portland, OR", "sentiment": "neutral", "time": "Mon Nov 07 06:36:56 +0000 2016"}
{"polarity": -0.5, "location": "Atlanta, GA", "sentiment": "negative", "time": "Mon Nov 07 06:01:09 +0000 2016"}
{"polarity": 0.09127272727272728, "location": "Seattle, WA", "sentiment": "positive", "time": "Mon Nov 07 06:55:00 +0000 2016"}
{"polarity": 0.5, "location": "Portland, OR", "sentiment": "positive", "time": "Mon Nov 07 06:55:08 +0000 2016"}
{"polarity": -0.625, "location": "New York, NY", "sentiment": "negative", "time": "Mon Nov 07 06:55:17 +0000 2016"}
{"polarity": 0.0, "location": "Seattle, WA", "sentiment": "neutral", "time": "Mon Nov 07 06:55:19 +0000 2016"}
{"polarity": 0.0, "location": "New York, NY", "sentiment": "neutral", "time": "Mon Nov 07 06:55:30 +0000 2016"}
{"polarity": -0.2, "location": "New York, NY", "sentiment": "negative", "time": "Mon Nov 07 06:55:58 +0000 2016"}
{"polarity": 0.1, "location": "Portland, OR", "sentiment": "positive", "time": "Mon Nov 07 06:33:00 +0000 2016"}
{"polarity": -0.15555555555555559, "location": "New York, NY", "sentiment": "negative", "time": "Mon Nov 07 06:33:15 +0000 2016"}
{"polarity": -0.15555555555555559, "location": "Orlando, FL", "sentiment": "negative", "time": "Mon Nov 07 06:33:19 +0000 2016"}
{"polarity": 0.48828125, "location": "New York, NY", "sentiment": "positive", "time": "Mon Nov 07 06:33:20 +0000 2016"}
{"polarity": -0.6, "location": "Portland, OR", "sentiment": "negative", "time": "Mon Nov 07 06:33:23 +0000 2016"}
{"polarity": 0.16, "location": "New York, NY", "sentiment": "positive", "time": "Mon Nov 07 06:33:36 +0000 2016"}
{"polarity": 0.0, "location": "Orlando, FL", "sentiment": "neutral", "time": "Mon Nov 07 06:33:54 +0000 2016"}
{"polarity": 0.1, "location": "San Diego, CA", "sentiment": "positive", "time": "Mon Nov 07 06:33:59 +0000 2016"}
{"polarity": 0.0, "location": "Seattle, WA", "sentiment": "neutral", "time": "Mon Nov 07 06:33:59 +0000 2016"}
{"polarity": 0.0, "location": "New York, NY", "sentiment": "neutral", "time": "Mon Nov 07 06:44:03 +0000 2016"}
{"polarity": 0.1, "location": "New York, NY", "sentiment": "positive", "time": "Mon Nov 07 06:44:17 +0000 2016"}
{"polarity": 0.0, "location": "New York, NY", "sentiment": "neutral", "time": "Mon Nov 07 06:44:18 +0000 2016"}
{"polarity": 0.0, "location": "Seattle, WA", "sentiment": "neutral", "time": "Mon Nov 07 06:44:32 +0000 2016"}
{"polarity": -0.35625, "location": "San Diego, CA", "sentiment": "negative", "time": "Mon Nov 07 06:44:47 +0000 2016"}
{"polarity": 0.5, "location": "Seattle, WA", "sentiment": "positive", "time": "Mon Nov 07 06:44:49 +0000 2016"}
{"polarity": 0.55, "location": "Orlando, FL", "sentiment": "positive", "time": "Mon Nov 07 06:28:06 +0000 2016"}
{"polarity": -0.15555555555555559, "location": "New York, NY", "sentiment": "negative", "time": "Mon Nov 07 06:28:07 +0000 2016"}
{"polarity": 0.0, "location": "Boston, MA", "sentiment": "neutral", "time": "Mon Nov 07 06:28:10 +0000 2016"}
{"polarity": 0.2, "location": "Seattle, WA", "sentiment": "positive", "time": "Mon Nov 07 06:28:36 +0000 2016"}
{"polarity": 0.0, "location": "New York, NY", "sentiment": "neutral", "time": "Mon Nov 07 06:28:37 +0000 2016"}
{"polarity": -0.0625, "location": "New York, NY", "sentiment": "negative", "time": "Mon Nov 07 06:28:50 +0000 2016"}
{"polarity": 0.0, "location": "San Diego, CA", "sentiment": "neutral", "time": "Mon Nov 07 06:22:00 +0000 2016"}
{"polarity": -0.15555555555555559, "location": "Phoenix, AZ", "sentiment": "negative", "time": "Mon Nov 07 06:22:21 +0000 2016"}
{"polarity": 0.008333333333333331, "location": "Phoenix, AZ", "sentiment": "positive", "time": "Mon Nov 07 06:22:25 +0000 2016"}
{"polarity": 0.0, "location": "Atlanta, GA", "sentiment": "neutral", "time": "Mon Nov 07 06:22:26 +0000 2016"}
{"polarity": 0.0, "location": "New York, NY", "sentiment": "neutral", "time": "Mon Nov 07 06:22:34 +0000 2016"}
{"polarity": 0.0, "location": "Atlanta, GA", "sentiment": "neutral", "time": "Mon Nov 07 06:22:34 +0000 2016"}
{"polarity": 0.12499999999999999, "location": "Seattle, WA", "sentiment": "positive", "time": "Mon Nov 07 06:22:41 +0000 2016"}
{"polarity": 0.0, "location": "New York, NY", "sentiment": "neutral", "time": "Mon Nov 07 06:22:57 +0000 2016"}
{"polarity": 0.5, "location": "Boston, MA", "sentiment": "positive", "time": "Mon Nov 07 06:49:10 +0000 2016"}
{"polarity": -0.012499999999999997, "location": "New York, NY", "sentiment": "negative", "time": "Mon Nov 07 06:49:14 +0000 2016"}
{"polarity": 0.07857142857142854, "location": "Seattle, WA", "sentiment": "positive", "time": "Mon Nov 07 06:49:30 +0000 2016"}
{"polarity": 0.0, "location": "Phoenix, AZ", "sentiment": "neutral", "time": "Mon Nov 07 06:49:32 +0000 2016"}
{"polarity": 0.2, "location": "San Diego, CA", "sentiment": "positive", "time": "Mon Nov 07 06:49:33 +0000 2016"}
{"polarity": 0.0, "location": "New York, NY", "sentiment": "neutral", "time": "Mon Nov 07 06:49:35 +0000 2016"}
{"polarity": 0.0, "location": "Portland, OR", "sentiment": "neutral", "time": "Mon Nov 07 06:49:48 +0000 2016"}
{"polarity": 0.17045454545454544, "location": "New York, NY", "sentiment": "positive", "time": "Mon Nov 07 06:49:52 +0000 2016"}
{"polarity": 0.0, "location": "San Diego, CA", "sentiment": "neutral", "time": "Mon Nov 07 06:45:12 +0000 2016"}
{"polarity": 0.0, "location": "Boston, MA", "sentiment": "neutral", "time": "Mon Nov 07 06:45:52 +0000 2016"}
{"polarity": 0.0, "location": "Portland, OR", "sentiment": "neutral", "time": "Mon Nov 07 06:45:55 +0000 2016"}
{"polarity": 0.4, "location": "Portland, OR", "sentiment": "positive", "time": "Mon Nov 07 06:20:35 +0000 2016"}
{"polarity": 0.275, "location": "Atlanta, GA", "sentiment": "positive", "time": "Mon Nov 07 06:20:40 +0000 2016"}
{"polarity": 0.0, "location": "Seattle, WA", "sentiment": "neutral", "time": "Mon Nov 07 06:20:42 +0000 2016"}
{"polarity": 0.0, "location": "Phoenix, AZ", "sentiment": "neutral", "time": "Mon Nov 07 06:20:43 +0000 2016"}
{"polarity": 0.0, "location": "Seattle, WA", "sentiment": "neutral", "time": "Mon Nov 07 06:20:51 +0000 2016"}
{"polarity": -0.15555555555555559, "location": "Phoenix, AZ", "sentiment": "negative", "time": "Sun Nov 06 18:39:01 +0000 2016"}
{"polarity": 0.0, "location": "New York, NY", "sentiment": "neutral", "time": "Sun Nov 06 18:39:06 +0000 2016"}
{"polarity": 0.16193181818181818, "location": "Phoenix, AZ", "sentiment": "positive", "time": "Sun Nov 06 18:39:10 +0000 2016"}
{"polarity": 0.0, "location": "Orlando, FL", "sentiment": "neutral", "time": "Sun Nov 06 18:39:12 +0000 2016"}
{"polarity": 0.2857142857142857, "location": "New York, NY", "sentiment": "positive", "time": "Sun Nov 06 18:39:20 +0000 2016"}
{"polarity": 0.25, "location": "Portland, OR", "sentiment": "positive", "time": "Sun Nov 06 18:39:22 +0000 2016"}
{"polarity": 0.8, "location": "Atlanta, GA", "sentiment": "positive", "time": "Sun Nov 06 18:39:34 +0000 2016"}
{"polarity": 0.0, "location": "San Diego, CA", "sentiment": "neutral", "time": "Sun Nov 06 18:39:36 +0000 2016"}
{"polarity": 1.0, "location": "Orlando, FL", "sentiment": "positive", "time": "Sun Nov 06 18:39:37 +0000 2016"}
{"polarity": 0.0, "location": "Atlanta, GA", "sentiment": "neutral", "time": "Sun Nov 06 18:39:40 +0000 2016"}
{"polarity": 0.0, "location": "Boston, MA", "sentiment": "neutral", "time": "Sun Nov 06 18:39:42 +0000 2016"}
{"polarity": 0.0, "location": "Atlanta, GA", "sentiment": "neutral", "time": "Sun Nov 06 18:39:45 +0000 2016"}
{"polarity": 0.0, "location": "San Diego, CA", "sentiment": "neutral", "time": "Sun Nov 06 18:39:47 +0000 2016"}
{"polarity": 0.0, "location": "New York, NY", "sentiment": "neutral", "time": "Sun Nov 06 18:39:48 +0000 2016"}
{"polarity": 0.16666666666666669, "location": "Seattle, WA", "sentiment": "positive", "time": "Sun Nov 06 18:39:56 +0000 2016"}
{"polarity": -1.0, "location": "San Diego, CA", "sentiment": "negative", "time": "Sun Nov 06 18:59:07 +0000 2016"}
{"polarity": 0.5, "location": "New York, NY", "sentiment": "positive", "time": "Sun Nov 06 18:59:21 +0000 2016"}
{"polarity": 0.4, "location": "Seattle, WA", "sentiment": "positive", "time": "Sun Nov 06 18:59:22 +0000 2016"}
{"polarity": 0.0, "location": "Atlanta, GA", "sentiment": "neutral", "time": "Sun Nov 06 18:59:30 +0000 2016"}
{"polarity": 1.0, "location": "Atlanta, GA", "sentiment": "positive", "time": "Sun Nov 06 18:59:30 +0000 2016"}
{"polarity": 0.0, "location": "New York, NY", "sentiment": "neutral", "time": "Sun Nov 06 18:59:34 +0000 2016"}
{"polarity": -0.04999999999999999, "location": "Atlanta, GA", "sentiment": "negative", "time": "Sun Nov 06 18:59:53 +0000 2016"}
{"polarity": 0.0, "location": "Boston, MA", "sentiment": "neutral", "time": "Sun Nov 06 18:59:54 +0000 2016"}
{"polarity": 0.25, "location": "Boston, MA", "sentiment": "positive", "time": "Sun Nov 06 18:59:57 +0000 2016"}
{"polarity": 0.0, "location": "San Diego, CA", "sentiment": "neutral", "time": "Sun Nov 06 18:19:07 +0000 2016"}
{"polarity": 0.5, "location": "Atlanta, GA", "sentiment": "positive", "time": "Sun Nov 06 18:19:12 +0000 2016"}
{"polarity": 0.8, "location": "New York, NY", "sentiment": "positive", "time": "Sun Nov 06 18:19:16 +0000 2016"}
{"polarity": 0.0, "location": "Atlanta, GA", "sentiment": "neutral", "time": "Sun Nov 06 18:19:25 +0000 2016"}
{"polarity": -0.4, "location": "Orlando, FL", "sentiment": "negative", "time": "Sun Nov 06 18:19:27 +0000 2016"}
{"polarity": 0.0, "location": "Orlando, FL", "sentiment": "neutral", "time": "Sun Nov 06 18:19:34 +0000 2016"}
{"polarity": 0.0, "location": "Phoenix, AZ", "sentiment": "neutral", "time": "Sun Nov 06 18:19:37 +0000 2016"}
{"polarity": 0.11666666666666668, "location": "San Diego, CA", "sentiment": "positive", "time": "Sun Nov 06 18:19:41 +0000 2016"}
{"polarity": 0.425, "location": "Boston, MA", "sentiment": "positive", "time": "Sun Nov 06 18:19:42 +0000 2016"}
{"polarity": 0.24999999999999997, "location": "Boston, MA", "sentiment": "positive", "time": "Sun Nov 06 18:19:44 +0000 2016"}
{"polarity": 0.0, "location": "Orlando, FL", "sentiment": "neutral", "time": "Sun Nov 06 18:37:06 +0000 2016"}
{"polarity": 0.0, "location": "New York, NY", "sentiment": "neutral", "time": "Sun Nov 06 18:37:07 +0000 2016"}
{"polarity": 0.0, "location": "San Diego, CA", "sentiment": "neutral", "time": "Sun Nov 06 18:37:19 +0000 2016"}
{"polarity": 0.0, "location": "Atlanta, GA", "sentiment": "neutral", "time": "Sun Nov 06 18:37:22 +0000 2016"}
{"polarity": 0.0, "location": "Atlanta, GA", "sentiment": "neutral", "time": "Sun Nov 06 18:37:34 +0000 2016"}
{"polarity": 0.0, "location": "San Diego, CA", "sentiment": "neutral", "time": "Sun Nov 06 18:37:38 +0000 2016"}
{"polarity": 0.0, "location": "Atlanta, GA", "sentiment": "neutral", "time": "Sun Nov 06 18:37:43 +0000 2016"}
{"polarity": 0.0, "location": "Orlando, FL", "sentiment": "neutral", "time": "Sun Nov 06 18:37:52 +0000 2016"}
{"polarity": -0.010416666666666657, "location": "New York, NY", "sentiment": "negative", "time": "Sun Nov 06 18:37:55 +0000 2016"}
{"polarity": 0.0, "location": "Boston, MA", "sentiment": "neutral", "time": "Sun Nov 06 18:31:08 +0000 2016"}
{"polarity": 0.0, "location": "San Diego, CA", "sentiment": "neutral", "time": "Sun Nov 06 18:31:09 +0000 2016"}
{"polarity": 0.0, "location": "Atlanta, GA", "sentiment": "neutral", "time": "Sun Nov 06 18:31:13 +0000 2016"}
{"polarity": 0.0, "location": "New York, NY", "sentiment": "neutral", "time": "Sun Nov 06 18:31:17 +0000 2016"}
{"polarity": 0.7, "location": "Atlanta, GA", "sentiment": "positive", "time": "Sun Nov 06 18:31:24 +0000 2016"}
{"polarity": 0.0, "location": "New York, NY", "sentiment": "neutral", "time": "Sun Nov 06 18:31:24 +0000 2016"}
{"polarity": 0.0, "location": "Phoenix, AZ", "sentiment": "neutral", "time": "Sun Nov 06 18:31:43 +0000 2016"}
{"polarity": -0.009047619047619044, "location": "San Diego, CA", "sentiment": "negative", "time": "Sun Nov 06 18:31:43 +0000 2016"}
{"polarity": 0.2, "location": "Phoenix, AZ", "sentiment": "positive", "time": "Sun Nov 06 18:31:43 +0000 2016"}
{"polarity": 0.2, "location": "New York, NY", "sentiment": "positive", "time": "Sun Nov 06 18:31:44 +0000 2016"}
{"polarity": -0.025, "location": "Portland, OR", "sentiment": "negative", "time": "Sun Nov 06 18:31:51 +0000 2016"}
{"polarity": 0.5, "location": "New York, NY", "sentiment": "positive", "time": "Sun Nov 06 18:31:51 +0000 2016"}
{"polarity": 0.0, "location": "Seattle, WA", "sentiment": "neutral", "time": "Sun Nov 06 18:31:52 +0000 2016"}
{"polarity": 0.25, "location": "New York, NY", "sentiment": "positive", "time": "Sun Nov 06 18:31:58 +0000 2016"}
{"polarity": 0.0, "location": "New York, NY", "sentiment": "neutral", "time": "Sun Nov 06 18:41:00 +0000 2016"}
{"polarity": 0.0, "location": "Atlanta, GA", "sentiment": "neutral", "time": "Sun Nov 06 18:41:01 +0000 2016"}
{"polarity": 0.1, "location": "Portland, OR", "sentiment": "positive", "time": "Sun Nov 06 18:41:02 +0000 2016"}
{"polarity": 0.1, "location": "Portland, OR", "sentiment": "positive", "time": "Sun Nov 06 18:41:03 +0000 2016"}
{"polarity": 0.0, "location": "Atlanta, GA", "sentiment": "neutral", "time": "Sun Nov 06 18:41:03 +0000 2016"}
{"polarity": -0.2, "location": "San Diego, CA", "sentiment": "negative", "time": "Sun Nov 06 18:41:06 +0000 2016"}
{"polarity": 0.3125, "location": "Orlando, FL", "sentiment": "positive", "time": "Sun Nov 06 18:41:06 +0000 2016"}
{"polarity": 0.0, "location": "New York, NY", "sentiment": "neutral", "time": "Sun Nov 06 18:41:13 +0000 2016"}
{"polarity": 0.0, "location": "Seattle, WA", "sentiment": "neutral", "time": "Sun Nov 06 18:41:17 +0000 2016"}
{"polarity": -0.033333333333333354, "location": "Orlando, FL", "sentiment": "negative", "time": "Sun Nov 06 18:41:18 +0000 2016"}
{"polarity": 0.0, "location": "Portland, OR", "sentiment": "neutral", "time": "Sun Nov 06 18:41:20 +0000 2016"}
{"polarity": 0.0, "location": "Portland, OR", "sentiment": "neutral", "time": "Sun Nov 06 18:41:22 +0000 2016"}
{"polarity": 0.0, "location": "San Diego, CA", "sentiment": "neutral", "time": "Sun Nov 06 18:41:24 +0000 2016"}
{"polarity": 0.2590909090909091, "location": "Atlanta, GA", "sentiment": "positive", "time": "Sun Nov 06 18:41:25 +0000 2016"}
{"polarity": 0.2590909090909091, "location": "Atlanta, GA", "sentiment": "positive", "time": "Sun Nov 06 18:41:25 +0000 2016"}
{"polarity": 0.0, "location": "Atlanta, GA", "sentiment": "neutral", "time": "Sun Nov 06 18:41:28 +0000 2016"}
{"polarity": 0.2590909090909091, "location": "Atlanta, GA", "sentiment": "positive", "time": "Sun Nov 06 18:41:38 +0000 2016"}
{"polarity": 0.2590909090909091, "location": "Atlanta, GA", "sentiment": "positive", "time": "Sun Nov 06 18:41:38 +0000 2016"}
{"polarity": 0.0, "location": "Portland, OR", "sentiment": "neutral", "time": "Sun Nov 06 18:41:43 +0000 2016"}
{"polarity": 0.0, "location": "San Diego, CA", "sentiment": "neutral", "time": "Sun Nov 06 18:41:45 +0000 2016"}
{"polarity": 0.0, "location": "San Diego, CA", "sentiment": "neutral", "time": "Sun Nov 06 18:27:04 +0000 2016"}
{"polarity": 1.0, "location": "Boston, MA", "sentiment": "positive", "time": "Sun Nov 06 18:27:04 +0000 2016"}
{"polarity": 0.0, "location": "Boston, MA", "sentiment": "neutral", "time": "Sun Nov 06 18:27:08 +0000 2016"}
{"polarity": 0.25, "location": "New York, NY", "sentiment": "positive", "time": "Sun Nov 06 18:27:08 +0000 2016"}
{"polarity": 0.0, "location": "Orlando, FL", "sentiment": "neutral", "time": "Sun Nov 06 18:27:27 +0000 2016"}
{"polarity": 0.06666666666666667, "location": "Seattle, WA", "sentiment": "positive", "time": "Sun Nov 06 18:27:36 +0000 2016"}
{"polarity": -1.0, "location": "Phoenix, AZ", "sentiment": "negative", "time": "Sun Nov 06 18:27:43 +0000 2016"}
{"polarity": 0.0, "location": "Seattle, WA", "sentiment": "neutral", "time": "Sun Nov 06 18:27:55 +0000 2016"}
{"polarity": 0.0, "location": "New York, NY", "sentiment": "neutral", "time": "Sun Nov 06 18:27:55 +0000 2016"}
{"polarity": 0.0, "location": "Seattle, WA", "sentiment": "neutral", "time": "Sun Nov 06 18:27:58 +0000 2016"}
{"polarity": 0.0, "location": "Atlanta, GA", "sentiment": "neutral", "time": "Sun Nov 06 18:27:59 +0000 2016"}
{"polarity": 0.0, "location": "New York, NY", "sentiment": "neutral", "time": "Sun Nov 06 18:57:01 +0000 2016"}
{"polarity": 0.0, "location": "New York, NY", "sentiment": "neutral", "time": "Sun Nov 06 18:57:17 +0000 2016"}
{"polarity": 0.0, "location": "Seattle, WA", "sentiment": "neutral", "time": "Sun Nov 06 18:57:19 +0000 2016"}
{"polarity": 0.0, "location": "Seattle, WA", "sentiment": "neutral", "time": "Sun Nov 06 18:57:36 +0000 2016"}
{"polarity": 0.0, "location": "New York, NY", "sentiment": "neutral", "time": "Sun Nov 06 18:57:36 +0000 2016"}
{"polarity": -0.4, "location": "Atlanta, GA", "sentiment": "negative", "time": "Sun Nov 06 18:57:44 +0000 2016"}
{"polarity": 0.0, "location": "New York, NY", "sentiment": "neutral", "time": "Sun Nov 06 18:57:46 +0000 2016"}
{"polarity": 0.0, "location": "San Diego, CA", "sentiment": "neutral", "time": "Sun Nov 06 18:57:50 +0000 2016"}
{"polarity": 0.0, "location": "San Diego, CA", "sentiment": "neutral", "time": "Sun Nov 06 18:57:59 +0000 2016"}
{"polarity": 0.32916666666666666, "location": "Phoenix, AZ", "sentiment": "positive", "time": "Sun Nov 06 18:26:17 +0000 2016"}
{"polarity": 0.0, "location": "New York, NY", "sentiment": "neutral", "time": "Sun Nov 06 18:26:20 +0000 2016"}
{"polarity": 0.0, "location": "Seattle, WA", "sentiment": "neutral", "time": "Sun Nov 06 18:26:33 +0000 2016"}
{"polarity": 0.0, "location": "Orlando, FL", "sentiment": "neutral", "time": "Sun Nov 06 18:26:36 +0000 2016"}
{"polarity": 0.7, "location": "Atlanta, GA", "sentiment": "positive", "time": "Sun Nov 06 18:26:40 +0000 2016"}
{"polarity": 0.5, "location": "Atlanta, GA", "sentiment": "positive", "time": "Sun Nov 06 18:26:42 +0000 2016"}
{"polarity": 0.3, "location": "San Diego, CA", "sentiment": "positive", "time": "Sun Nov 06 18:26:48 +0000 2016"}
{"polarity": 0.0, "location": "Portland, OR", "sentiment": "neutral", "time": "Sun Nov 06 18:26:57 +0000 2016"}
