{"polarity": 0.13636363636363635, "location": "New York, NY", "sentiment": "positive", "time": "Sun Nov 06 11:58:11 +0000 2016"}
{"polarity": 0.0, "location": "Orlando, FL", "sentiment": "neutral", "time": "Sun Nov 06 11:58:29 +0000 2016"}
{"polarity": 0.625, "location": "Seattle, WA", "sentiment": "positive", "time": "Sun Nov 06 11:58:30 +0000 2016"}
{"polarity": 0.0, "location": "New York, NY", "sentiment": "neutral", "time": "Sun Nov 06 11:58:34 +0000 2016"}
{"polarity": 0.0625, "location": "San Diego, CA", "sentiment": "positive", "time": "Sun Nov 06 11:58:51 +0000 2016"}
{"polarity": 0.0, "location": "New York, NY", "sentiment": "neutral", "time": "Sun Nov 06 11:42:36 +0000 2016"}
{"polarity": -0.025000000000000022, "location": "Boston, MA", "sentiment": "negative", "time": "Sun Nov 06 11:42:38 +0000 2016"}
{"polarity": -0.2, "location": "Atlanta, GA", "sentiment": "negative", "time": "Sun Nov 06 11:42:42 +0000 2016"}
{"polarity": 0.2857142857142857, "location": "Seattle, WA", "sentiment": "positive", "time": "Sun Nov 06 11:42:45 +0000 2016"}
{"polarity": -0.8, "location": "Atlanta, GA", "sentiment": "negative", "time": "Sun Nov 06 11:42:49 +0000 2016"}
{"polarity": 0.3333333333333333, "location": "Atlanta, GA", "sentiment": "positive", "time": "Sun Nov 06 11:42:59 +0000 2016"}
{"polarity": 0.0, "location": "Orlando, FL", "sentiment": "neutral", "time": "Sun Nov 06 11:50:00 +0000 2016"}
{"polarity": 0.0, "location": "Phoenix, AZ", "sentiment": "neutral", "time": "Sun Nov 06 11:50:07 +0000 2016"}
{"polarity": -0.4, "location": "Orlando, FL", "sentiment": "negative", "time": "Sun Nov 06 11:50:28 +0000 2016"}
{"polarity": 0.0, "location": "Atlanta, GA", "sentiment": "neutral", "time": "Sun Nov 06 11:15:02 +0000 2016"}
{"polarity": 0.0, "location": "Boston, MA", "sentiment": "neutral", "time": "Sun Nov 06 11:15:46 +0000 2016"}
{"polarity": -0.3, "location": "New York, NY", "sentiment": "negative", "time": "Sun Nov 06 11:15:52 +0000 2016"}
{"polarity": 0.16666666666666669, "location": "Seattle, WA", "sentiment": "positive", "time": "Sun Nov 06 11:38:28 +0000 2016"}
{"polarity": 0.0, "location": "Orlando, FL", "sentiment": "neutral", "time": "Sun Nov 06 11:38:39 +0000 2016"}
{"polarity": -0.5, "location": "New York, NY", "sentiment": "negative", "time": "Sun Nov 06 11:38:46 +0000 2016"}
{"polarity": 0.0, "location": "Orlando, FL", "sentiment": "neutral", "time": "Sun Nov 06 11:17:05 +0000 2016"}
{"polarity": -0.15, "location": "New York, NY", "sentiment": "negative", "time": "Sun Nov 06 11:17:42 +0000 2016"}
{"polarity": 0.0, "location": "Seattle, WA", "sentiment": "neutral", "time": "Sun Nov 06 11:17:58 +0000 2016"}
{"polarity": 0.0, "location": "San Diego, CA", "sentiment": "neutral", "time": "Sun Nov 06 11:12:21 +0000 2016"}
{"polarity": 0.5, "location": "Orlando, FL", "sentiment": "positive", "time": "Sun Nov 06 11:29:31 +0000 2016"}
{"polarity": 0.25, "location": "New York, NY", "sentiment": "positive", "time": "Sun Nov 06 11:18:34 +0000 2016"}
{"polarity": 0.0, "location": "New York, NY", "sentiment": "neutral", "time": "Sun Nov 06 11:46:58 +0000 2016"}
{"polarity": 1.0, "location": "Seattle, WA", "sentiment": "positive", "time": "Sun Nov 06 11:00:03 +0000 2016"}
{"polarity": 0.6375000000000001, "location": "Seattle, WA", "sentiment": "positive", "time": "Sun Nov 06 11:00:07 +0000 2016"}
{"polarity": 0.0, "location": "New York, NY", "sentiment": "neutral", "time": "Sun Nov 06 11:00:18 +0000 2016"}
{"polarity": -0.05, "location": "San Diego, CA", "sentiment": "negative", "time": "Sun Nov 06 11:00:21 +0000 2016"}
{"polarity": 0.5, "location": "New York, NY", "sentiment": "positive", "time": "Sun Nov 06 11:34:06 +0000 2016"}
{"polarity": 0.25, "location": "New York, NY", "sentiment": "positive", "time": "Sun Nov 06 11:34:08 +0000 2016"}
{"polarity": 0.0, "location": "Atlanta, GA", "sentiment": "neutral", "time": "Sun Nov 06 11:34:15 +0000 2016"}
{"polarity": -0.4, "location": "Portland, OR", "sentiment": "negative", "time": "Sun Nov 06 11:34:16 +0000 2016"}
{"polarity": -0.3, "location": "San Diego, CA", "sentiment": "negative", "time": "Sun Nov 06 11:34:25 +0000 2016"}
{"polarity": 0.5, "location": "New York, NY", "sentiment": "positive", "time": "Sun Nov 06 11:34:29 +0000 2016"}
{"polarity": -0.5, "location": "New York, NY", "sentiment": "negative", "time": "Sun Nov 06 11:34:36 +0000 2016"}
{"polarity": 0.5, "location": "Boston, MA", "sentiment": "positive", "time": "Sun Nov 06 11:34:44 +0000 2016"}
{"polarity": -0.5, "location": "New York, NY", "sentiment": "negative", "time": "Sun Nov 06 11:05:01 +0000 2016"}
{"polarity": 0.0, "location": "San Diego, CA", "sentiment": "neutral", "time": "Sun Nov 06 11:05:24 +0000 2016"}
{"polarity": 0.0, "location": "Orlando, FL", "sentiment": "neutral", "time": "Sun Nov 06 11:05:36 +0000 2016"}
{"polarity": -0.3, "location": "New York, NY", "sentiment": "negative", "time": "Sun Nov 06 11:05:40 +0000 2016"}
{"polarity": 0.0, "location": "Orlando, FL", "sentiment": "neutral", "time": "Sun Nov 06 11:11:06 +0000 2016"}
{"polarity": 0.0, "location": "Portland, OR", "sentiment": "neutral", "time": "Sun Nov 06 11:11:59 +0000 2016"}
{"polarity": 0.0, "location": "New York, NY", "sentiment": "neutral", "time": "Sun Nov 06 11:56:39 +0000 2016"}
{"polarity": 1.0, "location": "Seattle, WA", "sentiment": "positive", "time": "Sun Nov 06 11:56:40 +0000 2016"}
{"polarity": 0.0, "location": "Orlando, FL", "sentiment": "neutral", "time": "Sun Nov 06 11:56:42 +0000 2016"}
{"polarity": 0.0, "location": "Phoenix, AZ", "sentiment": "neutral", "time": "Sun Nov 06 11:47:16 +0000 2016"}
{"polarity": 1.0, "location": "New York, NY", "sentiment": "positive", "time": "Sun Nov 06 11:47:30 +0000 2016"}
{"polarity": -0.19375, "location": "New York, NY", "sentiment": "negative", "time": "Sun Nov 06 11:52:26 +0000 2016"}
{"polarity": 0.0, "location": "Boston, MA", "sentiment": "neutral", "time": "Sun Nov 06 11:52:27 +0000 2016"}
{"polarity": 0.0, "location": "Seattle, WA", "sentiment": "neutral", "time": "Sun Nov 06 11:52:31 +0000 2016"}
{"polarity": 0.0, "location": "Orlando, FL", "sentiment": "neutral", "time": "Sun Nov 06 11:53:00 +0000 2016"}
{"polarity": 0.0, "location": "New York, NY", "sentiment": "neutral", "time": "Sun Nov 06 11:53:53 +0000 2016"}
{"polarity": 0.0, "location": "Portland, OR", "sentiment": "neutral", "time": "Sun Nov 06 11:53:58 +0000 2016"}
{"polarity": 0.0, "location": "Portland, OR", "sentiment": "neutral", "time": "Sun Nov 06 11:02:19 +0000 2016"}
{"polarity": 0.0, "location": "Phoenix, AZ", "sentiment": "neutral", "time": "Sun Nov 06 11:02:26 +0000 2016"}
{"polarity": 0.5, "location": "Atlanta, GA", "sentiment": "positive", "time": "Sun Nov 06 11:02:42 +0000 2016"}
{"polarity": 0.0, "location": "Seattle, WA", "sentiment": "neutral", "time": "Sun Nov 06 11:02:47 +0000 2016"}
{"polarity": 0.0, "location": "New York, NY", "sentiment": "neutral", "time": "Sun Nov 06 11:48:00 +0000 2016"}
{"polarity": 0.4, "location": "Seattle, WA", "sentiment": "positive", "time": "Sun Nov 06 11:48:03 +0000 2016"}
{"polarity": 0.0, "location": "New York, NY", "sentiment": "neutral", "time": "Sun Nov 06 11:48:18 +0000 2016"}
{"polarity": 0.0, "location": "New York, NY", "sentiment": "neutral", "time": "Sun Nov 06 11:48:31 +0000 2016"}
{"polarity": -0.23958333333333334, "location": "Boston, MA", "sentiment": "negative", "time": "Sun Nov 06 11:48:55 +0000 2016"}
{"polarity": 0.0, "location": "Boston, MA", "sentiment": "neutral", "time": "Sun Nov 06 11:25:04 +0000 2016"}
{"polarity": 0.5, "location": "Atlanta, GA", "sentiment": "positive", "time": "Sun Nov 06 11:25:09 +0000 2016"}
{"polarity": 0.0, "location": "Phoenix, AZ", "sentiment": "neutral", "time": "Sun Nov 06 11:25:43 +0000 2016"}
{"polarity": 0.0, "location": "Atlanta, GA", "sentiment": "neutral", "time": "Sun Nov 06 11:25:52 +0000 2016"}
{"polarity": 0.0, "location": "Orlando, FL", "sentiment": "neutral", "time": "Sun Nov 06 11:16:06 +0000 2016"}
{"polarity": 0.5, "location": "Boston, MA", "sentiment": "positive", "time": "Sun Nov 06 11:16:37 +0000 2016"}
{"polarity": 0.0, "location": "Atlanta, GA", "sentiment": "neutral", "time": "Sun Nov 06 11:16:41 +0000 2016"}
{"polarity": 0.0, "location": "San Diego, CA", "sentiment": "neutral", "time": "Sun Nov 06 11:16:48 +0000 2016"}
{"polarity": 0.0, "location": "Orlando, FL", "sentiment": "neutral", "time": "Sun Nov 06 11:14:07 +0000 2016"}
{"polarity": 0.0, "location": "New York, NY", "sentiment": "neutral", "time": "Sun Nov 06 11:14:24 +0000 2016"}
{"polarity": 0.0, "location": "Seattle, WA", "sentiment": "neutral", "time": "Sun Nov 06 11:14:26 +0000 2016"}
{"polarity": 0.0, "location": "Atlanta, GA", "sentiment": "neutral", "time": "Sun Nov 06 11:14:34 +0000 2016"}
{"polarity": 0.0, "location": "Atlanta, GA", "sentiment": "neutral", "time": "Sun Nov 06 11:14:52 +0000 2016"}
{"polarity": 0.7, "location": "Atlanta, GA", "sentiment": "positive", "time": "Sun Nov 06 11:14:56 +0000 2016"}
{"polarity": 0.0, "location": "New York, NY", "sentiment": "neutral", "time": "Sun Nov 06 11:23:21 +0000 2016"}
{"polarity": -0.15000000000000002, "location": "Seattle, WA", "sentiment": "negative", "time": "Sun Nov 06 11:07:09 +0000 2016"}
{"polarity": -0.04583333333333334, "location": "Atlanta, GA", "sentiment": "negative", "time": "Sun Nov 06 11:07:14 +0000 2016"}
{"polarity": 0.2, "location": "Boston, MA", "sentiment": "positive", "time": "Sun Nov 06 11:51:05 +0000 2016"}
{"polarity": 0.0, "location": "Phoenix, AZ", "sentiment": "neutral", "time": "Sun Nov 06 11:51:39 +0000 2016"}
{"polarity": 0.0, "location": "San Diego, CA", "sentiment": "neutral", "time": "Sun Nov 06 11:51:46 +0000 2016"}
{"polarity": -0.10714285714285715, "location": "Boston, MA", "sentiment": "negative", "time": "Sun Nov 06 11:51:54 +0000 2016"}
{"polarity": 0.1, "location": "New York, NY", "sentiment": "positive", "time": "Sun Nov 06 11:30:04 +0000 2016"}
{"polarity": 5.551115123125783e-17, "location": "New York, NY", "sentiment": "positive", "time": "Sun Nov 06 11:30:15 +0000 2016"}
{"polarity": 0.65, "location": "Atlanta, GA", "sentiment": "positive", "time": "Sun Nov 06 11:30:23 +0000 2016"}
{"polarity": 0.0, "location": "New York, NY", "sentiment": "neutral", "time": "Sun Nov 06 11:30:34 +0000 2016"}
{"polarity": 0.0, "location": "New York, NY", "sentiment": "neutral", "time": "Sun Nov 06 11:30:50 +0000 2016"}
{"polarity": 0.0, "location": "New York, NY", "sentiment": "neutral", "time": "Sun Nov 06 11:03:18 +0000 2016"}
{"polarity": 0.0, "location": "Portland, OR", "sentiment": "neutral", "time": "Sun Nov 06 11:03:33 +0000 2016"}
{"polarity": 0.0, "location": "Atlanta, GA", "sentiment": "neutral", "time": "Sun Nov 06 11:40:13 +0000 2016"}
{"polarity": 0.0, "location": "Atlanta, GA", "sentiment": "neutral", "time": "Sun Nov 06 11:40:29 +0000 2016"}
{"polarity": 0.39285714285714285, "location": "Atlanta, GA", "sentiment": "positive", "time": "Sun Nov 06 11:40:51 +0000 2016"}
{"polarity": 0.0, "location": "Phoenix, AZ", "sentiment": "neutral", "time": "Sun Nov 06 11:40:52 +0000 2016"}
{"polarity": 0.0, "location": "Orlando, FL", "sentiment": "neutral", "time": "Sun Nov 06 11:08:07 +0000 2016"}
{"polarity": 0.0, "location": "Portland, OR", "sentiment": "neutral", "time": "Sun Nov 06 11:08:10 +0000 2016"}
{"polarity": 0.45, "location": "New York, NY", "sentiment": "positive", "time": "Sun Nov 06 11:08:12 +0000 2016"}
{"polarity": 0.0, "location": "Portland, OR", "sentiment": "neutral", "time": "Sun Nov 06 11:08:19 +0000 2016"}
{"polarity": 0.0, "location": "Boston, MA", "sentiment": "neutral", "time": "Sun Nov 06 11:08:51 +0000 2016"}
{"polarity": 0.0, "location": "New York, NY", "sentiment": "neutral", "time": "Sun Nov 06 11:35:01 +0000 2016"}
{"polarity": 0.0, "location": "Portland, OR", "sentiment": "neutral", "time": "Sun Nov 06 11:35:07 +0000 2016"}
{"polarity": -0.03333333333333335, "location": "New York, NY", "sentiment": "negative", "time": "Sun Nov 06 11:35:18 +0000 2016"}
{"polarity": -0.7142857142857143, "location": "Boston, MA", "sentiment": "negative", "time": "Sun Nov 06 11:35:45 +0000 2016"}
{"polarity": 0.0, "location": "New York, NY", "sentiment": "neutral", "time": "Sun Nov 06 11:35:56 +0000 2016"}
{"polarity": 0.0, "location": "Orlando, FL", "sentiment": "neutral", "time": "Sun Nov 06 11:43:06 +0000 2016"}
{"polarity": -0.056249999999999994, "location": "New York, NY", "sentiment": "negative", "time": "Sun Nov 06 11:43:09 +0000 2016"}
{"polarity": -0.31666666666666665, "location": "Phoenix, AZ", "sentiment": "negative", "time": "Sun Nov 06 11:43:34 +0000 2016"}
{"polarity": 0.0, "location": "Orlando, FL", "sentiment": "neutral", "time": "Sun Nov 06 11:10:10 +0000 2016"}
{"polarity": 0.3125, "location": "New York, NY", "sentiment": "positive", "time": "Sun Nov 06 11:10:58 +0000 2016"}
{"polarity": 0.2, "location": "Seattle, WA", "sentiment": "positive", "time": "Sun Nov 06 11:54:19 +0000 2016"}
{"polarity": 0.0, "location": "Atlanta, GA", "sentiment": "neutral", "time": "Sun Nov 06 11:54:34 +0000 2016"}
{"polarity": 0.1, "location": "Atlanta, GA", "sentiment": "positive", "time": "Sun Nov 06 11:24:12 +0000 2016"}
{"polarity": 0.0, "location": "Orlando, FL", "sentiment": "neutral", "time": "Sun Nov 06 11:24:16 +0000 2016"}
{"polarity": 0.1, "location": "New York, NY", "sentiment": "positive", "time": "Sun Nov 06 11:24:31 +0000 2016"}
{"polarity": 0.0, "location": "New York, NY", "sentiment": "neutral", "time": "Sun Nov 06 11:24:52 +0000 2016"}
{"polarity": 0.4, "location": "Boston, MA", "sentiment": "positive", "time": "Sun Nov 06 11:24:56 +0000 2016"}
{"polarity": 0.25, "location": "Boston, MA", "sentiment": "positive", "time": "Sun Nov 06 11:32:24 +0000 2016"}
{"polarity": 0.0, "location": "Boston, MA", "sentiment": "neutral", "time": "Sun Nov 06 11:32:25 +0000 2016"}
{"polarity": -0.09833333333333333, "location": "Atlanta, GA", "sentiment": "negative", "time": "Sun Nov 06 11:32:51 +0000 2016"}
{"polarity": 0.0, "location": "Orlando, FL", "sentiment": "neutral", "time": "Sun Nov 06 11:36:03 +0000 2016"}
{"polarity": 0.30000000000000004, "location": "New York, NY", "sentiment": "positive", "time": "Sun Nov 06 11:36:18 +0000 2016"}
{"polarity": 0.0, "location": "New York, NY", "sentiment": "neutral", "time": "Sun Nov 06 11:36:51 +0000 2016"}
{"polarity": 0.0, "location": "Seattle, WA", "sentiment": "neutral", "time": "Sun Nov 06 11:01:00 +0000 2016"}
{"polarity": 0.0, "location": "New York, NY", "sentiment": "neutral", "time": "Sun Nov 06 11:01:55 +0000 2016"}
{"polarity": 0.0, "location": "New York, NY", "sentiment": "neutral", "time": "Sun Nov 06 11:55:20 +0000 2016"}
{"polarity": 0.0, "location": "New York, NY", "sentiment": "neutral", "time": "Sun Nov 06 11:55:27 +0000 2016"}
{"polarity": 0.2857142857142857, "location": "Boston, MA", "sentiment": "positive", "time": "Sun Nov 06 11:55:57 +0000 2016"}
{"polarity": 0.0, "location": "Orlando, FL", "sentiment": "neutral", "time": "Sun Nov 06 11:09:06 +0000 2016"}
{"polarity": 0.0, "location": "San Diego, CA", "sentiment": "neutral", "time": "Sun Nov 06 11:09:26 +0000 2016"}
{"polarity": -0.10416666666666666, "location": "San Diego, CA", "sentiment": "negative", "time": "Sun Nov 06 11:09:32 +0000 2016"}
{"polarity": 0.2270833333333333, "location": "Seattle, WA", "sentiment": "positive", "time": "Sun Nov 06 11:09:40 +0000 2016"}
{"polarity": 0.25, "location": "Atlanta, GA", "sentiment": "positive", "time": "Sun Nov 06 11:09:57 +0000 2016"}
{"polarity": 0.0, "location": "Orlando, FL", "sentiment": "neutral", "time": "Sun Nov 06 11:33:06 +0000 2016"}
{"polarity": -0.08333333333333327, "location": "New York, NY", "sentiment": "negative", "time": "Sun Nov 06 11:33:11 +0000 2016"}
{"polarity": 0.0, "location": "Boston, MA", "sentiment": "neutral", "time": "Sun Nov 06 11:33:15 +0000 2016"}
{"polarity": 0.2, "location": "Seattle, WA", "sentiment": "positive", "time": "Sun Nov 06 11:44:10 +0000 2016"}
{"polarity": -0.0625, "location": "New York, NY", "sentiment": "negative", "time": "Sun Nov 06 11:44:37 +0000 2016"}
{"polarity": -0.5, "location": "New York, NY", "sentiment": "negative", "time": "Sun Nov 06 11:44:37 +0000 2016"}
{"polarity": 0.0, "location": "Phoenix, AZ", "sentiment": "neutral", "time": "Sun Nov 06 11:44:47 +0000 2016"}
{"polarity": 0.375, "location": "New York, NY", "sentiment": "positive", "time": "Sun Nov 06 11:28:09 +0000 2016"}
{"polarity": 0.0, "location": "Seattle, WA", "sentiment": "neutral", "time": "Sun Nov 06 11:28:25 +0000 2016"}
{"polarity": 0.0, "location": "New York, NY", "sentiment": "neutral", "time": "Sun Nov 06 11:28:41 +0000 2016"}
{"polarity": 0.0, "location": "Seattle, WA", "sentiment": "neutral", "time": "Sun Nov 06 11:28:45 +0000 2016"}
{"polarity": 0.25, "location": "Seattle, WA", "sentiment": "positive", "time": "Sun Nov 06 11:22:22 +0000 2016"}
{"polarity": 0.0, "location": "Boston, MA", "sentiment": "neutral", "time": "Sun Nov 06 11:22:57 +0000 2016"}
{"polarity": 0.0, "location": "New York, NY", "sentiment": "neutral", "time": "Sun Nov 06 11:49:10 +0000 2016"}
{"polarity": -0.15000000000000002, "location": "New York, NY", "sentiment": "negative", "time": "Sun Nov 06 11:49:13 +0000 2016"}
{"polarity": -0.3333333333333333, "location": "New York, NY", "sentiment": "negative", "time": "Sun Nov 06 11:49:23 +0000 2016"}
{"polarity": 0.0, "location": "Phoenix, AZ", "sentiment": "neutral", "time": "Sun Nov 06 11:45:09 +0000 2016"}
{"polarity": 0.0, "location": "New York, NY", "sentiment": "neutral", "time": "Sun Nov 06 11:45:09 +0000 2016"}
{"polarity": 0.55, "location": "Atlanta, GA", "sentiment": "positive", "time": "Sun Nov 06 11:45:33 +0000 2016"}
{"polarity": 0.26666666666666666, "location": "Atlanta, GA", "sentiment": "positive", "time": "Sun Nov 06 11:45:45 +0000 2016"}
{"polarity": 0.0, "location": "Boston, MA", "sentiment": "neutral", "time": "Sun Nov 06 11:45:55 +0000 2016"}
{"polarity": 0.5416666666666667, "location": "Seattle, WA", "sentiment": "positive", "time": "Sun Nov 06 11:45:56 +0000 2016"}
{"polarity": 0.0, "location": "Atlanta, GA", "sentiment": "neutral", "time": "Sun Nov 06 11:06:01 +0000 2016"}
{"polarity": 0.0, "location": "Atlanta, GA", "sentiment": "neutral", "time": "Sun Nov 06 11:06:08 +0000 2016"}
{"polarity": 0.625, "location": "Portland, OR", "sentiment": "positive", "time": "Sun Nov 06 11:06:27 +0000 2016"}
{"polarity": -0.0625, "location": "Portland, OR", "sentiment": "negative", "time": "Sun Nov 06 11:06:30 +0000 2016"}
{"polarity": 0.0, "location": "Boston, MA", "sentiment": "neutral", "time": "Sun Nov 06 11:20:15 +0000 2016"}
{"polarity": 0.4, "location": "Boston, MA", "sentiment": "positive", "time": "Sun Nov 06 11:20:20 +0000 2016"}
{"polarity": 0.0, "location": "San Diego, CA", "sentiment": "neutral", "time": "Sun Nov 06 11:20:40 +0000 2016"}
{"polarity": 0.0, "location": "Boston, MA", "sentiment": "neutral", "time": "Sun Nov 06 11:20:47 +0000 2016"}
{"polarity": -0.39, "location": "Atlanta, GA", "sentiment": "negative", "time": "Sun Nov 06 11:20:48 +0000 2016"}
{"polarity": 0.13636363636363635, "location": "New York, NY", "sentiment": "positive", "time": "Sun Nov 06 11:20:55 +0000 2016"}
{"polarity": -0.07500000000000001, "location": "Seattle, WA", "sentiment": "negative", "time": "Sun Nov 06 11:20:56 +0000 2016"}
{"polarity": 0.0, "location": "Seattle, WA", "sentiment": "neutral", "time": "Sun Nov 06 11:04:04 +0000 2016"}
{"polarity": 0.75, "location": "San Diego, CA", "sentiment": "positive", "time": "Sun Nov 06 20:39:11 +0000 2016"}
{"polarity": 0.0, "location": "Orlando, FL", "sentiment": "neutral", "time": "Sun Nov 06 20:39:18 +0000 2016"}
{"polarity": 0.0, "location": "New York, NY", "sentiment": "neutral", "time": "Sun Nov 06 20:39:26 +0000 2016"}
{"polarity": -0.5, "location": "Atlanta, GA", "sentiment": "negative", "time": "Sun Nov 06 20:39:37 +0000 2016"}
{"polarity": 0.13636363636363635, "location": "Atlanta, GA", "sentiment": "positive", "time": "Sun Nov 06 20:39:37 +0000 2016"}
{"polarity": 0.8, "location": "Atlanta, GA", "sentiment": "positive", "time": "Sun Nov 06 20:39:38 +0000 2016"}
{"polarity": 0.0, "location": "New York, NY", "sentiment": "neutral", "time": "Sun Nov 06 20:39:44 +0000 2016"}
{"polarity": -0.35, "location": "San Diego, CA", "sentiment": "negative", "time": "Sun Nov 06 20:39:46 +0000 2016"}
{"polarity": 0.0, "location": "New York, NY", "sentiment": "neutral", "time": "Sun Nov 06 20:39:46 +0000 2016"}
{"polarity": 0.0, "location": "New York, NY", "sentiment": "neutral", "time": "Sun Nov 06 20:39:50 +0000 2016"}
{"polarity": 0.0, "location": "Portland, OR", "sentiment": "neutral", "time": "Sun Nov 06 20:39:53 +0000 2016"}
{"polarity": -0.04999999999999999, "location": "New York, NY", "sentiment": "negative", "time": "Sun Nov 06 20:59:02 +0000 2016"}
{"polarity": 0.7875, "location": "Orlando, FL", "sentiment": "positive", "time": "Sun Nov 06 20:59:06 +0000 2016"}
{"polarity": -0.2, "location": "Atlanta, GA", "sentiment": "negative", "time": "Sun Nov 06 20:59:12 +0000 2016"}
{"polarity": 0.0, "location": "Atlanta, GA", "sentiment": "neutral", "time": "Sun Nov 06 20:59:14 +0000 2016"}
{"polarity": 0.0, "location": "New York, NY", "sentiment": "neutral", "time": "Sun Nov 06 20:59:19 +0000 2016"}
{"polarity": 0.45, "location": "Seattle, WA", "sentiment": "positive", "time": "Sun Nov 06 20:59:24 +0000 2016"}
{"polarity": 0.0, "location": "San Diego, CA", "sentiment": "neutral", "time": "Sun Nov 06 20:59:28 +0000 2016"}
{"polarity": 0.5, "location": "Portland, OR", "sentiment": "positive", "time": "Sun Nov 06 20:59:38 +0000 2016"}
{"polarity": 0.0, "location": "New York, NY", "sentiment": "neutral", "time": "Sun Nov 06 20:59:46 +0000 2016"}
{"polarity": 0.13000000000000003, "location": "San Diego, CA", "sentiment": "positive", "time": "Sun Nov 06 20:59:52 +0000 2016"}
{"polarity": 0.175, "location": "Boston, MA", "sentiment": "positive", "time": "Sun Nov 06 20:59:54 +0000 2016"}
{"polarity": 0.08392857142857144, "location": "New York, NY", "sentiment": "positive", "time": "Sun Nov 06 20:59:56 +0000 2016"}
{"polarity": 0.525, "location": "San Diego, CA", "sentiment": "positive", "time": "Sun Nov 06 20:19:09 +0000 2016"}
{"polarity": 0.5, "location": "Atlanta, GA", "sentiment": "positive", "time": "Sun Nov 06 20:19:09 +0000 2016"}
{"polarity": 0.0, "location": "St. Louis, MO", "sentiment": "neutral", "time": "Sun Nov 06 20:19:11 +0000 2016"}
{"polarity": 0.0, "location": "Boston, MA", "sentiment": "neutral", "time": "Sun Nov 06 20:19:16 +0000 2016"}
{"polarity": 0.2, "location": "St. Louis, MO", "sentiment": "positive", "time": "Sun Nov 06 20:19:21 +0000 2016"}
{"polarity": -0.125, "location": "Atlanta, GA", "sentiment": "negative", "time": "Sun Nov 06 20:19:22 +0000 2016"}
{"polarity": -0.78125, "location": "Atlanta, GA", "sentiment": "negative", "time": "Sun Nov 06 20:19:24 +0000 2016"}
{"polarity": 0.0, "location": "New York, NY", "sentiment": "neutral", "time": "Sun Nov 06 20:19:27 +0000 2016"}
{"polarity": 0.0, "location": "Phoenix, AZ", "sentiment": "neutral", "time": "Sun Nov 06 20:19:36 +0000 2016"}
{"polarity": 0.0, "location": "Boston, MA", "sentiment": "neutral", "time": "Sun Nov 06 20:37:02 +0000 2016"}
{"polarity": 0.0, "location": "Orlando, FL", "sentiment": "neutral", "time": "Sun Nov 06 20:37:08 +0000 2016"}
{"polarity": 0.0, "location": "Boston, MA", "sentiment": "neutral", "time": "Sun Nov 06 20:37:12 +0000 2016"}
{"polarity": 0.0, "location": "Phoenix, AZ", "sentiment": "neutral", "time": "Sun Nov 06 20:37:19 +0000 2016"}
{"polarity": 0.0, "location": "Boston, MA", "sentiment": "neutral", "time": "Sun Nov 06 20:37:26 +0000 2016"}
{"polarity": 0.0, "location": "Atlanta, GA", "sentiment": "neutral", "time": "Sun Nov 06 20:37:27 +0000 2016"}
{"polarity": 0.0, "location": "Boston, MA", "sentiment": "neutral", "time": "Sun Nov 06 20:37:31 +0000 2016"}
{"polarity": 0.4833333333333334, "location": "Boston, MA", "sentiment": "positive", "time": "Sun Nov 06 20:37:32 +0000 2016"}
{"polarity": -0.17500000000000002, "location": "St. Louis, MO", "sentiment": "negative", "time": "Sun Nov 06 20:37:39 +0000 2016"}
{"polarity": 0.5, "location": "Phoenix, AZ", "sentiment": "positive", "time": "Sun Nov 06 20:37:55 +0000 2016"}
{"polarity": -0.15555555555555559, "location": "Atlanta, GA", "sentiment": "negative", "time": "Sun Nov 06 20:37:58 +0000 2016"}
{"polarity": 0.0, "location": "Atlanta, GA", "sentiment": "neutral", "time": "Sun Nov 06 20:31:03 +0000 2016"}
{"polarity": 0.45, "location": "New York, NY", "sentiment": "positive", "time": "Sun Nov 06 20:31:11 +0000 2016"}
{"polarity": -0.6, "location": "New York, NY", "sentiment": "negative", "time": "Sun Nov 06 20:31:14 +0000 2016"}
{"polarity": 0.2, "location": "Orlando, FL", "sentiment": "positive", "time": "Sun Nov 06 20:31:33 +0000 2016"}
{"polarity": 0.0, "location": "Orlando, FL", "sentiment": "neutral", "time": "Sun Nov 06 20:31:34 +0000 2016"}
{"polarity": -0.15625, "location": "Orlando, FL", "sentiment": "negative", "time": "Sun Nov 06 20:31:34 +0000 2016"}
{"polarity": -0.5, "location": "Atlanta, GA", "sentiment": "negative", "time": "Sun Nov 06 20:31:35 +0000 2016"}
{"polarity": 0.0, "location": "New York, NY", "sentiment": "neutral", "time": "Sun Nov 06 20:31:37 +0000 2016"}
{"polarity": 0.0, "location": "Atlanta, GA", "sentiment": "neutral", "time": "Sun Nov 06 20:31:53 +0000 2016"}
{"polarity": 0.0, "location": "Phoenix, AZ", "sentiment": "neutral", "time": "Sun Nov 06 20:31:55 +0000 2016"}
{"polarity": -0.09999999999999999, "location": "Boston, MA", "sentiment": "negative", "time": "Sun Nov 06 20:41:07 +0000 2016"}
{"polarity": 0.5, "location": "New York, NY", "sentiment": "positive", "time": "Sun Nov 06 20:41:08 +0000 2016"}
{"polarity": -0.1875, "location": "Atlanta, GA", "sentiment": "negative", "time": "Sun Nov 06 20:41:12 +0000 2016"}
{"polarity": 0.3375, "location": "New York, NY", "sentiment": "positive", "time": "Sun Nov 06 20:41:17 +0000 2016"}
{"polarity": 0.0, "location": "Atlanta, GA", "sentiment": "neutral", "time": "Sun Nov 06 20:41:18 +0000 2016"}
{"polarity": 0.17857142857142858, "location": "Atlanta, GA", "sentiment": "positive", "time": "Sun Nov 06 20:41:21 +0000 2016"}
{"polarity": 0.3666666666666667, "location": "Boston, MA", "sentiment": "positive", "time": "Sun Nov 06 20:41:22 +0000 2016"}
{"polarity": 0.5, "location": "Seattle, WA", "sentiment": "positive", "time": "Sun Nov 06 20:41:24 +0000 2016"}
{"polarity": 0.85, "location": "Boston, MA", "sentiment": "positive", "time": "Sun Nov 06 20:41:28 +0000 2016"}
{"polarity": 0.0, "location": "San Diego, CA", "sentiment": "neutral", "time": "Sun Nov 06 20:41:29 +0000 2016"}
{"polarity": 0.0, "location": "New York, NY", "sentiment": "neutral", "time": "Sun Nov 06 20:41:31 +0000 2016"}
{"polarity": -0.7142857142857143, "location": "Seattle, WA", "sentiment": "negative", "time": "Sun Nov 06 20:41:38 +0000 2016"}
{"polarity": 0.09999999999999998, "location": "Seattle, WA", "sentiment": "positive", "time": "Sun Nov 06 20:41:44 +0000 2016"}
{"polarity": -0.375, "location": "Phoenix, AZ", "sentiment": "negative", "time": "Sun Nov 06 20:41:44 +0000 2016"}
{"polarity": 0.0, "location": "Phoenix, AZ", "sentiment": "neutral", "time": "Sun Nov 06 20:41:47 +0000 2016"}
{"polarity": 0.5, "location": "Portland, OR", "sentiment": "positive", "time": "Sun Nov 06 20:41:48 +0000 2016"}
{"polarity": 0.033333333333333326, "location": "New York, NY", "sentiment": "positive", "time": "Sun Nov 06 20:41:49 +0000 2016"}
{"polarity": 0.0, "location": "New York, NY", "sentiment": "neutral", "time": "Sun Nov 06 20:27:00 +0000 2016"}
{"polarity": 0.5, "location": "Atlanta, GA", "sentiment": "positive", "time": "Sun Nov 06 20:27:02 +0000 2016"}
{"polarity": 0.0, "location": "Boston, MA", "sentiment": "neutral", "time": "Sun Nov 06 20:27:03 +0000 2016"}
{"polarity": 0.5, "location": "Atlanta, GA", "sentiment": "positive", "time": "Sun Nov 06 20:27:05 +0000 2016"}
{"polarity": 0.0, "location": "New York, NY", "sentiment": "neutral", "time": "Sun Nov 06 20:27:20 +0000 2016"}
{"polarity": 0.2, "location": "Phoenix, AZ", "sentiment": "positive", "time": "Sun Nov 06 20:27:26 +0000 2016"}
{"polarity": 0.06818181818181818, "location": "Seattle, WA", "sentiment": "positive", "time": "Sun Nov 06 20:27:27 +0000 2016"}
{"polarity": 0.0, "location": "Atlanta, GA", "sentiment": "neutral", "time": "Sun Nov 06 20:27:31 +0000 2016"}
{"polarity": 0.0, "location": "San Diego, CA", "sentiment": "neutral", "time": "Sun Nov 06 20:27:31 +0000 2016"}
{"polarity": 0.25, "location": "Seattle, WA", "sentiment": "positive", "time": "Sun Nov 06 20:27:33 +0000 2016"}
{"polarity": 0.0, "location": "New York, NY", "sentiment": "neutral", "time": "Sun Nov 06 20:27:36 +0000 2016"}
{"polarity": 0.6, "location": "Atlanta, GA", "sentiment": "positive", "time": "Sun Nov 06 20:27:56 +0000 2016"}
{"polarity": -0.35, "location": "Portland, OR", "sentiment": "negative", "time": "Sun Nov 06 20:57:01 +0000 2016"}
{"polarity": 0.5, "location": "Seattle, WA", "sentiment": "positive", "time": "Sun Nov 06 20:57:15 +0000 2016"}
{"polarity": 0.0, "location": "Atlanta, GA", "sentiment": "neutral", "time": "Sun Nov 06 20:57:21 +0000 2016"}
{"polarity": 0.1, "location": "New York, NY", "sentiment": "positive", "time": "Sun Nov 06 20:57:21 +0000 2016"}
{"polarity": 0.625, "location": "Portland, OR", "sentiment": "positive", "time": "Sun Nov 06 20:57:23 +0000 2016"}
{"polarity": 0.25, "location": "New York, NY", "sentiment": "positive", "time": "Sun Nov 06 20:57:30 +0000 2016"}
{"polarity": 0.0, "location": "Boston, MA", "sentiment": "neutral", "time": "Sun Nov 06 20:57:35 +0000 2016"}
{"polarity": 0.0, "location": "Seattle, WA", "sentiment": "neutral", "time": "Sun Nov 06 20:57:35 +0000 2016"}
{"polarity": 0.0, "location": "Phoenix, AZ", "sentiment": "neutral", "time": "Sun Nov 06 20:57:36 +0000 2016"}
{"polarity": 0.0, "location": "Boston, MA", "sentiment": "neutral", "time": "Sun Nov 06 20:57:39 +0000 2016"}
{"polarity": 0.3, "location": "San Diego, CA", "sentiment": "positive", "time": "Sun Nov 06 20:57:53 +0000 2016"}
{"polarity": 0.45, "location": "Portland, OR", "sentiment": "positive", "time": "Sun Nov 06 20:57:57 +0000 2016"}
{"polarity": 0.0, "location": "New York, NY", "sentiment": "neutral", "time": "Sun Nov 06 20:26:03 +0000 2016"}
{"polarity": 0.3, "location": "New York, NY", "sentiment": "positive", "time": "Sun Nov 06 20:26:06 +0000 2016"}
{"polarity": 0.0, "location": "New York, NY", "sentiment": "neutral", "time": "Sun Nov 06 20:26:08 +0000 2016"}
{"polarity": 0.25, "location": "Seattle, WA", "sentiment": "positive", "time": "Sun Nov 06 20:26:12 +0000 2016"}
{"polarity": 0.0, "location": "Phoenix, AZ", "sentiment": "neutral", "time": "Sun Nov 06 20:26:12 +0000 2016"}
{"polarity": 0.0, "location": "New York, NY", "sentiment": "neutral", "time": "Sun Nov 06 20:26:15 +0000 2016"}
{"polarity": 0.1, "location": "Portland, OR", "sentiment": "positive", "time": "Sun Nov 06 20:26:18 +0000 2016"}
{"polarity": 0.5, "location": "New York, NY", "sentiment": "positive", "time": "Sun Nov 06 20:26:20 +0000 2016"}
{"polarity": 0.0, "location": "New York, NY", "sentiment": "neutral", "time": "Sun Nov 06 20:26:21 +0000 2016"}
{"polarity": 0.5, "location": "Atlanta, GA", "sentiment": "positive", "time": "Sun Nov 06 20:26:36 +0000 2016"}
{"polarity": 0.0, "location": "New York, NY", "sentiment": "neutral", "time": "Sun Nov 06 20:26:45 +0000 2016"}
{"polarity": 0.5, "location": "San Diego, CA", "sentiment": "positive", "time": "Sun Nov 06 20:26:50 +0000 2016"}
{"polarity": -0.2, "location": "Atlanta, GA", "sentiment": "negative", "time": "Sun Nov 06 20:26:59 +0000 2016"}
{"polarity": 0.1, "location": "New York, NY", "sentiment": "positive", "time": "Sun Nov 06 20:58:00 +0000 2016"}
{"polarity": 0.0, "location": "Boston, MA", "sentiment": "neutral", "time": "Sun Nov 06 20:58:00 +0000 2016"}
{"polarity": 0.0, "location": "Boston, MA", "sentiment": "neutral", "time": "Sun Nov 06 20:58:02 +0000 2016"}
{"polarity": 0.0, "location": "Atlanta, GA", "sentiment": "neutral", "time": "Sun Nov 06 20:58:09 +0000 2016"}
{"polarity": -0.1, "location": "Atlanta, GA", "sentiment": "negative", "time": "Sun Nov 06 20:58:19 +0000 2016"}
{"polarity": -0.4, "location": "New York, NY", "sentiment": "negative", "time": "Sun Nov 06 20:58:26 +0000 2016"}
{"polarity": 0.0, "location": "Atlanta, GA", "sentiment": "neutral", "time": "Sun Nov 06 20:58:28 +0000 2016"}
{"polarity": 0.0, "location": "New York, NY", "sentiment": "neutral", "time": "Sun Nov 06 20:58:30 +0000 2016"}
{"polarity": 0.0, "location": "San Diego, CA", "sentiment": "neutral", "time": "Sun Nov 06 20:58:30 +0000 2016"}
{"polarity": 0.4833333333333334, "location": "Orlando, FL", "sentiment": "positive", "time": "Sun Nov 06 20:58:32 +0000 2016"}
{"polarity": 0.0, "location": "Atlanta, GA", "sentiment": "neutral", "time": "Sun Nov 06 20:58:38 +0000 2016"}
{"polarity": 0.5, "location": "Seattle, WA", "sentiment": "positive", "time": "Sun Nov 06 20:58:41 +0000 2016"}
{"polarity": 0.0, "location": "Atlanta, GA", "sentiment": "neutral", "time": "Sun Nov 06 20:42:02 +0000 2016"}
{"polarity": 0.1, "location": "Atlanta, GA", "sentiment": "positive", "time": "Sun Nov 06 20:42:06 +0000 2016"}
{"polarity": 0.2857142857142857, "location": "Atlanta, GA", "sentiment": "positive", "time": "Sun Nov 06 20:42:12 +0000 2016"}
{"polarity": 0.0, "location": "New York, NY", "sentiment": "neutral", "time": "Sun Nov 06 20:42:14 +0000 2016"}
{"polarity": 0.2, "location": "Orlando, FL", "sentiment": "positive", "time": "Sun Nov 06 20:42:18 +0000 2016"}
{"polarity": 0.0, "location": "San Diego, CA", "sentiment": "neutral", "time": "Sun Nov 06 20:42:37 +0000 2016"}
{"polarity": -0.8, "location": "Orlando, FL", "sentiment": "negative", "time": "Sun Nov 06 20:42:37 +0000 2016"}
{"polarity": 0.0, "location": "New York, NY", "sentiment": "neutral", "time": "Sun Nov 06 20:42:39 +0000 2016"}
{"polarity": 0.43333333333333335, "location": "San Diego, CA", "sentiment": "positive", "time": "Sun Nov 06 20:42:43 +0000 2016"}
{"polarity": -0.5, "location": "Atlanta, GA", "sentiment": "negative", "time": "Sun Nov 06 20:42:44 +0000 2016"}
{"polarity": 0.5, "location": "New York, NY", "sentiment": "positive", "time": "Sun Nov 06 20:42:45 +0000 2016"}
{"polarity": 0.43333333333333335, "location": "Boston, MA", "sentiment": "positive", "time": "Sun Nov 06 20:42:48 +0000 2016"}
{"polarity": 0.3, "location": "Atlanta, GA", "sentiment": "positive", "time": "Sun Nov 06 20:42:55 +0000 2016"}
{"polarity": -0.25, "location": "New York, NY", "sentiment": "negative", "time": "Sun Nov 06 20:42:55 +0000 2016"}
{"polarity": 0.0, "location": "New York, NY", "sentiment": "neutral", "time": "Sun Nov 06 20:42:56 +0000 2016"}
{"polarity": 0.2590909090909091, "location": "Atlanta, GA", "sentiment": "positive", "time": "Sun Nov 06 20:50:01 +0000 2016"}
{"polarity": 0.6000000000000001, "location": "Atlanta, GA", "sentiment": "positive", "time": "Sun Nov 06 20:50:02 +0000 2016"}
{"polarity": 0.0, "location": "New York, NY", "sentiment": "neutral", "time": "Sun Nov 06 20:50:06 +0000 2016"}
{"polarity": -0.16666666666666666, "location": "Atlanta, GA", "sentiment": "negative", "time": "Sun Nov 06 20:50:08 +0000 2016"}
{"polarity": 0.0, "location": "Atlanta, GA", "sentiment": "neutral", "time": "Sun Nov 06 20:50:10 +0000 2016"}
{"polarity": 0.0, "location": "San Diego, CA", "sentiment": "neutral", "time": "Sun Nov 06 20:50:11 +0000 2016"}
{"polarity": -0.075, "location": "Seattle, WA", "sentiment": "negative", "time": "Sun Nov 06 20:50:14 +0000 2016"}
{"polarity": -0.1220703125, "location": "Seattle, WA", "sentiment": "negative", "time": "Sun Nov 06 20:50:30 +0000 2016"}
{"polarity": 0.0, "location": "Boston, MA", "sentiment": "neutral", "time": "Sun Nov 06 20:50:31 +0000 2016"}
{"polarity": 0.0, "location": "Atlanta, GA", "sentiment": "neutral", "time": "Sun Nov 06 20:50:42 +0000 2016"}
{"polarity": 0.2590909090909091, "location": "Atlanta, GA", "sentiment": "positive", "time": "Sun Nov 06 20:50:43 +0000 2016"}
{"polarity": 0.0, "location": "Phoenix, AZ", "sentiment": "neutral", "time": "Sun Nov 06 20:50:44 +0000 2016"}
{"polarity": 0.1, "location": "New York, NY", "sentiment": "positive", "time": "Sun Nov 06 20:50:46 +0000 2016"}
{"polarity": 0.0, "location": "San Diego, CA", "sentiment": "neutral", "time": "Sun Nov 06 20:50:48 +0000 2016"}
{"polarity": 0.0, "location": "Atlanta, GA", "sentiment": "neutral", "time": "Sun Nov 06 20:15:00 +0000 2016"}
{"polarity": 0.4875, "location": "Atlanta, GA", "sentiment": "positive", "time": "Sun Nov 06 20:15:04 +0000 2016"}
{"polarity": -0.1, "location": "New York, NY", "sentiment": "negative", "time": "Sun Nov 06 20:15:09 +0000 2016"}
{"polarity": 0.0, "location": "New York, NY", "sentiment": "neutral", "time": "Sun Nov 06 20:15:14 +0000 2016"}
{"polarity": 0.0, "location": "Atlanta, GA", "sentiment": "neutral", "time": "Sun Nov 06 20:15:24 +0000 2016"}
{"polarity": 0.75, "location": "Atlanta, GA", "sentiment": "positive", "time": "Sun Nov 06 20:15:26 +0000 2016"}
{"polarity": 0.0, "location": "Phoenix, AZ", "sentiment": "neutral", "time": "Sun Nov 06 20:15:37 +0000 2016"}
{"polarity": 0.7000000000000001, "location": "Boston, MA", "sentiment": "positive", "time": "Sun Nov 06 20:15:44 +0000 2016"}
{"polarity": -0.7, "location": "Atlanta, GA", "sentiment": "negative", "time": "Sun Nov 06 20:15:44 +0000 2016"}
{"polarity": 0.0, "location": "Orlando, FL", "sentiment": "neutral", "time": "Sun Nov 06 20:15:48 +0000 2016"}
{"polarity": -0.4, "location": "Orlando, FL", "sentiment": "negative", "time": "Sun Nov 06 20:15:53 +0000 2016"}
{"polarity": 0.25, "location": "New York, NY", "sentiment": "positive", "time": "Sun Nov 06 20:38:07 +0000 2016"}
{"polarity": 0.0, "location": "New York, NY", "sentiment": "neutral", "time": "Sun Nov 06 20:38:14 +0000 2016"}
{"polarity": 0.25, "location": "Atlanta, GA", "sentiment": "positive", "time": "Sun Nov 06 20:38:20 +0000 2016"}
{"polarity": 0.0, "location": "Portland, OR", "sentiment": "neutral", "time": "Sun Nov 06 20:38:25 +0000 2016"}
{"polarity": 0.13636363636363635, "location": "New York, NY", "sentiment": "positive", "time": "Sun Nov 06 20:38:30 +0000 2016"}
{"polarity": 0.0, "location": "Phoenix, AZ", "sentiment": "neutral", "time": "Sun Nov 06 20:38:31 +0000 2016"}
{"polarity": 0.0, "location": "New York, NY", "sentiment": "neutral", "time": "Sun Nov 06 20:38:41 +0000 2016"}
{"polarity": 0.65, "location": "Boston, MA", "sentiment": "positive", "time": "Sun Nov 06 20:38:52 +0000 2016"}
{"polarity": -0.03571428571428571, "location": "Atlanta, GA", "sentiment": "negative", "time": "Sun Nov 06 20:38:53 +0000 2016"}
{"polarity": 0.0, "location": "San Diego, CA", "sentiment": "neutral", "time": "Sun Nov 06 20:38:53 +0000 2016"}
{"polarity": 0.8544921875, "location": "Seattle, WA", "sentiment": "positive", "time": "Sun Nov 06 20:38:54 +0000 2016"}
{"polarity": 0.0, "location": "San Diego, CA", "sentiment": "neutral", "time": "Sun Nov 06 20:38:56 +0000 2016"}
{"polarity": 0.0, "location": "Atlanta, GA", "sentiment": "neutral", "time": "Sun Nov 06 20:38:57 +0000 2016"}
{"polarity": 0.0, "location": "Atlanta, GA", "sentiment": "neutral", "time": "Sun Nov 06 20:38:57 +0000 2016"}
{"polarity": 0.4121212121212121, "location": "Phoenix, AZ", "sentiment": "positive", "time": "Sun Nov 06 20:21:02 +0000 2016"}
{"polarity": 0.0, "location": "New York, NY", "sentiment": "neutral", "time": "Sun Nov 06 20:21:05 +0000 2016"}
{"polarity": 0.6875, "location": "Boston, MA", "sentiment": "positive", "time": "Sun Nov 06 20:21:11 +0000 2016"}
{"polarity": -0.008333333333333331, "location": "Portland, OR", "sentiment": "negative", "time": "Sun Nov 06 20:21:16 +0000 2016"}
{"polarity": -0.13333333333333333, "location": "New York, NY", "sentiment": "negative", "time": "Sun Nov 06 20:21:21 +0000 2016"}
{"polarity": -0.05, "location": "New York, NY", "sentiment": "negative", "time": "Sun Nov 06 20:21:23 +0000 2016"}
{"polarity": 0.0, "location": "Orlando, FL", "sentiment": "neutral", "time": "Sun Nov 06 20:21:30 +0000 2016"}
{"polarity": 0.0, "location": "Seattle, WA", "sentiment": "neutral", "time": "Sun Nov 06 20:21:31 +0000 2016"}
{"polarity": 0.0, "location": "Atlanta, GA", "sentiment": "neutral", "time": "Sun Nov 06 20:21:47 +0000 2016"}
{"polarity": 0.0, "location": "New York, NY", "sentiment": "neutral", "time": "Sun Nov 06 20:21:48 +0000 2016"}
{"polarity": 0.0, "location": "Atlanta, GA", "sentiment": "neutral", "time": "Sun Nov 06 20:21:48 +0000 2016"}
{"polarity": 0.0, "location": "Seattle, WA", "sentiment": "neutral", "time": "Sun Nov 06 20:21:59 +0000 2016"}
{"polarity": -0.07777777777777779, "location": "Boston, MA", "sentiment": "negative", "time": "Sun Nov 06 20:21:59 +0000 2016"}
{"polarity": 0.0, "location": "New York, NY", "sentiment": "neutral", "time": "Sun Nov 06 20:17:01 +0000 2016"}
{"polarity": 0.0, "location": "Atlanta, GA", "sentiment": "neutral", "time": "Sun Nov 06 20:17:02 +0000 2016"}
{"polarity": 0.24285714285714285, "location": "Atlanta, GA", "sentiment": "positive", "time": "Sun Nov 06 20:17:04 +0000 2016"}
{"polarity": -0.6, "location": "Seattle, WA", "sentiment": "negative", "time": "Sun Nov 06 20:17:05 +0000 2016"}
{"polarity": 0.0, "location": "Seattle, WA", "sentiment": "neutral", "time": "Sun Nov 06 20:17:05 +0000 2016"}
{"polarity": 0.0, "location": "Atlanta, GA", "sentiment": "neutral", "time": "Sun Nov 06 20:17:06 +0000 2016"}
{"polarity": 0.0, "location": "Orlando, FL", "sentiment": "neutral", "time": "Sun Nov 06 20:17:16 +0000 2016"}
{"polarity": 0.0, "location": "Orlando, FL", "sentiment": "neutral", "time": "Sun Nov 06 20:17:17 +0000 2016"}
{"polarity": 0.0, "location": "New York, NY", "sentiment": "neutral", "time": "Sun Nov 06 20:17:23 +0000 2016"}
{"polarity": 0.2, "location": "Boston, MA", "sentiment": "positive", "time": "Sun Nov 06 20:17:28 +0000 2016"}
{"polarity": 0.0, "location": "Atlanta, GA", "sentiment": "neutral", "time": "Sun Nov 06 20:17:31 +0000 2016"}
{"polarity": 0.34375, "location": "New York, NY", "sentiment": "positive", "time": "Sun Nov 06 20:17:35 +0000 2016"}
{"polarity": 0.0, "location": "New York, NY", "sentiment": "neutral", "time": "Sun Nov 06 20:17:42 +0000 2016"}
{"polarity": 0.0, "location": "San Diego, CA", "sentiment": "neutral", "time": "Sun Nov 06 20:17:45 +0000 2016"}
{"polarity": 0.2, "location": "New York, NY", "sentiment": "positive", "time": "Sun Nov 06 20:12:02 +0000 2016"}
{"polarity": -0.35, "location": "Portland, OR", "sentiment": "negative", "time": "Sun Nov 06 20:12:05 +0000 2016"}
{"polarity": 0.05, "location": "Orlando, FL", "sentiment": "positive", "time": "Sun Nov 06 20:12:08 +0000 2016"}
{"polarity": 0.0, "location": "Orlando, FL", "sentiment": "neutral", "time": "Sun Nov 06 20:12:18 +0000 2016"}
{"polarity": 0.0, "location": "New York, NY", "sentiment": "neutral", "time": "Sun Nov 06 20:12:21 +0000 2016"}
{"polarity": 0.0, "location": "Orlando, FL", "sentiment": "neutral", "time": "Sun Nov 06 20:12:23 +0000 2016"}
{"polarity": 0.0, "location": "New York, NY", "sentiment": "neutral", "time": "Sun Nov 06 20:12:28 +0000 2016"}
{"polarity": 0.375, "location": "Atlanta, GA", "sentiment": "positive", "time": "Sun Nov 06 20:12:43 +0000 2016"}
{"polarity": -0.17111111111111113, "location": "Seattle, WA", "sentiment": "negative", "time": "Sun Nov 06 20:12:44 +0000 2016"}
{"polarity": 0.0, "location": "New York, NY", "sentiment": "neutral", "time": "Sun Nov 06 20:12:53 +0000 2016"}
{"polarity": 0.6, "location": "San Diego, CA", "sentiment": "positive", "time": "Sun Nov 06 20:29:04 +0000 2016"}
{"polarity": 0.0, "location": "New York, NY", "sentiment": "neutral", "time": "Sun Nov 06 20:29:10 +0000 2016"}
{"polarity": 0.0, "location": "Orlando, FL", "sentiment": "neutral", "time": "Sun Nov 06 20:29:18 +0000 2016"}
{"polarity": 0.0, "location": "New York, NY", "sentiment": "neutral", "time": "Sun Nov 06 20:29:24 +0000 2016"}
{"polarity": -0.1, "location": "Boston, MA", "sentiment": "negative", "time": "Sun Nov 06 20:29:24 +0000 2016"}
{"polarity": 0.0, "location": "Phoenix, AZ", "sentiment": "neutral", "time": "Sun Nov 06 20:29:29 +0000 2016"}
{"polarity": 0.8, "location": "New York, NY", "sentiment": "positive", "time": "Sun Nov 06 20:29:34 +0000 2016"}
{"polarity": 0.0, "location": "New York, NY", "sentiment": "neutral", "time": "Sun Nov 06 20:29:40 +0000 2016"}
{"polarity": 0.0, "location": "New York, NY", "sentiment": "neutral", "time": "Sun Nov 06 20:29:41 +0000 2016"}
{"polarity": 0.0, "location": "San Diego, CA", "sentiment": "neutral", "time": "Sun Nov 06 20:29:50 +0000 2016"}
{"polarity": 0.2857142857142857, "location": "New York, NY", "sentiment": "positive", "time": "Sun Nov 06 20:29:56 +0000 2016"}
{"polarity": -0.01339285714285715, "location": "Seattle, WA", "sentiment": "negative", "time": "Sun Nov 06 20:29:58 +0000 2016"}
{"polarity": 0.0, "location": "New York, NY", "sentiment": "neutral", "time": "Sun Nov 06 20:18:01 +0000 2016"}
{"polarity": 0.1, "location": "Portland, OR", "sentiment": "positive", "time": "Sun Nov 06 20:18:02 +0000 2016"}
{"polarity": 0.9375, "location": "New York, NY", "sentiment": "positive", "time": "Sun Nov 06 20:18:02 +0000 2016"}
{"polarity": 0.0, "location": "Portland, OR", "sentiment": "neutral", "time": "Sun Nov 06 20:18:05 +0000 2016"}
{"polarity": 0.0, "location": "New York, NY", "sentiment": "neutral", "time": "Sun Nov 06 20:18:05 +0000 2016"}
{"polarity": 0.25, "location": "New York, NY", "sentiment": "positive", "time": "Sun Nov 06 20:18:11 +0000 2016"}
{"polarity": 0.0, "location": "Atlanta, GA", "sentiment": "neutral", "time": "Sun Nov 06 20:18:12 +0000 2016"}
{"polarity": 0.0, "location": "Atlanta, GA", "sentiment": "neutral", "time": "Sun Nov 06 20:18:13 +0000 2016"}
{"polarity": 0.0, "location": "Portland, OR", "sentiment": "neutral", "time": "Sun Nov 06 20:18:15 +0000 2016"}
{"polarity": 0.0, "location": "San Diego, CA", "sentiment": "neutral", "time": "Sun Nov 06 20:18:17 +0000 2016"}
{"polarity": 0.23333333333333334, "location": "Boston, MA", "sentiment": "positive", "time": "Sun Nov 06 20:18:30 +0000 2016"}
{"polarity": 0.0, "location": "Boston, MA", "sentiment": "neutral", "time": "Sun Nov 06 20:18:52 +0000 2016"}
{"polarity": 0.13636363636363635, "location": "San Diego, CA", "sentiment": "positive", "time": "Sun Nov 06 20:46:00 +0000 2016"}
{"polarity": 0.5, "location": "San Diego, CA", "sentiment": "positive", "time": "Sun Nov 06 20:46:08 +0000 2016"}
{"polarity": 0.0, "location": "Atlanta, GA", "sentiment": "neutral", "time": "Sun Nov 06 20:46:07 +0000 2016"}
{"polarity": 0.8, "location": "Boston, MA", "sentiment": "positive", "time": "Sun Nov 06 20:46:11 +0000 2016"}
{"polarity": 0.2, "location": "Seattle, WA", "sentiment": "positive", "time": "Sun Nov 06 20:46:16 +0000 2016"}
{"polarity": 0.25, "location": "New York, NY", "sentiment": "positive", "time": "Sun Nov 06 20:46:20 +0000 2016"}
{"polarity": 0.0, "location": "Boston, MA", "sentiment": "neutral", "time": "Sun Nov 06 20:46:23 +0000 2016"}
{"polarity": 0.4177083333333333, "location": "San Diego, CA", "sentiment": "positive", "time": "Sun Nov 06 20:46:27 +0000 2016"}
{"polarity": 0.0, "location": "Phoenix, AZ", "sentiment": "neutral", "time": "Sun Nov 06 20:46:29 +0000 2016"}
{"polarity": 0.0, "location": "St. Louis, MO", "sentiment": "neutral", "time": "Sun Nov 06 20:46:29 +0000 2016"}
{"polarity": 0.5, "location": "New York, NY", "sentiment": "positive", "time": "Sun Nov 06 20:46:42 +0000 2016"}
{"polarity": 0.0, "location": "San Diego, CA", "sentiment": "neutral", "time": "Sun Nov 06 20:46:47 +0000 2016"}
{"polarity": 0.0, "location": "San Diego, CA", "sentiment": "neutral", "time": "Sun Nov 06 20:46:50 +0000 2016"}
{"polarity": -0.16666666666666666, "location": "New York, NY", "sentiment": "negative", "time": "Sun Nov 06 20:46:50 +0000 2016"}
{"polarity": 0.0, "location": "Atlanta, GA", "sentiment": "neutral", "time": "Sun Nov 06 20:46:52 +0000 2016"}
{"polarity": 0.0, "location": "Atlanta, GA", "sentiment": "neutral", "time": "Sun Nov 06 20:46:55 +0000 2016"}
{"polarity": 0.0, "location": "Orlando, FL", "sentiment": "neutral", "time": "Sun Nov 06 20:46:58 +0000 2016"}
{"polarity": 0.25, "location": "San Diego, CA", "sentiment": "positive", "time": "Sun Nov 06 20:00:01 +0000 2016"}
{"polarity": 0.625, "location": "New York, NY", "sentiment": "positive", "time": "Sun Nov 06 20:00:01 +0000 2016"}
{"polarity": 0.0, "location": "Boston, MA", "sentiment": "neutral", "time": "Sun Nov 06 20:00:07 +0000 2016"}
{"polarity": 0.13636363636363635, "location": "Atlanta, GA", "sentiment": "positive", "time": "Sun Nov 06 20:00:07 +0000 2016"}
{"polarity": 0.0, "location": "San Diego, CA", "sentiment": "neutral", "time": "Sun Nov 06 20:00:11 +0000 2016"}
{"polarity": -0.4, "location": "Phoenix, AZ", "sentiment": "negative", "time": "Sun Nov 06 20:00:23 +0000 2016"}
{"polarity": 0.5, "location": "San Diego, CA", "sentiment": "positive", "time": "Sun Nov 06 20:00:28 +0000 2016"}
{"polarity": 0.0, "location": "Atlanta, GA", "sentiment": "neutral", "time": "Sun Nov 06 20:00:30 +0000 2016"}
{"polarity": 0.0, "location": "San Diego, CA", "sentiment": "neutral", "time": "Sun Nov 06 20:00:32 +0000 2016"}
{"polarity": 0.0, "location": "New York, NY", "sentiment": "neutral", "time": "Sun Nov 06 20:00:33 +0000 2016"}
{"polarity": 0.17045454545454544, "location": "Boston, MA", "sentiment": "positive", "time": "Sun Nov 06 20:00:34 +0000 2016"}
{"polarity": 1.0, "location": "Boston, MA", "sentiment": "positive", "time": "Sun Nov 06 20:00:39 +0000 2016"}
{"polarity": -0.05, "location": "New York, NY", "sentiment": "negative", "time": "Sun Nov 06 20:00:41 +0000 2016"}
{"polarity": 0.0, "location": "Boston, MA", "sentiment": "neutral", "time": "Sun Nov 06 20:00:47 +0000 2016"}
{"polarity": 0.0, "location": "Phoenix, AZ", "sentiment": "neutral", "time": "Sun Nov 06 20:00:52 +0000 2016"}
{"polarity": -0.4, "location": "Boston, MA", "sentiment": "negative", "time": "Sun Nov 06 20:34:15 +0000 2016"}
{"polarity": 0.0, "location": "Atlanta, GA", "sentiment": "neutral", "time": "Sun Nov 06 20:34:17 +0000 2016"}
{"polarity": 0.0, "location": "Seattle, WA", "sentiment": "neutral", "time": "Sun Nov 06 20:34:26 +0000 2016"}
{"polarity": 0.5, "location": "New York, NY", "sentiment": "positive", "time": "Sun Nov 06 20:34:37 +0000 2016"}
{"polarity": 0.1, "location": "San Diego, CA", "sentiment": "positive", "time": "Sun Nov 06 20:05:02 +0000 2016"}
{"polarity": 0.2785714285714285, "location": "New York, NY", "sentiment": "positive", "time": "Sun Nov 06 20:05:06 +0000 2016"}
{"polarity": 0.5, "location": "Atlanta, GA", "sentiment": "positive", "time": "Sun Nov 06 20:05:07 +0000 2016"}
{"polarity": 0.1111111111111111, "location": "New York, NY", "sentiment": "positive", "time": "Sun Nov 06 20:05:10 +0000 2016"}
{"polarity": -0.2, "location": "Phoenix, AZ", "sentiment": "negative", "time": "Sun Nov 06 20:05:11 +0000 2016"}
{"polarity": 0.0, "location": "Phoenix, AZ", "sentiment": "neutral", "time": "Sun Nov 06 20:05:15 +0000 2016"}
{"polarity": 0.0, "location": "New York, NY", "sentiment": "neutral", "time": "Sun Nov 06 20:05:15 +0000 2016"}
{"polarity": 0.125, "location": "New York, NY", "sentiment": "positive", "time": "Sun Nov 06 20:05:15 +0000 2016"}
{"polarity": 0.17045454545454544, "location": "San Diego, CA", "sentiment": "positive", "time": "Sun Nov 06 20:05:16 +0000 2016"}
{"polarity": 0.0, "location": "New York, NY", "sentiment": "neutral", "time": "Sun Nov 06 20:05:17 +0000 2016"}
{"polarity": -0.16666666666666666, "location": "New York, NY", "sentiment": "negative", "time": "Sun Nov 06 20:05:18 +0000 2016"}
{"polarity": -0.2222222222222222, "location": "New York, NY", "sentiment": "negative", "time": "Sun Nov 06 20:05:23 +0000 2016"}
{"polarity": 0.5, "location": "Boston, MA", "sentiment": "positive", "time": "Sun Nov 06 20:05:36 +0000 2016"}
{"polarity": 0.0, "location": "Atlanta, GA", "sentiment": "neutral", "time": "Sun Nov 06 20:05:38 +0000 2016"}
{"polarity": 0.21000000000000002, "location": "Seattle, WA", "sentiment": "positive", "time": "Sun Nov 06 20:05:48 +0000 2016"}
{"polarity": 0.0, "location": "Orlando, FL", "sentiment": "neutral", "time": "Sun Nov 06 20:05:49 +0000 2016"}
{"polarity": 0.0, "location": "Boston, MA", "sentiment": "neutral", "time": "Sun Nov 06 20:05:50 +0000 2016"}
{"polarity": 0.23333333333333336, "location": "Orlando, FL", "sentiment": "positive", "time": "Sun Nov 06 20:05:56 +0000 2016"}
{"polarity": 0.5, "location": "Orlando, FL", "sentiment": "positive", "time": "Sun Nov 06 20:11:15 +0000 2016"}
{"polarity": 0.0, "location": "Portland, OR", "sentiment": "neutral", "time": "Sun Nov 06 20:11:24 +0000 2016"}
{"polarity": 0.6000000000000001, "location": "Atlanta, GA", "sentiment": "positive", "time": "Sun Nov 06 20:56:01 +0000 2016"}
{"polarity": 0.0, "location": "Phoenix, AZ", "sentiment": "neutral", "time": "Sun Nov 06 20:56:03 +0000 2016"}
{"polarity": 0.5, "location": "New York, NY", "sentiment": "positive", "time": "Sun Nov 06 20:56:16 +0000 2016"}
{"polarity": -0.1875, "location": "Orlando, FL", "sentiment": "negative", "time": "Sun Nov 06 20:56:26 +0000 2016"}
{"polarity": -0.8, "location": "Portland, OR", "sentiment": "negative", "time": "Sun Nov 06 20:56:28 +0000 2016"}
{"polarity": 0.0, "location": "Kansas City, KS", "sentiment": "neutral", "time": "Sun Nov 06 20:56:29 +0000 2016"}
{"polarity": 0.13636363636363635, "location": "Seattle, WA", "sentiment": "positive", "time": "Sun Nov 06 20:56:30 +0000 2016"}
{"polarity": 0.0, "location": "New York, NY", "sentiment": "neutral", "time": "Sun Nov 06 20:56:50 +0000 2016"}
{"polarity": 0.0, "location": "Boston, MA", "sentiment": "neutral", "time": "Sun Nov 06 20:56:52 +0000 2016"}
{"polarity": -0.125, "location": "New York, NY", "sentiment": "negative", "time": "Sun Nov 06 20:56:59 +0000 2016"}
{"polarity": 0.6000000000000001, "location": "Atlanta, GA", "sentiment": "positive", "time": "Sun Nov 06 20:56:59 +0000 2016"}
{"polarity": 0.0, "location": "San Diego, CA", "sentiment": "neutral", "time": "Sun Nov 06 20:47:10 +0000 2016"}
{"polarity": 0.11212121212121211, "location": "New York, NY", "sentiment": "positive", "time": "Sun Nov 06 20:47:12 +0000 2016"}
{"polarity": 0.2, "location": "Portland, OR", "sentiment": "positive", "time": "Sun Nov 06 20:47:14 +0000 2016"}
{"polarity": 0.0, "location": "Atlanta, GA", "sentiment": "neutral", "time": "Sun Nov 06 20:47:14 +0000 2016"}
{"polarity": 0.0, "location": "Boston, MA", "sentiment": "neutral", "time": "Sun Nov 06 20:47:16 +0000 2016"}
{"polarity": 0.0, "location": "New York, NY", "sentiment": "neutral", "time": "Sun Nov 06 20:47:16 +0000 2016"}
{"polarity": 0.22777777777777777, "location": "Atlanta, GA", "sentiment": "positive", "time": "Sun Nov 06 20:47:21 +0000 2016"}
{"polarity": 0.0, "location": "Boston, MA", "sentiment": "neutral", "time": "Sun Nov 06 20:47:28 +0000 2016"}
{"polarity": -0.8749999999999998, "location": "Atlanta, GA", "sentiment": "negative", "time": "Sun Nov 06 20:47:34 +0000 2016"}
{"polarity": 0.125, "location": "Atlanta, GA", "sentiment": "positive", "time": "Sun Nov 06 20:47:47 +0000 2016"}
{"polarity": 0.0, "location": "Orlando, FL", "sentiment": "neutral", "time": "Sun Nov 06 20:47:59 +0000 2016"}
{"polarity": 0.25, "location": "Seattle, WA", "sentiment": "positive", "time": "Sun Nov 06 20:52:00 +0000 2016"}
{"polarity": 0.5, "location": "San Diego, CA", "sentiment": "positive", "time": "Sun Nov 06 20:52:02 +0000 2016"}
{"polarity": 0.0, "location": "Atlanta, GA", "sentiment": "neutral", "time": "Sun Nov 06 20:52:04 +0000 2016"}
{"polarity": 0.09114583333333333, "location": "San Diego, CA", "sentiment": "positive", "time": "Sun Nov 06 20:52:11 +0000 2016"}
{"polarity": 0.0, "location": "New York, NY", "sentiment": "neutral", "time": "Sun Nov 06 20:52:12 +0000 2016"}
{"polarity": 0.0, "location": "Atlanta, GA", "sentiment": "neutral", "time": "Sun Nov 06 20:52:21 +0000 2016"}
{"polarity": 0.0, "location": "Atlanta, GA", "sentiment": "neutral", "time": "Sun Nov 06 20:52:24 +0000 2016"}
{"polarity": 0.2, "location": "Portland, OR", "sentiment": "positive", "time": "Sun Nov 06 20:52:28 +0000 2016"}
{"polarity": 0.0, "location": "Orlando, FL", "sentiment": "neutral", "time": "Sun Nov 06 20:52:29 +0000 2016"}
{"polarity": 0.25, "location": "New York, NY", "sentiment": "positive", "time": "Sun Nov 06 20:52:32 +0000 2016"}
{"polarity": -0.75, "location": "Orlando, FL", "sentiment": "negative", "time": "Sun Nov 06 20:52:38 +0000 2016"}
{"polarity": 0.0, "location": "Portland, OR", "sentiment": "neutral", "time": "Sun Nov 06 20:53:01 +0000 2016"}
{"polarity": 0.0, "location": "Atlanta, GA", "sentiment": "neutral", "time": "Sun Nov 06 20:53:03 +0000 2016"}
{"polarity": 0.25, "location": "New York, NY", "sentiment": "positive", "time": "Sun Nov 06 20:53:17 +0000 2016"}
{"polarity": 1.0, "location": "Boston, MA", "sentiment": "positive", "time": "Sun Nov 06 20:53:22 +0000 2016"}
{"polarity": -0.5, "location": "Phoenix, AZ", "sentiment": "negative", "time": "Sun Nov 06 20:53:23 +0000 2016"}
{"polarity": 0.5, "location": "Portland, OR", "sentiment": "positive", "time": "Sun Nov 06 20:53:23 +0000 2016"}
{"polarity": -0.16666666666666666, "location": "Atlanta, GA", "sentiment": "negative", "time": "Sun Nov 06 20:53:25 +0000 2016"}
{"polarity": -0.2, "location": "Phoenix, AZ", "sentiment": "negative", "time": "Sun Nov 06 20:53:30 +0000 2016"}
{"polarity": 0.5, "location": "Atlanta, GA", "sentiment": "positive", "time": "Sun Nov 06 20:53:34 +0000 2016"}
{"polarity": 0.0, "location": "Boston, MA", "sentiment": "neutral", "time": "Sun Nov 06 20:53:44 +0000 2016"}
{"polarity": 0.625, "location": "Seattle, WA", "sentiment": "positive", "time": "Sun Nov 06 20:53:47 +0000 2016"}
{"polarity": 0.0, "location": "Seattle, WA", "sentiment": "neutral", "time": "Sun Nov 06 20:53:53 +0000 2016"}
{"polarity": 0.0, "location": "Atlanta, GA", "sentiment": "neutral", "time": "Sun Nov 06 20:02:00 +0000 2016"}
{"polarity": 0.25, "location": "New York, NY", "sentiment": "positive", "time": "Sun Nov 06 20:02:02 +0000 2016"}
{"polarity": 0.0, "location": "Atlanta, GA", "sentiment": "neutral", "time": "Sun Nov 06 20:02:13 +0000 2016"}
{"polarity": -0.2, "location": "Atlanta, GA", "sentiment": "negative", "time": "Sun Nov 06 20:02:14 +0000 2016"}
{"polarity": 0.2916666666666667, "location": "San Diego, CA", "sentiment": "positive", "time": "Sun Nov 06 20:02:17 +0000 2016"}
{"polarity": 0.0, "location": "Atlanta, GA", "sentiment": "neutral", "time": "Sun Nov 06 20:02:20 +0000 2016"}
{"polarity": 1.0, "location": "Seattle, WA", "sentiment": "positive", "time": "Sun Nov 06 20:02:26 +0000 2016"}
{"polarity": -0.4, "location": "Atlanta, GA", "sentiment": "negative", "time": "Sun Nov 06 20:02:37 +0000 2016"}
{"polarity": 0.8, "location": "New York, NY", "sentiment": "positive", "time": "Sun Nov 06 20:02:38 +0000 2016"}
{"polarity": -0.5, "location": "Orlando, FL", "sentiment": "negative", "time": "Sun Nov 06 20:02:50 +0000 2016"}
{"polarity": 0.0, "location": "Portland, OR", "sentiment": "neutral", "time": "Sun Nov 06 20:02:55 +0000 2016"}
{"polarity": 0.0, "location": "Phoenix, AZ", "sentiment": "neutral", "time": "Sun Nov 06 20:02:58 +0000 2016"}
{"polarity": -0.5, "location": "Orlando, FL", "sentiment": "negative", "time": "Sun Nov 06 20:48:00 +0000 2016"}
{"polarity": 0.15000000000000002, "location": "New York, NY", "sentiment": "positive", "time": "Sun Nov 06 20:48:01 +0000 2016"}
{"polarity": 0.65, "location": "Seattle, WA", "sentiment": "positive", "time": "Sun Nov 06 20:48:02 +0000 2016"}
{"polarity": 0.0, "location": "Atlanta, GA", "sentiment": "neutral", "time": "Sun Nov 06 20:48:04 +0000 2016"}
{"polarity": 0.0, "location": "New York, NY", "sentiment": "neutral", "time": "Sun Nov 06 20:48:07 +0000 2016"}
{"polarity": -0.5000000000000001, "location": "San Diego, CA", "sentiment": "negative", "time": "Sun Nov 06 20:48:08 +0000 2016"}
{"polarity": 0.0, "location": "New York, NY", "sentiment": "neutral", "time": "Sun Nov 06 20:48:24 +0000 2016"}
{"polarity": 0.45, "location": "New York, NY", "sentiment": "positive", "time": "Sun Nov 06 20:48:28 +0000 2016"}
{"polarity": -0.4277777777777777, "location": "Atlanta, GA", "sentiment": "negative", "time": "Sun Nov 06 20:48:37 +0000 2016"}
{"polarity": 0.0, "location": "New York, NY", "sentiment": "neutral", "time": "Sun Nov 06 20:48:46 +0000 2016"}
{"polarity": 0.0, "location": "New York, NY", "sentiment": "neutral", "time": "Sun Nov 06 20:25:08 +0000 2016"}
{"polarity": 0.0, "location": "Boston, MA", "sentiment": "neutral", "time": "Sun Nov 06 20:25:09 +0000 2016"}
{"polarity": 0.0, "location": "Atlanta, GA", "sentiment": "neutral", "time": "Sun Nov 06 20:25:09 +0000 2016"}
{"polarity": 0.5, "location": "Atlanta, GA", "sentiment": "positive", "time": "Sun Nov 06 20:25:12 +0000 2016"}
{"polarity": 0.0, "location": "Atlanta, GA", "sentiment": "neutral", "time": "Sun Nov 06 20:25:13 +0000 2016"}
{"polarity": 0.3666666666666667, "location": "San Diego, CA", "sentiment": "positive", "time": "Sun Nov 06 20:25:13 +0000 2016"}
{"polarity": 0.0, "location": "Seattle, WA", "sentiment": "neutral", "time": "Sun Nov 06 20:25:18 +0000 2016"}
{"polarity": 0.5, "location": "Boston, MA", "sentiment": "positive", "time": "Sun Nov 06 20:25:24 +0000 2016"}
{"polarity": 0.0, "location": "St. Louis, MO", "sentiment": "neutral", "time": "Sun Nov 06 20:25:26 +0000 2016"}
{"polarity": 0.5, "location": "Atlanta, GA", "sentiment": "positive", "time": "Sun Nov 06 20:25:28 +0000 2016"}
{"polarity": 0.13636363636363635, "location": "New York, NY", "sentiment": "positive", "time": "Sun Nov 06 20:25:31 +0000 2016"}
{"polarity": 0.375, "location": "Phoenix, AZ", "sentiment": "positive", "time": "Sun Nov 06 20:25:32 +0000 2016"}
{"polarity": -0.03333333333333332, "location": "New York, NY", "sentiment": "negative", "time": "Sun Nov 06 20:25:35 +0000 2016"}
{"polarity": 0.0, "location": "New York, NY", "sentiment": "neutral", "time": "Sun Nov 06 20:25:48 +0000 2016"}
{"polarity": 0.35, "location": "Atlanta, GA", "sentiment": "positive", "time": "Sun Nov 06 20:25:51 +0000 2016"}
{"polarity": -0.16666666666666666, "location": "Portland, OR", "sentiment": "negative", "time": "Sun Nov 06 20:16:00 +0000 2016"}
{"polarity": 0.0, "location": "Phoenix, AZ", "sentiment": "neutral", "time": "Sun Nov 06 20:16:25 +0000 2016"}
{"polarity": 0.1, "location": "Portland, OR", "sentiment": "positive", "time": "Sun Nov 06 20:16:28 +0000 2016"}
{"polarity": 0.625, "location": "Atlanta, GA", "sentiment": "positive", "time": "Sun Nov 06 20:16:30 +0000 2016"}
{"polarity": 0.1, "location": "Boston, MA", "sentiment": "positive", "time": "Sun Nov 06 20:16:36 +0000 2016"}
{"polarity": 0.4681818181818182, "location": "Atlanta, GA", "sentiment": "positive", "time": "Sun Nov 06 20:16:37 +0000 2016"}
{"polarity": 0.0, "location": "New York, NY", "sentiment": "neutral", "time": "Sun Nov 06 20:16:40 +0000 2016"}
{"polarity": 0.0, "location": "New York, NY", "sentiment": "neutral", "time": "Sun Nov 06 20:16:58 +0000 2016"}
{"polarity": 0.0, "location": "Orlando, FL", "sentiment": "neutral", "time": "Sun Nov 06 20:14:11 +0000 2016"}
{"polarity": 0.0, "location": "Boston, MA", "sentiment": "neutral", "time": "Sun Nov 06 20:14:14 +0000 2016"}
{"polarity": 0.0, "location": "New York, NY", "sentiment": "neutral", "time": "Sun Nov 06 20:14:19 +0000 2016"}
{"polarity": -0.5, "location": "San Diego, CA", "sentiment": "negative", "time": "Sun Nov 06 20:14:20 +0000 2016"}
{"polarity": 0.0, "location": "Orlando, FL", "sentiment": "neutral", "time": "Sun Nov 06 20:14:32 +0000 2016"}
{"polarity": 0.0, "location": "Boston, MA", "sentiment": "neutral", "time": "Sun Nov 06 20:14:36 +0000 2016"}
{"polarity": 1.0, "location": "New York, NY", "sentiment": "positive", "time": "Sun Nov 06 20:14:56 +0000 2016"}
{"polarity": 0.0, "location": "Boston, MA", "sentiment": "neutral", "time": "Sun Nov 06 20:14:56 +0000 2016"}
{"polarity": 1.0, "location": "Portland, OR", "sentiment": "positive", "time": "Sun Nov 06 20:23:13 +0000 2016"}
{"polarity": 0.27999999999999997, "location": "New York, NY", "sentiment": "positive", "time": "Sun Nov 06 20:23:21 +0000 2016"}
{"polarity": 0.8, "location": "Seattle, WA", "sentiment": "positive", "time": "Sun Nov 06 20:23:28 +0000 2016"}
{"polarity": 0.0, "location": "Portland, OR", "sentiment": "neutral", "time": "Sun Nov 06 20:23:33 +0000 2016"}
{"polarity": 0.5000000000000001, "location": "San Diego, CA", "sentiment": "positive", "time": "Sun Nov 06 20:23:35 +0000 2016"}
{"polarity": -0.02248677248677249, "location": "Boston, MA", "sentiment": "negative", "time": "Sun Nov 06 20:23:46 +0000 2016"}
{"polarity": 0.0, "location": "Atlanta, GA", "sentiment": "neutral", "time": "Sun Nov 06 20:07:03 +0000 2016"}
{"polarity": 0.0, "location": "New York, NY", "sentiment": "neutral", "time": "Sun Nov 06 20:07:22 +0000 2016"}
{"polarity": 0.2, "location": "San Diego, CA", "sentiment": "positive", "time": "Sun Nov 06 20:07:24 +0000 2016"}
{"polarity": 0.0, "location": "Atlanta, GA", "sentiment": "neutral", "time": "Sun Nov 06 20:07:28 +0000 2016"}
{"polarity": 0.2, "location": "New York, NY", "sentiment": "positive", "time": "Sun Nov 06 20:07:36 +0000 2016"}
{"polarity": 0.0, "location": "Boston, MA", "sentiment": "neutral", "time": "Sun Nov 06 20:07:50 +0000 2016"}
{"polarity": 0.8, "location": "Boston, MA", "sentiment": "positive", "time": "Sun Nov 06 20:07:51 +0000 2016"}
{"polarity": 0.1111111111111111, "location": "Seattle, WA", "sentiment": "positive", "time": "Sun Nov 06 20:07:57 +0000 2016"}
{"polarity": 0.0, "location": "Seattle, WA", "sentiment": "neutral", "time": "Sun Nov 06 20:51:03 +0000 2016"}
{"polarity": 0.7, "location": "Phoenix, AZ", "sentiment": "positive", "time": "Sun Nov 06 20:51:03 +0000 2016"}
{"polarity": 0.13636363636363635, "location": "Atlanta, GA", "sentiment": "positive", "time": "Sun Nov 06 20:51:05 +0000 2016"}
{"polarity": 0.0, "location": "Portland, OR", "sentiment": "neutral", "time": "Sun Nov 06 20:51:14 +0000 2016"}
{"polarity": 0.6, "location": "Boston, MA", "sentiment": "positive", "time": "Sun Nov 06 20:51:17 +0000 2016"}
{"polarity": 0.0, "location": "Atlanta, GA", "sentiment": "neutral", "time": "Sun Nov 06 20:51:18 +0000 2016"}
{"polarity": 0.0, "location": "Phoenix, AZ", "sentiment": "neutral", "time": "Sun Nov 06 20:51:20 +0000 2016"}
{"polarity": 0.0, "location": "New York, NY", "sentiment": "neutral", "time": "Sun Nov 06 20:51:26 +0000 2016"}
{"polarity": 0.0, "location": "Phoenix, AZ", "sentiment": "neutral", "time": "Sun Nov 06 20:51:29 +0000 2016"}
{"polarity": 0.0, "location": "Atlanta, GA", "sentiment": "neutral", "time": "Sun Nov 06 20:51:30 +0000 2016"}
{"polarity": 0.0, "location": "New York, NY", "sentiment": "neutral", "time": "Sun Nov 06 20:51:32 +0000 2016"}
{"polarity": -0.2, "location": "Seattle, WA", "sentiment": "negative", "time": "Sun Nov 06 20:51:33 +0000 2016"}
{"polarity": 0.0, "location": "Atlanta, GA", "sentiment": "neutral", "time": "Sun Nov 06 20:51:34 +0000 2016"}
{"polarity": 0.0, "location": "Atlanta, GA", "sentiment": "neutral", "time": "Sun Nov 06 20:51:38 +0000 2016"}
{"polarity": -0.04999999999999999, "location": "Phoenix, AZ", "sentiment": "negative", "time": "Sun Nov 06 20:30:00 +0000 2016"}
{"polarity": 0.0, "location": "Seattle, WA", "sentiment": "neutral", "time": "Sun Nov 06 20:30:02 +0000 2016"}
{"polarity": 0.0, "location": "New York, NY", "sentiment": "neutral", "time": "Sun Nov 06 20:30:04 +0000 2016"}
{"polarity": -0.4, "location": "New York, NY", "sentiment": "negative", "time": "Sun Nov 06 20:30:08 +0000 2016"}
{"polarity": 0.0, "location": "Atlanta, GA", "sentiment": "neutral", "time": "Sun Nov 06 20:30:08 +0000 2016"}
{"polarity": 0.06818181818181818, "location": "New York, NY", "sentiment": "positive", "time": "Sun Nov 06 20:30:20 +0000 2016"}
{"polarity": 0.0, "location": "Atlanta, GA", "sentiment": "neutral", "time": "Sun Nov 06 20:30:26 +0000 2016"}
{"polarity": 0.0, "location": "Atlanta, GA", "sentiment": "neutral", "time": "Sun Nov 06 20:30:26 +0000 2016"}
{"polarity": -0.1, "location": "Seattle, WA", "sentiment": "negative", "time": "Sun Nov 06 20:30:40 +0000 2016"}
{"polarity": 0.0, "location": "New York, NY", "sentiment": "neutral", "time": "Sun Nov 06 20:30:46 +0000 2016"}
{"polarity": 0.0, "location": "San Diego, CA", "sentiment": "neutral", "time": "Sun Nov 06 20:30:53 +0000 2016"}
{"polarity": 0.0, "location": "Boston, MA", "sentiment": "neutral", "time": "Sun Nov 06 20:30:59 +0000 2016"}
{"polarity": 0.6666666666666666, "location": "Seattle, WA", "sentiment": "positive", "time": "Sun Nov 06 20:03:00 +0000 2016"}
{"polarity": 0.0, "location": "Orlando, FL", "sentiment": "neutral", "time": "Sun Nov 06 20:03:13 +0000 2016"}
{"polarity": -0.625, "location": "Boston, MA", "sentiment": "negative", "time": "Sun Nov 06 20:03:13 +0000 2016"}
{"polarity": 0.8, "location": "Atlanta, GA", "sentiment": "positive", "time": "Sun Nov 06 20:03:21 +0000 2016"}
{"polarity": 0.0, "location": "Atlanta, GA", "sentiment": "neutral", "time": "Sun Nov 06 20:03:26 +0000 2016"}
{"polarity": -0.07777777777777779, "location": "Boston, MA", "sentiment": "negative", "time": "Sun Nov 06 20:03:36 +0000 2016"}
{"polarity": 0.0, "location": "Portland, OR", "sentiment": "neutral", "time": "Sun Nov 06 20:03:53 +0000 2016"}
{"polarity": 0.0, "location": "Orlando, FL", "sentiment": "neutral", "time": "Sun Nov 06 20:03:54 +0000 2016"}
{"polarity": 0.0, "location": "Atlanta, GA", "sentiment": "neutral", "time": "Sun Nov 06 20:40:11 +0000 2016"}
{"polarity": 0.625, "location": "San Diego, CA", "sentiment": "positive", "time": "Sun Nov 06 20:40:12 +0000 2016"}
{"polarity": -0.12232142857142855, "location": "Seattle, WA", "sentiment": "negative", "time": "Sun Nov 06 20:40:13 +0000 2016"}
{"polarity": 0.7, "location": "Atlanta, GA", "sentiment": "positive", "time": "Sun Nov 06 20:40:13 +0000 2016"}
{"polarity": 0.0, "location": "San Diego, CA", "sentiment": "neutral", "time": "Sun Nov 06 20:40:25 +0000 2016"}
{"polarity": -0.2, "location": "Phoenix, AZ", "sentiment": "negative", "time": "Sun Nov 06 20:40:26 +0000 2016"}
{"polarity": 0.0, "location": "Orlando, FL", "sentiment": "neutral", "time": "Sun Nov 06 20:40:28 +0000 2016"}
{"polarity": -0.03333333333333333, "location": "Phoenix, AZ", "sentiment": "negative", "time": "Sun Nov 06 20:40:34 +0000 2016"}
{"polarity": 0.0, "location": "Seattle, WA", "sentiment": "neutral", "time": "Sun Nov 06 20:08:07 +0000 2016"}
{"polarity": 0.09999999999999999, "location": "New York, NY", "sentiment": "positive", "time": "Sun Nov 06 20:08:08 +0000 2016"}
{"polarity": 0.0, "location": "Portland, OR", "sentiment": "neutral", "time": "Sun Nov 06 20:08:10 +0000 2016"}
{"polarity": 0.2, "location": "Atlanta, GA", "sentiment": "positive", "time": "Sun Nov 06 20:08:22 +0000 2016"}
{"polarity": 0.0, "location": "San Diego, CA", "sentiment": "neutral", "time": "Sun Nov 06 20:08:24 +0000 2016"}
{"polarity": 0.0, "location": "Atlanta, GA", "sentiment": "neutral", "time": "Sun Nov 06 20:08:25 +0000 2016"}
{"polarity": 0.35714285714285715, "location": "Phoenix, AZ", "sentiment": "positive", "time": "Sun Nov 06 20:08:32 +0000 2016"}
{"polarity": 0.0, "location": "New York, NY", "sentiment": "neutral", "time": "Sun Nov 06 20:08:37 +0000 2016"}
{"polarity": 0.0, "location": "Seattle, WA", "sentiment": "neutral", "time": "Sun Nov 06 20:08:39 +0000 2016"}
{"polarity": 5.551115123125783e-17, "location": "Seattle, WA", "sentiment": "positive", "time": "Sun Nov 06 20:08:51 +0000 2016"}
{"polarity": 0.04999999999999999, "location": "New York, NY", "sentiment": "positive", "time": "Sun Nov 06 20:35:02 +0000 2016"}
{"polarity": 0.0, "location": "Portland, OR", "sentiment": "neutral", "time": "Sun Nov 06 20:35:09 +0000 2016"}
{"polarity": 0.14285714285714285, "location": "Seattle, WA", "sentiment": "positive", "time": "Sun Nov 06 20:35:29 +0000 2016"}
{"polarity": -0.4, "location": "Seattle, WA", "sentiment": "negative", "time": "Sun Nov 06 20:35:32 +0000 2016"}
{"polarity": 0.0, "location": "San Diego, CA", "sentiment": "neutral", "time": "Sun Nov 06 20:35:39 +0000 2016"}
{"polarity": 0.0, "location": "San Diego, CA", "sentiment": "neutral", "time": "Sun Nov 06 20:35:44 +0000 2016"}
{"polarity": 0.13636363636363635, "location": "New York, NY", "sentiment": "positive", "time": "Sun Nov 06 20:35:49 +0000 2016"}
{"polarity": 0.5, "location": "New York, NY", "sentiment": "positive", "time": "Sun Nov 06 20:35:54 +0000 2016"}
{"polarity": 0.0, "location": "San Diego, CA", "sentiment": "neutral", "time": "Sun Nov 06 20:43:01 +0000 2016"}
{"polarity": 0.0, "location": "Atlanta, GA", "sentiment": "neutral", "time": "Sun Nov 06 20:43:02 +0000 2016"}
{"polarity": 0.48333333333333334, "location": "Boston, MA", "sentiment": "positive", "time": "Sun Nov 06 20:43:09 +0000 2016"}
{"polarity": 0.03333333333333333, "location": "New York, NY", "sentiment": "positive", "time": "Sun Nov 06 20:43:11 +0000 2016"}
{"polarity": 0.4125, "location": "New York, NY", "sentiment": "positive", "time": "Sun Nov 06 20:43:14 +0000 2016"}
{"polarity": 0.36818181818181817, "location": "San Diego, CA", "sentiment": "positive", "time": "Sun Nov 06 20:43:17 +0000 2016"}
{"polarity": 0.0, "location": "Atlanta, GA", "sentiment": "neutral", "time": "Sun Nov 06 20:43:21 +0000 2016"}
{"polarity": 0.5, "location": "New York, NY", "sentiment": "positive", "time": "Sun Nov 06 20:43:24 +0000 2016"}
{"polarity": 0.0, "location": "Seattle, WA", "sentiment": "neutral", "time": "Sun Nov 06 20:43:39 +0000 2016"}
{"polarity": 0.0, "location": "Seattle, WA", "sentiment": "neutral", "time": "Sun Nov 06 20:43:51 +0000 2016"}
{"polarity": -0.4, "location": "San Diego, CA", "sentiment": "negative", "time": "Sun Nov 06 20:43:58 +0000 2016"}
{"polarity": 0.0, "location": "New York, NY", "sentiment": "neutral", "time": "Sun Nov 06 20:43:59 +0000 2016"}
{"polarity": 0.0, "location": "Orlando, FL", "sentiment": "neutral", "time": "Sun Nov 06 20:10:01 +0000 2016"}
{"polarity": 0.0, "location": "New York, NY", "sentiment": "neutral", "time": "Sun Nov 06 20:10:00 +0000 2016"}
{"polarity": -0.2, "location": "Seattle, WA", "sentiment": "negative", "time": "Sun Nov 06 20:10:11 +0000 2016"}
{"polarity": 0.4, "location": "Phoenix, AZ", "sentiment": "positive", "time": "Sun Nov 06 20:10:18 +0000 2016"}
{"polarity": 0.0, "location": "New York, NY", "sentiment": "neutral", "time": "Sun Nov 06 20:10:47 +0000 2016"}
{"polarity": -0.37142857142857144, "location": "Portland, OR", "sentiment": "negative", "time": "Sun Nov 06 20:10:48 +0000 2016"}
{"polarity": 0.0, "location": "Seattle, WA", "sentiment": "neutral", "time": "Sun Nov 06 20:10:48 +0000 2016"}
{"polarity": -0.4, "location": "Atlanta, GA", "sentiment": "negative", "time": "Sun Nov 06 20:54:11 +0000 2016"}
{"polarity": 0.325, "location": "Orlando, FL", "sentiment": "positive", "time": "Sun Nov 06 20:54:15 +0000 2016"}
{"polarity": 0.0, "location": "Seattle, WA", "sentiment": "neutral", "time": "Sun Nov 06 20:54:42 +0000 2016"}
{"polarity": 0.0, "location": "Boston, MA", "sentiment": "neutral", "time": "Sun Nov 06 20:54:43 +0000 2016"}
{"polarity": 0.5, "location": "Phoenix, AZ", "sentiment": "positive", "time": "Sun Nov 06 20:54:58 +0000 2016"}
{"polarity": 0.0, "location": "New York, NY", "sentiment": "neutral", "time": "Sun Nov 06 20:24:04 +0000 2016"}
{"polarity": 0.0, "location": "Phoenix, AZ", "sentiment": "neutral", "time": "Sun Nov 06 20:24:04 +0000 2016"}
{"polarity": 0.0, "location": "Phoenix, AZ", "sentiment": "neutral", "time": "Sun Nov 06 20:24:07 +0000 2016"}
{"polarity": 0.0, "location": "Phoenix, AZ", "sentiment": "neutral", "time": "Sun Nov 06 20:24:12 +0000 2016"}
{"polarity": 0.0, "location": "Portland, OR", "sentiment": "neutral", "time": "Sun Nov 06 20:24:19 +0000 2016"}
{"polarity": 0.0, "location": "Orlando, FL", "sentiment": "neutral", "time": "Sun Nov 06 20:24:19 +0000 2016"}
{"polarity": -0.4, "location": "New York, NY", "sentiment": "negative", "time": "Sun Nov 06 20:24:29 +0000 2016"}
{"polarity": 0.0625, "location": "New York, NY", "sentiment": "positive", "time": "Sun Nov 06 20:24:35 +0000 2016"}
{"polarity": 0.0, "location": "San Diego, CA", "sentiment": "neutral", "time": "Sun Nov 06 20:24:39 +0000 2016"}
{"polarity": 0.0, "location": "Portland, OR", "sentiment": "neutral", "time": "Sun Nov 06 20:24:40 +0000 2016"}
{"polarity": 0.0, "location": "New York, NY", "sentiment": "neutral", "time": "Sun Nov 06 20:24:46 +0000 2016"}
{"polarity": 0.0, "location": "New York, NY", "sentiment": "neutral", "time": "Sun Nov 06 20:24:47 +0000 2016"}
{"polarity": -0.3125, "location": "Orlando, FL", "sentiment": "negative", "time": "Sun Nov 06 20:24:49 +0000 2016"}
{"polarity": 0.17045454545454544, "location": "Seattle, WA", "sentiment": "positive", "time": "Sun Nov 06 20:24:52 +0000 2016"}
{"polarity": 0.0, "location": "Seattle, WA", "sentiment": "neutral", "time": "Sun Nov 06 20:24:55 +0000 2016"}
{"polarity": 0.0, "location": "Orlando, FL", "sentiment": "neutral", "time": "Sun Nov 06 20:32:04 +0000 2016"}
{"polarity": 0.1, "location": "Portland, OR", "sentiment": "positive", "time": "Sun Nov 06 20:32:18 +0000 2016"}
{"polarity": 0.13636363636363635, "location": "Phoenix, AZ", "sentiment": "positive", "time": "Sun Nov 06 20:32:21 +0000 2016"}
{"polarity": 0.0, "location": "Orlando, FL", "sentiment": "neutral", "time": "Sun Nov 06 20:32:22 +0000 2016"}
{"polarity": -0.4444444444444444, "location": "Boston, MA", "sentiment": "negative", "time": "Sun Nov 06 20:32:27 +0000 2016"}
{"polarity": 0.375, "location": "Boston, MA", "sentiment": "positive", "time": "Sun Nov 06 20:32:28 +0000 2016"}
{"polarity": 0.0, "location": "Portland, OR", "sentiment": "neutral", "time": "Sun Nov 06 20:32:31 +0000 2016"}
{"polarity": 0.0, "location": "Boston, MA", "sentiment": "neutral", "time": "Sun Nov 06 20:32:32 +0000 2016"}
{"polarity": 0.0, "location": "New York, NY", "sentiment": "neutral", "time": "Sun Nov 06 20:32:34 +0000 2016"}
{"polarity": 0.0, "location": "New York, NY", "sentiment": "neutral", "time": "Sun Nov 06 20:32:37 +0000 2016"}
{"polarity": 0.03333333333333335, "location": "Boston, MA", "sentiment": "positive", "time": "Sun Nov 06 20:32:39 +0000 2016"}
{"polarity": 0.0, "location": "Boston, MA", "sentiment": "neutral", "time": "Sun Nov 06 20:32:45 +0000 2016"}
{"polarity": 0.0, "location": "New York, NY", "sentiment": "neutral", "time": "Sun Nov 06 20:32:52 +0000 2016"}
{"polarity": 0.13636363636363635, "location": "New York, NY", "sentiment": "positive", "time": "Sun Nov 06 20:32:58 +0000 2016"}
{"polarity": -0.025000000000000022, "location": "Atlanta, GA", "sentiment": "negative", "time": "Sun Nov 06 20:36:10 +0000 2016"}
{"polarity": 0.0, "location": "Orlando, FL", "sentiment": "neutral", "time": "Sun Nov 06 20:36:12 +0000 2016"}
{"polarity": 0.06818181818181818, "location": "Boston, MA", "sentiment": "positive", "time": "Sun Nov 06 20:36:16 +0000 2016"}
{"polarity": -0.25, "location": "San Diego, CA", "sentiment": "negative", "time": "Sun Nov 06 20:36:19 +0000 2016"}
{"polarity": 0.0, "location": "Seattle, WA", "sentiment": "neutral", "time": "Sun Nov 06 20:36:29 +0000 2016"}
{"polarity": 0.0, "location": "Atlanta, GA", "sentiment": "neutral", "time": "Sun Nov 06 20:36:34 +0000 2016"}
{"polarity": 0.0, "location": "Phoenix, AZ", "sentiment": "neutral", "time": "Sun Nov 06 20:36:37 +0000 2016"}
{"polarity": 0.0, "location": "Atlanta, GA", "sentiment": "neutral", "time": "Sun Nov 06 20:36:42 +0000 2016"}
{"polarity": 0.0, "location": "Boston, MA", "sentiment": "neutral", "time": "Sun Nov 06 20:36:50 +0000 2016"}
{"polarity": 0.13636363636363635, "location": "New York, NY", "sentiment": "positive", "time": "Sun Nov 06 20:36:54 +0000 2016"}
{"polarity": 0.7, "location": "New York, NY", "sentiment": "positive", "time": "Sun Nov 06 20:36:58 +0000 2016"}
{"polarity": 0.1, "location": "Atlanta, GA", "sentiment": "positive", "time": "Sun Nov 06 20:36:59 +0000 2016"}
{"polarity": 0.0, "location": "New York, NY", "sentiment": "neutral", "time": "Sun Nov 06 20:01:01 +0000 2016"}
{"polarity": -0.4, "location": "Phoenix, AZ", "sentiment": "negative", "time": "Sun Nov 06 20:01:05 +0000 2016"}
{"polarity": 0.0, "location": "Boston, MA", "sentiment": "neutral", "time": "Sun Nov 06 20:01:08 +0000 2016"}
{"polarity": 0.43333333333333335, "location": "Atlanta, GA", "sentiment": "positive", "time": "Sun Nov 06 20:01:12 +0000 2016"}
{"polarity": 0.0, "location": "Atlanta, GA", "sentiment": "neutral", "time": "Sun Nov 06 20:01:13 +0000 2016"}
{"polarity": 0.0, "location": "San Diego, CA", "sentiment": "neutral", "time": "Sun Nov 06 20:01:13 +0000 2016"}
{"polarity": 0.0010101010101010166, "location": "San Diego, CA", "sentiment": "positive", "time": "Sun Nov 06 20:01:13 +0000 2016"}
{"polarity": 1.0, "location": "Atlanta, GA", "sentiment": "positive", "time": "Sun Nov 06 20:01:17 +0000 2016"}
{"polarity": 0.125, "location": "Phoenix, AZ", "sentiment": "positive", "time": "Sun Nov 06 20:01:26 +0000 2016"}
{"polarity": 0.0, "location": "New York, NY", "sentiment": "neutral", "time": "Sun Nov 06 20:01:28 +0000 2016"}
{"polarity": 0.0, "location": "San Diego, CA", "sentiment": "neutral", "time": "Sun Nov 06 20:01:29 +0000 2016"}
{"polarity": 0.19999999999999998, "location": "New York, NY", "sentiment": "positive", "time": "Sun Nov 06 20:01:33 +0000 2016"}
{"polarity": 0.0, "location": "New York, NY", "sentiment": "neutral", "time": "Sun Nov 06 20:01:35 +0000 2016"}
{"polarity": 0.0, "location": "San Diego, CA", "sentiment": "neutral", "time": "Sun Nov 06 20:01:36 +0000 2016"}
{"polarity": 0.0, "location": "Seattle, WA", "sentiment": "neutral", "time": "Sun Nov 06 20:01:44 +0000 2016"}
{"polarity": 0.0, "location": "Phoenix, AZ", "sentiment": "neutral", "time": "Sun Nov 06 20:01:52 +0000 2016"}
{"polarity": 0.0, "location": "Seattle, WA", "sentiment": "neutral", "time": "Sun Nov 06 20:01:54 +0000 2016"}
{"polarity": 0.0, "location": "New York, NY", "sentiment": "neutral", "time": "Sun Nov 06 20:01:57 +0000 2016"}
{"polarity": 1.0, "location": "Boston, MA", "sentiment": "positive", "time": "Sun Nov 06 20:01:58 +0000 2016"}
{"polarity": 0.05, "location": "New York, NY", "sentiment": "positive", "time": "Sun Nov 06 20:55:01 +0000 2016"}
{"polarity": 0.0, "location": "Atlanta, GA", "sentiment": "neutral", "time": "Sun Nov 06 20:55:04 +0000 2016"}
{"polarity": 0.10000000000000002, "location": "Phoenix, AZ", "sentiment": "positive", "time": "Sun Nov 06 20:55:14 +0000 2016"}
{"polarity": 0.5, "location": "San Diego, CA", "sentiment": "positive", "time": "Sun Nov 06 20:55:22 +0000 2016"}
{"polarity": 0.0, "location": "Boston, MA", "sentiment": "neutral", "time": "Sun Nov 06 20:55:22 +0000 2016"}
{"polarity": -0.2, "location": "Portland, OR", "sentiment": "negative", "time": "Sun Nov 06 20:55:33 +0000 2016"}
{"polarity": 0.5, "location": "Seattle, WA", "sentiment": "positive", "time": "Sun Nov 06 20:55:35 +0000 2016"}
{"polarity": -0.15555555555555559, "location": "New York, NY", "sentiment": "negative", "time": "Sun Nov 06 20:55:47 +0000 2016"}
{"polarity": 0.0, "location": "Portland, OR", "sentiment": "neutral", "time": "Sun Nov 06 20:55:59 +0000 2016"}
