{"polarity": 0.0, "location": "New York, NY", "sentiment": "neutral", "time": "Sun Nov 06 12:48:11 +0000 2016"}
{"polarity": 0.0, "location": "New York, NY", "sentiment": "neutral", "time": "Sun Nov 06 12:48:13 +0000 2016"}
{"polarity": 0.0, "location": "Seattle, WA", "sentiment": "neutral", "time": "Sun Nov 06 12:48:31 +0000 2016"}
{"polarity": 0.5681818181818181, "location": "New York, NY", "sentiment": "positive", "time": "Sun Nov 06 12:25:03 +0000 2016"}
{"polarity": -0.1875, "location": "New York, NY", "sentiment": "negative", "time": "Sun Nov 06 12:25:28 +0000 2016"}
{"polarity": 0.0, "location": "Phoenix, AZ", "sentiment": "neutral", "time": "Sun Nov 06 12:25:41 +0000 2016"}
{"polarity": 0.4424242424242424, "location": "Seattle, WA", "sentiment": "positive", "time": "Sun Nov 06 12:16:06 +0000 2016"}
{"polarity": 0.0, "location": "Boston, MA", "sentiment": "neutral", "time": "Sun Nov 06 12:16:19 +0000 2016"}
{"polarity": 0.1, "location": "San Diego, CA", "sentiment": "positive", "time": "Sun Nov 06 12:16:35 +0000 2016"}
{"polarity": 0.8, "location": "Seattle, WA", "sentiment": "positive", "time": "Sun Nov 06 12:16:52 +0000 2016"}
{"polarity": 0.0, "location": "Atlanta, GA", "sentiment": "neutral", "time": "Sun Nov 06 12:16:56 +0000 2016"}
{"polarity": 0.625, "location": "St. Louis, MO", "sentiment": "positive", "time": "Sun Nov 06 12:14:06 +0000 2016"}
{"polarity": -0.25, "location": "San Diego, CA", "sentiment": "negative", "time": "Sun Nov 06 12:14:14 +0000 2016"}
{"polarity": 0.0, "location": "New York, NY", "sentiment": "neutral", "time": "Sun Nov 06 12:14:26 +0000 2016"}
{"polarity": 0.0, "location": "Phoenix, AZ", "sentiment": "neutral", "time": "Sun Nov 06 12:14:33 +0000 2016"}
{"polarity": 1.0, "location": "Atlanta, GA", "sentiment": "positive", "time": "Sun Nov 06 12:14:47 +0000 2016"}
{"polarity": 0.0, "location": "Seattle, WA", "sentiment": "neutral", "time": "Sun Nov 06 12:14:47 +0000 2016"}
{"polarity": 0.0, "location": "Atlanta, GA", "sentiment": "neutral", "time": "Sun Nov 06 12:14:54 +0000 2016"}
{"polarity": 0.8, "location": "New York, NY", "sentiment": "positive", "time": "Sun Nov 06 12:23:02 +0000 2016"}
{"polarity": 0.3571428571428571, "location": "Boston, MA", "sentiment": "positive", "time": "Sun Nov 06 12:23:05 +0000 2016"}
{"polarity": 0.0, "location": "Atlanta, GA", "sentiment": "neutral", "time": "Sun Nov 06 12:23:49 +0000 2016"}
{"polarity": 0.0, "location": "New York, NY", "sentiment": "neutral", "time": "Sun Nov 06 12:07:02 +0000 2016"}
{"polarity": -0.08333333333333333, "location": "Seattle, WA", "sentiment": "negative", "time": "Sun Nov 06 12:07:09 +0000 2016"}
{"polarity": 0.0, "location": "New York, NY", "sentiment": "neutral", "time": "Sun Nov 06 12:07:22 +0000 2016"}
{"polarity": 0.0, "location": "New York, NY", "sentiment": "neutral", "time": "Sun Nov 06 12:07:43 +0000 2016"}
{"polarity": 0.0, "location": "New York, NY", "sentiment": "neutral", "time": "Sun Nov 06 12:51:04 +0000 2016"}
{"polarity": 0.1, "location": "Orlando, FL", "sentiment": "positive", "time": "Sun Nov 06 12:51:06 +0000 2016"}
{"polarity": 0.16666666666666669, "location": "Atlanta, GA", "sentiment": "positive", "time": "Sun Nov 06 12:51:21 +0000 2016"}
{"polarity": -0.16666666666666666, "location": "Seattle, WA", "sentiment": "negative", "time": "Sun Nov 06 12:51:27 +0000 2016"}
{"polarity": 0.6, "location": "Seattle, WA", "sentiment": "positive", "time": "Sun Nov 06 12:51:52 +0000 2016"}
{"polarity": 0.0, "location": "New York, NY", "sentiment": "neutral", "time": "Sun Nov 06 12:51:57 +0000 2016"}
{"polarity": 0.0, "location": "New York, NY", "sentiment": "neutral", "time": "Sun Nov 06 12:30:08 +0000 2016"}
{"polarity": 0.0, "location": "San Diego, CA", "sentiment": "neutral", "time": "Sun Nov 06 12:30:26 +0000 2016"}
{"polarity": 0.0, "location": "Atlanta, GA", "sentiment": "neutral", "time": "Sun Nov 06 12:30:37 +0000 2016"}
{"polarity": 0.5, "location": "Boston, MA", "sentiment": "positive", "time": "Sun Nov 06 12:30:59 +0000 2016"}
{"polarity": 0.0, "location": "New York, NY", "sentiment": "neutral", "time": "Sun Nov 06 12:03:01 +0000 2016"}
{"polarity": 0.0, "location": "Boston, MA", "sentiment": "neutral", "time": "Sun Nov 06 12:03:07 +0000 2016"}
{"polarity": 0.0, "location": "Orlando, FL", "sentiment": "neutral", "time": "Sun Nov 06 12:03:10 +0000 2016"}
{"polarity": 1.0, "location": "Orlando, FL", "sentiment": "positive", "time": "Sun Nov 06 12:03:16 +0000 2016"}
{"polarity": 1.0, "location": "Boston, MA", "sentiment": "positive", "time": "Sun Nov 06 12:03:17 +0000 2016"}
{"polarity": 0.0037878787878787845, "location": "Phoenix, AZ", "sentiment": "positive", "time": "Sun Nov 06 12:03:19 +0000 2016"}
{"polarity": 0.0, "location": "Phoenix, AZ", "sentiment": "neutral", "time": "Sun Nov 06 12:03:20 +0000 2016"}
{"polarity": 0.0, "location": "Phoenix, AZ", "sentiment": "neutral", "time": "Sun Nov 06 12:40:13 +0000 2016"}
{"polarity": 0.4375, "location": "Atlanta, GA", "sentiment": "positive", "time": "Sun Nov 06 12:40:43 +0000 2016"}
{"polarity": 0.0, "location": "New York, NY", "sentiment": "neutral", "time": "Sun Nov 06 12:40:44 +0000 2016"}
{"polarity": 0.0, "location": "Orlando, FL", "sentiment": "neutral", "time": "Sun Nov 06 12:40:44 +0000 2016"}
{"polarity": 0.0, "location": "Atlanta, GA", "sentiment": "neutral", "time": "Sun Nov 06 12:40:51 +0000 2016"}
{"polarity": 0.0, "location": "New York, NY", "sentiment": "neutral", "time": "Sun Nov 06 12:08:01 +0000 2016"}
{"polarity": 0.0, "location": "Boston, MA", "sentiment": "neutral", "time": "Sun Nov 06 12:08:13 +0000 2016"}
{"polarity": 0.0, "location": "New York, NY", "sentiment": "neutral", "time": "Sun Nov 06 12:08:33 +0000 2016"}
{"polarity": 0.5666666666666667, "location": "Boston, MA", "sentiment": "positive", "time": "Sun Nov 06 12:08:51 +0000 2016"}
{"polarity": 0.0, "location": "Orlando, FL", "sentiment": "neutral", "time": "Sun Nov 06 12:35:05 +0000 2016"}
{"polarity": 0.0, "location": "Atlanta, GA", "sentiment": "neutral", "time": "Sun Nov 06 12:35:46 +0000 2016"}
{"polarity": 0.25416666666666665, "location": "Atlanta, GA", "sentiment": "positive", "time": "Sun Nov 06 12:35:50 +0000 2016"}
{"polarity": 0.0, "location": "Boston, MA", "sentiment": "neutral", "time": "Sun Nov 06 12:35:53 +0000 2016"}
{"polarity": 0.0, "location": "Boston, MA", "sentiment": "neutral", "time": "Sun Nov 06 12:43:09 +0000 2016"}
{"polarity": -0.07500000000000001, "location": "New York, NY", "sentiment": "negative", "time": "Sun Nov 06 12:43:09 +0000 2016"}
{"polarity": 0.0, "location": "Atlanta, GA", "sentiment": "neutral", "time": "Sun Nov 06 12:43:13 +0000 2016"}
{"polarity": 0.0, "location": "Atlanta, GA", "sentiment": "neutral", "time": "Sun Nov 06 12:43:15 +0000 2016"}
{"polarity": 0.0, "location": "Atlanta, GA", "sentiment": "neutral", "time": "Sun Nov 06 12:43:23 +0000 2016"}
{"polarity": 0.375, "location": "Phoenix, AZ", "sentiment": "positive", "time": "Sun Nov 06 12:10:14 +0000 2016"}
{"polarity": 0.0, "location": "Atlanta, GA", "sentiment": "neutral", "time": "Sun Nov 06 12:10:24 +0000 2016"}
{"polarity": -0.1, "location": "Seattle, WA", "sentiment": "negative", "time": "Sun Nov 06 12:10:31 +0000 2016"}
{"polarity": 0.5375, "location": "Phoenix, AZ", "sentiment": "positive", "time": "Sun Nov 06 12:10:40 +0000 2016"}
{"polarity": 0.0, "location": "New York, NY", "sentiment": "neutral", "time": "Sun Nov 06 12:10:42 +0000 2016"}
{"polarity": 0.5, "location": "New York, NY", "sentiment": "positive", "time": "Sun Nov 06 12:54:08 +0000 2016"}
{"polarity": 0.0, "location": "Atlanta, GA", "sentiment": "neutral", "time": "Sun Nov 06 12:54:08 +0000 2016"}
{"polarity": 0.0, "location": "San Diego, CA", "sentiment": "neutral", "time": "Sun Nov 06 12:54:21 +0000 2016"}
{"polarity": 0.0, "location": "San Diego, CA", "sentiment": "neutral", "time": "Sun Nov 06 12:54:23 +0000 2016"}
{"polarity": -0.16666666666666666, "location": "Atlanta, GA", "sentiment": "negative", "time": "Sun Nov 06 12:54:38 +0000 2016"}
{"polarity": 0.0, "location": "Phoenix, AZ", "sentiment": "neutral", "time": "Sun Nov 06 12:24:10 +0000 2016"}
{"polarity": 0.0, "location": "Boston, MA", "sentiment": "neutral", "time": "Sun Nov 06 12:24:40 +0000 2016"}
{"polarity": 0.0, "location": "Atlanta, GA", "sentiment": "neutral", "time": "Sun Nov 06 12:24:47 +0000 2016"}
{"polarity": 0.0, "location": "Atlanta, GA", "sentiment": "neutral", "time": "Sun Nov 06 12:24:49 +0000 2016"}
{"polarity": 0.0, "location": "Boston, MA", "sentiment": "neutral", "time": "Sun Nov 06 12:32:00 +0000 2016"}
{"polarity": 0.0, "location": "New York, NY", "sentiment": "neutral", "time": "Sun Nov 06 12:32:13 +0000 2016"}
{"polarity": 0.125, "location": "Orlando, FL", "sentiment": "positive", "time": "Sun Nov 06 12:32:17 +0000 2016"}
{"polarity": 0.0, "location": "New York, NY", "sentiment": "neutral", "time": "Sun Nov 06 12:32:20 +0000 2016"}
{"polarity": -0.1, "location": "Orlando, FL", "sentiment": "negative", "time": "Sun Nov 06 12:32:21 +0000 2016"}
{"polarity": 0.0, "location": "Seattle, WA", "sentiment": "neutral", "time": "Sun Nov 06 12:32:45 +0000 2016"}
{"polarity": 0.625, "location": "Boston, MA", "sentiment": "positive", "time": "Sun Nov 06 12:36:45 +0000 2016"}
{"polarity": 0.5, "location": "Boston, MA", "sentiment": "positive", "time": "Sun Nov 06 12:01:06 +0000 2016"}
{"polarity": 0.0, "location": "Boston, MA", "sentiment": "neutral", "time": "Sun Nov 06 12:01:15 +0000 2016"}
{"polarity": 0.0, "location": "San Diego, CA", "sentiment": "neutral", "time": "Sun Nov 06 12:01:16 +0000 2016"}
{"polarity": 0.5, "location": "New York, NY", "sentiment": "positive", "time": "Sun Nov 06 12:01:16 +0000 2016"}
{"polarity": 0.0, "location": "Seattle, WA", "sentiment": "neutral", "time": "Sun Nov 06 12:01:21 +0000 2016"}
{"polarity": 0.0, "location": "New York, NY", "sentiment": "neutral", "time": "Sun Nov 06 12:01:29 +0000 2016"}
{"polarity": 0.0, "location": "San Diego, CA", "sentiment": "neutral", "time": "Sun Nov 06 12:01:41 +0000 2016"}
{"polarity": 0.0, "location": "Atlanta, GA", "sentiment": "neutral", "time": "Sun Nov 06 12:01:59 +0000 2016"}
{"polarity": -0.2, "location": "Atlanta, GA", "sentiment": "negative", "time": "Sun Nov 06 12:55:41 +0000 2016"}
{"polarity": 0.0, "location": "Atlanta, GA", "sentiment": "neutral", "time": "Sun Nov 06 12:55:42 +0000 2016"}
{"polarity": 0.0, "location": "New York, NY", "sentiment": "neutral", "time": "Sun Nov 06 12:09:09 +0000 2016"}
{"polarity": 0.0, "location": "Boston, MA", "sentiment": "neutral", "time": "Sun Nov 06 12:09:39 +0000 2016"}
{"polarity": 0.0, "location": "Atlanta, GA", "sentiment": "neutral", "time": "Sun Nov 06 12:33:00 +0000 2016"}
{"polarity": 0.0, "location": "Boston, MA", "sentiment": "neutral", "time": "Sun Nov 06 12:33:01 +0000 2016"}
{"polarity": 0.2, "location": "Boston, MA", "sentiment": "positive", "time": "Sun Nov 06 12:33:25 +0000 2016"}
{"polarity": 0.2, "location": "New York, NY", "sentiment": "positive", "time": "Sun Nov 06 12:33:42 +0000 2016"}
{"polarity": -0.30000000000000004, "location": "Boston, MA", "sentiment": "negative", "time": "Sun Nov 06 12:33:49 +0000 2016"}
{"polarity": 0.3, "location": "New York, NY", "sentiment": "positive", "time": "Sun Nov 06 12:33:55 +0000 2016"}
{"polarity": 0.0, "location": "Phoenix, AZ", "sentiment": "neutral", "time": "Sun Nov 06 12:44:11 +0000 2016"}
{"polarity": 1.0, "location": "Atlanta, GA", "sentiment": "positive", "time": "Sun Nov 06 12:44:35 +0000 2016"}
{"polarity": 0.0, "location": "New York, NY", "sentiment": "neutral", "time": "Sun Nov 06 12:44:41 +0000 2016"}
{"polarity": -0.05, "location": "San Diego, CA", "sentiment": "negative", "time": "Sun Nov 06 12:28:00 +0000 2016"}
{"polarity": 0.0, "location": "Atlanta, GA", "sentiment": "neutral", "time": "Sun Nov 06 12:28:04 +0000 2016"}
{"polarity": 0.0, "location": "Atlanta, GA", "sentiment": "neutral", "time": "Sun Nov 06 12:28:38 +0000 2016"}
{"polarity": 0.0, "location": "New York, NY", "sentiment": "neutral", "time": "Sun Nov 06 12:22:16 +0000 2016"}
{"polarity": 0.05, "location": "Boston, MA", "sentiment": "positive", "time": "Sun Nov 06 12:22:31 +0000 2016"}
{"polarity": 0.0, "location": "San Diego, CA", "sentiment": "neutral", "time": "Sun Nov 06 12:22:54 +0000 2016"}
{"polarity": 0.0, "location": "Atlanta, GA", "sentiment": "neutral", "time": "Sun Nov 06 12:49:08 +0000 2016"}
{"polarity": -0.15625, "location": "Atlanta, GA", "sentiment": "negative", "time": "Sun Nov 06 12:49:32 +0000 2016"}
{"polarity": 0.45, "location": "New York, NY", "sentiment": "positive", "time": "Sun Nov 06 12:49:32 +0000 2016"}
{"polarity": 0.6, "location": "Atlanta, GA", "sentiment": "positive", "time": "Sun Nov 06 12:49:38 +0000 2016"}
{"polarity": 0.2333333333333333, "location": "Atlanta, GA", "sentiment": "positive", "time": "Sun Nov 06 12:49:59 +0000 2016"}
{"polarity": -0.07777777777777779, "location": "Orlando, FL", "sentiment": "negative", "time": "Sun Nov 06 12:45:09 +0000 2016"}
{"polarity": 0.5, "location": "Orlando, FL", "sentiment": "positive", "time": "Sun Nov 06 12:45:40 +0000 2016"}
{"polarity": 0.0, "location": "New York, NY", "sentiment": "neutral", "time": "Sun Nov 06 12:45:42 +0000 2016"}
{"polarity": 0.0, "location": "Boston, MA", "sentiment": "neutral", "time": "Sun Nov 06 12:20:13 +0000 2016"}
{"polarity": 0.0, "location": "Orlando, FL", "sentiment": "neutral", "time": "Sun Nov 06 12:20:15 +0000 2016"}
{"polarity": -0.14166666666666666, "location": "New York, NY", "sentiment": "negative", "time": "Sun Nov 06 12:20:16 +0000 2016"}
{"polarity": 0.0, "location": "Phoenix, AZ", "sentiment": "neutral", "time": "Sun Nov 06 12:20:28 +0000 2016"}
{"polarity": 0.0, "location": "Phoenix, AZ", "sentiment": "neutral", "time": "Sun Nov 06 12:13:27 +0000 2016"}
{"polarity": 0.0, "location": "New York, NY", "sentiment": "neutral", "time": "Sun Nov 06 12:13:27 +0000 2016"}
{"polarity": 0.0, "location": "Atlanta, GA", "sentiment": "neutral", "time": "Sun Nov 06 12:13:28 +0000 2016"}
{"polarity": -0.2125, "location": "New York, NY", "sentiment": "negative", "time": "Sun Nov 06 12:13:30 +0000 2016"}
{"polarity": 0.25, "location": "New York, NY", "sentiment": "positive", "time": "Sun Nov 06 12:13:35 +0000 2016"}
{"polarity": 0.0, "location": "New York, NY", "sentiment": "neutral", "time": "Sun Nov 06 12:04:19 +0000 2016"}
{"polarity": 0.0, "location": "Boston, MA", "sentiment": "neutral", "time": "Sun Nov 06 12:04:43 +0000 2016"}
{"polarity": -0.75, "location": "New York, NY", "sentiment": "negative", "time": "Sun Nov 06 12:04:45 +0000 2016"}
{"polarity": -0.25, "location": "Orlando, FL", "sentiment": "negative", "time": "Sun Nov 06 12:04:47 +0000 2016"}
{"polarity": 0.8, "location": "Phoenix, AZ", "sentiment": "positive", "time": "Sun Nov 06 23:39:03 +0000 2016"}
{"polarity": 0.7, "location": "Seattle, WA", "sentiment": "positive", "time": "Sun Nov 06 23:39:03 +0000 2016"}
{"polarity": 0.0, "location": "San Diego, CA", "sentiment": "neutral", "time": "Sun Nov 06 23:39:05 +0000 2016"}
{"polarity": 0.0, "location": "Atlanta, GA", "sentiment": "neutral", "time": "Sun Nov 06 23:39:07 +0000 2016"}
{"polarity": 0.25, "location": "Orlando, FL", "sentiment": "positive", "time": "Sun Nov 06 23:39:23 +0000 2016"}
{"polarity": 0.0, "location": "Orlando, FL", "sentiment": "neutral", "time": "Sun Nov 06 23:39:26 +0000 2016"}
{"polarity": 0.0, "location": "Seattle, WA", "sentiment": "neutral", "time": "Sun Nov 06 23:39:26 +0000 2016"}
{"polarity": -0.5, "location": "New York, NY", "sentiment": "negative", "time": "Sun Nov 06 23:39:28 +0000 2016"}
{"polarity": 0.0, "location": "St. Louis, MO", "sentiment": "neutral", "time": "Sun Nov 06 23:39:28 +0000 2016"}
{"polarity": 0.0, "location": "Atlanta, GA", "sentiment": "neutral", "time": "Sun Nov 06 23:39:34 +0000 2016"}
{"polarity": -0.20277777777777778, "location": "Atlanta, GA", "sentiment": "negative", "time": "Sun Nov 06 23:39:42 +0000 2016"}
{"polarity": 0.0, "location": "Seattle, WA", "sentiment": "neutral", "time": "Sun Nov 06 23:39:49 +0000 2016"}
{"polarity": 0.0, "location": "Phoenix, AZ", "sentiment": "neutral", "time": "Sun Nov 06 23:39:54 +0000 2016"}
{"polarity": 0.0, "location": "New York, NY", "sentiment": "neutral", "time": "Sun Nov 06 23:39:55 +0000 2016"}
{"polarity": 0.5625, "location": "New York, NY", "sentiment": "positive", "time": "Sun Nov 06 23:39:56 +0000 2016"}
{"polarity": 0.5, "location": "New York, NY", "sentiment": "positive", "time": "Sun Nov 06 23:39:56 +0000 2016"}
{"polarity": -0.049999999999999996, "location": "New York, NY", "sentiment": "negative", "time": "Sun Nov 06 23:39:58 +0000 2016"}
{"polarity": 0.0, "location": "Seattle, WA", "sentiment": "neutral", "time": "Sun Nov 06 23:59:00 +0000 2016"}
{"polarity": 0.0, "location": "Orlando, FL", "sentiment": "neutral", "time": "Sun Nov 06 23:59:10 +0000 2016"}
{"polarity": 0.3333333333333333, "location": "Boston, MA", "sentiment": "positive", "time": "Sun Nov 06 23:59:21 +0000 2016"}
{"polarity": 0.0, "location": "Atlanta, GA", "sentiment": "neutral", "time": "Sun Nov 06 23:59:29 +0000 2016"}
{"polarity": 0.2857142857142857, "location": "Boston, MA", "sentiment": "positive", "time": "Sun Nov 06 23:59:30 +0000 2016"}
{"polarity": 0.0, "location": "New York, NY", "sentiment": "neutral", "time": "Sun Nov 06 23:59:32 +0000 2016"}
{"polarity": 0.0, "location": "Seattle, WA", "sentiment": "neutral", "time": "Sun Nov 06 23:59:40 +0000 2016"}
{"polarity": 0.2, "location": "New York, NY", "sentiment": "positive", "time": "Sun Nov 06 23:59:42 +0000 2016"}
{"polarity": 0.375, "location": "St. Louis, MO", "sentiment": "positive", "time": "Sun Nov 06 23:59:54 +0000 2016"}
{"polarity": 0.0, "location": "New York, NY", "sentiment": "neutral", "time": "Sun Nov 06 23:19:07 +0000 2016"}
{"polarity": 0.0, "location": "New York, NY", "sentiment": "neutral", "time": "Sun Nov 06 23:19:08 +0000 2016"}
{"polarity": 0.45, "location": "Portland, OR", "sentiment": "positive", "time": "Sun Nov 06 23:19:21 +0000 2016"}
{"polarity": 0.0, "location": "Atlanta, GA", "sentiment": "neutral", "time": "Sun Nov 06 23:19:29 +0000 2016"}
{"polarity": 0.0, "location": "Atlanta, GA", "sentiment": "neutral", "time": "Sun Nov 06 23:19:32 +0000 2016"}
{"polarity": 0.0, "location": "Phoenix, AZ", "sentiment": "neutral", "time": "Sun Nov 06 23:19:37 +0000 2016"}
{"polarity": 0.0, "location": "Atlanta, GA", "sentiment": "neutral", "time": "Sun Nov 06 23:19:39 +0000 2016"}
{"polarity": 0.0, "location": "New York, NY", "sentiment": "neutral", "time": "Sun Nov 06 23:19:42 +0000 2016"}
{"polarity": -0.5, "location": "Atlanta, GA", "sentiment": "negative", "time": "Sun Nov 06 23:19:52 +0000 2016"}
{"polarity": 0.0, "location": "San Diego, CA", "sentiment": "neutral", "time": "Sun Nov 06 23:19:54 +0000 2016"}
{"polarity": 0.5125000000000001, "location": "Seattle, WA", "sentiment": "positive", "time": "Sun Nov 06 23:19:55 +0000 2016"}
{"polarity": 0.05, "location": "Atlanta, GA", "sentiment": "positive", "time": "Sun Nov 06 23:37:01 +0000 2016"}
{"polarity": 0.5, "location": "Phoenix, AZ", "sentiment": "positive", "time": "Sun Nov 06 23:37:13 +0000 2016"}
{"polarity": 0.0, "location": "Atlanta, GA", "sentiment": "neutral", "time": "Sun Nov 06 23:37:33 +0000 2016"}
{"polarity": 0.0, "location": "New York, NY", "sentiment": "neutral", "time": "Sun Nov 06 23:37:36 +0000 2016"}
{"polarity": 0.0, "location": "New York, NY", "sentiment": "neutral", "time": "Sun Nov 06 23:37:37 +0000 2016"}
{"polarity": 0.475, "location": "Boston, MA", "sentiment": "positive", "time": "Sun Nov 06 23:37:43 +0000 2016"}
{"polarity": 0.0, "location": "Portland, OR", "sentiment": "neutral", "time": "Sun Nov 06 23:37:44 +0000 2016"}
{"polarity": 0.0, "location": "San Diego, CA", "sentiment": "neutral", "time": "Sun Nov 06 23:37:44 +0000 2016"}
{"polarity": 0.0, "location": "Orlando, FL", "sentiment": "neutral", "time": "Sun Nov 06 23:37:56 +0000 2016"}
{"polarity": 0.0, "location": "New York, NY", "sentiment": "neutral", "time": "Sun Nov 06 23:31:04 +0000 2016"}
{"polarity": 0.0, "location": "New York, NY", "sentiment": "neutral", "time": "Sun Nov 06 23:31:10 +0000 2016"}
{"polarity": -0.04375, "location": "Portland, OR", "sentiment": "negative", "time": "Sun Nov 06 23:31:11 +0000 2016"}
{"polarity": 0.0, "location": "Seattle, WA", "sentiment": "neutral", "time": "Sun Nov 06 23:31:15 +0000 2016"}
{"polarity": 0.5, "location": "Atlanta, GA", "sentiment": "positive", "time": "Sun Nov 06 23:31:20 +0000 2016"}
{"polarity": 0.0, "location": "New York, NY", "sentiment": "neutral", "time": "Sun Nov 06 23:31:22 +0000 2016"}
{"polarity": 0.1, "location": "Seattle, WA", "sentiment": "positive", "time": "Sun Nov 06 23:31:40 +0000 2016"}
{"polarity": 0.7000000000000001, "location": "New York, NY", "sentiment": "positive", "time": "Sun Nov 06 23:31:40 +0000 2016"}
{"polarity": -0.22499999999999992, "location": "Atlanta, GA", "sentiment": "negative", "time": "Sun Nov 06 23:31:48 +0000 2016"}
{"polarity": 0.0, "location": "Orlando, FL", "sentiment": "neutral", "time": "Sun Nov 06 23:31:50 +0000 2016"}
{"polarity": 0.0, "location": "New York, NY", "sentiment": "neutral", "time": "Sun Nov 06 23:31:51 +0000 2016"}
{"polarity": 0.0, "location": "San Diego, CA", "sentiment": "neutral", "time": "Sun Nov 06 23:31:53 +0000 2016"}
{"polarity": 0.2, "location": "Boston, MA", "sentiment": "positive", "time": "Sun Nov 06 23:31:56 +0000 2016"}
{"polarity": 0.0, "location": "Phoenix, AZ", "sentiment": "neutral", "time": "Sun Nov 06 23:31:57 +0000 2016"}
{"polarity": 0.0, "location": "Atlanta, GA", "sentiment": "neutral", "time": "Sun Nov 06 23:41:00 +0000 2016"}
{"polarity": 0.0, "location": "New York, NY", "sentiment": "neutral", "time": "Sun Nov 06 23:41:05 +0000 2016"}
{"polarity": -0.1111111111111111, "location": "New York, NY", "sentiment": "negative", "time": "Sun Nov 06 23:41:05 +0000 2016"}
{"polarity": 0.23333333333333334, "location": "St. Louis, MO", "sentiment": "positive", "time": "Sun Nov 06 23:41:07 +0000 2016"}
{"polarity": 0.9375, "location": "Phoenix, AZ", "sentiment": "positive", "time": "Sun Nov 06 23:41:08 +0000 2016"}
{"polarity": 0.0, "location": "Phoenix, AZ", "sentiment": "neutral", "time": "Sun Nov 06 23:41:10 +0000 2016"}
{"polarity": -0.047916666666666684, "location": "New York, NY", "sentiment": "negative", "time": "Sun Nov 06 23:41:32 +0000 2016"}
{"polarity": 0.0, "location": "Portland, OR", "sentiment": "neutral", "time": "Sun Nov 06 23:41:32 +0000 2016"}
{"polarity": 0.0, "location": "New York, NY", "sentiment": "neutral", "time": "Sun Nov 06 23:41:44 +0000 2016"}
{"polarity": 0.0, "location": "Orlando, FL", "sentiment": "neutral", "time": "Sun Nov 06 23:41:49 +0000 2016"}
{"polarity": 0.0, "location": "Portland, OR", "sentiment": "neutral", "time": "Sun Nov 06 23:27:07 +0000 2016"}
{"polarity": 0.0, "location": "Atlanta, GA", "sentiment": "neutral", "time": "Sun Nov 06 23:27:11 +0000 2016"}
{"polarity": 0.0, "location": "Seattle, WA", "sentiment": "neutral", "time": "Sun Nov 06 23:27:12 +0000 2016"}
{"polarity": -0.8, "location": "New York, NY", "sentiment": "negative", "time": "Sun Nov 06 23:27:19 +0000 2016"}
{"polarity": 0.0, "location": "New York, NY", "sentiment": "neutral", "time": "Sun Nov 06 23:27:24 +0000 2016"}
{"polarity": 0.8, "location": "Orlando, FL", "sentiment": "positive", "time": "Sun Nov 06 23:27:35 +0000 2016"}
{"polarity": 0.125, "location": "Orlando, FL", "sentiment": "positive", "time": "Sun Nov 06 23:27:49 +0000 2016"}
{"polarity": -0.16666666666666666, "location": "Phoenix, AZ", "sentiment": "negative", "time": "Sun Nov 06 23:57:04 +0000 2016"}
{"polarity": 0.0, "location": "New York, NY", "sentiment": "neutral", "time": "Sun Nov 06 23:57:08 +0000 2016"}
{"polarity": 0.0, "location": "Phoenix, AZ", "sentiment": "neutral", "time": "Sun Nov 06 23:57:17 +0000 2016"}
{"polarity": 0.175, "location": "New York, NY", "sentiment": "positive", "time": "Sun Nov 06 23:57:23 +0000 2016"}
{"polarity": -0.16666666666666666, "location": "Atlanta, GA", "sentiment": "negative", "time": "Sun Nov 06 23:57:26 +0000 2016"}
{"polarity": 0.09523809523809523, "location": "Atlanta, GA", "sentiment": "positive", "time": "Sun Nov 06 23:57:27 +0000 2016"}
{"polarity": 0.2571428571428571, "location": "Atlanta, GA", "sentiment": "positive", "time": "Sun Nov 06 23:57:40 +0000 2016"}
{"polarity": 0.0, "location": "Phoenix, AZ", "sentiment": "neutral", "time": "Sun Nov 06 23:57:46 +0000 2016"}
{"polarity": 0.0, "location": "Orlando, FL", "sentiment": "neutral", "time": "Sun Nov 06 23:57:59 +0000 2016"}
{"polarity": -0.6999999999999998, "location": "Atlanta, GA", "sentiment": "negative", "time": "Sun Nov 06 23:57:59 +0000 2016"}
{"polarity": 0.0, "location": "Atlanta, GA", "sentiment": "neutral", "time": "Sun Nov 06 23:26:04 +0000 2016"}
{"polarity": 0.75, "location": "Boston, MA", "sentiment": "positive", "time": "Sun Nov 06 23:26:16 +0000 2016"}
{"polarity": -0.17499999999999993, "location": "San Diego, CA", "sentiment": "negative", "time": "Sun Nov 06 23:26:20 +0000 2016"}
{"polarity": -0.3, "location": "San Diego, CA", "sentiment": "negative", "time": "Sun Nov 06 23:26:22 +0000 2016"}
{"polarity": 0.0, "location": "New York, NY", "sentiment": "neutral", "time": "Sun Nov 06 23:26:24 +0000 2016"}
{"polarity": 0.75, "location": "Atlanta, GA", "sentiment": "positive", "time": "Sun Nov 06 23:26:25 +0000 2016"}
{"polarity": 0.4166666666666667, "location": "Atlanta, GA", "sentiment": "positive", "time": "Sun Nov 06 23:26:35 +0000 2016"}
{"polarity": 0.2, "location": "New York, NY", "sentiment": "positive", "time": "Sun Nov 06 23:26:48 +0000 2016"}
{"polarity": 0.0, "location": "Atlanta, GA", "sentiment": "neutral", "time": "Sun Nov 06 23:26:54 +0000 2016"}
{"polarity": 0.125, "location": "Portland, OR", "sentiment": "positive", "time": "Sun Nov 06 23:26:58 +0000 2016"}
{"polarity": -0.8, "location": "Boston, MA", "sentiment": "negative", "time": "Sun Nov 06 23:58:02 +0000 2016"}
{"polarity": 0.5, "location": "Boston, MA", "sentiment": "positive", "time": "Sun Nov 06 23:58:09 +0000 2016"}
{"polarity": 0.0, "location": "Atlanta, GA", "sentiment": "neutral", "time": "Sun Nov 06 23:58:13 +0000 2016"}
{"polarity": 0.0, "location": "New York, NY", "sentiment": "neutral", "time": "Sun Nov 06 23:58:13 +0000 2016"}
{"polarity": -0.008333333333333333, "location": "Phoenix, AZ", "sentiment": "negative", "time": "Sun Nov 06 23:58:15 +0000 2016"}
{"polarity": 0.4, "location": "Seattle, WA", "sentiment": "positive", "time": "Sun Nov 06 23:58:34 +0000 2016"}
{"polarity": 0.0, "location": "Seattle, WA", "sentiment": "neutral", "time": "Sun Nov 06 23:58:40 +0000 2016"}
{"polarity": 0.0, "location": "New York, NY", "sentiment": "neutral", "time": "Sun Nov 06 23:58:47 +0000 2016"}
{"polarity": 0.0, "location": "Seattle, WA", "sentiment": "neutral", "time": "Sun Nov 06 23:58:47 +0000 2016"}
{"polarity": 0.17222222222222222, "location": "Portland, OR", "sentiment": "positive", "time": "Sun Nov 06 23:58:52 +0000 2016"}
{"polarity": -0.15535714285714286, "location": "Atlanta, GA", "sentiment": "negative", "time": "Sun Nov 06 23:42:06 +0000 2016"}
{"polarity": 0.03, "location": "New York, NY", "sentiment": "positive", "time": "Sun Nov 06 23:42:09 +0000 2016"}
{"polarity": 0.0, "location": "Atlanta, GA", "sentiment": "neutral", "time": "Sun Nov 06 23:42:10 +0000 2016"}
{"polarity": 0.0, "location": "Phoenix, AZ", "sentiment": "neutral", "time": "Sun Nov 06 23:42:11 +0000 2016"}
{"polarity": 1.0, "location": "Portland, OR", "sentiment": "positive", "time": "Sun Nov 06 23:42:21 +0000 2016"}
{"polarity": -0.4, "location": "Orlando, FL", "sentiment": "negative", "time": "Sun Nov 06 23:42:27 +0000 2016"}
{"polarity": 0.0, "location": "Atlanta, GA", "sentiment": "neutral", "time": "Sun Nov 06 23:42:33 +0000 2016"}
{"polarity": 0.0, "location": "Portland, OR", "sentiment": "neutral", "time": "Sun Nov 06 23:42:34 +0000 2016"}
{"polarity": 0.0, "location": "Boston, MA", "sentiment": "neutral", "time": "Sun Nov 06 23:42:36 +0000 2016"}
{"polarity": 0.0, "location": "New York, NY", "sentiment": "neutral", "time": "Sun Nov 06 23:42:46 +0000 2016"}
{"polarity": -0.05, "location": "Seattle, WA", "sentiment": "negative", "time": "Sun Nov 06 23:42:54 +0000 2016"}
{"polarity": 0.20416666666666666, "location": "Seattle, WA", "sentiment": "positive", "time": "Sun Nov 06 23:50:01 +0000 2016"}
{"polarity": 0.0, "location": "New York, NY", "sentiment": "neutral", "time": "Sun Nov 06 23:50:04 +0000 2016"}
{"polarity": 0.0, "location": "Atlanta, GA", "sentiment": "neutral", "time": "Sun Nov 06 23:50:05 +0000 2016"}
{"polarity": -0.15601851851851853, "location": "Orlando, FL", "sentiment": "negative", "time": "Sun Nov 06 23:50:06 +0000 2016"}
{"polarity": 0.0, "location": "New York, NY", "sentiment": "neutral", "time": "Sun Nov 06 23:50:13 +0000 2016"}
{"polarity": 0.3333333333333333, "location": "Boston, MA", "sentiment": "positive", "time": "Sun Nov 06 23:50:26 +0000 2016"}
{"polarity": -0.25, "location": "Boston, MA", "sentiment": "negative", "time": "Sun Nov 06 23:50:26 +0000 2016"}
{"polarity": 0.4, "location": "Atlanta, GA", "sentiment": "positive", "time": "Sun Nov 06 23:50:27 +0000 2016"}
{"polarity": 0.8, "location": "St. Louis, MO", "sentiment": "positive", "time": "Sun Nov 06 23:50:38 +0000 2016"}
{"polarity": -0.2, "location": "Portland, OR", "sentiment": "negative", "time": "Sun Nov 06 23:50:38 +0000 2016"}
{"polarity": 0.0, "location": "San Diego, CA", "sentiment": "neutral", "time": "Sun Nov 06 23:50:45 +0000 2016"}
{"polarity": 0.06666666666666665, "location": "San Diego, CA", "sentiment": "positive", "time": "Sun Nov 06 23:50:46 +0000 2016"}
{"polarity": 0.08, "location": "Seattle, WA", "sentiment": "positive", "time": "Sun Nov 06 23:15:00 +0000 2016"}
{"polarity": 0.525, "location": "New York, NY", "sentiment": "positive", "time": "Sun Nov 06 23:15:08 +0000 2016"}
{"polarity": 0.225, "location": "San Diego, CA", "sentiment": "positive", "time": "Sun Nov 06 23:15:21 +0000 2016"}
{"polarity": 0.1, "location": "New York, NY", "sentiment": "positive", "time": "Sun Nov 06 23:15:27 +0000 2016"}
{"polarity": -0.15555555555555559, "location": "Orlando, FL", "sentiment": "negative", "time": "Sun Nov 06 23:15:29 +0000 2016"}
{"polarity": 0.5, "location": "New York, NY", "sentiment": "positive", "time": "Sun Nov 06 23:15:43 +0000 2016"}
{"polarity": 0.5, "location": "Atlanta, GA", "sentiment": "positive", "time": "Sun Nov 06 23:15:54 +0000 2016"}
{"polarity": 0.07833333333333334, "location": "Boston, MA", "sentiment": "positive", "time": "Sun Nov 06 23:15:56 +0000 2016"}
{"polarity": 0.0, "location": "San Diego, CA", "sentiment": "neutral", "time": "Sun Nov 06 23:15:57 +0000 2016"}
{"polarity": 0.0, "location": "Seattle, WA", "sentiment": "neutral", "time": "Sun Nov 06 23:15:59 +0000 2016"}
{"polarity": 0.0, "location": "Atlanta, GA", "sentiment": "neutral", "time": "Sun Nov 06 23:38:00 +0000 2016"}
{"polarity": 0.0, "location": "Seattle, WA", "sentiment": "neutral", "time": "Sun Nov 06 23:38:01 +0000 2016"}
{"polarity": -0.3125, "location": "Boston, MA", "sentiment": "negative", "time": "Sun Nov 06 23:38:13 +0000 2016"}
{"polarity": 0.0, "location": "Orlando, FL", "sentiment": "neutral", "time": "Sun Nov 06 23:38:24 +0000 2016"}
{"polarity": 0.19999999999999998, "location": "Phoenix, AZ", "sentiment": "positive", "time": "Sun Nov 06 23:38:25 +0000 2016"}
{"polarity": -0.6, "location": "Atlanta, GA", "sentiment": "negative", "time": "Sun Nov 06 23:38:30 +0000 2016"}
{"polarity": 0.0, "location": "Atlanta, GA", "sentiment": "neutral", "time": "Sun Nov 06 23:38:33 +0000 2016"}
{"polarity": 1.0, "location": "Orlando, FL", "sentiment": "positive", "time": "Sun Nov 06 23:38:35 +0000 2016"}
{"polarity": 0.0, "location": "St. Louis, MO", "sentiment": "neutral", "time": "Sun Nov 06 23:38:39 +0000 2016"}
{"polarity": 0.0, "location": "San Diego, CA", "sentiment": "neutral", "time": "Sun Nov 06 23:38:46 +0000 2016"}
{"polarity": 0.0, "location": "Boston, MA", "sentiment": "neutral", "time": "Sun Nov 06 23:38:49 +0000 2016"}
{"polarity": 0.16818181818181818, "location": "Portland, OR", "sentiment": "positive", "time": "Sun Nov 06 23:38:50 +0000 2016"}
{"polarity": 0.0, "location": "Atlanta, GA", "sentiment": "neutral", "time": "Sun Nov 06 23:38:55 +0000 2016"}
{"polarity": 0.0, "location": "Orlando, FL", "sentiment": "neutral", "time": "Sun Nov 06 23:21:05 +0000 2016"}
{"polarity": 0.0, "location": "New York, NY", "sentiment": "neutral", "time": "Sun Nov 06 23:21:16 +0000 2016"}
{"polarity": 0.10000000000000002, "location": "San Diego, CA", "sentiment": "positive", "time": "Sun Nov 06 23:21:20 +0000 2016"}
{"polarity": 0.6, "location": "San Diego, CA", "sentiment": "positive", "time": "Sun Nov 06 23:21:23 +0000 2016"}
{"polarity": 0.25, "location": "San Diego, CA", "sentiment": "positive", "time": "Sun Nov 06 23:21:26 +0000 2016"}
{"polarity": 0.0, "location": "New York, NY", "sentiment": "neutral", "time": "Sun Nov 06 23:21:28 +0000 2016"}
{"polarity": -0.6999999999999998, "location": "San Diego, CA", "sentiment": "negative", "time": "Sun Nov 06 23:21:39 +0000 2016"}
{"polarity": -0.3, "location": "Atlanta, GA", "sentiment": "negative", "time": "Sun Nov 06 23:21:40 +0000 2016"}
{"polarity": -0.5, "location": "Atlanta, GA", "sentiment": "negative", "time": "Sun Nov 06 23:21:45 +0000 2016"}
{"polarity": 0.0, "location": "San Diego, CA", "sentiment": "neutral", "time": "Sun Nov 06 23:21:45 +0000 2016"}
{"polarity": 0.1181818181818182, "location": "New York, NY", "sentiment": "positive", "time": "Sun Nov 06 23:21:55 +0000 2016"}
{"polarity": 0.0, "location": "New York, NY", "sentiment": "neutral", "time": "Sun Nov 06 23:17:05 +0000 2016"}
{"polarity": 0.0, "location": "San Diego, CA", "sentiment": "neutral", "time": "Sun Nov 06 23:17:09 +0000 2016"}
{"polarity": 0.0, "location": "Boston, MA", "sentiment": "neutral", "time": "Sun Nov 06 23:17:10 +0000 2016"}
{"polarity": 0.0, "location": "Orlando, FL", "sentiment": "neutral", "time": "Sun Nov 06 23:17:11 +0000 2016"}
{"polarity": 0.7, "location": "Seattle, WA", "sentiment": "positive", "time": "Sun Nov 06 23:17:37 +0000 2016"}
{"polarity": 0.3, "location": "San Diego, CA", "sentiment": "positive", "time": "Sun Nov 06 23:17:41 +0000 2016"}
{"polarity": 0.0, "location": "Atlanta, GA", "sentiment": "neutral", "time": "Sun Nov 06 23:17:49 +0000 2016"}
{"polarity": 0.03333333333333333, "location": "Boston, MA", "sentiment": "positive", "time": "Sun Nov 06 23:17:52 +0000 2016"}
{"polarity": 0.0, "location": "New York, NY", "sentiment": "neutral", "time": "Sun Nov 06 23:17:55 +0000 2016"}
{"polarity": 0.0, "location": "New York, NY", "sentiment": "neutral", "time": "Sun Nov 06 23:12:08 +0000 2016"}
{"polarity": 0.0, "location": "San Diego, CA", "sentiment": "neutral", "time": "Sun Nov 06 23:12:12 +0000 2016"}
{"polarity": -0.45, "location": "Orlando, FL", "sentiment": "negative", "time": "Sun Nov 06 23:12:21 +0000 2016"}
{"polarity": 0.125, "location": "Orlando, FL", "sentiment": "positive", "time": "Sun Nov 06 23:12:23 +0000 2016"}
{"polarity": -0.1, "location": "New York, NY", "sentiment": "negative", "time": "Sun Nov 06 23:12:23 +0000 2016"}
{"polarity": 0.0, "location": "Atlanta, GA", "sentiment": "neutral", "time": "Sun Nov 06 23:12:32 +0000 2016"}
{"polarity": 0.0, "location": "Seattle, WA", "sentiment": "neutral", "time": "Sun Nov 06 23:12:35 +0000 2016"}
{"polarity": 0.025, "location": "New York, NY", "sentiment": "positive", "time": "Sun Nov 06 23:12:38 +0000 2016"}
{"polarity": 0.5, "location": "San Diego, CA", "sentiment": "positive", "time": "Sun Nov 06 23:12:48 +0000 2016"}
{"polarity": 0.7, "location": "New York, NY", "sentiment": "positive", "time": "Sun Nov 06 23:12:53 +0000 2016"}
{"polarity": 0.37777777777777777, "location": "Orlando, FL", "sentiment": "positive", "time": "Sun Nov 06 23:29:04 +0000 2016"}
{"polarity": 0.0, "location": "Atlanta, GA", "sentiment": "neutral", "time": "Sun Nov 06 23:29:08 +0000 2016"}
{"polarity": 0.0, "location": "San Diego, CA", "sentiment": "neutral", "time": "Sun Nov 06 23:29:09 +0000 2016"}
{"polarity": -0.15, "location": "Boston, MA", "sentiment": "negative", "time": "Sun Nov 06 23:29:18 +0000 2016"}
{"polarity": -0.4, "location": "Boston, MA", "sentiment": "negative", "time": "Sun Nov 06 23:29:18 +0000 2016"}
{"polarity": 0.0, "location": "New York, NY", "sentiment": "neutral", "time": "Sun Nov 06 23:29:24 +0000 2016"}
{"polarity": 0.0, "location": "Atlanta, GA", "sentiment": "neutral", "time": "Sun Nov 06 23:29:28 +0000 2016"}
{"polarity": -0.3, "location": "New York, NY", "sentiment": "negative", "time": "Sun Nov 06 23:29:30 +0000 2016"}
{"polarity": 0.0, "location": "New York, NY", "sentiment": "neutral", "time": "Sun Nov 06 23:29:33 +0000 2016"}
{"polarity": 0.0, "location": "New York, NY", "sentiment": "neutral", "time": "Sun Nov 06 23:29:37 +0000 2016"}
{"polarity": 0.0, "location": "Portland, OR", "sentiment": "neutral", "time": "Sun Nov 06 23:29:37 +0000 2016"}
{"polarity": 0.0, "location": "New York, NY", "sentiment": "neutral", "time": "Sun Nov 06 23:29:38 +0000 2016"}
{"polarity": 0.85, "location": "New York, NY", "sentiment": "positive", "time": "Sun Nov 06 23:29:41 +0000 2016"}
{"polarity": 0.0, "location": "Orlando, FL", "sentiment": "neutral", "time": "Sun Nov 06 23:29:45 +0000 2016"}
{"polarity": 0.0, "location": "St. Louis, MO", "sentiment": "neutral", "time": "Sun Nov 06 23:29:48 +0000 2016"}
{"polarity": -0.16666666666666666, "location": "New York, NY", "sentiment": "negative", "time": "Sun Nov 06 23:29:53 +0000 2016"}
{"polarity": 0.13636363636363635, "location": "Atlanta, GA", "sentiment": "positive", "time": "Sun Nov 06 23:18:01 +0000 2016"}
{"polarity": 0.0, "location": "Orlando, FL", "sentiment": "neutral", "time": "Sun Nov 06 23:18:02 +0000 2016"}
{"polarity": -0.16666666666666666, "location": "New York, NY", "sentiment": "negative", "time": "Sun Nov 06 23:18:04 +0000 2016"}
{"polarity": 0.5416666666666667, "location": "San Diego, CA", "sentiment": "positive", "time": "Sun Nov 06 23:18:15 +0000 2016"}
{"polarity": 0.8, "location": "Atlanta, GA", "sentiment": "positive", "time": "Sun Nov 06 23:18:20 +0000 2016"}
{"polarity": 0.0, "location": "Atlanta, GA", "sentiment": "neutral", "time": "Sun Nov 06 23:18:22 +0000 2016"}
{"polarity": 0.0, "location": "New York, NY", "sentiment": "neutral", "time": "Sun Nov 06 23:18:32 +0000 2016"}
{"polarity": 0.0, "location": "Seattle, WA", "sentiment": "neutral", "time": "Sun Nov 06 23:18:38 +0000 2016"}
{"polarity": 0.0, "location": "New York, NY", "sentiment": "neutral", "time": "Sun Nov 06 23:18:43 +0000 2016"}
{"polarity": 0.0, "location": "New York, NY", "sentiment": "neutral", "time": "Sun Nov 06 23:18:44 +0000 2016"}
{"polarity": 0.0, "location": "San Diego, CA", "sentiment": "neutral", "time": "Sun Nov 06 23:18:57 +0000 2016"}
{"polarity": 0.3, "location": "New York, NY", "sentiment": "positive", "time": "Sun Nov 06 23:46:12 +0000 2016"}
{"polarity": 0.0, "location": "Portland, OR", "sentiment": "neutral", "time": "Sun Nov 06 23:46:22 +0000 2016"}
{"polarity": 0.0, "location": "Atlanta, GA", "sentiment": "neutral", "time": "Sun Nov 06 23:46:23 +0000 2016"}
{"polarity": 0.0, "location": "Portland, OR", "sentiment": "neutral", "time": "Sun Nov 06 23:46:24 +0000 2016"}
{"polarity": -0.3, "location": "New York, NY", "sentiment": "negative", "time": "Sun Nov 06 23:46:28 +0000 2016"}
{"polarity": 0.0, "location": "Orlando, FL", "sentiment": "neutral", "time": "Sun Nov 06 23:46:52 +0000 2016"}
{"polarity": 0.85, "location": "Atlanta, GA", "sentiment": "positive", "time": "Sun Nov 06 23:46:58 +0000 2016"}
{"polarity": 0.0, "location": "San Diego, CA", "sentiment": "neutral", "time": "Sun Nov 06 23:46:59 +0000 2016"}
{"polarity": -0.1, "location": "Boston, MA", "sentiment": "negative", "time": "Sun Nov 06 23:00:02 +0000 2016"}
{"polarity": 0.0, "location": "Boston, MA", "sentiment": "neutral", "time": "Sun Nov 06 23:00:03 +0000 2016"}
{"polarity": -0.3, "location": "San Diego, CA", "sentiment": "negative", "time": "Sun Nov 06 23:00:08 +0000 2016"}
{"polarity": 0.0, "location": "San Diego, CA", "sentiment": "neutral", "time": "Sun Nov 06 23:00:08 +0000 2016"}
{"polarity": 0.0, "location": "New York, NY", "sentiment": "neutral", "time": "Sun Nov 06 23:00:08 +0000 2016"}
{"polarity": 0.0, "location": "Atlanta, GA", "sentiment": "neutral", "time": "Sun Nov 06 23:00:09 +0000 2016"}
{"polarity": 0.0, "location": "Boston, MA", "sentiment": "neutral", "time": "Sun Nov 06 23:00:12 +0000 2016"}
{"polarity": 0.2, "location": "New York, NY", "sentiment": "positive", "time": "Sun Nov 06 23:00:15 +0000 2016"}
{"polarity": 0.9, "location": "Seattle, WA", "sentiment": "positive", "time": "Sun Nov 06 23:00:42 +0000 2016"}
{"polarity": -0.25, "location": "New York, NY", "sentiment": "negative", "time": "Sun Nov 06 23:00:47 +0000 2016"}
{"polarity": 0.0, "location": "New York, NY", "sentiment": "neutral", "time": "Sun Nov 06 23:00:50 +0000 2016"}
{"polarity": 0.0, "location": "Atlanta, GA", "sentiment": "neutral", "time": "Sun Nov 06 23:00:50 +0000 2016"}
{"polarity": 0.0, "location": "Atlanta, GA", "sentiment": "neutral", "time": "Sun Nov 06 23:34:00 +0000 2016"}
{"polarity": 0.0, "location": "New York, NY", "sentiment": "neutral", "time": "Sun Nov 06 23:34:16 +0000 2016"}
{"polarity": -0.2, "location": "Orlando, FL", "sentiment": "negative", "time": "Sun Nov 06 23:34:17 +0000 2016"}
{"polarity": 0.5416666666666667, "location": "Atlanta, GA", "sentiment": "positive", "time": "Sun Nov 06 23:34:18 +0000 2016"}
{"polarity": 0.0, "location": "New York, NY", "sentiment": "neutral", "time": "Sun Nov 06 23:34:21 +0000 2016"}
{"polarity": 0.0, "location": "New York, NY", "sentiment": "neutral", "time": "Sun Nov 06 23:34:21 +0000 2016"}
{"polarity": 0.47857142857142854, "location": "St. Louis, MO", "sentiment": "positive", "time": "Sun Nov 06 23:34:24 +0000 2016"}
{"polarity": 0.2, "location": "Atlanta, GA", "sentiment": "positive", "time": "Sun Nov 06 23:34:28 +0000 2016"}
{"polarity": 0.3666666666666667, "location": "San Diego, CA", "sentiment": "positive", "time": "Sun Nov 06 23:34:31 +0000 2016"}
{"polarity": 0.0, "location": "Seattle, WA", "sentiment": "neutral", "time": "Sun Nov 06 23:34:36 +0000 2016"}
{"polarity": 0.0, "location": "Phoenix, AZ", "sentiment": "neutral", "time": "Sun Nov 06 23:34:41 +0000 2016"}
{"polarity": 0.0, "location": "Boston, MA", "sentiment": "neutral", "time": "Sun Nov 06 23:34:42 +0000 2016"}
{"polarity": 0.5, "location": "New York, NY", "sentiment": "positive", "time": "Sun Nov 06 23:34:45 +0000 2016"}
{"polarity": 0.0, "location": "Atlanta, GA", "sentiment": "neutral", "time": "Sun Nov 06 23:34:45 +0000 2016"}
{"polarity": 0.3, "location": "New York, NY", "sentiment": "positive", "time": "Sun Nov 06 23:34:53 +0000 2016"}
{"polarity": 0.0, "location": "New York, NY", "sentiment": "neutral", "time": "Sun Nov 06 23:34:55 +0000 2016"}
{"polarity": 0.0, "location": "Portland, OR", "sentiment": "neutral", "time": "Sun Nov 06 23:34:56 +0000 2016"}
{"polarity": 0.0, "location": "San Diego, CA", "sentiment": "neutral", "time": "Sun Nov 06 23:05:04 +0000 2016"}
{"polarity": 0.13636363636363635, "location": "New York, NY", "sentiment": "positive", "time": "Sun Nov 06 23:05:16 +0000 2016"}
{"polarity": -0.4, "location": "Atlanta, GA", "sentiment": "negative", "time": "Sun Nov 06 23:05:19 +0000 2016"}
{"polarity": 0.23055555555555554, "location": "Orlando, FL", "sentiment": "positive", "time": "Sun Nov 06 23:05:29 +0000 2016"}
{"polarity": 0.0, "location": "Orlando, FL", "sentiment": "neutral", "time": "Sun Nov 06 23:05:40 +0000 2016"}
{"polarity": -0.5, "location": "San Diego, CA", "sentiment": "negative", "time": "Sun Nov 06 23:05:47 +0000 2016"}
{"polarity": 0.0, "location": "San Diego, CA", "sentiment": "neutral", "time": "Sun Nov 06 23:05:49 +0000 2016"}
{"polarity": -0.12499999999999999, "location": "San Diego, CA", "sentiment": "negative", "time": "Sun Nov 06 23:05:56 +0000 2016"}
{"polarity": 0.4625, "location": "New York, NY", "sentiment": "positive", "time": "Sun Nov 06 23:05:56 +0000 2016"}
{"polarity": -1.850371707708594e-17, "location": "Orlando, FL", "sentiment": "negative", "time": "Sun Nov 06 23:05:58 +0000 2016"}
{"polarity": 0.6, "location": "New York, NY", "sentiment": "positive", "time": "Sun Nov 06 23:11:01 +0000 2016"}
{"polarity": 0.5, "location": "Atlanta, GA", "sentiment": "positive", "time": "Sun Nov 06 23:11:12 +0000 2016"}
{"polarity": -0.6, "location": "Orlando, FL", "sentiment": "negative", "time": "Sun Nov 06 23:11:18 +0000 2016"}
{"polarity": 0.0, "location": "Atlanta, GA", "sentiment": "neutral", "time": "Sun Nov 06 23:11:21 +0000 2016"}
{"polarity": -0.2, "location": "Phoenix, AZ", "sentiment": "negative", "time": "Sun Nov 06 23:11:30 +0000 2016"}
{"polarity": 0.0, "location": "San Diego, CA", "sentiment": "neutral", "time": "Sun Nov 06 23:11:37 +0000 2016"}
{"polarity": 0.7, "location": "San Diego, CA", "sentiment": "positive", "time": "Sun Nov 06 23:11:38 +0000 2016"}
{"polarity": -0.2, "location": "Atlanta, GA", "sentiment": "negative", "time": "Sun Nov 06 23:11:50 +0000 2016"}
{"polarity": 0.425, "location": "Atlanta, GA", "sentiment": "positive", "time": "Sun Nov 06 23:11:50 +0000 2016"}
{"polarity": 0.0, "location": "Seattle, WA", "sentiment": "neutral", "time": "Sun Nov 06 23:11:52 +0000 2016"}
{"polarity": 0.0, "location": "Atlanta, GA", "sentiment": "neutral", "time": "Sun Nov 06 23:56:01 +0000 2016"}
{"polarity": 0.14285714285714285, "location": "Seattle, WA", "sentiment": "positive", "time": "Sun Nov 06 23:56:03 +0000 2016"}
{"polarity": 0.0, "location": "Phoenix, AZ", "sentiment": "neutral", "time": "Sun Nov 06 23:56:05 +0000 2016"}
{"polarity": 0.0, "location": "New York, NY", "sentiment": "neutral", "time": "Sun Nov 06 23:56:06 +0000 2016"}
{"polarity": 0.0, "location": "Atlanta, GA", "sentiment": "neutral", "time": "Sun Nov 06 23:56:15 +0000 2016"}
{"polarity": -0.17142857142857146, "location": "Boston, MA", "sentiment": "negative", "time": "Sun Nov 06 23:56:22 +0000 2016"}
{"polarity": 0.0, "location": "San Diego, CA", "sentiment": "neutral", "time": "Sun Nov 06 23:56:27 +0000 2016"}
{"polarity": 0.0, "location": "New York, NY", "sentiment": "neutral", "time": "Sun Nov 06 23:56:34 +0000 2016"}
{"polarity": 0.5, "location": "Portland, OR", "sentiment": "positive", "time": "Sun Nov 06 23:56:35 +0000 2016"}
{"polarity": 0.13636363636363635, "location": "Boston, MA", "sentiment": "positive", "time": "Sun Nov 06 23:56:35 +0000 2016"}
{"polarity": 0.1, "location": "New York, NY", "sentiment": "positive", "time": "Sun Nov 06 23:56:42 +0000 2016"}
{"polarity": 0.0, "location": "San Diego, CA", "sentiment": "neutral", "time": "Sun Nov 06 23:56:44 +0000 2016"}
{"polarity": 0.6302083333333334, "location": "New York, NY", "sentiment": "positive", "time": "Sun Nov 06 23:56:45 +0000 2016"}
{"polarity": -1.0, "location": "Portland, OR", "sentiment": "negative", "time": "Sun Nov 06 23:56:46 +0000 2016"}
{"polarity": 0.4, "location": "San Diego, CA", "sentiment": "positive", "time": "Sun Nov 06 23:56:48 +0000 2016"}
{"polarity": 0.5, "location": "Boston, MA", "sentiment": "positive", "time": "Sun Nov 06 23:47:05 +0000 2016"}
{"polarity": 0.175, "location": "San Diego, CA", "sentiment": "positive", "time": "Sun Nov 06 23:47:11 +0000 2016"}
{"polarity": 0.0, "location": "Phoenix, AZ", "sentiment": "neutral", "time": "Sun Nov 06 23:47:16 +0000 2016"}
{"polarity": 0.25, "location": "San Diego, CA", "sentiment": "positive", "time": "Sun Nov 06 23:47:17 +0000 2016"}
{"polarity": 0.18333333333333335, "location": "New York, NY", "sentiment": "positive", "time": "Sun Nov 06 23:47:34 +0000 2016"}
{"polarity": 0.0, "location": "New York, NY", "sentiment": "neutral", "time": "Sun Nov 06 23:47:38 +0000 2016"}
{"polarity": 0.5, "location": "San Diego, CA", "sentiment": "positive", "time": "Sun Nov 06 23:47:40 +0000 2016"}
{"polarity": -0.8, "location": "Atlanta, GA", "sentiment": "negative", "time": "Sun Nov 06 23:47:41 +0000 2016"}
{"polarity": 0.0, "location": "New York, NY", "sentiment": "neutral", "time": "Sun Nov 06 23:47:51 +0000 2016"}
{"polarity": 0.0, "location": "St. Louis, MO", "sentiment": "neutral", "time": "Sun Nov 06 23:47:57 +0000 2016"}
{"polarity": 0.0, "location": "Atlanta, GA", "sentiment": "neutral", "time": "Sun Nov 06 23:52:11 +0000 2016"}
{"polarity": 0.0, "location": "San Diego, CA", "sentiment": "neutral", "time": "Sun Nov 06 23:52:15 +0000 2016"}
{"polarity": 0.0, "location": "New York, NY", "sentiment": "neutral", "time": "Sun Nov 06 23:52:29 +0000 2016"}
{"polarity": 0.2, "location": "Atlanta, GA", "sentiment": "positive", "time": "Sun Nov 06 23:52:29 +0000 2016"}
{"polarity": 0.1903409090909091, "location": "New York, NY", "sentiment": "positive", "time": "Sun Nov 06 23:52:31 +0000 2016"}
{"polarity": 0.5, "location": "New York, NY", "sentiment": "positive", "time": "Sun Nov 06 23:52:36 +0000 2016"}
{"polarity": 0.0, "location": "Orlando, FL", "sentiment": "neutral", "time": "Sun Nov 06 23:52:55 +0000 2016"}
{"polarity": 0.4454545454545455, "location": "Atlanta, GA", "sentiment": "positive", "time": "Sun Nov 06 23:53:16 +0000 2016"}
{"polarity": 0.6666666666666666, "location": "New York, NY", "sentiment": "positive", "time": "Sun Nov 06 23:53:17 +0000 2016"}
{"polarity": 0.0, "location": "Atlanta, GA", "sentiment": "neutral", "time": "Sun Nov 06 23:53:28 +0000 2016"}
{"polarity": 0.36818181818181817, "location": "San Diego, CA", "sentiment": "positive", "time": "Sun Nov 06 23:53:37 +0000 2016"}
{"polarity": 0.0, "location": "Orlando, FL", "sentiment": "neutral", "time": "Sun Nov 06 23:53:43 +0000 2016"}
{"polarity": -0.5, "location": "Seattle, WA", "sentiment": "negative", "time": "Sun Nov 06 23:53:54 +0000 2016"}
{"polarity": 0.125, "location": "Atlanta, GA", "sentiment": "positive", "time": "Sun Nov 06 23:02:08 +0000 2016"}
{"polarity": 0.0, "location": "Seattle, WA", "sentiment": "neutral", "time": "Sun Nov 06 23:02:10 +0000 2016"}
{"polarity": 0.0, "location": "Orlando, FL", "sentiment": "neutral", "time": "Sun Nov 06 23:02:12 +0000 2016"}
{"polarity": 0.325, "location": "New York, NY", "sentiment": "positive", "time": "Sun Nov 06 23:02:14 +0000 2016"}
{"polarity": 0.0, "location": "Orlando, FL", "sentiment": "neutral", "time": "Sun Nov 06 23:02:29 +0000 2016"}
{"polarity": 0.0, "location": "Orlando, FL", "sentiment": "neutral", "time": "Sun Nov 06 23:02:31 +0000 2016"}
{"polarity": 0.0, "location": "Atlanta, GA", "sentiment": "neutral", "time": "Sun Nov 06 23:02:39 +0000 2016"}
{"polarity": 0.0, "location": "Phoenix, AZ", "sentiment": "neutral", "time": "Sun Nov 06 23:02:49 +0000 2016"}
{"polarity": 0.8, "location": "Orlando, FL", "sentiment": "positive", "time": "Sun Nov 06 23:02:50 +0000 2016"}
{"polarity": 0.0, "location": "New York, NY", "sentiment": "neutral", "time": "Sun Nov 06 23:48:11 +0000 2016"}
{"polarity": 0.0, "location": "Portland, OR", "sentiment": "neutral", "time": "Sun Nov 06 23:48:21 +0000 2016"}
{"polarity": 0.25, "location": "San Diego, CA", "sentiment": "positive", "time": "Sun Nov 06 23:48:27 +0000 2016"}
{"polarity": 0.0, "location": "Boston, MA", "sentiment": "neutral", "time": "Sun Nov 06 23:48:37 +0000 2016"}
{"polarity": 0.85, "location": "Boston, MA", "sentiment": "positive", "time": "Sun Nov 06 23:48:39 +0000 2016"}
{"polarity": 0.0, "location": "Orlando, FL", "sentiment": "neutral", "time": "Sun Nov 06 23:48:49 +0000 2016"}
{"polarity": 0.3, "location": "Boston, MA", "sentiment": "positive", "time": "Sun Nov 06 23:48:50 +0000 2016"}
{"polarity": 0.8, "location": "New York, NY", "sentiment": "positive", "time": "Sun Nov 06 23:48:52 +0000 2016"}
{"polarity": -0.20277777777777778, "location": "Atlanta, GA", "sentiment": "negative", "time": "Sun Nov 06 23:48:58 +0000 2016"}
{"polarity": 0.0, "location": "Seattle, WA", "sentiment": "neutral", "time": "Sun Nov 06 23:25:04 +0000 2016"}
{"polarity": -0.1, "location": "Orlando, FL", "sentiment": "negative", "time": "Sun Nov 06 23:25:23 +0000 2016"}
{"polarity": 0.0, "location": "Atlanta, GA", "sentiment": "neutral", "time": "Sun Nov 06 23:25:34 +0000 2016"}
{"polarity": -0.6666666666666666, "location": "Seattle, WA", "sentiment": "negative", "time": "Sun Nov 06 23:25:40 +0000 2016"}
{"polarity": 0.0, "location": "Atlanta, GA", "sentiment": "neutral", "time": "Sun Nov 06 23:25:47 +0000 2016"}
{"polarity": 0.11666666666666668, "location": "Atlanta, GA", "sentiment": "positive", "time": "Sun Nov 06 23:25:56 +0000 2016"}
{"polarity": 0.6, "location": "Seattle, WA", "sentiment": "positive", "time": "Sun Nov 06 23:16:01 +0000 2016"}
{"polarity": 0.2625, "location": "St. Louis, MO", "sentiment": "positive", "time": "Sun Nov 06 23:16:10 +0000 2016"}
{"polarity": 0.8, "location": "Seattle, WA", "sentiment": "positive", "time": "Sun Nov 06 23:16:12 +0000 2016"}
{"polarity": -0.03571428571428571, "location": "Phoenix, AZ", "sentiment": "negative", "time": "Sun Nov 06 23:16:15 +0000 2016"}
{"polarity": 0.125, "location": "New York, NY", "sentiment": "positive", "time": "Sun Nov 06 23:16:35 +0000 2016"}
{"polarity": 0.0, "location": "Atlanta, GA", "sentiment": "neutral", "time": "Sun Nov 06 23:16:36 +0000 2016"}
{"polarity": 0.16, "location": "New York, NY", "sentiment": "positive", "time": "Sun Nov 06 23:16:37 +0000 2016"}
{"polarity": -0.4, "location": "Phoenix, AZ", "sentiment": "negative", "time": "Sun Nov 06 23:16:46 +0000 2016"}
{"polarity": 0.5, "location": "New York, NY", "sentiment": "positive", "time": "Sun Nov 06 23:16:52 +0000 2016"}
{"polarity": -0.2958333333333333, "location": "Seattle, WA", "sentiment": "negative", "time": "Sun Nov 06 23:16:54 +0000 2016"}
{"polarity": 0.5, "location": "New York, NY", "sentiment": "positive", "time": "Sun Nov 06 23:14:12 +0000 2016"}
{"polarity": 0.2, "location": "Boston, MA", "sentiment": "positive", "time": "Sun Nov 06 23:14:15 +0000 2016"}
{"polarity": 0.09999999999999999, "location": "Atlanta, GA", "sentiment": "positive", "time": "Sun Nov 06 23:14:21 +0000 2016"}
{"polarity": 0.525, "location": "Seattle, WA", "sentiment": "positive", "time": "Sun Nov 06 23:14:34 +0000 2016"}
{"polarity": 0.22999999999999998, "location": "Phoenix, AZ", "sentiment": "positive", "time": "Sun Nov 06 23:14:37 +0000 2016"}
{"polarity": -0.25, "location": "Atlanta, GA", "sentiment": "negative", "time": "Sun Nov 06 23:14:48 +0000 2016"}
{"polarity": 0.19523809523809524, "location": "New York, NY", "sentiment": "positive", "time": "Sun Nov 06 23:14:50 +0000 2016"}
{"polarity": -0.44999999999999996, "location": "Atlanta, GA", "sentiment": "negative", "time": "Sun Nov 06 23:23:11 +0000 2016"}
{"polarity": 0.0, "location": "New York, NY", "sentiment": "neutral", "time": "Sun Nov 06 23:23:15 +0000 2016"}
{"polarity": 0.4, "location": "New York, NY", "sentiment": "positive", "time": "Sun Nov 06 23:23:25 +0000 2016"}
{"polarity": 0.0, "location": "St. Louis, MO", "sentiment": "neutral", "time": "Sun Nov 06 23:23:25 +0000 2016"}
{"polarity": 0.25, "location": "Seattle, WA", "sentiment": "positive", "time": "Sun Nov 06 23:23:39 +0000 2016"}
{"polarity": -0.19999999999999998, "location": "Phoenix, AZ", "sentiment": "negative", "time": "Sun Nov 06 23:23:45 +0000 2016"}
{"polarity": 0.0, "location": "New York, NY", "sentiment": "neutral", "time": "Sun Nov 06 23:23:49 +0000 2016"}
{"polarity": 0.0, "location": "New York, NY", "sentiment": "neutral", "time": "Sun Nov 06 23:23:51 +0000 2016"}
{"polarity": 0.0, "location": "Orlando, FL", "sentiment": "neutral", "time": "Sun Nov 06 23:23:51 +0000 2016"}
{"polarity": 0.8, "location": "San Diego, CA", "sentiment": "positive", "time": "Sun Nov 06 23:23:52 +0000 2016"}
{"polarity": 0.0, "location": "Atlanta, GA", "sentiment": "neutral", "time": "Sun Nov 06 23:23:53 +0000 2016"}
{"polarity": 0.0, "location": "San Diego, CA", "sentiment": "neutral", "time": "Sun Nov 06 23:07:01 +0000 2016"}
{"polarity": 0.8, "location": "New York, NY", "sentiment": "positive", "time": "Sun Nov 06 23:07:10 +0000 2016"}
{"polarity": 0.0, "location": "Seattle, WA", "sentiment": "neutral", "time": "Sun Nov 06 23:07:11 +0000 2016"}
{"polarity": 0.0, "location": "Seattle, WA", "sentiment": "neutral", "time": "Sun Nov 06 23:07:14 +0000 2016"}
{"polarity": 0.10000000000000002, "location": "Seattle, WA", "sentiment": "positive", "time": "Sun Nov 06 23:07:26 +0000 2016"}
{"polarity": 0.0, "location": "Phoenix, AZ", "sentiment": "neutral", "time": "Sun Nov 06 23:07:28 +0000 2016"}
{"polarity": 0.0, "location": "Seattle, WA", "sentiment": "neutral", "time": "Sun Nov 06 23:07:34 +0000 2016"}
{"polarity": 0.0, "location": "New York, NY", "sentiment": "neutral", "time": "Sun Nov 06 23:07:42 +0000 2016"}
{"polarity": 0.0, "location": "Seattle, WA", "sentiment": "neutral", "time": "Sun Nov 06 23:07:45 +0000 2016"}
{"polarity": 0.0, "location": "New York, NY", "sentiment": "neutral", "time": "Sun Nov 06 23:07:48 +0000 2016"}
{"polarity": -0.8, "location": "New York, NY", "sentiment": "negative", "time": "Sun Nov 06 23:07:56 +0000 2016"}
{"polarity": -0.2, "location": "Seattle, WA", "sentiment": "negative", "time": "Sun Nov 06 23:51:02 +0000 2016"}
{"polarity": 0.0, "location": "Atlanta, GA", "sentiment": "neutral", "time": "Sun Nov 06 23:51:04 +0000 2016"}
{"polarity": 0.0, "location": "Atlanta, GA", "sentiment": "neutral", "time": "Sun Nov 06 23:51:04 +0000 2016"}
{"polarity": 0.0, "location": "New York, NY", "sentiment": "neutral", "time": "Sun Nov 06 23:51:05 +0000 2016"}
{"polarity": 0.0, "location": "Phoenix, AZ", "sentiment": "neutral", "time": "Sun Nov 06 23:51:07 +0000 2016"}
{"polarity": 0.0, "location": "Atlanta, GA", "sentiment": "neutral", "time": "Sun Nov 06 23:51:08 +0000 2016"}
{"polarity": 0.0, "location": "Atlanta, GA", "sentiment": "neutral", "time": "Sun Nov 06 23:51:15 +0000 2016"}
{"polarity": 0.25, "location": "New York, NY", "sentiment": "positive", "time": "Sun Nov 06 23:51:26 +0000 2016"}
{"polarity": 0.05000000000000001, "location": "Portland, OR", "sentiment": "positive", "time": "Sun Nov 06 23:51:28 +0000 2016"}
{"polarity": 0.0, "location": "Portland, OR", "sentiment": "neutral", "time": "Sun Nov 06 23:51:29 +0000 2016"}
{"polarity": 0.0, "location": "New York, NY", "sentiment": "neutral", "time": "Sun Nov 06 23:51:41 +0000 2016"}
{"polarity": 0.0, "location": "Atlanta, GA", "sentiment": "neutral", "time": "Sun Nov 06 23:51:42 +0000 2016"}
{"polarity": 0.0, "location": "Orlando, FL", "sentiment": "neutral", "time": "Sun Nov 06 23:51:43 +0000 2016"}
{"polarity": 0.1, "location": "Atlanta, GA", "sentiment": "positive", "time": "Sun Nov 06 23:51:45 +0000 2016"}
{"polarity": 0.0, "location": "Orlando, FL", "sentiment": "neutral", "time": "Sun Nov 06 23:51:46 +0000 2016"}
{"polarity": 0.0, "location": "Seattle, WA", "sentiment": "neutral", "time": "Sun Nov 06 23:51:46 +0000 2016"}
{"polarity": 0.23333333333333336, "location": "Seattle, WA", "sentiment": "positive", "time": "Sun Nov 06 23:51:53 +0000 2016"}
{"polarity": 0.25, "location": "San Diego, CA", "sentiment": "positive", "time": "Sun Nov 06 23:51:59 +0000 2016"}
{"polarity": 0.21250000000000002, "location": "Portland, OR", "sentiment": "positive", "time": "Sun Nov 06 23:30:12 +0000 2016"}
{"polarity": 0.5, "location": "Orlando, FL", "sentiment": "positive", "time": "Sun Nov 06 23:30:13 +0000 2016"}
{"polarity": 0.0, "location": "Seattle, WA", "sentiment": "neutral", "time": "Sun Nov 06 23:30:13 +0000 2016"}
{"polarity": 0.0, "location": "San Diego, CA", "sentiment": "neutral", "time": "Sun Nov 06 23:30:14 +0000 2016"}
{"polarity": -0.13333333333333333, "location": "San Diego, CA", "sentiment": "negative", "time": "Sun Nov 06 23:30:15 +0000 2016"}
{"polarity": 0.0, "location": "San Diego, CA", "sentiment": "neutral", "time": "Sun Nov 06 23:30:16 +0000 2016"}
{"polarity": 0.0, "location": "Seattle, WA", "sentiment": "neutral", "time": "Sun Nov 06 23:30:30 +0000 2016"}
{"polarity": 0.09999999999999998, "location": "Phoenix, AZ", "sentiment": "positive", "time": "Sun Nov 06 23:30:33 +0000 2016"}
{"polarity": 0.0, "location": "New York, NY", "sentiment": "neutral", "time": "Sun Nov 06 23:30:34 +0000 2016"}
{"polarity": 0.0, "location": "Atlanta, GA", "sentiment": "neutral", "time": "Sun Nov 06 23:30:46 +0000 2016"}
{"polarity": 0.0, "location": "Boston, MA", "sentiment": "neutral", "time": "Sun Nov 06 23:30:47 +0000 2016"}
{"polarity": 0.0, "location": "St. Louis, MO", "sentiment": "neutral", "time": "Sun Nov 06 23:30:52 +0000 2016"}
{"polarity": 0.0, "location": "San Diego, CA", "sentiment": "neutral", "time": "Sun Nov 06 23:30:53 +0000 2016"}
{"polarity": 0.0, "location": "New York, NY", "sentiment": "neutral", "time": "Sun Nov 06 23:30:55 +0000 2016"}
{"polarity": 0.0, "location": "Atlanta, GA", "sentiment": "neutral", "time": "Sun Nov 06 23:03:00 +0000 2016"}
{"polarity": 0.0, "location": "Portland, OR", "sentiment": "neutral", "time": "Sun Nov 06 23:03:14 +0000 2016"}
{"polarity": 0.5, "location": "New York, NY", "sentiment": "positive", "time": "Sun Nov 06 23:03:20 +0000 2016"}
{"polarity": 0.0, "location": "Atlanta, GA", "sentiment": "neutral", "time": "Sun Nov 06 23:03:20 +0000 2016"}
{"polarity": -0.75, "location": "New York, NY", "sentiment": "negative", "time": "Sun Nov 06 23:03:27 +0000 2016"}
{"polarity": -0.07142857142857145, "location": "Boston, MA", "sentiment": "negative", "time": "Sun Nov 06 23:03:30 +0000 2016"}
{"polarity": 0.2, "location": "Atlanta, GA", "sentiment": "positive", "time": "Sun Nov 06 23:03:32 +0000 2016"}
{"polarity": 0.125, "location": "New York, NY", "sentiment": "positive", "time": "Sun Nov 06 23:03:35 +0000 2016"}
{"polarity": 0.0, "location": "San Diego, CA", "sentiment": "neutral", "time": "Sun Nov 06 23:03:40 +0000 2016"}
{"polarity": -0.16111111111111112, "location": "Atlanta, GA", "sentiment": "negative", "time": "Sun Nov 06 23:03:46 +0000 2016"}
{"polarity": 0.6, "location": "Atlanta, GA", "sentiment": "positive", "time": "Sun Nov 06 23:03:51 +0000 2016"}
{"polarity": 0.0, "location": "Seattle, WA", "sentiment": "neutral", "time": "Sun Nov 06 23:03:59 +0000 2016"}
{"polarity": 0.0, "location": "San Diego, CA", "sentiment": "neutral", "time": "Sun Nov 06 23:40:09 +0000 2016"}
{"polarity": 0.0, "location": "Seattle, WA", "sentiment": "neutral", "time": "Sun Nov 06 23:40:12 +0000 2016"}
{"polarity": -0.7125, "location": "Phoenix, AZ", "sentiment": "negative", "time": "Sun Nov 06 23:40:18 +0000 2016"}
{"polarity": 0.0, "location": "Boston, MA", "sentiment": "neutral", "time": "Sun Nov 06 23:40:18 +0000 2016"}
{"polarity": 0.21481481481481482, "location": "Boston, MA", "sentiment": "positive", "time": "Sun Nov 06 23:40:25 +0000 2016"}
{"polarity": 0.0, "location": "Orlando, FL", "sentiment": "neutral", "time": "Sun Nov 06 23:40:31 +0000 2016"}
{"polarity": -0.125, "location": "New York, NY", "sentiment": "negative", "time": "Sun Nov 06 23:40:50 +0000 2016"}
{"polarity": 0.0, "location": "Atlanta, GA", "sentiment": "neutral", "time": "Sun Nov 06 23:40:58 +0000 2016"}
{"polarity": 0.0, "location": "New York, NY", "sentiment": "neutral", "time": "Sun Nov 06 23:40:59 +0000 2016"}
{"polarity": 0.0, "location": "New York, NY", "sentiment": "neutral", "time": "Sun Nov 06 23:08:12 +0000 2016"}
{"polarity": 0.0, "location": "New York, NY", "sentiment": "neutral", "time": "Sun Nov 06 23:08:16 +0000 2016"}
{"polarity": 0.0, "location": "Portland, OR", "sentiment": "neutral", "time": "Sun Nov 06 23:08:22 +0000 2016"}
{"polarity": 0.8, "location": "New York, NY", "sentiment": "positive", "time": "Sun Nov 06 23:08:23 +0000 2016"}
{"polarity": 0.0, "location": "New York, NY", "sentiment": "neutral", "time": "Sun Nov 06 23:08:25 +0000 2016"}
{"polarity": 0.0, "location": "San Diego, CA", "sentiment": "neutral", "time": "Sun Nov 06 23:08:26 +0000 2016"}
{"polarity": 0.0, "location": "New York, NY", "sentiment": "neutral", "time": "Sun Nov 06 23:08:31 +0000 2016"}
{"polarity": 0.5, "location": "Portland, OR", "sentiment": "positive", "time": "Sun Nov 06 23:08:50 +0000 2016"}
{"polarity": 0.0, "location": "New York, NY", "sentiment": "neutral", "time": "Sun Nov 06 23:08:52 +0000 2016"}
{"polarity": 0.0, "location": "New York, NY", "sentiment": "neutral", "time": "Sun Nov 06 23:08:57 +0000 2016"}
{"polarity": 0.0, "location": "Boston, MA", "sentiment": "neutral", "time": "Sun Nov 06 23:35:00 +0000 2016"}
{"polarity": 0.0, "location": "New York, NY", "sentiment": "neutral", "time": "Sun Nov 06 23:35:01 +0000 2016"}
{"polarity": 0.0, "location": "San Diego, CA", "sentiment": "neutral", "time": "Sun Nov 06 23:35:09 +0000 2016"}
{"polarity": 0.0, "location": "Portland, OR", "sentiment": "neutral", "time": "Sun Nov 06 23:35:17 +0000 2016"}
{"polarity": -0.3125, "location": "Seattle, WA", "sentiment": "negative", "time": "Sun Nov 06 23:35:23 +0000 2016"}
{"polarity": 0.0, "location": "Orlando, FL", "sentiment": "neutral", "time": "Sun Nov 06 23:35:28 +0000 2016"}
{"polarity": 0.0, "location": "Atlanta, GA", "sentiment": "neutral", "time": "Sun Nov 06 23:35:29 +0000 2016"}
{"polarity": 0.0, "location": "San Diego, CA", "sentiment": "neutral", "time": "Sun Nov 06 23:35:38 +0000 2016"}
{"polarity": -0.09999999999999998, "location": "New York, NY", "sentiment": "negative", "time": "Sun Nov 06 23:35:42 +0000 2016"}
{"polarity": 0.2, "location": "Portland, OR", "sentiment": "positive", "time": "Sun Nov 06 23:35:47 +0000 2016"}
{"polarity": 0.1, "location": "New York, NY", "sentiment": "positive", "time": "Sun Nov 06 23:35:59 +0000 2016"}
{"polarity": 0.2, "location": "New York, NY", "sentiment": "positive", "time": "Sun Nov 06 23:43:04 +0000 2016"}
{"polarity": -0.2, "location": "Phoenix, AZ", "sentiment": "negative", "time": "Sun Nov 06 23:43:06 +0000 2016"}
{"polarity": 0.0, "location": "Orlando, FL", "sentiment": "neutral", "time": "Sun Nov 06 23:43:12 +0000 2016"}
{"polarity": 0.0, "location": "Atlanta, GA", "sentiment": "neutral", "time": "Sun Nov 06 23:43:17 +0000 2016"}
{"polarity": -0.8749999999999998, "location": "Boston, MA", "sentiment": "negative", "time": "Sun Nov 06 23:43:25 +0000 2016"}
{"polarity": 0.0, "location": "San Diego, CA", "sentiment": "neutral", "time": "Sun Nov 06 23:43:29 +0000 2016"}
{"polarity": 0.0, "location": "New York, NY", "sentiment": "neutral", "time": "Sun Nov 06 23:43:33 +0000 2016"}
{"polarity": 0.6, "location": "Seattle, WA", "sentiment": "positive", "time": "Sun Nov 06 23:43:33 +0000 2016"}
{"polarity": 0.0, "location": "Orlando, FL", "sentiment": "neutral", "time": "Sun Nov 06 23:43:42 +0000 2016"}
{"polarity": 0.55, "location": "Atlanta, GA", "sentiment": "positive", "time": "Sun Nov 06 23:43:54 +0000 2016"}
{"polarity": 0.0, "location": "Atlanta, GA", "sentiment": "neutral", "time": "Sun Nov 06 23:43:55 +0000 2016"}
{"polarity": 0.0, "location": "New York, NY", "sentiment": "neutral", "time": "Sun Nov 06 23:10:07 +0000 2016"}
{"polarity": 0.0, "location": "Seattle, WA", "sentiment": "neutral", "time": "Sun Nov 06 23:10:09 +0000 2016"}
{"polarity": 0.0, "location": "Orlando, FL", "sentiment": "neutral", "time": "Sun Nov 06 23:10:10 +0000 2016"}
{"polarity": 0.0, "location": "Orlando, FL", "sentiment": "neutral", "time": "Sun Nov 06 23:10:11 +0000 2016"}
{"polarity": 0.0, "location": "Boston, MA", "sentiment": "neutral", "time": "Sun Nov 06 23:10:11 +0000 2016"}
{"polarity": 0.0, "location": "Atlanta, GA", "sentiment": "neutral", "time": "Sun Nov 06 23:10:17 +0000 2016"}
{"polarity": 0.0, "location": "Boston, MA", "sentiment": "neutral", "time": "Sun Nov 06 23:10:21 +0000 2016"}
{"polarity": 0.4833333333333334, "location": "Atlanta, GA", "sentiment": "positive", "time": "Sun Nov 06 23:10:23 +0000 2016"}
{"polarity": 0.0, "location": "Orlando, FL", "sentiment": "neutral", "time": "Sun Nov 06 23:10:24 +0000 2016"}
{"polarity": 0.0, "location": "New York, NY", "sentiment": "neutral", "time": "Sun Nov 06 23:10:27 +0000 2016"}
{"polarity": 0.0, "location": "Orlando, FL", "sentiment": "neutral", "time": "Sun Nov 06 23:10:31 +0000 2016"}
{"polarity": 0.0, "location": "New York, NY", "sentiment": "neutral", "time": "Sun Nov 06 23:10:41 +0000 2016"}
{"polarity": 0.0, "location": "Seattle, WA", "sentiment": "neutral", "time": "Sun Nov 06 23:54:03 +0000 2016"}
{"polarity": 0.0, "location": "Atlanta, GA", "sentiment": "neutral", "time": "Sun Nov 06 23:54:05 +0000 2016"}
{"polarity": 0.0, "location": "New York, NY", "sentiment": "neutral", "time": "Sun Nov 06 23:54:07 +0000 2016"}
{"polarity": 0.2, "location": "Atlanta, GA", "sentiment": "positive", "time": "Sun Nov 06 23:54:11 +0000 2016"}
{"polarity": -0.25, "location": "New York, NY", "sentiment": "negative", "time": "Sun Nov 06 23:54:16 +0000 2016"}
{"polarity": 0.3, "location": "Portland, OR", "sentiment": "positive", "time": "Sun Nov 06 23:54:17 +0000 2016"}
{"polarity": 0.0, "location": "Orlando, FL", "sentiment": "neutral", "time": "Sun Nov 06 23:54:23 +0000 2016"}
{"polarity": 0.0, "location": "New York, NY", "sentiment": "neutral", "time": "Sun Nov 06 23:54:28 +0000 2016"}
{"polarity": 0.0, "location": "Atlanta, GA", "sentiment": "neutral", "time": "Sun Nov 06 23:54:32 +0000 2016"}
{"polarity": 0.0, "location": "Atlanta, GA", "sentiment": "neutral", "time": "Sun Nov 06 23:54:51 +0000 2016"}
{"polarity": 0.0, "location": "Orlando, FL", "sentiment": "neutral", "time": "Sun Nov 06 23:24:13 +0000 2016"}
{"polarity": 0.0, "location": "New York, NY", "sentiment": "neutral", "time": "Sun Nov 06 23:24:15 +0000 2016"}
{"polarity": 0.0, "location": "Portland, OR", "sentiment": "neutral", "time": "Sun Nov 06 23:24:16 +0000 2016"}
{"polarity": 0.0, "location": "Orlando, FL", "sentiment": "neutral", "time": "Sun Nov 06 23:24:17 +0000 2016"}
{"polarity": 0.0, "location": "Seattle, WA", "sentiment": "neutral", "time": "Sun Nov 06 23:24:28 +0000 2016"}
{"polarity": 0.0, "location": "Boston, MA", "sentiment": "neutral", "time": "Sun Nov 06 23:24:52 +0000 2016"}
{"polarity": 0.0, "location": "New York, NY", "sentiment": "neutral", "time": "Sun Nov 06 23:24:54 +0000 2016"}
{"polarity": 0.5, "location": "Portland, OR", "sentiment": "positive", "time": "Sun Nov 06 23:32:18 +0000 2016"}
{"polarity": -0.14583333333333334, "location": "New York, NY", "sentiment": "negative", "time": "Sun Nov 06 23:32:24 +0000 2016"}
{"polarity": 0.0, "location": "Orlando, FL", "sentiment": "neutral", "time": "Sun Nov 06 23:32:24 +0000 2016"}
{"polarity": 0.0, "location": "New York, NY", "sentiment": "neutral", "time": "Sun Nov 06 23:32:31 +0000 2016"}
{"polarity": 0.0, "location": "St. Louis, MO", "sentiment": "neutral", "time": "Sun Nov 06 23:32:40 +0000 2016"}
{"polarity": 0.0, "location": "Phoenix, AZ", "sentiment": "neutral", "time": "Sun Nov 06 23:32:41 +0000 2016"}
{"polarity": 0.6499999999999999, "location": "Orlando, FL", "sentiment": "positive", "time": "Sun Nov 06 23:32:43 +0000 2016"}
{"polarity": 0.0, "location": "New York, NY", "sentiment": "neutral", "time": "Sun Nov 06 23:32:45 +0000 2016"}
{"polarity": 0.0, "location": "San Diego, CA", "sentiment": "neutral", "time": "Sun Nov 06 23:32:46 +0000 2016"}
{"polarity": 0.1, "location": "New York, NY", "sentiment": "positive", "time": "Sun Nov 06 23:32:53 +0000 2016"}
{"polarity": 0.0, "location": "New York, NY", "sentiment": "neutral", "time": "Sun Nov 06 23:36:17 +0000 2016"}
{"polarity": -0.4, "location": "Orlando, FL", "sentiment": "negative", "time": "Sun Nov 06 23:36:20 +0000 2016"}
{"polarity": 0.0, "location": "Portland, OR", "sentiment": "neutral", "time": "Sun Nov 06 23:36:27 +0000 2016"}
{"polarity": 0.25, "location": "Seattle, WA", "sentiment": "positive", "time": "Sun Nov 06 23:36:30 +0000 2016"}
{"polarity": -0.04427083333333334, "location": "Seattle, WA", "sentiment": "negative", "time": "Sun Nov 06 23:36:38 +0000 2016"}
{"polarity": -0.4333333333333333, "location": "Phoenix, AZ", "sentiment": "negative", "time": "Sun Nov 06 23:36:38 +0000 2016"}
{"polarity": 0.0, "location": "Atlanta, GA", "sentiment": "neutral", "time": "Sun Nov 06 23:36:39 +0000 2016"}
{"polarity": 0.5, "location": "Atlanta, GA", "sentiment": "positive", "time": "Sun Nov 06 23:36:49 +0000 2016"}
{"polarity": 1.0, "location": "New York, NY", "sentiment": "positive", "time": "Sun Nov 06 23:36:51 +0000 2016"}
{"polarity": 0.2, "location": "Phoenix, AZ", "sentiment": "positive", "time": "Sun Nov 06 23:36:55 +0000 2016"}
{"polarity": 0.0, "location": "New York, NY", "sentiment": "neutral", "time": "Sun Nov 06 23:01:02 +0000 2016"}
{"polarity": 0.2, "location": "Portland, OR", "sentiment": "positive", "time": "Sun Nov 06 23:01:04 +0000 2016"}
{"polarity": 0.0, "location": "Orlando, FL", "sentiment": "neutral", "time": "Sun Nov 06 23:01:06 +0000 2016"}
{"polarity": 0.2333333333333333, "location": "Orlando, FL", "sentiment": "positive", "time": "Sun Nov 06 23:01:07 +0000 2016"}
{"polarity": -0.6666666666666666, "location": "New York, NY", "sentiment": "negative", "time": "Sun Nov 06 23:01:07 +0000 2016"}
{"polarity": 0.0, "location": "New York, NY", "sentiment": "neutral", "time": "Sun Nov 06 23:01:08 +0000 2016"}
{"polarity": 0.0, "location": "Orlando, FL", "sentiment": "neutral", "time": "Sun Nov 06 23:01:14 +0000 2016"}
{"polarity": 0.0, "location": "Atlanta, GA", "sentiment": "neutral", "time": "Sun Nov 06 23:01:37 +0000 2016"}
{"polarity": 0.21111111111111114, "location": "San Diego, CA", "sentiment": "positive", "time": "Sun Nov 06 23:01:41 +0000 2016"}
{"polarity": 0.2, "location": "Atlanta, GA", "sentiment": "positive", "time": "Sun Nov 06 23:01:44 +0000 2016"}
{"polarity": 0.0, "location": "New York, NY", "sentiment": "neutral", "time": "Sun Nov 06 23:01:54 +0000 2016"}
{"polarity": 0.3, "location": "San Diego, CA", "sentiment": "positive", "time": "Sun Nov 06 23:55:02 +0000 2016"}
{"polarity": 0.0, "location": "New York, NY", "sentiment": "neutral", "time": "Sun Nov 06 23:55:11 +0000 2016"}
{"polarity": 0.3333333333333333, "location": "Seattle, WA", "sentiment": "positive", "time": "Sun Nov 06 23:55:19 +0000 2016"}
{"polarity": 0.08333333333333333, "location": "San Diego, CA", "sentiment": "positive", "time": "Sun Nov 06 23:55:22 +0000 2016"}
{"polarity": 0.65, "location": "Boston, MA", "sentiment": "positive", "time": "Sun Nov 06 23:55:27 +0000 2016"}
{"polarity": 0.0, "location": "New York, NY", "sentiment": "neutral", "time": "Sun Nov 06 23:55:30 +0000 2016"}
{"polarity": 0.0, "location": "San Diego, CA", "sentiment": "neutral", "time": "Sun Nov 06 23:55:31 +0000 2016"}
{"polarity": -1.0, "location": "San Diego, CA", "sentiment": "negative", "time": "Sun Nov 06 23:55:38 +0000 2016"}
{"polarity": 0.0, "location": "New York, NY", "sentiment": "neutral", "time": "Sun Nov 06 23:55:44 +0000 2016"}
{"polarity": 0.625, "location": "New York, NY", "sentiment": "positive", "time": "Sun Nov 06 23:55:46 +0000 2016"}
{"polarity": 0.35, "location": "New York, NY", "sentiment": "positive", "time": "Sun Nov 06 23:55:49 +0000 2016"}
{"polarity": 0.2857142857142857, "location": "Boston, MA", "sentiment": "positive", "time": "Sun Nov 06 23:09:05 +0000 2016"}
{"polarity": 0.7, "location": "San Diego, CA", "sentiment": "positive", "time": "Sun Nov 06 23:09:05 +0000 2016"}
{"polarity": 0.0, "location": "San Diego, CA", "sentiment": "neutral", "time": "Sun Nov 06 23:09:07 +0000 2016"}
{"polarity": 0.0, "location": "Seattle, WA", "sentiment": "neutral", "time": "Sun Nov 06 23:09:10 +0000 2016"}
{"polarity": 0.0, "location": "Seattle, WA", "sentiment": "neutral", "time": "Sun Nov 06 23:09:10 +0000 2016"}
{"polarity": 0.0, "location": "New York, NY", "sentiment": "neutral", "time": "Sun Nov 06 23:09:22 +0000 2016"}
{"polarity": 0.0, "location": "Orlando, FL", "sentiment": "neutral", "time": "Sun Nov 06 23:09:23 +0000 2016"}
{"polarity": 0.0, "location": "St. Louis, MO", "sentiment": "neutral", "time": "Sun Nov 06 23:09:26 +0000 2016"}
{"polarity": 0.1, "location": "New York, NY", "sentiment": "positive", "time": "Sun Nov 06 23:09:27 +0000 2016"}
{"polarity": 0.4, "location": "San Diego, CA", "sentiment": "positive", "time": "Sun Nov 06 23:09:28 +0000 2016"}
{"polarity": 0.0, "location": "Phoenix, AZ", "sentiment": "neutral", "time": "Sun Nov 06 23:09:29 +0000 2016"}
{"polarity": 0.0, "location": "Orlando, FL", "sentiment": "neutral", "time": "Sun Nov 06 23:09:35 +0000 2016"}
{"polarity": 0.0, "location": "Orlando, FL", "sentiment": "neutral", "time": "Sun Nov 06 23:09:39 +0000 2016"}
{"polarity": -0.5, "location": "Atlanta, GA", "sentiment": "negative", "time": "Sun Nov 06 23:09:40 +0000 2016"}
{"polarity": 0.0, "location": "Atlanta, GA", "sentiment": "neutral", "time": "Sun Nov 06 23:09:43 +0000 2016"}
{"polarity": -0.09999999999999992, "location": "Atlanta, GA", "sentiment": "negative", "time": "Sun Nov 06 23:09:54 +0000 2016"}
{"polarity": 0.2, "location": "San Diego, CA", "sentiment": "positive", "time": "Sun Nov 06 23:09:55 +0000 2016"}
{"polarity": 0.0, "location": "Boston, MA", "sentiment": "neutral", "time": "Sun Nov 06 23:33:01 +0000 2016"}
{"polarity": 0.0, "location": "Atlanta, GA", "sentiment": "neutral", "time": "Sun Nov 06 23:33:04 +0000 2016"}
{"polarity": 0.0, "location": "Atlanta, GA", "sentiment": "neutral", "time": "Sun Nov 06 23:33:17 +0000 2016"}
{"polarity": 0.5, "location": "Boston, MA", "sentiment": "positive", "time": "Sun Nov 06 23:33:37 +0000 2016"}
{"polarity": 0.41666666666666663, "location": "New York, NY", "sentiment": "positive", "time": "Sun Nov 06 23:44:00 +0000 2016"}
{"polarity": 0.55, "location": "Atlanta, GA", "sentiment": "positive", "time": "Sun Nov 06 23:44:07 +0000 2016"}
{"polarity": 0.0, "location": "New York, NY", "sentiment": "neutral", "time": "Sun Nov 06 23:44:21 +0000 2016"}
{"polarity": 0.0, "location": "New York, NY", "sentiment": "neutral", "time": "Sun Nov 06 23:44:21 +0000 2016"}
{"polarity": 0.0, "location": "Orlando, FL", "sentiment": "neutral", "time": "Sun Nov 06 23:44:22 +0000 2016"}
{"polarity": 0.0, "location": "Boston, MA", "sentiment": "neutral", "time": "Sun Nov 06 23:44:27 +0000 2016"}
{"polarity": 0.06666666666666665, "location": "Atlanta, GA", "sentiment": "positive", "time": "Sun Nov 06 23:44:29 +0000 2016"}
{"polarity": 0.0, "location": "Phoenix, AZ", "sentiment": "neutral", "time": "Sun Nov 06 23:44:31 +0000 2016"}
{"polarity": 0.45, "location": "New York, NY", "sentiment": "positive", "time": "Sun Nov 06 23:44:33 +0000 2016"}
{"polarity": -0.26666666666666666, "location": "Atlanta, GA", "sentiment": "negative", "time": "Sun Nov 06 23:44:46 +0000 2016"}
{"polarity": 0.0, "location": "Seattle, WA", "sentiment": "neutral", "time": "Sun Nov 06 23:44:56 +0000 2016"}
{"polarity": 0.5, "location": "Seattle, WA", "sentiment": "positive", "time": "Sun Nov 06 23:44:58 +0000 2016"}
{"polarity": 0.2, "location": "Atlanta, GA", "sentiment": "positive", "time": "Sun Nov 06 23:28:09 +0000 2016"}
{"polarity": 0.0, "location": "Orlando, FL", "sentiment": "neutral", "time": "Sun Nov 06 23:28:09 +0000 2016"}
{"polarity": 0.0, "location": "Boston, MA", "sentiment": "neutral", "time": "Sun Nov 06 23:28:11 +0000 2016"}
{"polarity": 0.0, "location": "Portland, OR", "sentiment": "neutral", "time": "Sun Nov 06 23:28:20 +0000 2016"}
{"polarity": 0.2, "location": "Phoenix, AZ", "sentiment": "positive", "time": "Sun Nov 06 23:28:25 +0000 2016"}
{"polarity": 0.2833333333333334, "location": "Orlando, FL", "sentiment": "positive", "time": "Sun Nov 06 23:28:26 +0000 2016"}
{"polarity": 0.0, "location": "Atlanta, GA", "sentiment": "neutral", "time": "Sun Nov 06 23:28:26 +0000 2016"}
{"polarity": 0.1, "location": "Seattle, WA", "sentiment": "positive", "time": "Sun Nov 06 23:28:27 +0000 2016"}
{"polarity": 0.13636363636363635, "location": "San Diego, CA", "sentiment": "positive", "time": "Sun Nov 06 23:28:30 +0000 2016"}
{"polarity": 0.0, "location": "Boston, MA", "sentiment": "neutral", "time": "Sun Nov 06 23:28:47 +0000 2016"}
{"polarity": -0.18333333333333335, "location": "Phoenix, AZ", "sentiment": "negative", "time": "Sun Nov 06 23:28:47 +0000 2016"}
{"polarity": 0.8, "location": "Orlando, FL", "sentiment": "positive", "time": "Sun Nov 06 23:28:56 +0000 2016"}
{"polarity": 0.0, "location": "Orlando, FL", "sentiment": "neutral", "time": "Sun Nov 06 23:22:01 +0000 2016"}
{"polarity": -0.6, "location": "New York, NY", "sentiment": "negative", "time": "Sun Nov 06 23:22:06 +0000 2016"}
{"polarity": 0.6000000000000001, "location": "New York, NY", "sentiment": "positive", "time": "Sun Nov 06 23:22:15 +0000 2016"}
{"polarity": 0.0, "location": "San Diego, CA", "sentiment": "neutral", "time": "Sun Nov 06 23:22:32 +0000 2016"}
{"polarity": 0.45, "location": "Seattle, WA", "sentiment": "positive", "time": "Sun Nov 06 23:22:56 +0000 2016"}
{"polarity": 0.0, "location": "San Diego, CA", "sentiment": "neutral", "time": "Sun Nov 06 23:22:58 +0000 2016"}
{"polarity": -0.6999999999999998, "location": "Atlanta, GA", "sentiment": "negative", "time": "Sun Nov 06 23:49:03 +0000 2016"}
{"polarity": -0.21388888888888885, "location": "New York, NY", "sentiment": "negative", "time": "Sun Nov 06 23:49:07 +0000 2016"}
{"polarity": -0.2, "location": "Orlando, FL", "sentiment": "negative", "time": "Sun Nov 06 23:49:11 +0000 2016"}
{"polarity": -0.20624999999999996, "location": "San Diego, CA", "sentiment": "negative", "time": "Sun Nov 06 23:49:13 +0000 2016"}
{"polarity": 0.0, "location": "Orlando, FL", "sentiment": "neutral", "time": "Sun Nov 06 23:49:22 +0000 2016"}
{"polarity": 0.2215909090909091, "location": "San Diego, CA", "sentiment": "positive", "time": "Sun Nov 06 23:49:31 +0000 2016"}
{"polarity": 0.0, "location": "Atlanta, GA", "sentiment": "neutral", "time": "Sun Nov 06 23:49:33 +0000 2016"}
{"polarity": 0.7000000000000001, "location": "San Diego, CA", "sentiment": "positive", "time": "Sun Nov 06 23:49:33 +0000 2016"}
{"polarity": -0.40625, "location": "San Diego, CA", "sentiment": "negative", "time": "Sun Nov 06 23:49:49 +0000 2016"}
{"polarity": 0.25, "location": "Atlanta, GA", "sentiment": "positive", "time": "Sun Nov 06 23:49:50 +0000 2016"}
{"polarity": 0.5, "location": "Seattle, WA", "sentiment": "positive", "time": "Sun Nov 06 23:49:55 +0000 2016"}
{"polarity": 0.0, "location": "San Diego, CA", "sentiment": "neutral", "time": "Sun Nov 06 23:49:56 +0000 2016"}
{"polarity": 0.8, "location": "Portland, OR", "sentiment": "positive", "time": "Sun Nov 06 23:49:57 +0000 2016"}
{"polarity": 0.0, "location": "Boston, MA", "sentiment": "neutral", "time": "Sun Nov 06 23:45:00 +0000 2016"}
{"polarity": 0.8, "location": "New York, NY", "sentiment": "positive", "time": "Sun Nov 06 23:45:17 +0000 2016"}
{"polarity": 0.3, "location": "New York, NY", "sentiment": "positive", "time": "Sun Nov 06 23:45:17 +0000 2016"}
{"polarity": 0.0, "location": "New York, NY", "sentiment": "neutral", "time": "Sun Nov 06 23:45:30 +0000 2016"}
{"polarity": 0.0, "location": "New York, NY", "sentiment": "neutral", "time": "Sun Nov 06 23:45:30 +0000 2016"}
{"polarity": 0.0, "location": "Seattle, WA", "sentiment": "neutral", "time": "Sun Nov 06 23:45:34 +0000 2016"}
{"polarity": 0.0, "location": "New York, NY", "sentiment": "neutral", "time": "Sun Nov 06 23:45:38 +0000 2016"}
{"polarity": 0.0, "location": "New York, NY", "sentiment": "neutral", "time": "Sun Nov 06 23:45:42 +0000 2016"}
{"polarity": 0.0, "location": "Boston, MA", "sentiment": "neutral", "time": "Sun Nov 06 23:45:47 +0000 2016"}
{"polarity": -0.6, "location": "Seattle, WA", "sentiment": "negative", "time": "Sun Nov 06 23:45:48 +0000 2016"}
{"polarity": 0.0, "location": "New York, NY", "sentiment": "neutral", "time": "Sun Nov 06 23:45:52 +0000 2016"}
{"polarity": -0.2, "location": "Seattle, WA", "sentiment": "negative", "time": "Sun Nov 06 23:45:53 +0000 2016"}
{"polarity": -0.05416666666666667, "location": "San Diego, CA", "sentiment": "negative", "time": "Sun Nov 06 23:45:57 +0000 2016"}
{"polarity": 0.75, "location": "Seattle, WA", "sentiment": "positive", "time": "Sun Nov 06 23:06:04 +0000 2016"}
{"polarity": 0.40625, "location": "Atlanta, GA", "sentiment": "positive", "time": "Sun Nov 06 23:06:05 +0000 2016"}
{"polarity": 0.20000000000000004, "location": "Boston, MA", "sentiment": "positive", "time": "Sun Nov 06 23:06:11 +0000 2016"}
{"polarity": 0.13636363636363635, "location": "New York, NY", "sentiment": "positive", "time": "Sun Nov 06 23:06:25 +0000 2016"}
{"polarity": -0.3, "location": "Atlanta, GA", "sentiment": "negative", "time": "Sun Nov 06 23:06:32 +0000 2016"}
{"polarity": 0.85, "location": "Atlanta, GA", "sentiment": "positive", "time": "Sun Nov 06 23:06:33 +0000 2016"}
{"polarity": 0.0, "location": "New York, NY", "sentiment": "neutral", "time": "Sun Nov 06 23:06:34 +0000 2016"}
{"polarity": 0.0, "location": "Orlando, FL", "sentiment": "neutral", "time": "Sun Nov 06 23:06:39 +0000 2016"}
{"polarity": 0.0, "location": "New York, NY", "sentiment": "neutral", "time": "Sun Nov 06 23:06:40 +0000 2016"}
{"polarity": -0.25, "location": "Orlando, FL", "sentiment": "negative", "time": "Sun Nov 06 23:06:57 +0000 2016"}
{"polarity": 0.7, "location": "Atlanta, GA", "sentiment": "positive", "time": "Sun Nov 06 23:06:58 +0000 2016"}
{"polarity": 0.0, "location": "Atlanta, GA", "sentiment": "neutral", "time": "Sun Nov 06 23:06:58 +0000 2016"}
{"polarity": 0.0, "location": "Portland, OR", "sentiment": "neutral", "time": "Sun Nov 06 23:06:59 +0000 2016"}
{"polarity": 0.0, "location": "Portland, OR", "sentiment": "neutral", "time": "Sun Nov 06 23:20:01 +0000 2016"}
{"polarity": 0.5, "location": "Kansas City, KS", "sentiment": "positive", "time": "Sun Nov 06 23:20:01 +0000 2016"}
{"polarity": 0.25, "location": "Orlando, FL", "sentiment": "positive", "time": "Sun Nov 06 23:20:02 +0000 2016"}
{"polarity": -0.012500000000000011, "location": "Portland, OR", "sentiment": "negative", "time": "Sun Nov 06 23:20:03 +0000 2016"}
{"polarity": 0.0, "location": "New York, NY", "sentiment": "neutral", "time": "Sun Nov 06 23:20:05 +0000 2016"}
{"polarity": 0.19999999999999998, "location": "Seattle, WA", "sentiment": "positive", "time": "Sun Nov 06 23:20:06 +0000 2016"}
{"polarity": 0.0, "location": "New York, NY", "sentiment": "neutral", "time": "Sun Nov 06 23:20:06 +0000 2016"}
{"polarity": -0.19166666666666665, "location": "San Diego, CA", "sentiment": "negative", "time": "Sun Nov 06 23:20:09 +0000 2016"}
{"polarity": 0.0, "location": "New York, NY", "sentiment": "neutral", "time": "Sun Nov 06 23:20:10 +0000 2016"}
{"polarity": 0.0, "location": "Seattle, WA", "sentiment": "neutral", "time": "Sun Nov 06 23:20:14 +0000 2016"}
{"polarity": 0.25, "location": "New York, NY", "sentiment": "positive", "time": "Sun Nov 06 23:20:19 +0000 2016"}
{"polarity": 0.16666666666666669, "location": "Atlanta, GA", "sentiment": "positive", "time": "Sun Nov 06 23:20:20 +0000 2016"}
{"polarity": 0.0, "location": "New York, NY", "sentiment": "neutral", "time": "Sun Nov 06 23:20:25 +0000 2016"}
{"polarity": 0.0, "location": "New York, NY", "sentiment": "neutral", "time": "Sun Nov 06 23:20:30 +0000 2016"}
{"polarity": 0.6, "location": "San Diego, CA", "sentiment": "positive", "time": "Sun Nov 06 23:20:35 +0000 2016"}
{"polarity": 0.0, "location": "Boston, MA", "sentiment": "neutral", "time": "Sun Nov 06 23:20:45 +0000 2016"}
{"polarity": 0.0, "location": "Boston, MA", "sentiment": "neutral", "time": "Sun Nov 06 23:20:59 +0000 2016"}
{"polarity": 0.0, "location": "New York, NY", "sentiment": "neutral", "time": "Sun Nov 06 23:13:00 +0000 2016"}
{"polarity": -0.25, "location": "Orlando, FL", "sentiment": "negative", "time": "Sun Nov 06 23:13:02 +0000 2016"}
{"polarity": 0.2, "location": "New York, NY", "sentiment": "positive", "time": "Sun Nov 06 23:13:09 +0000 2016"}
{"polarity": 0.0, "location": "Portland, OR", "sentiment": "neutral", "time": "Sun Nov 06 23:13:12 +0000 2016"}
{"polarity": 0.3, "location": "Atlanta, GA", "sentiment": "positive", "time": "Sun Nov 06 23:13:15 +0000 2016"}
{"polarity": 0.0, "location": "Atlanta, GA", "sentiment": "neutral", "time": "Sun Nov 06 23:13:19 +0000 2016"}
{"polarity": 0.0, "location": "New York, NY", "sentiment": "neutral", "time": "Sun Nov 06 23:13:21 +0000 2016"}
{"polarity": 0.0, "location": "Seattle, WA", "sentiment": "neutral", "time": "Sun Nov 06 23:13:22 +0000 2016"}
{"polarity": 0.0, "location": "New York, NY", "sentiment": "neutral", "time": "Sun Nov 06 23:13:28 +0000 2016"}
{"polarity": 0.2857142857142857, "location": "New York, NY", "sentiment": "positive", "time": "Sun Nov 06 23:13:33 +0000 2016"}
{"polarity": 0.0, "location": "Atlanta, GA", "sentiment": "neutral", "time": "Sun Nov 06 23:13:33 +0000 2016"}
{"polarity": 0.5, "location": "Portland, OR", "sentiment": "positive", "time": "Sun Nov 06 23:13:34 +0000 2016"}
{"polarity": 0.0, "location": "Orlando, FL", "sentiment": "neutral", "time": "Sun Nov 06 23:13:35 +0000 2016"}
{"polarity": 0.0, "location": "New York, NY", "sentiment": "neutral", "time": "Sun Nov 06 23:13:35 +0000 2016"}
{"polarity": 0.03333333333333333, "location": "Atlanta, GA", "sentiment": "positive", "time": "Sun Nov 06 23:13:39 +0000 2016"}
{"polarity": 0.0, "location": "Atlanta, GA", "sentiment": "neutral", "time": "Sun Nov 06 23:13:42 +0000 2016"}
{"polarity": 0.0, "location": "Seattle, WA", "sentiment": "neutral", "time": "Sun Nov 06 23:13:42 +0000 2016"}
{"polarity": 0.43333333333333335, "location": "Phoenix, AZ", "sentiment": "positive", "time": "Sun Nov 06 23:13:42 +0000 2016"}
{"polarity": 0.7, "location": "San Diego, CA", "sentiment": "positive", "time": "Sun Nov 06 23:13:50 +0000 2016"}
{"polarity": 0.0, "location": "San Diego, CA", "sentiment": "neutral", "time": "Sun Nov 06 23:13:57 +0000 2016"}
{"polarity": 1.0, "location": "San Diego, CA", "sentiment": "positive", "time": "Sun Nov 06 23:13:58 +0000 2016"}
{"polarity": 0.475, "location": "Boston, MA", "sentiment": "positive", "time": "Sun Nov 06 23:13:59 +0000 2016"}
{"polarity": 0.4, "location": "New York, NY", "sentiment": "positive", "time": "Sun Nov 06 23:04:00 +0000 2016"}
{"polarity": 0.8, "location": "San Diego, CA", "sentiment": "positive", "time": "Sun Nov 06 23:04:03 +0000 2016"}
{"polarity": -0.35, "location": "Portland, OR", "sentiment": "negative", "time": "Sun Nov 06 23:04:14 +0000 2016"}
{"polarity": 0.2833333333333333, "location": "Boston, MA", "sentiment": "positive", "time": "Sun Nov 06 23:04:17 +0000 2016"}
{"polarity": -0.4, "location": "Atlanta, GA", "sentiment": "negative", "time": "Sun Nov 06 23:04:18 +0000 2016"}
{"polarity": 0.0, "location": "New York, NY", "sentiment": "neutral", "time": "Sun Nov 06 23:04:19 +0000 2016"}
{"polarity": 0.0, "location": "Phoenix, AZ", "sentiment": "neutral", "time": "Sun Nov 06 23:04:19 +0000 2016"}
{"polarity": -0.0625, "location": "Boston, MA", "sentiment": "negative", "time": "Sun Nov 06 23:04:32 +0000 2016"}
{"polarity": 0.0, "location": "New York, NY", "sentiment": "neutral", "time": "Sun Nov 06 23:04:32 +0000 2016"}
{"polarity": 0.0, "location": "Phoenix, AZ", "sentiment": "neutral", "time": "Sun Nov 06 23:04:34 +0000 2016"}
{"polarity": 0.10000000000000002, "location": "Seattle, WA", "sentiment": "positive", "time": "Sun Nov 06 23:04:50 +0000 2016"}
{"polarity": 0.0, "location": "Atlanta, GA", "sentiment": "neutral", "time": "Sun Nov 06 23:04:52 +0000 2016"}
{"polarity": -0.16666666666666666, "location": "New York, NY", "sentiment": "negative", "time": "Mon Nov 21 13:39:07 +0000 2016"}
{"polarity": 0.05, "location": "Orlando, FL", "sentiment": "positive", "time": "Mon Nov 21 13:39:24 +0000 2016"}
{"polarity": 0.0, "location": "New York, NY", "sentiment": "neutral", "time": "Mon Nov 21 13:39:35 +0000 2016"}
{"polarity": 0.1, "location": "Atlanta, GA", "sentiment": "positive", "time": "Mon Nov 21 13:39:56 +0000 2016"}
{"polarity": 0.0, "location": "St. Louis, MO", "sentiment": "neutral", "time": "Mon Nov 21 13:39:59 +0000 2016"}
{"polarity": -0.6, "location": "New York, NY", "sentiment": "negative", "time": "Mon Nov 21 13:39:59 +0000 2016"}
{"polarity": 0.041666666666666664, "location": "Boston, MA", "sentiment": "positive", "time": "Mon Nov 21 13:59:07 +0000 2016"}
{"polarity": 0.0, "location": "Portland, OR", "sentiment": "neutral", "time": "Mon Nov 21 13:59:08 +0000 2016"}
{"polarity": 0.0, "location": "San Diego, CA", "sentiment": "neutral", "time": "Mon Nov 21 13:59:17 +0000 2016"}
{"polarity": 1.0, "location": "Atlanta, GA", "sentiment": "positive", "time": "Mon Nov 21 13:59:20 +0000 2016"}
{"polarity": 0.5, "location": "Orlando, FL", "sentiment": "positive", "time": "Mon Nov 21 13:59:27 +0000 2016"}
{"polarity": 0.0, "location": "Atlanta, GA", "sentiment": "neutral", "time": "Mon Nov 21 13:59:38 +0000 2016"}
{"polarity": 0.0, "location": "Boston, MA", "sentiment": "neutral", "time": "Mon Nov 21 13:59:55 +0000 2016"}
{"polarity": 0.0, "location": "Seattle, WA", "sentiment": "neutral", "time": "Mon Nov 21 13:19:00 +0000 2016"}
{"polarity": 0.36818181818181817, "location": "Phoenix, AZ", "sentiment": "positive", "time": "Mon Nov 21 13:19:02 +0000 2016"}
{"polarity": 1.0, "location": "Phoenix, AZ", "sentiment": "positive", "time": "Mon Nov 21 13:19:03 +0000 2016"}
{"polarity": -0.5, "location": "Boston, MA", "sentiment": "negative", "time": "Mon Nov 21 13:19:06 +0000 2016"}
{"polarity": 0.0, "location": "Seattle, WA", "sentiment": "neutral", "time": "Mon Nov 21 13:19:25 +0000 2016"}
{"polarity": 0.4, "location": "Phoenix, AZ", "sentiment": "positive", "time": "Mon Nov 21 13:19:31 +0000 2016"}
{"polarity": 0.0, "location": "Orlando, FL", "sentiment": "neutral", "time": "Mon Nov 21 13:37:05 +0000 2016"}
{"polarity": 0.0, "location": "Orlando, FL", "sentiment": "neutral", "time": "Mon Nov 21 13:37:08 +0000 2016"}
{"polarity": 0.9, "location": "New York, NY", "sentiment": "positive", "time": "Mon Nov 21 13:37:10 +0000 2016"}
{"polarity": -0.2, "location": "St. Louis, MO", "sentiment": "negative", "time": "Mon Nov 21 13:37:12 +0000 2016"}
{"polarity": 0.0, "location": "Phoenix, AZ", "sentiment": "neutral", "time": "Mon Nov 21 13:37:25 +0000 2016"}
{"polarity": 0.0, "location": "San Diego, CA", "sentiment": "neutral", "time": "Mon Nov 21 13:37:26 +0000 2016"}
{"polarity": 0.0, "location": "Boston, MA", "sentiment": "neutral", "time": "Mon Nov 21 13:37:33 +0000 2016"}
{"polarity": -0.5, "location": "Atlanta, GA", "sentiment": "negative", "time": "Mon Nov 21 13:31:06 +0000 2016"}
{"polarity": 0.0, "location": "Seattle, WA", "sentiment": "neutral", "time": "Mon Nov 21 13:31:20 +0000 2016"}
{"polarity": 0.04545454545454545, "location": "Orlando, FL", "sentiment": "positive", "time": "Mon Nov 21 13:31:23 +0000 2016"}
{"polarity": 1.0, "location": "New York, NY", "sentiment": "positive", "time": "Mon Nov 21 13:31:35 +0000 2016"}
{"polarity": -0.2, "location": "Seattle, WA", "sentiment": "negative", "time": "Mon Nov 21 13:31:35 +0000 2016"}
{"polarity": -0.8, "location": "Atlanta, GA", "sentiment": "negative", "time": "Mon Nov 21 13:31:42 +0000 2016"}
{"polarity": 0.27499999999999997, "location": "New York, NY", "sentiment": "positive", "time": "Mon Nov 21 13:31:43 +0000 2016"}
{"polarity": 0.0, "location": "Atlanta, GA", "sentiment": "neutral", "time": "Mon Nov 21 13:31:45 +0000 2016"}
{"polarity": 0.0, "location": "New York, NY", "sentiment": "neutral", "time": "Mon Nov 21 13:41:00 +0000 2016"}
{"polarity": 0.0, "location": "Boston, MA", "sentiment": "neutral", "time": "Mon Nov 21 13:41:08 +0000 2016"}
{"polarity": 0.0, "location": "Atlanta, GA", "sentiment": "neutral", "time": "Mon Nov 21 13:41:09 +0000 2016"}
{"polarity": 0.0, "location": "Orlando, FL", "sentiment": "neutral", "time": "Mon Nov 21 13:41:10 +0000 2016"}
{"polarity": 0.5, "location": "New York, NY", "sentiment": "positive", "time": "Mon Nov 21 13:41:27 +0000 2016"}
{"polarity": 0.43333333333333335, "location": "Boston, MA", "sentiment": "positive", "time": "Mon Nov 21 13:41:44 +0000 2016"}
{"polarity": 0.45999999999999996, "location": "Orlando, FL", "sentiment": "positive", "time": "Mon Nov 21 13:41:59 +0000 2016"}
{"polarity": 0.0, "location": "Boston, MA", "sentiment": "neutral", "time": "Mon Nov 21 13:27:22 +0000 2016"}
{"polarity": 0.0, "location": "Boston, MA", "sentiment": "neutral", "time": "Mon Nov 21 13:27:27 +0000 2016"}
{"polarity": 0.0, "location": "St. Louis, MO", "sentiment": "neutral", "time": "Mon Nov 21 13:27:34 +0000 2016"}
{"polarity": 0.0, "location": "New York, NY", "sentiment": "neutral", "time": "Mon Nov 21 13:27:45 +0000 2016"}
{"polarity": 0.5, "location": "Boston, MA", "sentiment": "positive", "time": "Mon Nov 21 13:27:59 +0000 2016"}
{"polarity": 0.0, "location": "New York, NY", "sentiment": "neutral", "time": "Mon Nov 21 13:57:08 +0000 2016"}
{"polarity": 0.0, "location": "Atlanta, GA", "sentiment": "neutral", "time": "Mon Nov 21 13:57:12 +0000 2016"}
{"polarity": 0.15000000000000002, "location": "New York, NY", "sentiment": "positive", "time": "Mon Nov 21 13:57:13 +0000 2016"}
{"polarity": -0.6999999999999998, "location": "New York, NY", "sentiment": "negative", "time": "Mon Nov 21 13:57:09 +0000 2016"}
{"polarity": 0.0, "location": "New York, NY", "sentiment": "neutral", "time": "Mon Nov 21 13:57:12 +0000 2016"}
{"polarity": 0.0, "location": "Atlanta, GA", "sentiment": "neutral", "time": "Mon Nov 21 13:57:47 +0000 2016"}
{"polarity": 0.0, "location": "New York, NY", "sentiment": "neutral", "time": "Mon Nov 21 13:57:47 +0000 2016"}
{"polarity": 0.3, "location": "New York, NY", "sentiment": "positive", "time": "Mon Nov 21 13:57:51 +0000 2016"}
{"polarity": 0.0, "location": "Seattle, WA", "sentiment": "neutral", "time": "Mon Nov 21 13:57:49 +0000 2016"}
{"polarity": 1.0, "location": "Atlanta, GA", "sentiment": "positive", "time": "Mon Nov 21 13:26:50 +0000 2016"}
