{"polarity": 0.5, "location": "Boston, MA", "sentiment": "positive", "time": "Tue Nov 22 04:09:02 +0000 2016"}
{"polarity": 0.13060606060606061, "location": "Atlanta, GA", "sentiment": "positive", "time": "Tue Nov 22 04:09:01 +0000 2016"}
{"polarity": 0.0, "location": "New York, NY", "sentiment": "neutral", "time": "Tue Nov 22 04:09:03 +0000 2016"}
{"polarity": 0.32222222222222224, "location": "New York, NY", "sentiment": "positive", "time": "Tue Nov 22 04:09:05 +0000 2016"}
{"polarity": 0.0, "location": "San Diego, CA", "sentiment": "neutral", "time": "Tue Nov 22 04:09:12 +0000 2016"}
{"polarity": 0.0, "location": "Phoenix, AZ", "sentiment": "neutral", "time": "Tue Nov 22 04:09:16 +0000 2016"}
{"polarity": -0.28125, "location": "New York, NY", "sentiment": "negative", "time": "Tue Nov 22 04:09:20 +0000 2016"}
{"polarity": 0.0, "location": "Boston, MA", "sentiment": "neutral", "time": "Tue Nov 22 04:09:21 +0000 2016"}
{"polarity": 0.3, "location": "Atlanta, GA", "sentiment": "positive", "time": "Tue Nov 22 04:09:21 +0000 2016"}
{"polarity": 0.34015151515151515, "location": "San Diego, CA", "sentiment": "positive", "time": "Tue Nov 22 04:09:21 +0000 2016"}
{"polarity": -0.05, "location": "Atlanta, GA", "sentiment": "negative", "time": "Tue Nov 22 04:09:27 +0000 2016"}
{"polarity": 0.0, "location": "Phoenix, AZ", "sentiment": "neutral", "time": "Tue Nov 22 04:09:32 +0000 2016"}
{"polarity": 0.25, "location": "New York, NY", "sentiment": "positive", "time": "Tue Nov 22 04:09:35 +0000 2016"}
{"polarity": 0.0, "location": "Orlando, FL", "sentiment": "neutral", "time": "Tue Nov 22 04:09:37 +0000 2016"}
{"polarity": 0.0, "location": "Orlando, FL", "sentiment": "neutral", "time": "Tue Nov 22 04:09:38 +0000 2016"}
{"polarity": 0.0, "location": "Orlando, FL", "sentiment": "neutral", "time": "Tue Nov 22 04:09:58 +0000 2016"}
{"polarity": -0.2, "location": "Atlanta, GA", "sentiment": "negative", "time": "Tue Nov 22 04:33:00 +0000 2016"}
{"polarity": 1.0, "location": "Portland, OR", "sentiment": "positive", "time": "Tue Nov 22 04:33:00 +0000 2016"}
{"polarity": 0.0, "location": "New York, NY", "sentiment": "neutral", "time": "Tue Nov 22 04:33:09 +0000 2016"}
{"polarity": 0.4000000000000001, "location": "New York, NY", "sentiment": "positive", "time": "Tue Nov 22 04:33:13 +0000 2016"}
{"polarity": 0.6, "location": "San Diego, CA", "sentiment": "positive", "time": "Tue Nov 22 04:33:14 +0000 2016"}
{"polarity": 0.0, "location": "Boston, MA", "sentiment": "neutral", "time": "Tue Nov 22 04:33:24 +0000 2016"}
{"polarity": 0.16, "location": "Atlanta, GA", "sentiment": "positive", "time": "Tue Nov 22 04:33:37 +0000 2016"}
{"polarity": 0.0, "location": "Seattle, WA", "sentiment": "neutral", "time": "Tue Nov 22 04:33:44 +0000 2016"}
{"polarity": 0.2, "location": "Atlanta, GA", "sentiment": "positive", "time": "Tue Nov 22 04:33:50 +0000 2016"}
{"polarity": 0.344140625, "location": "Atlanta, GA", "sentiment": "positive", "time": "Tue Nov 22 04:44:09 +0000 2016"}
{"polarity": 0.7000000000000001, "location": "St. Louis, MO", "sentiment": "positive", "time": "Tue Nov 22 04:44:12 +0000 2016"}
{"polarity": 0.0, "location": "Boston, MA", "sentiment": "neutral", "time": "Tue Nov 22 04:28:00 +0000 2016"}
{"polarity": -0.04583333333333334, "location": "Atlanta, GA", "sentiment": "negative", "time": "Tue Nov 22 04:28:01 +0000 2016"}
{"polarity": 0.0, "location": "Boston, MA", "sentiment": "neutral", "time": "Tue Nov 22 04:28:01 +0000 2016"}
{"polarity": 0.0, "location": "New York, NY", "sentiment": "neutral", "time": "Tue Nov 22 04:28:32 +0000 2016"}
{"polarity": 0.0, "location": "New York, NY", "sentiment": "neutral", "time": "Tue Nov 22 04:28:36 +0000 2016"}
{"polarity": 0.0, "location": "New York, NY", "sentiment": "neutral", "time": "Tue Nov 22 04:28:40 +0000 2016"}
{"polarity": 0.0, "location": "New York, NY", "sentiment": "neutral", "time": "Tue Nov 22 04:28:42 +0000 2016"}
{"polarity": 0.0, "location": "Seattle, WA", "sentiment": "neutral", "time": "Tue Nov 22 04:28:44 +0000 2016"}
{"polarity": 0.0, "location": "San Diego, CA", "sentiment": "neutral", "time": "Tue Nov 22 04:28:54 +0000 2016"}
{"polarity": 0.85, "location": "Atlanta, GA", "sentiment": "positive", "time": "Tue Nov 22 04:22:05 +0000 2016"}
{"polarity": 0.0, "location": "Atlanta, GA", "sentiment": "neutral", "time": "Tue Nov 22 04:22:08 +0000 2016"}
{"polarity": 0.0, "location": "Portland, OR", "sentiment": "neutral", "time": "Tue Nov 22 04:22:13 +0000 2016"}
{"polarity": 0.0, "location": "Boston, MA", "sentiment": "neutral", "time": "Tue Nov 22 04:22:25 +0000 2016"}
{"polarity": -0.1875, "location": "New York, NY", "sentiment": "negative", "time": "Tue Nov 22 04:22:26 +0000 2016"}
{"polarity": 0.0, "location": "San Diego, CA", "sentiment": "neutral", "time": "Tue Nov 22 04:22:26 +0000 2016"}
{"polarity": -0.15, "location": "Portland, OR", "sentiment": "negative", "time": "Tue Nov 22 04:22:19 +0000 2016"}
{"polarity": -0.033333333333333354, "location": "Kansas City, KS", "sentiment": "negative", "time": "Tue Nov 22 04:22:39 +0000 2016"}
{"polarity": 0.0, "location": "Boston, MA", "sentiment": "neutral", "time": "Tue Nov 22 04:22:44 +0000 2016"}
{"polarity": 0.0, "location": "Boston, MA", "sentiment": "neutral", "time": "Tue Nov 22 04:22:50 +0000 2016"}
{"polarity": 0.0, "location": "San Diego, CA", "sentiment": "neutral", "time": "Tue Nov 22 04:22:29 +0000 2016"}
{"polarity": 0.2, "location": "New York, NY", "sentiment": "positive", "time": "Tue Nov 22 04:22:58 +0000 2016"}
{"polarity": 1.0, "location": "New York, NY", "sentiment": "positive", "time": "Tue Nov 22 04:49:03 +0000 2016"}
{"polarity": 0.0, "location": "New York, NY", "sentiment": "neutral", "time": "Tue Nov 22 04:49:10 +0000 2016"}
{"polarity": 0.0, "location": "San Diego, CA", "sentiment": "neutral", "time": "Tue Nov 22 04:49:16 +0000 2016"}
{"polarity": 0.0, "location": "Phoenix, AZ", "sentiment": "neutral", "time": "Tue Nov 22 04:49:22 +0000 2016"}
{"polarity": -0.02999999999999998, "location": "Atlanta, GA", "sentiment": "negative", "time": "Tue Nov 22 04:49:26 +0000 2016"}
{"polarity": 0.0, "location": "San Diego, CA", "sentiment": "neutral", "time": "Tue Nov 22 04:49:27 +0000 2016"}
{"polarity": -0.07142857142857142, "location": "Atlanta, GA", "sentiment": "negative", "time": "Tue Nov 22 04:49:46 +0000 2016"}
{"polarity": 0.0, "location": "Portland, OR", "sentiment": "neutral", "time": "Tue Nov 22 04:49:47 +0000 2016"}
{"polarity": -0.4, "location": "Atlanta, GA", "sentiment": "negative", "time": "Tue Nov 22 04:45:05 +0000 2016"}
{"polarity": 0.125, "location": "Seattle, WA", "sentiment": "positive", "time": "Tue Nov 22 04:45:11 +0000 2016"}
{"polarity": 0.0, "location": "Seattle, WA", "sentiment": "neutral", "time": "Tue Nov 22 04:45:23 +0000 2016"}
{"polarity": 0.0, "location": "Portland, OR", "sentiment": "neutral", "time": "Tue Nov 22 04:45:26 +0000 2016"}
{"polarity": 0.8, "location": "Atlanta, GA", "sentiment": "positive", "time": "Tue Nov 22 04:45:27 +0000 2016"}
{"polarity": 0.0, "location": "Boston, MA", "sentiment": "neutral", "time": "Tue Nov 22 04:45:57 +0000 2016"}
{"polarity": 0.0, "location": "Atlanta, GA", "sentiment": "neutral", "time": "Tue Nov 22 04:06:02 +0000 2016"}
{"polarity": 0.65, "location": "Orlando, FL", "sentiment": "positive", "time": "Tue Nov 22 04:06:12 +0000 2016"}
{"polarity": -0.6, "location": "Portland, OR", "sentiment": "negative", "time": "Tue Nov 22 04:06:14 +0000 2016"}
{"polarity": 0.0, "location": "Seattle, WA", "sentiment": "neutral", "time": "Tue Nov 22 04:06:17 +0000 2016"}
{"polarity": 0.0, "location": "Orlando, FL", "sentiment": "neutral", "time": "Tue Nov 22 04:06:25 +0000 2016"}
{"polarity": 0.0, "location": "Portland, OR", "sentiment": "neutral", "time": "Tue Nov 22 04:06:29 +0000 2016"}
{"polarity": 0.0, "location": "Boston, MA", "sentiment": "neutral", "time": "Tue Nov 22 04:06:35 +0000 2016"}
{"polarity": 0.0, "location": "New York, NY", "sentiment": "neutral", "time": "Tue Nov 22 04:06:35 +0000 2016"}
{"polarity": 0.0, "location": "St. Louis, MO", "sentiment": "neutral", "time": "Tue Nov 22 04:06:39 +0000 2016"}
{"polarity": 0.0, "location": "Boston, MA", "sentiment": "neutral", "time": "Tue Nov 22 04:06:45 +0000 2016"}
{"polarity": 0.0, "location": "Portland, OR", "sentiment": "neutral", "time": "Tue Nov 22 04:06:55 +0000 2016"}
{"polarity": 0.0, "location": "New York, NY", "sentiment": "neutral", "time": "Tue Nov 22 04:06:58 +0000 2016"}
{"polarity": 0.55, "location": "New York, NY", "sentiment": "positive", "time": "Tue Nov 22 04:06:58 +0000 2016"}
{"polarity": 0.0, "location": "Orlando, FL", "sentiment": "neutral", "time": "Tue Nov 22 04:20:01 +0000 2016"}
{"polarity": 0.0, "location": "Phoenix, AZ", "sentiment": "neutral", "time": "Tue Nov 22 04:20:04 +0000 2016"}
{"polarity": -0.1, "location": "Portland, OR", "sentiment": "negative", "time": "Tue Nov 22 04:20:07 +0000 2016"}
{"polarity": 0.0, "location": "Boston, MA", "sentiment": "neutral", "time": "Tue Nov 22 04:20:10 +0000 2016"}
{"polarity": 0.0, "location": "Boston, MA", "sentiment": "neutral", "time": "Tue Nov 22 04:20:22 +0000 2016"}
{"polarity": 0.0, "location": "New York, NY", "sentiment": "neutral", "time": "Tue Nov 22 04:20:37 +0000 2016"}
{"polarity": 0.2, "location": "New York, NY", "sentiment": "positive", "time": "Tue Nov 22 04:20:47 +0000 2016"}
{"polarity": 0.0, "location": "Atlanta, GA", "sentiment": "neutral", "time": "Tue Nov 22 04:20:50 +0000 2016"}
{"polarity": 0.0, "location": "Phoenix, AZ", "sentiment": "neutral", "time": "Tue Nov 22 04:20:55 +0000 2016"}
{"polarity": 0.0, "location": "Seattle, WA", "sentiment": "neutral", "time": "Tue Nov 22 04:13:00 +0000 2016"}
{"polarity": 0.0, "location": "San Diego, CA", "sentiment": "neutral", "time": "Tue Nov 22 04:13:08 +0000 2016"}
{"polarity": 0.1, "location": "Boston, MA", "sentiment": "positive", "time": "Tue Nov 22 04:13:13 +0000 2016"}
{"polarity": 0.0, "location": "San Diego, CA", "sentiment": "neutral", "time": "Tue Nov 22 04:13:23 +0000 2016"}
{"polarity": 0.39583333333333337, "location": "New York, NY", "sentiment": "positive", "time": "Tue Nov 22 04:13:40 +0000 2016"}
{"polarity": 0.25, "location": "Atlanta, GA", "sentiment": "positive", "time": "Tue Nov 22 04:13:50 +0000 2016"}
{"polarity": 0.12878787878787878, "location": "Portland, OR", "sentiment": "positive", "time": "Tue Nov 22 04:13:50 +0000 2016"}
{"polarity": 0.0, "location": "San Diego, CA", "sentiment": "neutral", "time": "Tue Nov 22 04:13:52 +0000 2016"}
{"polarity": 0.17045454545454544, "location": "Atlanta, GA", "sentiment": "positive", "time": "Tue Nov 22 04:13:59 +0000 2016"}
{"polarity": 1.0, "location": "New York, NY", "sentiment": "positive", "time": "Tue Nov 22 04:04:00 +0000 2016"}
{"polarity": -0.5, "location": "New York, NY", "sentiment": "negative", "time": "Tue Nov 22 04:04:01 +0000 2016"}
{"polarity": 0.0, "location": "New York, NY", "sentiment": "neutral", "time": "Tue Nov 22 04:04:08 +0000 2016"}
{"polarity": 0.0, "location": "Atlanta, GA", "sentiment": "neutral", "time": "Tue Nov 22 04:04:12 +0000 2016"}
{"polarity": 0.0, "location": "Atlanta, GA", "sentiment": "neutral", "time": "Tue Nov 22 04:04:23 +0000 2016"}
{"polarity": 0.19999999999999998, "location": "Boston, MA", "sentiment": "positive", "time": "Tue Nov 22 04:04:29 +0000 2016"}
{"polarity": 0.4, "location": "St. Louis, MO", "sentiment": "positive", "time": "Tue Nov 22 04:04:33 +0000 2016"}
{"polarity": 0.0, "location": "San Diego, CA", "sentiment": "neutral", "time": "Tue Nov 22 04:04:34 +0000 2016"}
{"polarity": 0.35714285714285715, "location": "Boston, MA", "sentiment": "positive", "time": "Tue Nov 22 04:04:34 +0000 2016"}
{"polarity": 0.0, "location": "New York, NY", "sentiment": "neutral", "time": "Tue Nov 22 04:04:39 +0000 2016"}
{"polarity": 0.0, "location": "Phoenix, AZ", "sentiment": "neutral", "time": "Tue Nov 22 04:04:39 +0000 2016"}
{"polarity": 0.1, "location": "Orlando, FL", "sentiment": "positive", "time": "Tue Nov 22 04:04:55 +0000 2016"}
{"polarity": 0.25, "location": "New York, NY", "sentiment": "positive", "time": "Tue Nov 22 04:04:56 +0000 2016"}
{"polarity": 0.0, "location": "Portland, OR", "sentiment": "neutral", "time": "Tue Nov 22 06:39:05 +0000 2016"}
{"polarity": 0.2, "location": "New York, NY", "sentiment": "positive", "time": "Tue Nov 22 06:39:10 +0000 2016"}
{"polarity": 0.10000000000000002, "location": "New York, NY", "sentiment": "positive", "time": "Tue Nov 22 06:39:16 +0000 2016"}
{"polarity": 0.0, "location": "Orlando, FL", "sentiment": "neutral", "time": "Tue Nov 22 06:39:19 +0000 2016"}
{"polarity": 0.0, "location": "Phoenix, AZ", "sentiment": "neutral", "time": "Tue Nov 22 06:39:39 +0000 2016"}
{"polarity": 0.5, "location": "Portland, OR", "sentiment": "positive", "time": "Tue Nov 22 06:39:46 +0000 2016"}
{"polarity": 0.1, "location": "Seattle, WA", "sentiment": "positive", "time": "Tue Nov 22 06:39:59 +0000 2016"}
{"polarity": 0.0, "location": "Seattle, WA", "sentiment": "neutral", "time": "Tue Nov 22 06:59:04 +0000 2016"}
{"polarity": 0.0, "location": "Seattle, WA", "sentiment": "neutral", "time": "Tue Nov 22 06:59:13 +0000 2016"}
{"polarity": 0.0, "location": "San Diego, CA", "sentiment": "neutral", "time": "Tue Nov 22 06:59:23 +0000 2016"}
{"polarity": 0.0, "location": "Atlanta, GA", "sentiment": "neutral", "time": "Tue Nov 22 06:59:31 +0000 2016"}
{"polarity": -0.4, "location": "Seattle, WA", "sentiment": "negative", "time": "Tue Nov 22 06:59:50 +0000 2016"}
{"polarity": 0.0, "location": "Atlanta, GA", "sentiment": "neutral", "time": "Tue Nov 22 06:59:51 +0000 2016"}
{"polarity": 0.0, "location": "San Diego, CA", "sentiment": "neutral", "time": "Tue Nov 22 06:59:53 +0000 2016"}
{"polarity": 0.0, "location": "New York, NY", "sentiment": "neutral", "time": "Tue Nov 22 06:59:54 +0000 2016"}
{"polarity": 0.1, "location": "San Diego, CA", "sentiment": "positive", "time": "Tue Nov 22 06:19:19 +0000 2016"}
{"polarity": 0.0, "location": "San Diego, CA", "sentiment": "neutral", "time": "Tue Nov 22 06:19:20 +0000 2016"}
{"polarity": 0.25, "location": "San Diego, CA", "sentiment": "positive", "time": "Tue Nov 22 06:19:37 +0000 2016"}
{"polarity": 0.0, "location": "Atlanta, GA", "sentiment": "neutral", "time": "Tue Nov 22 06:19:41 +0000 2016"}
{"polarity": -0.05, "location": "San Diego, CA", "sentiment": "negative", "time": "Tue Nov 22 06:19:42 +0000 2016"}
{"polarity": 0.0, "location": "Boston, MA", "sentiment": "neutral", "time": "Tue Nov 22 06:19:43 +0000 2016"}
{"polarity": 0.5, "location": "Seattle, WA", "sentiment": "positive", "time": "Tue Nov 22 06:19:50 +0000 2016"}
{"polarity": 0.13636363636363635, "location": "Phoenix, AZ", "sentiment": "positive", "time": "Tue Nov 22 06:19:58 +0000 2016"}
{"polarity": 0.5428571428571429, "location": "Atlanta, GA", "sentiment": "positive", "time": "Tue Nov 22 06:37:42 +0000 2016"}
{"polarity": 0.35, "location": "Seattle, WA", "sentiment": "positive", "time": "Tue Nov 22 06:31:03 +0000 2016"}
{"polarity": 0.0, "location": "Orlando, FL", "sentiment": "neutral", "time": "Tue Nov 22 06:31:05 +0000 2016"}
{"polarity": 0.1, "location": "Phoenix, AZ", "sentiment": "positive", "time": "Tue Nov 22 06:31:06 +0000 2016"}
{"polarity": 0.0, "location": "Atlanta, GA", "sentiment": "neutral", "time": "Tue Nov 22 06:31:11 +0000 2016"}
{"polarity": 0.0, "location": "Atlanta, GA", "sentiment": "neutral", "time": "Tue Nov 22 06:31:30 +0000 2016"}
{"polarity": 0.5, "location": "Seattle, WA", "sentiment": "positive", "time": "Tue Nov 22 06:31:30 +0000 2016"}
{"polarity": 0.0, "location": "Phoenix, AZ", "sentiment": "neutral", "time": "Tue Nov 22 06:41:02 +0000 2016"}
{"polarity": 0.17045454545454544, "location": "Boston, MA", "sentiment": "positive", "time": "Tue Nov 22 06:41:04 +0000 2016"}
{"polarity": 0.3, "location": "Boston, MA", "sentiment": "positive", "time": "Tue Nov 22 06:41:10 +0000 2016"}
{"polarity": 0.0, "location": "Atlanta, GA", "sentiment": "neutral", "time": "Tue Nov 22 06:41:22 +0000 2016"}
{"polarity": 0.0, "location": "New York, NY", "sentiment": "neutral", "time": "Tue Nov 22 06:41:23 +0000 2016"}
{"polarity": 0.0, "location": "New York, NY", "sentiment": "neutral", "time": "Tue Nov 22 06:41:26 +0000 2016"}
{"polarity": 0.0, "location": "New York, NY", "sentiment": "neutral", "time": "Tue Nov 22 06:41:37 +0000 2016"}
{"polarity": -0.05, "location": "Portland, OR", "sentiment": "negative", "time": "Tue Nov 22 06:41:57 +0000 2016"}
{"polarity": 0.1375, "location": "Atlanta, GA", "sentiment": "positive", "time": "Tue Nov 22 06:27:07 +0000 2016"}
{"polarity": 0.5, "location": "Atlanta, GA", "sentiment": "positive", "time": "Tue Nov 22 06:57:01 +0000 2016"}
{"polarity": 0.0, "location": "Portland, OR", "sentiment": "neutral", "time": "Tue Nov 22 06:57:05 +0000 2016"}
{"polarity": 0.0, "location": "Portland, OR", "sentiment": "neutral", "time": "Tue Nov 22 06:57:10 +0000 2016"}
{"polarity": -0.13333333333333333, "location": "Phoenix, AZ", "sentiment": "negative", "time": "Tue Nov 22 06:57:31 +0000 2016"}
{"polarity": -0.6, "location": "San Diego, CA", "sentiment": "negative", "time": "Tue Nov 22 06:57:39 +0000 2016"}
{"polarity": 0.0, "location": "Seattle, WA", "sentiment": "neutral", "time": "Tue Nov 22 06:57:58 +0000 2016"}
{"polarity": 0.5, "location": "Boston, MA", "sentiment": "positive", "time": "Tue Nov 22 06:26:06 +0000 2016"}
{"polarity": 0.35, "location": "Orlando, FL", "sentiment": "positive", "time": "Tue Nov 22 06:26:10 +0000 2016"}
{"polarity": 0.0, "location": "Portland, OR", "sentiment": "neutral", "time": "Tue Nov 22 06:26:12 +0000 2016"}
{"polarity": -0.175, "location": "Atlanta, GA", "sentiment": "negative", "time": "Tue Nov 22 06:26:25 +0000 2016"}
{"polarity": 0.0, "location": "Boston, MA", "sentiment": "neutral", "time": "Tue Nov 22 06:26:25 +0000 2016"}
{"polarity": 0.0, "location": "Seattle, WA", "sentiment": "neutral", "time": "Tue Nov 22 06:26:36 +0000 2016"}
{"polarity": -0.25, "location": "Atlanta, GA", "sentiment": "negative", "time": "Tue Nov 22 06:58:06 +0000 2016"}
{"polarity": 0.0, "location": "Seattle, WA", "sentiment": "neutral", "time": "Tue Nov 22 06:58:06 +0000 2016"}
{"polarity": 0.5, "location": "San Diego, CA", "sentiment": "positive", "time": "Tue Nov 22 06:58:07 +0000 2016"}
{"polarity": 0.0, "location": "San Diego, CA", "sentiment": "neutral", "time": "Tue Nov 22 06:58:26 +0000 2016"}
{"polarity": 0.13636363636363635, "location": "Atlanta, GA", "sentiment": "positive", "time": "Tue Nov 22 06:42:01 +0000 2016"}
{"polarity": 0.0, "location": "Atlanta, GA", "sentiment": "neutral", "time": "Tue Nov 22 06:42:06 +0000 2016"}
{"polarity": 0.0, "location": "New York, NY", "sentiment": "neutral", "time": "Tue Nov 22 06:42:12 +0000 2016"}
{"polarity": 0.0, "location": "Phoenix, AZ", "sentiment": "neutral", "time": "Tue Nov 22 06:42:14 +0000 2016"}
{"polarity": 0.023809523809523808, "location": "New York, NY", "sentiment": "positive", "time": "Tue Nov 22 06:42:16 +0000 2016"}
{"polarity": 0.0, "location": "San Diego, CA", "sentiment": "neutral", "time": "Tue Nov 22 06:42:20 +0000 2016"}
{"polarity": 0.0, "location": "Seattle, WA", "sentiment": "neutral", "time": "Tue Nov 22 06:42:21 +0000 2016"}
{"polarity": 0.8, "location": "Seattle, WA", "sentiment": "positive", "time": "Tue Nov 22 06:42:24 +0000 2016"}
{"polarity": 0.0, "location": "Seattle, WA", "sentiment": "neutral", "time": "Tue Nov 22 06:42:30 +0000 2016"}
{"polarity": 0.0, "location": "Orlando, FL", "sentiment": "neutral", "time": "Tue Nov 22 06:42:34 +0000 2016"}
{"polarity": 0.0, "location": "Boston, MA", "sentiment": "neutral", "time": "Tue Nov 22 06:42:34 +0000 2016"}
{"polarity": 0.0, "location": "New York, NY", "sentiment": "neutral", "time": "Tue Nov 22 06:42:42 +0000 2016"}
{"polarity": -0.45, "location": "Portland, OR", "sentiment": "negative", "time": "Tue Nov 22 06:42:51 +0000 2016"}
{"polarity": 0.0, "location": "Atlanta, GA", "sentiment": "neutral", "time": "Tue Nov 22 06:42:59 +0000 2016"}
{"polarity": 0.0, "location": "New York, NY", "sentiment": "neutral", "time": "Tue Nov 22 06:50:03 +0000 2016"}
{"polarity": -0.625, "location": "Atlanta, GA", "sentiment": "negative", "time": "Tue Nov 22 06:50:29 +0000 2016"}
{"polarity": 0.0, "location": "Atlanta, GA", "sentiment": "neutral", "time": "Tue Nov 22 06:15:15 +0000 2016"}
{"polarity": 0.0, "location": "Phoenix, AZ", "sentiment": "neutral", "time": "Tue Nov 22 06:15:24 +0000 2016"}
{"polarity": 0.0, "location": "San Diego, CA", "sentiment": "neutral", "time": "Tue Nov 22 06:15:40 +0000 2016"}
{"polarity": 0.0, "location": "Phoenix, AZ", "sentiment": "neutral", "time": "Tue Nov 22 06:15:46 +0000 2016"}
{"polarity": 0.0, "location": "San Diego, CA", "sentiment": "neutral", "time": "Tue Nov 22 06:15:55 +0000 2016"}
{"polarity": -0.23076923076923078, "location": "Orlando, FL", "sentiment": "negative", "time": "Tue Nov 22 06:38:00 +0000 2016"}
{"polarity": 0.0, "location": "Phoenix, AZ", "sentiment": "neutral", "time": "Tue Nov 22 06:38:02 +0000 2016"}
{"polarity": 0.0, "location": "Orlando, FL", "sentiment": "neutral", "time": "Tue Nov 22 06:38:09 +0000 2016"}
{"polarity": 0.0, "location": "Atlanta, GA", "sentiment": "neutral", "time": "Tue Nov 22 06:38:21 +0000 2016"}
{"polarity": -0.6333333333333334, "location": "New York, NY", "sentiment": "negative", "time": "Tue Nov 22 06:38:50 +0000 2016"}
{"polarity": 0.0, "location": "Orlando, FL", "sentiment": "neutral", "time": "Tue Nov 22 06:21:12 +0000 2016"}
{"polarity": -0.07142857142857142, "location": "San Diego, CA", "sentiment": "negative", "time": "Tue Nov 22 06:21:20 +0000 2016"}
{"polarity": 0.5, "location": "New York, NY", "sentiment": "positive", "time": "Tue Nov 22 06:21:27 +0000 2016"}
{"polarity": 0.0, "location": "New York, NY", "sentiment": "neutral", "time": "Tue Nov 22 06:21:30 +0000 2016"}
{"polarity": 0.5, "location": "Seattle, WA", "sentiment": "positive", "time": "Tue Nov 22 06:21:47 +0000 2016"}
{"polarity": 0.5, "location": "Phoenix, AZ", "sentiment": "positive", "time": "Tue Nov 22 06:21:47 +0000 2016"}
{"polarity": 0.0, "location": "New York, NY", "sentiment": "neutral", "time": "Tue Nov 22 06:21:53 +0000 2016"}
{"polarity": 0.6, "location": "Orlando, FL", "sentiment": "positive", "time": "Tue Nov 22 06:17:03 +0000 2016"}
{"polarity": -0.25, "location": "Seattle, WA", "sentiment": "negative", "time": "Tue Nov 22 06:17:07 +0000 2016"}
{"polarity": 0.525, "location": "Atlanta, GA", "sentiment": "positive", "time": "Tue Nov 22 06:17:11 +0000 2016"}
{"polarity": 0.13636363636363635, "location": "New York, NY", "sentiment": "positive", "time": "Tue Nov 22 06:17:22 +0000 2016"}
{"polarity": 0.7250000000000001, "location": "Seattle, WA", "sentiment": "positive", "time": "Tue Nov 22 06:17:45 +0000 2016"}
{"polarity": 0.0, "location": "Orlando, FL", "sentiment": "neutral", "time": "Tue Nov 22 06:17:48 +0000 2016"}
{"polarity": 0.0, "location": "New York, NY", "sentiment": "neutral", "time": "Tue Nov 22 06:17:49 +0000 2016"}
{"polarity": 0.28125, "location": "Portland, OR", "sentiment": "positive", "time": "Tue Nov 22 06:12:01 +0000 2016"}
{"polarity": 0.0, "location": "Orlando, FL", "sentiment": "neutral", "time": "Tue Nov 22 06:12:12 +0000 2016"}
{"polarity": 0.0, "location": "Phoenix, AZ", "sentiment": "neutral", "time": "Tue Nov 22 06:12:15 +0000 2016"}
{"polarity": -0.12023809523809526, "location": "Atlanta, GA", "sentiment": "negative", "time": "Tue Nov 22 06:12:17 +0000 2016"}
{"polarity": -0.025, "location": "New York, NY", "sentiment": "negative", "time": "Tue Nov 22 06:12:17 +0000 2016"}
{"polarity": 0.0, "location": "Seattle, WA", "sentiment": "neutral", "time": "Tue Nov 22 06:12:27 +0000 2016"}
{"polarity": -0.45, "location": "Atlanta, GA", "sentiment": "negative", "time": "Tue Nov 22 06:12:29 +0000 2016"}
{"polarity": 0.3333333333333333, "location": "Atlanta, GA", "sentiment": "positive", "time": "Tue Nov 22 06:12:31 +0000 2016"}
{"polarity": 0.033333333333333326, "location": "Seattle, WA", "sentiment": "positive", "time": "Tue Nov 22 06:12:33 +0000 2016"}
{"polarity": 0.03333333333333335, "location": "Seattle, WA", "sentiment": "positive", "time": "Tue Nov 22 06:12:38 +0000 2016"}
{"polarity": 0.0, "location": "New York, NY", "sentiment": "neutral", "time": "Tue Nov 22 06:12:45 +0000 2016"}
{"polarity": 0.0, "location": "New York, NY", "sentiment": "neutral", "time": "Tue Nov 22 06:12:47 +0000 2016"}
{"polarity": 0.0, "location": "New York, NY", "sentiment": "neutral", "time": "Tue Nov 22 06:12:53 +0000 2016"}
{"polarity": 0.15, "location": "New York, NY", "sentiment": "positive", "time": "Tue Nov 22 06:12:53 +0000 2016"}
{"polarity": 0.0, "location": "Orlando, FL", "sentiment": "neutral", "time": "Tue Nov 22 06:29:05 +0000 2016"}
{"polarity": 0.5, "location": "Portland, OR", "sentiment": "positive", "time": "Tue Nov 22 06:29:20 +0000 2016"}
{"polarity": 0.0, "location": "San Diego, CA", "sentiment": "neutral", "time": "Tue Nov 22 06:29:37 +0000 2016"}
{"polarity": 0.5, "location": "New York, NY", "sentiment": "positive", "time": "Tue Nov 22 06:29:49 +0000 2016"}
{"polarity": 0.0, "location": "New York, NY", "sentiment": "neutral", "time": "Tue Nov 22 06:29:52 +0000 2016"}
{"polarity": 0.625, "location": "Atlanta, GA", "sentiment": "positive", "time": "Tue Nov 22 06:18:00 +0000 2016"}
{"polarity": -0.3, "location": "Phoenix, AZ", "sentiment": "negative", "time": "Tue Nov 22 06:18:04 +0000 2016"}
{"polarity": 0.0, "location": "New York, NY", "sentiment": "neutral", "time": "Tue Nov 22 06:18:15 +0000 2016"}
{"polarity": 0.0, "location": "New York, NY", "sentiment": "neutral", "time": "Tue Nov 22 06:18:30 +0000 2016"}
{"polarity": 0.0, "location": "Atlanta, GA", "sentiment": "neutral", "time": "Tue Nov 22 06:18:30 +0000 2016"}
{"polarity": 0.0111111111111111, "location": "Atlanta, GA", "sentiment": "positive", "time": "Tue Nov 22 06:46:09 +0000 2016"}
{"polarity": 0.0, "location": "St. Louis, MO", "sentiment": "neutral", "time": "Tue Nov 22 06:46:45 +0000 2016"}
{"polarity": 0.0, "location": "Boston, MA", "sentiment": "neutral", "time": "Tue Nov 22 06:46:46 +0000 2016"}
{"polarity": 0.0, "location": "Orlando, FL", "sentiment": "neutral", "time": "Tue Nov 22 06:00:00 +0000 2016"}
{"polarity": 0.4000000000000001, "location": "Seattle, WA", "sentiment": "positive", "time": "Tue Nov 22 06:00:03 +0000 2016"}
{"polarity": 0.25, "location": "New York, NY", "sentiment": "positive", "time": "Tue Nov 22 06:00:02 +0000 2016"}
{"polarity": 0.024999999999999994, "location": "Atlanta, GA", "sentiment": "positive", "time": "Tue Nov 22 06:00:05 +0000 2016"}
{"polarity": 0.0, "location": "Orlando, FL", "sentiment": "neutral", "time": "Tue Nov 22 06:00:06 +0000 2016"}
{"polarity": 0.024999999999999994, "location": "Atlanta, GA", "sentiment": "positive", "time": "Tue Nov 22 06:00:05 +0000 2016"}
{"polarity": -0.625, "location": "Portland, OR", "sentiment": "negative", "time": "Tue Nov 22 06:00:11 +0000 2016"}
{"polarity": 0.2, "location": "Seattle, WA", "sentiment": "positive", "time": "Tue Nov 22 06:00:11 +0000 2016"}
{"polarity": 0.5, "location": "Phoenix, AZ", "sentiment": "positive", "time": "Tue Nov 22 06:00:15 +0000 2016"}
{"polarity": 0.175, "location": "New York, NY", "sentiment": "positive", "time": "Tue Nov 22 06:00:15 +0000 2016"}
{"polarity": 0.0, "location": "Phoenix, AZ", "sentiment": "neutral", "time": "Tue Nov 22 06:00:16 +0000 2016"}
{"polarity": 0.0, "location": "Atlanta, GA", "sentiment": "neutral", "time": "Tue Nov 22 06:00:19 +0000 2016"}
{"polarity": 0.16818181818181818, "location": "Atlanta, GA", "sentiment": "positive", "time": "Tue Nov 22 06:00:16 +0000 2016"}
{"polarity": 0.15833333333333333, "location": "Seattle, WA", "sentiment": "positive", "time": "Tue Nov 22 06:00:22 +0000 2016"}
{"polarity": 0.2, "location": "Boston, MA", "sentiment": "positive", "time": "Tue Nov 22 06:00:25 +0000 2016"}
{"polarity": 0.0, "location": "St. Louis, MO", "sentiment": "neutral", "time": "Tue Nov 22 06:00:27 +0000 2016"}
{"polarity": 0.15, "location": "Atlanta, GA", "sentiment": "positive", "time": "Tue Nov 22 06:00:38 +0000 2016"}
{"polarity": -0.3, "location": "Phoenix, AZ", "sentiment": "negative", "time": "Tue Nov 22 06:00:43 +0000 2016"}
{"polarity": 0.0, "location": "Atlanta, GA", "sentiment": "neutral", "time": "Tue Nov 22 06:00:43 +0000 2016"}
{"polarity": 0.3, "location": "Portland, OR", "sentiment": "positive", "time": "Tue Nov 22 06:00:45 +0000 2016"}
{"polarity": 0.0, "location": "Portland, OR", "sentiment": "neutral", "time": "Tue Nov 22 06:00:57 +0000 2016"}
{"polarity": 0.17222222222222225, "location": "Atlanta, GA", "sentiment": "positive", "time": "Tue Nov 22 06:34:02 +0000 2016"}
{"polarity": 0.0, "location": "New York, NY", "sentiment": "neutral", "time": "Tue Nov 22 06:34:06 +0000 2016"}
{"polarity": 0.5, "location": "New York, NY", "sentiment": "positive", "time": "Tue Nov 22 06:34:14 +0000 2016"}
{"polarity": 0.0, "location": "San Diego, CA", "sentiment": "neutral", "time": "Tue Nov 22 06:34:29 +0000 2016"}
{"polarity": -0.35000000000000003, "location": "Atlanta, GA", "sentiment": "negative", "time": "Tue Nov 22 06:34:55 +0000 2016"}
{"polarity": -0.23076923076923078, "location": "Boston, MA", "sentiment": "negative", "time": "Tue Nov 22 06:05:04 +0000 2016"}
{"polarity": 0.0, "location": "Boston, MA", "sentiment": "neutral", "time": "Tue Nov 22 06:05:06 +0000 2016"}
{"polarity": -0.024999999999999994, "location": "Orlando, FL", "sentiment": "negative", "time": "Tue Nov 22 06:05:15 +0000 2016"}
{"polarity": 0.35, "location": "Phoenix, AZ", "sentiment": "positive", "time": "Tue Nov 22 06:05:22 +0000 2016"}
{"polarity": 0.0, "location": "Seattle, WA", "sentiment": "neutral", "time": "Tue Nov 22 06:05:32 +0000 2016"}
{"polarity": -0.22321428571428573, "location": "New York, NY", "sentiment": "negative", "time": "Tue Nov 22 06:05:32 +0000 2016"}
{"polarity": 0.0, "location": "New York, NY", "sentiment": "neutral", "time": "Tue Nov 22 06:05:34 +0000 2016"}
{"polarity": 0.07727272727272724, "location": "Boston, MA", "sentiment": "positive", "time": "Tue Nov 22 06:11:08 +0000 2016"}
{"polarity": 0.6, "location": "Atlanta, GA", "sentiment": "positive", "time": "Tue Nov 22 06:11:12 +0000 2016"}
{"polarity": 0.5, "location": "St. Louis, MO", "sentiment": "positive", "time": "Tue Nov 22 06:11:17 +0000 2016"}
{"polarity": 0.5, "location": "San Diego, CA", "sentiment": "positive", "time": "Tue Nov 22 06:11:30 +0000 2016"}
{"polarity": 0.0, "location": "Atlanta, GA", "sentiment": "neutral", "time": "Tue Nov 22 06:11:32 +0000 2016"}
{"polarity": 0.0, "location": "Orlando, FL", "sentiment": "neutral", "time": "Tue Nov 22 06:11:34 +0000 2016"}
{"polarity": 0.0, "location": "San Diego, CA", "sentiment": "neutral", "time": "Tue Nov 22 06:11:44 +0000 2016"}
{"polarity": 0.275, "location": "San Diego, CA", "sentiment": "positive", "time": "Tue Nov 22 06:11:52 +0000 2016"}
{"polarity": 0.0, "location": "Orlando, FL", "sentiment": "neutral", "time": "Tue Nov 22 06:56:26 +0000 2016"}
{"polarity": 0.0, "location": "Boston, MA", "sentiment": "neutral", "time": "Tue Nov 22 06:56:36 +0000 2016"}
{"polarity": -1.0, "location": "Seattle, WA", "sentiment": "negative", "time": "Tue Nov 22 06:56:47 +0000 2016"}
{"polarity": -0.15555555555555559, "location": "Atlanta, GA", "sentiment": "negative", "time": "Tue Nov 22 06:56:48 +0000 2016"}
{"polarity": 0.0, "location": "New York, NY", "sentiment": "neutral", "time": "Tue Nov 22 06:56:52 +0000 2016"}
{"polarity": 0.0, "location": "Orlando, FL", "sentiment": "neutral", "time": "Tue Nov 22 06:47:39 +0000 2016"}
{"polarity": 0.0, "location": "New York, NY", "sentiment": "neutral", "time": "Tue Nov 22 06:52:16 +0000 2016"}
{"polarity": 0.0, "location": "New York, NY", "sentiment": "neutral", "time": "Tue Nov 22 06:52:28 +0000 2016"}
{"polarity": 0.3375, "location": "Atlanta, GA", "sentiment": "positive", "time": "Tue Nov 22 06:52:45 +0000 2016"}
{"polarity": 0.0, "location": "Atlanta, GA", "sentiment": "neutral", "time": "Tue Nov 22 06:52:48 +0000 2016"}
{"polarity": 0.0, "location": "San Diego, CA", "sentiment": "neutral", "time": "Tue Nov 22 06:52:53 +0000 2016"}
{"polarity": 0.0, "location": "Phoenix, AZ", "sentiment": "neutral", "time": "Tue Nov 22 06:52:53 +0000 2016"}
{"polarity": 0.0, "location": "Portland, OR", "sentiment": "neutral", "time": "Tue Nov 22 06:53:19 +0000 2016"}
{"polarity": -0.07142857142857142, "location": "Atlanta, GA", "sentiment": "negative", "time": "Tue Nov 22 06:53:21 +0000 2016"}
{"polarity": 0.0, "location": "Boston, MA", "sentiment": "neutral", "time": "Tue Nov 22 06:53:28 +0000 2016"}
{"polarity": 0.03333333333333333, "location": "Phoenix, AZ", "sentiment": "positive", "time": "Tue Nov 22 06:53:51 +0000 2016"}
{"polarity": 0.0, "location": "Phoenix, AZ", "sentiment": "neutral", "time": "Tue Nov 22 06:53:52 +0000 2016"}
{"polarity": 0.125, "location": "Orlando, FL", "sentiment": "positive", "time": "Tue Nov 22 06:53:58 +0000 2016"}
{"polarity": -0.1, "location": "Phoenix, AZ", "sentiment": "negative", "time": "Tue Nov 22 06:02:08 +0000 2016"}
{"polarity": 0.0, "location": "Atlanta, GA", "sentiment": "neutral", "time": "Tue Nov 22 06:02:27 +0000 2016"}
{"polarity": 0.0, "location": "New York, NY", "sentiment": "neutral", "time": "Tue Nov 22 06:02:36 +0000 2016"}
{"polarity": 0.0, "location": "New York, NY", "sentiment": "neutral", "time": "Tue Nov 22 06:02:43 +0000 2016"}
{"polarity": 0.2148148148148148, "location": "Seattle, WA", "sentiment": "positive", "time": "Tue Nov 22 06:02:44 +0000 2016"}
{"polarity": 0.0, "location": "New York, NY", "sentiment": "neutral", "time": "Tue Nov 22 06:02:45 +0000 2016"}
{"polarity": 0.0, "location": "Portland, OR", "sentiment": "neutral", "time": "Tue Nov 22 06:02:48 +0000 2016"}
{"polarity": 0.0, "location": "Phoenix, AZ", "sentiment": "neutral", "time": "Tue Nov 22 06:02:50 +0000 2016"}
{"polarity": -0.5, "location": "San Diego, CA", "sentiment": "negative", "time": "Tue Nov 22 06:48:01 +0000 2016"}
{"polarity": 0.0, "location": "New York, NY", "sentiment": "neutral", "time": "Tue Nov 22 06:48:01 +0000 2016"}
{"polarity": -0.5, "location": "San Diego, CA", "sentiment": "negative", "time": "Tue Nov 22 06:48:01 +0000 2016"}
{"polarity": 0.0, "location": "Atlanta, GA", "sentiment": "neutral", "time": "Tue Nov 22 06:48:06 +0000 2016"}
{"polarity": 0.8, "location": "Seattle, WA", "sentiment": "positive", "time": "Tue Nov 22 06:48:07 +0000 2016"}
{"polarity": 0.0, "location": "Seattle, WA", "sentiment": "neutral", "time": "Tue Nov 22 06:48:12 +0000 2016"}
{"polarity": 0.0, "location": "New York, NY", "sentiment": "neutral", "time": "Tue Nov 22 06:48:21 +0000 2016"}
{"polarity": 0.08333333333333334, "location": "New York, NY", "sentiment": "positive", "time": "Tue Nov 22 06:48:24 +0000 2016"}
{"polarity": 0.13636363636363635, "location": "San Diego, CA", "sentiment": "positive", "time": "Tue Nov 22 06:48:32 +0000 2016"}
{"polarity": 0.0, "location": "Phoenix, AZ", "sentiment": "neutral", "time": "Tue Nov 22 06:48:36 +0000 2016"}
{"polarity": 0.625, "location": "Atlanta, GA", "sentiment": "positive", "time": "Tue Nov 22 06:25:00 +0000 2016"}
{"polarity": 1.0, "location": "New York, NY", "sentiment": "positive", "time": "Tue Nov 22 06:25:05 +0000 2016"}
{"polarity": 0.26633522727272724, "location": "New York, NY", "sentiment": "positive", "time": "Tue Nov 22 06:25:09 +0000 2016"}
{"polarity": 0.0, "location": "Atlanta, GA", "sentiment": "neutral", "time": "Tue Nov 22 06:25:10 +0000 2016"}
{"polarity": 0.0, "location": "Seattle, WA", "sentiment": "neutral", "time": "Tue Nov 22 06:25:18 +0000 2016"}
{"polarity": 0.0, "location": "San Diego, CA", "sentiment": "neutral", "time": "Tue Nov 22 06:25:18 +0000 2016"}
{"polarity": 0.0, "location": "Atlanta, GA", "sentiment": "neutral", "time": "Tue Nov 22 06:25:24 +0000 2016"}
{"polarity": 0.26785714285714285, "location": "Orlando, FL", "sentiment": "positive", "time": "Tue Nov 22 06:25:31 +0000 2016"}
{"polarity": 0.0, "location": "Atlanta, GA", "sentiment": "neutral", "time": "Tue Nov 22 06:25:41 +0000 2016"}
{"polarity": 0.0, "location": "San Diego, CA", "sentiment": "neutral", "time": "Tue Nov 22 06:25:44 +0000 2016"}
{"polarity": -0.09375, "location": "Portland, OR", "sentiment": "negative", "time": "Tue Nov 22 06:16:12 +0000 2016"}
{"polarity": 0.0, "location": "Atlanta, GA", "sentiment": "neutral", "time": "Tue Nov 22 06:16:15 +0000 2016"}
{"polarity": -0.125, "location": "New York, NY", "sentiment": "negative", "time": "Tue Nov 22 06:16:21 +0000 2016"}
{"polarity": 0.2, "location": "New York, NY", "sentiment": "positive", "time": "Tue Nov 22 06:16:23 +0000 2016"}
{"polarity": -0.1875, "location": "Portland, OR", "sentiment": "negative", "time": "Tue Nov 22 06:16:31 +0000 2016"}
{"polarity": 0.6, "location": "Portland, OR", "sentiment": "positive", "time": "Tue Nov 22 06:16:36 +0000 2016"}
{"polarity": 0.3, "location": "Atlanta, GA", "sentiment": "positive", "time": "Tue Nov 22 06:16:51 +0000 2016"}
{"polarity": 0.0, "location": "Atlanta, GA", "sentiment": "neutral", "time": "Tue Nov 22 06:14:24 +0000 2016"}
{"polarity": 0.0, "location": "New York, NY", "sentiment": "neutral", "time": "Tue Nov 22 06:14:26 +0000 2016"}
{"polarity": 0.0, "location": "San Diego, CA", "sentiment": "neutral", "time": "Tue Nov 22 06:14:33 +0000 2016"}
{"polarity": 0.5, "location": "New York, NY", "sentiment": "positive", "time": "Tue Nov 22 06:14:33 +0000 2016"}
{"polarity": 0.0, "location": "San Diego, CA", "sentiment": "neutral", "time": "Tue Nov 22 06:14:53 +0000 2016"}
{"polarity": 0.0, "location": "San Diego, CA", "sentiment": "neutral", "time": "Tue Nov 22 06:14:56 +0000 2016"}
{"polarity": 0.0, "location": "Boston, MA", "sentiment": "neutral", "time": "Tue Nov 22 06:23:00 +0000 2016"}
{"polarity": 0.0, "location": "Orlando, FL", "sentiment": "neutral", "time": "Tue Nov 22 06:23:07 +0000 2016"}
{"polarity": -0.75, "location": "Portland, OR", "sentiment": "negative", "time": "Tue Nov 22 06:23:13 +0000 2016"}
{"polarity": 0.0, "location": "Orlando, FL", "sentiment": "neutral", "time": "Tue Nov 22 06:23:15 +0000 2016"}
{"polarity": 0.0, "location": "San Diego, CA", "sentiment": "neutral", "time": "Tue Nov 22 06:23:17 +0000 2016"}
{"polarity": 0.5833333333333334, "location": "Phoenix, AZ", "sentiment": "positive", "time": "Tue Nov 22 06:23:20 +0000 2016"}
{"polarity": -0.04166666666666666, "location": "Seattle, WA", "sentiment": "negative", "time": "Tue Nov 22 06:23:25 +0000 2016"}
{"polarity": 0.0, "location": "Atlanta, GA", "sentiment": "neutral", "time": "Tue Nov 22 06:23:26 +0000 2016"}
{"polarity": -0.1875, "location": "Phoenix, AZ", "sentiment": "negative", "time": "Tue Nov 22 06:23:27 +0000 2016"}
{"polarity": 0.0, "location": "Orlando, FL", "sentiment": "neutral", "time": "Tue Nov 22 06:23:32 +0000 2016"}
{"polarity": 0.13636363636363635, "location": "Atlanta, GA", "sentiment": "positive", "time": "Tue Nov 22 06:23:41 +0000 2016"}
{"polarity": 0.13636363636363635, "location": "Atlanta, GA", "sentiment": "positive", "time": "Tue Nov 22 06:23:55 +0000 2016"}
{"polarity": 0.625, "location": "Atlanta, GA", "sentiment": "positive", "time": "Tue Nov 22 06:07:08 +0000 2016"}
{"polarity": 0.13636363636363635, "location": "Phoenix, AZ", "sentiment": "positive", "time": "Tue Nov 22 06:07:28 +0000 2016"}
{"polarity": 0.0, "location": "San Diego, CA", "sentiment": "neutral", "time": "Tue Nov 22 06:07:31 +0000 2016"}
{"polarity": 0.5375, "location": "San Diego, CA", "sentiment": "positive", "time": "Tue Nov 22 06:07:31 +0000 2016"}
{"polarity": -0.25, "location": "San Diego, CA", "sentiment": "negative", "time": "Tue Nov 22 06:51:05 +0000 2016"}
{"polarity": -0.16666666666666666, "location": "New York, NY", "sentiment": "negative", "time": "Tue Nov 22 06:51:10 +0000 2016"}
{"polarity": 0.375, "location": "Seattle, WA", "sentiment": "positive", "time": "Tue Nov 22 06:51:18 +0000 2016"}
{"polarity": 0.0, "location": "Phoenix, AZ", "sentiment": "neutral", "time": "Tue Nov 22 06:51:27 +0000 2016"}
{"polarity": -0.5, "location": "New York, NY", "sentiment": "negative", "time": "Tue Nov 22 06:51:28 +0000 2016"}
{"polarity": 0.0, "location": "Atlanta, GA", "sentiment": "neutral", "time": "Tue Nov 22 06:51:29 +0000 2016"}
{"polarity": 0.4666666666666666, "location": "Seattle, WA", "sentiment": "positive", "time": "Tue Nov 22 06:51:39 +0000 2016"}
{"polarity": 0.09999999999999999, "location": "Orlando, FL", "sentiment": "positive", "time": "Tue Nov 22 06:51:42 +0000 2016"}
{"polarity": 0.03333333333333333, "location": "Seattle, WA", "sentiment": "positive", "time": "Tue Nov 22 06:51:58 +0000 2016"}
{"polarity": 0.0, "location": "Seattle, WA", "sentiment": "neutral", "time": "Tue Nov 22 06:30:01 +0000 2016"}
{"polarity": 0.1, "location": "San Diego, CA", "sentiment": "positive", "time": "Tue Nov 22 06:30:02 +0000 2016"}
{"polarity": 0.25, "location": "Orlando, FL", "sentiment": "positive", "time": "Tue Nov 22 06:30:04 +0000 2016"}
{"polarity": 0.2, "location": "Atlanta, GA", "sentiment": "positive", "time": "Tue Nov 22 06:30:07 +0000 2016"}
{"polarity": 0.5, "location": "New York, NY", "sentiment": "positive", "time": "Tue Nov 22 06:30:15 +0000 2016"}
{"polarity": 0.0, "location": "Boston, MA", "sentiment": "neutral", "time": "Tue Nov 22 06:30:18 +0000 2016"}
{"polarity": 0.0, "location": "Orlando, FL", "sentiment": "neutral", "time": "Tue Nov 22 06:30:26 +0000 2016"}
{"polarity": 0.2, "location": "Phoenix, AZ", "sentiment": "positive", "time": "Tue Nov 22 06:30:34 +0000 2016"}
{"polarity": 0.0, "location": "Orlando, FL", "sentiment": "neutral", "time": "Tue Nov 22 06:30:35 +0000 2016"}
{"polarity": 0.07142857142857142, "location": "Seattle, WA", "sentiment": "positive", "time": "Tue Nov 22 06:30:51 +0000 2016"}
{"polarity": -0.4, "location": "Portland, OR", "sentiment": "negative", "time": "Tue Nov 22 06:30:51 +0000 2016"}
{"polarity": 0.2005952380952381, "location": "Seattle, WA", "sentiment": "positive", "time": "Tue Nov 22 06:03:00 +0000 2016"}
{"polarity": 0.0, "location": "Atlanta, GA", "sentiment": "neutral", "time": "Tue Nov 22 06:03:15 +0000 2016"}
{"polarity": 0.08750000000000002, "location": "Phoenix, AZ", "sentiment": "positive", "time": "Tue Nov 22 06:03:19 +0000 2016"}
{"polarity": 1.0, "location": "Portland, OR", "sentiment": "positive", "time": "Tue Nov 22 06:03:33 +0000 2016"}
{"polarity": 0.5, "location": "Boston, MA", "sentiment": "positive", "time": "Tue Nov 22 06:03:46 +0000 2016"}
{"polarity": 0.0, "location": "Seattle, WA", "sentiment": "neutral", "time": "Tue Nov 22 06:03:54 +0000 2016"}
{"polarity": 0.0, "location": "San Diego, CA", "sentiment": "neutral", "time": "Tue Nov 22 06:40:13 +0000 2016"}
{"polarity": 0.0, "location": "New York, NY", "sentiment": "neutral", "time": "Tue Nov 22 06:40:17 +0000 2016"}
{"polarity": 0.0, "location": "Orlando, FL", "sentiment": "neutral", "time": "Tue Nov 22 06:40:47 +0000 2016"}
{"polarity": -0.5, "location": "New York, NY", "sentiment": "negative", "time": "Tue Nov 22 06:40:52 +0000 2016"}
{"polarity": -0.175, "location": "New York, NY", "sentiment": "negative", "time": "Tue Nov 22 06:40:57 +0000 2016"}
{"polarity": 0.0, "location": "Portland, OR", "sentiment": "neutral", "time": "Tue Nov 22 06:08:09 +0000 2016"}
{"polarity": 0.0, "location": "New York, NY", "sentiment": "neutral", "time": "Tue Nov 22 06:08:11 +0000 2016"}
{"polarity": -0.05, "location": "Seattle, WA", "sentiment": "negative", "time": "Tue Nov 22 06:08:13 +0000 2016"}
{"polarity": -1.0, "location": "Atlanta, GA", "sentiment": "negative", "time": "Tue Nov 22 06:08:14 +0000 2016"}
{"polarity": 0.0, "location": "Seattle, WA", "sentiment": "neutral", "time": "Tue Nov 22 06:08:19 +0000 2016"}
{"polarity": 0.0, "location": "Atlanta, GA", "sentiment": "neutral", "time": "Tue Nov 22 06:08:21 +0000 2016"}
{"polarity": -0.175, "location": "Atlanta, GA", "sentiment": "negative", "time": "Tue Nov 22 06:08:25 +0000 2016"}
{"polarity": 0.0, "location": "Atlanta, GA", "sentiment": "neutral", "time": "Tue Nov 22 06:08:28 +0000 2016"}
{"polarity": 0.0, "location": "Boston, MA", "sentiment": "neutral", "time": "Tue Nov 22 06:08:44 +0000 2016"}
{"polarity": 0.0, "location": "Seattle, WA", "sentiment": "neutral", "time": "Tue Nov 22 06:08:45 +0000 2016"}
{"polarity": 0.0, "location": "Kansas City, KS", "sentiment": "neutral", "time": "Tue Nov 22 06:08:50 +0000 2016"}
{"polarity": 0.0, "location": "Seattle, WA", "sentiment": "neutral", "time": "Tue Nov 22 06:08:54 +0000 2016"}
{"polarity": 0.4166666666666667, "location": "San Diego, CA", "sentiment": "positive", "time": "Tue Nov 22 06:08:57 +0000 2016"}
{"polarity": 0.0, "location": "Portland, OR", "sentiment": "neutral", "time": "Tue Nov 22 06:35:13 +0000 2016"}
{"polarity": 0.0, "location": "Atlanta, GA", "sentiment": "neutral", "time": "Tue Nov 22 06:35:26 +0000 2016"}
{"polarity": -0.22835497835497834, "location": "Atlanta, GA", "sentiment": "negative", "time": "Tue Nov 22 06:35:27 +0000 2016"}
{"polarity": 0.8, "location": "San Diego, CA", "sentiment": "positive", "time": "Tue Nov 22 06:35:30 +0000 2016"}
{"polarity": -0.2, "location": "San Diego, CA", "sentiment": "negative", "time": "Tue Nov 22 06:35:31 +0000 2016"}
{"polarity": 0.0, "location": "San Diego, CA", "sentiment": "neutral", "time": "Tue Nov 22 06:35:42 +0000 2016"}
{"polarity": 0.20000000000000004, "location": "Atlanta, GA", "sentiment": "positive", "time": "Tue Nov 22 06:35:44 +0000 2016"}
{"polarity": -0.575, "location": "Portland, OR", "sentiment": "negative", "time": "Tue Nov 22 06:35:50 +0000 2016"}
{"polarity": 0.5, "location": "Atlanta, GA", "sentiment": "positive", "time": "Tue Nov 22 06:35:51 +0000 2016"}
{"polarity": 0.0, "location": "Seattle, WA", "sentiment": "neutral", "time": "Tue Nov 22 06:35:52 +0000 2016"}
{"polarity": 0.6, "location": "San Diego, CA", "sentiment": "positive", "time": "Tue Nov 22 06:35:59 +0000 2016"}
{"polarity": 0.5, "location": "New York, NY", "sentiment": "positive", "time": "Tue Nov 22 06:43:32 +0000 2016"}
{"polarity": 0.0, "location": "San Diego, CA", "sentiment": "neutral", "time": "Tue Nov 22 06:43:34 +0000 2016"}
{"polarity": -0.4, "location": "San Diego, CA", "sentiment": "negative", "time": "Tue Nov 22 06:43:44 +0000 2016"}
{"polarity": 0.09375, "location": "San Diego, CA", "sentiment": "positive", "time": "Tue Nov 22 06:43:57 +0000 2016"}
{"polarity": 0.0, "location": "New York, NY", "sentiment": "neutral", "time": "Tue Nov 22 06:43:58 +0000 2016"}
{"polarity": 0.0, "location": "Orlando, FL", "sentiment": "neutral", "time": "Tue Nov 22 06:10:20 +0000 2016"}
{"polarity": -0.5, "location": "Atlanta, GA", "sentiment": "negative", "time": "Tue Nov 22 06:10:25 +0000 2016"}
{"polarity": 0.0, "location": "Portland, OR", "sentiment": "neutral", "time": "Tue Nov 22 06:10:26 +0000 2016"}
{"polarity": 0.0, "location": "New York, NY", "sentiment": "neutral", "time": "Tue Nov 22 06:10:43 +0000 2016"}
{"polarity": 0.25, "location": "San Diego, CA", "sentiment": "positive", "time": "Tue Nov 22 06:10:49 +0000 2016"}
{"polarity": 0.0, "location": "Portland, OR", "sentiment": "neutral", "time": "Tue Nov 22 06:10:58 +0000 2016"}
{"polarity": -0.4, "location": "Seattle, WA", "sentiment": "negative", "time": "Tue Nov 22 06:54:13 +0000 2016"}
{"polarity": -0.4, "location": "Atlanta, GA", "sentiment": "negative", "time": "Tue Nov 22 06:54:34 +0000 2016"}
{"polarity": -0.5, "location": "Seattle, WA", "sentiment": "negative", "time": "Tue Nov 22 06:54:36 +0000 2016"}
{"polarity": 0.8, "location": "Orlando, FL", "sentiment": "positive", "time": "Tue Nov 22 06:54:37 +0000 2016"}
{"polarity": 0.0, "location": "Boston, MA", "sentiment": "neutral", "time": "Tue Nov 22 06:24:02 +0000 2016"}
{"polarity": 0.21666666666666667, "location": "Portland, OR", "sentiment": "positive", "time": "Tue Nov 22 06:24:06 +0000 2016"}
{"polarity": 0.0, "location": "Boston, MA", "sentiment": "neutral", "time": "Tue Nov 22 06:24:02 +0000 2016"}
{"polarity": 0.11666666666666668, "location": "Atlanta, GA", "sentiment": "positive", "time": "Tue Nov 22 06:24:16 +0000 2016"}
{"polarity": 0.0, "location": "New York, NY", "sentiment": "neutral", "time": "Tue Nov 22 06:24:17 +0000 2016"}
{"polarity": 0.0, "location": "Orlando, FL", "sentiment": "neutral", "time": "Tue Nov 22 06:24:36 +0000 2016"}
{"polarity": -0.05, "location": "San Diego, CA", "sentiment": "negative", "time": "Tue Nov 22 06:32:09 +0000 2016"}
{"polarity": 0.0, "location": "Orlando, FL", "sentiment": "neutral", "time": "Tue Nov 22 06:32:14 +0000 2016"}
{"polarity": 0.0, "location": "Atlanta, GA", "sentiment": "neutral", "time": "Tue Nov 22 06:32:16 +0000 2016"}
{"polarity": 0.8, "location": "San Diego, CA", "sentiment": "positive", "time": "Tue Nov 22 06:32:21 +0000 2016"}
{"polarity": 0.15625, "location": "Atlanta, GA", "sentiment": "positive", "time": "Tue Nov 22 06:32:26 +0000 2016"}
{"polarity": 0.5, "location": "New York, NY", "sentiment": "positive", "time": "Tue Nov 22 06:32:51 +0000 2016"}
{"polarity": -0.3, "location": "Atlanta, GA", "sentiment": "negative", "time": "Tue Nov 22 06:36:16 +0000 2016"}
{"polarity": 0.0, "location": "Atlanta, GA", "sentiment": "neutral", "time": "Tue Nov 22 06:36:39 +0000 2016"}
{"polarity": 0.0, "location": "Boston, MA", "sentiment": "neutral", "time": "Tue Nov 22 06:01:07 +0000 2016"}
{"polarity": 0.5, "location": "Atlanta, GA", "sentiment": "positive", "time": "Tue Nov 22 06:01:20 +0000 2016"}
{"polarity": 0.14999999999999997, "location": "Atlanta, GA", "sentiment": "positive", "time": "Tue Nov 22 06:01:24 +0000 2016"}
{"polarity": 0.0, "location": "New York, NY", "sentiment": "neutral", "time": "Tue Nov 22 06:01:33 +0000 2016"}
{"polarity": 0.3, "location": "Seattle, WA", "sentiment": "positive", "time": "Tue Nov 22 06:01:37 +0000 2016"}
{"polarity": 0.0, "location": "Seattle, WA", "sentiment": "neutral", "time": "Tue Nov 22 06:01:47 +0000 2016"}
{"polarity": 0.0, "location": "Portland, OR", "sentiment": "neutral", "time": "Tue Nov 22 06:01:54 +0000 2016"}
{"polarity": 0.5, "location": "San Diego, CA", "sentiment": "positive", "time": "Tue Nov 22 06:01:56 +0000 2016"}
{"polarity": -0.08095238095238096, "location": "San Diego, CA", "sentiment": "negative", "time": "Tue Nov 22 06:55:05 +0000 2016"}
{"polarity": 0.0, "location": "Atlanta, GA", "sentiment": "neutral", "time": "Tue Nov 22 06:55:20 +0000 2016"}
{"polarity": 0.0, "location": "San Diego, CA", "sentiment": "neutral", "time": "Tue Nov 22 06:55:22 +0000 2016"}
{"polarity": 0.0, "location": "Atlanta, GA", "sentiment": "neutral", "time": "Tue Nov 22 06:09:03 +0000 2016"}
{"polarity": 0.0, "location": "Phoenix, AZ", "sentiment": "neutral", "time": "Tue Nov 22 06:09:18 +0000 2016"}
{"polarity": 0.0, "location": "Orlando, FL", "sentiment": "neutral", "time": "Tue Nov 22 06:09:38 +0000 2016"}
{"polarity": -1.3877787807814457e-17, "location": "Boston, MA", "sentiment": "negative", "time": "Tue Nov 22 06:09:46 +0000 2016"}
{"polarity": 0.0, "location": "San Diego, CA", "sentiment": "neutral", "time": "Tue Nov 22 06:09:47 +0000 2016"}
{"polarity": 0.0, "location": "Seattle, WA", "sentiment": "neutral", "time": "Tue Nov 22 06:33:18 +0000 2016"}
{"polarity": 0.0, "location": "Seattle, WA", "sentiment": "neutral", "time": "Tue Nov 22 06:33:22 +0000 2016"}
{"polarity": 0.78125, "location": "San Diego, CA", "sentiment": "positive", "time": "Tue Nov 22 06:33:32 +0000 2016"}
{"polarity": 0.0, "location": "Seattle, WA", "sentiment": "neutral", "time": "Tue Nov 22 06:33:58 +0000 2016"}
{"polarity": 0.5, "location": "St. Louis, MO", "sentiment": "positive", "time": "Tue Nov 22 06:44:07 +0000 2016"}
{"polarity": 0.0, "location": "Seattle, WA", "sentiment": "neutral", "time": "Tue Nov 22 06:44:19 +0000 2016"}
{"polarity": 0.15625, "location": "New York, NY", "sentiment": "positive", "time": "Tue Nov 22 06:44:29 +0000 2016"}
{"polarity": 0.0, "location": "Orlando, FL", "sentiment": "neutral", "time": "Tue Nov 22 06:44:36 +0000 2016"}
{"polarity": 0.0, "location": "San Diego, CA", "sentiment": "neutral", "time": "Tue Nov 22 06:44:50 +0000 2016"}
{"polarity": 1.0, "location": "New York, NY", "sentiment": "positive", "time": "Tue Nov 22 06:28:00 +0000 2016"}
{"polarity": -0.6, "location": "New York, NY", "sentiment": "negative", "time": "Tue Nov 22 06:28:06 +0000 2016"}
{"polarity": 0.35, "location": "New York, NY", "sentiment": "positive", "time": "Tue Nov 22 06:28:12 +0000 2016"}
{"polarity": 0.24999999999999997, "location": "New York, NY", "sentiment": "positive", "time": "Tue Nov 22 06:28:15 +0000 2016"}
{"polarity": 0.0, "location": "New York, NY", "sentiment": "neutral", "time": "Tue Nov 22 06:28:15 +0000 2016"}
{"polarity": 0.033333333333333326, "location": "Portland, OR", "sentiment": "positive", "time": "Tue Nov 22 06:28:17 +0000 2016"}
{"polarity": 0.13636363636363635, "location": "Atlanta, GA", "sentiment": "positive", "time": "Tue Nov 22 06:28:21 +0000 2016"}
{"polarity": 0.0, "location": "Phoenix, AZ", "sentiment": "neutral", "time": "Tue Nov 22 06:28:21 +0000 2016"}
{"polarity": 0.0, "location": "Portland, OR", "sentiment": "neutral", "time": "Tue Nov 22 06:28:26 +0000 2016"}
{"polarity": 0.0, "location": "Orlando, FL", "sentiment": "neutral", "time": "Tue Nov 22 06:22:01 +0000 2016"}
{"polarity": 0.3125, "location": "San Diego, CA", "sentiment": "positive", "time": "Tue Nov 22 06:22:10 +0000 2016"}
{"polarity": -0.25, "location": "Orlando, FL", "sentiment": "negative", "time": "Tue Nov 22 06:22:12 +0000 2016"}
{"polarity": 0.7, "location": "San Diego, CA", "sentiment": "positive", "time": "Tue Nov 22 06:22:37 +0000 2016"}
{"polarity": -0.09999999999999992, "location": "Atlanta, GA", "sentiment": "negative", "time": "Tue Nov 22 06:22:41 +0000 2016"}
{"polarity": 0.0, "location": "Phoenix, AZ", "sentiment": "neutral", "time": "Tue Nov 22 06:22:46 +0000 2016"}
{"polarity": 0.8, "location": "Orlando, FL", "sentiment": "positive", "time": "Tue Nov 22 06:22:54 +0000 2016"}
{"polarity": 0.0, "location": "Phoenix, AZ", "sentiment": "neutral", "time": "Tue Nov 22 06:22:56 +0000 2016"}
{"polarity": 0.0, "location": "Boston, MA", "sentiment": "neutral", "time": "Tue Nov 22 06:49:31 +0000 2016"}
{"polarity": 0.0, "location": "Portland, OR", "sentiment": "neutral", "time": "Tue Nov 22 06:49:36 +0000 2016"}
{"polarity": -0.6999999999999998, "location": "Atlanta, GA", "sentiment": "negative", "time": "Tue Nov 22 06:49:46 +0000 2016"}
{"polarity": 0.0, "location": "New York, NY", "sentiment": "neutral", "time": "Tue Nov 22 06:49:51 +0000 2016"}
{"polarity": 0.5, "location": "New York, NY", "sentiment": "positive", "time": "Tue Nov 22 06:45:29 +0000 2016"}
{"polarity": 0.0, "location": "San Diego, CA", "sentiment": "neutral", "time": "Tue Nov 22 06:45:35 +0000 2016"}
{"polarity": 0.0, "location": "Atlanta, GA", "sentiment": "neutral", "time": "Tue Nov 22 06:45:49 +0000 2016"}
{"polarity": 0.0, "location": "Atlanta, GA", "sentiment": "neutral", "time": "Tue Nov 22 06:06:00 +0000 2016"}
{"polarity": 0.0, "location": "Orlando, FL", "sentiment": "neutral", "time": "Tue Nov 22 06:06:10 +0000 2016"}
{"polarity": 0.5, "location": "New York, NY", "sentiment": "positive", "time": "Tue Nov 22 06:06:18 +0000 2016"}
{"polarity": 0.5580357142857143, "location": "Boston, MA", "sentiment": "positive", "time": "Tue Nov 22 06:06:21 +0000 2016"}
{"polarity": 0.0, "location": "New York, NY", "sentiment": "neutral", "time": "Tue Nov 22 06:06:27 +0000 2016"}
{"polarity": -0.19999999999999998, "location": "New York, NY", "sentiment": "negative", "time": "Tue Nov 22 06:06:32 +0000 2016"}
{"polarity": 0.0, "location": "Atlanta, GA", "sentiment": "neutral", "time": "Tue Nov 22 06:06:36 +0000 2016"}
{"polarity": 0.0, "location": "New York, NY", "sentiment": "neutral", "time": "Tue Nov 22 06:06:44 +0000 2016"}
{"polarity": 0.0, "location": "San Diego, CA", "sentiment": "neutral", "time": "Tue Nov 22 06:06:48 +0000 2016"}
{"polarity": 0.0, "location": "San Diego, CA", "sentiment": "neutral", "time": "Tue Nov 22 06:20:03 +0000 2016"}
{"polarity": 0.3, "location": "Phoenix, AZ", "sentiment": "positive", "time": "Tue Nov 22 06:20:08 +0000 2016"}
{"polarity": 0.0, "location": "Seattle, WA", "sentiment": "neutral", "time": "Tue Nov 22 06:20:14 +0000 2016"}
{"polarity": 1.0, "location": "Boston, MA", "sentiment": "positive", "time": "Tue Nov 22 06:20:24 +0000 2016"}
{"polarity": 0.375, "location": "San Diego, CA", "sentiment": "positive", "time": "Tue Nov 22 06:20:35 +0000 2016"}
{"polarity": 0.0, "location": "Atlanta, GA", "sentiment": "neutral", "time": "Tue Nov 22 06:20:50 +0000 2016"}
{"polarity": 0.25, "location": "New York, NY", "sentiment": "positive", "time": "Tue Nov 22 06:20:57 +0000 2016"}
{"polarity": 0.0, "location": "Portland, OR", "sentiment": "neutral", "time": "Tue Nov 22 06:20:52 +0000 2016"}
{"polarity": -0.025, "location": "San Diego, CA", "sentiment": "negative", "time": "Tue Nov 22 06:13:13 +0000 2016"}
{"polarity": 0.0, "location": "New York, NY", "sentiment": "neutral", "time": "Tue Nov 22 06:13:23 +0000 2016"}
{"polarity": 0.0, "location": "San Diego, CA", "sentiment": "neutral", "time": "Tue Nov 22 06:13:43 +0000 2016"}
{"polarity": 0.0, "location": "San Diego, CA", "sentiment": "neutral", "time": "Tue Nov 22 06:13:51 +0000 2016"}
{"polarity": 0.0, "location": "Orlando, FL", "sentiment": "neutral", "time": "Tue Nov 22 06:13:59 +0000 2016"}
{"polarity": 0.5, "location": "San Diego, CA", "sentiment": "positive", "time": "Tue Nov 22 06:13:59 +0000 2016"}
{"polarity": 0.0, "location": "Portland, OR", "sentiment": "neutral", "time": "Tue Nov 22 06:04:26 +0000 2016"}
{"polarity": 0.0, "location": "Atlanta, GA", "sentiment": "neutral", "time": "Mon Nov 21 18:39:00 +0000 2016"}
{"polarity": 0.2, "location": "New York, NY", "sentiment": "positive", "time": "Mon Nov 21 18:39:07 +0000 2016"}
{"polarity": 0.25, "location": "San Diego, CA", "sentiment": "positive", "time": "Mon Nov 21 18:39:11 +0000 2016"}
{"polarity": -0.4, "location": "Atlanta, GA", "sentiment": "negative", "time": "Mon Nov 21 18:39:23 +0000 2016"}
{"polarity": 0.4833333333333334, "location": "Orlando, FL", "sentiment": "positive", "time": "Mon Nov 21 18:39:24 +0000 2016"}
{"polarity": 0.2340909090909091, "location": "New York, NY", "sentiment": "positive", "time": "Mon Nov 21 18:39:28 +0000 2016"}
{"polarity": -0.6, "location": "Atlanta, GA", "sentiment": "negative", "time": "Mon Nov 21 18:39:33 +0000 2016"}
{"polarity": 0.2, "location": "Seattle, WA", "sentiment": "positive", "time": "Mon Nov 21 18:39:59 +0000 2016"}
{"polarity": 0.7125, "location": "Seattle, WA", "sentiment": "positive", "time": "Mon Nov 21 18:59:10 +0000 2016"}
{"polarity": 0.0, "location": "San Diego, CA", "sentiment": "neutral", "time": "Mon Nov 21 18:59:13 +0000 2016"}
{"polarity": 0.0, "location": "Orlando, FL", "sentiment": "neutral", "time": "Mon Nov 21 18:59:16 +0000 2016"}
{"polarity": 0.0, "location": "New York, NY", "sentiment": "neutral", "time": "Mon Nov 21 18:59:27 +0000 2016"}
{"polarity": -0.025, "location": "Atlanta, GA", "sentiment": "negative", "time": "Mon Nov 21 18:19:05 +0000 2016"}
{"polarity": -0.4, "location": "Orlando, FL", "sentiment": "negative", "time": "Mon Nov 21 18:19:11 +0000 2016"}
{"polarity": 0.0, "location": "Atlanta, GA", "sentiment": "neutral", "time": "Mon Nov 21 18:19:11 +0000 2016"}
{"polarity": 0.2857142857142857, "location": "Atlanta, GA", "sentiment": "positive", "time": "Mon Nov 21 18:19:11 +0000 2016"}
{"polarity": 0.4043560606060606, "location": "Atlanta, GA", "sentiment": "positive", "time": "Mon Nov 21 18:19:13 +0000 2016"}
{"polarity": 0.0, "location": "New York, NY", "sentiment": "neutral", "time": "Mon Nov 21 18:19:15 +0000 2016"}
{"polarity": 0.39999999999999997, "location": "Atlanta, GA", "sentiment": "positive", "time": "Mon Nov 21 18:19:15 +0000 2016"}
{"polarity": 0.5625, "location": "New York, NY", "sentiment": "positive", "time": "Mon Nov 21 18:19:23 +0000 2016"}
{"polarity": 1.0, "location": "Orlando, FL", "sentiment": "positive", "time": "Mon Nov 21 18:19:26 +0000 2016"}
{"polarity": 0.0, "location": "Atlanta, GA", "sentiment": "neutral", "time": "Mon Nov 21 18:19:30 +0000 2016"}
{"polarity": 0.0, "location": "Atlanta, GA", "sentiment": "neutral", "time": "Mon Nov 21 18:19:36 +0000 2016"}
{"polarity": 0.25, "location": "Atlanta, GA", "sentiment": "positive", "time": "Mon Nov 21 18:19:36 +0000 2016"}
{"polarity": 0.6, "location": "Atlanta, GA", "sentiment": "positive", "time": "Mon Nov 21 18:19:42 +0000 2016"}
{"polarity": 0.0, "location": "San Diego, CA", "sentiment": "neutral", "time": "Mon Nov 21 18:19:44 +0000 2016"}
{"polarity": 0.20000000000000004, "location": "Atlanta, GA", "sentiment": "positive", "time": "Mon Nov 21 18:19:54 +0000 2016"}
{"polarity": 0.0, "location": "New York, NY", "sentiment": "neutral", "time": "Mon Nov 21 18:19:54 +0000 2016"}
{"polarity": 0.31153846153846154, "location": "Atlanta, GA", "sentiment": "positive", "time": "Mon Nov 21 18:19:55 +0000 2016"}
{"polarity": 0.0, "location": "New York, NY", "sentiment": "neutral", "time": "Mon Nov 21 18:19:59 +0000 2016"}
{"polarity": 0.0, "location": "San Diego, CA", "sentiment": "neutral", "time": "Mon Nov 21 18:37:00 +0000 2016"}
{"polarity": 0.375, "location": "Atlanta, GA", "sentiment": "positive", "time": "Mon Nov 21 18:37:02 +0000 2016"}
{"polarity": 0.13636363636363635, "location": "Portland, OR", "sentiment": "positive", "time": "Mon Nov 21 18:37:17 +0000 2016"}
{"polarity": 0.0, "location": "San Diego, CA", "sentiment": "neutral", "time": "Mon Nov 21 18:37:39 +0000 2016"}
{"polarity": 0.0, "location": "Seattle, WA", "sentiment": "neutral", "time": "Mon Nov 21 18:37:40 +0000 2016"}
{"polarity": -0.75, "location": "Portland, OR", "sentiment": "negative", "time": "Mon Nov 21 18:37:45 +0000 2016"}
{"polarity": 0.0, "location": "Boston, MA", "sentiment": "neutral", "time": "Mon Nov 21 18:37:56 +0000 2016"}
{"polarity": 0.375, "location": "Atlanta, GA", "sentiment": "positive", "time": "Mon Nov 21 18:37:56 +0000 2016"}
{"polarity": 0.0, "location": "New York, NY", "sentiment": "neutral", "time": "Mon Nov 21 18:37:56 +0000 2016"}
{"polarity": 0.0, "location": "Atlanta, GA", "sentiment": "neutral", "time": "Mon Nov 21 18:37:56 +0000 2016"}
{"polarity": 0.19999999999999998, "location": "Seattle, WA", "sentiment": "positive", "time": "Mon Nov 21 18:37:58 +0000 2016"}
{"polarity": 0.05416666666666666, "location": "Atlanta, GA", "sentiment": "positive", "time": "Mon Nov 21 18:31:01 +0000 2016"}
{"polarity": 0.7, "location": "San Diego, CA", "sentiment": "positive", "time": "Mon Nov 21 18:31:01 +0000 2016"}
{"polarity": 0.7, "location": "New York, NY", "sentiment": "positive", "time": "Mon Nov 21 18:31:04 +0000 2016"}
{"polarity": 0.0, "location": "New York, NY", "sentiment": "neutral", "time": "Mon Nov 21 18:31:09 +0000 2016"}
{"polarity": 0.21428571428571427, "location": "Atlanta, GA", "sentiment": "positive", "time": "Mon Nov 21 18:31:14 +0000 2016"}
{"polarity": 0.0, "location": "Orlando, FL", "sentiment": "neutral", "time": "Mon Nov 21 18:31:15 +0000 2016"}
{"polarity": -0.16666666666666666, "location": "Seattle, WA", "sentiment": "negative", "time": "Mon Nov 21 18:31:19 +0000 2016"}
{"polarity": 0.0, "location": "San Diego, CA", "sentiment": "neutral", "time": "Mon Nov 21 18:31:23 +0000 2016"}
{"polarity": 0.0, "location": "New York, NY", "sentiment": "neutral", "time": "Mon Nov 21 18:31:24 +0000 2016"}
{"polarity": 0.2, "location": "San Diego, CA", "sentiment": "positive", "time": "Mon Nov 21 18:31:31 +0000 2016"}
{"polarity": 0.03333333333333333, "location": "Portland, OR", "sentiment": "positive", "time": "Mon Nov 21 18:31:38 +0000 2016"}
{"polarity": 0.06818181818181818, "location": "Boston, MA", "sentiment": "positive", "time": "Mon Nov 21 18:31:47 +0000 2016"}
{"polarity": 0.225, "location": "Phoenix, AZ", "sentiment": "positive", "time": "Mon Nov 21 18:31:51 +0000 2016"}
{"polarity": 0.0, "location": "Atlanta, GA", "sentiment": "neutral", "time": "Mon Nov 21 18:31:55 +0000 2016"}
{"polarity": 0.0, "location": "Portland, OR", "sentiment": "neutral", "time": "Mon Nov 21 18:31:55 +0000 2016"}
{"polarity": -0.20000000000000004, "location": "New York, NY", "sentiment": "negative", "time": "Mon Nov 21 18:31:56 +0000 2016"}
{"polarity": 0.0, "location": "Seattle, WA", "sentiment": "neutral", "time": "Mon Nov 21 18:31:59 +0000 2016"}
{"polarity": 0.3, "location": "Boston, MA", "sentiment": "positive", "time": "Mon Nov 21 18:41:02 +0000 2016"}
{"polarity": 0.1481818181818182, "location": "New York, NY", "sentiment": "positive", "time": "Mon Nov 21 18:41:15 +0000 2016"}
{"polarity": 0.0, "location": "San Diego, CA", "sentiment": "neutral", "time": "Mon Nov 21 18:41:26 +0000 2016"}
{"polarity": -0.06944444444444445, "location": "Orlando, FL", "sentiment": "negative", "time": "Mon Nov 21 18:41:23 +0000 2016"}
{"polarity": 0.2, "location": "New York, NY", "sentiment": "positive", "time": "Mon Nov 21 18:41:32 +0000 2016"}
{"polarity": 0.0, "location": "San Diego, CA", "sentiment": "neutral", "time": "Mon Nov 21 18:41:34 +0000 2016"}
{"polarity": 0.5, "location": "New York, NY", "sentiment": "positive", "time": "Mon Nov 21 18:41:50 +0000 2016"}
{"polarity": -0.3472222222222222, "location": "Portland, OR", "sentiment": "negative", "time": "Mon Nov 21 18:41:58 +0000 2016"}
{"polarity": 0.5, "location": "Seattle, WA", "sentiment": "positive", "time": "Mon Nov 21 18:27:00 +0000 2016"}
{"polarity": 0.375, "location": "New York, NY", "sentiment": "positive", "time": "Mon Nov 21 18:27:03 +0000 2016"}
{"polarity": 0.0, "location": "New York, NY", "sentiment": "neutral", "time": "Mon Nov 21 18:27:09 +0000 2016"}
{"polarity": 0.0, "location": "Phoenix, AZ", "sentiment": "neutral", "time": "Mon Nov 21 18:27:11 +0000 2016"}
{"polarity": 0.0, "location": "Phoenix, AZ", "sentiment": "neutral", "time": "Mon Nov 21 18:27:12 +0000 2016"}
{"polarity": 0.8, "location": "Boston, MA", "sentiment": "positive", "time": "Mon Nov 21 18:27:14 +0000 2016"}
{"polarity": -0.7125, "location": "New York, NY", "sentiment": "negative", "time": "Mon Nov 21 18:27:14 +0000 2016"}
{"polarity": 0.5, "location": "Atlanta, GA", "sentiment": "positive", "time": "Mon Nov 21 18:27:15 +0000 2016"}
{"polarity": 0.0, "location": "San Diego, CA", "sentiment": "neutral", "time": "Mon Nov 21 18:27:16 +0000 2016"}
{"polarity": 0.0, "location": "New York, NY", "sentiment": "neutral", "time": "Mon Nov 21 18:27:19 +0000 2016"}
{"polarity": 0.0, "location": "Boston, MA", "sentiment": "neutral", "time": "Mon Nov 21 18:27:23 +0000 2016"}
{"polarity": 0.5, "location": "Atlanta, GA", "sentiment": "positive", "time": "Mon Nov 21 18:27:23 +0000 2016"}
{"polarity": 0.0, "location": "New York, NY", "sentiment": "neutral", "time": "Mon Nov 21 18:27:27 +0000 2016"}
{"polarity": 0.0, "location": "New York, NY", "sentiment": "neutral", "time": "Mon Nov 21 18:27:36 +0000 2016"}
{"polarity": 0.4, "location": "Atlanta, GA", "sentiment": "positive", "time": "Mon Nov 21 18:27:36 +0000 2016"}
{"polarity": 0.85, "location": "New York, NY", "sentiment": "positive", "time": "Mon Nov 21 18:27:40 +0000 2016"}
{"polarity": 0.0, "location": "New York, NY", "sentiment": "neutral", "time": "Mon Nov 21 18:27:44 +0000 2016"}
{"polarity": 0.0, "location": "Portland, OR", "sentiment": "neutral", "time": "Mon Nov 21 18:27:45 +0000 2016"}
{"polarity": 0.85, "location": "Phoenix, AZ", "sentiment": "positive", "time": "Mon Nov 21 18:27:48 +0000 2016"}
{"polarity": 0.1, "location": "Seattle, WA", "sentiment": "positive", "time": "Mon Nov 21 18:27:51 +0000 2016"}
{"polarity": 0.0, "location": "New York, NY", "sentiment": "neutral", "time": "Mon Nov 21 18:27:52 +0000 2016"}
{"polarity": 0.3, "location": "Atlanta, GA", "sentiment": "positive", "time": "Mon Nov 21 18:57:00 +0000 2016"}
{"polarity": 0.0, "location": "Phoenix, AZ", "sentiment": "neutral", "time": "Mon Nov 21 18:57:01 +0000 2016"}
{"polarity": 0.13636363636363635, "location": "New York, NY", "sentiment": "positive", "time": "Mon Nov 21 18:57:07 +0000 2016"}
{"polarity": 0.2, "location": "Phoenix, AZ", "sentiment": "positive", "time": "Mon Nov 21 18:57:18 +0000 2016"}
{"polarity": 0.0, "location": "Phoenix, AZ", "sentiment": "neutral", "time": "Mon Nov 21 18:57:31 +0000 2016"}
{"polarity": 0.1875, "location": "St. Louis, MO", "sentiment": "positive", "time": "Mon Nov 21 18:57:32 +0000 2016"}
{"polarity": 0.0, "location": "New York, NY", "sentiment": "neutral", "time": "Mon Nov 21 18:57:39 +0000 2016"}
{"polarity": -0.05, "location": "Seattle, WA", "sentiment": "negative", "time": "Mon Nov 21 18:57:48 +0000 2016"}
{"polarity": 0.0, "location": "Atlanta, GA", "sentiment": "neutral", "time": "Mon Nov 21 18:57:51 +0000 2016"}
{"polarity": 0.0, "location": "Atlanta, GA", "sentiment": "neutral", "time": "Mon Nov 21 18:57:52 +0000 2016"}
{"polarity": -0.5, "location": "Seattle, WA", "sentiment": "negative", "time": "Mon Nov 21 18:57:53 +0000 2016"}
{"polarity": 0.0, "location": "San Diego, CA", "sentiment": "neutral", "time": "Mon Nov 21 18:26:01 +0000 2016"}
{"polarity": 0.0, "location": "Seattle, WA", "sentiment": "neutral", "time": "Mon Nov 21 18:26:06 +0000 2016"}
{"polarity": 0.0, "location": "Atlanta, GA", "sentiment": "neutral", "time": "Mon Nov 21 18:26:19 +0000 2016"}
{"polarity": 0.0, "location": "Atlanta, GA", "sentiment": "neutral", "time": "Mon Nov 21 18:26:31 +0000 2016"}
{"polarity": 0.0, "location": "Orlando, FL", "sentiment": "neutral", "time": "Mon Nov 21 18:26:37 +0000 2016"}
{"polarity": -0.5, "location": "Seattle, WA", "sentiment": "negative", "time": "Mon Nov 21 18:26:37 +0000 2016"}
{"polarity": 0.0, "location": "Atlanta, GA", "sentiment": "neutral", "time": "Mon Nov 21 18:26:38 +0000 2016"}
{"polarity": 0.275, "location": "Seattle, WA", "sentiment": "positive", "time": "Mon Nov 21 18:26:57 +0000 2016"}
{"polarity": 0.0, "location": "New York, NY", "sentiment": "neutral", "time": "Mon Nov 21 18:26:59 +0000 2016"}
{"polarity": 0.0, "location": "Atlanta, GA", "sentiment": "neutral", "time": "Mon Nov 21 18:58:04 +0000 2016"}
{"polarity": -0.2, "location": "Orlando, FL", "sentiment": "negative", "time": "Mon Nov 21 18:58:12 +0000 2016"}
{"polarity": 0.0, "location": "Boston, MA", "sentiment": "neutral", "time": "Mon Nov 21 18:58:32 +0000 2016"}
{"polarity": 0.0, "location": "Orlando, FL", "sentiment": "neutral", "time": "Mon Nov 21 18:58:33 +0000 2016"}
{"polarity": 0.0, "location": "Atlanta, GA", "sentiment": "neutral", "time": "Mon Nov 21 18:58:37 +0000 2016"}
{"polarity": 0.0, "location": "New York, NY", "sentiment": "neutral", "time": "Mon Nov 21 18:58:51 +0000 2016"}
{"polarity": 0.0, "location": "Boston, MA", "sentiment": "neutral", "time": "Mon Nov 21 18:58:56 +0000 2016"}
{"polarity": 0.0, "location": "Atlanta, GA", "sentiment": "neutral", "time": "Mon Nov 21 18:42:06 +0000 2016"}
{"polarity": 0.0, "location": "Atlanta, GA", "sentiment": "neutral", "time": "Mon Nov 21 18:42:06 +0000 2016"}
{"polarity": 0.5, "location": "Atlanta, GA", "sentiment": "positive", "time": "Mon Nov 21 18:42:07 +0000 2016"}
{"polarity": 0.0, "location": "New York, NY", "sentiment": "neutral", "time": "Mon Nov 21 18:42:08 +0000 2016"}
{"polarity": 0.5, "location": "Atlanta, GA", "sentiment": "positive", "time": "Mon Nov 21 18:42:07 +0000 2016"}
{"polarity": 0.0, "location": "Seattle, WA", "sentiment": "neutral", "time": "Mon Nov 21 18:42:08 +0000 2016"}
{"polarity": 0.35, "location": "Atlanta, GA", "sentiment": "positive", "time": "Mon Nov 21 18:42:15 +0000 2016"}
{"polarity": 0.3181818181818182, "location": "New York, NY", "sentiment": "positive", "time": "Mon Nov 21 18:42:08 +0000 2016"}
{"polarity": 0.0, "location": "Portland, OR", "sentiment": "neutral", "time": "Mon Nov 21 18:42:17 +0000 2016"}
{"polarity": 0.0, "location": "Boston, MA", "sentiment": "neutral", "time": "Mon Nov 21 18:42:18 +0000 2016"}
{"polarity": 0.10714285714285714, "location": "Boston, MA", "sentiment": "positive", "time": "Mon Nov 21 18:42:20 +0000 2016"}
{"polarity": 0.0, "location": "Phoenix, AZ", "sentiment": "neutral", "time": "Mon Nov 21 18:42:23 +0000 2016"}
{"polarity": 0.25, "location": "Atlanta, GA", "sentiment": "positive", "time": "Mon Nov 21 18:42:33 +0000 2016"}
{"polarity": 0.0, "location": "Portland, OR", "sentiment": "neutral", "time": "Mon Nov 21 18:42:33 +0000 2016"}
{"polarity": -0.74, "location": "Atlanta, GA", "sentiment": "negative", "time": "Mon Nov 21 18:42:46 +0000 2016"}
{"polarity": 0.5, "location": "Atlanta, GA", "sentiment": "positive", "time": "Mon Nov 21 18:42:16 +0000 2016"}
{"polarity": 0.0, "location": "New York, NY", "sentiment": "neutral", "time": "Mon Nov 21 18:42:49 +0000 2016"}
{"polarity": -0.2, "location": "Atlanta, GA", "sentiment": "negative", "time": "Mon Nov 21 18:42:28 +0000 2016"}
{"polarity": 0.10000000000000002, "location": "Seattle, WA", "sentiment": "positive", "time": "Mon Nov 21 18:42:56 +0000 2016"}
{"polarity": 0.625, "location": "San Diego, CA", "sentiment": "positive", "time": "Mon Nov 21 18:50:06 +0000 2016"}
{"polarity": -0.5, "location": "Seattle, WA", "sentiment": "negative", "time": "Mon Nov 21 18:50:08 +0000 2016"}
{"polarity": -0.16666666666666666, "location": "New York, NY", "sentiment": "negative", "time": "Mon Nov 21 18:50:09 +0000 2016"}
{"polarity": 0.5, "location": "New York, NY", "sentiment": "positive", "time": "Mon Nov 21 18:50:14 +0000 2016"}
{"polarity": -0.21666666666666667, "location": "Boston, MA", "sentiment": "negative", "time": "Mon Nov 21 18:50:15 +0000 2016"}
{"polarity": 0.0, "location": "Boston, MA", "sentiment": "neutral", "time": "Mon Nov 21 18:50:20 +0000 2016"}
{"polarity": -0.05, "location": "Phoenix, AZ", "sentiment": "negative", "time": "Mon Nov 21 18:50:37 +0000 2016"}
{"polarity": 0.0, "location": "Portland, OR", "sentiment": "neutral", "time": "Mon Nov 21 18:50:41 +0000 2016"}
{"polarity": 0.0, "location": "Atlanta, GA", "sentiment": "neutral", "time": "Mon Nov 21 18:50:44 +0000 2016"}
{"polarity": 0.35, "location": "Atlanta, GA", "sentiment": "positive", "time": "Mon Nov 21 18:50:45 +0000 2016"}
{"polarity": 0.0, "location": "New York, NY", "sentiment": "neutral", "time": "Mon Nov 21 18:50:45 +0000 2016"}
{"polarity": 0.0, "location": "Atlanta, GA", "sentiment": "neutral", "time": "Mon Nov 21 18:50:54 +0000 2016"}
{"polarity": 0.0, "location": "Boston, MA", "sentiment": "neutral", "time": "Mon Nov 21 18:15:01 +0000 2016"}
{"polarity": 0.4, "location": "San Diego, CA", "sentiment": "positive", "time": "Mon Nov 21 18:15:04 +0000 2016"}
{"polarity": 0.0, "location": "New York, NY", "sentiment": "neutral", "time": "Mon Nov 21 18:15:12 +0000 2016"}
{"polarity": 0.0, "location": "San Diego, CA", "sentiment": "neutral", "time": "Mon Nov 21 18:15:13 +0000 2016"}
{"polarity": 0.0, "location": "New York, NY", "sentiment": "neutral", "time": "Mon Nov 21 18:15:13 +0000 2016"}
{"polarity": 0.0, "location": "San Diego, CA", "sentiment": "neutral", "time": "Mon Nov 21 18:15:13 +0000 2016"}
{"polarity": 0.0, "location": "Portland, OR", "sentiment": "neutral", "time": "Mon Nov 21 18:15:13 +0000 2016"}
{"polarity": 0.0, "location": "Orlando, FL", "sentiment": "neutral", "time": "Mon Nov 21 18:15:27 +0000 2016"}
{"polarity": 0.13636363636363635, "location": "Seattle, WA", "sentiment": "positive", "time": "Mon Nov 21 18:15:32 +0000 2016"}
{"polarity": -0.10416666666666667, "location": "Seattle, WA", "sentiment": "negative", "time": "Mon Nov 21 18:15:32 +0000 2016"}
{"polarity": -0.1, "location": "Atlanta, GA", "sentiment": "negative", "time": "Mon Nov 21 18:15:37 +0000 2016"}
{"polarity": 0.0, "location": "Atlanta, GA", "sentiment": "neutral", "time": "Mon Nov 21 18:15:41 +0000 2016"}
{"polarity": 0.7, "location": "New York, NY", "sentiment": "positive", "time": "Mon Nov 21 18:15:42 +0000 2016"}
{"polarity": 0.175, "location": "New York, NY", "sentiment": "positive", "time": "Mon Nov 21 18:15:47 +0000 2016"}
{"polarity": 0.04166666666666667, "location": "Orlando, FL", "sentiment": "positive", "time": "Mon Nov 21 18:15:51 +0000 2016"}
{"polarity": 0.0, "location": "Portland, OR", "sentiment": "neutral", "time": "Mon Nov 21 18:15:51 +0000 2016"}
{"polarity": 0.0, "location": "Phoenix, AZ", "sentiment": "neutral", "time": "Mon Nov 21 18:15:52 +0000 2016"}
{"polarity": 0.0, "location": "Orlando, FL", "sentiment": "neutral", "time": "Mon Nov 21 18:15:56 +0000 2016"}
{"polarity": 0.0, "location": "San Diego, CA", "sentiment": "neutral", "time": "Mon Nov 21 18:38:03 +0000 2016"}
{"polarity": 0.0, "location": "Atlanta, GA", "sentiment": "neutral", "time": "Mon Nov 21 18:38:03 +0000 2016"}
{"polarity": 0.0, "location": "Atlanta, GA", "sentiment": "neutral", "time": "Mon Nov 21 18:38:03 +0000 2016"}
{"polarity": -0.125, "location": "Atlanta, GA", "sentiment": "negative", "time": "Mon Nov 21 18:38:14 +0000 2016"}
{"polarity": 0.6, "location": "Seattle, WA", "sentiment": "positive", "time": "Mon Nov 21 18:38:29 +0000 2016"}
{"polarity": 0.0, "location": "New York, NY", "sentiment": "neutral", "time": "Mon Nov 21 18:38:36 +0000 2016"}
{"polarity": 0.29166666666666663, "location": "San Diego, CA", "sentiment": "positive", "time": "Mon Nov 21 18:38:41 +0000 2016"}
{"polarity": 0.5, "location": "New York, NY", "sentiment": "positive", "time": "Mon Nov 21 18:38:49 +0000 2016"}
{"polarity": 0.0, "location": "Boston, MA", "sentiment": "neutral", "time": "Mon Nov 21 18:38:53 +0000 2016"}
{"polarity": 0.0, "location": "San Diego, CA", "sentiment": "neutral", "time": "Mon Nov 21 18:38:58 +0000 2016"}
{"polarity": 0.5, "location": "San Diego, CA", "sentiment": "positive", "time": "Mon Nov 21 18:21:07 +0000 2016"}
{"polarity": 0.44999999999999996, "location": "New York, NY", "sentiment": "positive", "time": "Mon Nov 21 18:21:09 +0000 2016"}
{"polarity": 0.0, "location": "Phoenix, AZ", "sentiment": "neutral", "time": "Mon Nov 21 18:21:12 +0000 2016"}
{"polarity": 0.5, "location": "Atlanta, GA", "sentiment": "positive", "time": "Mon Nov 21 18:21:13 +0000 2016"}
{"polarity": -0.1777777777777778, "location": "Atlanta, GA", "sentiment": "negative", "time": "Mon Nov 21 18:21:16 +0000 2016"}
{"polarity": 0.0, "location": "Orlando, FL", "sentiment": "neutral", "time": "Mon Nov 21 18:21:23 +0000 2016"}
{"polarity": 0.0, "location": "Boston, MA", "sentiment": "neutral", "time": "Mon Nov 21 18:21:25 +0000 2016"}
{"polarity": 0.0, "location": "Orlando, FL", "sentiment": "neutral", "time": "Mon Nov 21 18:21:35 +0000 2016"}
{"polarity": 0.5, "location": "Phoenix, AZ", "sentiment": "positive", "time": "Mon Nov 21 18:21:37 +0000 2016"}
{"polarity": 0.6, "location": "Orlando, FL", "sentiment": "positive", "time": "Mon Nov 21 18:21:40 +0000 2016"}
{"polarity": 0.0, "location": "Orlando, FL", "sentiment": "neutral", "time": "Mon Nov 21 18:21:41 +0000 2016"}
{"polarity": 0.05, "location": "New York, NY", "sentiment": "positive", "time": "Mon Nov 21 18:21:47 +0000 2016"}
{"polarity": -0.6, "location": "Atlanta, GA", "sentiment": "negative", "time": "Mon Nov 21 18:21:54 +0000 2016"}
{"polarity": 0.0, "location": "Seattle, WA", "sentiment": "neutral", "time": "Mon Nov 21 18:21:55 +0000 2016"}
{"polarity": 1.0, "location": "New York, NY", "sentiment": "positive", "time": "Mon Nov 21 18:21:58 +0000 2016"}
{"polarity": 0.0, "location": "Boston, MA", "sentiment": "neutral", "time": "Mon Nov 21 18:17:03 +0000 2016"}
{"polarity": 0.0, "location": "New York, NY", "sentiment": "neutral", "time": "Mon Nov 21 18:17:11 +0000 2016"}
{"polarity": 0.31666666666666665, "location": "Atlanta, GA", "sentiment": "positive", "time": "Mon Nov 21 18:17:12 +0000 2016"}
{"polarity": 0.0, "location": "New York, NY", "sentiment": "neutral", "time": "Mon Nov 21 18:17:20 +0000 2016"}
{"polarity": 0.0, "location": "Phoenix, AZ", "sentiment": "neutral", "time": "Mon Nov 21 18:17:22 +0000 2016"}
{"polarity": 0.45, "location": "Portland, OR", "sentiment": "positive", "time": "Mon Nov 21 18:17:29 +0000 2016"}
{"polarity": 0.2, "location": "Orlando, FL", "sentiment": "positive", "time": "Mon Nov 21 18:17:29 +0000 2016"}
{"polarity": 0.16666666666666666, "location": "Atlanta, GA", "sentiment": "positive", "time": "Mon Nov 21 18:17:39 +0000 2016"}
{"polarity": 0.0, "location": "Atlanta, GA", "sentiment": "neutral", "time": "Mon Nov 21 18:17:40 +0000 2016"}
{"polarity": 0.5, "location": "Seattle, WA", "sentiment": "positive", "time": "Mon Nov 21 18:17:46 +0000 2016"}
{"polarity": 0.0, "location": "San Diego, CA", "sentiment": "neutral", "time": "Mon Nov 21 18:17:47 +0000 2016"}
{"polarity": 0.2, "location": "Seattle, WA", "sentiment": "positive", "time": "Mon Nov 21 18:17:50 +0000 2016"}
{"polarity": 0.0, "location": "New York, NY", "sentiment": "neutral", "time": "Mon Nov 21 18:17:51 +0000 2016"}
{"polarity": 0.35, "location": "Boston, MA", "sentiment": "positive", "time": "Mon Nov 21 18:17:51 +0000 2016"}
{"polarity": 0.0, "location": "New York, NY", "sentiment": "neutral", "time": "Mon Nov 21 18:12:00 +0000 2016"}
{"polarity": 0.3375, "location": "Atlanta, GA", "sentiment": "positive", "time": "Mon Nov 21 18:12:03 +0000 2016"}
{"polarity": 0.0, "location": "Atlanta, GA", "sentiment": "neutral", "time": "Mon Nov 21 18:12:07 +0000 2016"}
{"polarity": 0.0, "location": "San Diego, CA", "sentiment": "neutral", "time": "Mon Nov 21 18:12:08 +0000 2016"}
{"polarity": 0.0, "location": "Boston, MA", "sentiment": "neutral", "time": "Mon Nov 21 18:12:28 +0000 2016"}
{"polarity": 0.0, "location": "New York, NY", "sentiment": "neutral", "time": "Mon Nov 21 18:12:29 +0000 2016"}
{"polarity": 0.3571428571428571, "location": "Portland, OR", "sentiment": "positive", "time": "Mon Nov 21 18:12:34 +0000 2016"}
{"polarity": 0.0, "location": "Atlanta, GA", "sentiment": "neutral", "time": "Mon Nov 21 18:12:42 +0000 2016"}
{"polarity": 0.65, "location": "Orlando, FL", "sentiment": "positive", "time": "Mon Nov 21 18:12:44 +0000 2016"}
{"polarity": 0.4444444444444444, "location": "Seattle, WA", "sentiment": "positive", "time": "Mon Nov 21 18:12:44 +0000 2016"}
{"polarity": 0.0, "location": "Orlando, FL", "sentiment": "neutral", "time": "Mon Nov 21 18:12:45 +0000 2016"}
{"polarity": 0.0, "location": "New York, NY", "sentiment": "neutral", "time": "Mon Nov 21 18:12:47 +0000 2016"}
{"polarity": 0.0, "location": "Atlanta, GA", "sentiment": "neutral", "time": "Mon Nov 21 18:12:47 +0000 2016"}
{"polarity": 0.0, "location": "Orlando, FL", "sentiment": "neutral", "time": "Mon Nov 21 18:12:59 +0000 2016"}
{"polarity": 0.13636363636363635, "location": "New York, NY", "sentiment": "positive", "time": "Mon Nov 21 18:29:01 +0000 2016"}
{"polarity": 0.25, "location": "San Diego, CA", "sentiment": "positive", "time": "Mon Nov 21 18:29:04 +0000 2016"}
{"polarity": 0.2, "location": "Atlanta, GA", "sentiment": "positive", "time": "Mon Nov 21 18:29:28 +0000 2016"}
{"polarity": 0.46875, "location": "Seattle, WA", "sentiment": "positive", "time": "Mon Nov 21 18:29:38 +0000 2016"}
{"polarity": -0.8, "location": "San Diego, CA", "sentiment": "negative", "time": "Mon Nov 21 18:29:40 +0000 2016"}
{"polarity": -0.3, "location": "Seattle, WA", "sentiment": "negative", "time": "Mon Nov 21 18:29:54 +0000 2016"}
{"polarity": 0.0, "location": "Seattle, WA", "sentiment": "neutral", "time": "Mon Nov 21 18:29:54 +0000 2016"}
{"polarity": 0.0, "location": "Atlanta, GA", "sentiment": "neutral", "time": "Mon Nov 21 18:29:58 +0000 2016"}
{"polarity": 0.0, "location": "Orlando, FL", "sentiment": "neutral", "time": "Mon Nov 21 18:29:59 +0000 2016"}
{"polarity": 0.0, "location": "Seattle, WA", "sentiment": "neutral", "time": "Mon Nov 21 18:18:21 +0000 2016"}
{"polarity": 0.0, "location": "San Diego, CA", "sentiment": "neutral", "time": "Mon Nov 21 18:18:23 +0000 2016"}
{"polarity": 0.325, "location": "New York, NY", "sentiment": "positive", "time": "Mon Nov 21 18:18:29 +0000 2016"}
{"polarity": 0.0, "location": "New York, NY", "sentiment": "neutral", "time": "Mon Nov 21 18:18:31 +0000 2016"}
{"polarity": 0.0, "location": "Boston, MA", "sentiment": "neutral", "time": "Mon Nov 21 18:18:37 +0000 2016"}
{"polarity": 0.35000000000000003, "location": "Orlando, FL", "sentiment": "positive", "time": "Mon Nov 21 18:18:53 +0000 2016"}
{"polarity": -0.04999999999999999, "location": "Seattle, WA", "sentiment": "negative", "time": "Mon Nov 21 18:18:53 +0000 2016"}
{"polarity": 0.0, "location": "Orlando, FL", "sentiment": "neutral", "time": "Mon Nov 21 18:18:57 +0000 2016"}
{"polarity": 0.0, "location": "New York, NY", "sentiment": "neutral", "time": "Mon Nov 21 18:46:11 +0000 2016"}
{"polarity": 0.13636363636363635, "location": "New York, NY", "sentiment": "positive", "time": "Mon Nov 21 18:46:12 +0000 2016"}
{"polarity": 0.0, "location": "Orlando, FL", "sentiment": "neutral", "time": "Mon Nov 21 18:46:14 +0000 2016"}
{"polarity": 0.0, "location": "San Diego, CA", "sentiment": "neutral", "time": "Mon Nov 21 18:46:18 +0000 2016"}
{"polarity": -0.3333333333333333, "location": "Atlanta, GA", "sentiment": "negative", "time": "Mon Nov 21 18:46:19 +0000 2016"}
{"polarity": 0.3025568181818182, "location": "New York, NY", "sentiment": "positive", "time": "Mon Nov 21 18:46:21 +0000 2016"}
{"polarity": -0.2, "location": "Orlando, FL", "sentiment": "negative", "time": "Mon Nov 21 18:46:26 +0000 2016"}
{"polarity": 0.0, "location": "New York, NY", "sentiment": "neutral", "time": "Mon Nov 21 18:46:35 +0000 2016"}
{"polarity": 0.032756132756132754, "location": "New York, NY", "sentiment": "positive", "time": "Mon Nov 21 18:46:54 +0000 2016"}
{"polarity": 0.13636363636363635, "location": "Boston, MA", "sentiment": "positive", "time": "Mon Nov 21 18:00:01 +0000 2016"}
{"polarity": 0.0, "location": "New York, NY", "sentiment": "neutral", "time": "Mon Nov 21 18:00:03 +0000 2016"}
{"polarity": 0.0, "location": "Atlanta, GA", "sentiment": "neutral", "time": "Mon Nov 21 18:00:05 +0000 2016"}
{"polarity": 0.0, "location": "San Diego, CA", "sentiment": "neutral", "time": "Mon Nov 21 18:00:06 +0000 2016"}
{"polarity": 0.4, "location": "New York, NY", "sentiment": "positive", "time": "Mon Nov 21 18:00:10 +0000 2016"}
{"polarity": 0.0, "location": "San Diego, CA", "sentiment": "neutral", "time": "Mon Nov 21 18:00:12 +0000 2016"}
{"polarity": 0.0, "location": "New York, NY", "sentiment": "neutral", "time": "Mon Nov 21 18:00:13 +0000 2016"}
{"polarity": 0.0, "location": "Boston, MA", "sentiment": "neutral", "time": "Mon Nov 21 18:00:18 +0000 2016"}
{"polarity": 0.0, "location": "New York, NY", "sentiment": "neutral", "time": "Mon Nov 21 18:00:21 +0000 2016"}
{"polarity": 0.0, "location": "St. Louis, MO", "sentiment": "neutral", "time": "Mon Nov 21 18:00:19 +0000 2016"}
{"polarity": 0.6, "location": "New York, NY", "sentiment": "positive", "time": "Mon Nov 21 18:00:24 +0000 2016"}
{"polarity": -0.1, "location": "New York, NY", "sentiment": "negative", "time": "Mon Nov 21 18:00:29 +0000 2016"}
{"polarity": 0.13636363636363635, "location": "New York, NY", "sentiment": "positive", "time": "Mon Nov 21 18:00:32 +0000 2016"}
{"polarity": 0.0, "location": "Atlanta, GA", "sentiment": "neutral", "time": "Mon Nov 21 18:00:19 +0000 2016"}
{"polarity": -0.28125, "location": "New York, NY", "sentiment": "negative", "time": "Mon Nov 21 18:00:51 +0000 2016"}
{"polarity": 0.5, "location": "San Diego, CA", "sentiment": "positive", "time": "Mon Nov 21 18:00:51 +0000 2016"}
{"polarity": 0.0, "location": "Boston, MA", "sentiment": "neutral", "time": "Mon Nov 21 18:00:56 +0000 2016"}
{"polarity": 0.13636363636363635, "location": "Phoenix, AZ", "sentiment": "positive", "time": "Mon Nov 21 18:00:58 +0000 2016"}
{"polarity": -0.0625, "location": "New York, NY", "sentiment": "negative", "time": "Mon Nov 21 18:00:59 +0000 2016"}
{"polarity": -0.4, "location": "Seattle, WA", "sentiment": "negative", "time": "Mon Nov 21 18:34:00 +0000 2016"}
{"polarity": 0.0, "location": "Seattle, WA", "sentiment": "neutral", "time": "Mon Nov 21 18:34:02 +0000 2016"}
{"polarity": 0.0, "location": "Orlando, FL", "sentiment": "neutral", "time": "Mon Nov 21 18:34:18 +0000 2016"}
{"polarity": 0.35, "location": "Seattle, WA", "sentiment": "positive", "time": "Mon Nov 21 18:34:27 +0000 2016"}
{"polarity": -0.13125, "location": "Orlando, FL", "sentiment": "negative", "time": "Mon Nov 21 18:34:32 +0000 2016"}
{"polarity": -0.4, "location": "Atlanta, GA", "sentiment": "negative", "time": "Mon Nov 21 18:34:38 +0000 2016"}
{"polarity": 0.0, "location": "Seattle, WA", "sentiment": "neutral", "time": "Mon Nov 21 18:34:39 +0000 2016"}
{"polarity": 0.0, "location": "New York, NY", "sentiment": "neutral", "time": "Mon Nov 21 18:34:40 +0000 2016"}
{"polarity": 0.8, "location": "New York, NY", "sentiment": "positive", "time": "Mon Nov 21 18:34:42 +0000 2016"}
{"polarity": 0.05, "location": "New York, NY", "sentiment": "positive", "time": "Mon Nov 21 18:34:44 +0000 2016"}
{"polarity": 0.0, "location": "Orlando, FL", "sentiment": "neutral", "time": "Mon Nov 21 18:34:47 +0000 2016"}
{"polarity": -0.08333333333333333, "location": "Phoenix, AZ", "sentiment": "negative", "time": "Mon Nov 21 18:34:47 +0000 2016"}
{"polarity": 0.0, "location": "Seattle, WA", "sentiment": "neutral", "time": "Mon Nov 21 18:34:48 +0000 2016"}
{"polarity": 0.0, "location": "San Diego, CA", "sentiment": "neutral", "time": "Mon Nov 21 18:34:52 +0000 2016"}
{"polarity": -0.125, "location": "Portland, OR", "sentiment": "negative", "time": "Mon Nov 21 18:34:54 +0000 2016"}
{"polarity": 0.2, "location": "Portland, OR", "sentiment": "positive", "time": "Mon Nov 21 18:34:58 +0000 2016"}
{"polarity": -1.0, "location": "New York, NY", "sentiment": "negative", "time": "Mon Nov 21 18:05:01 +0000 2016"}
{"polarity": 0.25, "location": "Atlanta, GA", "sentiment": "positive", "time": "Mon Nov 21 18:05:09 +0000 2016"}
{"polarity": 0.0, "location": "New York, NY", "sentiment": "neutral", "time": "Mon Nov 21 18:05:20 +0000 2016"}
{"polarity": 0.0, "location": "Atlanta, GA", "sentiment": "neutral", "time": "Mon Nov 21 18:05:21 +0000 2016"}
{"polarity": 0.07878787878787878, "location": "Atlanta, GA", "sentiment": "positive", "time": "Mon Nov 21 18:05:26 +0000 2016"}
{"polarity": 0.0, "location": "Boston, MA", "sentiment": "neutral", "time": "Mon Nov 21 18:05:27 +0000 2016"}
{"polarity": 0.0, "location": "St. Louis, MO", "sentiment": "neutral", "time": "Mon Nov 21 18:05:30 +0000 2016"}
{"polarity": -0.6, "location": "Boston, MA", "sentiment": "negative", "time": "Mon Nov 21 18:05:31 +0000 2016"}
{"polarity": 0.0, "location": "New York, NY", "sentiment": "neutral", "time": "Mon Nov 21 18:05:32 +0000 2016"}
{"polarity": 0.0, "location": "New York, NY", "sentiment": "neutral", "time": "Mon Nov 21 18:05:35 +0000 2016"}
{"polarity": 0.0, "location": "New York, NY", "sentiment": "neutral", "time": "Mon Nov 21 18:05:37 +0000 2016"}
{"polarity": 0.0, "location": "New York, NY", "sentiment": "neutral", "time": "Mon Nov 21 18:05:40 +0000 2016"}
{"polarity": 0.0047619047619047545, "location": "Orlando, FL", "sentiment": "positive", "time": "Mon Nov 21 18:05:44 +0000 2016"}
{"polarity": 0.2857142857142857, "location": "Portland, OR", "sentiment": "positive", "time": "Mon Nov 21 18:05:48 +0000 2016"}
{"polarity": 0.0, "location": "Atlanta, GA", "sentiment": "neutral", "time": "Mon Nov 21 18:05:59 +0000 2016"}
{"polarity": 0.0, "location": "Portland, OR", "sentiment": "neutral", "time": "Mon Nov 21 18:11:00 +0000 2016"}
{"polarity": -0.625, "location": "Seattle, WA", "sentiment": "negative", "time": "Mon Nov 21 18:11:01 +0000 2016"}
{"polarity": 0.0, "location": "Atlanta, GA", "sentiment": "neutral", "time": "Mon Nov 21 18:11:07 +0000 2016"}
{"polarity": 0.0, "location": "Seattle, WA", "sentiment": "neutral", "time": "Mon Nov 21 18:11:15 +0000 2016"}
{"polarity": 0.4833333333333334, "location": "Boston, MA", "sentiment": "positive", "time": "Mon Nov 21 18:11:22 +0000 2016"}
{"polarity": 0.16666666666666669, "location": "Atlanta, GA", "sentiment": "positive", "time": "Mon Nov 21 18:11:23 +0000 2016"}
{"polarity": 0.125, "location": "New York, NY", "sentiment": "positive", "time": "Mon Nov 21 18:11:24 +0000 2016"}
{"polarity": 0.0, "location": "Atlanta, GA", "sentiment": "neutral", "time": "Mon Nov 21 18:11:31 +0000 2016"}
{"polarity": 0.0, "location": "Atlanta, GA", "sentiment": "neutral", "time": "Mon Nov 21 18:11:34 +0000 2016"}
{"polarity": 0.0, "location": "Atlanta, GA", "sentiment": "neutral", "time": "Mon Nov 21 18:11:35 +0000 2016"}
{"polarity": 0.0, "location": "Atlanta, GA", "sentiment": "neutral", "time": "Mon Nov 21 18:11:52 +0000 2016"}
{"polarity": 0.2857142857142857, "location": "Seattle, WA", "sentiment": "positive", "time": "Mon Nov 21 18:11:52 +0000 2016"}
{"polarity": 0.0625, "location": "San Diego, CA", "sentiment": "positive", "time": "Mon Nov 21 18:11:55 +0000 2016"}
{"polarity": 0.16190476190476188, "location": "New York, NY", "sentiment": "positive", "time": "Mon Nov 21 18:11:59 +0000 2016"}
{"polarity": 0.0, "location": "Boston, MA", "sentiment": "neutral", "time": "Mon Nov 21 18:56:01 +0000 2016"}
{"polarity": -0.016666666666666666, "location": "Boston, MA", "sentiment": "negative", "time": "Mon Nov 21 18:56:03 +0000 2016"}
{"polarity": 0.45999999999999996, "location": "Phoenix, AZ", "sentiment": "positive", "time": "Mon Nov 21 18:56:05 +0000 2016"}
{"polarity": 0.125, "location": "New York, NY", "sentiment": "positive", "time": "Mon Nov 21 18:56:11 +0000 2016"}
{"polarity": 0.0, "location": "San Diego, CA", "sentiment": "neutral", "time": "Mon Nov 21 18:56:13 +0000 2016"}
{"polarity": -0.75, "location": "Phoenix, AZ", "sentiment": "negative", "time": "Mon Nov 21 18:56:14 +0000 2016"}
{"polarity": -0.2, "location": "Seattle, WA", "sentiment": "negative", "time": "Mon Nov 21 18:56:14 +0000 2016"}
{"polarity": 0.7, "location": "Boston, MA", "sentiment": "positive", "time": "Mon Nov 21 18:56:25 +0000 2016"}
{"polarity": 0.0, "location": "San Diego, CA", "sentiment": "neutral", "time": "Mon Nov 21 18:56:26 +0000 2016"}
{"polarity": 0.0, "location": "Atlanta, GA", "sentiment": "neutral", "time": "Mon Nov 21 18:56:26 +0000 2016"}
{"polarity": 0.8, "location": "Atlanta, GA", "sentiment": "positive", "time": "Mon Nov 21 18:56:28 +0000 2016"}
{"polarity": 0.30000000000000004, "location": "San Diego, CA", "sentiment": "positive", "time": "Mon Nov 21 18:56:47 +0000 2016"}
{"polarity": 0.0, "location": "Seattle, WA", "sentiment": "neutral", "time": "Mon Nov 21 18:56:48 +0000 2016"}
{"polarity": 0.0, "location": "Boston, MA", "sentiment": "neutral", "time": "Mon Nov 21 18:56:53 +0000 2016"}
{"polarity": 1.0, "location": "Seattle, WA", "sentiment": "positive", "time": "Mon Nov 21 18:47:01 +0000 2016"}
{"polarity": 0.0, "location": "New York, NY", "sentiment": "neutral", "time": "Mon Nov 21 18:47:12 +0000 2016"}
{"polarity": -0.3, "location": "New York, NY", "sentiment": "negative", "time": "Mon Nov 21 18:47:17 +0000 2016"}
{"polarity": 0.08333333333333333, "location": "Atlanta, GA", "sentiment": "positive", "time": "Mon Nov 21 18:47:31 +0000 2016"}
{"polarity": 0.5, "location": "San Diego, CA", "sentiment": "positive", "time": "Mon Nov 21 18:47:35 +0000 2016"}
{"polarity": 0.0, "location": "Seattle, WA", "sentiment": "neutral", "time": "Mon Nov 21 18:47:42 +0000 2016"}
{"polarity": 0.0875, "location": "San Diego, CA", "sentiment": "positive", "time": "Mon Nov 21 18:47:42 +0000 2016"}
{"polarity": -0.1, "location": "New York, NY", "sentiment": "negative", "time": "Mon Nov 21 18:47:55 +0000 2016"}
{"polarity": -0.6, "location": "Portland, OR", "sentiment": "negative", "time": "Mon Nov 21 18:47:58 +0000 2016"}
{"polarity": 0.7, "location": "New York, NY", "sentiment": "positive", "time": "Mon Nov 21 18:52:02 +0000 2016"}
{"polarity": 1.0, "location": "Portland, OR", "sentiment": "positive", "time": "Mon Nov 21 18:52:04 +0000 2016"}
{"polarity": 0.08928571428571429, "location": "New York, NY", "sentiment": "positive", "time": "Mon Nov 21 18:52:04 +0000 2016"}
{"polarity": 0.25, "location": "Orlando, FL", "sentiment": "positive", "time": "Mon Nov 21 18:52:05 +0000 2016"}
{"polarity": 0.0, "location": "Seattle, WA", "sentiment": "neutral", "time": "Mon Nov 21 18:52:05 +0000 2016"}
{"polarity": 0.1, "location": "Orlando, FL", "sentiment": "positive", "time": "Mon Nov 21 18:52:08 +0000 2016"}
{"polarity": 0.0, "location": "New York, NY", "sentiment": "neutral", "time": "Mon Nov 21 18:52:12 +0000 2016"}
{"polarity": 0.25, "location": "San Diego, CA", "sentiment": "positive", "time": "Mon Nov 21 18:52:14 +0000 2016"}
{"polarity": 0.0, "location": "New York, NY", "sentiment": "neutral", "time": "Mon Nov 21 18:52:20 +0000 2016"}
{"polarity": 0.0, "location": "New York, NY", "sentiment": "neutral", "time": "Mon Nov 21 18:52:26 +0000 2016"}
{"polarity": 0.0, "location": "Phoenix, AZ", "sentiment": "neutral", "time": "Mon Nov 21 18:52:29 +0000 2016"}
{"polarity": 0.0, "location": "San Diego, CA", "sentiment": "neutral", "time": "Mon Nov 21 18:52:31 +0000 2016"}
{"polarity": 0.0, "location": "New York, NY", "sentiment": "neutral", "time": "Mon Nov 21 18:52:46 +0000 2016"}
{"polarity": 0.0, "location": "New York, NY", "sentiment": "neutral", "time": "Mon Nov 21 18:52:47 +0000 2016"}
{"polarity": 0.0, "location": "Atlanta, GA", "sentiment": "neutral", "time": "Mon Nov 21 18:52:58 +0000 2016"}
{"polarity": 0.14285714285714285, "location": "San Diego, CA", "sentiment": "positive", "time": "Mon Nov 21 18:53:01 +0000 2016"}
{"polarity": 0.0, "location": "Orlando, FL", "sentiment": "neutral", "time": "Mon Nov 21 18:53:10 +0000 2016"}
{"polarity": 0.0, "location": "Phoenix, AZ", "sentiment": "neutral", "time": "Mon Nov 21 18:53:10 +0000 2016"}
{"polarity": 0.0, "location": "Boston, MA", "sentiment": "neutral", "time": "Mon Nov 21 18:53:26 +0000 2016"}
{"polarity": 0.0, "location": "New York, NY", "sentiment": "neutral", "time": "Mon Nov 21 18:53:30 +0000 2016"}
{"polarity": -0.15555555555555559, "location": "Portland, OR", "sentiment": "negative", "time": "Mon Nov 21 18:53:42 +0000 2016"}
{"polarity": 0.0, "location": "Portland, OR", "sentiment": "neutral", "time": "Mon Nov 21 18:53:58 +0000 2016"}
{"polarity": 0.13636363636363635, "location": "New York, NY", "sentiment": "positive", "time": "Mon Nov 21 18:02:02 +0000 2016"}
{"polarity": 0.0, "location": "Atlanta, GA", "sentiment": "neutral", "time": "Mon Nov 21 18:02:06 +0000 2016"}
{"polarity": 0.30000000000000004, "location": "San Diego, CA", "sentiment": "positive", "time": "Mon Nov 21 18:02:08 +0000 2016"}
{"polarity": 0.3, "location": "Phoenix, AZ", "sentiment": "positive", "time": "Mon Nov 21 18:02:12 +0000 2016"}
{"polarity": 0.2, "location": "Atlanta, GA", "sentiment": "positive", "time": "Mon Nov 21 18:02:02 +0000 2016"}
{"polarity": -0.2625, "location": "New York, NY", "sentiment": "negative", "time": "Mon Nov 21 18:02:18 +0000 2016"}
{"polarity": 0.3125, "location": "St. Louis, MO", "sentiment": "positive", "time": "Mon Nov 21 18:02:06 +0000 2016"}
{"polarity": 0.4000000000000001, "location": "New York, NY", "sentiment": "positive", "time": "Mon Nov 21 18:02:24 +0000 2016"}
{"polarity": -0.022222222222222216, "location": "Seattle, WA", "sentiment": "negative", "time": "Mon Nov 21 18:02:24 +0000 2016"}
{"polarity": 0.0, "location": "New York, NY", "sentiment": "neutral", "time": "Mon Nov 21 18:02:25 +0000 2016"}
{"polarity": 0.375, "location": "Atlanta, GA", "sentiment": "positive", "time": "Mon Nov 21 18:02:26 +0000 2016"}
{"polarity": 0.25, "location": "New York, NY", "sentiment": "positive", "time": "Mon Nov 21 18:02:32 +0000 2016"}
{"polarity": 0.01111111111111109, "location": "Atlanta, GA", "sentiment": "positive", "time": "Mon Nov 21 18:02:44 +0000 2016"}
{"polarity": 0.0, "location": "Seattle, WA", "sentiment": "neutral", "time": "Mon Nov 21 18:02:45 +0000 2016"}
{"polarity": 0.36666666666666664, "location": "Phoenix, AZ", "sentiment": "positive", "time": "Mon Nov 21 18:02:49 +0000 2016"}
{"polarity": 0.06818181818181818, "location": "New York, NY", "sentiment": "positive", "time": "Mon Nov 21 18:02:54 +0000 2016"}
