{"polarity": 0.0, "location": "Boston, MA", "sentiment": "neutral", "time": "Mon Nov 21 11:48:12 +0000 2016"}
{"polarity": 0.4, "location": "Boston, MA", "sentiment": "positive", "time": "Mon Nov 21 11:48:40 +0000 2016"}
{"polarity": 0.0, "location": "Boston, MA", "sentiment": "neutral", "time": "Mon Nov 21 11:48:42 +0000 2016"}
{"polarity": 0.0, "location": "Phoenix, AZ", "sentiment": "neutral", "time": "Mon Nov 21 11:48:44 +0000 2016"}
{"polarity": 0.35, "location": "New York, NY", "sentiment": "positive", "time": "Mon Nov 21 11:25:25 +0000 2016"}
{"polarity": 0.0, "location": "Boston, MA", "sentiment": "neutral", "time": "Mon Nov 21 11:25:34 +0000 2016"}
{"polarity": 0.0, "location": "New York, NY", "sentiment": "neutral", "time": "Mon Nov 21 11:25:53 +0000 2016"}
{"polarity": 0.0, "location": "Boston, MA", "sentiment": "neutral", "time": "Mon Nov 21 11:16:39 +0000 2016"}
{"polarity": 0.0, "location": "Portland, OR", "sentiment": "neutral", "time": "Mon Nov 21 11:16:57 +0000 2016"}
{"polarity": -0.5, "location": "Portland, OR", "sentiment": "negative", "time": "Mon Nov 21 11:14:00 +0000 2016"}
{"polarity": 0.0, "location": "Atlanta, GA", "sentiment": "neutral", "time": "Mon Nov 21 11:14:10 +0000 2016"}
{"polarity": 0.0, "location": "Boston, MA", "sentiment": "neutral", "time": "Mon Nov 21 11:14:16 +0000 2016"}
{"polarity": 0.0, "location": "Orlando, FL", "sentiment": "neutral", "time": "Mon Nov 21 11:14:18 +0000 2016"}
{"polarity": -0.03333333333333333, "location": "Boston, MA", "sentiment": "negative", "time": "Mon Nov 21 11:14:26 +0000 2016"}
{"polarity": 0.0, "location": "Portland, OR", "sentiment": "neutral", "time": "Mon Nov 21 11:14:50 +0000 2016"}
{"polarity": -0.16666666666666666, "location": "San Diego, CA", "sentiment": "negative", "time": "Mon Nov 21 11:23:06 +0000 2016"}
{"polarity": 0.1, "location": "Phoenix, AZ", "sentiment": "positive", "time": "Mon Nov 21 11:23:19 +0000 2016"}
{"polarity": -0.08181818181818182, "location": "Atlanta, GA", "sentiment": "negative", "time": "Mon Nov 21 11:23:35 +0000 2016"}
{"polarity": -0.2, "location": "Boston, MA", "sentiment": "negative", "time": "Mon Nov 21 11:07:05 +0000 2016"}
{"polarity": 0.13999999999999999, "location": "Atlanta, GA", "sentiment": "positive", "time": "Mon Nov 21 11:07:19 +0000 2016"}
{"polarity": 0.0, "location": "San Diego, CA", "sentiment": "neutral", "time": "Mon Nov 21 11:07:22 +0000 2016"}
{"polarity": 0.0, "location": "Atlanta, GA", "sentiment": "neutral", "time": "Mon Nov 21 11:51:03 +0000 2016"}
{"polarity": 0.2, "location": "New York, NY", "sentiment": "positive", "time": "Mon Nov 21 11:51:21 +0000 2016"}
{"polarity": 0.0, "location": "New York, NY", "sentiment": "neutral", "time": "Mon Nov 21 11:51:16 +0000 2016"}
{"polarity": 0.875, "location": "New York, NY", "sentiment": "positive", "time": "Mon Nov 21 11:30:11 +0000 2016"}
{"polarity": 0.5, "location": "New York, NY", "sentiment": "positive", "time": "Mon Nov 21 11:30:23 +0000 2016"}
{"polarity": 0.09999999999999999, "location": "Atlanta, GA", "sentiment": "positive", "time": "Mon Nov 21 11:30:41 +0000 2016"}
{"polarity": 0.0, "location": "St. Louis, MO", "sentiment": "neutral", "time": "Mon Nov 21 11:03:23 +0000 2016"}
{"polarity": 0.0, "location": "New York, NY", "sentiment": "neutral", "time": "Mon Nov 21 11:03:25 +0000 2016"}
{"polarity": 0.3666666666666667, "location": "New York, NY", "sentiment": "positive", "time": "Mon Nov 21 11:03:29 +0000 2016"}
{"polarity": 0.16193181818181818, "location": "Phoenix, AZ", "sentiment": "positive", "time": "Mon Nov 21 11:03:34 +0000 2016"}
{"polarity": -0.5, "location": "Portland, OR", "sentiment": "negative", "time": "Mon Nov 21 11:03:38 +0000 2016"}
{"polarity": 0.0, "location": "Orlando, FL", "sentiment": "neutral", "time": "Mon Nov 21 11:40:03 +0000 2016"}
{"polarity": 0.0, "location": "San Diego, CA", "sentiment": "neutral", "time": "Mon Nov 21 11:40:16 +0000 2016"}
{"polarity": 0.0, "location": "San Diego, CA", "sentiment": "neutral", "time": "Mon Nov 21 11:40:32 +0000 2016"}
{"polarity": 0.3, "location": "Portland, OR", "sentiment": "positive", "time": "Mon Nov 21 11:35:08 +0000 2016"}
{"polarity": 0.8, "location": "Boston, MA", "sentiment": "positive", "time": "Mon Nov 21 11:35:22 +0000 2016"}
{"polarity": 0.06818181818181818, "location": "New York, NY", "sentiment": "positive", "time": "Mon Nov 21 11:35:33 +0000 2016"}
{"polarity": 0.0, "location": "Atlanta, GA", "sentiment": "neutral", "time": "Mon Nov 21 11:35:36 +0000 2016"}
{"polarity": 0.0, "location": "Atlanta, GA", "sentiment": "neutral", "time": "Mon Nov 21 11:35:43 +0000 2016"}
{"polarity": 0.0, "location": "San Diego, CA", "sentiment": "neutral", "time": "Mon Nov 21 11:35:54 +0000 2016"}
{"polarity": 0.0, "location": "Seattle, WA", "sentiment": "neutral", "time": "Mon Nov 21 11:43:02 +0000 2016"}
{"polarity": 0.06818181818181818, "location": "New York, NY", "sentiment": "positive", "time": "Mon Nov 21 11:43:20 +0000 2016"}
{"polarity": 0.1, "location": "Portland, OR", "sentiment": "positive", "time": "Mon Nov 21 11:10:13 +0000 2016"}
{"polarity": -0.5, "location": "Seattle, WA", "sentiment": "negative", "time": "Mon Nov 21 11:10:23 +0000 2016"}
{"polarity": 0.0, "location": "New York, NY", "sentiment": "neutral", "time": "Mon Nov 21 11:10:33 +0000 2016"}
{"polarity": 0.0, "location": "Seattle, WA", "sentiment": "neutral", "time": "Mon Nov 21 11:10:36 +0000 2016"}
{"polarity": 0.0, "location": "St. Louis, MO", "sentiment": "neutral", "time": "Mon Nov 21 11:10:37 +0000 2016"}
{"polarity": 0.0, "location": "Atlanta, GA", "sentiment": "neutral", "time": "Mon Nov 21 11:10:38 +0000 2016"}
{"polarity": -0.2, "location": "Phoenix, AZ", "sentiment": "negative", "time": "Mon Nov 21 11:54:23 +0000 2016"}
{"polarity": 1.0, "location": "New York, NY", "sentiment": "positive", "time": "Mon Nov 21 11:54:51 +0000 2016"}
{"polarity": 0.44642857142857145, "location": "New York, NY", "sentiment": "positive", "time": "Mon Nov 21 11:24:44 +0000 2016"}
{"polarity": 0.037500000000000006, "location": "Atlanta, GA", "sentiment": "positive", "time": "Mon Nov 21 11:24:57 +0000 2016"}
{"polarity": 0.8, "location": "Seattle, WA", "sentiment": "positive", "time": "Mon Nov 21 11:32:02 +0000 2016"}
{"polarity": 0.5, "location": "Atlanta, GA", "sentiment": "positive", "time": "Mon Nov 21 11:32:06 +0000 2016"}
{"polarity": 0.0, "location": "New York, NY", "sentiment": "neutral", "time": "Mon Nov 21 11:32:15 +0000 2016"}
{"polarity": 0.13636363636363635, "location": "New York, NY", "sentiment": "positive", "time": "Mon Nov 21 11:32:21 +0000 2016"}
{"polarity": -0.16666666666666666, "location": "San Diego, CA", "sentiment": "negative", "time": "Mon Nov 21 11:32:22 +0000 2016"}
{"polarity": 0.0, "location": "New York, NY", "sentiment": "neutral", "time": "Mon Nov 21 11:32:49 +0000 2016"}
{"polarity": 0.8, "location": "Boston, MA", "sentiment": "positive", "time": "Mon Nov 21 11:32:54 +0000 2016"}
{"polarity": 0.13636363636363635, "location": "Atlanta, GA", "sentiment": "positive", "time": "Mon Nov 21 11:32:59 +0000 2016"}
{"polarity": 0.16, "location": "New York, NY", "sentiment": "positive", "time": "Mon Nov 21 11:36:08 +0000 2016"}
{"polarity": -0.3888888888888889, "location": "Boston, MA", "sentiment": "negative", "time": "Mon Nov 21 11:36:33 +0000 2016"}
{"polarity": 0.13636363636363635, "location": "Boston, MA", "sentiment": "positive", "time": "Mon Nov 21 11:01:03 +0000 2016"}
{"polarity": 0.3333333333333333, "location": "New York, NY", "sentiment": "positive", "time": "Mon Nov 21 11:01:24 +0000 2016"}
{"polarity": 0.8, "location": "Atlanta, GA", "sentiment": "positive", "time": "Mon Nov 21 11:01:43 +0000 2016"}
{"polarity": 0.5, "location": "Boston, MA", "sentiment": "positive", "time": "Mon Nov 21 11:55:02 +0000 2016"}
{"polarity": 0.16, "location": "Boston, MA", "sentiment": "positive", "time": "Mon Nov 21 11:55:10 +0000 2016"}
{"polarity": 0.0, "location": "San Diego, CA", "sentiment": "neutral", "time": "Mon Nov 21 11:09:37 +0000 2016"}
{"polarity": 0.0, "location": "Atlanta, GA", "sentiment": "neutral", "time": "Mon Nov 21 11:09:38 +0000 2016"}
{"polarity": 0.25, "location": "Seattle, WA", "sentiment": "positive", "time": "Mon Nov 21 11:09:43 +0000 2016"}
{"polarity": 0.0, "location": "Boston, MA", "sentiment": "neutral", "time": "Mon Nov 21 11:33:01 +0000 2016"}
{"polarity": 0.0, "location": "Atlanta, GA", "sentiment": "neutral", "time": "Mon Nov 21 11:33:28 +0000 2016"}
{"polarity": 0.85, "location": "Orlando, FL", "sentiment": "positive", "time": "Mon Nov 21 11:44:23 +0000 2016"}
{"polarity": 0.0, "location": "Atlanta, GA", "sentiment": "neutral", "time": "Mon Nov 21 11:44:43 +0000 2016"}
{"polarity": 0.0, "location": "Atlanta, GA", "sentiment": "neutral", "time": "Mon Nov 21 11:28:06 +0000 2016"}
{"polarity": 0.0, "location": "Seattle, WA", "sentiment": "neutral", "time": "Mon Nov 21 11:28:09 +0000 2016"}
{"polarity": 0.0, "location": "New York, NY", "sentiment": "neutral", "time": "Mon Nov 21 11:28:10 +0000 2016"}
{"polarity": 0.0, "location": "Orlando, FL", "sentiment": "neutral", "time": "Mon Nov 21 11:28:13 +0000 2016"}
{"polarity": 0.0, "location": "Orlando, FL", "sentiment": "neutral", "time": "Mon Nov 21 11:28:16 +0000 2016"}
{"polarity": 0.0, "location": "Atlanta, GA", "sentiment": "neutral", "time": "Mon Nov 21 11:22:14 +0000 2016"}
{"polarity": 0.0, "location": "Atlanta, GA", "sentiment": "neutral", "time": "Mon Nov 21 11:22:25 +0000 2016"}
{"polarity": 0.25, "location": "Atlanta, GA", "sentiment": "positive", "time": "Mon Nov 21 11:22:30 +0000 2016"}
{"polarity": 0.0, "location": "Phoenix, AZ", "sentiment": "neutral", "time": "Mon Nov 21 11:22:33 +0000 2016"}
{"polarity": 0.2583333333333333, "location": "New York, NY", "sentiment": "positive", "time": "Mon Nov 21 11:22:52 +0000 2016"}
{"polarity": 0.0, "location": "Boston, MA", "sentiment": "neutral", "time": "Mon Nov 21 11:49:03 +0000 2016"}
{"polarity": 0.0, "location": "Seattle, WA", "sentiment": "neutral", "time": "Mon Nov 21 11:49:10 +0000 2016"}
{"polarity": 0.0, "location": "New York, NY", "sentiment": "neutral", "time": "Mon Nov 21 11:49:17 +0000 2016"}
{"polarity": 0.0, "location": "New York, NY", "sentiment": "neutral", "time": "Mon Nov 21 11:49:39 +0000 2016"}
{"polarity": 0.5, "location": "New York, NY", "sentiment": "positive", "time": "Mon Nov 21 11:49:54 +0000 2016"}
{"polarity": 0.09999999999999999, "location": "Atlanta, GA", "sentiment": "positive", "time": "Mon Nov 21 11:45:23 +0000 2016"}
{"polarity": 0.5, "location": "Boston, MA", "sentiment": "positive", "time": "Mon Nov 21 11:45:50 +0000 2016"}
{"polarity": 0.4, "location": "Seattle, WA", "sentiment": "positive", "time": "Mon Nov 21 11:06:05 +0000 2016"}
{"polarity": 0.5, "location": "New York, NY", "sentiment": "positive", "time": "Mon Nov 21 11:06:26 +0000 2016"}
{"polarity": 0.0, "location": "Atlanta, GA", "sentiment": "neutral", "time": "Mon Nov 21 11:06:59 +0000 2016"}
{"polarity": 0.0, "location": "New York, NY", "sentiment": "neutral", "time": "Mon Nov 21 11:20:10 +0000 2016"}
{"polarity": 0.0, "location": "Boston, MA", "sentiment": "neutral", "time": "Mon Nov 21 11:20:16 +0000 2016"}
{"polarity": -0.2, "location": "St. Louis, MO", "sentiment": "negative", "time": "Mon Nov 21 11:20:25 +0000 2016"}
{"polarity": 0.0, "location": "Orlando, FL", "sentiment": "neutral", "time": "Mon Nov 21 11:20:40 +0000 2016"}
{"polarity": 0.0, "location": "Orlando, FL", "sentiment": "neutral", "time": "Mon Nov 21 11:13:06 +0000 2016"}
{"polarity": 0.14285714285714285, "location": "Atlanta, GA", "sentiment": "positive", "time": "Mon Nov 21 11:13:33 +0000 2016"}
{"polarity": 0.3125, "location": "Boston, MA", "sentiment": "positive", "time": "Mon Nov 21 11:13:38 +0000 2016"}
{"polarity": 0.0, "location": "San Diego, CA", "sentiment": "neutral", "time": "Mon Nov 21 11:04:18 +0000 2016"}
{"polarity": 0.0, "location": "Atlanta, GA", "sentiment": "neutral", "time": "Mon Nov 21 11:04:06 +0000 2016"}
{"polarity": 0.43333333333333335, "location": "Portland, OR", "sentiment": "positive", "time": "Mon Nov 21 11:04:59 +0000 2016"}
{"polarity": 0.9166666666666666, "location": "Orlando, FL", "sentiment": "positive", "time": "Mon Nov 21 20:39:05 +0000 2016"}
{"polarity": 0.08333333333333333, "location": "New York, NY", "sentiment": "positive", "time": "Mon Nov 21 20:39:08 +0000 2016"}
{"polarity": -0.25, "location": "New York, NY", "sentiment": "negative", "time": "Mon Nov 21 20:39:10 +0000 2016"}
{"polarity": 0.5, "location": "San Diego, CA", "sentiment": "positive", "time": "Mon Nov 21 20:39:17 +0000 2016"}
{"polarity": 0.2, "location": "New York, NY", "sentiment": "positive", "time": "Mon Nov 21 20:39:20 +0000 2016"}
{"polarity": 0.0, "location": "Seattle, WA", "sentiment": "neutral", "time": "Mon Nov 21 20:39:24 +0000 2016"}
{"polarity": 0.0, "location": "San Diego, CA", "sentiment": "neutral", "time": "Mon Nov 21 20:39:26 +0000 2016"}
{"polarity": 0.0, "location": "Boston, MA", "sentiment": "neutral", "time": "Mon Nov 21 20:39:29 +0000 2016"}
{"polarity": 0.9, "location": "Atlanta, GA", "sentiment": "positive", "time": "Mon Nov 21 20:39:36 +0000 2016"}
{"polarity": 0.0, "location": "Atlanta, GA", "sentiment": "neutral", "time": "Mon Nov 21 20:39:38 +0000 2016"}
{"polarity": 0.011111111111111113, "location": "Portland, OR", "sentiment": "positive", "time": "Mon Nov 21 20:39:41 +0000 2016"}
{"polarity": 0.0, "location": "New York, NY", "sentiment": "neutral", "time": "Mon Nov 21 20:39:52 +0000 2016"}
{"polarity": 0.4, "location": "New York, NY", "sentiment": "positive", "time": "Mon Nov 21 20:39:53 +0000 2016"}
{"polarity": -0.05, "location": "San Diego, CA", "sentiment": "negative", "time": "Mon Nov 21 20:39:53 +0000 2016"}
{"polarity": 0.3571428571428571, "location": "Portland, OR", "sentiment": "positive", "time": "Mon Nov 21 20:59:01 +0000 2016"}
{"polarity": 0.5, "location": "San Diego, CA", "sentiment": "positive", "time": "Mon Nov 21 20:59:06 +0000 2016"}
{"polarity": 0.125, "location": "New York, NY", "sentiment": "positive", "time": "Mon Nov 21 20:59:07 +0000 2016"}
{"polarity": -0.15476190476190477, "location": "New York, NY", "sentiment": "negative", "time": "Mon Nov 21 20:59:23 +0000 2016"}
{"polarity": 0.0, "location": "Portland, OR", "sentiment": "neutral", "time": "Mon Nov 21 20:59:23 +0000 2016"}
{"polarity": 0.0, "location": "Portland, OR", "sentiment": "neutral", "time": "Mon Nov 21 20:59:24 +0000 2016"}
{"polarity": 0.0, "location": "Orlando, FL", "sentiment": "neutral", "time": "Mon Nov 21 20:59:24 +0000 2016"}
{"polarity": 0.0, "location": "Portland, OR", "sentiment": "neutral", "time": "Mon Nov 21 20:59:31 +0000 2016"}
{"polarity": 0.5, "location": "Portland, OR", "sentiment": "positive", "time": "Mon Nov 21 20:59:38 +0000 2016"}
{"polarity": 0.26666666666666666, "location": "Orlando, FL", "sentiment": "positive", "time": "Mon Nov 21 20:59:44 +0000 2016"}
{"polarity": 0.04166666666666666, "location": "Atlanta, GA", "sentiment": "positive", "time": "Mon Nov 21 20:19:02 +0000 2016"}
{"polarity": 0.0, "location": "Boston, MA", "sentiment": "neutral", "time": "Mon Nov 21 20:19:05 +0000 2016"}
{"polarity": 0.0, "location": "New York, NY", "sentiment": "neutral", "time": "Mon Nov 21 20:19:06 +0000 2016"}
{"polarity": 0.0, "location": "Atlanta, GA", "sentiment": "neutral", "time": "Mon Nov 21 20:19:09 +0000 2016"}
{"polarity": -0.1, "location": "New York, NY", "sentiment": "negative", "time": "Mon Nov 21 20:19:10 +0000 2016"}
{"polarity": 0.0, "location": "San Diego, CA", "sentiment": "neutral", "time": "Mon Nov 21 20:19:19 +0000 2016"}
{"polarity": 0.0, "location": "Orlando, FL", "sentiment": "neutral", "time": "Mon Nov 21 20:19:19 +0000 2016"}
{"polarity": 0.0, "location": "New York, NY", "sentiment": "neutral", "time": "Mon Nov 21 20:19:21 +0000 2016"}
{"polarity": 0.0, "location": "Seattle, WA", "sentiment": "neutral", "time": "Mon Nov 21 20:19:25 +0000 2016"}
{"polarity": 0.11212121212121212, "location": "San Diego, CA", "sentiment": "positive", "time": "Mon Nov 21 20:19:30 +0000 2016"}
{"polarity": 0.0, "location": "Orlando, FL", "sentiment": "neutral", "time": "Mon Nov 21 20:19:37 +0000 2016"}
{"polarity": 0.0, "location": "San Diego, CA", "sentiment": "neutral", "time": "Mon Nov 21 20:19:41 +0000 2016"}
{"polarity": 0.0, "location": "New York, NY", "sentiment": "neutral", "time": "Mon Nov 21 20:19:49 +0000 2016"}
{"polarity": 0.2, "location": "Portland, OR", "sentiment": "positive", "time": "Mon Nov 21 20:19:52 +0000 2016"}
{"polarity": 0.2, "location": "New York, NY", "sentiment": "positive", "time": "Mon Nov 21 20:37:03 +0000 2016"}
{"polarity": 0.0, "location": "Orlando, FL", "sentiment": "neutral", "time": "Mon Nov 21 20:37:06 +0000 2016"}
{"polarity": 0.0, "location": "New York, NY", "sentiment": "neutral", "time": "Mon Nov 21 20:37:14 +0000 2016"}
{"polarity": 0.0, "location": "San Diego, CA", "sentiment": "neutral", "time": "Mon Nov 21 20:37:19 +0000 2016"}
{"polarity": 0.0, "location": "Phoenix, AZ", "sentiment": "neutral", "time": "Mon Nov 21 20:37:18 +0000 2016"}
{"polarity": -0.07777777777777779, "location": "Portland, OR", "sentiment": "negative", "time": "Mon Nov 21 20:37:23 +0000 2016"}
{"polarity": 0.3666666666666667, "location": "New York, NY", "sentiment": "positive", "time": "Mon Nov 21 20:37:46 +0000 2016"}
{"polarity": -0.04999999999999999, "location": "Atlanta, GA", "sentiment": "negative", "time": "Mon Nov 21 20:37:52 +0000 2016"}
{"polarity": 0.0, "location": "New York, NY", "sentiment": "neutral", "time": "Mon Nov 21 20:31:00 +0000 2016"}
{"polarity": 0.0, "location": "Phoenix, AZ", "sentiment": "neutral", "time": "Mon Nov 21 20:31:01 +0000 2016"}
{"polarity": 0.0, "location": "Atlanta, GA", "sentiment": "neutral", "time": "Mon Nov 21 20:31:21 +0000 2016"}
{"polarity": 0.375, "location": "Portland, OR", "sentiment": "positive", "time": "Mon Nov 21 20:31:28 +0000 2016"}
{"polarity": 0.0, "location": "Seattle, WA", "sentiment": "neutral", "time": "Mon Nov 21 20:31:30 +0000 2016"}
{"polarity": 0.16, "location": "Seattle, WA", "sentiment": "positive", "time": "Mon Nov 21 20:31:30 +0000 2016"}
{"polarity": -0.6, "location": "New York, NY", "sentiment": "negative", "time": "Mon Nov 21 20:31:32 +0000 2016"}
{"polarity": 0.85, "location": "Atlanta, GA", "sentiment": "positive", "time": "Mon Nov 21 20:31:33 +0000 2016"}
{"polarity": -0.13181818181818183, "location": "New York, NY", "sentiment": "negative", "time": "Mon Nov 21 20:31:40 +0000 2016"}
{"polarity": 0.0, "location": "New York, NY", "sentiment": "neutral", "time": "Mon Nov 21 20:31:41 +0000 2016"}
{"polarity": 0.0, "location": "Portland, OR", "sentiment": "neutral", "time": "Mon Nov 21 20:31:53 +0000 2016"}
{"polarity": 0.16, "location": "Phoenix, AZ", "sentiment": "positive", "time": "Mon Nov 21 20:41:05 +0000 2016"}
{"polarity": 0.0, "location": "Orlando, FL", "sentiment": "neutral", "time": "Mon Nov 21 20:41:05 +0000 2016"}
{"polarity": 0.0, "location": "Atlanta, GA", "sentiment": "neutral", "time": "Mon Nov 21 20:41:12 +0000 2016"}
{"polarity": 0.5444444444444444, "location": "Portland, OR", "sentiment": "positive", "time": "Mon Nov 21 20:41:13 +0000 2016"}
{"polarity": -0.6, "location": "New York, NY", "sentiment": "negative", "time": "Mon Nov 21 20:41:14 +0000 2016"}
{"polarity": 0.75, "location": "New York, NY", "sentiment": "positive", "time": "Mon Nov 21 20:41:25 +0000 2016"}
{"polarity": 0.4916666666666667, "location": "Boston, MA", "sentiment": "positive", "time": "Mon Nov 21 20:41:26 +0000 2016"}
{"polarity": 0.25, "location": "New York, NY", "sentiment": "positive", "time": "Mon Nov 21 20:41:31 +0000 2016"}
{"polarity": -0.0625, "location": "New York, NY", "sentiment": "negative", "time": "Mon Nov 21 20:41:32 +0000 2016"}
{"polarity": 0.5, "location": "St. Louis, MO", "sentiment": "positive", "time": "Mon Nov 21 20:41:34 +0000 2016"}
{"polarity": 0.0, "location": "Atlanta, GA", "sentiment": "neutral", "time": "Mon Nov 21 20:41:35 +0000 2016"}
{"polarity": 0.0, "location": "San Diego, CA", "sentiment": "neutral", "time": "Mon Nov 21 20:41:45 +0000 2016"}
{"polarity": 0.1, "location": "Boston, MA", "sentiment": "positive", "time": "Mon Nov 21 20:41:54 +0000 2016"}
{"polarity": 0.0, "location": "Orlando, FL", "sentiment": "neutral", "time": "Mon Nov 21 20:41:58 +0000 2016"}
{"polarity": 0.2, "location": "Boston, MA", "sentiment": "positive", "time": "Mon Nov 21 20:27:00 +0000 2016"}
{"polarity": 0.0, "location": "New York, NY", "sentiment": "neutral", "time": "Mon Nov 21 20:27:09 +0000 2016"}
{"polarity": 0.0, "location": "New York, NY", "sentiment": "neutral", "time": "Mon Nov 21 20:27:30 +0000 2016"}
{"polarity": 0.3, "location": "Phoenix, AZ", "sentiment": "positive", "time": "Mon Nov 21 20:27:30 +0000 2016"}
{"polarity": 0.0, "location": "New York, NY", "sentiment": "neutral", "time": "Mon Nov 21 20:27:38 +0000 2016"}
{"polarity": 0.24500000000000002, "location": "New York, NY", "sentiment": "positive", "time": "Mon Nov 21 20:27:40 +0000 2016"}
{"polarity": 0.0, "location": "Atlanta, GA", "sentiment": "neutral", "time": "Mon Nov 21 20:27:43 +0000 2016"}
{"polarity": 0.0, "location": "Boston, MA", "sentiment": "neutral", "time": "Mon Nov 21 20:27:53 +0000 2016"}
{"polarity": -0.6, "location": "Boston, MA", "sentiment": "negative", "time": "Mon Nov 21 20:27:57 +0000 2016"}
{"polarity": 0.0, "location": "Atlanta, GA", "sentiment": "neutral", "time": "Mon Nov 21 20:57:12 +0000 2016"}
{"polarity": 0.13636363636363635, "location": "Atlanta, GA", "sentiment": "positive", "time": "Mon Nov 21 20:57:15 +0000 2016"}
{"polarity": 0.10714285714285714, "location": "San Diego, CA", "sentiment": "positive", "time": "Mon Nov 21 20:57:18 +0000 2016"}
{"polarity": 0.0, "location": "New York, NY", "sentiment": "neutral", "time": "Mon Nov 21 20:57:23 +0000 2016"}
{"polarity": 0.0, "location": "New York, NY", "sentiment": "neutral", "time": "Mon Nov 21 20:57:26 +0000 2016"}
{"polarity": 0.0, "location": "Seattle, WA", "sentiment": "neutral", "time": "Mon Nov 21 20:57:29 +0000 2016"}
{"polarity": 0.15000000000000002, "location": "Seattle, WA", "sentiment": "positive", "time": "Mon Nov 21 20:57:35 +0000 2016"}
{"polarity": 0.0, "location": "Orlando, FL", "sentiment": "neutral", "time": "Mon Nov 21 20:57:38 +0000 2016"}
{"polarity": -0.3, "location": "Atlanta, GA", "sentiment": "negative", "time": "Mon Nov 21 20:26:03 +0000 2016"}
{"polarity": 0.0, "location": "San Diego, CA", "sentiment": "neutral", "time": "Mon Nov 21 20:26:04 +0000 2016"}
{"polarity": -0.2, "location": "Seattle, WA", "sentiment": "negative", "time": "Mon Nov 21 20:26:09 +0000 2016"}
{"polarity": 0.0, "location": "Seattle, WA", "sentiment": "neutral", "time": "Mon Nov 21 20:26:14 +0000 2016"}
{"polarity": 0.0, "location": "Seattle, WA", "sentiment": "neutral", "time": "Mon Nov 21 20:26:16 +0000 2016"}
{"polarity": 0.0, "location": "Boston, MA", "sentiment": "neutral", "time": "Mon Nov 21 20:26:28 +0000 2016"}
{"polarity": 0.0, "location": "Seattle, WA", "sentiment": "neutral", "time": "Mon Nov 21 20:26:39 +0000 2016"}
{"polarity": 0.0, "location": "Atlanta, GA", "sentiment": "neutral", "time": "Mon Nov 21 20:26:42 +0000 2016"}
{"polarity": 0.4, "location": "New York, NY", "sentiment": "positive", "time": "Mon Nov 21 20:26:45 +0000 2016"}
{"polarity": -0.04416666666666665, "location": "Phoenix, AZ", "sentiment": "negative", "time": "Mon Nov 21 20:26:50 +0000 2016"}
{"polarity": 0.0, "location": "San Diego, CA", "sentiment": "neutral", "time": "Mon Nov 21 20:26:57 +0000 2016"}
{"polarity": 0.0, "location": "Boston, MA", "sentiment": "neutral", "time": "Mon Nov 21 20:58:02 +0000 2016"}
{"polarity": -0.13499999999999995, "location": "Boston, MA", "sentiment": "negative", "time": "Mon Nov 21 20:58:10 +0000 2016"}
{"polarity": 0.5, "location": "Portland, OR", "sentiment": "positive", "time": "Mon Nov 21 20:58:21 +0000 2016"}
{"polarity": 0.0, "location": "New York, NY", "sentiment": "neutral", "time": "Mon Nov 21 20:58:22 +0000 2016"}
{"polarity": 0.0, "location": "Atlanta, GA", "sentiment": "neutral", "time": "Mon Nov 21 20:58:25 +0000 2016"}
{"polarity": 0.0, "location": "Orlando, FL", "sentiment": "neutral", "time": "Mon Nov 21 20:58:30 +0000 2016"}
{"polarity": 0.14285714285714285, "location": "Portland, OR", "sentiment": "positive", "time": "Mon Nov 21 20:58:30 +0000 2016"}
{"polarity": -0.15000000000000002, "location": "Portland, OR", "sentiment": "negative", "time": "Mon Nov 21 20:58:35 +0000 2016"}
{"polarity": -0.3125, "location": "Boston, MA", "sentiment": "negative", "time": "Mon Nov 21 20:58:45 +0000 2016"}
{"polarity": 0.4375, "location": "New York, NY", "sentiment": "positive", "time": "Mon Nov 21 20:58:47 +0000 2016"}
{"polarity": 0.4333333333333333, "location": "Atlanta, GA", "sentiment": "positive", "time": "Mon Nov 21 20:58:58 +0000 2016"}
{"polarity": 0.0, "location": "Orlando, FL", "sentiment": "neutral", "time": "Mon Nov 21 20:42:04 +0000 2016"}
{"polarity": 0.06666666666666667, "location": "Atlanta, GA", "sentiment": "positive", "time": "Mon Nov 21 20:42:17 +0000 2016"}
{"polarity": 0.0, "location": "Orlando, FL", "sentiment": "neutral", "time": "Mon Nov 21 20:42:17 +0000 2016"}
{"polarity": 0.1, "location": "Seattle, WA", "sentiment": "positive", "time": "Mon Nov 21 20:42:22 +0000 2016"}
{"polarity": 0.0, "location": "Seattle, WA", "sentiment": "neutral", "time": "Mon Nov 21 20:42:23 +0000 2016"}
{"polarity": 0.5, "location": "Atlanta, GA", "sentiment": "positive", "time": "Mon Nov 21 20:42:28 +0000 2016"}
{"polarity": 0.0, "location": "Portland, OR", "sentiment": "neutral", "time": "Mon Nov 21 20:42:30 +0000 2016"}
{"polarity": -0.05, "location": "New York, NY", "sentiment": "negative", "time": "Mon Nov 21 20:42:34 +0000 2016"}
{"polarity": -0.35, "location": "Portland, OR", "sentiment": "negative", "time": "Mon Nov 21 20:42:53 +0000 2016"}
{"polarity": 0.0, "location": "Seattle, WA", "sentiment": "neutral", "time": "Mon Nov 21 20:42:54 +0000 2016"}
{"polarity": 0.0, "location": "New York, NY", "sentiment": "neutral", "time": "Mon Nov 21 20:50:04 +0000 2016"}
{"polarity": 0.2, "location": "San Diego, CA", "sentiment": "positive", "time": "Mon Nov 21 20:50:08 +0000 2016"}
{"polarity": 0.1621212121212121, "location": "New York, NY", "sentiment": "positive", "time": "Mon Nov 21 20:50:31 +0000 2016"}
{"polarity": 0.0, "location": "New York, NY", "sentiment": "neutral", "time": "Mon Nov 21 20:50:31 +0000 2016"}
{"polarity": 0.5, "location": "Atlanta, GA", "sentiment": "positive", "time": "Mon Nov 21 20:50:34 +0000 2016"}
{"polarity": 0.3571428571428571, "location": "New York, NY", "sentiment": "positive", "time": "Mon Nov 21 20:50:36 +0000 2016"}
{"polarity": -0.4583333333333333, "location": "New York, NY", "sentiment": "negative", "time": "Mon Nov 21 20:50:40 +0000 2016"}
{"polarity": 0.25, "location": "New York, NY", "sentiment": "positive", "time": "Mon Nov 21 20:50:43 +0000 2016"}
{"polarity": 0.0, "location": "New York, NY", "sentiment": "neutral", "time": "Mon Nov 21 20:15:02 +0000 2016"}
{"polarity": -0.5833333333333334, "location": "New York, NY", "sentiment": "negative", "time": "Mon Nov 21 20:15:13 +0000 2016"}
{"polarity": 0.0, "location": "New York, NY", "sentiment": "neutral", "time": "Mon Nov 21 20:15:14 +0000 2016"}
{"polarity": 0.0, "location": "Orlando, FL", "sentiment": "neutral", "time": "Mon Nov 21 20:15:24 +0000 2016"}
{"polarity": 0.175, "location": "Orlando, FL", "sentiment": "positive", "time": "Mon Nov 21 20:15:33 +0000 2016"}
{"polarity": 0.5, "location": "Kansas City, KS", "sentiment": "positive", "time": "Mon Nov 21 20:15:38 +0000 2016"}
{"polarity": 0.0, "location": "New York, NY", "sentiment": "neutral", "time": "Mon Nov 21 20:15:41 +0000 2016"}
{"polarity": 0.0, "location": "Portland, OR", "sentiment": "neutral", "time": "Mon Nov 21 20:15:47 +0000 2016"}
{"polarity": 0.5666666666666667, "location": "Atlanta, GA", "sentiment": "positive", "time": "Mon Nov 21 20:15:50 +0000 2016"}
{"polarity": 0.39999999999999997, "location": "Boston, MA", "sentiment": "positive", "time": "Mon Nov 21 20:15:52 +0000 2016"}
{"polarity": 0.0, "location": "San Diego, CA", "sentiment": "neutral", "time": "Mon Nov 21 20:38:11 +0000 2016"}
{"polarity": 0.2666666666666667, "location": "Boston, MA", "sentiment": "positive", "time": "Mon Nov 21 20:38:15 +0000 2016"}
{"polarity": 0.2857142857142857, "location": "Boston, MA", "sentiment": "positive", "time": "Mon Nov 21 20:38:20 +0000 2016"}
{"polarity": 0.04583333333333333, "location": "Phoenix, AZ", "sentiment": "positive", "time": "Mon Nov 21 20:38:35 +0000 2016"}
{"polarity": 0.0, "location": "Atlanta, GA", "sentiment": "neutral", "time": "Mon Nov 21 20:38:40 +0000 2016"}
{"polarity": 0.0, "location": "Seattle, WA", "sentiment": "neutral", "time": "Mon Nov 21 20:38:43 +0000 2016"}
{"polarity": 0.09375, "location": "Atlanta, GA", "sentiment": "positive", "time": "Mon Nov 21 20:21:01 +0000 2016"}
{"polarity": 0.0, "location": "Portland, OR", "sentiment": "neutral", "time": "Mon Nov 21 20:21:07 +0000 2016"}
{"polarity": -0.15555555555555559, "location": "New York, NY", "sentiment": "negative", "time": "Mon Nov 21 20:21:10 +0000 2016"}
{"polarity": 0.6, "location": "Portland, OR", "sentiment": "positive", "time": "Mon Nov 21 20:21:10 +0000 2016"}
{"polarity": -0.3125, "location": "Orlando, FL", "sentiment": "negative", "time": "Mon Nov 21 20:21:12 +0000 2016"}
{"polarity": 0.0, "location": "Atlanta, GA", "sentiment": "neutral", "time": "Mon Nov 21 20:21:17 +0000 2016"}
{"polarity": 0.0, "location": "Seattle, WA", "sentiment": "neutral", "time": "Mon Nov 21 20:21:30 +0000 2016"}
{"polarity": -0.16666666666666666, "location": "Orlando, FL", "sentiment": "negative", "time": "Mon Nov 21 20:21:38 +0000 2016"}
{"polarity": -0.10681818181818183, "location": "Atlanta, GA", "sentiment": "negative", "time": "Mon Nov 21 20:21:50 +0000 2016"}
{"polarity": 0.0, "location": "New York, NY", "sentiment": "neutral", "time": "Mon Nov 21 20:17:04 +0000 2016"}
{"polarity": -0.2916666666666667, "location": "Seattle, WA", "sentiment": "negative", "time": "Mon Nov 21 20:17:24 +0000 2016"}
{"polarity": 0.375, "location": "Atlanta, GA", "sentiment": "positive", "time": "Mon Nov 21 20:17:31 +0000 2016"}
{"polarity": 0.7, "location": "Orlando, FL", "sentiment": "positive", "time": "Mon Nov 21 20:17:40 +0000 2016"}
{"polarity": 0.0, "location": "Orlando, FL", "sentiment": "neutral", "time": "Mon Nov 21 20:17:45 +0000 2016"}
{"polarity": 0.11818181818181818, "location": "Boston, MA", "sentiment": "positive", "time": "Mon Nov 21 20:12:04 +0000 2016"}
{"polarity": 0.0, "location": "Orlando, FL", "sentiment": "neutral", "time": "Mon Nov 21 20:12:08 +0000 2016"}
{"polarity": 0.0, "location": "Atlanta, GA", "sentiment": "neutral", "time": "Mon Nov 21 20:12:11 +0000 2016"}
{"polarity": 0.0, "location": "New York, NY", "sentiment": "neutral", "time": "Mon Nov 21 20:12:11 +0000 2016"}
{"polarity": 0.75, "location": "New York, NY", "sentiment": "positive", "time": "Mon Nov 21 20:12:13 +0000 2016"}
{"polarity": 0.0, "location": "Orlando, FL", "sentiment": "neutral", "time": "Mon Nov 21 20:12:14 +0000 2016"}
{"polarity": 0.0, "location": "San Diego, CA", "sentiment": "neutral", "time": "Mon Nov 21 20:12:15 +0000 2016"}
{"polarity": 0.0, "location": "Seattle, WA", "sentiment": "neutral", "time": "Mon Nov 21 20:12:18 +0000 2016"}
{"polarity": 0.35, "location": "Portland, OR", "sentiment": "positive", "time": "Mon Nov 21 20:12:20 +0000 2016"}
{"polarity": 0.18522727272727274, "location": "Boston, MA", "sentiment": "positive", "time": "Mon Nov 21 20:12:20 +0000 2016"}
{"polarity": 0.0, "location": "Phoenix, AZ", "sentiment": "neutral", "time": "Mon Nov 21 20:12:25 +0000 2016"}
{"polarity": 0.3333333333333333, "location": "New York, NY", "sentiment": "positive", "time": "Mon Nov 21 20:12:48 +0000 2016"}
{"polarity": 0.21666666666666667, "location": "Orlando, FL", "sentiment": "positive", "time": "Mon Nov 21 20:12:49 +0000 2016"}
{"polarity": 0.24285714285714285, "location": "New York, NY", "sentiment": "positive", "time": "Mon Nov 21 20:12:54 +0000 2016"}
{"polarity": 0.3333333333333333, "location": "New York, NY", "sentiment": "positive", "time": "Mon Nov 21 20:12:59 +0000 2016"}
{"polarity": 0.0, "location": "Orlando, FL", "sentiment": "neutral", "time": "Mon Nov 21 20:29:04 +0000 2016"}
{"polarity": -0.4, "location": "Portland, OR", "sentiment": "negative", "time": "Mon Nov 21 20:29:09 +0000 2016"}
{"polarity": 0.0, "location": "New York, NY", "sentiment": "neutral", "time": "Mon Nov 21 20:29:12 +0000 2016"}
{"polarity": 0.5, "location": "Boston, MA", "sentiment": "positive", "time": "Mon Nov 21 20:29:13 +0000 2016"}
{"polarity": 0.8, "location": "Orlando, FL", "sentiment": "positive", "time": "Mon Nov 21 20:29:21 +0000 2016"}
{"polarity": 0.55, "location": "San Diego, CA", "sentiment": "positive", "time": "Mon Nov 21 20:29:29 +0000 2016"}
{"polarity": 0.0, "location": "Portland, OR", "sentiment": "neutral", "time": "Mon Nov 21 20:29:37 +0000 2016"}
{"polarity": -0.16666666666666666, "location": "Orlando, FL", "sentiment": "negative", "time": "Mon Nov 21 20:29:45 +0000 2016"}
{"polarity": 0.0, "location": "San Diego, CA", "sentiment": "neutral", "time": "Mon Nov 21 20:29:47 +0000 2016"}
{"polarity": 0.0, "location": "New York, NY", "sentiment": "neutral", "time": "Mon Nov 21 20:29:56 +0000 2016"}
{"polarity": 0.0, "location": "Portland, OR", "sentiment": "neutral", "time": "Mon Nov 21 20:18:00 +0000 2016"}
{"polarity": 0.13636363636363635, "location": "Phoenix, AZ", "sentiment": "positive", "time": "Mon Nov 21 20:18:03 +0000 2016"}
{"polarity": 0.0, "location": "Boston, MA", "sentiment": "neutral", "time": "Mon Nov 21 20:18:04 +0000 2016"}
{"polarity": 0.4, "location": "Boston, MA", "sentiment": "positive", "time": "Mon Nov 21 20:18:07 +0000 2016"}
{"polarity": 0.0, "location": "Seattle, WA", "sentiment": "neutral", "time": "Mon Nov 21 20:18:12 +0000 2016"}
{"polarity": 0.0, "location": "Orlando, FL", "sentiment": "neutral", "time": "Mon Nov 21 20:18:13 +0000 2016"}
{"polarity": 0.08333333333333334, "location": "Boston, MA", "sentiment": "positive", "time": "Mon Nov 21 20:18:17 +0000 2016"}
{"polarity": 0.0, "location": "New York, NY", "sentiment": "neutral", "time": "Mon Nov 21 20:18:26 +0000 2016"}
{"polarity": 0.0, "location": "Atlanta, GA", "sentiment": "neutral", "time": "Mon Nov 21 20:18:39 +0000 2016"}
{"polarity": 0.3333333333333333, "location": "Atlanta, GA", "sentiment": "positive", "time": "Mon Nov 21 20:18:59 +0000 2016"}
{"polarity": 0.0, "location": "Atlanta, GA", "sentiment": "neutral", "time": "Mon Nov 21 20:46:05 +0000 2016"}
{"polarity": 0.0, "location": "New York, NY", "sentiment": "neutral", "time": "Mon Nov 21 20:46:06 +0000 2016"}
{"polarity": -0.16666666666666666, "location": "New York, NY", "sentiment": "negative", "time": "Mon Nov 21 20:46:08 +0000 2016"}
{"polarity": 0.5, "location": "Boston, MA", "sentiment": "positive", "time": "Mon Nov 21 20:46:10 +0000 2016"}
{"polarity": 0.0, "location": "New York, NY", "sentiment": "neutral", "time": "Mon Nov 21 20:46:14 +0000 2016"}
{"polarity": -0.6, "location": "Atlanta, GA", "sentiment": "negative", "time": "Mon Nov 21 20:46:17 +0000 2016"}
{"polarity": 0.24999999999999997, "location": "Phoenix, AZ", "sentiment": "positive", "time": "Mon Nov 21 20:46:19 +0000 2016"}
{"polarity": 0.0, "location": "New York, NY", "sentiment": "neutral", "time": "Mon Nov 21 20:46:19 +0000 2016"}
{"polarity": -0.3, "location": "Atlanta, GA", "sentiment": "negative", "time": "Mon Nov 21 20:46:23 +0000 2016"}
{"polarity": 0.0, "location": "Atlanta, GA", "sentiment": "neutral", "time": "Mon Nov 21 20:46:24 +0000 2016"}
{"polarity": 0.22, "location": "Atlanta, GA", "sentiment": "positive", "time": "Mon Nov 21 20:46:25 +0000 2016"}
{"polarity": 0.0, "location": "New York, NY", "sentiment": "neutral", "time": "Mon Nov 21 20:46:33 +0000 2016"}
{"polarity": 0.5, "location": "Portland, OR", "sentiment": "positive", "time": "Mon Nov 21 20:46:34 +0000 2016"}
{"polarity": 0.0, "location": "Boston, MA", "sentiment": "neutral", "time": "Mon Nov 21 20:46:45 +0000 2016"}
{"polarity": 0.5, "location": "New York, NY", "sentiment": "positive", "time": "Mon Nov 21 20:46:46 +0000 2016"}
{"polarity": -0.25, "location": "Phoenix, AZ", "sentiment": "negative", "time": "Mon Nov 21 20:46:47 +0000 2016"}
{"polarity": 0.10333333333333335, "location": "Seattle, WA", "sentiment": "positive", "time": "Mon Nov 21 20:46:49 +0000 2016"}
{"polarity": 0.5, "location": "Boston, MA", "sentiment": "positive", "time": "Mon Nov 21 20:00:02 +0000 2016"}
{"polarity": 0.13636363636363635, "location": "Atlanta, GA", "sentiment": "positive", "time": "Mon Nov 21 20:00:02 +0000 2016"}
{"polarity": 0.0, "location": "Atlanta, GA", "sentiment": "neutral", "time": "Mon Nov 21 20:00:10 +0000 2016"}
{"polarity": 0.8, "location": "Portland, OR", "sentiment": "positive", "time": "Mon Nov 21 20:00:12 +0000 2016"}
{"polarity": 0.0, "location": "Seattle, WA", "sentiment": "neutral", "time": "Mon Nov 21 20:00:17 +0000 2016"}
{"polarity": 0.0, "location": "Boston, MA", "sentiment": "neutral", "time": "Mon Nov 21 20:00:19 +0000 2016"}
{"polarity": 0.0, "location": "New York, NY", "sentiment": "neutral", "time": "Mon Nov 21 20:00:25 +0000 2016"}
{"polarity": 0.0, "location": "New York, NY", "sentiment": "neutral", "time": "Mon Nov 21 20:00:35 +0000 2016"}
{"polarity": 0.0, "location": "Orlando, FL", "sentiment": "neutral", "time": "Mon Nov 21 20:00:37 +0000 2016"}
{"polarity": 0.3333333333333333, "location": "Seattle, WA", "sentiment": "positive", "time": "Mon Nov 21 20:00:38 +0000 2016"}
{"polarity": 0.0, "location": "Phoenix, AZ", "sentiment": "neutral", "time": "Mon Nov 21 20:00:40 +0000 2016"}
{"polarity": 0.0, "location": "Orlando, FL", "sentiment": "neutral", "time": "Mon Nov 21 20:00:45 +0000 2016"}
{"polarity": 0.0, "location": "Phoenix, AZ", "sentiment": "neutral", "time": "Mon Nov 21 20:00:45 +0000 2016"}
{"polarity": -0.1, "location": "New York, NY", "sentiment": "negative", "time": "Mon Nov 21 20:00:45 +0000 2016"}
{"polarity": 0.0, "location": "Boston, MA", "sentiment": "neutral", "time": "Mon Nov 21 20:00:46 +0000 2016"}
{"polarity": 0.0, "location": "Atlanta, GA", "sentiment": "neutral", "time": "Mon Nov 21 20:00:49 +0000 2016"}
{"polarity": 0.11111111111111112, "location": "Atlanta, GA", "sentiment": "positive", "time": "Mon Nov 21 20:00:51 +0000 2016"}
{"polarity": 0.0, "location": "Orlando, FL", "sentiment": "neutral", "time": "Mon Nov 21 20:00:52 +0000 2016"}
{"polarity": -0.5, "location": "San Diego, CA", "sentiment": "negative", "time": "Mon Nov 21 20:00:56 +0000 2016"}
{"polarity": -0.3, "location": "Atlanta, GA", "sentiment": "negative", "time": "Mon Nov 21 20:00:56 +0000 2016"}
{"polarity": 0.0, "location": "San Diego, CA", "sentiment": "neutral", "time": "Mon Nov 21 20:00:57 +0000 2016"}
{"polarity": 0.1, "location": "New York, NY", "sentiment": "positive", "time": "Mon Nov 21 20:00:57 +0000 2016"}
{"polarity": 0.0, "location": "Seattle, WA", "sentiment": "neutral", "time": "Mon Nov 21 20:34:11 +0000 2016"}
{"polarity": 0.10000000000000002, "location": "San Diego, CA", "sentiment": "positive", "time": "Mon Nov 21 20:34:16 +0000 2016"}
{"polarity": 0.0, "location": "New York, NY", "sentiment": "neutral", "time": "Mon Nov 21 20:34:17 +0000 2016"}
{"polarity": 0.0, "location": "Atlanta, GA", "sentiment": "neutral", "time": "Mon Nov 21 20:34:37 +0000 2016"}
{"polarity": 1.0, "location": "Orlando, FL", "sentiment": "positive", "time": "Mon Nov 21 20:34:42 +0000 2016"}
{"polarity": 0.125, "location": "San Diego, CA", "sentiment": "positive", "time": "Mon Nov 21 20:34:43 +0000 2016"}
{"polarity": 0.0, "location": "Atlanta, GA", "sentiment": "neutral", "time": "Mon Nov 21 20:34:54 +0000 2016"}
{"polarity": 0.0, "location": "New York, NY", "sentiment": "neutral", "time": "Mon Nov 21 20:05:13 +0000 2016"}
{"polarity": -0.5, "location": "Seattle, WA", "sentiment": "negative", "time": "Mon Nov 21 20:05:14 +0000 2016"}
{"polarity": 0.0, "location": "Seattle, WA", "sentiment": "neutral", "time": "Mon Nov 21 20:05:14 +0000 2016"}
{"polarity": 0.0, "location": "Atlanta, GA", "sentiment": "neutral", "time": "Mon Nov 21 20:05:23 +0000 2016"}
{"polarity": 0.13636363636363635, "location": "Seattle, WA", "sentiment": "positive", "time": "Mon Nov 21 20:05:24 +0000 2016"}
{"polarity": 0.0, "location": "New York, NY", "sentiment": "neutral", "time": "Mon Nov 21 20:05:26 +0000 2016"}
{"polarity": 0.2857142857142857, "location": "Atlanta, GA", "sentiment": "positive", "time": "Mon Nov 21 20:05:28 +0000 2016"}
{"polarity": -1.0, "location": "Atlanta, GA", "sentiment": "negative", "time": "Mon Nov 21 20:05:30 +0000 2016"}
{"polarity": 0.0, "location": "San Diego, CA", "sentiment": "neutral", "time": "Mon Nov 21 20:05:39 +0000 2016"}
{"polarity": -0.15, "location": "Atlanta, GA", "sentiment": "negative", "time": "Mon Nov 21 20:05:53 +0000 2016"}
{"polarity": -0.03333333333333332, "location": "Boston, MA", "sentiment": "negative", "time": "Mon Nov 21 20:05:59 +0000 2016"}
{"polarity": 0.0, "location": "San Diego, CA", "sentiment": "neutral", "time": "Mon Nov 21 20:11:07 +0000 2016"}
{"polarity": 0.0, "location": "New York, NY", "sentiment": "neutral", "time": "Mon Nov 21 20:11:19 +0000 2016"}
{"polarity": 0.05555555555555555, "location": "Phoenix, AZ", "sentiment": "positive", "time": "Mon Nov 21 20:11:32 +0000 2016"}
{"polarity": -0.3, "location": "San Diego, CA", "sentiment": "negative", "time": "Mon Nov 21 20:11:32 +0000 2016"}
{"polarity": 0.0, "location": "Portland, OR", "sentiment": "neutral", "time": "Mon Nov 21 20:11:48 +0000 2016"}
{"polarity": 0.0, "location": "Boston, MA", "sentiment": "neutral", "time": "Mon Nov 21 20:11:49 +0000 2016"}
{"polarity": 0.0, "location": "Phoenix, AZ", "sentiment": "neutral", "time": "Mon Nov 21 20:11:59 +0000 2016"}
{"polarity": 0.0, "location": "New York, NY", "sentiment": "neutral", "time": "Mon Nov 21 20:56:01 +0000 2016"}
{"polarity": 0.0, "location": "Portland, OR", "sentiment": "neutral", "time": "Mon Nov 21 20:56:05 +0000 2016"}
{"polarity": 0.35, "location": "Seattle, WA", "sentiment": "positive", "time": "Mon Nov 21 20:56:17 +0000 2016"}
{"polarity": 0.0, "location": "Phoenix, AZ", "sentiment": "neutral", "time": "Mon Nov 21 20:56:35 +0000 2016"}
{"polarity": 0.0, "location": "New York, NY", "sentiment": "neutral", "time": "Mon Nov 21 20:56:44 +0000 2016"}
{"polarity": 0.0, "location": "Seattle, WA", "sentiment": "neutral", "time": "Mon Nov 21 20:56:44 +0000 2016"}
{"polarity": 0.5, "location": "New York, NY", "sentiment": "positive", "time": "Mon Nov 21 20:56:51 +0000 2016"}
{"polarity": -0.16111111111111112, "location": "New York, NY", "sentiment": "negative", "time": "Mon Nov 21 20:56:52 +0000 2016"}
{"polarity": 0.0, "location": "Atlanta, GA", "sentiment": "neutral", "time": "Mon Nov 21 20:56:52 +0000 2016"}
{"polarity": 0.3954545454545455, "location": "Boston, MA", "sentiment": "positive", "time": "Mon Nov 21 20:47:01 +0000 2016"}
{"polarity": 0.0, "location": "Atlanta, GA", "sentiment": "neutral", "time": "Mon Nov 21 20:47:02 +0000 2016"}
{"polarity": 0.0, "location": "Seattle, WA", "sentiment": "neutral", "time": "Mon Nov 21 20:47:08 +0000 2016"}
{"polarity": 0.0, "location": "Orlando, FL", "sentiment": "neutral", "time": "Mon Nov 21 20:47:12 +0000 2016"}
{"polarity": 0.0, "location": "Atlanta, GA", "sentiment": "neutral", "time": "Mon Nov 21 20:47:14 +0000 2016"}
{"polarity": 0.0, "location": "Atlanta, GA", "sentiment": "neutral", "time": "Mon Nov 21 20:47:34 +0000 2016"}
{"polarity": 0.06818181818181818, "location": "New York, NY", "sentiment": "positive", "time": "Mon Nov 21 20:47:39 +0000 2016"}
{"polarity": 0.0, "location": "San Diego, CA", "sentiment": "neutral", "time": "Mon Nov 21 20:47:49 +0000 2016"}
{"polarity": -0.15555555555555559, "location": "Portland, OR", "sentiment": "negative", "time": "Mon Nov 21 20:47:56 +0000 2016"}
{"polarity": 0.5, "location": "Boston, MA", "sentiment": "positive", "time": "Mon Nov 21 20:47:57 +0000 2016"}
{"polarity": 0.0, "location": "San Diego, CA", "sentiment": "neutral", "time": "Mon Nov 21 20:52:00 +0000 2016"}
{"polarity": 0.0, "location": "Boston, MA", "sentiment": "neutral", "time": "Mon Nov 21 20:52:01 +0000 2016"}
{"polarity": 0.0, "location": "Atlanta, GA", "sentiment": "neutral", "time": "Mon Nov 21 20:52:05 +0000 2016"}
{"polarity": -0.16666666666666666, "location": "New York, NY", "sentiment": "negative", "time": "Mon Nov 21 20:52:12 +0000 2016"}
{"polarity": 0.0, "location": "Atlanta, GA", "sentiment": "neutral", "time": "Mon Nov 21 20:52:34 +0000 2016"}
{"polarity": 0.11818181818181818, "location": "Phoenix, AZ", "sentiment": "positive", "time": "Mon Nov 21 20:52:49 +0000 2016"}
{"polarity": 0.07777777777777779, "location": "Atlanta, GA", "sentiment": "positive", "time": "Mon Nov 21 20:52:49 +0000 2016"}
{"polarity": 0.0, "location": "New York, NY", "sentiment": "neutral", "time": "Mon Nov 21 20:52:51 +0000 2016"}
{"polarity": 0.1, "location": "Portland, OR", "sentiment": "positive", "time": "Mon Nov 21 20:52:57 +0000 2016"}
{"polarity": 0.0, "location": "New York, NY", "sentiment": "neutral", "time": "Mon Nov 21 20:53:00 +0000 2016"}
{"polarity": 0.0, "location": "Seattle, WA", "sentiment": "neutral", "time": "Mon Nov 21 20:53:03 +0000 2016"}
{"polarity": -0.1, "location": "Seattle, WA", "sentiment": "negative", "time": "Mon Nov 21 20:53:08 +0000 2016"}
{"polarity": 0.19128787878787878, "location": "Seattle, WA", "sentiment": "positive", "time": "Mon Nov 21 20:53:15 +0000 2016"}
{"polarity": 0.0, "location": "New York, NY", "sentiment": "neutral", "time": "Mon Nov 21 20:53:19 +0000 2016"}
{"polarity": 0.0, "location": "New York, NY", "sentiment": "neutral", "time": "Mon Nov 21 20:53:19 +0000 2016"}
{"polarity": 0.013888888888888886, "location": "Atlanta, GA", "sentiment": "positive", "time": "Mon Nov 21 20:53:22 +0000 2016"}
{"polarity": 0.0, "location": "Orlando, FL", "sentiment": "neutral", "time": "Mon Nov 21 20:53:22 +0000 2016"}
{"polarity": -0.125, "location": "Seattle, WA", "sentiment": "negative", "time": "Mon Nov 21 20:53:29 +0000 2016"}
{"polarity": -0.5, "location": "San Diego, CA", "sentiment": "negative", "time": "Mon Nov 21 20:53:33 +0000 2016"}
{"polarity": 0.5833333333333334, "location": "St. Louis, MO", "sentiment": "positive", "time": "Mon Nov 21 20:53:39 +0000 2016"}
{"polarity": -0.15555555555555559, "location": "Seattle, WA", "sentiment": "negative", "time": "Mon Nov 21 20:53:45 +0000 2016"}
{"polarity": 0.17045454545454544, "location": "Boston, MA", "sentiment": "positive", "time": "Mon Nov 21 20:53:54 +0000 2016"}
{"polarity": 0.2, "location": "New York, NY", "sentiment": "positive", "time": "Mon Nov 21 20:53:55 +0000 2016"}
{"polarity": -0.0050000000000000044, "location": "Boston, MA", "sentiment": "negative", "time": "Mon Nov 21 20:02:07 +0000 2016"}
{"polarity": 0.0, "location": "San Diego, CA", "sentiment": "neutral", "time": "Mon Nov 21 20:02:10 +0000 2016"}
{"polarity": 0.0, "location": "Portland, OR", "sentiment": "neutral", "time": "Mon Nov 21 20:02:13 +0000 2016"}
{"polarity": 0.0, "location": "Atlanta, GA", "sentiment": "neutral", "time": "Mon Nov 21 20:02:16 +0000 2016"}
{"polarity": 0.0, "location": "New York, NY", "sentiment": "neutral", "time": "Mon Nov 21 20:02:18 +0000 2016"}
{"polarity": 0.0, "location": "Seattle, WA", "sentiment": "neutral", "time": "Mon Nov 21 20:02:19 +0000 2016"}
{"polarity": 0.625, "location": "New York, NY", "sentiment": "positive", "time": "Mon Nov 21 20:02:22 +0000 2016"}
{"polarity": 0.0, "location": "New York, NY", "sentiment": "neutral", "time": "Mon Nov 21 20:02:26 +0000 2016"}
{"polarity": 0.225, "location": "San Diego, CA", "sentiment": "positive", "time": "Mon Nov 21 20:02:29 +0000 2016"}
{"polarity": 0.0, "location": "Seattle, WA", "sentiment": "neutral", "time": "Mon Nov 21 20:02:34 +0000 2016"}
{"polarity": 0.25, "location": "New York, NY", "sentiment": "positive", "time": "Mon Nov 21 20:02:35 +0000 2016"}
{"polarity": -0.2, "location": "Atlanta, GA", "sentiment": "negative", "time": "Mon Nov 21 20:02:36 +0000 2016"}
{"polarity": -0.04375, "location": "Phoenix, AZ", "sentiment": "negative", "time": "Mon Nov 21 20:02:40 +0000 2016"}
{"polarity": 0.0, "location": "Portland, OR", "sentiment": "neutral", "time": "Mon Nov 21 20:02:43 +0000 2016"}
{"polarity": -0.4125, "location": "Phoenix, AZ", "sentiment": "negative", "time": "Mon Nov 21 20:02:44 +0000 2016"}
{"polarity": 0.0, "location": "San Diego, CA", "sentiment": "neutral", "time": "Mon Nov 21 20:02:50 +0000 2016"}
{"polarity": 0.43333333333333335, "location": "New York, NY", "sentiment": "positive", "time": "Mon Nov 21 20:02:52 +0000 2016"}
{"polarity": 0.16, "location": "Phoenix, AZ", "sentiment": "positive", "time": "Mon Nov 21 20:48:04 +0000 2016"}
{"polarity": 0.0, "location": "New York, NY", "sentiment": "neutral", "time": "Mon Nov 21 20:48:08 +0000 2016"}
{"polarity": 0.35, "location": "Atlanta, GA", "sentiment": "positive", "time": "Mon Nov 21 20:48:11 +0000 2016"}
{"polarity": 0.0, "location": "Seattle, WA", "sentiment": "neutral", "time": "Mon Nov 21 20:48:17 +0000 2016"}
{"polarity": -0.08333333333333333, "location": "Seattle, WA", "sentiment": "negative", "time": "Mon Nov 21 20:48:23 +0000 2016"}
{"polarity": 0.41111111111111115, "location": "Boston, MA", "sentiment": "positive", "time": "Mon Nov 21 20:48:23 +0000 2016"}
{"polarity": 0.0, "location": "Atlanta, GA", "sentiment": "neutral", "time": "Mon Nov 21 20:48:25 +0000 2016"}
{"polarity": -0.06666666666666667, "location": "Phoenix, AZ", "sentiment": "negative", "time": "Mon Nov 21 20:48:29 +0000 2016"}
{"polarity": 0.0, "location": "Atlanta, GA", "sentiment": "neutral", "time": "Mon Nov 21 20:48:46 +0000 2016"}
{"polarity": 0.0, "location": "Boston, MA", "sentiment": "neutral", "time": "Mon Nov 21 20:48:50 +0000 2016"}
{"polarity": 0.0, "location": "New York, NY", "sentiment": "neutral", "time": "Mon Nov 21 20:48:51 +0000 2016"}
{"polarity": 0.541796875, "location": "Phoenix, AZ", "sentiment": "positive", "time": "Mon Nov 21 20:48:57 +0000 2016"}
{"polarity": 0.25, "location": "Seattle, WA", "sentiment": "positive", "time": "Mon Nov 21 20:48:58 +0000 2016"}
{"polarity": 0.0, "location": "Phoenix, AZ", "sentiment": "neutral", "time": "Mon Nov 21 20:25:16 +0000 2016"}
{"polarity": 0.0, "location": "San Diego, CA", "sentiment": "neutral", "time": "Mon Nov 21 20:25:21 +0000 2016"}
{"polarity": 0.0, "location": "Atlanta, GA", "sentiment": "neutral", "time": "Mon Nov 21 20:25:22 +0000 2016"}
{"polarity": 0.0, "location": "Seattle, WA", "sentiment": "neutral", "time": "Mon Nov 21 20:25:27 +0000 2016"}
{"polarity": -0.5, "location": "San Diego, CA", "sentiment": "negative", "time": "Mon Nov 21 20:25:33 +0000 2016"}
{"polarity": 0.2375, "location": "New York, NY", "sentiment": "positive", "time": "Mon Nov 21 20:25:35 +0000 2016"}
{"polarity": 0.625, "location": "Boston, MA", "sentiment": "positive", "time": "Mon Nov 21 20:16:16 +0000 2016"}
{"polarity": 0.26666666666666666, "location": "New York, NY", "sentiment": "positive", "time": "Mon Nov 21 20:16:18 +0000 2016"}
{"polarity": 0.5, "location": "New York, NY", "sentiment": "positive", "time": "Mon Nov 21 20:16:19 +0000 2016"}
{"polarity": 0.10833333333333334, "location": "Seattle, WA", "sentiment": "positive", "time": "Mon Nov 21 20:16:21 +0000 2016"}
{"polarity": 0.0, "location": "New York, NY", "sentiment": "neutral", "time": "Mon Nov 21 20:16:23 +0000 2016"}
{"polarity": 0.0, "location": "Atlanta, GA", "sentiment": "neutral", "time": "Mon Nov 21 20:16:23 +0000 2016"}
{"polarity": 0.0, "location": "Seattle, WA", "sentiment": "neutral", "time": "Mon Nov 21 20:16:23 +0000 2016"}
{"polarity": 0.13888888888888887, "location": "Portland, OR", "sentiment": "positive", "time": "Mon Nov 21 20:16:32 +0000 2016"}
{"polarity": -0.875, "location": "New York, NY", "sentiment": "negative", "time": "Mon Nov 21 20:16:37 +0000 2016"}
{"polarity": 0.375, "location": "Boston, MA", "sentiment": "positive", "time": "Mon Nov 21 20:16:40 +0000 2016"}
{"polarity": -0.13333333333333333, "location": "Atlanta, GA", "sentiment": "negative", "time": "Mon Nov 21 20:16:53 +0000 2016"}
{"polarity": 0.0, "location": "Phoenix, AZ", "sentiment": "neutral", "time": "Mon Nov 21 20:14:05 +0000 2016"}
{"polarity": 0.0, "location": "Seattle, WA", "sentiment": "neutral", "time": "Mon Nov 21 20:14:19 +0000 2016"}
{"polarity": 0.2, "location": "Phoenix, AZ", "sentiment": "positive", "time": "Mon Nov 21 20:14:19 +0000 2016"}
{"polarity": 0.0, "location": "Orlando, FL", "sentiment": "neutral", "time": "Mon Nov 21 20:14:28 +0000 2016"}
{"polarity": 0.175, "location": "Atlanta, GA", "sentiment": "positive", "time": "Mon Nov 21 20:14:35 +0000 2016"}
{"polarity": 0.35, "location": "Boston, MA", "sentiment": "positive", "time": "Mon Nov 21 20:14:36 +0000 2016"}
{"polarity": 0.5, "location": "Boston, MA", "sentiment": "positive", "time": "Mon Nov 21 20:14:43 +0000 2016"}
{"polarity": 0.13636363636363635, "location": "Portland, OR", "sentiment": "positive", "time": "Mon Nov 21 20:14:44 +0000 2016"}
{"polarity": 0.0, "location": "Phoenix, AZ", "sentiment": "neutral", "time": "Mon Nov 21 20:14:47 +0000 2016"}
{"polarity": 0.0, "location": "Seattle, WA", "sentiment": "neutral", "time": "Mon Nov 21 20:14:49 +0000 2016"}
{"polarity": 0.0, "location": "Boston, MA", "sentiment": "neutral", "time": "Mon Nov 21 20:14:53 +0000 2016"}
{"polarity": 0.0, "location": "San Diego, CA", "sentiment": "neutral", "time": "Mon Nov 21 20:23:12 +0000 2016"}
{"polarity": 0.09523809523809525, "location": "New York, NY", "sentiment": "positive", "time": "Mon Nov 21 20:23:30 +0000 2016"}
{"polarity": 0.0, "location": "Orlando, FL", "sentiment": "neutral", "time": "Mon Nov 21 20:23:33 +0000 2016"}
{"polarity": 0.0, "location": "New York, NY", "sentiment": "neutral", "time": "Mon Nov 21 20:23:36 +0000 2016"}
{"polarity": 0.17045454545454544, "location": "New York, NY", "sentiment": "positive", "time": "Mon Nov 21 20:23:49 +0000 2016"}
{"polarity": 0.5, "location": "New York, NY", "sentiment": "positive", "time": "Mon Nov 21 20:23:51 +0000 2016"}
{"polarity": 0.4, "location": "New York, NY", "sentiment": "positive", "time": "Mon Nov 21 20:23:52 +0000 2016"}
{"polarity": -0.2, "location": "Atlanta, GA", "sentiment": "negative", "time": "Mon Nov 21 20:23:53 +0000 2016"}
{"polarity": 0.0, "location": "Seattle, WA", "sentiment": "neutral", "time": "Mon Nov 21 20:23:53 +0000 2016"}
{"polarity": 0.5, "location": "Boston, MA", "sentiment": "positive", "time": "Mon Nov 21 20:23:57 +0000 2016"}
{"polarity": 0.7875, "location": "Orlando, FL", "sentiment": "positive", "time": "Mon Nov 21 20:07:01 +0000 2016"}
{"polarity": 0.0, "location": "New York, NY", "sentiment": "neutral", "time": "Mon Nov 21 20:07:01 +0000 2016"}
{"polarity": -0.125, "location": "New York, NY", "sentiment": "negative", "time": "Mon Nov 21 20:07:06 +0000 2016"}
{"polarity": 0.0, "location": "New York, NY", "sentiment": "neutral", "time": "Mon Nov 21 20:07:12 +0000 2016"}
{"polarity": 0.0, "location": "New York, NY", "sentiment": "neutral", "time": "Mon Nov 21 20:07:17 +0000 2016"}
{"polarity": 0.0, "location": "New York, NY", "sentiment": "neutral", "time": "Mon Nov 21 20:07:21 +0000 2016"}
{"polarity": 0.0, "location": "Portland, OR", "sentiment": "neutral", "time": "Mon Nov 21 20:07:25 +0000 2016"}
{"polarity": 0.0, "location": "San Diego, CA", "sentiment": "neutral", "time": "Mon Nov 21 20:07:31 +0000 2016"}
{"polarity": 0.0, "location": "New York, NY", "sentiment": "neutral", "time": "Mon Nov 21 20:07:35 +0000 2016"}
{"polarity": 0.0, "location": "San Diego, CA", "sentiment": "neutral", "time": "Mon Nov 21 20:07:37 +0000 2016"}
{"polarity": 0.0, "location": "Seattle, WA", "sentiment": "neutral", "time": "Mon Nov 21 20:51:05 +0000 2016"}
{"polarity": 0.0, "location": "San Diego, CA", "sentiment": "neutral", "time": "Mon Nov 21 20:51:08 +0000 2016"}
{"polarity": 0.04722222222222221, "location": "New York, NY", "sentiment": "positive", "time": "Mon Nov 21 20:51:09 +0000 2016"}
{"polarity": 0.0, "location": "Seattle, WA", "sentiment": "neutral", "time": "Mon Nov 21 20:51:12 +0000 2016"}
{"polarity": 0.0, "location": "New York, NY", "sentiment": "neutral", "time": "Mon Nov 21 20:51:13 +0000 2016"}
{"polarity": 0.0, "location": "New York, NY", "sentiment": "neutral", "time": "Mon Nov 21 20:51:16 +0000 2016"}
{"polarity": 0.2, "location": "Orlando, FL", "sentiment": "positive", "time": "Mon Nov 21 20:51:23 +0000 2016"}
{"polarity": 0.0, "location": "San Diego, CA", "sentiment": "neutral", "time": "Mon Nov 21 20:51:26 +0000 2016"}
{"polarity": -0.21428571428571427, "location": "Atlanta, GA", "sentiment": "negative", "time": "Mon Nov 21 20:51:31 +0000 2016"}
{"polarity": 0.0, "location": "San Diego, CA", "sentiment": "neutral", "time": "Mon Nov 21 20:51:37 +0000 2016"}
{"polarity": 0.11818181818181818, "location": "New York, NY", "sentiment": "positive", "time": "Mon Nov 21 20:51:45 +0000 2016"}
{"polarity": 0.0, "location": "New York, NY", "sentiment": "neutral", "time": "Mon Nov 21 20:51:48 +0000 2016"}
{"polarity": 0.0, "location": "New York, NY", "sentiment": "neutral", "time": "Mon Nov 21 20:51:51 +0000 2016"}
{"polarity": 0.0, "location": "New York, NY", "sentiment": "neutral", "time": "Mon Nov 21 20:51:55 +0000 2016"}
{"polarity": -0.25, "location": "New York, NY", "sentiment": "negative", "time": "Mon Nov 21 20:51:56 +0000 2016"}
{"polarity": 0.0, "location": "Boston, MA", "sentiment": "neutral", "time": "Mon Nov 21 20:51:58 +0000 2016"}
{"polarity": 0.0, "location": "Portland, OR", "sentiment": "neutral", "time": "Mon Nov 21 20:51:58 +0000 2016"}
{"polarity": 0.25, "location": "New York, NY", "sentiment": "positive", "time": "Mon Nov 21 20:30:09 +0000 2016"}
{"polarity": -0.07777777777777779, "location": "Boston, MA", "sentiment": "negative", "time": "Mon Nov 21 20:30:20 +0000 2016"}
{"polarity": -0.6, "location": "San Diego, CA", "sentiment": "negative", "time": "Mon Nov 21 20:30:21 +0000 2016"}
{"polarity": 0.0, "location": "Phoenix, AZ", "sentiment": "neutral", "time": "Mon Nov 21 20:30:29 +0000 2016"}
{"polarity": 0.0, "location": "Atlanta, GA", "sentiment": "neutral", "time": "Mon Nov 21 20:30:33 +0000 2016"}
{"polarity": 0.0, "location": "Seattle, WA", "sentiment": "neutral", "time": "Mon Nov 21 20:30:45 +0000 2016"}
{"polarity": -0.03437499999999999, "location": "Orlando, FL", "sentiment": "negative", "time": "Mon Nov 21 20:30:45 +0000 2016"}
{"polarity": 0.0, "location": "Phoenix, AZ", "sentiment": "neutral", "time": "Mon Nov 21 20:30:48 +0000 2016"}
{"polarity": 0.3, "location": "Atlanta, GA", "sentiment": "positive", "time": "Mon Nov 21 20:30:48 +0000 2016"}
{"polarity": 0.0, "location": "Boston, MA", "sentiment": "neutral", "time": "Mon Nov 21 20:30:50 +0000 2016"}
{"polarity": 0.0, "location": "Atlanta, GA", "sentiment": "neutral", "time": "Mon Nov 21 20:30:57 +0000 2016"}
{"polarity": 0.0, "location": "Phoenix, AZ", "sentiment": "neutral", "time": "Mon Nov 21 20:03:09 +0000 2016"}
{"polarity": -0.25, "location": "Atlanta, GA", "sentiment": "negative", "time": "Mon Nov 21 20:03:25 +0000 2016"}
{"polarity": 0.5, "location": "San Diego, CA", "sentiment": "positive", "time": "Mon Nov 21 20:03:47 +0000 2016"}
{"polarity": 0.0, "location": "San Diego, CA", "sentiment": "neutral", "time": "Mon Nov 21 20:40:00 +0000 2016"}
{"polarity": -0.37083333333333324, "location": "New York, NY", "sentiment": "negative", "time": "Mon Nov 21 20:40:00 +0000 2016"}
{"polarity": 0.078125, "location": "Boston, MA", "sentiment": "positive", "time": "Mon Nov 21 20:40:10 +0000 2016"}
{"polarity": 0.0, "location": "New York, NY", "sentiment": "neutral", "time": "Mon Nov 21 20:40:24 +0000 2016"}
{"polarity": 0.16666666666666666, "location": "Seattle, WA", "sentiment": "positive", "time": "Mon Nov 21 20:40:24 +0000 2016"}
{"polarity": 0.0, "location": "Portland, OR", "sentiment": "neutral", "time": "Mon Nov 21 20:40:36 +0000 2016"}
{"polarity": 0.0, "location": "San Diego, CA", "sentiment": "neutral", "time": "Mon Nov 21 20:40:39 +0000 2016"}
{"polarity": 0.25, "location": "New York, NY", "sentiment": "positive", "time": "Mon Nov 21 20:08:04 +0000 2016"}
{"polarity": 0.35, "location": "New York, NY", "sentiment": "positive", "time": "Mon Nov 21 20:08:16 +0000 2016"}
{"polarity": 0.013888888888888886, "location": "St. Louis, MO", "sentiment": "positive", "time": "Mon Nov 21 20:08:20 +0000 2016"}
{"polarity": 0.0, "location": "Boston, MA", "sentiment": "neutral", "time": "Mon Nov 21 20:08:23 +0000 2016"}
{"polarity": 0.0, "location": "San Diego, CA", "sentiment": "neutral", "time": "Mon Nov 21 20:08:39 +0000 2016"}
{"polarity": -0.22916666666666669, "location": "New York, NY", "sentiment": "negative", "time": "Mon Nov 21 20:08:40 +0000 2016"}
{"polarity": -0.30000000000000004, "location": "San Diego, CA", "sentiment": "negative", "time": "Mon Nov 21 20:08:42 +0000 2016"}
{"polarity": 0.0, "location": "Phoenix, AZ", "sentiment": "neutral", "time": "Mon Nov 21 20:08:43 +0000 2016"}
{"polarity": 0.0, "location": "Boston, MA", "sentiment": "neutral", "time": "Mon Nov 21 20:08:45 +0000 2016"}
{"polarity": 1.0, "location": "Atlanta, GA", "sentiment": "positive", "time": "Mon Nov 21 20:08:48 +0000 2016"}
{"polarity": 0.19318181818181818, "location": "San Diego, CA", "sentiment": "positive", "time": "Mon Nov 21 20:08:53 +0000 2016"}
{"polarity": 0.4, "location": "Boston, MA", "sentiment": "positive", "time": "Mon Nov 21 20:08:54 +0000 2016"}
{"polarity": 0.0, "location": "San Diego, CA", "sentiment": "neutral", "time": "Mon Nov 21 20:35:08 +0000 2016"}
{"polarity": 0.0, "location": "Seattle, WA", "sentiment": "neutral", "time": "Mon Nov 21 20:35:08 +0000 2016"}
{"polarity": 0.0, "location": "Boston, MA", "sentiment": "neutral", "time": "Mon Nov 21 20:35:16 +0000 2016"}
{"polarity": 0.0, "location": "Orlando, FL", "sentiment": "neutral", "time": "Mon Nov 21 20:35:19 +0000 2016"}
{"polarity": -0.03333333333333336, "location": "Atlanta, GA", "sentiment": "negative", "time": "Mon Nov 21 20:35:27 +0000 2016"}
{"polarity": 0.0, "location": "Seattle, WA", "sentiment": "neutral", "time": "Mon Nov 21 20:35:33 +0000 2016"}
{"polarity": 0.0, "location": "Atlanta, GA", "sentiment": "neutral", "time": "Mon Nov 21 20:35:43 +0000 2016"}
{"polarity": 0.0, "location": "Boston, MA", "sentiment": "neutral", "time": "Mon Nov 21 20:35:46 +0000 2016"}
{"polarity": 0.0, "location": "San Diego, CA", "sentiment": "neutral", "time": "Mon Nov 21 20:35:49 +0000 2016"}
{"polarity": -0.16666666666666666, "location": "New York, NY", "sentiment": "negative", "time": "Mon Nov 21 20:35:50 +0000 2016"}
{"polarity": 0.0, "location": "Atlanta, GA", "sentiment": "neutral", "time": "Mon Nov 21 20:35:53 +0000 2016"}
{"polarity": 0.0, "location": "Boston, MA", "sentiment": "neutral", "time": "Mon Nov 21 20:35:53 +0000 2016"}
{"polarity": -0.3068181818181818, "location": "San Diego, CA", "sentiment": "negative", "time": "Mon Nov 21 20:43:11 +0000 2016"}
{"polarity": 0.0, "location": "Atlanta, GA", "sentiment": "neutral", "time": "Mon Nov 21 20:43:14 +0000 2016"}
{"polarity": 0.5, "location": "Boston, MA", "sentiment": "positive", "time": "Mon Nov 21 20:43:17 +0000 2016"}
{"polarity": 0.0, "location": "Orlando, FL", "sentiment": "neutral", "time": "Mon Nov 21 20:43:20 +0000 2016"}
{"polarity": 0.7, "location": "San Diego, CA", "sentiment": "positive", "time": "Mon Nov 21 20:43:31 +0000 2016"}
{"polarity": 0.0, "location": "Seattle, WA", "sentiment": "neutral", "time": "Mon Nov 21 20:43:38 +0000 2016"}
{"polarity": 0.0, "location": "New York, NY", "sentiment": "neutral", "time": "Mon Nov 21 20:43:41 +0000 2016"}
{"polarity": -0.325, "location": "Boston, MA", "sentiment": "negative", "time": "Mon Nov 21 20:43:47 +0000 2016"}
{"polarity": 0.2, "location": "New York, NY", "sentiment": "positive", "time": "Mon Nov 21 20:43:47 +0000 2016"}
{"polarity": 0.0, "location": "Orlando, FL", "sentiment": "neutral", "time": "Mon Nov 21 20:43:48 +0000 2016"}
{"polarity": 0.0, "location": "San Diego, CA", "sentiment": "neutral", "time": "Mon Nov 21 20:43:59 +0000 2016"}
{"polarity": 1.0, "location": "Atlanta, GA", "sentiment": "positive", "time": "Mon Nov 21 20:10:01 +0000 2016"}
{"polarity": 0.0, "location": "Seattle, WA", "sentiment": "neutral", "time": "Mon Nov 21 20:10:05 +0000 2016"}
{"polarity": 0.3, "location": "New York, NY", "sentiment": "positive", "time": "Mon Nov 21 20:10:09 +0000 2016"}
{"polarity": -0.1, "location": "New York, NY", "sentiment": "negative", "time": "Mon Nov 21 20:10:11 +0000 2016"}
{"polarity": 0.25, "location": "Seattle, WA", "sentiment": "positive", "time": "Mon Nov 21 20:10:14 +0000 2016"}
{"polarity": 0.0, "location": "Phoenix, AZ", "sentiment": "neutral", "time": "Mon Nov 21 20:10:15 +0000 2016"}
{"polarity": 0.0, "location": "New York, NY", "sentiment": "neutral", "time": "Mon Nov 21 20:10:19 +0000 2016"}
{"polarity": 0.7, "location": "New York, NY", "sentiment": "positive", "time": "Mon Nov 21 20:10:24 +0000 2016"}
{"polarity": 0.4, "location": "San Diego, CA", "sentiment": "positive", "time": "Mon Nov 21 20:10:31 +0000 2016"}
{"polarity": 0.0, "location": "Atlanta, GA", "sentiment": "neutral", "time": "Mon Nov 21 20:10:38 +0000 2016"}
{"polarity": 0.11125, "location": "Boston, MA", "sentiment": "positive", "time": "Mon Nov 21 20:10:39 +0000 2016"}
{"polarity": 0.4, "location": "St. Louis, MO", "sentiment": "positive", "time": "Mon Nov 21 20:54:01 +0000 2016"}
{"polarity": 0.0, "location": "Seattle, WA", "sentiment": "neutral", "time": "Mon Nov 21 20:54:04 +0000 2016"}
{"polarity": -0.45, "location": "New York, NY", "sentiment": "negative", "time": "Mon Nov 21 20:54:05 +0000 2016"}
{"polarity": 0.0, "location": "Orlando, FL", "sentiment": "neutral", "time": "Mon Nov 21 20:54:14 +0000 2016"}
{"polarity": 0.0, "location": "Phoenix, AZ", "sentiment": "neutral", "time": "Mon Nov 21 20:54:23 +0000 2016"}
{"polarity": 0.0, "location": "Atlanta, GA", "sentiment": "neutral", "time": "Mon Nov 21 20:54:25 +0000 2016"}
{"polarity": 0.8, "location": "Seattle, WA", "sentiment": "positive", "time": "Mon Nov 21 20:54:27 +0000 2016"}
{"polarity": -0.1, "location": "Boston, MA", "sentiment": "negative", "time": "Mon Nov 21 20:54:28 +0000 2016"}
{"polarity": 0.8, "location": "Seattle, WA", "sentiment": "positive", "time": "Mon Nov 21 20:54:30 +0000 2016"}
{"polarity": -0.13333333333333333, "location": "New York, NY", "sentiment": "negative", "time": "Mon Nov 21 20:54:33 +0000 2016"}
{"polarity": 0.0, "location": "Boston, MA", "sentiment": "neutral", "time": "Mon Nov 21 20:54:41 +0000 2016"}
{"polarity": 0.0, "location": "Phoenix, AZ", "sentiment": "neutral", "time": "Mon Nov 21 20:24:02 +0000 2016"}
{"polarity": -0.1, "location": "Seattle, WA", "sentiment": "negative", "time": "Mon Nov 21 20:24:04 +0000 2016"}
{"polarity": 0.1, "location": "Orlando, FL", "sentiment": "positive", "time": "Mon Nov 21 20:24:07 +0000 2016"}
{"polarity": 0.0, "location": "Phoenix, AZ", "sentiment": "neutral", "time": "Mon Nov 21 20:24:18 +0000 2016"}
{"polarity": 0.16666666666666669, "location": "Seattle, WA", "sentiment": "positive", "time": "Mon Nov 21 20:24:23 +0000 2016"}
{"polarity": 0.0, "location": "New York, NY", "sentiment": "neutral", "time": "Mon Nov 21 20:24:27 +0000 2016"}
{"polarity": 0.13636363636363635, "location": "Atlanta, GA", "sentiment": "positive", "time": "Mon Nov 21 20:24:34 +0000 2016"}
{"polarity": 0.5, "location": "Boston, MA", "sentiment": "positive", "time": "Mon Nov 21 20:24:36 +0000 2016"}
{"polarity": 0.0, "location": "Atlanta, GA", "sentiment": "neutral", "time": "Mon Nov 21 20:24:44 +0000 2016"}
{"polarity": 0.0, "location": "Seattle, WA", "sentiment": "neutral", "time": "Mon Nov 21 20:24:50 +0000 2016"}
{"polarity": 0.25, "location": "Phoenix, AZ", "sentiment": "positive", "time": "Mon Nov 21 20:24:55 +0000 2016"}
{"polarity": 0.0, "location": "Seattle, WA", "sentiment": "neutral", "time": "Mon Nov 21 20:24:57 +0000 2016"}
{"polarity": 0.0, "location": "Atlanta, GA", "sentiment": "neutral", "time": "Mon Nov 21 20:32:00 +0000 2016"}
{"polarity": 0.0, "location": "Seattle, WA", "sentiment": "neutral", "time": "Mon Nov 21 20:32:02 +0000 2016"}
{"polarity": 0.0, "location": "Phoenix, AZ", "sentiment": "neutral", "time": "Mon Nov 21 20:32:08 +0000 2016"}
{"polarity": 0.0, "location": "New York, NY", "sentiment": "neutral", "time": "Mon Nov 21 20:32:16 +0000 2016"}
{"polarity": 0.7000000000000001, "location": "Atlanta, GA", "sentiment": "positive", "time": "Mon Nov 21 20:32:17 +0000 2016"}
{"polarity": 0.6, "location": "Seattle, WA", "sentiment": "positive", "time": "Mon Nov 21 20:32:26 +0000 2016"}
{"polarity": 0.0, "location": "Atlanta, GA", "sentiment": "neutral", "time": "Mon Nov 21 20:32:27 +0000 2016"}
{"polarity": -0.1875, "location": "New York, NY", "sentiment": "negative", "time": "Mon Nov 21 20:32:35 +0000 2016"}
{"polarity": 0.0, "location": "Portland, OR", "sentiment": "neutral", "time": "Mon Nov 21 20:32:47 +0000 2016"}
{"polarity": 0.30625, "location": "Seattle, WA", "sentiment": "positive", "time": "Mon Nov 21 20:36:13 +0000 2016"}
{"polarity": 0.0, "location": "New York, NY", "sentiment": "neutral", "time": "Mon Nov 21 20:36:24 +0000 2016"}
{"polarity": 0.0, "location": "San Diego, CA", "sentiment": "neutral", "time": "Mon Nov 21 20:36:25 +0000 2016"}
{"polarity": 0.2, "location": "Atlanta, GA", "sentiment": "positive", "time": "Mon Nov 21 20:36:25 +0000 2016"}
{"polarity": 0.12222222222222223, "location": "Boston, MA", "sentiment": "positive", "time": "Mon Nov 21 20:36:39 +0000 2016"}
{"polarity": -0.06666666666666667, "location": "Boston, MA", "sentiment": "negative", "time": "Mon Nov 21 20:36:48 +0000 2016"}
{"polarity": 0.0, "location": "New York, NY", "sentiment": "neutral", "time": "Mon Nov 21 20:36:52 +0000 2016"}
{"polarity": 0.5, "location": "San Diego, CA", "sentiment": "positive", "time": "Mon Nov 21 20:36:54 +0000 2016"}
{"polarity": 0.0, "location": "Boston, MA", "sentiment": "neutral", "time": "Mon Nov 21 20:01:00 +0000 2016"}
{"polarity": 0.5, "location": "Seattle, WA", "sentiment": "positive", "time": "Mon Nov 21 20:01:07 +0000 2016"}
{"polarity": 0.0, "location": "Seattle, WA", "sentiment": "neutral", "time": "Mon Nov 21 20:01:07 +0000 2016"}
{"polarity": 0.2761904761904762, "location": "New York, NY", "sentiment": "positive", "time": "Mon Nov 21 20:01:10 +0000 2016"}
{"polarity": 0.0, "location": "New York, NY", "sentiment": "neutral", "time": "Mon Nov 21 20:01:11 +0000 2016"}
{"polarity": 0.0, "location": "Boston, MA", "sentiment": "neutral", "time": "Mon Nov 21 20:01:20 +0000 2016"}
{"polarity": 0.0, "location": "Boston, MA", "sentiment": "neutral", "time": "Mon Nov 21 20:01:29 +0000 2016"}
{"polarity": 0.0, "location": "Boston, MA", "sentiment": "neutral", "time": "Mon Nov 21 20:01:32 +0000 2016"}
{"polarity": 0.225, "location": "Seattle, WA", "sentiment": "positive", "time": "Mon Nov 21 20:01:36 +0000 2016"}
{"polarity": 0.2, "location": "Orlando, FL", "sentiment": "positive", "time": "Mon Nov 21 20:01:36 +0000 2016"}
{"polarity": 0.0, "location": "Atlanta, GA", "sentiment": "neutral", "time": "Mon Nov 21 20:01:38 +0000 2016"}
{"polarity": 0.0, "location": "New York, NY", "sentiment": "neutral", "time": "Mon Nov 21 20:01:42 +0000 2016"}
{"polarity": 0.25, "location": "Atlanta, GA", "sentiment": "positive", "time": "Mon Nov 21 20:01:42 +0000 2016"}
{"polarity": 0.175, "location": "Boston, MA", "sentiment": "positive", "time": "Mon Nov 21 20:01:43 +0000 2016"}
{"polarity": 0.8, "location": "Atlanta, GA", "sentiment": "positive", "time": "Mon Nov 21 20:01:44 +0000 2016"}
{"polarity": 0.0, "location": "Atlanta, GA", "sentiment": "neutral", "time": "Mon Nov 21 20:01:44 +0000 2016"}
{"polarity": 0.05, "location": "Atlanta, GA", "sentiment": "positive", "time": "Mon Nov 21 20:01:53 +0000 2016"}
{"polarity": -0.044444444444444446, "location": "Atlanta, GA", "sentiment": "negative", "time": "Mon Nov 21 20:01:55 +0000 2016"}
{"polarity": 0.0, "location": "San Diego, CA", "sentiment": "neutral", "time": "Mon Nov 21 20:55:05 +0000 2016"}
{"polarity": 0.0, "location": "New York, NY", "sentiment": "neutral", "time": "Mon Nov 21 20:55:11 +0000 2016"}
{"polarity": 0.17857142857142858, "location": "New York, NY", "sentiment": "positive", "time": "Mon Nov 21 20:55:13 +0000 2016"}
{"polarity": 0.0, "location": "St. Louis, MO", "sentiment": "neutral", "time": "Mon Nov 21 20:55:16 +0000 2016"}
{"polarity": 0.05, "location": "Portland, OR", "sentiment": "positive", "time": "Mon Nov 21 20:55:25 +0000 2016"}
{"polarity": 0.0, "location": "Phoenix, AZ", "sentiment": "neutral", "time": "Mon Nov 21 20:55:28 +0000 2016"}
{"polarity": 0.18721590909090907, "location": "Phoenix, AZ", "sentiment": "positive", "time": "Mon Nov 21 20:55:38 +0000 2016"}
{"polarity": 0.0, "location": "Portland, OR", "sentiment": "neutral", "time": "Mon Nov 21 20:55:45 +0000 2016"}
{"polarity": -0.3, "location": "Seattle, WA", "sentiment": "negative", "time": "Mon Nov 21 20:55:49 +0000 2016"}
{"polarity": 0.0, "location": "Atlanta, GA", "sentiment": "neutral", "time": "Mon Nov 21 20:55:57 +0000 2016"}
{"polarity": 0.5625, "location": "Boston, MA", "sentiment": "positive", "time": "Mon Nov 21 20:09:03 +0000 2016"}
{"polarity": 0.0, "location": "St. Louis, MO", "sentiment": "neutral", "time": "Mon Nov 21 20:09:04 +0000 2016"}
{"polarity": 0.5416666666666667, "location": "Boston, MA", "sentiment": "positive", "time": "Mon Nov 21 20:09:06 +0000 2016"}
{"polarity": 0.375, "location": "Atlanta, GA", "sentiment": "positive", "time": "Mon Nov 21 20:09:09 +0000 2016"}
{"polarity": 0.0, "location": "Atlanta, GA", "sentiment": "neutral", "time": "Mon Nov 21 20:09:12 +0000 2016"}
{"polarity": -0.5625, "location": "Atlanta, GA", "sentiment": "negative", "time": "Mon Nov 21 20:09:16 +0000 2016"}
{"polarity": 0.2857142857142857, "location": "Boston, MA", "sentiment": "positive", "time": "Mon Nov 21 20:09:17 +0000 2016"}
{"polarity": 0.06818181818181818, "location": "New York, NY", "sentiment": "positive", "time": "Mon Nov 21 20:09:17 +0000 2016"}
{"polarity": -0.5625, "location": "New York, NY", "sentiment": "negative", "time": "Mon Nov 21 20:09:20 +0000 2016"}
{"polarity": 0.103125, "location": "New York, NY", "sentiment": "positive", "time": "Mon Nov 21 20:09:39 +0000 2016"}
{"polarity": 0.5, "location": "San Diego, CA", "sentiment": "positive", "time": "Mon Nov 21 20:09:50 +0000 2016"}
{"polarity": 0.0, "location": "Portland, OR", "sentiment": "neutral", "time": "Mon Nov 21 20:33:09 +0000 2016"}
{"polarity": 0.375, "location": "San Diego, CA", "sentiment": "positive", "time": "Mon Nov 21 20:33:10 +0000 2016"}
{"polarity": 0.6, "location": "Atlanta, GA", "sentiment": "positive", "time": "Mon Nov 21 20:33:17 +0000 2016"}
{"polarity": -0.16666666666666666, "location": "New York, NY", "sentiment": "negative", "time": "Mon Nov 21 20:33:22 +0000 2016"}
{"polarity": 0.0, "location": "San Diego, CA", "sentiment": "neutral", "time": "Mon Nov 21 20:33:27 +0000 2016"}
{"polarity": 0.0, "location": "Boston, MA", "sentiment": "neutral", "time": "Mon Nov 21 20:33:30 +0000 2016"}
{"polarity": -0.056249999999999994, "location": "San Diego, CA", "sentiment": "negative", "time": "Mon Nov 21 20:33:31 +0000 2016"}
{"polarity": 0.13636363636363635, "location": "Boston, MA", "sentiment": "positive", "time": "Mon Nov 21 20:33:33 +0000 2016"}
{"polarity": 0.25, "location": "Boston, MA", "sentiment": "positive", "time": "Mon Nov 21 20:33:38 +0000 2016"}
{"polarity": 0.0, "location": "Orlando, FL", "sentiment": "neutral", "time": "Mon Nov 21 20:33:39 +0000 2016"}
{"polarity": 0.35, "location": "New York, NY", "sentiment": "positive", "time": "Mon Nov 21 20:33:46 +0000 2016"}
{"polarity": 0.0, "location": "New York, NY", "sentiment": "neutral", "time": "Mon Nov 21 20:33:47 +0000 2016"}
{"polarity": 0.0, "location": "Boston, MA", "sentiment": "neutral", "time": "Mon Nov 21 20:44:13 +0000 2016"}
{"polarity": 0.0, "location": "Orlando, FL", "sentiment": "neutral", "time": "Mon Nov 21 20:44:18 +0000 2016"}
{"polarity": -0.2, "location": "Atlanta, GA", "sentiment": "negative", "time": "Mon Nov 21 20:44:23 +0000 2016"}
{"polarity": 0.0, "location": "Orlando, FL", "sentiment": "neutral", "time": "Mon Nov 21 20:44:35 +0000 2016"}
{"polarity": 0.0, "location": "San Diego, CA", "sentiment": "neutral", "time": "Mon Nov 21 20:44:35 +0000 2016"}
{"polarity": 0.17045454545454544, "location": "Orlando, FL", "sentiment": "positive", "time": "Mon Nov 21 20:44:43 +0000 2016"}
{"polarity": -0.5, "location": "Seattle, WA", "sentiment": "negative", "time": "Mon Nov 21 20:44:53 +0000 2016"}
{"polarity": 0.0, "location": "Atlanta, GA", "sentiment": "neutral", "time": "Mon Nov 21 20:28:13 +0000 2016"}
{"polarity": 0.0, "location": "New York, NY", "sentiment": "neutral", "time": "Mon Nov 21 20:28:14 +0000 2016"}
{"polarity": 0.3666666666666667, "location": "New York, NY", "sentiment": "positive", "time": "Mon Nov 21 20:28:16 +0000 2016"}
{"polarity": 0.0, "location": "Atlanta, GA", "sentiment": "neutral", "time": "Mon Nov 21 20:28:27 +0000 2016"}
{"polarity": 0.35, "location": "Boston, MA", "sentiment": "positive", "time": "Mon Nov 21 20:28:39 +0000 2016"}
{"polarity": 0.0, "location": "Seattle, WA", "sentiment": "neutral", "time": "Mon Nov 21 20:28:42 +0000 2016"}
{"polarity": 0.13636363636363635, "location": "Boston, MA", "sentiment": "positive", "time": "Mon Nov 21 20:28:45 +0000 2016"}
{"polarity": 0.0, "location": "Phoenix, AZ", "sentiment": "neutral", "time": "Mon Nov 21 20:28:48 +0000 2016"}
{"polarity": 0.0, "location": "Atlanta, GA", "sentiment": "neutral", "time": "Mon Nov 21 20:28:50 +0000 2016"}
{"polarity": -0.3125, "location": "Orlando, FL", "sentiment": "negative", "time": "Mon Nov 21 20:28:50 +0000 2016"}
{"polarity": 0.04545454545454545, "location": "Seattle, WA", "sentiment": "positive", "time": "Mon Nov 21 20:28:52 +0000 2016"}
{"polarity": 0.0, "location": "Atlanta, GA", "sentiment": "neutral", "time": "Mon Nov 21 20:28:53 +0000 2016"}
{"polarity": 0.0, "location": "New York, NY", "sentiment": "neutral", "time": "Mon Nov 21 20:28:58 +0000 2016"}
{"polarity": 0.375, "location": "Atlanta, GA", "sentiment": "positive", "time": "Mon Nov 21 20:22:03 +0000 2016"}
{"polarity": 0.0, "location": "San Diego, CA", "sentiment": "neutral", "time": "Mon Nov 21 20:22:07 +0000 2016"}
{"polarity": 0.0, "location": "Seattle, WA", "sentiment": "neutral", "time": "Mon Nov 21 20:22:18 +0000 2016"}
{"polarity": 0.45000000000000007, "location": "Boston, MA", "sentiment": "positive", "time": "Mon Nov 21 20:22:22 +0000 2016"}
{"polarity": 0.13636363636363635, "location": "Portland, OR", "sentiment": "positive", "time": "Mon Nov 21 20:22:30 +0000 2016"}
{"polarity": 0.0, "location": "Portland, OR", "sentiment": "neutral", "time": "Mon Nov 21 20:22:31 +0000 2016"}
{"polarity": 0.0, "location": "Phoenix, AZ", "sentiment": "neutral", "time": "Mon Nov 21 20:22:33 +0000 2016"}
{"polarity": 1.0, "location": "Phoenix, AZ", "sentiment": "positive", "time": "Mon Nov 21 20:22:55 +0000 2016"}
{"polarity": 0.25, "location": "Orlando, FL", "sentiment": "positive", "time": "Mon Nov 21 20:22:57 +0000 2016"}
{"polarity": 0.2366666666666667, "location": "San Diego, CA", "sentiment": "positive", "time": "Mon Nov 21 20:49:25 +0000 2016"}
{"polarity": 0.0, "location": "Atlanta, GA", "sentiment": "neutral", "time": "Mon Nov 21 20:49:37 +0000 2016"}
{"polarity": -0.005555555555555554, "location": "Phoenix, AZ", "sentiment": "negative", "time": "Mon Nov 21 20:49:53 +0000 2016"}
{"polarity": 0.0, "location": "Atlanta, GA", "sentiment": "neutral", "time": "Mon Nov 21 20:49:57 +0000 2016"}
{"polarity": 0.0, "location": "Orlando, FL", "sentiment": "neutral", "time": "Mon Nov 21 20:45:02 +0000 2016"}
{"polarity": -0.12121212121212122, "location": "Boston, MA", "sentiment": "negative", "time": "Mon Nov 21 20:45:02 +0000 2016"}
{"polarity": 0.13636363636363635, "location": "Orlando, FL", "sentiment": "positive", "time": "Mon Nov 21 20:45:03 +0000 2016"}
{"polarity": 0.6875, "location": "Seattle, WA", "sentiment": "positive", "time": "Mon Nov 21 20:45:20 +0000 2016"}
{"polarity": 0.7, "location": "Boston, MA", "sentiment": "positive", "time": "Mon Nov 21 20:45:24 +0000 2016"}
{"polarity": 0.0, "location": "Portland, OR", "sentiment": "neutral", "time": "Mon Nov 21 20:45:38 +0000 2016"}
{"polarity": 0.0, "location": "Atlanta, GA", "sentiment": "neutral", "time": "Mon Nov 21 20:45:51 +0000 2016"}
{"polarity": 1.0, "location": "New York, NY", "sentiment": "positive", "time": "Mon Nov 21 20:06:01 +0000 2016"}
{"polarity": 0.018181818181818174, "location": "Atlanta, GA", "sentiment": "positive", "time": "Mon Nov 21 20:06:03 +0000 2016"}
{"polarity": 0.21212121212121213, "location": "San Diego, CA", "sentiment": "positive", "time": "Mon Nov 21 20:06:05 +0000 2016"}
{"polarity": 0.0, "location": "New York, NY", "sentiment": "neutral", "time": "Mon Nov 21 20:06:07 +0000 2016"}
{"polarity": -0.10000000000000002, "location": "New York, NY", "sentiment": "negative", "time": "Mon Nov 21 20:06:14 +0000 2016"}
{"polarity": 0.0, "location": "New York, NY", "sentiment": "neutral", "time": "Mon Nov 21 20:06:20 +0000 2016"}
{"polarity": 0.0, "location": "San Diego, CA", "sentiment": "neutral", "time": "Mon Nov 21 20:06:22 +0000 2016"}
{"polarity": 0.5, "location": "New York, NY", "sentiment": "positive", "time": "Mon Nov 21 20:06:22 +0000 2016"}
{"polarity": 0.5625, "location": "Orlando, FL", "sentiment": "positive", "time": "Mon Nov 21 20:06:44 +0000 2016"}
{"polarity": -0.02777777777777778, "location": "Boston, MA", "sentiment": "negative", "time": "Mon Nov 21 20:06:44 +0000 2016"}
{"polarity": 0.2, "location": "Atlanta, GA", "sentiment": "positive", "time": "Mon Nov 21 20:06:57 +0000 2016"}
{"polarity": 0.5, "location": "Atlanta, GA", "sentiment": "positive", "time": "Mon Nov 21 20:20:01 +0000 2016"}
{"polarity": -0.6, "location": "St. Louis, MO", "sentiment": "negative", "time": "Mon Nov 21 20:20:06 +0000 2016"}
{"polarity": 0.25, "location": "Atlanta, GA", "sentiment": "positive", "time": "Mon Nov 21 20:20:07 +0000 2016"}
{"polarity": 0.0, "location": "New York, NY", "sentiment": "neutral", "time": "Mon Nov 21 20:20:08 +0000 2016"}
{"polarity": -0.6, "location": "St. Louis, MO", "sentiment": "negative", "time": "Mon Nov 21 20:20:06 +0000 2016"}
{"polarity": 0.04545454545454545, "location": "Phoenix, AZ", "sentiment": "positive", "time": "Mon Nov 21 20:20:15 +0000 2016"}
{"polarity": 0.6000000000000001, "location": "Boston, MA", "sentiment": "positive", "time": "Mon Nov 21 20:20:18 +0000 2016"}
{"polarity": 0.0, "location": "San Diego, CA", "sentiment": "neutral", "time": "Mon Nov 21 20:20:18 +0000 2016"}
{"polarity": 0.6333333333333333, "location": "San Diego, CA", "sentiment": "positive", "time": "Mon Nov 21 20:20:19 +0000 2016"}
{"polarity": 0.25, "location": "Atlanta, GA", "sentiment": "positive", "time": "Mon Nov 21 20:20:19 +0000 2016"}
{"polarity": 0.35, "location": "Atlanta, GA", "sentiment": "positive", "time": "Mon Nov 21 20:20:22 +0000 2016"}
{"polarity": 0.9375000000000001, "location": "Orlando, FL", "sentiment": "positive", "time": "Mon Nov 21 20:20:31 +0000 2016"}
{"polarity": 0.3833333333333333, "location": "Atlanta, GA", "sentiment": "positive", "time": "Mon Nov 21 20:20:32 +0000 2016"}
{"polarity": 0.0, "location": "Boston, MA", "sentiment": "neutral", "time": "Mon Nov 21 20:20:42 +0000 2016"}
{"polarity": 0.0, "location": "Seattle, WA", "sentiment": "neutral", "time": "Mon Nov 21 20:20:43 +0000 2016"}
{"polarity": 0.0, "location": "Portland, OR", "sentiment": "neutral", "time": "Mon Nov 21 20:20:51 +0000 2016"}
{"polarity": 0.0, "location": "New York, NY", "sentiment": "neutral", "time": "Mon Nov 21 20:20:54 +0000 2016"}
{"polarity": 0.0, "location": "Portland, OR", "sentiment": "neutral", "time": "Mon Nov 21 20:13:11 +0000 2016"}
{"polarity": 0.0, "location": "Atlanta, GA", "sentiment": "neutral", "time": "Mon Nov 21 20:13:14 +0000 2016"}
{"polarity": 0.1, "location": "Atlanta, GA", "sentiment": "positive", "time": "Mon Nov 21 20:13:15 +0000 2016"}
{"polarity": 0.0, "location": "Seattle, WA", "sentiment": "neutral", "time": "Mon Nov 21 20:13:18 +0000 2016"}
{"polarity": 0.0, "location": "Orlando, FL", "sentiment": "neutral", "time": "Mon Nov 21 20:13:23 +0000 2016"}
{"polarity": -0.08333333333333333, "location": "Seattle, WA", "sentiment": "negative", "time": "Mon Nov 21 20:13:28 +0000 2016"}
{"polarity": 0.0, "location": "Seattle, WA", "sentiment": "neutral", "time": "Mon Nov 21 20:13:56 +0000 2016"}
{"polarity": -0.3125, "location": "Seattle, WA", "sentiment": "negative", "time": "Mon Nov 21 20:04:07 +0000 2016"}
{"polarity": 0.0, "location": "Atlanta, GA", "sentiment": "neutral", "time": "Mon Nov 21 20:04:08 +0000 2016"}
{"polarity": 0.0, "location": "Phoenix, AZ", "sentiment": "neutral", "time": "Mon Nov 21 20:04:08 +0000 2016"}
{"polarity": 0.25, "location": "Atlanta, GA", "sentiment": "positive", "time": "Mon Nov 21 20:04:11 +0000 2016"}
{"polarity": 0.4, "location": "Phoenix, AZ", "sentiment": "positive", "time": "Mon Nov 21 20:04:23 +0000 2016"}
{"polarity": 0.0, "location": "Orlando, FL", "sentiment": "neutral", "time": "Mon Nov 21 20:04:34 +0000 2016"}
{"polarity": 0.25, "location": "New York, NY", "sentiment": "positive", "time": "Mon Nov 21 20:04:50 +0000 2016"}
{"polarity": 0.0, "location": "Orlando, FL", "sentiment": "neutral", "time": "Tue Nov 22 00:39:06 +0000 2016"}
{"polarity": 0.8, "location": "Seattle, WA", "sentiment": "positive", "time": "Tue Nov 22 00:39:07 +0000 2016"}
{"polarity": 0.005681818181818177, "location": "Atlanta, GA", "sentiment": "positive", "time": "Tue Nov 22 00:39:08 +0000 2016"}
{"polarity": 0.0, "location": "Boston, MA", "sentiment": "neutral", "time": "Tue Nov 22 00:39:09 +0000 2016"}
{"polarity": 0.3, "location": "Seattle, WA", "sentiment": "positive", "time": "Tue Nov 22 00:39:25 +0000 2016"}
{"polarity": 0.0, "location": "San Diego, CA", "sentiment": "neutral", "time": "Tue Nov 22 00:39:35 +0000 2016"}
{"polarity": 0.0, "location": "New York, NY", "sentiment": "neutral", "time": "Tue Nov 22 00:39:40 +0000 2016"}
{"polarity": 0.0, "location": "Boston, MA", "sentiment": "neutral", "time": "Tue Nov 22 00:39:53 +0000 2016"}
{"polarity": 0.2857142857142857, "location": "New York, NY", "sentiment": "positive", "time": "Tue Nov 22 00:39:58 +0000 2016"}
{"polarity": 0.0, "location": "Seattle, WA", "sentiment": "neutral", "time": "Tue Nov 22 00:59:01 +0000 2016"}
{"polarity": 0.0, "location": "Boston, MA", "sentiment": "neutral", "time": "Tue Nov 22 00:59:06 +0000 2016"}
{"polarity": 0.0, "location": "New York, NY", "sentiment": "neutral", "time": "Tue Nov 22 00:59:08 +0000 2016"}
{"polarity": 0.0, "location": "New York, NY", "sentiment": "neutral", "time": "Tue Nov 22 00:59:14 +0000 2016"}
{"polarity": -0.2, "location": "Phoenix, AZ", "sentiment": "negative", "time": "Tue Nov 22 00:59:17 +0000 2016"}
{"polarity": 0.0, "location": "Orlando, FL", "sentiment": "neutral", "time": "Tue Nov 22 00:59:20 +0000 2016"}
{"polarity": 0.6, "location": "San Diego, CA", "sentiment": "positive", "time": "Tue Nov 22 00:59:20 +0000 2016"}
{"polarity": 0.2, "location": "Atlanta, GA", "sentiment": "positive", "time": "Tue Nov 22 00:59:24 +0000 2016"}
{"polarity": 0.4, "location": "Boston, MA", "sentiment": "positive", "time": "Tue Nov 22 00:59:32 +0000 2016"}
{"polarity": 0.0, "location": "Boston, MA", "sentiment": "neutral", "time": "Tue Nov 22 00:19:04 +0000 2016"}
{"polarity": 0.0, "location": "Seattle, WA", "sentiment": "neutral", "time": "Tue Nov 22 00:19:06 +0000 2016"}
{"polarity": 0.0, "location": "Atlanta, GA", "sentiment": "neutral", "time": "Tue Nov 22 00:19:07 +0000 2016"}
{"polarity": 0.0, "location": "San Diego, CA", "sentiment": "neutral", "time": "Tue Nov 22 00:19:12 +0000 2016"}
{"polarity": 0.0, "location": "Portland, OR", "sentiment": "neutral", "time": "Tue Nov 22 00:19:19 +0000 2016"}
{"polarity": 0.12222222222222222, "location": "San Diego, CA", "sentiment": "positive", "time": "Tue Nov 22 00:19:22 +0000 2016"}
{"polarity": 0.0, "location": "San Diego, CA", "sentiment": "neutral", "time": "Tue Nov 22 00:19:37 +0000 2016"}
{"polarity": 0.0, "location": "New York, NY", "sentiment": "neutral", "time": "Tue Nov 22 00:19:37 +0000 2016"}
{"polarity": -0.2833333333333333, "location": "New York, NY", "sentiment": "negative", "time": "Tue Nov 22 00:19:45 +0000 2016"}
{"polarity": -0.20000000000000004, "location": "New York, NY", "sentiment": "negative", "time": "Tue Nov 22 00:19:48 +0000 2016"}
{"polarity": 0.0, "location": "New York, NY", "sentiment": "neutral", "time": "Tue Nov 22 00:19:52 +0000 2016"}
{"polarity": 0.0, "location": "Seattle, WA", "sentiment": "neutral", "time": "Tue Nov 22 00:19:52 +0000 2016"}
{"polarity": 0.0, "location": "Atlanta, GA", "sentiment": "neutral", "time": "Tue Nov 22 00:19:55 +0000 2016"}
{"polarity": 0.375, "location": "New York, NY", "sentiment": "positive", "time": "Tue Nov 22 00:37:00 +0000 2016"}
{"polarity": 0.375, "location": "New York, NY", "sentiment": "positive", "time": "Tue Nov 22 00:37:00 +0000 2016"}
{"polarity": 1.0, "location": "Seattle, WA", "sentiment": "positive", "time": "Tue Nov 22 00:37:12 +0000 2016"}
{"polarity": 0.4121212121212121, "location": "Portland, OR", "sentiment": "positive", "time": "Tue Nov 22 00:37:13 +0000 2016"}
{"polarity": 0.0, "location": "Orlando, FL", "sentiment": "neutral", "time": "Tue Nov 22 00:37:22 +0000 2016"}
{"polarity": 0.0, "location": "New York, NY", "sentiment": "neutral", "time": "Tue Nov 22 00:37:23 +0000 2016"}
{"polarity": -0.2916666666666667, "location": "New York, NY", "sentiment": "negative", "time": "Tue Nov 22 00:37:24 +0000 2016"}
{"polarity": -0.0625, "location": "Seattle, WA", "sentiment": "negative", "time": "Tue Nov 22 00:37:30 +0000 2016"}
{"polarity": -0.2, "location": "New York, NY", "sentiment": "negative", "time": "Tue Nov 22 00:37:40 +0000 2016"}
{"polarity": -0.5, "location": "Atlanta, GA", "sentiment": "negative", "time": "Tue Nov 22 00:37:42 +0000 2016"}
{"polarity": -1.0, "location": "Atlanta, GA", "sentiment": "negative", "time": "Tue Nov 22 00:31:00 +0000 2016"}
{"polarity": 0.9, "location": "Orlando, FL", "sentiment": "positive", "time": "Tue Nov 22 00:31:06 +0000 2016"}
{"polarity": 0.0, "location": "Orlando, FL", "sentiment": "neutral", "time": "Tue Nov 22 00:31:13 +0000 2016"}
{"polarity": 0.0, "location": "Atlanta, GA", "sentiment": "neutral", "time": "Tue Nov 22 00:31:20 +0000 2016"}
{"polarity": 0.4, "location": "Orlando, FL", "sentiment": "positive", "time": "Tue Nov 22 00:31:21 +0000 2016"}
{"polarity": 0.0, "location": "Portland, OR", "sentiment": "neutral", "time": "Tue Nov 22 00:31:35 +0000 2016"}
{"polarity": 0.0, "location": "New York, NY", "sentiment": "neutral", "time": "Tue Nov 22 00:31:58 +0000 2016"}
{"polarity": -0.45, "location": "New York, NY", "sentiment": "negative", "time": "Tue Nov 22 00:41:02 +0000 2016"}
{"polarity": 0.0, "location": "Orlando, FL", "sentiment": "neutral", "time": "Tue Nov 22 00:41:04 +0000 2016"}
{"polarity": 0.6, "location": "San Diego, CA", "sentiment": "positive", "time": "Tue Nov 22 00:41:05 +0000 2016"}
{"polarity": 0.0, "location": "San Diego, CA", "sentiment": "neutral", "time": "Tue Nov 22 00:41:09 +0000 2016"}
{"polarity": 0.06818181818181818, "location": "St. Louis, MO", "sentiment": "positive", "time": "Tue Nov 22 00:41:12 +0000 2016"}
{"polarity": -0.3888888888888889, "location": "Atlanta, GA", "sentiment": "negative", "time": "Tue Nov 22 00:41:17 +0000 2016"}
{"polarity": 0.0, "location": "Phoenix, AZ", "sentiment": "neutral", "time": "Tue Nov 22 00:41:23 +0000 2016"}
{"polarity": 0.1, "location": "Atlanta, GA", "sentiment": "positive", "time": "Tue Nov 22 00:41:29 +0000 2016"}
{"polarity": 0.6, "location": "Phoenix, AZ", "sentiment": "positive", "time": "Tue Nov 22 00:41:34 +0000 2016"}
{"polarity": 0.0, "location": "St. Louis, MO", "sentiment": "neutral", "time": "Tue Nov 22 00:41:37 +0000 2016"}
{"polarity": 0.0, "location": "Orlando, FL", "sentiment": "neutral", "time": "Tue Nov 22 00:41:47 +0000 2016"}
{"polarity": -0.15833333333333335, "location": "Seattle, WA", "sentiment": "negative", "time": "Tue Nov 22 00:41:47 +0000 2016"}
{"polarity": 0.0, "location": "Orlando, FL", "sentiment": "neutral", "time": "Tue Nov 22 00:41:53 +0000 2016"}
{"polarity": 0.07222222222222223, "location": "Seattle, WA", "sentiment": "positive", "time": "Tue Nov 22 00:41:53 +0000 2016"}
{"polarity": 0.0, "location": "Atlanta, GA", "sentiment": "neutral", "time": "Tue Nov 22 00:27:04 +0000 2016"}
{"polarity": -0.6, "location": "New York, NY", "sentiment": "negative", "time": "Tue Nov 22 00:27:04 +0000 2016"}
{"polarity": 0.1787878787878788, "location": "Atlanta, GA", "sentiment": "positive", "time": "Tue Nov 22 00:27:16 +0000 2016"}
{"polarity": -0.6, "location": "New York, NY", "sentiment": "negative", "time": "Tue Nov 22 00:27:26 +0000 2016"}
{"polarity": 0.0, "location": "Portland, OR", "sentiment": "neutral", "time": "Tue Nov 22 00:27:29 +0000 2016"}
{"polarity": 0.0, "location": "Seattle, WA", "sentiment": "neutral", "time": "Tue Nov 22 00:27:31 +0000 2016"}
{"polarity": 0.0, "location": "New York, NY", "sentiment": "neutral", "time": "Tue Nov 22 00:27:39 +0000 2016"}
{"polarity": 0.0, "location": "New York, NY", "sentiment": "neutral", "time": "Tue Nov 22 00:27:46 +0000 2016"}
{"polarity": 0.25, "location": "San Diego, CA", "sentiment": "positive", "time": "Tue Nov 22 00:27:51 +0000 2016"}
{"polarity": 0.0, "location": "Seattle, WA", "sentiment": "neutral", "time": "Tue Nov 22 00:27:54 +0000 2016"}
{"polarity": 0.0, "location": "San Diego, CA", "sentiment": "neutral", "time": "Tue Nov 22 00:27:59 +0000 2016"}
{"polarity": 1.0, "location": "Seattle, WA", "sentiment": "positive", "time": "Tue Nov 22 00:57:00 +0000 2016"}
{"polarity": 0.35714285714285715, "location": "Boston, MA", "sentiment": "positive", "time": "Tue Nov 22 00:57:03 +0000 2016"}
{"polarity": -0.15000000000000002, "location": "New York, NY", "sentiment": "negative", "time": "Tue Nov 22 00:57:08 +0000 2016"}
{"polarity": 0.5, "location": "Seattle, WA", "sentiment": "positive", "time": "Tue Nov 22 00:57:15 +0000 2016"}
{"polarity": 1.0, "location": "New York, NY", "sentiment": "positive", "time": "Tue Nov 22 00:57:16 +0000 2016"}
{"polarity": 0.13636363636363635, "location": "Portland, OR", "sentiment": "positive", "time": "Tue Nov 22 00:57:17 +0000 2016"}
{"polarity": 0.0, "location": "Portland, OR", "sentiment": "neutral", "time": "Tue Nov 22 00:57:23 +0000 2016"}
{"polarity": -0.3499999999999999, "location": "Atlanta, GA", "sentiment": "negative", "time": "Tue Nov 22 00:57:25 +0000 2016"}
{"polarity": 0.0, "location": "New York, NY", "sentiment": "neutral", "time": "Tue Nov 22 00:57:34 +0000 2016"}
{"polarity": 0.0, "location": "New York, NY", "sentiment": "neutral", "time": "Tue Nov 22 00:57:37 +0000 2016"}
{"polarity": 0.0, "location": "New York, NY", "sentiment": "neutral", "time": "Tue Nov 22 00:57:40 +0000 2016"}
{"polarity": -0.1597222222222222, "location": "San Diego, CA", "sentiment": "negative", "time": "Tue Nov 22 00:57:45 +0000 2016"}
{"polarity": 0.0, "location": "New York, NY", "sentiment": "neutral", "time": "Tue Nov 22 00:57:49 +0000 2016"}
{"polarity": -0.14583333333333334, "location": "Portland, OR", "sentiment": "negative", "time": "Tue Nov 22 00:57:50 +0000 2016"}
{"polarity": 0.0, "location": "Atlanta, GA", "sentiment": "neutral", "time": "Tue Nov 22 00:57:53 +0000 2016"}
{"polarity": 0.5, "location": "Phoenix, AZ", "sentiment": "positive", "time": "Tue Nov 22 00:26:00 +0000 2016"}
{"polarity": 0.1, "location": "New York, NY", "sentiment": "positive", "time": "Tue Nov 22 00:26:02 +0000 2016"}
{"polarity": 0.0, "location": "Phoenix, AZ", "sentiment": "neutral", "time": "Tue Nov 22 00:26:12 +0000 2016"}
{"polarity": 0.6, "location": "Boston, MA", "sentiment": "positive", "time": "Tue Nov 22 00:26:16 +0000 2016"}
{"polarity": 0.8, "location": "Atlanta, GA", "sentiment": "positive", "time": "Tue Nov 22 00:26:20 +0000 2016"}
{"polarity": 0.0, "location": "Boston, MA", "sentiment": "neutral", "time": "Tue Nov 22 00:26:25 +0000 2016"}
{"polarity": 0.409375, "location": "Phoenix, AZ", "sentiment": "positive", "time": "Tue Nov 22 00:26:32 +0000 2016"}
{"polarity": 0.0, "location": "Phoenix, AZ", "sentiment": "neutral", "time": "Tue Nov 22 00:26:34 +0000 2016"}
{"polarity": 0.7, "location": "Phoenix, AZ", "sentiment": "positive", "time": "Tue Nov 22 00:26:36 +0000 2016"}
{"polarity": -0.33333333333333337, "location": "San Diego, CA", "sentiment": "negative", "time": "Tue Nov 22 00:26:36 +0000 2016"}
{"polarity": 0.0, "location": "Phoenix, AZ", "sentiment": "neutral", "time": "Tue Nov 22 00:26:37 +0000 2016"}
{"polarity": -0.09999999999999998, "location": "New York, NY", "sentiment": "negative", "time": "Tue Nov 22 00:26:46 +0000 2016"}
{"polarity": 0.0, "location": "New York, NY", "sentiment": "neutral", "time": "Tue Nov 22 00:26:55 +0000 2016"}
{"polarity": 0.0, "location": "New York, NY", "sentiment": "neutral", "time": "Tue Nov 22 00:26:57 +0000 2016"}
{"polarity": 0.0, "location": "Portland, OR", "sentiment": "neutral", "time": "Tue Nov 22 00:26:59 +0000 2016"}
