{"polarity": 0.0, "location": "Seattle, WA", "sentiment": "neutral", "time": "Tue Nov 22 00:58:00 +0000 2016"}
{"polarity": -0.4, "location": "Phoenix, AZ", "sentiment": "negative", "time": "Tue Nov 22 00:58:06 +0000 2016"}
{"polarity": 0.0, "location": "Phoenix, AZ", "sentiment": "neutral", "time": "Tue Nov 22 00:58:10 +0000 2016"}
{"polarity": 0.9375, "location": "Atlanta, GA", "sentiment": "positive", "time": "Tue Nov 22 00:58:14 +0000 2016"}
{"polarity": 0.0, "location": "New York, NY", "sentiment": "neutral", "time": "Tue Nov 22 00:58:27 +0000 2016"}
{"polarity": 0.0, "location": "Atlanta, GA", "sentiment": "neutral", "time": "Tue Nov 22 00:58:36 +0000 2016"}
{"polarity": 0.0, "location": "Atlanta, GA", "sentiment": "neutral", "time": "Tue Nov 22 00:58:36 +0000 2016"}
{"polarity": 0.0, "location": "Portland, OR", "sentiment": "neutral", "time": "Tue Nov 22 00:58:45 +0000 2016"}
{"polarity": -0.25, "location": "New York, NY", "sentiment": "negative", "time": "Tue Nov 22 00:58:51 +0000 2016"}
{"polarity": 0.0, "location": "San Diego, CA", "sentiment": "neutral", "time": "Tue Nov 22 00:58:51 +0000 2016"}
{"polarity": 0.0, "location": "Orlando, FL", "sentiment": "neutral", "time": "Tue Nov 22 00:42:01 +0000 2016"}
{"polarity": -0.11333333333333333, "location": "Atlanta, GA", "sentiment": "negative", "time": "Tue Nov 22 00:42:03 +0000 2016"}
{"polarity": 0.0, "location": "New York, NY", "sentiment": "neutral", "time": "Tue Nov 22 00:42:04 +0000 2016"}
{"polarity": 0.18333333333333335, "location": "Seattle, WA", "sentiment": "positive", "time": "Tue Nov 22 00:42:36 +0000 2016"}
{"polarity": 0.0, "location": "Seattle, WA", "sentiment": "neutral", "time": "Tue Nov 22 00:42:38 +0000 2016"}
{"polarity": 0.0, "location": "Atlanta, GA", "sentiment": "neutral", "time": "Tue Nov 22 00:42:39 +0000 2016"}
{"polarity": 0.17500000000000002, "location": "Atlanta, GA", "sentiment": "positive", "time": "Tue Nov 22 00:42:48 +0000 2016"}
{"polarity": 0.0, "location": "Phoenix, AZ", "sentiment": "neutral", "time": "Tue Nov 22 00:42:50 +0000 2016"}
{"polarity": 0.75, "location": "Atlanta, GA", "sentiment": "positive", "time": "Tue Nov 22 00:42:52 +0000 2016"}
{"polarity": 0.0, "location": "Seattle, WA", "sentiment": "neutral", "time": "Tue Nov 22 00:50:00 +0000 2016"}
{"polarity": 0.2, "location": "New York, NY", "sentiment": "positive", "time": "Tue Nov 22 00:50:01 +0000 2016"}
{"polarity": 0.85, "location": "Orlando, FL", "sentiment": "positive", "time": "Tue Nov 22 00:50:04 +0000 2016"}
{"polarity": 0.0, "location": "Portland, OR", "sentiment": "neutral", "time": "Tue Nov 22 00:50:11 +0000 2016"}
{"polarity": 0.0, "location": "Seattle, WA", "sentiment": "neutral", "time": "Tue Nov 22 00:50:12 +0000 2016"}
{"polarity": 0.13636363636363635, "location": "Atlanta, GA", "sentiment": "positive", "time": "Tue Nov 22 00:50:12 +0000 2016"}
{"polarity": 0.125, "location": "Portland, OR", "sentiment": "positive", "time": "Tue Nov 22 00:50:16 +0000 2016"}
{"polarity": 0.0, "location": "Orlando, FL", "sentiment": "neutral", "time": "Tue Nov 22 00:50:47 +0000 2016"}
{"polarity": 0.5666666666666667, "location": "San Diego, CA", "sentiment": "positive", "time": "Tue Nov 22 00:50:48 +0000 2016"}
{"polarity": 0.0, "location": "Phoenix, AZ", "sentiment": "neutral", "time": "Tue Nov 22 00:50:58 +0000 2016"}
{"polarity": 0.38333333333333336, "location": "Portland, OR", "sentiment": "positive", "time": "Tue Nov 22 00:50:59 +0000 2016"}
{"polarity": 0.25, "location": "New York, NY", "sentiment": "positive", "time": "Tue Nov 22 00:15:03 +0000 2016"}
{"polarity": 0.0, "location": "Orlando, FL", "sentiment": "neutral", "time": "Tue Nov 22 00:15:08 +0000 2016"}
{"polarity": 0.13636363636363635, "location": "Portland, OR", "sentiment": "positive", "time": "Tue Nov 22 00:15:16 +0000 2016"}
{"polarity": 0.85, "location": "San Diego, CA", "sentiment": "positive", "time": "Tue Nov 22 00:15:18 +0000 2016"}
{"polarity": 0.0, "location": "Orlando, FL", "sentiment": "neutral", "time": "Tue Nov 22 00:15:20 +0000 2016"}
{"polarity": -0.325, "location": "Portland, OR", "sentiment": "negative", "time": "Tue Nov 22 00:15:24 +0000 2016"}
{"polarity": 0.0, "location": "San Diego, CA", "sentiment": "neutral", "time": "Tue Nov 22 00:15:31 +0000 2016"}
{"polarity": 0.0, "location": "Orlando, FL", "sentiment": "neutral", "time": "Tue Nov 22 00:15:39 +0000 2016"}
{"polarity": 0.25, "location": "Atlanta, GA", "sentiment": "positive", "time": "Tue Nov 22 00:15:41 +0000 2016"}
{"polarity": -0.025568181818181823, "location": "Portland, OR", "sentiment": "negative", "time": "Tue Nov 22 00:15:43 +0000 2016"}
{"polarity": -0.6, "location": "San Diego, CA", "sentiment": "negative", "time": "Tue Nov 22 00:15:50 +0000 2016"}
{"polarity": 0.1, "location": "Atlanta, GA", "sentiment": "positive", "time": "Tue Nov 22 00:15:53 +0000 2016"}
{"polarity": 0.13636363636363635, "location": "Atlanta, GA", "sentiment": "positive", "time": "Tue Nov 22 00:15:55 +0000 2016"}
{"polarity": 0.09166666666666666, "location": "Atlanta, GA", "sentiment": "positive", "time": "Tue Nov 22 00:38:06 +0000 2016"}
{"polarity": 0.4, "location": "New York, NY", "sentiment": "positive", "time": "Tue Nov 22 00:38:09 +0000 2016"}
{"polarity": -0.4, "location": "New York, NY", "sentiment": "negative", "time": "Tue Nov 22 00:38:09 +0000 2016"}
{"polarity": 0.0, "location": "New York, NY", "sentiment": "neutral", "time": "Tue Nov 22 00:38:15 +0000 2016"}
{"polarity": 0.5, "location": "Portland, OR", "sentiment": "positive", "time": "Tue Nov 22 00:38:15 +0000 2016"}
{"polarity": 0.0, "location": "Seattle, WA", "sentiment": "neutral", "time": "Tue Nov 22 00:38:23 +0000 2016"}
{"polarity": -0.05, "location": "New York, NY", "sentiment": "negative", "time": "Tue Nov 22 00:38:29 +0000 2016"}
{"polarity": 1.0, "location": "Orlando, FL", "sentiment": "positive", "time": "Tue Nov 22 00:38:34 +0000 2016"}
{"polarity": 0.0, "location": "Seattle, WA", "sentiment": "neutral", "time": "Tue Nov 22 00:38:38 +0000 2016"}
{"polarity": 0.0, "location": "New York, NY", "sentiment": "neutral", "time": "Tue Nov 22 00:38:41 +0000 2016"}
{"polarity": 0.0, "location": "Portland, OR", "sentiment": "neutral", "time": "Tue Nov 22 00:38:42 +0000 2016"}
{"polarity": -0.15555555555555559, "location": "San Diego, CA", "sentiment": "negative", "time": "Tue Nov 22 00:38:46 +0000 2016"}
{"polarity": 0.0, "location": "Portland, OR", "sentiment": "neutral", "time": "Tue Nov 22 00:38:48 +0000 2016"}
{"polarity": 0.2, "location": "Atlanta, GA", "sentiment": "positive", "time": "Tue Nov 22 00:38:56 +0000 2016"}
{"polarity": 0.4, "location": "San Diego, CA", "sentiment": "positive", "time": "Tue Nov 22 00:21:12 +0000 2016"}
{"polarity": 0.0, "location": "New York, NY", "sentiment": "neutral", "time": "Tue Nov 22 00:21:16 +0000 2016"}
{"polarity": 0.22594696969696967, "location": "Atlanta, GA", "sentiment": "positive", "time": "Tue Nov 22 00:21:27 +0000 2016"}
{"polarity": 0.0, "location": "Atlanta, GA", "sentiment": "neutral", "time": "Tue Nov 22 00:21:32 +0000 2016"}
{"polarity": 0.040000000000000015, "location": "Seattle, WA", "sentiment": "positive", "time": "Tue Nov 22 00:21:42 +0000 2016"}
{"polarity": 0.0, "location": "San Diego, CA", "sentiment": "neutral", "time": "Tue Nov 22 00:17:00 +0000 2016"}
{"polarity": 0.0, "location": "San Diego, CA", "sentiment": "neutral", "time": "Tue Nov 22 00:17:37 +0000 2016"}
{"polarity": 0.14375, "location": "Boston, MA", "sentiment": "positive", "time": "Tue Nov 22 00:17:39 +0000 2016"}
{"polarity": 0.0, "location": "Boston, MA", "sentiment": "neutral", "time": "Tue Nov 22 00:17:44 +0000 2016"}
{"polarity": 0.39999999999999997, "location": "Atlanta, GA", "sentiment": "positive", "time": "Tue Nov 22 00:17:48 +0000 2016"}
{"polarity": 0.125, "location": "Portland, OR", "sentiment": "positive", "time": "Tue Nov 22 00:17:50 +0000 2016"}
{"polarity": 0.0, "location": "Orlando, FL", "sentiment": "neutral", "time": "Tue Nov 22 00:17:50 +0000 2016"}
{"polarity": 0.0, "location": "Seattle, WA", "sentiment": "neutral", "time": "Tue Nov 22 00:17:54 +0000 2016"}
{"polarity": 0.5, "location": "Seattle, WA", "sentiment": "positive", "time": "Tue Nov 22 00:17:55 +0000 2016"}
{"polarity": -0.15555555555555559, "location": "New York, NY", "sentiment": "negative", "time": "Tue Nov 22 00:12:04 +0000 2016"}
{"polarity": -0.7, "location": "Atlanta, GA", "sentiment": "negative", "time": "Tue Nov 22 00:12:10 +0000 2016"}
{"polarity": 0.0, "location": "San Diego, CA", "sentiment": "neutral", "time": "Tue Nov 22 00:12:11 +0000 2016"}
{"polarity": 0.0, "location": "Portland, OR", "sentiment": "neutral", "time": "Tue Nov 22 00:12:13 +0000 2016"}
{"polarity": 0.875, "location": "New York, NY", "sentiment": "positive", "time": "Tue Nov 22 00:12:15 +0000 2016"}
{"polarity": 0.0, "location": "Boston, MA", "sentiment": "neutral", "time": "Tue Nov 22 00:12:19 +0000 2016"}
{"polarity": 0.0, "location": "New York, NY", "sentiment": "neutral", "time": "Tue Nov 22 00:12:19 +0000 2016"}
{"polarity": 0.0, "location": "Phoenix, AZ", "sentiment": "neutral", "time": "Tue Nov 22 00:12:21 +0000 2016"}
{"polarity": 0.0, "location": "New York, NY", "sentiment": "neutral", "time": "Tue Nov 22 00:12:26 +0000 2016"}
{"polarity": 0.2857142857142857, "location": "Atlanta, GA", "sentiment": "positive", "time": "Tue Nov 22 00:12:30 +0000 2016"}
{"polarity": -0.205, "location": "New York, NY", "sentiment": "negative", "time": "Tue Nov 22 00:12:35 +0000 2016"}
{"polarity": 0.0, "location": "San Diego, CA", "sentiment": "neutral", "time": "Tue Nov 22 00:12:37 +0000 2016"}
{"polarity": 0.25, "location": "San Diego, CA", "sentiment": "positive", "time": "Tue Nov 22 00:12:38 +0000 2016"}
{"polarity": 0.2, "location": "Seattle, WA", "sentiment": "positive", "time": "Tue Nov 22 00:12:48 +0000 2016"}
{"polarity": -0.4, "location": "Boston, MA", "sentiment": "negative", "time": "Tue Nov 22 00:29:01 +0000 2016"}
{"polarity": 0.0, "location": "Atlanta, GA", "sentiment": "neutral", "time": "Tue Nov 22 00:29:07 +0000 2016"}
{"polarity": 0.0, "location": "Phoenix, AZ", "sentiment": "neutral", "time": "Tue Nov 22 00:29:07 +0000 2016"}
{"polarity": 0.0, "location": "New York, NY", "sentiment": "neutral", "time": "Tue Nov 22 00:29:16 +0000 2016"}
{"polarity": -0.16666666666666666, "location": "Boston, MA", "sentiment": "negative", "time": "Tue Nov 22 00:29:21 +0000 2016"}
{"polarity": 0.0, "location": "Boston, MA", "sentiment": "neutral", "time": "Tue Nov 22 00:29:30 +0000 2016"}
{"polarity": 0.0, "location": "New York, NY", "sentiment": "neutral", "time": "Tue Nov 22 00:29:33 +0000 2016"}
{"polarity": 0.0, "location": "San Diego, CA", "sentiment": "neutral", "time": "Tue Nov 22 00:29:34 +0000 2016"}
{"polarity": 0.0, "location": "Seattle, WA", "sentiment": "neutral", "time": "Tue Nov 22 00:29:35 +0000 2016"}
{"polarity": 0.0, "location": "Boston, MA", "sentiment": "neutral", "time": "Tue Nov 22 00:29:49 +0000 2016"}
{"polarity": 0.0, "location": "San Diego, CA", "sentiment": "neutral", "time": "Tue Nov 22 00:29:51 +0000 2016"}
{"polarity": 0.0, "location": "San Diego, CA", "sentiment": "neutral", "time": "Tue Nov 22 00:29:55 +0000 2016"}
{"polarity": 0.85, "location": "Seattle, WA", "sentiment": "positive", "time": "Tue Nov 22 00:29:56 +0000 2016"}
{"polarity": 0.0, "location": "San Diego, CA", "sentiment": "neutral", "time": "Tue Nov 22 00:29:56 +0000 2016"}
{"polarity": 0.13636363636363635, "location": "Atlanta, GA", "sentiment": "positive", "time": "Tue Nov 22 00:18:09 +0000 2016"}
{"polarity": 0.0, "location": "Portland, OR", "sentiment": "neutral", "time": "Tue Nov 22 00:18:12 +0000 2016"}
{"polarity": 0.0, "location": "Orlando, FL", "sentiment": "neutral", "time": "Tue Nov 22 00:18:21 +0000 2016"}
{"polarity": 0.0, "location": "Phoenix, AZ", "sentiment": "neutral", "time": "Tue Nov 22 00:18:22 +0000 2016"}
{"polarity": 0.0, "location": "Atlanta, GA", "sentiment": "neutral", "time": "Tue Nov 22 00:18:24 +0000 2016"}
{"polarity": 0.75, "location": "Seattle, WA", "sentiment": "positive", "time": "Tue Nov 22 00:18:26 +0000 2016"}
{"polarity": 0.0, "location": "New York, NY", "sentiment": "neutral", "time": "Tue Nov 22 00:18:32 +0000 2016"}
{"polarity": 0.5, "location": "Phoenix, AZ", "sentiment": "positive", "time": "Tue Nov 22 00:18:35 +0000 2016"}
{"polarity": 0.0, "location": "San Diego, CA", "sentiment": "neutral", "time": "Tue Nov 22 00:18:40 +0000 2016"}
{"polarity": 0.35, "location": "St. Louis, MO", "sentiment": "positive", "time": "Tue Nov 22 00:18:51 +0000 2016"}
{"polarity": 0.275, "location": "Boston, MA", "sentiment": "positive", "time": "Tue Nov 22 00:18:53 +0000 2016"}
{"polarity": -0.15, "location": "San Diego, CA", "sentiment": "negative", "time": "Tue Nov 22 00:18:55 +0000 2016"}
{"polarity": 0.0, "location": "New York, NY", "sentiment": "neutral", "time": "Tue Nov 22 00:18:57 +0000 2016"}
{"polarity": 0.0, "location": "Phoenix, AZ", "sentiment": "neutral", "time": "Tue Nov 22 00:18:58 +0000 2016"}
{"polarity": 0.0, "location": "Boston, MA", "sentiment": "neutral", "time": "Tue Nov 22 00:46:03 +0000 2016"}
{"polarity": 0.0, "location": "New York, NY", "sentiment": "neutral", "time": "Tue Nov 22 00:46:03 +0000 2016"}
{"polarity": 0.0, "location": "Seattle, WA", "sentiment": "neutral", "time": "Tue Nov 22 00:46:19 +0000 2016"}
{"polarity": 0.1, "location": "New York, NY", "sentiment": "positive", "time": "Tue Nov 22 00:46:24 +0000 2016"}
{"polarity": 0.5125, "location": "Orlando, FL", "sentiment": "positive", "time": "Tue Nov 22 00:46:24 +0000 2016"}
{"polarity": 0.1, "location": "New York, NY", "sentiment": "positive", "time": "Tue Nov 22 00:46:25 +0000 2016"}
{"polarity": 0.2, "location": "Portland, OR", "sentiment": "positive", "time": "Tue Nov 22 00:46:25 +0000 2016"}
{"polarity": 0.6000000000000001, "location": "Atlanta, GA", "sentiment": "positive", "time": "Tue Nov 22 00:46:34 +0000 2016"}
{"polarity": -0.5, "location": "Atlanta, GA", "sentiment": "negative", "time": "Tue Nov 22 00:46:50 +0000 2016"}
{"polarity": 0.0, "location": "Atlanta, GA", "sentiment": "neutral", "time": "Tue Nov 22 00:46:50 +0000 2016"}
{"polarity": 0.0, "location": "Atlanta, GA", "sentiment": "neutral", "time": "Tue Nov 22 00:00:05 +0000 2016"}
{"polarity": 0.0, "location": "Boston, MA", "sentiment": "neutral", "time": "Tue Nov 22 00:00:11 +0000 2016"}
{"polarity": 0.8, "location": "Boston, MA", "sentiment": "positive", "time": "Tue Nov 22 00:00:11 +0000 2016"}
{"polarity": -0.5, "location": "Portland, OR", "sentiment": "negative", "time": "Tue Nov 22 00:00:12 +0000 2016"}
{"polarity": 0.0, "location": "Seattle, WA", "sentiment": "neutral", "time": "Tue Nov 22 00:00:12 +0000 2016"}
{"polarity": 0.43333333333333335, "location": "Portland, OR", "sentiment": "positive", "time": "Tue Nov 22 00:00:22 +0000 2016"}
{"polarity": 0.4, "location": "Phoenix, AZ", "sentiment": "positive", "time": "Tue Nov 22 00:00:30 +0000 2016"}
{"polarity": 0.0, "location": "Boston, MA", "sentiment": "neutral", "time": "Tue Nov 22 00:00:32 +0000 2016"}
{"polarity": 0.0, "location": "San Diego, CA", "sentiment": "neutral", "time": "Tue Nov 22 00:00:44 +0000 2016"}
{"polarity": 0.0, "location": "Phoenix, AZ", "sentiment": "neutral", "time": "Tue Nov 22 00:34:07 +0000 2016"}
{"polarity": 0.0, "location": "Atlanta, GA", "sentiment": "neutral", "time": "Tue Nov 22 00:34:10 +0000 2016"}
{"polarity": 0.0, "location": "Orlando, FL", "sentiment": "neutral", "time": "Tue Nov 22 00:34:14 +0000 2016"}
{"polarity": -0.6, "location": "Boston, MA", "sentiment": "negative", "time": "Tue Nov 22 00:34:17 +0000 2016"}
{"polarity": 0.8, "location": "Atlanta, GA", "sentiment": "positive", "time": "Tue Nov 22 00:34:28 +0000 2016"}
{"polarity": 0.1, "location": "Seattle, WA", "sentiment": "positive", "time": "Tue Nov 22 00:34:29 +0000 2016"}
{"polarity": 0.31666666666666665, "location": "Boston, MA", "sentiment": "positive", "time": "Tue Nov 22 00:34:36 +0000 2016"}
{"polarity": 0.15, "location": "New York, NY", "sentiment": "positive", "time": "Tue Nov 22 00:34:42 +0000 2016"}
{"polarity": 0.0, "location": "San Diego, CA", "sentiment": "neutral", "time": "Tue Nov 22 00:34:44 +0000 2016"}
{"polarity": -0.19999999999999998, "location": "New York, NY", "sentiment": "negative", "time": "Tue Nov 22 00:34:53 +0000 2016"}
{"polarity": 0.0, "location": "Orlando, FL", "sentiment": "neutral", "time": "Tue Nov 22 00:34:57 +0000 2016"}
{"polarity": 0.35, "location": "Seattle, WA", "sentiment": "positive", "time": "Tue Nov 22 00:05:00 +0000 2016"}
{"polarity": 0.135, "location": "San Diego, CA", "sentiment": "positive", "time": "Tue Nov 22 00:05:00 +0000 2016"}
{"polarity": 0.0, "location": "Atlanta, GA", "sentiment": "neutral", "time": "Tue Nov 22 00:05:10 +0000 2016"}
{"polarity": 0.275, "location": "Atlanta, GA", "sentiment": "positive", "time": "Tue Nov 22 00:05:13 +0000 2016"}
{"polarity": 0.0, "location": "Seattle, WA", "sentiment": "neutral", "time": "Tue Nov 22 00:05:27 +0000 2016"}
{"polarity": 0.0, "location": "Portland, OR", "sentiment": "neutral", "time": "Tue Nov 22 00:05:27 +0000 2016"}
{"polarity": 0.0, "location": "Portland, OR", "sentiment": "neutral", "time": "Tue Nov 22 00:05:33 +0000 2016"}
{"polarity": 0.0, "location": "New York, NY", "sentiment": "neutral", "time": "Tue Nov 22 00:05:34 +0000 2016"}
{"polarity": 0.0, "location": "New York, NY", "sentiment": "neutral", "time": "Tue Nov 22 00:05:46 +0000 2016"}
{"polarity": 0.05952380952380952, "location": "Boston, MA", "sentiment": "positive", "time": "Tue Nov 22 00:05:48 +0000 2016"}
{"polarity": 0.0, "location": "Portland, OR", "sentiment": "neutral", "time": "Tue Nov 22 00:05:53 +0000 2016"}
{"polarity": 0.0, "location": "Portland, OR", "sentiment": "neutral", "time": "Tue Nov 22 00:11:01 +0000 2016"}
{"polarity": 0.5000000000000001, "location": "Orlando, FL", "sentiment": "positive", "time": "Tue Nov 22 00:11:07 +0000 2016"}
{"polarity": 0.0, "location": "Portland, OR", "sentiment": "neutral", "time": "Tue Nov 22 00:11:07 +0000 2016"}
{"polarity": 0.19999999999999998, "location": "Seattle, WA", "sentiment": "positive", "time": "Tue Nov 22 00:11:10 +0000 2016"}
{"polarity": 0.0, "location": "Seattle, WA", "sentiment": "neutral", "time": "Tue Nov 22 00:11:12 +0000 2016"}
{"polarity": 0.0, "location": "Atlanta, GA", "sentiment": "neutral", "time": "Tue Nov 22 00:11:14 +0000 2016"}
{"polarity": 0.13333333333333333, "location": "New York, NY", "sentiment": "positive", "time": "Tue Nov 22 00:11:19 +0000 2016"}
{"polarity": 0.0, "location": "New York, NY", "sentiment": "neutral", "time": "Tue Nov 22 00:11:20 +0000 2016"}
{"polarity": 1.0, "location": "New York, NY", "sentiment": "positive", "time": "Tue Nov 22 00:11:21 +0000 2016"}
{"polarity": 0.35, "location": "Seattle, WA", "sentiment": "positive", "time": "Tue Nov 22 00:11:23 +0000 2016"}
{"polarity": 0.5, "location": "Orlando, FL", "sentiment": "positive", "time": "Tue Nov 22 00:11:25 +0000 2016"}
{"polarity": 0.5, "location": "Atlanta, GA", "sentiment": "positive", "time": "Tue Nov 22 00:11:26 +0000 2016"}
{"polarity": 0.0, "location": "Seattle, WA", "sentiment": "neutral", "time": "Tue Nov 22 00:11:26 +0000 2016"}
{"polarity": 0.1875, "location": "New York, NY", "sentiment": "positive", "time": "Tue Nov 22 00:11:29 +0000 2016"}
{"polarity": 0.0, "location": "Seattle, WA", "sentiment": "neutral", "time": "Tue Nov 22 00:11:32 +0000 2016"}
{"polarity": 0.0, "location": "New York, NY", "sentiment": "neutral", "time": "Tue Nov 22 00:11:33 +0000 2016"}
{"polarity": 0.3125, "location": "New York, NY", "sentiment": "positive", "time": "Tue Nov 22 00:56:03 +0000 2016"}
{"polarity": 0.0, "location": "Seattle, WA", "sentiment": "neutral", "time": "Tue Nov 22 00:56:05 +0000 2016"}
{"polarity": 0.0, "location": "New York, NY", "sentiment": "neutral", "time": "Tue Nov 22 00:56:06 +0000 2016"}
{"polarity": 0.06818181818181818, "location": "Boston, MA", "sentiment": "positive", "time": "Tue Nov 22 00:56:20 +0000 2016"}
{"polarity": 0.0, "location": "New York, NY", "sentiment": "neutral", "time": "Tue Nov 22 00:56:28 +0000 2016"}
{"polarity": -0.4, "location": "Orlando, FL", "sentiment": "negative", "time": "Tue Nov 22 00:56:39 +0000 2016"}
{"polarity": 0.0, "location": "Atlanta, GA", "sentiment": "neutral", "time": "Tue Nov 22 00:56:42 +0000 2016"}
{"polarity": -0.13333333333333333, "location": "Atlanta, GA", "sentiment": "negative", "time": "Tue Nov 22 00:56:46 +0000 2016"}
{"polarity": 0.0, "location": "Boston, MA", "sentiment": "neutral", "time": "Tue Nov 22 00:56:47 +0000 2016"}
{"polarity": 0.037500000000000006, "location": "Atlanta, GA", "sentiment": "positive", "time": "Tue Nov 22 00:56:52 +0000 2016"}
{"polarity": 0.6, "location": "Atlanta, GA", "sentiment": "positive", "time": "Tue Nov 22 00:56:55 +0000 2016"}
{"polarity": 0.546875, "location": "Portland, OR", "sentiment": "positive", "time": "Tue Nov 22 00:47:11 +0000 2016"}
{"polarity": -0.025, "location": "Atlanta, GA", "sentiment": "negative", "time": "Tue Nov 22 00:47:15 +0000 2016"}
{"polarity": 0.0, "location": "Atlanta, GA", "sentiment": "neutral", "time": "Tue Nov 22 00:47:25 +0000 2016"}
{"polarity": 0.0, "location": "Boston, MA", "sentiment": "neutral", "time": "Tue Nov 22 00:47:34 +0000 2016"}
{"polarity": 0.0, "location": "Atlanta, GA", "sentiment": "neutral", "time": "Tue Nov 22 00:47:37 +0000 2016"}
{"polarity": 0.0, "location": "Atlanta, GA", "sentiment": "neutral", "time": "Tue Nov 22 00:47:51 +0000 2016"}
{"polarity": 0.5, "location": "Atlanta, GA", "sentiment": "positive", "time": "Tue Nov 22 00:47:54 +0000 2016"}
{"polarity": -0.75, "location": "Orlando, FL", "sentiment": "negative", "time": "Tue Nov 22 00:52:01 +0000 2016"}
{"polarity": 0.75, "location": "New York, NY", "sentiment": "positive", "time": "Tue Nov 22 00:52:01 +0000 2016"}
{"polarity": 0.0, "location": "Orlando, FL", "sentiment": "neutral", "time": "Tue Nov 22 00:52:08 +0000 2016"}
{"polarity": -0.06666666666666665, "location": "New York, NY", "sentiment": "negative", "time": "Tue Nov 22 00:52:14 +0000 2016"}
{"polarity": 0.6000000000000001, "location": "New York, NY", "sentiment": "positive", "time": "Tue Nov 22 00:52:27 +0000 2016"}
{"polarity": 0.0, "location": "San Diego, CA", "sentiment": "neutral", "time": "Tue Nov 22 00:52:28 +0000 2016"}
{"polarity": 0.2, "location": "Atlanta, GA", "sentiment": "positive", "time": "Tue Nov 22 00:52:31 +0000 2016"}
{"polarity": 0.6103515625, "location": "Phoenix, AZ", "sentiment": "positive", "time": "Tue Nov 22 00:52:43 +0000 2016"}
{"polarity": -0.08333333333333333, "location": "Portland, OR", "sentiment": "negative", "time": "Tue Nov 22 00:52:47 +0000 2016"}
{"polarity": 0.0, "location": "Boston, MA", "sentiment": "neutral", "time": "Tue Nov 22 00:52:57 +0000 2016"}
{"polarity": 0.25, "location": "New York, NY", "sentiment": "positive", "time": "Tue Nov 22 00:52:58 +0000 2016"}
{"polarity": 0.0, "location": "Atlanta, GA", "sentiment": "neutral", "time": "Tue Nov 22 00:53:19 +0000 2016"}
{"polarity": 0.0, "location": "San Diego, CA", "sentiment": "neutral", "time": "Tue Nov 22 00:53:21 +0000 2016"}
{"polarity": 0.3181818181818182, "location": "Portland, OR", "sentiment": "positive", "time": "Tue Nov 22 00:53:23 +0000 2016"}
{"polarity": 0.024999999999999994, "location": "San Diego, CA", "sentiment": "positive", "time": "Tue Nov 22 00:53:32 +0000 2016"}
{"polarity": 0.25, "location": "Atlanta, GA", "sentiment": "positive", "time": "Tue Nov 22 00:53:33 +0000 2016"}
{"polarity": 0.04999999999999999, "location": "New York, NY", "sentiment": "positive", "time": "Tue Nov 22 00:53:48 +0000 2016"}
{"polarity": 0.85, "location": "Portland, OR", "sentiment": "positive", "time": "Tue Nov 22 00:53:48 +0000 2016"}
{"polarity": 0.0, "location": "Seattle, WA", "sentiment": "neutral", "time": "Tue Nov 22 00:53:48 +0000 2016"}
{"polarity": 0.0, "location": "Portland, OR", "sentiment": "neutral", "time": "Tue Nov 22 00:53:49 +0000 2016"}
{"polarity": 0.0, "location": "New York, NY", "sentiment": "neutral", "time": "Tue Nov 22 00:02:07 +0000 2016"}
{"polarity": 0.0, "location": "Atlanta, GA", "sentiment": "neutral", "time": "Tue Nov 22 00:02:10 +0000 2016"}
{"polarity": 0.35000000000000003, "location": "Boston, MA", "sentiment": "positive", "time": "Tue Nov 22 00:02:11 +0000 2016"}
{"polarity": 0.4, "location": "Portland, OR", "sentiment": "positive", "time": "Tue Nov 22 00:02:24 +0000 2016"}
{"polarity": 0.5, "location": "New York, NY", "sentiment": "positive", "time": "Tue Nov 22 00:02:26 +0000 2016"}
{"polarity": 0.0, "location": "Atlanta, GA", "sentiment": "neutral", "time": "Tue Nov 22 00:02:28 +0000 2016"}
{"polarity": 0.0, "location": "Orlando, FL", "sentiment": "neutral", "time": "Tue Nov 22 00:02:40 +0000 2016"}
{"polarity": -0.25, "location": "San Diego, CA", "sentiment": "negative", "time": "Tue Nov 22 00:02:40 +0000 2016"}
{"polarity": 0.2, "location": "Seattle, WA", "sentiment": "positive", "time": "Tue Nov 22 00:02:43 +0000 2016"}
{"polarity": 0.0, "location": "New York, NY", "sentiment": "neutral", "time": "Tue Nov 22 00:02:47 +0000 2016"}
{"polarity": 0.35, "location": "Seattle, WA", "sentiment": "positive", "time": "Tue Nov 22 00:48:00 +0000 2016"}
{"polarity": 0.0, "location": "San Diego, CA", "sentiment": "neutral", "time": "Tue Nov 22 00:48:07 +0000 2016"}
{"polarity": 0.0, "location": "Atlanta, GA", "sentiment": "neutral", "time": "Tue Nov 22 00:48:09 +0000 2016"}
{"polarity": -0.2, "location": "Atlanta, GA", "sentiment": "negative", "time": "Tue Nov 22 00:48:15 +0000 2016"}
{"polarity": -0.19999999999999998, "location": "San Diego, CA", "sentiment": "negative", "time": "Tue Nov 22 00:48:21 +0000 2016"}
{"polarity": -1.0, "location": "Boston, MA", "sentiment": "negative", "time": "Tue Nov 22 00:48:38 +0000 2016"}
{"polarity": -0.6714285714285714, "location": "New York, NY", "sentiment": "negative", "time": "Tue Nov 22 00:48:43 +0000 2016"}
{"polarity": 0.0, "location": "New York, NY", "sentiment": "neutral", "time": "Tue Nov 22 00:48:51 +0000 2016"}
{"polarity": 0.35, "location": "Seattle, WA", "sentiment": "positive", "time": "Tue Nov 22 00:25:11 +0000 2016"}
{"polarity": 0.6, "location": "Orlando, FL", "sentiment": "positive", "time": "Tue Nov 22 00:25:14 +0000 2016"}
{"polarity": 0.0, "location": "Atlanta, GA", "sentiment": "neutral", "time": "Tue Nov 22 00:25:17 +0000 2016"}
{"polarity": 0.6875, "location": "Portland, OR", "sentiment": "positive", "time": "Tue Nov 22 00:25:20 +0000 2016"}
{"polarity": 0.020833333333333332, "location": "Seattle, WA", "sentiment": "positive", "time": "Tue Nov 22 00:25:30 +0000 2016"}
{"polarity": 0.0, "location": "Seattle, WA", "sentiment": "neutral", "time": "Tue Nov 22 00:25:32 +0000 2016"}
{"polarity": 0.8, "location": "San Diego, CA", "sentiment": "positive", "time": "Tue Nov 22 00:25:34 +0000 2016"}
{"polarity": 0.8, "location": "Atlanta, GA", "sentiment": "positive", "time": "Tue Nov 22 00:25:35 +0000 2016"}
{"polarity": 0.0, "location": "Orlando, FL", "sentiment": "neutral", "time": "Tue Nov 22 00:25:36 +0000 2016"}
{"polarity": 0.0, "location": "Atlanta, GA", "sentiment": "neutral", "time": "Tue Nov 22 00:25:38 +0000 2016"}
{"polarity": 0.0, "location": "Atlanta, GA", "sentiment": "neutral", "time": "Tue Nov 22 00:25:40 +0000 2016"}
{"polarity": 0.15416666666666667, "location": "Seattle, WA", "sentiment": "positive", "time": "Tue Nov 22 00:25:40 +0000 2016"}
{"polarity": 0.0, "location": "Boston, MA", "sentiment": "neutral", "time": "Tue Nov 22 00:25:48 +0000 2016"}
{"polarity": 0.5, "location": "Portland, OR", "sentiment": "positive", "time": "Tue Nov 22 00:25:55 +0000 2016"}
{"polarity": 0.0, "location": "New York, NY", "sentiment": "neutral", "time": "Tue Nov 22 00:25:58 +0000 2016"}
{"polarity": 0.0, "location": "Boston, MA", "sentiment": "neutral", "time": "Tue Nov 22 00:25:58 +0000 2016"}
{"polarity": 1.0, "location": "New York, NY", "sentiment": "positive", "time": "Tue Nov 22 00:16:03 +0000 2016"}
{"polarity": -0.3333333333333333, "location": "New York, NY", "sentiment": "negative", "time": "Tue Nov 22 00:16:05 +0000 2016"}
{"polarity": 0.0, "location": "Seattle, WA", "sentiment": "neutral", "time": "Tue Nov 22 00:16:09 +0000 2016"}
{"polarity": 0.0, "location": "New York, NY", "sentiment": "neutral", "time": "Tue Nov 22 00:16:29 +0000 2016"}
{"polarity": 0.0, "location": "San Diego, CA", "sentiment": "neutral", "time": "Tue Nov 22 00:16:31 +0000 2016"}
{"polarity": 0.0, "location": "Orlando, FL", "sentiment": "neutral", "time": "Tue Nov 22 00:16:36 +0000 2016"}
{"polarity": 0.0, "location": "Atlanta, GA", "sentiment": "neutral", "time": "Tue Nov 22 00:16:38 +0000 2016"}
{"polarity": 0.0, "location": "Orlando, FL", "sentiment": "neutral", "time": "Tue Nov 22 00:16:43 +0000 2016"}
{"polarity": 0.0, "location": "New York, NY", "sentiment": "neutral", "time": "Tue Nov 22 00:16:46 +0000 2016"}
{"polarity": -0.8, "location": "Portland, OR", "sentiment": "negative", "time": "Tue Nov 22 00:16:50 +0000 2016"}
{"polarity": 0.0, "location": "Seattle, WA", "sentiment": "neutral", "time": "Tue Nov 22 00:14:13 +0000 2016"}
{"polarity": 0.0, "location": "Atlanta, GA", "sentiment": "neutral", "time": "Tue Nov 22 00:14:23 +0000 2016"}
{"polarity": 0.3333333333333333, "location": "Atlanta, GA", "sentiment": "positive", "time": "Tue Nov 22 00:14:24 +0000 2016"}
{"polarity": 0.7, "location": "Boston, MA", "sentiment": "positive", "time": "Tue Nov 22 00:14:27 +0000 2016"}
{"polarity": 0.0, "location": "Atlanta, GA", "sentiment": "neutral", "time": "Tue Nov 22 00:14:37 +0000 2016"}
{"polarity": 0.8, "location": "Phoenix, AZ", "sentiment": "positive", "time": "Tue Nov 22 00:14:41 +0000 2016"}
{"polarity": 0.5, "location": "Boston, MA", "sentiment": "positive", "time": "Tue Nov 22 00:14:50 +0000 2016"}
{"polarity": 0.0, "location": "Orlando, FL", "sentiment": "neutral", "time": "Tue Nov 22 00:23:03 +0000 2016"}
{"polarity": 0.0, "location": "Portland, OR", "sentiment": "neutral", "time": "Tue Nov 22 00:23:07 +0000 2016"}
{"polarity": 0.0, "location": "Phoenix, AZ", "sentiment": "neutral", "time": "Tue Nov 22 00:23:11 +0000 2016"}
{"polarity": 0.13636363636363635, "location": "Atlanta, GA", "sentiment": "positive", "time": "Tue Nov 22 00:23:11 +0000 2016"}
{"polarity": 0.0, "location": "New York, NY", "sentiment": "neutral", "time": "Tue Nov 22 00:23:12 +0000 2016"}
{"polarity": 0.6, "location": "San Diego, CA", "sentiment": "positive", "time": "Tue Nov 22 00:23:20 +0000 2016"}
{"polarity": 0.5, "location": "Boston, MA", "sentiment": "positive", "time": "Tue Nov 22 00:23:31 +0000 2016"}
{"polarity": 0.0, "location": "Portland, OR", "sentiment": "neutral", "time": "Tue Nov 22 00:23:32 +0000 2016"}
{"polarity": -0.4, "location": "Seattle, WA", "sentiment": "negative", "time": "Tue Nov 22 00:23:32 +0000 2016"}
{"polarity": 0.5, "location": "Seattle, WA", "sentiment": "positive", "time": "Tue Nov 22 00:23:41 +0000 2016"}
{"polarity": 0.0, "location": "Orlando, FL", "sentiment": "neutral", "time": "Tue Nov 22 00:23:46 +0000 2016"}
{"polarity": 0.5, "location": "New York, NY", "sentiment": "positive", "time": "Tue Nov 22 00:07:06 +0000 2016"}
{"polarity": 0.0, "location": "Portland, OR", "sentiment": "neutral", "time": "Tue Nov 22 00:07:06 +0000 2016"}
{"polarity": 0.0, "location": "Seattle, WA", "sentiment": "neutral", "time": "Tue Nov 22 00:07:07 +0000 2016"}
{"polarity": -0.625, "location": "Portland, OR", "sentiment": "negative", "time": "Tue Nov 22 00:07:09 +0000 2016"}
{"polarity": 0.0, "location": "San Diego, CA", "sentiment": "neutral", "time": "Tue Nov 22 00:07:18 +0000 2016"}
{"polarity": 0.25, "location": "Orlando, FL", "sentiment": "positive", "time": "Tue Nov 22 00:07:36 +0000 2016"}
{"polarity": 0.0, "location": "New York, NY", "sentiment": "neutral", "time": "Tue Nov 22 00:07:49 +0000 2016"}
{"polarity": -0.14285714285714285, "location": "San Diego, CA", "sentiment": "negative", "time": "Tue Nov 22 00:07:55 +0000 2016"}
{"polarity": 0.0, "location": "Atlanta, GA", "sentiment": "neutral", "time": "Tue Nov 22 00:51:03 +0000 2016"}
{"polarity": 0.0, "location": "Portland, OR", "sentiment": "neutral", "time": "Tue Nov 22 00:51:08 +0000 2016"}
{"polarity": 0.0, "location": "Atlanta, GA", "sentiment": "neutral", "time": "Tue Nov 22 00:51:13 +0000 2016"}
{"polarity": 0.13636363636363635, "location": "New York, NY", "sentiment": "positive", "time": "Tue Nov 22 00:51:22 +0000 2016"}
{"polarity": 0.0, "location": "Atlanta, GA", "sentiment": "neutral", "time": "Tue Nov 22 00:51:22 +0000 2016"}
{"polarity": 0.0, "location": "San Diego, CA", "sentiment": "neutral", "time": "Tue Nov 22 00:51:22 +0000 2016"}
{"polarity": 0.175, "location": "San Diego, CA", "sentiment": "positive", "time": "Tue Nov 22 00:51:33 +0000 2016"}
{"polarity": 0.0, "location": "Seattle, WA", "sentiment": "neutral", "time": "Tue Nov 22 00:51:39 +0000 2016"}
{"polarity": 0.4833333333333334, "location": "Atlanta, GA", "sentiment": "positive", "time": "Tue Nov 22 00:51:43 +0000 2016"}
{"polarity": -0.75, "location": "New York, NY", "sentiment": "negative", "time": "Tue Nov 22 00:51:47 +0000 2016"}
{"polarity": 0.0, "location": "Boston, MA", "sentiment": "neutral", "time": "Tue Nov 22 00:51:54 +0000 2016"}
{"polarity": 0.0, "location": "New York, NY", "sentiment": "neutral", "time": "Tue Nov 22 00:30:01 +0000 2016"}
{"polarity": 0.0, "location": "Seattle, WA", "sentiment": "neutral", "time": "Tue Nov 22 00:30:08 +0000 2016"}
{"polarity": 0.0, "location": "New York, NY", "sentiment": "neutral", "time": "Tue Nov 22 00:30:09 +0000 2016"}
{"polarity": 0.0, "location": "Phoenix, AZ", "sentiment": "neutral", "time": "Tue Nov 22 00:30:09 +0000 2016"}
{"polarity": 0.0, "location": "Atlanta, GA", "sentiment": "neutral", "time": "Tue Nov 22 00:30:11 +0000 2016"}
{"polarity": 0.0, "location": "Orlando, FL", "sentiment": "neutral", "time": "Tue Nov 22 00:30:12 +0000 2016"}
{"polarity": -0.19999999999999998, "location": "Portland, OR", "sentiment": "negative", "time": "Tue Nov 22 00:30:17 +0000 2016"}
{"polarity": 0.35, "location": "New York, NY", "sentiment": "positive", "time": "Tue Nov 22 00:30:21 +0000 2016"}
{"polarity": 1.0, "location": "New York, NY", "sentiment": "positive", "time": "Tue Nov 22 00:30:27 +0000 2016"}
{"polarity": 0.8, "location": "San Diego, CA", "sentiment": "positive", "time": "Tue Nov 22 00:30:33 +0000 2016"}
{"polarity": 0.0, "location": "Atlanta, GA", "sentiment": "neutral", "time": "Tue Nov 22 00:30:40 +0000 2016"}
{"polarity": 0.3333333333333333, "location": "Phoenix, AZ", "sentiment": "positive", "time": "Tue Nov 22 00:30:42 +0000 2016"}
{"polarity": 0.0, "location": "San Diego, CA", "sentiment": "neutral", "time": "Tue Nov 22 00:30:51 +0000 2016"}
{"polarity": 0.16, "location": "San Diego, CA", "sentiment": "positive", "time": "Tue Nov 22 00:30:53 +0000 2016"}
{"polarity": 0.7, "location": "Boston, MA", "sentiment": "positive", "time": "Tue Nov 22 00:30:56 +0000 2016"}
{"polarity": 0.0, "location": "San Diego, CA", "sentiment": "neutral", "time": "Tue Nov 22 00:30:57 +0000 2016"}
{"polarity": 0.0, "location": "Portland, OR", "sentiment": "neutral", "time": "Tue Nov 22 00:30:59 +0000 2016"}
{"polarity": 0.8, "location": "Phoenix, AZ", "sentiment": "positive", "time": "Tue Nov 22 00:03:04 +0000 2016"}
{"polarity": 0.25, "location": "Atlanta, GA", "sentiment": "positive", "time": "Tue Nov 22 00:03:12 +0000 2016"}
{"polarity": 0.0, "location": "Atlanta, GA", "sentiment": "neutral", "time": "Tue Nov 22 00:03:21 +0000 2016"}
{"polarity": 0.3, "location": "Orlando, FL", "sentiment": "positive", "time": "Tue Nov 22 00:03:36 +0000 2016"}
{"polarity": -0.1, "location": "New York, NY", "sentiment": "negative", "time": "Tue Nov 22 00:03:36 +0000 2016"}
{"polarity": -0.03181818181818183, "location": "New York, NY", "sentiment": "negative", "time": "Tue Nov 22 00:03:40 +0000 2016"}
{"polarity": 0.25625, "location": "San Diego, CA", "sentiment": "positive", "time": "Tue Nov 22 00:03:55 +0000 2016"}
{"polarity": 0.0, "location": "Portland, OR", "sentiment": "neutral", "time": "Tue Nov 22 00:03:55 +0000 2016"}
{"polarity": 0.0, "location": "Boston, MA", "sentiment": "neutral", "time": "Tue Nov 22 00:03:57 +0000 2016"}
{"polarity": 0.0, "location": "Atlanta, GA", "sentiment": "neutral", "time": "Tue Nov 22 00:03:57 +0000 2016"}
{"polarity": -0.5, "location": "Orlando, FL", "sentiment": "negative", "time": "Tue Nov 22 00:40:03 +0000 2016"}
{"polarity": 0.13636363636363635, "location": "San Diego, CA", "sentiment": "positive", "time": "Tue Nov 22 00:40:05 +0000 2016"}
{"polarity": 0.25, "location": "New York, NY", "sentiment": "positive", "time": "Tue Nov 22 00:40:07 +0000 2016"}
{"polarity": 0.11666666666666665, "location": "Portland, OR", "sentiment": "positive", "time": "Tue Nov 22 00:40:09 +0000 2016"}
{"polarity": 0.3, "location": "New York, NY", "sentiment": "positive", "time": "Tue Nov 22 00:40:09 +0000 2016"}
{"polarity": -0.25, "location": "St. Louis, MO", "sentiment": "negative", "time": "Tue Nov 22 00:40:10 +0000 2016"}
{"polarity": 0.0, "location": "Boston, MA", "sentiment": "neutral", "time": "Tue Nov 22 00:40:13 +0000 2016"}
{"polarity": 0.42857142857142855, "location": "Seattle, WA", "sentiment": "positive", "time": "Tue Nov 22 00:40:18 +0000 2016"}
{"polarity": 0.0, "location": "Atlanta, GA", "sentiment": "neutral", "time": "Tue Nov 22 00:40:20 +0000 2016"}
{"polarity": 0.0, "location": "Orlando, FL", "sentiment": "neutral", "time": "Tue Nov 22 00:40:21 +0000 2016"}
{"polarity": 0.0, "location": "New York, NY", "sentiment": "neutral", "time": "Tue Nov 22 00:40:22 +0000 2016"}
{"polarity": 0.0, "location": "New York, NY", "sentiment": "neutral", "time": "Tue Nov 22 00:40:24 +0000 2016"}
{"polarity": 0.0, "location": "Boston, MA", "sentiment": "neutral", "time": "Tue Nov 22 00:40:37 +0000 2016"}
{"polarity": -0.625, "location": "Atlanta, GA", "sentiment": "negative", "time": "Tue Nov 22 00:40:49 +0000 2016"}
{"polarity": 0.2, "location": "St. Louis, MO", "sentiment": "positive", "time": "Tue Nov 22 00:40:49 +0000 2016"}
{"polarity": 0.0, "location": "Seattle, WA", "sentiment": "neutral", "time": "Tue Nov 22 00:40:50 +0000 2016"}
{"polarity": -0.13333333333333333, "location": "Boston, MA", "sentiment": "negative", "time": "Tue Nov 22 00:40:52 +0000 2016"}
{"polarity": 0.0, "location": "New York, NY", "sentiment": "neutral", "time": "Tue Nov 22 00:08:04 +0000 2016"}
{"polarity": 0.2875, "location": "Phoenix, AZ", "sentiment": "positive", "time": "Tue Nov 22 00:08:05 +0000 2016"}
{"polarity": -0.06666666666666665, "location": "New York, NY", "sentiment": "negative", "time": "Tue Nov 22 00:08:07 +0000 2016"}
{"polarity": 0.0, "location": "New York, NY", "sentiment": "neutral", "time": "Tue Nov 22 00:08:18 +0000 2016"}
{"polarity": 0.0, "location": "New York, NY", "sentiment": "neutral", "time": "Tue Nov 22 00:08:28 +0000 2016"}
{"polarity": 1.0, "location": "Atlanta, GA", "sentiment": "positive", "time": "Tue Nov 22 00:08:31 +0000 2016"}
{"polarity": 0.0, "location": "Atlanta, GA", "sentiment": "neutral", "time": "Tue Nov 22 00:08:31 +0000 2016"}
{"polarity": 0.0, "location": "New York, NY", "sentiment": "neutral", "time": "Tue Nov 22 00:08:34 +0000 2016"}
{"polarity": 0.13636363636363635, "location": "Phoenix, AZ", "sentiment": "positive", "time": "Tue Nov 22 00:08:38 +0000 2016"}
{"polarity": 0.0, "location": "New York, NY", "sentiment": "neutral", "time": "Tue Nov 22 00:08:40 +0000 2016"}
{"polarity": 0.25, "location": "Boston, MA", "sentiment": "positive", "time": "Tue Nov 22 00:08:51 +0000 2016"}
{"polarity": -0.8, "location": "Portland, OR", "sentiment": "negative", "time": "Tue Nov 22 00:08:52 +0000 2016"}
{"polarity": 0.0, "location": "Boston, MA", "sentiment": "neutral", "time": "Tue Nov 22 00:08:58 +0000 2016"}
{"polarity": 0.0, "location": "Atlanta, GA", "sentiment": "neutral", "time": "Tue Nov 22 00:08:59 +0000 2016"}
{"polarity": 0.0, "location": "Phoenix, AZ", "sentiment": "neutral", "time": "Tue Nov 22 00:35:00 +0000 2016"}
{"polarity": 0.0, "location": "Phoenix, AZ", "sentiment": "neutral", "time": "Tue Nov 22 00:35:00 +0000 2016"}
{"polarity": 0.05, "location": "Orlando, FL", "sentiment": "positive", "time": "Tue Nov 22 00:35:22 +0000 2016"}
{"polarity": 0.0, "location": "Atlanta, GA", "sentiment": "neutral", "time": "Tue Nov 22 00:35:23 +0000 2016"}
{"polarity": 0.0, "location": "Atlanta, GA", "sentiment": "neutral", "time": "Tue Nov 22 00:35:23 +0000 2016"}
{"polarity": 0.0, "location": "San Diego, CA", "sentiment": "neutral", "time": "Tue Nov 22 00:35:30 +0000 2016"}
{"polarity": 0.0, "location": "Atlanta, GA", "sentiment": "neutral", "time": "Tue Nov 22 00:35:35 +0000 2016"}
{"polarity": -0.4, "location": "Atlanta, GA", "sentiment": "negative", "time": "Tue Nov 22 00:35:45 +0000 2016"}
{"polarity": 0.125, "location": "San Diego, CA", "sentiment": "positive", "time": "Tue Nov 22 00:35:45 +0000 2016"}
{"polarity": 0.0, "location": "Atlanta, GA", "sentiment": "neutral", "time": "Tue Nov 22 00:35:47 +0000 2016"}
{"polarity": 0.0, "location": "Orlando, FL", "sentiment": "neutral", "time": "Tue Nov 22 00:35:48 +0000 2016"}
{"polarity": 0.0, "location": "Atlanta, GA", "sentiment": "neutral", "time": "Tue Nov 22 00:35:48 +0000 2016"}
{"polarity": 0.0, "location": "Atlanta, GA", "sentiment": "neutral", "time": "Tue Nov 22 00:35:49 +0000 2016"}
{"polarity": 0.5, "location": "San Diego, CA", "sentiment": "positive", "time": "Tue Nov 22 00:35:53 +0000 2016"}
{"polarity": 0.0, "location": "Orlando, FL", "sentiment": "neutral", "time": "Tue Nov 22 00:35:58 +0000 2016"}
{"polarity": 0.0, "location": "St. Louis, MO", "sentiment": "neutral", "time": "Tue Nov 22 00:43:03 +0000 2016"}
{"polarity": 0.26666666666666666, "location": "Atlanta, GA", "sentiment": "positive", "time": "Tue Nov 22 00:43:01 +0000 2016"}
{"polarity": -1.0, "location": "Orlando, FL", "sentiment": "negative", "time": "Tue Nov 22 00:43:18 +0000 2016"}
{"polarity": 0.0, "location": "Boston, MA", "sentiment": "neutral", "time": "Tue Nov 22 00:43:33 +0000 2016"}
{"polarity": 0.0, "location": "San Diego, CA", "sentiment": "neutral", "time": "Tue Nov 22 00:43:36 +0000 2016"}
{"polarity": 0.6, "location": "San Diego, CA", "sentiment": "positive", "time": "Tue Nov 22 00:43:39 +0000 2016"}
{"polarity": -0.0328125, "location": "Boston, MA", "sentiment": "negative", "time": "Tue Nov 22 00:43:48 +0000 2016"}
{"polarity": 0.0, "location": "Atlanta, GA", "sentiment": "neutral", "time": "Tue Nov 22 00:43:49 +0000 2016"}
{"polarity": 0.0, "location": "Portland, OR", "sentiment": "neutral", "time": "Tue Nov 22 00:43:53 +0000 2016"}
{"polarity": 0.0, "location": "Orlando, FL", "sentiment": "neutral", "time": "Tue Nov 22 00:43:56 +0000 2016"}
{"polarity": 0.0, "location": "New York, NY", "sentiment": "neutral", "time": "Tue Nov 22 00:10:09 +0000 2016"}
{"polarity": 0.25, "location": "New York, NY", "sentiment": "positive", "time": "Tue Nov 22 00:10:10 +0000 2016"}
{"polarity": 0.0, "location": "Portland, OR", "sentiment": "neutral", "time": "Tue Nov 22 00:10:19 +0000 2016"}
{"polarity": 0.25, "location": "Seattle, WA", "sentiment": "positive", "time": "Tue Nov 22 00:10:26 +0000 2016"}
{"polarity": 0.0, "location": "New York, NY", "sentiment": "neutral", "time": "Tue Nov 22 00:10:40 +0000 2016"}
{"polarity": 0.0, "location": "New York, NY", "sentiment": "neutral", "time": "Tue Nov 22 00:10:55 +0000 2016"}
{"polarity": 0.8, "location": "Atlanta, GA", "sentiment": "positive", "time": "Tue Nov 22 00:54:02 +0000 2016"}
{"polarity": -0.26, "location": "Portland, OR", "sentiment": "negative", "time": "Tue Nov 22 00:54:13 +0000 2016"}
{"polarity": 0.75, "location": "Seattle, WA", "sentiment": "positive", "time": "Tue Nov 22 00:54:19 +0000 2016"}
{"polarity": -0.2875, "location": "Seattle, WA", "sentiment": "negative", "time": "Tue Nov 22 00:54:23 +0000 2016"}
{"polarity": 0.0, "location": "New York, NY", "sentiment": "neutral", "time": "Tue Nov 22 00:54:27 +0000 2016"}
{"polarity": 0.0, "location": "San Diego, CA", "sentiment": "neutral", "time": "Tue Nov 22 00:54:29 +0000 2016"}
{"polarity": 0.11666666666666668, "location": "Atlanta, GA", "sentiment": "positive", "time": "Tue Nov 22 00:54:42 +0000 2016"}
{"polarity": 0.0, "location": "Orlando, FL", "sentiment": "neutral", "time": "Tue Nov 22 00:54:44 +0000 2016"}
{"polarity": 0.06666666666666667, "location": "New York, NY", "sentiment": "positive", "time": "Tue Nov 22 00:54:45 +0000 2016"}
{"polarity": 0.2785714285714286, "location": "New York, NY", "sentiment": "positive", "time": "Tue Nov 22 00:24:11 +0000 2016"}
{"polarity": 0.0, "location": "Atlanta, GA", "sentiment": "neutral", "time": "Tue Nov 22 00:24:23 +0000 2016"}
{"polarity": 0.0, "location": "Atlanta, GA", "sentiment": "neutral", "time": "Tue Nov 22 00:24:24 +0000 2016"}
{"polarity": 0.0, "location": "Seattle, WA", "sentiment": "neutral", "time": "Tue Nov 22 00:24:33 +0000 2016"}
{"polarity": -0.3333333333333333, "location": "New York, NY", "sentiment": "negative", "time": "Tue Nov 22 00:24:38 +0000 2016"}
{"polarity": 0.4166666666666667, "location": "Atlanta, GA", "sentiment": "positive", "time": "Tue Nov 22 00:24:44 +0000 2016"}
{"polarity": 0.2, "location": "Portland, OR", "sentiment": "positive", "time": "Tue Nov 22 00:24:50 +0000 2016"}
{"polarity": 0.6, "location": "Atlanta, GA", "sentiment": "positive", "time": "Tue Nov 22 00:24:53 +0000 2016"}
{"polarity": 0.0, "location": "Boston, MA", "sentiment": "neutral", "time": "Tue Nov 22 00:32:05 +0000 2016"}
{"polarity": 0.6, "location": "Atlanta, GA", "sentiment": "positive", "time": "Tue Nov 22 00:32:05 +0000 2016"}
{"polarity": 0.8, "location": "Seattle, WA", "sentiment": "positive", "time": "Tue Nov 22 00:32:05 +0000 2016"}
{"polarity": 0.0, "location": "Seattle, WA", "sentiment": "neutral", "time": "Tue Nov 22 00:32:09 +0000 2016"}
{"polarity": 0.07142857142857142, "location": "Seattle, WA", "sentiment": "positive", "time": "Tue Nov 22 00:32:14 +0000 2016"}
{"polarity": 1.0, "location": "New York, NY", "sentiment": "positive", "time": "Tue Nov 22 00:32:32 +0000 2016"}
{"polarity": 0.0, "location": "Boston, MA", "sentiment": "neutral", "time": "Tue Nov 22 00:32:40 +0000 2016"}
{"polarity": 0.5, "location": "New York, NY", "sentiment": "positive", "time": "Tue Nov 22 00:32:45 +0000 2016"}
{"polarity": 0.125, "location": "Boston, MA", "sentiment": "positive", "time": "Tue Nov 22 00:32:52 +0000 2016"}
{"polarity": 0.2, "location": "Orlando, FL", "sentiment": "positive", "time": "Tue Nov 22 00:32:52 +0000 2016"}
{"polarity": 0.0, "location": "San Diego, CA", "sentiment": "neutral", "time": "Tue Nov 22 00:36:09 +0000 2016"}
{"polarity": 0.8, "location": "Orlando, FL", "sentiment": "positive", "time": "Tue Nov 22 00:36:10 +0000 2016"}
{"polarity": 0.0, "location": "New York, NY", "sentiment": "neutral", "time": "Tue Nov 22 00:36:12 +0000 2016"}
{"polarity": 0.2, "location": "Boston, MA", "sentiment": "positive", "time": "Tue Nov 22 00:36:32 +0000 2016"}
{"polarity": 0.2857142857142857, "location": "Atlanta, GA", "sentiment": "positive", "time": "Tue Nov 22 00:36:36 +0000 2016"}
{"polarity": 0.0, "location": "Portland, OR", "sentiment": "neutral", "time": "Tue Nov 22 00:36:40 +0000 2016"}
{"polarity": 0.0, "location": "Boston, MA", "sentiment": "neutral", "time": "Tue Nov 22 00:36:50 +0000 2016"}
{"polarity": 0.0, "location": "San Diego, CA", "sentiment": "neutral", "time": "Tue Nov 22 00:36:59 +0000 2016"}
{"polarity": 0.7, "location": "Portland, OR", "sentiment": "positive", "time": "Tue Nov 22 00:36:59 +0000 2016"}
{"polarity": -0.2, "location": "New York, NY", "sentiment": "negative", "time": "Tue Nov 22 00:01:00 +0000 2016"}
{"polarity": -0.6, "location": "San Diego, CA", "sentiment": "negative", "time": "Tue Nov 22 00:01:02 +0000 2016"}
{"polarity": 0.375, "location": "Orlando, FL", "sentiment": "positive", "time": "Tue Nov 22 00:01:06 +0000 2016"}
{"polarity": 0.1, "location": "New York, NY", "sentiment": "positive", "time": "Tue Nov 22 00:01:07 +0000 2016"}
{"polarity": 0.0, "location": "Atlanta, GA", "sentiment": "neutral", "time": "Tue Nov 22 00:01:09 +0000 2016"}
{"polarity": 0.0, "location": "Boston, MA", "sentiment": "neutral", "time": "Tue Nov 22 00:01:09 +0000 2016"}
{"polarity": 0.0, "location": "St. Louis, MO", "sentiment": "neutral", "time": "Tue Nov 22 00:01:14 +0000 2016"}
{"polarity": 0.0, "location": "New York, NY", "sentiment": "neutral", "time": "Tue Nov 22 00:01:23 +0000 2016"}
{"polarity": 0.0, "location": "Orlando, FL", "sentiment": "neutral", "time": "Tue Nov 22 00:01:25 +0000 2016"}
{"polarity": 0.2, "location": "New York, NY", "sentiment": "positive", "time": "Tue Nov 22 00:01:30 +0000 2016"}
{"polarity": 0.13636363636363635, "location": "San Diego, CA", "sentiment": "positive", "time": "Tue Nov 22 00:01:31 +0000 2016"}
{"polarity": 0.3, "location": "Boston, MA", "sentiment": "positive", "time": "Tue Nov 22 00:01:33 +0000 2016"}
{"polarity": -0.6, "location": "Atlanta, GA", "sentiment": "negative", "time": "Tue Nov 22 00:01:37 +0000 2016"}
{"polarity": 0.0, "location": "Seattle, WA", "sentiment": "neutral", "time": "Tue Nov 22 00:01:45 +0000 2016"}
{"polarity": 0.7, "location": "St. Louis, MO", "sentiment": "positive", "time": "Tue Nov 22 00:01:53 +0000 2016"}
{"polarity": 0.046666666666666655, "location": "New York, NY", "sentiment": "positive", "time": "Tue Nov 22 00:55:02 +0000 2016"}
{"polarity": 0.8, "location": "New York, NY", "sentiment": "positive", "time": "Tue Nov 22 00:55:02 +0000 2016"}
{"polarity": -0.15000000000000002, "location": "Orlando, FL", "sentiment": "negative", "time": "Tue Nov 22 00:55:06 +0000 2016"}
{"polarity": 0.8, "location": "New York, NY", "sentiment": "positive", "time": "Tue Nov 22 00:55:02 +0000 2016"}
{"polarity": 0.6666666666666666, "location": "Boston, MA", "sentiment": "positive", "time": "Tue Nov 22 00:55:10 +0000 2016"}
{"polarity": 0.06818181818181818, "location": "New York, NY", "sentiment": "positive", "time": "Tue Nov 22 00:55:18 +0000 2016"}
{"polarity": 0.0, "location": "New York, NY", "sentiment": "neutral", "time": "Tue Nov 22 00:55:42 +0000 2016"}
{"polarity": 0.0, "location": "Atlanta, GA", "sentiment": "neutral", "time": "Tue Nov 22 00:55:43 +0000 2016"}
{"polarity": 0.17045454545454544, "location": "Boston, MA", "sentiment": "positive", "time": "Tue Nov 22 00:55:56 +0000 2016"}
{"polarity": 0.0, "location": "New York, NY", "sentiment": "neutral", "time": "Tue Nov 22 00:55:59 +0000 2016"}
{"polarity": 0.3, "location": "New York, NY", "sentiment": "positive", "time": "Tue Nov 22 00:55:49 +0000 2016"}
{"polarity": 0.5416666666666666, "location": "Atlanta, GA", "sentiment": "positive", "time": "Tue Nov 22 00:09:07 +0000 2016"}
{"polarity": 0.0, "location": "Orlando, FL", "sentiment": "neutral", "time": "Tue Nov 22 00:09:09 +0000 2016"}
{"polarity": 0.0, "location": "Atlanta, GA", "sentiment": "neutral", "time": "Tue Nov 22 00:09:25 +0000 2016"}
{"polarity": 0.0, "location": "New York, NY", "sentiment": "neutral", "time": "Tue Nov 22 00:09:28 +0000 2016"}
{"polarity": 0.25, "location": "Atlanta, GA", "sentiment": "positive", "time": "Tue Nov 22 00:09:48 +0000 2016"}
{"polarity": 0.6, "location": "Portland, OR", "sentiment": "positive", "time": "Tue Nov 22 00:09:51 +0000 2016"}
{"polarity": 0.85, "location": "Atlanta, GA", "sentiment": "positive", "time": "Tue Nov 22 00:33:02 +0000 2016"}
{"polarity": 0.8, "location": "Portland, OR", "sentiment": "positive", "time": "Tue Nov 22 00:33:06 +0000 2016"}
{"polarity": 0.175, "location": "St. Louis, MO", "sentiment": "positive", "time": "Tue Nov 22 00:33:10 +0000 2016"}
{"polarity": -0.4, "location": "Atlanta, GA", "sentiment": "negative", "time": "Tue Nov 22 00:33:12 +0000 2016"}
{"polarity": 0.0, "location": "New York, NY", "sentiment": "neutral", "time": "Tue Nov 22 00:33:17 +0000 2016"}
{"polarity": 0.0, "location": "Atlanta, GA", "sentiment": "neutral", "time": "Tue Nov 22 00:33:18 +0000 2016"}
{"polarity": -0.1, "location": "Portland, OR", "sentiment": "negative", "time": "Tue Nov 22 00:33:26 +0000 2016"}
{"polarity": 0.0, "location": "Seattle, WA", "sentiment": "neutral", "time": "Tue Nov 22 00:33:30 +0000 2016"}
{"polarity": 0.0, "location": "Boston, MA", "sentiment": "neutral", "time": "Tue Nov 22 00:33:30 +0000 2016"}
{"polarity": 0.0, "location": "Atlanta, GA", "sentiment": "neutral", "time": "Tue Nov 22 00:33:35 +0000 2016"}
{"polarity": 0.0, "location": "Atlanta, GA", "sentiment": "neutral", "time": "Tue Nov 22 00:33:48 +0000 2016"}
{"polarity": 0.0, "location": "Seattle, WA", "sentiment": "neutral", "time": "Tue Nov 22 00:33:50 +0000 2016"}
{"polarity": -0.14285714285714288, "location": "Atlanta, GA", "sentiment": "negative", "time": "Tue Nov 22 00:33:57 +0000 2016"}
{"polarity": 0.0, "location": "Seattle, WA", "sentiment": "neutral", "time": "Tue Nov 22 00:44:07 +0000 2016"}
{"polarity": 0.0, "location": "Boston, MA", "sentiment": "neutral", "time": "Tue Nov 22 00:44:08 +0000 2016"}
{"polarity": 0.0, "location": "Atlanta, GA", "sentiment": "neutral", "time": "Tue Nov 22 00:44:09 +0000 2016"}
{"polarity": 0.0, "location": "Atlanta, GA", "sentiment": "neutral", "time": "Tue Nov 22 00:44:09 +0000 2016"}
{"polarity": 0.0, "location": "Atlanta, GA", "sentiment": "neutral", "time": "Tue Nov 22 00:44:10 +0000 2016"}
{"polarity": -0.4, "location": "New York, NY", "sentiment": "negative", "time": "Tue Nov 22 00:44:12 +0000 2016"}
{"polarity": 0.45, "location": "New York, NY", "sentiment": "positive", "time": "Tue Nov 22 00:44:14 +0000 2016"}
{"polarity": 0.4, "location": "Phoenix, AZ", "sentiment": "positive", "time": "Tue Nov 22 00:44:15 +0000 2016"}
{"polarity": 0.0, "location": "San Diego, CA", "sentiment": "neutral", "time": "Tue Nov 22 00:44:21 +0000 2016"}
{"polarity": 0.0, "location": "Portland, OR", "sentiment": "neutral", "time": "Tue Nov 22 00:44:27 +0000 2016"}
{"polarity": -0.625, "location": "New York, NY", "sentiment": "negative", "time": "Tue Nov 22 00:44:29 +0000 2016"}
{"polarity": 0.425, "location": "Phoenix, AZ", "sentiment": "positive", "time": "Tue Nov 22 00:44:29 +0000 2016"}
{"polarity": 0.2, "location": "Atlanta, GA", "sentiment": "positive", "time": "Tue Nov 22 00:44:36 +0000 2016"}
{"polarity": 0.0, "location": "San Diego, CA", "sentiment": "neutral", "time": "Tue Nov 22 00:44:36 +0000 2016"}
{"polarity": 1.0, "location": "Seattle, WA", "sentiment": "positive", "time": "Tue Nov 22 00:44:38 +0000 2016"}
{"polarity": 0.0, "location": "Portland, OR", "sentiment": "neutral", "time": "Tue Nov 22 00:28:01 +0000 2016"}
{"polarity": 0.0, "location": "New York, NY", "sentiment": "neutral", "time": "Tue Nov 22 00:28:08 +0000 2016"}
{"polarity": 0.0, "location": "Seattle, WA", "sentiment": "neutral", "time": "Tue Nov 22 00:28:11 +0000 2016"}
{"polarity": 0.4, "location": "Seattle, WA", "sentiment": "positive", "time": "Tue Nov 22 00:28:16 +0000 2016"}
{"polarity": 0.0, "location": "Orlando, FL", "sentiment": "neutral", "time": "Tue Nov 22 00:28:17 +0000 2016"}
{"polarity": -0.3, "location": "Seattle, WA", "sentiment": "negative", "time": "Tue Nov 22 00:28:18 +0000 2016"}
{"polarity": 0.0, "location": "Boston, MA", "sentiment": "neutral", "time": "Tue Nov 22 00:28:23 +0000 2016"}
{"polarity": 0.0, "location": "Atlanta, GA", "sentiment": "neutral", "time": "Tue Nov 22 00:28:34 +0000 2016"}
{"polarity": 0.0, "location": "San Diego, CA", "sentiment": "neutral", "time": "Tue Nov 22 00:28:41 +0000 2016"}
{"polarity": 0.0, "location": "Atlanta, GA", "sentiment": "neutral", "time": "Tue Nov 22 00:28:48 +0000 2016"}
{"polarity": 0.9375, "location": "Atlanta, GA", "sentiment": "positive", "time": "Tue Nov 22 00:28:53 +0000 2016"}
{"polarity": 0.0, "location": "San Diego, CA", "sentiment": "neutral", "time": "Tue Nov 22 00:28:54 +0000 2016"}
{"polarity": 0.2, "location": "Boston, MA", "sentiment": "positive", "time": "Tue Nov 22 00:22:00 +0000 2016"}
{"polarity": 0.0, "location": "Orlando, FL", "sentiment": "neutral", "time": "Tue Nov 22 00:22:06 +0000 2016"}
{"polarity": -0.38181818181818183, "location": "New York, NY", "sentiment": "negative", "time": "Tue Nov 22 00:22:15 +0000 2016"}
{"polarity": 0.5, "location": "Boston, MA", "sentiment": "positive", "time": "Tue Nov 22 00:22:15 +0000 2016"}
{"polarity": 0.0, "location": "New York, NY", "sentiment": "neutral", "time": "Tue Nov 22 00:22:17 +0000 2016"}
{"polarity": 0.0, "location": "New York, NY", "sentiment": "neutral", "time": "Tue Nov 22 00:22:18 +0000 2016"}
{"polarity": 0.0, "location": "Atlanta, GA", "sentiment": "neutral", "time": "Tue Nov 22 00:22:23 +0000 2016"}
{"polarity": 0.0, "location": "Atlanta, GA", "sentiment": "neutral", "time": "Tue Nov 22 00:22:27 +0000 2016"}
{"polarity": 0.25, "location": "Boston, MA", "sentiment": "positive", "time": "Tue Nov 22 00:22:33 +0000 2016"}
{"polarity": 0.0, "location": "Seattle, WA", "sentiment": "neutral", "time": "Tue Nov 22 00:22:34 +0000 2016"}
{"polarity": 0.0, "location": "San Diego, CA", "sentiment": "neutral", "time": "Tue Nov 22 00:22:38 +0000 2016"}
{"polarity": 0.4, "location": "Orlando, FL", "sentiment": "positive", "time": "Tue Nov 22 00:22:38 +0000 2016"}
{"polarity": 1.0, "location": "San Diego, CA", "sentiment": "positive", "time": "Tue Nov 22 00:22:43 +0000 2016"}
{"polarity": 0.0, "location": "Atlanta, GA", "sentiment": "neutral", "time": "Tue Nov 22 00:22:54 +0000 2016"}
{"polarity": 0.5, "location": "Atlanta, GA", "sentiment": "positive", "time": "Tue Nov 22 00:49:00 +0000 2016"}
{"polarity": 0.0, "location": "New York, NY", "sentiment": "neutral", "time": "Tue Nov 22 00:49:02 +0000 2016"}
{"polarity": 0.0, "location": "Atlanta, GA", "sentiment": "neutral", "time": "Tue Nov 22 00:49:09 +0000 2016"}
{"polarity": 0.0, "location": "Atlanta, GA", "sentiment": "neutral", "time": "Tue Nov 22 00:49:15 +0000 2016"}
{"polarity": 0.8, "location": "Boston, MA", "sentiment": "positive", "time": "Tue Nov 22 00:49:39 +0000 2016"}
{"polarity": -0.3, "location": "Seattle, WA", "sentiment": "negative", "time": "Tue Nov 22 00:49:40 +0000 2016"}
{"polarity": 0.0, "location": "Atlanta, GA", "sentiment": "neutral", "time": "Tue Nov 22 00:49:48 +0000 2016"}
{"polarity": 0.0, "location": "New York, NY", "sentiment": "neutral", "time": "Tue Nov 22 00:49:49 +0000 2016"}
{"polarity": -0.05, "location": "Atlanta, GA", "sentiment": "negative", "time": "Tue Nov 22 00:49:56 +0000 2016"}
{"polarity": 0.0, "location": "San Diego, CA", "sentiment": "neutral", "time": "Tue Nov 22 00:49:57 +0000 2016"}
{"polarity": 0.21666666666666667, "location": "San Diego, CA", "sentiment": "positive", "time": "Tue Nov 22 00:45:00 +0000 2016"}
{"polarity": 0.5, "location": "Phoenix, AZ", "sentiment": "positive", "time": "Tue Nov 22 00:45:07 +0000 2016"}
{"polarity": -0.3125, "location": "New York, NY", "sentiment": "negative", "time": "Tue Nov 22 00:45:09 +0000 2016"}
{"polarity": 0.0, "location": "Orlando, FL", "sentiment": "neutral", "time": "Tue Nov 22 00:45:11 +0000 2016"}
{"polarity": 0.0, "location": "Boston, MA", "sentiment": "neutral", "time": "Tue Nov 22 00:45:15 +0000 2016"}
{"polarity": -0.10714285714285714, "location": "Atlanta, GA", "sentiment": "negative", "time": "Tue Nov 22 00:45:16 +0000 2016"}
{"polarity": 0.06818181818181818, "location": "New York, NY", "sentiment": "positive", "time": "Tue Nov 22 00:45:18 +0000 2016"}
{"polarity": 0.0, "location": "Seattle, WA", "sentiment": "neutral", "time": "Tue Nov 22 00:45:19 +0000 2016"}
{"polarity": 0.0, "location": "Boston, MA", "sentiment": "neutral", "time": "Tue Nov 22 00:45:24 +0000 2016"}
{"polarity": 0.3333333333333333, "location": "New York, NY", "sentiment": "positive", "time": "Tue Nov 22 00:45:33 +0000 2016"}
{"polarity": 0.0, "location": "Boston, MA", "sentiment": "neutral", "time": "Tue Nov 22 00:45:46 +0000 2016"}
{"polarity": 0.13636363636363635, "location": "Portland, OR", "sentiment": "positive", "time": "Tue Nov 22 00:45:47 +0000 2016"}
{"polarity": -0.1225, "location": "Boston, MA", "sentiment": "negative", "time": "Tue Nov 22 00:45:51 +0000 2016"}
{"polarity": 0.13636363636363635, "location": "New York, NY", "sentiment": "positive", "time": "Tue Nov 22 00:06:00 +0000 2016"}
{"polarity": -0.8, "location": "Seattle, WA", "sentiment": "negative", "time": "Tue Nov 22 00:06:02 +0000 2016"}
{"polarity": 0.0, "location": "Phoenix, AZ", "sentiment": "neutral", "time": "Tue Nov 22 00:06:07 +0000 2016"}
{"polarity": 0.0, "location": "New York, NY", "sentiment": "neutral", "time": "Tue Nov 22 00:06:22 +0000 2016"}
{"polarity": 0.0, "location": "Orlando, FL", "sentiment": "neutral", "time": "Tue Nov 22 00:06:24 +0000 2016"}
{"polarity": 0.6, "location": "Atlanta, GA", "sentiment": "positive", "time": "Tue Nov 22 00:06:28 +0000 2016"}
{"polarity": 0.3833333333333333, "location": "Boston, MA", "sentiment": "positive", "time": "Tue Nov 22 00:06:46 +0000 2016"}
{"polarity": -0.2, "location": "Boston, MA", "sentiment": "negative", "time": "Tue Nov 22 00:06:47 +0000 2016"}
{"polarity": 0.0, "location": "Atlanta, GA", "sentiment": "neutral", "time": "Tue Nov 22 00:06:55 +0000 2016"}
{"polarity": 0.0, "location": "San Diego, CA", "sentiment": "neutral", "time": "Tue Nov 22 00:20:07 +0000 2016"}
{"polarity": 0.0, "location": "New York, NY", "sentiment": "neutral", "time": "Tue Nov 22 00:20:08 +0000 2016"}
{"polarity": 0.0, "location": "New York, NY", "sentiment": "neutral", "time": "Tue Nov 22 00:20:10 +0000 2016"}
{"polarity": -0.16666666666666666, "location": "Orlando, FL", "sentiment": "negative", "time": "Tue Nov 22 00:20:13 +0000 2016"}
{"polarity": -0.14999999999999997, "location": "New York, NY", "sentiment": "negative", "time": "Tue Nov 22 00:20:18 +0000 2016"}
{"polarity": 0.0, "location": "Orlando, FL", "sentiment": "neutral", "time": "Tue Nov 22 00:20:22 +0000 2016"}
{"polarity": 0.049999999999999996, "location": "Boston, MA", "sentiment": "positive", "time": "Tue Nov 22 00:20:29 +0000 2016"}
{"polarity": 0.0, "location": "San Diego, CA", "sentiment": "neutral", "time": "Tue Nov 22 00:20:36 +0000 2016"}
{"polarity": 0.0, "location": "New York, NY", "sentiment": "neutral", "time": "Tue Nov 22 00:20:37 +0000 2016"}
{"polarity": 0.425, "location": "Atlanta, GA", "sentiment": "positive", "time": "Tue Nov 22 00:20:47 +0000 2016"}
{"polarity": 0.0, "location": "Atlanta, GA", "sentiment": "neutral", "time": "Tue Nov 22 00:20:47 +0000 2016"}
{"polarity": 0.5681818181818181, "location": "Orlando, FL", "sentiment": "positive", "time": "Tue Nov 22 00:20:53 +0000 2016"}
{"polarity": 0.5681818181818181, "location": "New York, NY", "sentiment": "positive", "time": "Tue Nov 22 00:20:54 +0000 2016"}
{"polarity": -0.1277777777777778, "location": "New York, NY", "sentiment": "negative", "time": "Tue Nov 22 00:20:55 +0000 2016"}
{"polarity": 0.65, "location": "Boston, MA", "sentiment": "positive", "time": "Tue Nov 22 00:20:58 +0000 2016"}
{"polarity": 0.0, "location": "Orlando, FL", "sentiment": "neutral", "time": "Tue Nov 22 00:13:06 +0000 2016"}
{"polarity": -0.30000000000000004, "location": "Phoenix, AZ", "sentiment": "negative", "time": "Tue Nov 22 00:13:08 +0000 2016"}
{"polarity": -0.175, "location": "New York, NY", "sentiment": "negative", "time": "Tue Nov 22 00:13:09 +0000 2016"}
{"polarity": 0.04999999999999999, "location": "New York, NY", "sentiment": "positive", "time": "Tue Nov 22 00:13:11 +0000 2016"}
{"polarity": 0.0, "location": "Portland, OR", "sentiment": "neutral", "time": "Tue Nov 22 00:13:13 +0000 2016"}
{"polarity": 0.0, "location": "Atlanta, GA", "sentiment": "neutral", "time": "Tue Nov 22 00:13:14 +0000 2016"}
{"polarity": 0.7, "location": "New York, NY", "sentiment": "positive", "time": "Tue Nov 22 00:13:41 +0000 2016"}
{"polarity": 0.15, "location": "Atlanta, GA", "sentiment": "positive", "time": "Tue Nov 22 00:13:42 +0000 2016"}
{"polarity": 0.5, "location": "Boston, MA", "sentiment": "positive", "time": "Tue Nov 22 00:13:42 +0000 2016"}
{"polarity": 0.2, "location": "San Diego, CA", "sentiment": "positive", "time": "Tue Nov 22 00:13:46 +0000 2016"}
{"polarity": 0.5, "location": "San Diego, CA", "sentiment": "positive", "time": "Tue Nov 22 00:13:49 +0000 2016"}
{"polarity": 0.0, "location": "New York, NY", "sentiment": "neutral", "time": "Tue Nov 22 00:13:49 +0000 2016"}
{"polarity": 0.0, "location": "Atlanta, GA", "sentiment": "neutral", "time": "Tue Nov 22 00:13:53 +0000 2016"}
{"polarity": 0.0, "location": "Portland, OR", "sentiment": "neutral", "time": "Tue Nov 22 00:04:03 +0000 2016"}
{"polarity": 0.0, "location": "Atlanta, GA", "sentiment": "neutral", "time": "Tue Nov 22 00:04:04 +0000 2016"}
{"polarity": 0.4, "location": "Atlanta, GA", "sentiment": "positive", "time": "Tue Nov 22 00:04:08 +0000 2016"}
{"polarity": 0.5, "location": "San Diego, CA", "sentiment": "positive", "time": "Tue Nov 22 00:04:15 +0000 2016"}
{"polarity": 0.4126623376623377, "location": "New York, NY", "sentiment": "positive", "time": "Tue Nov 22 00:04:18 +0000 2016"}
{"polarity": 0.95, "location": "New York, NY", "sentiment": "positive", "time": "Tue Nov 22 00:04:18 +0000 2016"}
{"polarity": 0.0, "location": "New York, NY", "sentiment": "neutral", "time": "Tue Nov 22 00:04:19 +0000 2016"}
{"polarity": 0.0, "location": "New York, NY", "sentiment": "neutral", "time": "Tue Nov 22 00:04:21 +0000 2016"}
{"polarity": 0.05, "location": "New York, NY", "sentiment": "positive", "time": "Tue Nov 22 00:04:25 +0000 2016"}
{"polarity": 0.20833333333333334, "location": "Seattle, WA", "sentiment": "positive", "time": "Tue Nov 22 00:04:35 +0000 2016"}
{"polarity": 0.0, "location": "Seattle, WA", "sentiment": "neutral", "time": "Tue Nov 22 00:04:37 +0000 2016"}
{"polarity": 0.0, "location": "Orlando, FL", "sentiment": "neutral", "time": "Tue Nov 22 00:04:45 +0000 2016"}
{"polarity": 0.22727272727272727, "location": "San Diego, CA", "sentiment": "positive", "time": "Tue Nov 22 00:04:46 +0000 2016"}
{"polarity": -0.1, "location": "New York, NY", "sentiment": "negative", "time": "Tue Nov 22 00:04:52 +0000 2016"}
{"polarity": -0.17306397306397306, "location": "Phoenix, AZ", "sentiment": "negative", "time": "Tue Nov 22 00:04:54 +0000 2016"}
{"polarity": 0.25416666666666665, "location": "Atlanta, GA", "sentiment": "positive", "time": "Tue Nov 22 00:04:55 +0000 2016"}
{"polarity": 0.0, "location": "Seattle, WA", "sentiment": "neutral", "time": "Tue Nov 22 00:04:56 +0000 2016"}
{"polarity": 0.0, "location": "Atlanta, GA", "sentiment": "neutral", "time": "Mon Nov 21 07:39:11 +0000 2016"}
{"polarity": -0.00416666666666668, "location": "Portland, OR", "sentiment": "negative", "time": "Mon Nov 21 07:39:22 +0000 2016"}
{"polarity": -0.4, "location": "Atlanta, GA", "sentiment": "negative", "time": "Mon Nov 21 07:39:33 +0000 2016"}
{"polarity": -0.2, "location": "Portland, OR", "sentiment": "negative", "time": "Mon Nov 21 07:39:45 +0000 2016"}
{"polarity": 0.0, "location": "San Diego, CA", "sentiment": "neutral", "time": "Mon Nov 21 07:39:50 +0000 2016"}
{"polarity": -0.2916666666666667, "location": "San Diego, CA", "sentiment": "negative", "time": "Mon Nov 21 07:59:00 +0000 2016"}
{"polarity": 0.2, "location": "Seattle, WA", "sentiment": "positive", "time": "Mon Nov 21 07:59:03 +0000 2016"}
{"polarity": 0.0, "location": "Boston, MA", "sentiment": "neutral", "time": "Mon Nov 21 07:59:17 +0000 2016"}
{"polarity": 0.0, "location": "Seattle, WA", "sentiment": "neutral", "time": "Mon Nov 21 07:59:25 +0000 2016"}
{"polarity": 0.22916666666666666, "location": "Seattle, WA", "sentiment": "positive", "time": "Mon Nov 21 07:37:11 +0000 2016"}
{"polarity": -0.2, "location": "Seattle, WA", "sentiment": "negative", "time": "Mon Nov 21 07:37:13 +0000 2016"}
{"polarity": 0.0, "location": "New York, NY", "sentiment": "neutral", "time": "Mon Nov 21 07:37:39 +0000 2016"}
{"polarity": 0.0, "location": "New York, NY", "sentiment": "neutral", "time": "Mon Nov 21 07:37:57 +0000 2016"}
{"polarity": 0.0, "location": "Portland, OR", "sentiment": "neutral", "time": "Mon Nov 21 07:37:58 +0000 2016"}
{"polarity": 0.0, "location": "New York, NY", "sentiment": "neutral", "time": "Mon Nov 21 07:31:07 +0000 2016"}
{"polarity": 0.0, "location": "New York, NY", "sentiment": "neutral", "time": "Mon Nov 21 07:31:08 +0000 2016"}
{"polarity": -0.8, "location": "Atlanta, GA", "sentiment": "negative", "time": "Mon Nov 21 07:31:16 +0000 2016"}
{"polarity": 0.0, "location": "Atlanta, GA", "sentiment": "neutral", "time": "Mon Nov 21 07:31:27 +0000 2016"}
{"polarity": 0.0, "location": "New York, NY", "sentiment": "neutral", "time": "Mon Nov 21 07:31:54 +0000 2016"}
{"polarity": 0.5, "location": "New York, NY", "sentiment": "positive", "time": "Mon Nov 21 07:31:57 +0000 2016"}
{"polarity": 0.1, "location": "San Diego, CA", "sentiment": "positive", "time": "Mon Nov 21 07:41:24 +0000 2016"}
{"polarity": 0.0, "location": "Atlanta, GA", "sentiment": "neutral", "time": "Mon Nov 21 07:41:29 +0000 2016"}
{"polarity": 0.0, "location": "Atlanta, GA", "sentiment": "neutral", "time": "Mon Nov 21 07:41:29 +0000 2016"}
{"polarity": 0.3, "location": "San Diego, CA", "sentiment": "positive", "time": "Mon Nov 21 07:41:32 +0000 2016"}
{"polarity": 0.0, "location": "Boston, MA", "sentiment": "neutral", "time": "Mon Nov 21 07:41:39 +0000 2016"}
{"polarity": 0.0, "location": "Seattle, WA", "sentiment": "neutral", "time": "Mon Nov 21 07:41:56 +0000 2016"}
{"polarity": 0.0, "location": "Seattle, WA", "sentiment": "neutral", "time": "Mon Nov 21 07:57:05 +0000 2016"}
{"polarity": 0.5, "location": "Portland, OR", "sentiment": "positive", "time": "Mon Nov 21 07:57:33 +0000 2016"}
{"polarity": 0.0, "location": "San Diego, CA", "sentiment": "neutral", "time": "Mon Nov 21 07:58:11 +0000 2016"}
{"polarity": 0.0, "location": "Seattle, WA", "sentiment": "neutral", "time": "Mon Nov 21 07:58:24 +0000 2016"}
{"polarity": 0.0, "location": "Phoenix, AZ", "sentiment": "neutral", "time": "Mon Nov 21 07:58:26 +0000 2016"}
{"polarity": 0.0, "location": "Atlanta, GA", "sentiment": "neutral", "time": "Mon Nov 21 07:58:39 +0000 2016"}
{"polarity": 0.21428571428571427, "location": "San Diego, CA", "sentiment": "positive", "time": "Mon Nov 21 07:58:41 +0000 2016"}
{"polarity": 0.4, "location": "San Diego, CA", "sentiment": "positive", "time": "Mon Nov 21 07:42:09 +0000 2016"}
{"polarity": 0.25, "location": "Atlanta, GA", "sentiment": "positive", "time": "Mon Nov 21 07:42:22 +0000 2016"}
{"polarity": 0.0, "location": "San Diego, CA", "sentiment": "neutral", "time": "Mon Nov 21 07:42:25 +0000 2016"}
{"polarity": 0.0, "location": "New York, NY", "sentiment": "neutral", "time": "Mon Nov 21 07:42:53 +0000 2016"}
{"polarity": -0.5, "location": "San Diego, CA", "sentiment": "negative", "time": "Mon Nov 21 07:50:12 +0000 2016"}
{"polarity": 0.4, "location": "Orlando, FL", "sentiment": "positive", "time": "Mon Nov 21 07:50:14 +0000 2016"}
{"polarity": 0.0, "location": "Seattle, WA", "sentiment": "neutral", "time": "Mon Nov 21 07:50:20 +0000 2016"}
{"polarity": -0.125, "location": "New York, NY", "sentiment": "negative", "time": "Mon Nov 21 07:50:30 +0000 2016"}
{"polarity": 0.0, "location": "Phoenix, AZ", "sentiment": "neutral", "time": "Mon Nov 21 07:38:00 +0000 2016"}
{"polarity": 0.0, "location": "Orlando, FL", "sentiment": "neutral", "time": "Mon Nov 21 07:38:15 +0000 2016"}
{"polarity": 0.0, "location": "San Diego, CA", "sentiment": "neutral", "time": "Mon Nov 21 07:38:15 +0000 2016"}
{"polarity": 0.0, "location": "New York, NY", "sentiment": "neutral", "time": "Mon Nov 21 07:38:18 +0000 2016"}
{"polarity": -0.5, "location": "Portland, OR", "sentiment": "negative", "time": "Mon Nov 21 07:38:40 +0000 2016"}
{"polarity": -0.25, "location": "New York, NY", "sentiment": "negative", "time": "Mon Nov 21 07:46:31 +0000 2016"}
{"polarity": 0.0, "location": "Atlanta, GA", "sentiment": "neutral", "time": "Mon Nov 21 07:46:35 +0000 2016"}
{"polarity": -0.004761904761904782, "location": "Phoenix, AZ", "sentiment": "negative", "time": "Mon Nov 21 07:46:39 +0000 2016"}
{"polarity": 0.10000000000000002, "location": "San Diego, CA", "sentiment": "positive", "time": "Mon Nov 21 07:46:49 +0000 2016"}
{"polarity": 0.0, "location": "New York, NY", "sentiment": "neutral", "time": "Mon Nov 21 07:46:52 +0000 2016"}
{"polarity": 0.2, "location": "Portland, OR", "sentiment": "positive", "time": "Mon Nov 21 07:34:03 +0000 2016"}
{"polarity": 0.55, "location": "Seattle, WA", "sentiment": "positive", "time": "Mon Nov 21 07:34:09 +0000 2016"}
{"polarity": 0.0, "location": "Phoenix, AZ", "sentiment": "neutral", "time": "Mon Nov 21 07:34:24 +0000 2016"}
{"polarity": 0.0, "location": "Seattle, WA", "sentiment": "neutral", "time": "Mon Nov 21 07:34:36 +0000 2016"}
{"polarity": 0.0, "location": "Portland, OR", "sentiment": "neutral", "time": "Mon Nov 21 07:34:37 +0000 2016"}
{"polarity": 0.0, "location": "New York, NY", "sentiment": "neutral", "time": "Mon Nov 21 07:34:42 +0000 2016"}
{"polarity": 0.0, "location": "New York, NY", "sentiment": "neutral", "time": "Mon Nov 21 07:34:50 +0000 2016"}
{"polarity": 0.0, "location": "San Diego, CA", "sentiment": "neutral", "time": "Mon Nov 21 07:34:56 +0000 2016"}
{"polarity": 0.0, "location": "New York, NY", "sentiment": "neutral", "time": "Mon Nov 21 07:34:58 +0000 2016"}
{"polarity": -0.5, "location": "Seattle, WA", "sentiment": "negative", "time": "Mon Nov 21 07:56:29 +0000 2016"}
{"polarity": 0.0, "location": "San Diego, CA", "sentiment": "neutral", "time": "Mon Nov 21 07:47:01 +0000 2016"}
{"polarity": 0.0, "location": "San Diego, CA", "sentiment": "neutral", "time": "Mon Nov 21 07:47:07 +0000 2016"}
{"polarity": 0.0, "location": "Atlanta, GA", "sentiment": "neutral", "time": "Mon Nov 21 07:47:08 +0000 2016"}
{"polarity": 0.0, "location": "Phoenix, AZ", "sentiment": "neutral", "time": "Mon Nov 21 07:47:10 +0000 2016"}
{"polarity": 0.0, "location": "Seattle, WA", "sentiment": "neutral", "time": "Mon Nov 21 07:47:10 +0000 2016"}
{"polarity": 0.0, "location": "San Diego, CA", "sentiment": "neutral", "time": "Mon Nov 21 07:47:13 +0000 2016"}
{"polarity": 0.25, "location": "Seattle, WA", "sentiment": "positive", "time": "Mon Nov 21 07:47:14 +0000 2016"}
{"polarity": 0.04999999999999999, "location": "Phoenix, AZ", "sentiment": "positive", "time": "Mon Nov 21 07:47:44 +0000 2016"}
{"polarity": 0.0, "location": "Portland, OR", "sentiment": "neutral", "time": "Mon Nov 21 07:52:07 +0000 2016"}
{"polarity": 0.0, "location": "Atlanta, GA", "sentiment": "neutral", "time": "Mon Nov 21 07:52:16 +0000 2016"}
{"polarity": 0.0, "location": "Orlando, FL", "sentiment": "neutral", "time": "Mon Nov 21 07:53:03 +0000 2016"}
{"polarity": 0.0, "location": "Orlando, FL", "sentiment": "neutral", "time": "Mon Nov 21 07:53:05 +0000 2016"}
{"polarity": 0.0, "location": "Boston, MA", "sentiment": "neutral", "time": "Mon Nov 21 07:53:16 +0000 2016"}
{"polarity": 0.0, "location": "Portland, OR", "sentiment": "neutral", "time": "Mon Nov 21 07:53:22 +0000 2016"}
{"polarity": 0.225, "location": "Orlando, FL", "sentiment": "positive", "time": "Mon Nov 21 07:53:35 +0000 2016"}
{"polarity": 0.0, "location": "San Diego, CA", "sentiment": "neutral", "time": "Mon Nov 21 07:53:52 +0000 2016"}
{"polarity": 0.0, "location": "Atlanta, GA", "sentiment": "neutral", "time": "Mon Nov 21 07:48:15 +0000 2016"}
{"polarity": 0.5, "location": "New York, NY", "sentiment": "positive", "time": "Mon Nov 21 07:48:23 +0000 2016"}
{"polarity": 0.25, "location": "San Diego, CA", "sentiment": "positive", "time": "Mon Nov 21 07:48:32 +0000 2016"}
{"polarity": 0.0, "location": "Seattle, WA", "sentiment": "neutral", "time": "Mon Nov 21 07:48:44 +0000 2016"}
{"polarity": 0.0, "location": "Atlanta, GA", "sentiment": "neutral", "time": "Mon Nov 21 07:48:55 +0000 2016"}
{"polarity": 0.0, "location": "Atlanta, GA", "sentiment": "neutral", "time": "Mon Nov 21 07:51:26 +0000 2016"}
{"polarity": 0.29166666666666663, "location": "Phoenix, AZ", "sentiment": "positive", "time": "Mon Nov 21 07:51:58 +0000 2016"}
{"polarity": 0.0, "location": "Orlando, FL", "sentiment": "neutral", "time": "Mon Nov 21 07:30:03 +0000 2016"}
{"polarity": 0.0, "location": "Atlanta, GA", "sentiment": "neutral", "time": "Mon Nov 21 07:30:04 +0000 2016"}
{"polarity": -0.09999999999999998, "location": "Seattle, WA", "sentiment": "negative", "time": "Mon Nov 21 07:30:08 +0000 2016"}
{"polarity": 0.19999999999999998, "location": "Seattle, WA", "sentiment": "positive", "time": "Mon Nov 21 07:30:29 +0000 2016"}
{"polarity": 0.0, "location": "New York, NY", "sentiment": "neutral", "time": "Mon Nov 21 07:30:44 +0000 2016"}
{"polarity": 0.5, "location": "New York, NY", "sentiment": "positive", "time": "Mon Nov 21 07:30:53 +0000 2016"}
{"polarity": 0.0, "location": "New York, NY", "sentiment": "neutral", "time": "Mon Nov 21 07:30:58 +0000 2016"}
{"polarity": 0.0, "location": "Seattle, WA", "sentiment": "neutral", "time": "Mon Nov 21 07:40:37 +0000 2016"}
{"polarity": 0.0, "location": "Portland, OR", "sentiment": "neutral", "time": "Mon Nov 21 07:40:59 +0000 2016"}
{"polarity": -0.03333333333333333, "location": "Atlanta, GA", "sentiment": "negative", "time": "Mon Nov 21 07:35:10 +0000 2016"}
{"polarity": -0.175, "location": "San Diego, CA", "sentiment": "negative", "time": "Mon Nov 21 07:35:11 +0000 2016"}
{"polarity": -0.3, "location": "Seattle, WA", "sentiment": "negative", "time": "Mon Nov 21 07:35:38 +0000 2016"}
{"polarity": 0.0, "location": "San Diego, CA", "sentiment": "neutral", "time": "Mon Nov 21 07:35:41 +0000 2016"}
{"polarity": 0.0, "location": "New York, NY", "sentiment": "neutral", "time": "Mon Nov 21 07:43:40 +0000 2016"}
{"polarity": 0.0, "location": "New York, NY", "sentiment": "neutral", "time": "Mon Nov 21 07:43:47 +0000 2016"}
{"polarity": 0.6, "location": "Atlanta, GA", "sentiment": "positive", "time": "Mon Nov 21 07:43:54 +0000 2016"}
{"polarity": 0.0, "location": "Atlanta, GA", "sentiment": "neutral", "time": "Mon Nov 21 07:54:24 +0000 2016"}
{"polarity": 0.0, "location": "San Diego, CA", "sentiment": "neutral", "time": "Mon Nov 21 07:54:43 +0000 2016"}
{"polarity": 0.0, "location": "Phoenix, AZ", "sentiment": "neutral", "time": "Mon Nov 21 07:54:43 +0000 2016"}
{"polarity": 0.0, "location": "Seattle, WA", "sentiment": "neutral", "time": "Mon Nov 21 07:54:51 +0000 2016"}
{"polarity": 0.4, "location": "Seattle, WA", "sentiment": "positive", "time": "Mon Nov 21 07:54:51 +0000 2016"}
{"polarity": -0.55, "location": "Atlanta, GA", "sentiment": "negative", "time": "Mon Nov 21 07:32:08 +0000 2016"}
{"polarity": 0.0, "location": "Orlando, FL", "sentiment": "neutral", "time": "Mon Nov 21 07:32:15 +0000 2016"}
{"polarity": 0.0, "location": "Atlanta, GA", "sentiment": "neutral", "time": "Mon Nov 21 07:32:18 +0000 2016"}
{"polarity": 0.0, "location": "New York, NY", "sentiment": "neutral", "time": "Mon Nov 21 07:32:28 +0000 2016"}
{"polarity": 0.0, "location": "Atlanta, GA", "sentiment": "neutral", "time": "Mon Nov 21 07:32:31 +0000 2016"}
{"polarity": -0.5, "location": "Phoenix, AZ", "sentiment": "negative", "time": "Mon Nov 21 07:32:37 +0000 2016"}
{"polarity": 0.2, "location": "Portland, OR", "sentiment": "positive", "time": "Mon Nov 21 07:32:48 +0000 2016"}
{"polarity": 0.25, "location": "New York, NY", "sentiment": "positive", "time": "Mon Nov 21 07:36:06 +0000 2016"}
{"polarity": 0.7, "location": "Seattle, WA", "sentiment": "positive", "time": "Mon Nov 21 07:36:20 +0000 2016"}
{"polarity": 0.0, "location": "Seattle, WA", "sentiment": "neutral", "time": "Mon Nov 21 07:36:21 +0000 2016"}
{"polarity": 0.0, "location": "Seattle, WA", "sentiment": "neutral", "time": "Mon Nov 21 07:36:26 +0000 2016"}
{"polarity": 0.0, "location": "Boston, MA", "sentiment": "neutral", "time": "Mon Nov 21 07:36:30 +0000 2016"}
{"polarity": 0.0, "location": "Seattle, WA", "sentiment": "neutral", "time": "Mon Nov 21 07:36:38 +0000 2016"}
{"polarity": 0.0, "location": "Orlando, FL", "sentiment": "neutral", "time": "Mon Nov 21 07:36:42 +0000 2016"}
{"polarity": 0.0, "location": "New York, NY", "sentiment": "neutral", "time": "Mon Nov 21 07:36:53 +0000 2016"}
{"polarity": -1.0, "location": "St. Louis, MO", "sentiment": "negative", "time": "Mon Nov 21 07:55:10 +0000 2016"}
{"polarity": 0.0, "location": "Portland, OR", "sentiment": "neutral", "time": "Mon Nov 21 07:55:19 +0000 2016"}
{"polarity": 0.0, "location": "Atlanta, GA", "sentiment": "neutral", "time": "Mon Nov 21 07:55:58 +0000 2016"}
{"polarity": 0.0, "location": "New York, NY", "sentiment": "neutral", "time": "Mon Nov 21 07:33:06 +0000 2016"}
{"polarity": -0.12626262626262627, "location": "New York, NY", "sentiment": "negative", "time": "Mon Nov 21 07:33:07 +0000 2016"}
{"polarity": -0.5666666666666667, "location": "San Diego, CA", "sentiment": "negative", "time": "Mon Nov 21 07:33:11 +0000 2016"}
{"polarity": -0.375, "location": "New York, NY", "sentiment": "negative", "time": "Mon Nov 21 07:33:19 +0000 2016"}
{"polarity": 0.0, "location": "Atlanta, GA", "sentiment": "neutral", "time": "Mon Nov 21 07:33:24 +0000 2016"}
{"polarity": 0.17857142857142855, "location": "New York, NY", "sentiment": "positive", "time": "Mon Nov 21 07:33:42 +0000 2016"}
{"polarity": -0.15625, "location": "Seattle, WA", "sentiment": "negative", "time": "Mon Nov 21 07:33:57 +0000 2016"}
{"polarity": 0.5, "location": "Atlanta, GA", "sentiment": "positive", "time": "Mon Nov 21 07:44:02 +0000 2016"}
{"polarity": 0.5, "location": "San Diego, CA", "sentiment": "positive", "time": "Mon Nov 21 07:44:12 +0000 2016"}
{"polarity": 0.0, "location": "Boston, MA", "sentiment": "neutral", "time": "Mon Nov 21 07:44:12 +0000 2016"}
{"polarity": 0.0, "location": "Atlanta, GA", "sentiment": "neutral", "time": "Mon Nov 21 07:44:36 +0000 2016"}
{"polarity": 0.2, "location": "San Diego, CA", "sentiment": "positive", "time": "Mon Nov 21 07:44:37 +0000 2016"}
{"polarity": 0.0, "location": "Seattle, WA", "sentiment": "neutral", "time": "Mon Nov 21 07:44:50 +0000 2016"}
{"polarity": 0.0, "location": "Phoenix, AZ", "sentiment": "neutral", "time": "Mon Nov 21 07:44:58 +0000 2016"}
{"polarity": -0.5, "location": "Orlando, FL", "sentiment": "negative", "time": "Mon Nov 21 07:49:19 +0000 2016"}
{"polarity": 0.0, "location": "San Diego, CA", "sentiment": "neutral", "time": "Mon Nov 21 07:49:20 +0000 2016"}
{"polarity": 0.45, "location": "Atlanta, GA", "sentiment": "positive", "time": "Mon Nov 21 07:49:49 +0000 2016"}
{"polarity": 0.0, "location": "New York, NY", "sentiment": "neutral", "time": "Mon Nov 21 07:49:56 +0000 2016"}
{"polarity": 0.0, "location": "Seattle, WA", "sentiment": "neutral", "time": "Mon Nov 21 07:45:03 +0000 2016"}
{"polarity": -0.1, "location": "San Diego, CA", "sentiment": "negative", "time": "Mon Nov 21 07:45:03 +0000 2016"}
{"polarity": 0.0, "location": "Seattle, WA", "sentiment": "neutral", "time": "Mon Nov 21 07:45:13 +0000 2016"}
{"polarity": -0.11666666666666665, "location": "San Diego, CA", "sentiment": "negative", "time": "Mon Nov 21 07:45:40 +0000 2016"}
{"polarity": 0.3333333333333333, "location": "New York, NY", "sentiment": "positive", "time": "Mon Nov 21 10:39:49 +0000 2016"}
{"polarity": 0.0, "location": "Atlanta, GA", "sentiment": "neutral", "time": "Mon Nov 21 10:59:06 +0000 2016"}
{"polarity": 0.0, "location": "New York, NY", "sentiment": "neutral", "time": "Mon Nov 21 10:59:25 +0000 2016"}
{"polarity": 0.4375, "location": "Atlanta, GA", "sentiment": "positive", "time": "Mon Nov 21 10:59:47 +0000 2016"}
{"polarity": 0.0, "location": "Orlando, FL", "sentiment": "neutral", "time": "Mon Nov 21 10:19:29 +0000 2016"}
{"polarity": 0.0, "location": "Seattle, WA", "sentiment": "neutral", "time": "Mon Nov 21 10:19:35 +0000 2016"}
{"polarity": 0.0, "location": "Boston, MA", "sentiment": "neutral", "time": "Mon Nov 21 10:19:59 +0000 2016"}
{"polarity": -0.5, "location": "Atlanta, GA", "sentiment": "negative", "time": "Mon Nov 21 10:37:25 +0000 2016"}
{"polarity": 0.5, "location": "New York, NY", "sentiment": "positive", "time": "Mon Nov 21 10:37:42 +0000 2016"}
{"polarity": 0.0, "location": "Atlanta, GA", "sentiment": "neutral", "time": "Mon Nov 21 10:37:46 +0000 2016"}
{"polarity": -0.2, "location": "New York, NY", "sentiment": "negative", "time": "Mon Nov 21 10:31:15 +0000 2016"}
{"polarity": -0.6, "location": "San Diego, CA", "sentiment": "negative", "time": "Mon Nov 21 10:41:26 +0000 2016"}
{"polarity": 0.0, "location": "Seattle, WA", "sentiment": "neutral", "time": "Mon Nov 21 10:41:29 +0000 2016"}
{"polarity": 0.08333333333333333, "location": "Seattle, WA", "sentiment": "positive", "time": "Mon Nov 21 10:41:31 +0000 2016"}
{"polarity": 0.78125, "location": "Boston, MA", "sentiment": "positive", "time": "Mon Nov 21 10:27:00 +0000 2016"}
{"polarity": 0.0, "location": "New York, NY", "sentiment": "neutral", "time": "Mon Nov 21 10:27:01 +0000 2016"}
{"polarity": 1.0, "location": "Seattle, WA", "sentiment": "positive", "time": "Mon Nov 21 10:27:02 +0000 2016"}
{"polarity": 0.0, "location": "Boston, MA", "sentiment": "neutral", "time": "Mon Nov 21 10:27:39 +0000 2016"}
{"polarity": 0.2857142857142857, "location": "New York, NY", "sentiment": "positive", "time": "Mon Nov 21 10:57:13 +0000 2016"}
{"polarity": 0.8, "location": "New York, NY", "sentiment": "positive", "time": "Mon Nov 21 10:57:31 +0000 2016"}
{"polarity": 0.0, "location": "Seattle, WA", "sentiment": "neutral", "time": "Mon Nov 21 10:57:32 +0000 2016"}
{"polarity": 0.0, "location": "Orlando, FL", "sentiment": "neutral", "time": "Mon Nov 21 10:26:08 +0000 2016"}
{"polarity": 0.2, "location": "Seattle, WA", "sentiment": "positive", "time": "Mon Nov 21 10:26:47 +0000 2016"}
{"polarity": -0.09999999999999999, "location": "Orlando, FL", "sentiment": "negative", "time": "Mon Nov 21 10:26:54 +0000 2016"}
{"polarity": 1.0, "location": "Atlanta, GA", "sentiment": "positive", "time": "Mon Nov 21 10:58:13 +0000 2016"}
{"polarity": 0.0, "location": "Atlanta, GA", "sentiment": "neutral", "time": "Mon Nov 21 10:58:39 +0000 2016"}
{"polarity": -0.375, "location": "Atlanta, GA", "sentiment": "negative", "time": "Mon Nov 21 10:58:59 +0000 2016"}
{"polarity": 0.2, "location": "Atlanta, GA", "sentiment": "positive", "time": "Mon Nov 21 10:42:04 +0000 2016"}
{"polarity": -0.033333333333333326, "location": "New York, NY", "sentiment": "negative", "time": "Mon Nov 21 10:42:16 +0000 2016"}
{"polarity": 0.26785714285714285, "location": "Seattle, WA", "sentiment": "positive", "time": "Mon Nov 21 10:42:25 +0000 2016"}
{"polarity": 0.5, "location": "Atlanta, GA", "sentiment": "positive", "time": "Mon Nov 21 10:42:26 +0000 2016"}
{"polarity": 0.0, "location": "Atlanta, GA", "sentiment": "neutral", "time": "Mon Nov 21 10:42:33 +0000 2016"}
{"polarity": 0.0, "location": "New York, NY", "sentiment": "neutral", "time": "Mon Nov 21 10:42:51 +0000 2016"}
{"polarity": 0.0, "location": "San Diego, CA", "sentiment": "neutral", "time": "Mon Nov 21 10:42:53 +0000 2016"}
{"polarity": 0.0, "location": "Orlando, FL", "sentiment": "neutral", "time": "Mon Nov 21 10:50:12 +0000 2016"}
{"polarity": 0.3, "location": "Atlanta, GA", "sentiment": "positive", "time": "Mon Nov 21 10:50:13 +0000 2016"}
{"polarity": 0.0, "location": "Seattle, WA", "sentiment": "neutral", "time": "Mon Nov 21 10:50:14 +0000 2016"}
{"polarity": 0.13636363636363635, "location": "Portland, OR", "sentiment": "positive", "time": "Mon Nov 21 10:50:15 +0000 2016"}
{"polarity": 0.2, "location": "Seattle, WA", "sentiment": "positive", "time": "Mon Nov 21 10:50:26 +0000 2016"}
{"polarity": 0.5, "location": "Seattle, WA", "sentiment": "positive", "time": "Mon Nov 21 10:50:32 +0000 2016"}
{"polarity": 0.0, "location": "Orlando, FL", "sentiment": "neutral", "time": "Mon Nov 21 10:15:05 +0000 2016"}
{"polarity": 0.0, "location": "New York, NY", "sentiment": "neutral", "time": "Mon Nov 21 10:15:17 +0000 2016"}
{"polarity": 0.35, "location": "Boston, MA", "sentiment": "positive", "time": "Mon Nov 21 10:15:18 +0000 2016"}
{"polarity": 0.0, "location": "San Diego, CA", "sentiment": "neutral", "time": "Mon Nov 21 10:15:20 +0000 2016"}
{"polarity": 0.0, "location": "New York, NY", "sentiment": "neutral", "time": "Mon Nov 21 10:15:23 +0000 2016"}
{"polarity": -0.2, "location": "Atlanta, GA", "sentiment": "negative", "time": "Mon Nov 21 10:38:25 +0000 2016"}
{"polarity": 0.0, "location": "Seattle, WA", "sentiment": "neutral", "time": "Mon Nov 21 10:38:38 +0000 2016"}
{"polarity": 0.2676767676767677, "location": "New York, NY", "sentiment": "positive", "time": "Mon Nov 21 10:38:56 +0000 2016"}
{"polarity": -0.15, "location": "New York, NY", "sentiment": "negative", "time": "Mon Nov 21 10:21:00 +0000 2016"}
{"polarity": 0.0, "location": "New York, NY", "sentiment": "neutral", "time": "Mon Nov 21 10:21:06 +0000 2016"}
{"polarity": 0.0, "location": "New York, NY", "sentiment": "neutral", "time": "Mon Nov 21 10:21:08 +0000 2016"}
{"polarity": 0.0, "location": "Orlando, FL", "sentiment": "neutral", "time": "Mon Nov 21 10:21:09 +0000 2016"}
{"polarity": 0.25, "location": "New York, NY", "sentiment": "positive", "time": "Mon Nov 21 10:21:10 +0000 2016"}
{"polarity": 0.275, "location": "Atlanta, GA", "sentiment": "positive", "time": "Mon Nov 21 10:21:19 +0000 2016"}
{"polarity": 0.0, "location": "Boston, MA", "sentiment": "neutral", "time": "Mon Nov 21 10:21:24 +0000 2016"}
{"polarity": 0.0, "location": "Atlanta, GA", "sentiment": "neutral", "time": "Mon Nov 21 10:21:25 +0000 2016"}
{"polarity": 0.0, "location": "Portland, OR", "sentiment": "neutral", "time": "Mon Nov 21 10:29:16 +0000 2016"}
{"polarity": -0.6, "location": "Atlanta, GA", "sentiment": "negative", "time": "Mon Nov 21 10:29:38 +0000 2016"}
