{"polarity": 0.0, "location": "Boston, MA", "sentiment": "neutral", "time": "Mon Nov 21 12:46:07 +0000 2016"}
{"polarity": 0.0, "location": "Portland, OR", "sentiment": "neutral", "time": "Mon Nov 21 12:46:08 +0000 2016"}
{"polarity": -0.075, "location": "Orlando, FL", "sentiment": "negative", "time": "Mon Nov 21 12:46:29 +0000 2016"}
{"polarity": 0.13636363636363635, "location": "New York, NY", "sentiment": "positive", "time": "Mon Nov 21 12:46:34 +0000 2016"}
{"polarity": -0.05, "location": "New York, NY", "sentiment": "negative", "time": "Mon Nov 21 12:00:02 +0000 2016"}
{"polarity": 0.35, "location": "Orlando, FL", "sentiment": "positive", "time": "Mon Nov 21 12:00:08 +0000 2016"}
{"polarity": 0.0, "location": "Orlando, FL", "sentiment": "neutral", "time": "Mon Nov 21 12:00:22 +0000 2016"}
{"polarity": 0.17045454545454544, "location": "Atlanta, GA", "sentiment": "positive", "time": "Mon Nov 21 12:00:50 +0000 2016"}
{"polarity": -0.09999999999999999, "location": "Boston, MA", "sentiment": "negative", "time": "Mon Nov 21 12:00:56 +0000 2016"}
{"polarity": 0.375, "location": "Seattle, WA", "sentiment": "positive", "time": "Mon Nov 21 12:34:07 +0000 2016"}
{"polarity": 0.0, "location": "Seattle, WA", "sentiment": "neutral", "time": "Mon Nov 21 12:34:12 +0000 2016"}
{"polarity": 0.0, "location": "New York, NY", "sentiment": "neutral", "time": "Mon Nov 21 12:34:38 +0000 2016"}
{"polarity": 0.0, "location": "New York, NY", "sentiment": "neutral", "time": "Mon Nov 21 12:05:02 +0000 2016"}
{"polarity": 0.5, "location": "New York, NY", "sentiment": "positive", "time": "Mon Nov 21 12:05:10 +0000 2016"}
{"polarity": -0.25, "location": "New York, NY", "sentiment": "negative", "time": "Mon Nov 21 12:05:43 +0000 2016"}
{"polarity": 0.0, "location": "Orlando, FL", "sentiment": "neutral", "time": "Mon Nov 21 12:11:05 +0000 2016"}
{"polarity": 0.0, "location": "New York, NY", "sentiment": "neutral", "time": "Mon Nov 21 12:11:12 +0000 2016"}
{"polarity": 0.0, "location": "Boston, MA", "sentiment": "neutral", "time": "Mon Nov 21 12:11:17 +0000 2016"}
{"polarity": 0.0, "location": "Orlando, FL", "sentiment": "neutral", "time": "Mon Nov 21 12:11:22 +0000 2016"}
{"polarity": 0.20000000000000004, "location": "New York, NY", "sentiment": "positive", "time": "Mon Nov 21 12:11:38 +0000 2016"}
{"polarity": 0.27499999999999997, "location": "Atlanta, GA", "sentiment": "positive", "time": "Mon Nov 21 12:11:38 +0000 2016"}
{"polarity": 0.85, "location": "New York, NY", "sentiment": "positive", "time": "Mon Nov 21 12:56:05 +0000 2016"}
{"polarity": 0.25, "location": "New York, NY", "sentiment": "positive", "time": "Mon Nov 21 12:56:06 +0000 2016"}
{"polarity": 4.625929269271485e-18, "location": "Orlando, FL", "sentiment": "positive", "time": "Mon Nov 21 12:56:11 +0000 2016"}
{"polarity": 0.0, "location": "Seattle, WA", "sentiment": "neutral", "time": "Mon Nov 21 12:56:24 +0000 2016"}
{"polarity": 0.0, "location": "Seattle, WA", "sentiment": "neutral", "time": "Mon Nov 21 12:56:28 +0000 2016"}
{"polarity": -0.1875, "location": "Phoenix, AZ", "sentiment": "negative", "time": "Mon Nov 21 12:56:29 +0000 2016"}
{"polarity": 0.0, "location": "New York, NY", "sentiment": "neutral", "time": "Mon Nov 21 12:56:53 +0000 2016"}
{"polarity": 0.2681818181818182, "location": "New York, NY", "sentiment": "positive", "time": "Mon Nov 21 12:47:02 +0000 2016"}
{"polarity": 0.16666666666666666, "location": "Boston, MA", "sentiment": "positive", "time": "Mon Nov 21 12:47:14 +0000 2016"}
{"polarity": 0.25, "location": "San Diego, CA", "sentiment": "positive", "time": "Mon Nov 21 12:47:36 +0000 2016"}
{"polarity": 0.16666666666666666, "location": "New York, NY", "sentiment": "positive", "time": "Mon Nov 21 12:52:13 +0000 2016"}
{"polarity": 0.6, "location": "Atlanta, GA", "sentiment": "positive", "time": "Mon Nov 21 12:52:24 +0000 2016"}
{"polarity": -0.2, "location": "Atlanta, GA", "sentiment": "negative", "time": "Mon Nov 21 12:52:25 +0000 2016"}
{"polarity": 0.06401515151515151, "location": "New York, NY", "sentiment": "positive", "time": "Mon Nov 21 12:52:30 +0000 2016"}
{"polarity": 0.4, "location": "New York, NY", "sentiment": "positive", "time": "Mon Nov 21 12:52:49 +0000 2016"}
{"polarity": 0.0, "location": "Atlanta, GA", "sentiment": "neutral", "time": "Mon Nov 21 12:52:54 +0000 2016"}
{"polarity": 0.0, "location": "New York, NY", "sentiment": "neutral", "time": "Mon Nov 21 12:53:09 +0000 2016"}
{"polarity": -0.75, "location": "Boston, MA", "sentiment": "negative", "time": "Mon Nov 21 12:53:32 +0000 2016"}
{"polarity": 0.0, "location": "Orlando, FL", "sentiment": "neutral", "time": "Mon Nov 21 12:02:05 +0000 2016"}
{"polarity": -0.2916666666666667, "location": "Orlando, FL", "sentiment": "negative", "time": "Mon Nov 21 12:02:19 +0000 2016"}
{"polarity": 0.0, "location": "Portland, OR", "sentiment": "neutral", "time": "Mon Nov 21 12:48:04 +0000 2016"}
{"polarity": 0.0, "location": "Orlando, FL", "sentiment": "neutral", "time": "Mon Nov 21 12:48:05 +0000 2016"}
{"polarity": 0.0, "location": "Portland, OR", "sentiment": "neutral", "time": "Mon Nov 21 12:48:09 +0000 2016"}
{"polarity": 0.0, "location": "Seattle, WA", "sentiment": "neutral", "time": "Mon Nov 21 12:48:48 +0000 2016"}
{"polarity": 0.0, "location": "New York, NY", "sentiment": "neutral", "time": "Mon Nov 21 12:25:09 +0000 2016"}
{"polarity": 0.0, "location": "Atlanta, GA", "sentiment": "neutral", "time": "Mon Nov 21 12:25:11 +0000 2016"}
{"polarity": 0.0, "location": "New York, NY", "sentiment": "neutral", "time": "Mon Nov 21 12:25:22 +0000 2016"}
{"polarity": 0.0, "location": "Portland, OR", "sentiment": "neutral", "time": "Mon Nov 21 12:16:00 +0000 2016"}
{"polarity": 0.8, "location": "Seattle, WA", "sentiment": "positive", "time": "Mon Nov 21 12:16:06 +0000 2016"}
{"polarity": 0.0, "location": "San Diego, CA", "sentiment": "neutral", "time": "Mon Nov 21 12:16:16 +0000 2016"}
{"polarity": 0.125, "location": "Boston, MA", "sentiment": "positive", "time": "Mon Nov 21 12:16:21 +0000 2016"}
{"polarity": 0.22777777777777777, "location": "New York, NY", "sentiment": "positive", "time": "Mon Nov 21 12:16:40 +0000 2016"}
{"polarity": 0.45, "location": "Atlanta, GA", "sentiment": "positive", "time": "Mon Nov 21 12:14:29 +0000 2016"}
{"polarity": 0.2333333333333333, "location": "Boston, MA", "sentiment": "positive", "time": "Mon Nov 21 12:14:56 +0000 2016"}
{"polarity": 0.0, "location": "Boston, MA", "sentiment": "neutral", "time": "Mon Nov 21 12:23:17 +0000 2016"}
{"polarity": 0.3111111111111111, "location": "Boston, MA", "sentiment": "positive", "time": "Mon Nov 21 12:23:21 +0000 2016"}
{"polarity": 0.13636363636363635, "location": "Portland, OR", "sentiment": "positive", "time": "Mon Nov 21 12:23:37 +0000 2016"}
{"polarity": 0.0, "location": "Atlanta, GA", "sentiment": "neutral", "time": "Mon Nov 21 12:23:50 +0000 2016"}
{"polarity": 0.13636363636363635, "location": "Orlando, FL", "sentiment": "positive", "time": "Mon Nov 21 12:07:15 +0000 2016"}
{"polarity": 0.33, "location": "Boston, MA", "sentiment": "positive", "time": "Mon Nov 21 12:07:18 +0000 2016"}
{"polarity": 0.0, "location": "New York, NY", "sentiment": "neutral", "time": "Mon Nov 21 12:07:20 +0000 2016"}
{"polarity": -0.18181818181818182, "location": "New York, NY", "sentiment": "negative", "time": "Mon Nov 21 12:07:43 +0000 2016"}
{"polarity": 0.0, "location": "New York, NY", "sentiment": "neutral", "time": "Mon Nov 21 12:07:49 +0000 2016"}
{"polarity": 0.2, "location": "Atlanta, GA", "sentiment": "positive", "time": "Mon Nov 21 12:07:52 +0000 2016"}
{"polarity": -0.325, "location": "Boston, MA", "sentiment": "negative", "time": "Mon Nov 21 12:51:15 +0000 2016"}
{"polarity": 0.0, "location": "New York, NY", "sentiment": "neutral", "time": "Mon Nov 21 12:51:25 +0000 2016"}
{"polarity": 0.0, "location": "Seattle, WA", "sentiment": "neutral", "time": "Mon Nov 21 12:51:26 +0000 2016"}
{"polarity": 0.0, "location": "Atlanta, GA", "sentiment": "neutral", "time": "Mon Nov 21 12:51:27 +0000 2016"}
{"polarity": -0.4, "location": "Boston, MA", "sentiment": "negative", "time": "Mon Nov 21 12:51:40 +0000 2016"}
{"polarity": 0.0, "location": "Boston, MA", "sentiment": "neutral", "time": "Mon Nov 21 12:30:02 +0000 2016"}
{"polarity": 0.0, "location": "New York, NY", "sentiment": "neutral", "time": "Mon Nov 21 12:30:16 +0000 2016"}
{"polarity": 0.6, "location": "Atlanta, GA", "sentiment": "positive", "time": "Mon Nov 21 12:30:23 +0000 2016"}
{"polarity": 0.0, "location": "New York, NY", "sentiment": "neutral", "time": "Mon Nov 21 12:30:35 +0000 2016"}
{"polarity": 0.0, "location": "Portland, OR", "sentiment": "neutral", "time": "Mon Nov 21 12:30:49 +0000 2016"}
{"polarity": 0.5, "location": "Atlanta, GA", "sentiment": "positive", "time": "Mon Nov 21 12:03:04 +0000 2016"}
{"polarity": -0.04035714285714287, "location": "Atlanta, GA", "sentiment": "negative", "time": "Mon Nov 21 12:03:13 +0000 2016"}
{"polarity": 0.0, "location": "New York, NY", "sentiment": "neutral", "time": "Mon Nov 21 12:03:25 +0000 2016"}
{"polarity": -0.6, "location": "Boston, MA", "sentiment": "negative", "time": "Mon Nov 21 12:03:43 +0000 2016"}
{"polarity": 0.0, "location": "San Diego, CA", "sentiment": "neutral", "time": "Mon Nov 21 12:40:06 +0000 2016"}
{"polarity": 0.0, "location": "Boston, MA", "sentiment": "neutral", "time": "Mon Nov 21 12:40:10 +0000 2016"}
{"polarity": 0.0, "location": "Boston, MA", "sentiment": "neutral", "time": "Mon Nov 21 12:40:20 +0000 2016"}
{"polarity": 0.0, "location": "Orlando, FL", "sentiment": "neutral", "time": "Mon Nov 21 12:40:57 +0000 2016"}
{"polarity": 0.65, "location": "New York, NY", "sentiment": "positive", "time": "Mon Nov 21 12:40:58 +0000 2016"}
{"polarity": 0.0, "location": "St. Louis, MO", "sentiment": "neutral", "time": "Mon Nov 21 12:08:20 +0000 2016"}
{"polarity": -0.037500000000000006, "location": "New York, NY", "sentiment": "negative", "time": "Mon Nov 21 12:08:52 +0000 2016"}
{"polarity": -0.25, "location": "Boston, MA", "sentiment": "negative", "time": "Mon Nov 21 12:35:02 +0000 2016"}
{"polarity": 0.0, "location": "New York, NY", "sentiment": "neutral", "time": "Mon Nov 21 12:35:09 +0000 2016"}
{"polarity": 0.375, "location": "Atlanta, GA", "sentiment": "positive", "time": "Mon Nov 21 12:35:15 +0000 2016"}
{"polarity": 0.0, "location": "New York, NY", "sentiment": "neutral", "time": "Mon Nov 21 12:35:36 +0000 2016"}
{"polarity": 0.175, "location": "Orlando, FL", "sentiment": "positive", "time": "Mon Nov 21 12:10:30 +0000 2016"}
{"polarity": 0.2, "location": "Boston, MA", "sentiment": "positive", "time": "Mon Nov 21 12:10:49 +0000 2016"}
{"polarity": -0.6, "location": "Atlanta, GA", "sentiment": "negative", "time": "Mon Nov 21 12:10:54 +0000 2016"}
{"polarity": 1.0, "location": "New York, NY", "sentiment": "positive", "time": "Mon Nov 21 12:54:13 +0000 2016"}
{"polarity": 0.35, "location": "New York, NY", "sentiment": "positive", "time": "Mon Nov 21 12:54:20 +0000 2016"}
{"polarity": 0.4, "location": "Orlando, FL", "sentiment": "positive", "time": "Mon Nov 21 12:54:30 +0000 2016"}
{"polarity": 0.0, "location": "New York, NY", "sentiment": "neutral", "time": "Mon Nov 21 12:54:30 +0000 2016"}
{"polarity": 0.03125, "location": "Portland, OR", "sentiment": "positive", "time": "Mon Nov 21 12:54:34 +0000 2016"}
{"polarity": -0.16666666666666666, "location": "Orlando, FL", "sentiment": "negative", "time": "Mon Nov 21 12:54:38 +0000 2016"}
{"polarity": 0.35, "location": "New York, NY", "sentiment": "positive", "time": "Mon Nov 21 12:54:57 +0000 2016"}
{"polarity": 0.0, "location": "New York, NY", "sentiment": "neutral", "time": "Mon Nov 21 12:24:57 +0000 2016"}
{"polarity": 0.0, "location": "Atlanta, GA", "sentiment": "neutral", "time": "Mon Nov 21 12:32:01 +0000 2016"}
{"polarity": 0.0, "location": "Seattle, WA", "sentiment": "neutral", "time": "Mon Nov 21 12:32:03 +0000 2016"}
{"polarity": 0.25, "location": "Orlando, FL", "sentiment": "positive", "time": "Mon Nov 21 12:32:04 +0000 2016"}
{"polarity": 0.0, "location": "Atlanta, GA", "sentiment": "neutral", "time": "Mon Nov 21 12:32:06 +0000 2016"}
{"polarity": 0.2, "location": "Boston, MA", "sentiment": "positive", "time": "Mon Nov 21 12:32:10 +0000 2016"}
{"polarity": -0.25, "location": "Atlanta, GA", "sentiment": "negative", "time": "Mon Nov 21 12:32:14 +0000 2016"}
{"polarity": 0.0, "location": "Seattle, WA", "sentiment": "neutral", "time": "Mon Nov 21 12:32:28 +0000 2016"}
{"polarity": 0.0, "location": "Orlando, FL", "sentiment": "neutral", "time": "Mon Nov 21 12:32:29 +0000 2016"}
{"polarity": 0.0, "location": "Orlando, FL", "sentiment": "neutral", "time": "Mon Nov 21 12:32:33 +0000 2016"}
{"polarity": 0.0, "location": "New York, NY", "sentiment": "neutral", "time": "Mon Nov 21 12:36:04 +0000 2016"}
{"polarity": 0.0, "location": "New York, NY", "sentiment": "neutral", "time": "Mon Nov 21 12:36:05 +0000 2016"}
{"polarity": 0.0, "location": "San Diego, CA", "sentiment": "neutral", "time": "Mon Nov 21 12:36:25 +0000 2016"}
{"polarity": 0.0, "location": "New York, NY", "sentiment": "neutral", "time": "Mon Nov 21 12:36:41 +0000 2016"}
{"polarity": 0.26666666666666666, "location": "Boston, MA", "sentiment": "positive", "time": "Mon Nov 21 12:36:55 +0000 2016"}
{"polarity": 0.2, "location": "Atlanta, GA", "sentiment": "positive", "time": "Mon Nov 21 12:01:42 +0000 2016"}
{"polarity": 0.5, "location": "Portland, OR", "sentiment": "positive", "time": "Mon Nov 21 12:01:54 +0000 2016"}
{"polarity": 0.0, "location": "Orlando, FL", "sentiment": "neutral", "time": "Mon Nov 21 12:55:05 +0000 2016"}
{"polarity": -0.05, "location": "Atlanta, GA", "sentiment": "negative", "time": "Mon Nov 21 12:55:07 +0000 2016"}
{"polarity": 0.0, "location": "San Diego, CA", "sentiment": "neutral", "time": "Mon Nov 21 12:55:09 +0000 2016"}
{"polarity": -0.6, "location": "Orlando, FL", "sentiment": "negative", "time": "Mon Nov 21 12:55:15 +0000 2016"}
{"polarity": 0.2, "location": "New York, NY", "sentiment": "positive", "time": "Mon Nov 21 12:55:18 +0000 2016"}
{"polarity": 0.0, "location": "New York, NY", "sentiment": "neutral", "time": "Mon Nov 21 12:55:34 +0000 2016"}
{"polarity": 0.0, "location": "Atlanta, GA", "sentiment": "neutral", "time": "Mon Nov 21 12:55:41 +0000 2016"}
{"polarity": 0.0, "location": "San Diego, CA", "sentiment": "neutral", "time": "Mon Nov 21 12:55:48 +0000 2016"}
{"polarity": 0.0, "location": "New York, NY", "sentiment": "neutral", "time": "Mon Nov 21 12:55:50 +0000 2016"}
{"polarity": 0.0, "location": "Atlanta, GA", "sentiment": "neutral", "time": "Mon Nov 21 12:09:14 +0000 2016"}
{"polarity": 0.2, "location": "New York, NY", "sentiment": "positive", "time": "Mon Nov 21 12:09:17 +0000 2016"}
{"polarity": 0.0, "location": "New York, NY", "sentiment": "neutral", "time": "Mon Nov 21 12:09:44 +0000 2016"}
{"polarity": 0.0, "location": "Orlando, FL", "sentiment": "neutral", "time": "Mon Nov 21 12:09:44 +0000 2016"}
{"polarity": 0.0, "location": "New York, NY", "sentiment": "neutral", "time": "Mon Nov 21 12:09:46 +0000 2016"}
{"polarity": 0.0, "location": "New York, NY", "sentiment": "neutral", "time": "Mon Nov 21 12:09:51 +0000 2016"}
{"polarity": 0.0, "location": "New York, NY", "sentiment": "neutral", "time": "Mon Nov 21 12:33:03 +0000 2016"}
{"polarity": 0.0, "location": "New York, NY", "sentiment": "neutral", "time": "Mon Nov 21 12:33:06 +0000 2016"}
{"polarity": 0.25, "location": "Seattle, WA", "sentiment": "positive", "time": "Mon Nov 21 12:33:24 +0000 2016"}
{"polarity": 0.0, "location": "Orlando, FL", "sentiment": "neutral", "time": "Mon Nov 21 12:33:34 +0000 2016"}
{"polarity": 0.0, "location": "Seattle, WA", "sentiment": "neutral", "time": "Mon Nov 21 12:33:51 +0000 2016"}
{"polarity": 0.0, "location": "San Diego, CA", "sentiment": "neutral", "time": "Mon Nov 21 12:33:56 +0000 2016"}
{"polarity": 0.0, "location": "Boston, MA", "sentiment": "neutral", "time": "Mon Nov 21 12:33:58 +0000 2016"}
{"polarity": 0.0, "location": "Boston, MA", "sentiment": "neutral", "time": "Mon Nov 21 12:44:03 +0000 2016"}
{"polarity": 0.0, "location": "Orlando, FL", "sentiment": "neutral", "time": "Mon Nov 21 12:44:05 +0000 2016"}
{"polarity": 0.0, "location": "New York, NY", "sentiment": "neutral", "time": "Mon Nov 21 12:44:26 +0000 2016"}
{"polarity": 0.0, "location": "New York, NY", "sentiment": "neutral", "time": "Mon Nov 21 12:44:26 +0000 2016"}
{"polarity": 0.35000000000000003, "location": "Atlanta, GA", "sentiment": "positive", "time": "Mon Nov 21 12:44:28 +0000 2016"}
{"polarity": 0.0, "location": "New York, NY", "sentiment": "neutral", "time": "Mon Nov 21 12:44:35 +0000 2016"}
{"polarity": 0.0, "location": "New York, NY", "sentiment": "neutral", "time": "Mon Nov 21 12:28:03 +0000 2016"}
{"polarity": 0.05, "location": "Atlanta, GA", "sentiment": "positive", "time": "Mon Nov 21 12:28:42 +0000 2016"}
{"polarity": 0.0, "location": "Atlanta, GA", "sentiment": "neutral", "time": "Mon Nov 21 12:28:37 +0000 2016"}
{"polarity": 0.0, "location": "Portland, OR", "sentiment": "neutral", "time": "Mon Nov 21 12:28:45 +0000 2016"}
{"polarity": 0.5, "location": "New York, NY", "sentiment": "positive", "time": "Mon Nov 21 12:22:01 +0000 2016"}
{"polarity": 0.0, "location": "New York, NY", "sentiment": "neutral", "time": "Mon Nov 21 12:22:01 +0000 2016"}
{"polarity": 0.78125, "location": "Boston, MA", "sentiment": "positive", "time": "Mon Nov 21 12:22:21 +0000 2016"}
{"polarity": 0.0, "location": "New York, NY", "sentiment": "neutral", "time": "Mon Nov 21 12:22:37 +0000 2016"}
{"polarity": -0.25, "location": "Boston, MA", "sentiment": "negative", "time": "Mon Nov 21 12:49:03 +0000 2016"}
{"polarity": 0.27777777777777773, "location": "Atlanta, GA", "sentiment": "positive", "time": "Mon Nov 21 12:49:30 +0000 2016"}
{"polarity": 0.3, "location": "Atlanta, GA", "sentiment": "positive", "time": "Mon Nov 21 12:49:38 +0000 2016"}
{"polarity": 0.0, "location": "Atlanta, GA", "sentiment": "neutral", "time": "Mon Nov 21 12:49:51 +0000 2016"}
{"polarity": 0.35, "location": "Boston, MA", "sentiment": "positive", "time": "Mon Nov 21 12:49:59 +0000 2016"}
{"polarity": 0.0, "location": "New York, NY", "sentiment": "neutral", "time": "Mon Nov 21 12:45:09 +0000 2016"}
{"polarity": 1.0, "location": "New York, NY", "sentiment": "positive", "time": "Mon Nov 21 12:45:17 +0000 2016"}
{"polarity": 0.5, "location": "Atlanta, GA", "sentiment": "positive", "time": "Mon Nov 21 12:45:19 +0000 2016"}
{"polarity": 0.25, "location": "New York, NY", "sentiment": "positive", "time": "Mon Nov 21 12:45:20 +0000 2016"}
{"polarity": 0.0, "location": "Boston, MA", "sentiment": "neutral", "time": "Mon Nov 21 12:45:34 +0000 2016"}
{"polarity": 0.3, "location": "Boston, MA", "sentiment": "positive", "time": "Mon Nov 21 12:45:38 +0000 2016"}
{"polarity": 0.1, "location": "Boston, MA", "sentiment": "positive", "time": "Mon Nov 21 12:45:43 +0000 2016"}
{"polarity": 0.0, "location": "Boston, MA", "sentiment": "neutral", "time": "Mon Nov 21 12:45:44 +0000 2016"}
{"polarity": 0.0, "location": "Orlando, FL", "sentiment": "neutral", "time": "Mon Nov 21 12:06:11 +0000 2016"}
{"polarity": 0.2857142857142857, "location": "New York, NY", "sentiment": "positive", "time": "Mon Nov 21 12:06:18 +0000 2016"}
{"polarity": 0.0, "location": "Seattle, WA", "sentiment": "neutral", "time": "Mon Nov 21 12:06:49 +0000 2016"}
{"polarity": -0.1625, "location": "Atlanta, GA", "sentiment": "negative", "time": "Mon Nov 21 12:06:53 +0000 2016"}
{"polarity": 0.0, "location": "Atlanta, GA", "sentiment": "neutral", "time": "Mon Nov 21 12:20:10 +0000 2016"}
{"polarity": -0.5, "location": "Portland, OR", "sentiment": "negative", "time": "Mon Nov 21 12:20:17 +0000 2016"}
{"polarity": 0.0, "location": "Seattle, WA", "sentiment": "neutral", "time": "Mon Nov 21 12:20:19 +0000 2016"}
{"polarity": 0.25, "location": "New York, NY", "sentiment": "positive", "time": "Mon Nov 21 12:20:33 +0000 2016"}
{"polarity": 0.5833333333333334, "location": "Seattle, WA", "sentiment": "positive", "time": "Mon Nov 21 12:20:39 +0000 2016"}
{"polarity": -0.2, "location": "Orlando, FL", "sentiment": "negative", "time": "Mon Nov 21 12:20:46 +0000 2016"}
{"polarity": 0.0, "location": "New York, NY", "sentiment": "neutral", "time": "Mon Nov 21 12:20:56 +0000 2016"}
{"polarity": 0.13636363636363635, "location": "Seattle, WA", "sentiment": "positive", "time": "Mon Nov 21 12:20:59 +0000 2016"}
{"polarity": 0.0, "location": "Boston, MA", "sentiment": "neutral", "time": "Mon Nov 21 12:13:01 +0000 2016"}
{"polarity": -0.05, "location": "New York, NY", "sentiment": "negative", "time": "Mon Nov 21 12:13:19 +0000 2016"}
{"polarity": 0.0, "location": "Phoenix, AZ", "sentiment": "neutral", "time": "Mon Nov 21 12:13:19 +0000 2016"}
{"polarity": 0.0, "location": "New York, NY", "sentiment": "neutral", "time": "Mon Nov 21 12:13:49 +0000 2016"}
{"polarity": 0.0, "location": "Boston, MA", "sentiment": "neutral", "time": "Mon Nov 21 12:04:13 +0000 2016"}
{"polarity": 0.0, "location": "Boston, MA", "sentiment": "neutral", "time": "Mon Nov 21 12:04:38 +0000 2016"}
{"polarity": 0.0, "location": "New York, NY", "sentiment": "neutral", "time": "Mon Nov 21 12:04:41 +0000 2016"}
{"polarity": 0.0, "location": "Phoenix, AZ", "sentiment": "neutral", "time": "Mon Nov 21 23:39:00 +0000 2016"}
{"polarity": -0.6, "location": "Seattle, WA", "sentiment": "negative", "time": "Mon Nov 21 23:39:02 +0000 2016"}
{"polarity": 0.0, "location": "Orlando, FL", "sentiment": "neutral", "time": "Mon Nov 21 23:39:05 +0000 2016"}
{"polarity": -0.2916666666666667, "location": "Atlanta, GA", "sentiment": "negative", "time": "Mon Nov 21 23:39:10 +0000 2016"}
{"polarity": 0.0, "location": "Atlanta, GA", "sentiment": "neutral", "time": "Mon Nov 21 23:39:12 +0000 2016"}
{"polarity": 0.0, "location": "Phoenix, AZ", "sentiment": "neutral", "time": "Mon Nov 21 23:39:16 +0000 2016"}
{"polarity": 0.0, "location": "New York, NY", "sentiment": "neutral", "time": "Mon Nov 21 23:39:19 +0000 2016"}
{"polarity": -0.8, "location": "New York, NY", "sentiment": "negative", "time": "Mon Nov 21 23:39:33 +0000 2016"}
{"polarity": -0.2, "location": "New York, NY", "sentiment": "negative", "time": "Mon Nov 21 23:39:39 +0000 2016"}
{"polarity": 0.6, "location": "New York, NY", "sentiment": "positive", "time": "Mon Nov 21 23:39:49 +0000 2016"}
{"polarity": 0.0, "location": "Phoenix, AZ", "sentiment": "neutral", "time": "Mon Nov 21 23:39:54 +0000 2016"}
{"polarity": 0.0, "location": "Boston, MA", "sentiment": "neutral", "time": "Mon Nov 21 23:59:00 +0000 2016"}
{"polarity": 0.13636363636363635, "location": "New York, NY", "sentiment": "positive", "time": "Mon Nov 21 23:59:01 +0000 2016"}
{"polarity": 0.0, "location": "Orlando, FL", "sentiment": "neutral", "time": "Mon Nov 21 23:59:12 +0000 2016"}
{"polarity": 0.0, "location": "Boston, MA", "sentiment": "neutral", "time": "Mon Nov 21 23:59:34 +0000 2016"}
{"polarity": 0.0, "location": "New York, NY", "sentiment": "neutral", "time": "Mon Nov 21 23:59:40 +0000 2016"}
{"polarity": 0.19318181818181818, "location": "Seattle, WA", "sentiment": "positive", "time": "Mon Nov 21 23:59:48 +0000 2016"}
{"polarity": 0.0, "location": "San Diego, CA", "sentiment": "neutral", "time": "Mon Nov 21 23:59:49 +0000 2016"}
{"polarity": 0.0, "location": "Seattle, WA", "sentiment": "neutral", "time": "Mon Nov 21 23:59:52 +0000 2016"}
{"polarity": 0.13636363636363635, "location": "New York, NY", "sentiment": "positive", "time": "Mon Nov 21 23:19:01 +0000 2016"}
{"polarity": 0.8, "location": "Seattle, WA", "sentiment": "positive", "time": "Mon Nov 21 23:19:08 +0000 2016"}
{"polarity": 0.75, "location": "Atlanta, GA", "sentiment": "positive", "time": "Mon Nov 21 23:19:15 +0000 2016"}
{"polarity": 0.0, "location": "Portland, OR", "sentiment": "neutral", "time": "Mon Nov 21 23:19:24 +0000 2016"}
{"polarity": 0.3, "location": "Seattle, WA", "sentiment": "positive", "time": "Mon Nov 21 23:19:33 +0000 2016"}
{"polarity": 0.11111111111111112, "location": "Portland, OR", "sentiment": "positive", "time": "Mon Nov 21 23:19:52 +0000 2016"}
{"polarity": 0.6000000000000001, "location": "New York, NY", "sentiment": "positive", "time": "Mon Nov 21 23:19:54 +0000 2016"}
{"polarity": 0.0, "location": "Atlanta, GA", "sentiment": "neutral", "time": "Mon Nov 21 23:19:57 +0000 2016"}
{"polarity": 0.0, "location": "New York, NY", "sentiment": "neutral", "time": "Mon Nov 21 23:19:59 +0000 2016"}
{"polarity": 0.45, "location": "Boston, MA", "sentiment": "positive", "time": "Mon Nov 21 23:37:11 +0000 2016"}
{"polarity": 0.09375000000000003, "location": "Portland, OR", "sentiment": "positive", "time": "Mon Nov 21 23:37:13 +0000 2016"}
{"polarity": 0.2556818181818182, "location": "Boston, MA", "sentiment": "positive", "time": "Mon Nov 21 23:37:17 +0000 2016"}
{"polarity": 1.0, "location": "Portland, OR", "sentiment": "positive", "time": "Mon Nov 21 23:37:25 +0000 2016"}
{"polarity": 0.0, "location": "New York, NY", "sentiment": "neutral", "time": "Mon Nov 21 23:37:28 +0000 2016"}
{"polarity": 0.0, "location": "Atlanta, GA", "sentiment": "neutral", "time": "Mon Nov 21 23:37:33 +0000 2016"}
{"polarity": 0.0, "location": "New York, NY", "sentiment": "neutral", "time": "Mon Nov 21 23:37:35 +0000 2016"}
{"polarity": 0.0, "location": "New York, NY", "sentiment": "neutral", "time": "Mon Nov 21 23:37:37 +0000 2016"}
{"polarity": 0.0, "location": "New York, NY", "sentiment": "neutral", "time": "Mon Nov 21 23:37:41 +0000 2016"}
{"polarity": -0.025, "location": "Phoenix, AZ", "sentiment": "negative", "time": "Mon Nov 21 23:37:44 +0000 2016"}
{"polarity": 0.0, "location": "Seattle, WA", "sentiment": "neutral", "time": "Mon Nov 21 23:37:47 +0000 2016"}
{"polarity": 0.0, "location": "New York, NY", "sentiment": "neutral", "time": "Mon Nov 21 23:37:49 +0000 2016"}
{"polarity": 0.18666666666666668, "location": "New York, NY", "sentiment": "positive", "time": "Mon Nov 21 23:37:50 +0000 2016"}
{"polarity": 0.0, "location": "Orlando, FL", "sentiment": "neutral", "time": "Mon Nov 21 23:37:59 +0000 2016"}
{"polarity": 0.0, "location": "Portland, OR", "sentiment": "neutral", "time": "Mon Nov 21 23:31:02 +0000 2016"}
{"polarity": 0.0, "location": "Atlanta, GA", "sentiment": "neutral", "time": "Mon Nov 21 23:31:03 +0000 2016"}
{"polarity": 0.0, "location": "Atlanta, GA", "sentiment": "neutral", "time": "Mon Nov 21 23:31:06 +0000 2016"}
{"polarity": 0.0, "location": "Atlanta, GA", "sentiment": "neutral", "time": "Mon Nov 21 23:31:09 +0000 2016"}
{"polarity": 0.0, "location": "New York, NY", "sentiment": "neutral", "time": "Mon Nov 21 23:31:12 +0000 2016"}
{"polarity": 0.0, "location": "Phoenix, AZ", "sentiment": "neutral", "time": "Mon Nov 21 23:31:35 +0000 2016"}
{"polarity": -0.4374999999999999, "location": "Boston, MA", "sentiment": "negative", "time": "Mon Nov 21 23:31:37 +0000 2016"}
{"polarity": 0.0, "location": "Atlanta, GA", "sentiment": "neutral", "time": "Mon Nov 21 23:31:39 +0000 2016"}
{"polarity": 0.5, "location": "Orlando, FL", "sentiment": "positive", "time": "Mon Nov 21 23:31:39 +0000 2016"}
{"polarity": 0.0, "location": "Phoenix, AZ", "sentiment": "neutral", "time": "Mon Nov 21 23:31:44 +0000 2016"}
{"polarity": 0.0, "location": "Orlando, FL", "sentiment": "neutral", "time": "Mon Nov 21 23:31:46 +0000 2016"}
{"polarity": 0.8, "location": "New York, NY", "sentiment": "positive", "time": "Mon Nov 21 23:31:48 +0000 2016"}
{"polarity": 0.0, "location": "Orlando, FL", "sentiment": "neutral", "time": "Mon Nov 21 23:31:52 +0000 2016"}
{"polarity": 0.078125, "location": "Seattle, WA", "sentiment": "positive", "time": "Mon Nov 21 23:31:54 +0000 2016"}
{"polarity": 0.0, "location": "Atlanta, GA", "sentiment": "neutral", "time": "Mon Nov 21 23:31:57 +0000 2016"}
{"polarity": 0.0, "location": "Orlando, FL", "sentiment": "neutral", "time": "Mon Nov 21 23:41:04 +0000 2016"}
{"polarity": 0.5, "location": "Orlando, FL", "sentiment": "positive", "time": "Mon Nov 21 23:41:05 +0000 2016"}
{"polarity": 0.0, "location": "New York, NY", "sentiment": "neutral", "time": "Mon Nov 21 23:41:29 +0000 2016"}
{"polarity": 0.5, "location": "Orlando, FL", "sentiment": "positive", "time": "Mon Nov 21 23:41:31 +0000 2016"}
{"polarity": 0.0, "location": "New York, NY", "sentiment": "neutral", "time": "Mon Nov 21 23:41:32 +0000 2016"}
{"polarity": 0.5, "location": "Atlanta, GA", "sentiment": "positive", "time": "Mon Nov 21 23:41:37 +0000 2016"}
{"polarity": -0.125, "location": "Atlanta, GA", "sentiment": "negative", "time": "Mon Nov 21 23:41:39 +0000 2016"}
{"polarity": 0.0, "location": "San Diego, CA", "sentiment": "neutral", "time": "Mon Nov 21 23:41:43 +0000 2016"}
{"polarity": 0.0, "location": "Seattle, WA", "sentiment": "neutral", "time": "Mon Nov 21 23:41:44 +0000 2016"}
{"polarity": 0.5, "location": "San Diego, CA", "sentiment": "positive", "time": "Mon Nov 21 23:41:45 +0000 2016"}
{"polarity": 0.13636363636363635, "location": "Portland, OR", "sentiment": "positive", "time": "Mon Nov 21 23:41:48 +0000 2016"}
{"polarity": 0.0, "location": "Boston, MA", "sentiment": "neutral", "time": "Mon Nov 21 23:41:49 +0000 2016"}
{"polarity": 0.0, "location": "San Diego, CA", "sentiment": "neutral", "time": "Mon Nov 21 23:41:51 +0000 2016"}
{"polarity": 0.0, "location": "New York, NY", "sentiment": "neutral", "time": "Mon Nov 21 23:41:55 +0000 2016"}
{"polarity": -0.1, "location": "New York, NY", "sentiment": "negative", "time": "Mon Nov 21 23:27:00 +0000 2016"}
{"polarity": -0.8, "location": "New York, NY", "sentiment": "negative", "time": "Mon Nov 21 23:27:03 +0000 2016"}
{"polarity": 0.0, "location": "Seattle, WA", "sentiment": "neutral", "time": "Mon Nov 21 23:27:07 +0000 2016"}
{"polarity": 0.0, "location": "San Diego, CA", "sentiment": "neutral", "time": "Mon Nov 21 23:27:13 +0000 2016"}
{"polarity": 0.0, "location": "Phoenix, AZ", "sentiment": "neutral", "time": "Mon Nov 21 23:27:13 +0000 2016"}
{"polarity": 0.0, "location": "Boston, MA", "sentiment": "neutral", "time": "Mon Nov 21 23:27:13 +0000 2016"}
{"polarity": 0.0, "location": "New York, NY", "sentiment": "neutral", "time": "Mon Nov 21 23:27:17 +0000 2016"}
{"polarity": 0.39285714285714285, "location": "Atlanta, GA", "sentiment": "positive", "time": "Mon Nov 21 23:27:34 +0000 2016"}
{"polarity": -0.25, "location": "Seattle, WA", "sentiment": "negative", "time": "Mon Nov 21 23:27:35 +0000 2016"}
{"polarity": 0.0, "location": "Atlanta, GA", "sentiment": "neutral", "time": "Mon Nov 21 23:27:44 +0000 2016"}
{"polarity": -0.25, "location": "Seattle, WA", "sentiment": "negative", "time": "Mon Nov 21 23:27:46 +0000 2016"}
{"polarity": 0.0, "location": "New York, NY", "sentiment": "neutral", "time": "Mon Nov 21 23:27:47 +0000 2016"}
{"polarity": 0.0, "location": "New York, NY", "sentiment": "neutral", "time": "Mon Nov 21 23:27:49 +0000 2016"}
{"polarity": 0.1433862433862434, "location": "Atlanta, GA", "sentiment": "positive", "time": "Mon Nov 21 23:27:49 +0000 2016"}
{"polarity": 0.0, "location": "Atlanta, GA", "sentiment": "neutral", "time": "Mon Nov 21 23:57:01 +0000 2016"}
{"polarity": 0.0, "location": "San Diego, CA", "sentiment": "neutral", "time": "Mon Nov 21 23:57:02 +0000 2016"}
{"polarity": 0.0, "location": "Atlanta, GA", "sentiment": "neutral", "time": "Mon Nov 21 23:57:08 +0000 2016"}
{"polarity": 0.0, "location": "New York, NY", "sentiment": "neutral", "time": "Mon Nov 21 23:57:08 +0000 2016"}
{"polarity": 0.07500000000000001, "location": "New York, NY", "sentiment": "positive", "time": "Mon Nov 21 23:57:09 +0000 2016"}
{"polarity": 0.0, "location": "Seattle, WA", "sentiment": "neutral", "time": "Mon Nov 21 23:57:10 +0000 2016"}
{"polarity": 0.7, "location": "New York, NY", "sentiment": "positive", "time": "Mon Nov 21 23:57:15 +0000 2016"}
{"polarity": 0.30625, "location": "Atlanta, GA", "sentiment": "positive", "time": "Mon Nov 21 23:57:20 +0000 2016"}
{"polarity": 0.0, "location": "St. Louis, MO", "sentiment": "neutral", "time": "Mon Nov 21 23:57:23 +0000 2016"}
{"polarity": 0.5, "location": "Atlanta, GA", "sentiment": "positive", "time": "Mon Nov 21 23:57:28 +0000 2016"}
{"polarity": 0.4, "location": "Seattle, WA", "sentiment": "positive", "time": "Mon Nov 21 23:57:36 +0000 2016"}
{"polarity": 1.0, "location": "Portland, OR", "sentiment": "positive", "time": "Mon Nov 21 23:57:44 +0000 2016"}
{"polarity": 0.4375, "location": "Boston, MA", "sentiment": "positive", "time": "Mon Nov 21 23:57:46 +0000 2016"}
{"polarity": -0.35, "location": "Atlanta, GA", "sentiment": "negative", "time": "Mon Nov 21 23:57:49 +0000 2016"}
{"polarity": -0.6, "location": "Atlanta, GA", "sentiment": "negative", "time": "Mon Nov 21 23:57:52 +0000 2016"}
{"polarity": 0.0, "location": "New York, NY", "sentiment": "neutral", "time": "Mon Nov 21 23:57:53 +0000 2016"}
{"polarity": 0.0, "location": "Seattle, WA", "sentiment": "neutral", "time": "Mon Nov 21 23:57:53 +0000 2016"}
{"polarity": 0.0, "location": "New York, NY", "sentiment": "neutral", "time": "Mon Nov 21 23:26:01 +0000 2016"}
{"polarity": 0.0, "location": "Atlanta, GA", "sentiment": "neutral", "time": "Mon Nov 21 23:26:03 +0000 2016"}
{"polarity": 0.0, "location": "Atlanta, GA", "sentiment": "neutral", "time": "Mon Nov 21 23:26:17 +0000 2016"}
{"polarity": 0.0, "location": "Seattle, WA", "sentiment": "neutral", "time": "Mon Nov 21 23:26:17 +0000 2016"}
{"polarity": -0.2, "location": "New York, NY", "sentiment": "negative", "time": "Mon Nov 21 23:26:18 +0000 2016"}
{"polarity": 0.0, "location": "Atlanta, GA", "sentiment": "neutral", "time": "Mon Nov 21 23:26:26 +0000 2016"}
{"polarity": 0.05, "location": "Seattle, WA", "sentiment": "positive", "time": "Mon Nov 21 23:26:27 +0000 2016"}
{"polarity": 0.25, "location": "Atlanta, GA", "sentiment": "positive", "time": "Mon Nov 21 23:26:34 +0000 2016"}
{"polarity": 0.20833333333333334, "location": "New York, NY", "sentiment": "positive", "time": "Mon Nov 21 23:26:34 +0000 2016"}
{"polarity": 0.25, "location": "New York, NY", "sentiment": "positive", "time": "Mon Nov 21 23:26:37 +0000 2016"}
{"polarity": 0.5, "location": "Boston, MA", "sentiment": "positive", "time": "Mon Nov 21 23:26:44 +0000 2016"}
{"polarity": 0.2, "location": "New York, NY", "sentiment": "positive", "time": "Mon Nov 21 23:26:54 +0000 2016"}
{"polarity": 0.2708333333333333, "location": "Seattle, WA", "sentiment": "positive", "time": "Mon Nov 21 23:58:02 +0000 2016"}
{"polarity": 0.0, "location": "Boston, MA", "sentiment": "neutral", "time": "Mon Nov 21 23:58:05 +0000 2016"}
{"polarity": 0.0, "location": "New York, NY", "sentiment": "neutral", "time": "Mon Nov 21 23:58:14 +0000 2016"}
{"polarity": 0.0, "location": "Atlanta, GA", "sentiment": "neutral", "time": "Mon Nov 21 23:58:17 +0000 2016"}
{"polarity": 0.03333333333333333, "location": "Atlanta, GA", "sentiment": "positive", "time": "Mon Nov 21 23:58:19 +0000 2016"}
{"polarity": 0.5, "location": "Atlanta, GA", "sentiment": "positive", "time": "Mon Nov 21 23:58:22 +0000 2016"}
{"polarity": 0.0, "location": "Atlanta, GA", "sentiment": "neutral", "time": "Mon Nov 21 23:58:30 +0000 2016"}
{"polarity": -0.8, "location": "Atlanta, GA", "sentiment": "negative", "time": "Mon Nov 21 23:58:32 +0000 2016"}
{"polarity": 0.0, "location": "New York, NY", "sentiment": "neutral", "time": "Mon Nov 21 23:58:37 +0000 2016"}
{"polarity": 0.0, "location": "Boston, MA", "sentiment": "neutral", "time": "Mon Nov 21 23:58:42 +0000 2016"}
{"polarity": 0.09999999999999999, "location": "New York, NY", "sentiment": "positive", "time": "Mon Nov 21 23:58:46 +0000 2016"}
{"polarity": 0.0, "location": "Orlando, FL", "sentiment": "neutral", "time": "Mon Nov 21 23:58:46 +0000 2016"}
{"polarity": 0.0, "location": "Orlando, FL", "sentiment": "neutral", "time": "Mon Nov 21 23:58:52 +0000 2016"}
{"polarity": 0.0, "location": "New York, NY", "sentiment": "neutral", "time": "Mon Nov 21 23:58:54 +0000 2016"}
{"polarity": -0.05714285714285716, "location": "Boston, MA", "sentiment": "negative", "time": "Mon Nov 21 23:58:55 +0000 2016"}
{"polarity": -0.16666666666666666, "location": "Boston, MA", "sentiment": "negative", "time": "Mon Nov 21 23:58:58 +0000 2016"}
{"polarity": 0.0, "location": "Phoenix, AZ", "sentiment": "neutral", "time": "Mon Nov 21 23:42:10 +0000 2016"}
{"polarity": 0.0, "location": "Atlanta, GA", "sentiment": "neutral", "time": "Mon Nov 21 23:42:14 +0000 2016"}
{"polarity": 0.22142857142857145, "location": "Atlanta, GA", "sentiment": "positive", "time": "Mon Nov 21 23:42:22 +0000 2016"}
{"polarity": 0.0, "location": "Seattle, WA", "sentiment": "neutral", "time": "Mon Nov 21 23:42:27 +0000 2016"}
{"polarity": 0.35874999999999996, "location": "Atlanta, GA", "sentiment": "positive", "time": "Mon Nov 21 23:42:34 +0000 2016"}
{"polarity": -0.2, "location": "New York, NY", "sentiment": "negative", "time": "Mon Nov 21 23:42:35 +0000 2016"}
{"polarity": 0.5, "location": "Seattle, WA", "sentiment": "positive", "time": "Mon Nov 21 23:42:35 +0000 2016"}
{"polarity": 0.0, "location": "Atlanta, GA", "sentiment": "neutral", "time": "Mon Nov 21 23:42:38 +0000 2016"}
{"polarity": 0.0, "location": "Atlanta, GA", "sentiment": "neutral", "time": "Mon Nov 21 23:42:53 +0000 2016"}
{"polarity": 0.8, "location": "Atlanta, GA", "sentiment": "positive", "time": "Mon Nov 21 23:42:53 +0000 2016"}
{"polarity": 0.21428571428571427, "location": "Seattle, WA", "sentiment": "positive", "time": "Mon Nov 21 23:42:59 +0000 2016"}
{"polarity": 0.40909090909090906, "location": "San Diego, CA", "sentiment": "positive", "time": "Mon Nov 21 23:50:04 +0000 2016"}
{"polarity": 0.14285714285714285, "location": "New York, NY", "sentiment": "positive", "time": "Mon Nov 21 23:50:05 +0000 2016"}
{"polarity": 0.0625, "location": "New York, NY", "sentiment": "positive", "time": "Mon Nov 21 23:50:06 +0000 2016"}
{"polarity": 0.03888888888888888, "location": "Seattle, WA", "sentiment": "positive", "time": "Mon Nov 21 23:50:07 +0000 2016"}
{"polarity": 0.16666666666666666, "location": "Phoenix, AZ", "sentiment": "positive", "time": "Mon Nov 21 23:50:15 +0000 2016"}
{"polarity": 0.16190476190476188, "location": "New York, NY", "sentiment": "positive", "time": "Mon Nov 21 23:50:18 +0000 2016"}
{"polarity": 0.05, "location": "San Diego, CA", "sentiment": "positive", "time": "Mon Nov 21 23:50:21 +0000 2016"}
{"polarity": 0.4, "location": "Atlanta, GA", "sentiment": "positive", "time": "Mon Nov 21 23:50:22 +0000 2016"}
{"polarity": 0.0, "location": "Atlanta, GA", "sentiment": "neutral", "time": "Mon Nov 21 23:50:29 +0000 2016"}
{"polarity": -0.11666666666666668, "location": "Seattle, WA", "sentiment": "negative", "time": "Mon Nov 21 23:50:35 +0000 2016"}
{"polarity": 0.2857142857142857, "location": "Phoenix, AZ", "sentiment": "positive", "time": "Mon Nov 21 23:50:35 +0000 2016"}
{"polarity": -0.8, "location": "New York, NY", "sentiment": "negative", "time": "Mon Nov 21 23:50:36 +0000 2016"}
{"polarity": 0.0, "location": "Atlanta, GA", "sentiment": "neutral", "time": "Mon Nov 21 23:50:49 +0000 2016"}
{"polarity": 0.0, "location": "Atlanta, GA", "sentiment": "neutral", "time": "Mon Nov 21 23:50:52 +0000 2016"}
{"polarity": -0.3875, "location": "Boston, MA", "sentiment": "negative", "time": "Mon Nov 21 23:15:09 +0000 2016"}
{"polarity": -0.2, "location": "New York, NY", "sentiment": "negative", "time": "Mon Nov 21 23:15:23 +0000 2016"}
{"polarity": 0.0, "location": "New York, NY", "sentiment": "neutral", "time": "Mon Nov 21 23:15:27 +0000 2016"}
{"polarity": 0.0, "location": "New York, NY", "sentiment": "neutral", "time": "Mon Nov 21 23:15:27 +0000 2016"}
{"polarity": 0.0, "location": "Atlanta, GA", "sentiment": "neutral", "time": "Mon Nov 21 23:15:29 +0000 2016"}
{"polarity": 0.0, "location": "Phoenix, AZ", "sentiment": "neutral", "time": "Mon Nov 21 23:15:34 +0000 2016"}
{"polarity": 0.29145951704545453, "location": "Atlanta, GA", "sentiment": "positive", "time": "Mon Nov 21 23:15:46 +0000 2016"}
{"polarity": 0.0, "location": "Atlanta, GA", "sentiment": "neutral", "time": "Mon Nov 21 23:15:50 +0000 2016"}
{"polarity": 0.3, "location": "Seattle, WA", "sentiment": "positive", "time": "Mon Nov 21 23:15:50 +0000 2016"}
{"polarity": 0.4166666666666667, "location": "San Diego, CA", "sentiment": "positive", "time": "Mon Nov 21 23:38:12 +0000 2016"}
{"polarity": 0.21428571428571427, "location": "New York, NY", "sentiment": "positive", "time": "Mon Nov 21 23:38:22 +0000 2016"}
{"polarity": -0.4380952380952381, "location": "Atlanta, GA", "sentiment": "negative", "time": "Mon Nov 21 23:38:27 +0000 2016"}
{"polarity": 0.0, "location": "Seattle, WA", "sentiment": "neutral", "time": "Mon Nov 21 23:38:29 +0000 2016"}
{"polarity": 0.0, "location": "Orlando, FL", "sentiment": "neutral", "time": "Mon Nov 21 23:38:54 +0000 2016"}
{"polarity": 0.5, "location": "New York, NY", "sentiment": "positive", "time": "Mon Nov 21 23:38:55 +0000 2016"}
{"polarity": 0.0, "location": "Atlanta, GA", "sentiment": "neutral", "time": "Mon Nov 21 23:21:02 +0000 2016"}
{"polarity": 0.13636363636363635, "location": "Atlanta, GA", "sentiment": "positive", "time": "Mon Nov 21 23:21:08 +0000 2016"}
{"polarity": 0.0, "location": "Boston, MA", "sentiment": "neutral", "time": "Mon Nov 21 23:21:12 +0000 2016"}
{"polarity": 0.0, "location": "Portland, OR", "sentiment": "neutral", "time": "Mon Nov 21 23:21:14 +0000 2016"}
{"polarity": 0.0, "location": "Orlando, FL", "sentiment": "neutral", "time": "Mon Nov 21 23:21:21 +0000 2016"}
{"polarity": 0.0, "location": "New York, NY", "sentiment": "neutral", "time": "Mon Nov 21 23:21:23 +0000 2016"}
{"polarity": -0.625, "location": "Atlanta, GA", "sentiment": "negative", "time": "Mon Nov 21 23:21:24 +0000 2016"}
{"polarity": 0.5, "location": "Boston, MA", "sentiment": "positive", "time": "Mon Nov 21 23:21:34 +0000 2016"}
{"polarity": 0.0, "location": "Atlanta, GA", "sentiment": "neutral", "time": "Mon Nov 21 23:21:36 +0000 2016"}
{"polarity": 0.0, "location": "Seattle, WA", "sentiment": "neutral", "time": "Mon Nov 21 23:21:53 +0000 2016"}
{"polarity": -0.033333333333333326, "location": "Phoenix, AZ", "sentiment": "negative", "time": "Mon Nov 21 23:21:56 +0000 2016"}
{"polarity": 0.5, "location": "New York, NY", "sentiment": "positive", "time": "Mon Nov 21 23:21:58 +0000 2016"}
{"polarity": 0.3, "location": "New York, NY", "sentiment": "positive", "time": "Mon Nov 21 23:17:00 +0000 2016"}
{"polarity": 0.0, "location": "Boston, MA", "sentiment": "neutral", "time": "Mon Nov 21 23:17:11 +0000 2016"}
{"polarity": 0.0, "location": "St. Louis, MO", "sentiment": "neutral", "time": "Mon Nov 21 23:17:12 +0000 2016"}
{"polarity": 0.5, "location": "Portland, OR", "sentiment": "positive", "time": "Mon Nov 21 23:17:12 +0000 2016"}
{"polarity": 0.5, "location": "Portland, OR", "sentiment": "positive", "time": "Mon Nov 21 23:17:22 +0000 2016"}
{"polarity": 0.5, "location": "Atlanta, GA", "sentiment": "positive", "time": "Mon Nov 21 23:17:23 +0000 2016"}
{"polarity": 0.8, "location": "Orlando, FL", "sentiment": "positive", "time": "Mon Nov 21 23:17:38 +0000 2016"}
{"polarity": 0.0, "location": "St. Louis, MO", "sentiment": "neutral", "time": "Mon Nov 21 23:17:42 +0000 2016"}
{"polarity": 0.0, "location": "New York, NY", "sentiment": "neutral", "time": "Mon Nov 21 23:17:45 +0000 2016"}
{"polarity": -0.5, "location": "Orlando, FL", "sentiment": "negative", "time": "Mon Nov 21 23:17:28 +0000 2016"}
{"polarity": 1.0, "location": "Phoenix, AZ", "sentiment": "positive", "time": "Mon Nov 21 23:17:53 +0000 2016"}
{"polarity": 0.0, "location": "San Diego, CA", "sentiment": "neutral", "time": "Mon Nov 21 23:17:56 +0000 2016"}
{"polarity": 0.0, "location": "Atlanta, GA", "sentiment": "neutral", "time": "Mon Nov 21 23:17:48 +0000 2016"}
{"polarity": 0.0, "location": "Atlanta, GA", "sentiment": "neutral", "time": "Mon Nov 21 23:17:59 +0000 2016"}
{"polarity": 0.0, "location": "Orlando, FL", "sentiment": "neutral", "time": "Mon Nov 21 23:12:23 +0000 2016"}
{"polarity": 0.0, "location": "Orlando, FL", "sentiment": "neutral", "time": "Mon Nov 21 23:12:33 +0000 2016"}
{"polarity": 0.0, "location": "Boston, MA", "sentiment": "neutral", "time": "Mon Nov 21 23:12:45 +0000 2016"}
{"polarity": 0.09375, "location": "Atlanta, GA", "sentiment": "positive", "time": "Mon Nov 21 23:12:52 +0000 2016"}
{"polarity": 0.6523809523809524, "location": "New York, NY", "sentiment": "positive", "time": "Mon Nov 21 23:12:56 +0000 2016"}
{"polarity": 0.19999999999999998, "location": "Portland, OR", "sentiment": "positive", "time": "Mon Nov 21 23:29:03 +0000 2016"}
{"polarity": 0.55, "location": "Boston, MA", "sentiment": "positive", "time": "Mon Nov 21 23:29:07 +0000 2016"}
{"polarity": -0.07083333333333335, "location": "Boston, MA", "sentiment": "negative", "time": "Mon Nov 21 23:29:11 +0000 2016"}
{"polarity": -0.2125, "location": "New York, NY", "sentiment": "negative", "time": "Mon Nov 21 23:29:22 +0000 2016"}
{"polarity": 0.4, "location": "Boston, MA", "sentiment": "positive", "time": "Mon Nov 21 23:29:26 +0000 2016"}
{"polarity": 0.0, "location": "Atlanta, GA", "sentiment": "neutral", "time": "Mon Nov 21 23:29:27 +0000 2016"}
{"polarity": 0.0, "location": "New York, NY", "sentiment": "neutral", "time": "Mon Nov 21 23:29:38 +0000 2016"}
{"polarity": 0.125, "location": "Atlanta, GA", "sentiment": "positive", "time": "Mon Nov 21 23:29:41 +0000 2016"}
{"polarity": 0.0, "location": "Atlanta, GA", "sentiment": "neutral", "time": "Mon Nov 21 23:29:44 +0000 2016"}
{"polarity": 0.0, "location": "Portland, OR", "sentiment": "neutral", "time": "Mon Nov 21 23:29:50 +0000 2016"}
{"polarity": 0.35, "location": "San Diego, CA", "sentiment": "positive", "time": "Mon Nov 21 23:18:00 +0000 2016"}
{"polarity": -0.6, "location": "Phoenix, AZ", "sentiment": "negative", "time": "Mon Nov 21 23:18:04 +0000 2016"}
{"polarity": 0.0, "location": "Atlanta, GA", "sentiment": "neutral", "time": "Mon Nov 21 23:18:07 +0000 2016"}
{"polarity": -0.5, "location": "Atlanta, GA", "sentiment": "negative", "time": "Mon Nov 21 23:18:09 +0000 2016"}
{"polarity": 0.0, "location": "San Diego, CA", "sentiment": "neutral", "time": "Mon Nov 21 23:18:13 +0000 2016"}
{"polarity": 0.25, "location": "New York, NY", "sentiment": "positive", "time": "Mon Nov 21 23:18:27 +0000 2016"}
{"polarity": 0.0, "location": "New York, NY", "sentiment": "neutral", "time": "Mon Nov 21 23:18:29 +0000 2016"}
{"polarity": 0.0, "location": "Orlando, FL", "sentiment": "neutral", "time": "Mon Nov 21 23:18:38 +0000 2016"}
{"polarity": 0.625, "location": "Atlanta, GA", "sentiment": "positive", "time": "Mon Nov 21 23:18:44 +0000 2016"}
{"polarity": 0.0, "location": "Atlanta, GA", "sentiment": "neutral", "time": "Mon Nov 21 23:18:45 +0000 2016"}
{"polarity": -0.05312499999999998, "location": "Boston, MA", "sentiment": "negative", "time": "Mon Nov 21 23:18:45 +0000 2016"}
{"polarity": -0.0703125, "location": "Portland, OR", "sentiment": "negative", "time": "Mon Nov 21 23:18:46 +0000 2016"}
{"polarity": 0.0, "location": "New York, NY", "sentiment": "neutral", "time": "Mon Nov 21 23:18:51 +0000 2016"}
{"polarity": 0.0, "location": "Atlanta, GA", "sentiment": "neutral", "time": "Mon Nov 21 23:18:53 +0000 2016"}
{"polarity": -0.2, "location": "San Diego, CA", "sentiment": "negative", "time": "Mon Nov 21 23:18:56 +0000 2016"}
{"polarity": 0.5, "location": "Atlanta, GA", "sentiment": "positive", "time": "Mon Nov 21 23:18:59 +0000 2016"}
{"polarity": 0.1, "location": "Atlanta, GA", "sentiment": "positive", "time": "Mon Nov 21 23:46:03 +0000 2016"}
{"polarity": 0.0, "location": "Orlando, FL", "sentiment": "neutral", "time": "Mon Nov 21 23:46:03 +0000 2016"}
{"polarity": 0.0, "location": "Atlanta, GA", "sentiment": "neutral", "time": "Mon Nov 21 23:46:18 +0000 2016"}
{"polarity": -0.4, "location": "New York, NY", "sentiment": "negative", "time": "Mon Nov 21 23:46:19 +0000 2016"}
{"polarity": 0.0, "location": "New York, NY", "sentiment": "neutral", "time": "Mon Nov 21 23:46:21 +0000 2016"}
{"polarity": 0.5611111111111111, "location": "New York, NY", "sentiment": "positive", "time": "Mon Nov 21 23:46:29 +0000 2016"}
{"polarity": 0.2, "location": "New York, NY", "sentiment": "positive", "time": "Mon Nov 21 23:46:31 +0000 2016"}
{"polarity": 0.0, "location": "Portland, OR", "sentiment": "neutral", "time": "Mon Nov 21 23:46:35 +0000 2016"}
{"polarity": 0.0, "location": "Portland, OR", "sentiment": "neutral", "time": "Mon Nov 21 23:46:37 +0000 2016"}
{"polarity": 0.0, "location": "Atlanta, GA", "sentiment": "neutral", "time": "Mon Nov 21 23:46:55 +0000 2016"}
{"polarity": 0.0, "location": "Atlanta, GA", "sentiment": "neutral", "time": "Mon Nov 21 23:00:11 +0000 2016"}
{"polarity": 0.0, "location": "San Diego, CA", "sentiment": "neutral", "time": "Mon Nov 21 23:00:14 +0000 2016"}
{"polarity": 0.0, "location": "Atlanta, GA", "sentiment": "neutral", "time": "Mon Nov 21 23:00:15 +0000 2016"}
{"polarity": 0.0, "location": "San Diego, CA", "sentiment": "neutral", "time": "Mon Nov 21 23:00:18 +0000 2016"}
{"polarity": 0.0, "location": "Orlando, FL", "sentiment": "neutral", "time": "Mon Nov 21 23:00:23 +0000 2016"}
{"polarity": 1.0, "location": "Atlanta, GA", "sentiment": "positive", "time": "Mon Nov 21 23:00:23 +0000 2016"}
{"polarity": -0.19444444444444442, "location": "Boston, MA", "sentiment": "negative", "time": "Mon Nov 21 23:00:29 +0000 2016"}
{"polarity": 0.0, "location": "Phoenix, AZ", "sentiment": "neutral", "time": "Mon Nov 21 23:00:37 +0000 2016"}
{"polarity": 0.0, "location": "New York, NY", "sentiment": "neutral", "time": "Mon Nov 21 23:00:37 +0000 2016"}
{"polarity": 0.0, "location": "Boston, MA", "sentiment": "neutral", "time": "Mon Nov 21 23:00:49 +0000 2016"}
{"polarity": 0.3, "location": "San Diego, CA", "sentiment": "positive", "time": "Mon Nov 21 23:00:52 +0000 2016"}
{"polarity": 0.06818181818181818, "location": "Atlanta, GA", "sentiment": "positive", "time": "Mon Nov 21 23:00:56 +0000 2016"}
{"polarity": 0.6000000000000001, "location": "Seattle, WA", "sentiment": "positive", "time": "Mon Nov 21 23:00:58 +0000 2016"}
{"polarity": 0.5, "location": "Seattle, WA", "sentiment": "positive", "time": "Mon Nov 21 23:00:59 +0000 2016"}
{"polarity": 0.0, "location": "San Diego, CA", "sentiment": "neutral", "time": "Mon Nov 21 23:00:59 +0000 2016"}
{"polarity": 0.0, "location": "Seattle, WA", "sentiment": "neutral", "time": "Mon Nov 21 23:34:06 +0000 2016"}
{"polarity": 0.0, "location": "Seattle, WA", "sentiment": "neutral", "time": "Mon Nov 21 23:34:08 +0000 2016"}
{"polarity": -0.0625, "location": "New York, NY", "sentiment": "negative", "time": "Mon Nov 21 23:34:15 +0000 2016"}
{"polarity": 0.0, "location": "New York, NY", "sentiment": "neutral", "time": "Mon Nov 21 23:34:26 +0000 2016"}
{"polarity": 0.0, "location": "Portland, OR", "sentiment": "neutral", "time": "Mon Nov 21 23:34:35 +0000 2016"}
{"polarity": 0.0, "location": "Orlando, FL", "sentiment": "neutral", "time": "Mon Nov 21 23:34:42 +0000 2016"}
{"polarity": 0.0, "location": "Atlanta, GA", "sentiment": "neutral", "time": "Mon Nov 21 23:34:44 +0000 2016"}
{"polarity": 0.0, "location": "Atlanta, GA", "sentiment": "neutral", "time": "Mon Nov 21 23:34:47 +0000 2016"}
{"polarity": 0.2, "location": "Seattle, WA", "sentiment": "positive", "time": "Mon Nov 21 23:34:50 +0000 2016"}
{"polarity": 0.0, "location": "San Diego, CA", "sentiment": "neutral", "time": "Mon Nov 21 23:34:55 +0000 2016"}
{"polarity": 0.0, "location": "San Diego, CA", "sentiment": "neutral", "time": "Mon Nov 21 23:05:00 +0000 2016"}
{"polarity": 0.8125, "location": "Orlando, FL", "sentiment": "positive", "time": "Mon Nov 21 23:05:08 +0000 2016"}
{"polarity": -0.3125, "location": "San Diego, CA", "sentiment": "negative", "time": "Mon Nov 21 23:05:11 +0000 2016"}
{"polarity": 0.5, "location": "Seattle, WA", "sentiment": "positive", "time": "Mon Nov 21 23:05:13 +0000 2016"}
{"polarity": 0.24285714285714285, "location": "Atlanta, GA", "sentiment": "positive", "time": "Mon Nov 21 23:05:19 +0000 2016"}
{"polarity": 0.5, "location": "Portland, OR", "sentiment": "positive", "time": "Mon Nov 21 23:05:20 +0000 2016"}
{"polarity": -0.125, "location": "New York, NY", "sentiment": "negative", "time": "Mon Nov 21 23:05:27 +0000 2016"}
{"polarity": -1.0, "location": "Atlanta, GA", "sentiment": "negative", "time": "Mon Nov 21 23:05:33 +0000 2016"}
{"polarity": 0.0, "location": "San Diego, CA", "sentiment": "neutral", "time": "Mon Nov 21 23:05:33 +0000 2016"}
{"polarity": 0.06666666666666667, "location": "Boston, MA", "sentiment": "positive", "time": "Mon Nov 21 23:05:36 +0000 2016"}
{"polarity": 0.0, "location": "Seattle, WA", "sentiment": "neutral", "time": "Mon Nov 21 23:05:38 +0000 2016"}
{"polarity": 0.4928571428571428, "location": "Orlando, FL", "sentiment": "positive", "time": "Mon Nov 21 23:05:40 +0000 2016"}
{"polarity": 0.0, "location": "San Diego, CA", "sentiment": "neutral", "time": "Mon Nov 21 23:05:48 +0000 2016"}
{"polarity": 0.2, "location": "San Diego, CA", "sentiment": "positive", "time": "Mon Nov 21 23:05:52 +0000 2016"}
{"polarity": 0.0, "location": "Portland, OR", "sentiment": "neutral", "time": "Mon Nov 21 23:05:58 +0000 2016"}
{"polarity": 0.2, "location": "Atlanta, GA", "sentiment": "positive", "time": "Mon Nov 21 23:11:01 +0000 2016"}
{"polarity": 0.6103515625, "location": "Atlanta, GA", "sentiment": "positive", "time": "Mon Nov 21 23:11:02 +0000 2016"}
{"polarity": 0.7, "location": "Orlando, FL", "sentiment": "positive", "time": "Mon Nov 21 23:11:07 +0000 2016"}
{"polarity": 0.0, "location": "Boston, MA", "sentiment": "neutral", "time": "Mon Nov 21 23:11:13 +0000 2016"}
{"polarity": 0.48888888888888893, "location": "Atlanta, GA", "sentiment": "positive", "time": "Mon Nov 21 23:11:19 +0000 2016"}
{"polarity": 0.0, "location": "Atlanta, GA", "sentiment": "neutral", "time": "Mon Nov 21 23:11:21 +0000 2016"}
{"polarity": 0.0, "location": "New York, NY", "sentiment": "neutral", "time": "Mon Nov 21 23:11:22 +0000 2016"}
{"polarity": 0.0, "location": "Seattle, WA", "sentiment": "neutral", "time": "Mon Nov 21 23:11:26 +0000 2016"}
{"polarity": 0.0, "location": "Seattle, WA", "sentiment": "neutral", "time": "Mon Nov 21 23:11:27 +0000 2016"}
{"polarity": -0.20833333333333334, "location": "Atlanta, GA", "sentiment": "negative", "time": "Mon Nov 21 23:11:41 +0000 2016"}
{"polarity": 0.0, "location": "Seattle, WA", "sentiment": "neutral", "time": "Mon Nov 21 23:56:11 +0000 2016"}
{"polarity": 0.625, "location": "Phoenix, AZ", "sentiment": "positive", "time": "Mon Nov 21 23:56:12 +0000 2016"}
{"polarity": 0.0, "location": "New York, NY", "sentiment": "neutral", "time": "Mon Nov 21 23:56:15 +0000 2016"}
{"polarity": -0.05, "location": "Atlanta, GA", "sentiment": "negative", "time": "Mon Nov 21 23:56:17 +0000 2016"}
{"polarity": 0.17045454545454544, "location": "Boston, MA", "sentiment": "positive", "time": "Mon Nov 21 23:56:18 +0000 2016"}
{"polarity": 0.0, "location": "Boston, MA", "sentiment": "neutral", "time": "Mon Nov 21 23:56:25 +0000 2016"}
{"polarity": -0.033333333333333326, "location": "New York, NY", "sentiment": "negative", "time": "Mon Nov 21 23:56:26 +0000 2016"}
{"polarity": 0.0, "location": "Orlando, FL", "sentiment": "neutral", "time": "Mon Nov 21 23:56:29 +0000 2016"}
{"polarity": 0.2, "location": "Atlanta, GA", "sentiment": "positive", "time": "Mon Nov 21 23:56:32 +0000 2016"}
{"polarity": 0.0, "location": "San Diego, CA", "sentiment": "neutral", "time": "Mon Nov 21 23:56:38 +0000 2016"}
{"polarity": 0.2, "location": "New York, NY", "sentiment": "positive", "time": "Mon Nov 21 23:56:40 +0000 2016"}
{"polarity": 0.0, "location": "Atlanta, GA", "sentiment": "neutral", "time": "Mon Nov 21 23:56:42 +0000 2016"}
{"polarity": 1.0, "location": "Portland, OR", "sentiment": "positive", "time": "Mon Nov 21 23:56:45 +0000 2016"}
{"polarity": 0.0, "location": "San Diego, CA", "sentiment": "neutral", "time": "Mon Nov 21 23:56:48 +0000 2016"}
{"polarity": 0.0, "location": "New York, NY", "sentiment": "neutral", "time": "Mon Nov 21 23:47:00 +0000 2016"}
{"polarity": 0.19166666666666668, "location": "Orlando, FL", "sentiment": "positive", "time": "Mon Nov 21 23:47:02 +0000 2016"}
{"polarity": 0.0, "location": "Atlanta, GA", "sentiment": "neutral", "time": "Mon Nov 21 23:47:10 +0000 2016"}
{"polarity": 0.0, "location": "Atlanta, GA", "sentiment": "neutral", "time": "Mon Nov 21 23:47:14 +0000 2016"}
{"polarity": 0.0, "location": "Atlanta, GA", "sentiment": "neutral", "time": "Mon Nov 21 23:47:16 +0000 2016"}
{"polarity": 0.21818181818181817, "location": "Seattle, WA", "sentiment": "positive", "time": "Mon Nov 21 23:47:17 +0000 2016"}
{"polarity": -0.5, "location": "Seattle, WA", "sentiment": "negative", "time": "Mon Nov 21 23:47:19 +0000 2016"}
{"polarity": 0.0, "location": "Atlanta, GA", "sentiment": "neutral", "time": "Mon Nov 21 23:47:20 +0000 2016"}
{"polarity": 0.0, "location": "Phoenix, AZ", "sentiment": "neutral", "time": "Mon Nov 21 23:47:21 +0000 2016"}
{"polarity": 0.0, "location": "Seattle, WA", "sentiment": "neutral", "time": "Mon Nov 21 23:47:32 +0000 2016"}
{"polarity": 0.0, "location": "Portland, OR", "sentiment": "neutral", "time": "Mon Nov 21 23:47:33 +0000 2016"}
{"polarity": 0.4, "location": "Atlanta, GA", "sentiment": "positive", "time": "Mon Nov 21 23:47:36 +0000 2016"}
{"polarity": 0.4375, "location": "Seattle, WA", "sentiment": "positive", "time": "Mon Nov 21 23:47:42 +0000 2016"}
{"polarity": 0.2102272727272727, "location": "New York, NY", "sentiment": "positive", "time": "Mon Nov 21 23:47:49 +0000 2016"}
{"polarity": -0.5, "location": "Atlanta, GA", "sentiment": "negative", "time": "Mon Nov 21 23:47:58 +0000 2016"}
{"polarity": 0.0, "location": "Orlando, FL", "sentiment": "neutral", "time": "Mon Nov 21 23:52:01 +0000 2016"}
{"polarity": 0.0, "location": "Orlando, FL", "sentiment": "neutral", "time": "Mon Nov 21 23:52:06 +0000 2016"}
{"polarity": 0.0, "location": "Boston, MA", "sentiment": "neutral", "time": "Mon Nov 21 23:52:08 +0000 2016"}
{"polarity": 0.0, "location": "Atlanta, GA", "sentiment": "neutral", "time": "Mon Nov 21 23:52:09 +0000 2016"}
{"polarity": 0.0, "location": "New York, NY", "sentiment": "neutral", "time": "Mon Nov 21 23:52:11 +0000 2016"}
{"polarity": 0.0, "location": "Orlando, FL", "sentiment": "neutral", "time": "Mon Nov 21 23:52:24 +0000 2016"}
{"polarity": 0.5, "location": "Seattle, WA", "sentiment": "positive", "time": "Mon Nov 21 23:52:47 +0000 2016"}
{"polarity": 0.0, "location": "Phoenix, AZ", "sentiment": "neutral", "time": "Mon Nov 21 23:52:47 +0000 2016"}
{"polarity": 0.0, "location": "Atlanta, GA", "sentiment": "neutral", "time": "Mon Nov 21 23:53:08 +0000 2016"}
{"polarity": -0.18181818181818182, "location": "Boston, MA", "sentiment": "negative", "time": "Mon Nov 21 23:53:15 +0000 2016"}
{"polarity": -0.041666666666666664, "location": "New York, NY", "sentiment": "negative", "time": "Mon Nov 21 23:53:20 +0000 2016"}
{"polarity": 0.0, "location": "New York, NY", "sentiment": "neutral", "time": "Mon Nov 21 23:53:26 +0000 2016"}
{"polarity": -0.3333333333333333, "location": "New York, NY", "sentiment": "negative", "time": "Mon Nov 21 23:53:27 +0000 2016"}
{"polarity": 0.0, "location": "Seattle, WA", "sentiment": "neutral", "time": "Mon Nov 21 23:53:30 +0000 2016"}
{"polarity": -0.5055555555555555, "location": "New York, NY", "sentiment": "negative", "time": "Mon Nov 21 23:53:30 +0000 2016"}
{"polarity": 0.0, "location": "Seattle, WA", "sentiment": "neutral", "time": "Mon Nov 21 23:53:35 +0000 2016"}
{"polarity": 0.7, "location": "San Diego, CA", "sentiment": "positive", "time": "Mon Nov 21 23:53:36 +0000 2016"}
{"polarity": 0.0, "location": "New York, NY", "sentiment": "neutral", "time": "Mon Nov 21 23:53:42 +0000 2016"}
{"polarity": 0.0, "location": "New York, NY", "sentiment": "neutral", "time": "Mon Nov 21 23:53:44 +0000 2016"}
{"polarity": 0.04999999999999999, "location": "New York, NY", "sentiment": "positive", "time": "Mon Nov 21 23:53:47 +0000 2016"}
{"polarity": 0.9921875, "location": "Orlando, FL", "sentiment": "positive", "time": "Mon Nov 21 23:53:50 +0000 2016"}
{"polarity": -0.02121212121212122, "location": "Portland, OR", "sentiment": "negative", "time": "Mon Nov 21 23:53:52 +0000 2016"}
{"polarity": 0.0, "location": "Atlanta, GA", "sentiment": "neutral", "time": "Mon Nov 21 23:53:55 +0000 2016"}
{"polarity": 0.0, "location": "San Diego, CA", "sentiment": "neutral", "time": "Mon Nov 21 23:53:58 +0000 2016"}
{"polarity": 0.0, "location": "Seattle, WA", "sentiment": "neutral", "time": "Mon Nov 21 23:02:00 +0000 2016"}
{"polarity": 0.0, "location": "San Diego, CA", "sentiment": "neutral", "time": "Mon Nov 21 23:02:01 +0000 2016"}
{"polarity": 0.0, "location": "San Diego, CA", "sentiment": "neutral", "time": "Mon Nov 21 23:02:16 +0000 2016"}
{"polarity": 0.0, "location": "Portland, OR", "sentiment": "neutral", "time": "Mon Nov 21 23:02:33 +0000 2016"}
{"polarity": 0.4, "location": "New York, NY", "sentiment": "positive", "time": "Mon Nov 21 23:02:34 +0000 2016"}
{"polarity": 0.0, "location": "Atlanta, GA", "sentiment": "neutral", "time": "Mon Nov 21 23:02:44 +0000 2016"}
{"polarity": 0.0, "location": "Seattle, WA", "sentiment": "neutral", "time": "Mon Nov 21 23:02:59 +0000 2016"}
{"polarity": 0.0, "location": "Atlanta, GA", "sentiment": "neutral", "time": "Mon Nov 21 23:48:06 +0000 2016"}
{"polarity": 0.5, "location": "Boston, MA", "sentiment": "positive", "time": "Mon Nov 21 23:48:08 +0000 2016"}
{"polarity": -0.19999999999999998, "location": "Seattle, WA", "sentiment": "negative", "time": "Mon Nov 21 23:48:08 +0000 2016"}
{"polarity": 0.2, "location": "Orlando, FL", "sentiment": "positive", "time": "Mon Nov 21 23:48:08 +0000 2016"}
{"polarity": 0.0, "location": "Atlanta, GA", "sentiment": "neutral", "time": "Mon Nov 21 23:48:22 +0000 2016"}
{"polarity": 0.85, "location": "Boston, MA", "sentiment": "positive", "time": "Mon Nov 21 23:48:27 +0000 2016"}
{"polarity": 0.175, "location": "Seattle, WA", "sentiment": "positive", "time": "Mon Nov 21 23:48:28 +0000 2016"}
{"polarity": 0.08333333333333334, "location": "San Diego, CA", "sentiment": "positive", "time": "Mon Nov 21 23:48:33 +0000 2016"}
{"polarity": 0.0, "location": "New York, NY", "sentiment": "neutral", "time": "Mon Nov 21 23:48:38 +0000 2016"}
{"polarity": 0.0, "location": "San Diego, CA", "sentiment": "neutral", "time": "Mon Nov 21 23:48:42 +0000 2016"}
{"polarity": 0.0, "location": "Atlanta, GA", "sentiment": "neutral", "time": "Mon Nov 21 23:48:42 +0000 2016"}
{"polarity": 0.0, "location": "Seattle, WA", "sentiment": "neutral", "time": "Mon Nov 21 23:48:42 +0000 2016"}
{"polarity": -0.04583333333333334, "location": "Boston, MA", "sentiment": "negative", "time": "Mon Nov 21 23:48:54 +0000 2016"}
{"polarity": 0.0, "location": "Portland, OR", "sentiment": "neutral", "time": "Mon Nov 21 23:48:59 +0000 2016"}
{"polarity": 0.0, "location": "New York, NY", "sentiment": "neutral", "time": "Mon Nov 21 23:25:02 +0000 2016"}
{"polarity": -0.1, "location": "Portland, OR", "sentiment": "negative", "time": "Mon Nov 21 23:25:15 +0000 2016"}
{"polarity": -0.25, "location": "Atlanta, GA", "sentiment": "negative", "time": "Mon Nov 21 23:25:16 +0000 2016"}
{"polarity": 0.0, "location": "New York, NY", "sentiment": "neutral", "time": "Mon Nov 21 23:25:18 +0000 2016"}
{"polarity": 0.0, "location": "Orlando, FL", "sentiment": "neutral", "time": "Mon Nov 21 23:25:20 +0000 2016"}
{"polarity": 0.0, "location": "Phoenix, AZ", "sentiment": "neutral", "time": "Mon Nov 21 23:25:29 +0000 2016"}
{"polarity": 0.0, "location": "Seattle, WA", "sentiment": "neutral", "time": "Mon Nov 21 23:25:33 +0000 2016"}
{"polarity": -0.5, "location": "Atlanta, GA", "sentiment": "negative", "time": "Mon Nov 21 23:25:49 +0000 2016"}
{"polarity": -0.15, "location": "Boston, MA", "sentiment": "negative", "time": "Mon Nov 21 23:25:51 +0000 2016"}
{"polarity": 0.0, "location": "Seattle, WA", "sentiment": "neutral", "time": "Mon Nov 21 23:16:00 +0000 2016"}
{"polarity": 0.0, "location": "New York, NY", "sentiment": "neutral", "time": "Mon Nov 21 23:16:07 +0000 2016"}
{"polarity": 0.7, "location": "San Diego, CA", "sentiment": "positive", "time": "Mon Nov 21 23:16:11 +0000 2016"}
{"polarity": -0.4, "location": "Boston, MA", "sentiment": "negative", "time": "Mon Nov 21 23:16:13 +0000 2016"}
{"polarity": 0.15, "location": "New York, NY", "sentiment": "positive", "time": "Mon Nov 21 23:16:24 +0000 2016"}
{"polarity": -0.2, "location": "New York, NY", "sentiment": "negative", "time": "Mon Nov 21 23:16:24 +0000 2016"}
{"polarity": -1.0, "location": "Seattle, WA", "sentiment": "negative", "time": "Mon Nov 21 23:16:36 +0000 2016"}
{"polarity": 0.0, "location": "Seattle, WA", "sentiment": "neutral", "time": "Mon Nov 21 23:16:36 +0000 2016"}
{"polarity": 0.0, "location": "New York, NY", "sentiment": "neutral", "time": "Mon Nov 21 23:16:36 +0000 2016"}
{"polarity": 0.10833333333333334, "location": "Orlando, FL", "sentiment": "positive", "time": "Mon Nov 21 23:16:39 +0000 2016"}
{"polarity": -0.041666666666666664, "location": "New York, NY", "sentiment": "negative", "time": "Mon Nov 21 23:14:05 +0000 2016"}
{"polarity": -0.041666666666666664, "location": "New York, NY", "sentiment": "negative", "time": "Mon Nov 21 23:14:05 +0000 2016"}
{"polarity": 0.0, "location": "New York, NY", "sentiment": "neutral", "time": "Mon Nov 21 23:14:34 +0000 2016"}
{"polarity": 0.0, "location": "New York, NY", "sentiment": "neutral", "time": "Mon Nov 21 23:14:35 +0000 2016"}
{"polarity": 0.33333333333333337, "location": "Seattle, WA", "sentiment": "positive", "time": "Mon Nov 21 23:14:36 +0000 2016"}
{"polarity": -0.0625, "location": "Orlando, FL", "sentiment": "negative", "time": "Mon Nov 21 23:14:54 +0000 2016"}
{"polarity": 0.13636363636363635, "location": "Boston, MA", "sentiment": "positive", "time": "Mon Nov 21 23:23:01 +0000 2016"}
{"polarity": 0.5681818181818181, "location": "Portland, OR", "sentiment": "positive", "time": "Mon Nov 21 23:23:04 +0000 2016"}
{"polarity": 0.5, "location": "Atlanta, GA", "sentiment": "positive", "time": "Mon Nov 21 23:23:24 +0000 2016"}
{"polarity": 0.0, "location": "New York, NY", "sentiment": "neutral", "time": "Mon Nov 21 23:23:25 +0000 2016"}
{"polarity": 0.0, "location": "Atlanta, GA", "sentiment": "neutral", "time": "Mon Nov 21 23:23:29 +0000 2016"}
{"polarity": 0.0, "location": "New York, NY", "sentiment": "neutral", "time": "Mon Nov 21 23:23:32 +0000 2016"}
{"polarity": 0.0, "location": "New York, NY", "sentiment": "neutral", "time": "Mon Nov 21 23:23:35 +0000 2016"}
{"polarity": 1.0, "location": "Phoenix, AZ", "sentiment": "positive", "time": "Mon Nov 21 23:23:43 +0000 2016"}
{"polarity": 0.375, "location": "New York, NY", "sentiment": "positive", "time": "Mon Nov 21 23:23:50 +0000 2016"}
{"polarity": 0.0, "location": "St. Louis, MO", "sentiment": "neutral", "time": "Mon Nov 21 23:23:56 +0000 2016"}
{"polarity": 0.0, "location": "Atlanta, GA", "sentiment": "neutral", "time": "Mon Nov 21 23:07:02 +0000 2016"}
{"polarity": -0.17499999999999996, "location": "Seattle, WA", "sentiment": "negative", "time": "Mon Nov 21 23:07:06 +0000 2016"}
{"polarity": -0.13181818181818183, "location": "Atlanta, GA", "sentiment": "negative", "time": "Mon Nov 21 23:07:12 +0000 2016"}
{"polarity": 0.0, "location": "Boston, MA", "sentiment": "neutral", "time": "Mon Nov 21 23:07:33 +0000 2016"}
{"polarity": 0.17045454545454544, "location": "Seattle, WA", "sentiment": "positive", "time": "Mon Nov 21 23:07:57 +0000 2016"}
{"polarity": 0.0, "location": "Atlanta, GA", "sentiment": "neutral", "time": "Mon Nov 21 23:51:06 +0000 2016"}
{"polarity": 0.0, "location": "Boston, MA", "sentiment": "neutral", "time": "Mon Nov 21 23:51:06 +0000 2016"}
{"polarity": 0.0, "location": "Boston, MA", "sentiment": "neutral", "time": "Mon Nov 21 23:51:06 +0000 2016"}
{"polarity": 0.5, "location": "New York, NY", "sentiment": "positive", "time": "Mon Nov 21 23:51:18 +0000 2016"}
{"polarity": 0.0, "location": "Phoenix, AZ", "sentiment": "neutral", "time": "Mon Nov 21 23:51:22 +0000 2016"}
{"polarity": -0.14583333333333334, "location": "Atlanta, GA", "sentiment": "negative", "time": "Mon Nov 21 23:51:31 +0000 2016"}
{"polarity": 0.8, "location": "Atlanta, GA", "sentiment": "positive", "time": "Mon Nov 21 23:51:34 +0000 2016"}
{"polarity": -0.5, "location": "Phoenix, AZ", "sentiment": "negative", "time": "Mon Nov 21 23:51:46 +0000 2016"}
{"polarity": 0.5, "location": "San Diego, CA", "sentiment": "positive", "time": "Mon Nov 21 23:51:56 +0000 2016"}
{"polarity": 0.0, "location": "Portland, OR", "sentiment": "neutral", "time": "Mon Nov 21 23:30:06 +0000 2016"}
{"polarity": 0.0, "location": "Orlando, FL", "sentiment": "neutral", "time": "Mon Nov 21 23:30:06 +0000 2016"}
{"polarity": 0.2857142857142857, "location": "Portland, OR", "sentiment": "positive", "time": "Mon Nov 21 23:30:11 +0000 2016"}
{"polarity": 0.0, "location": "Atlanta, GA", "sentiment": "neutral", "time": "Mon Nov 21 23:30:13 +0000 2016"}
{"polarity": 0.0, "location": "Phoenix, AZ", "sentiment": "neutral", "time": "Mon Nov 21 23:30:19 +0000 2016"}
{"polarity": 0.0, "location": "Seattle, WA", "sentiment": "neutral", "time": "Mon Nov 21 23:30:20 +0000 2016"}
{"polarity": 0.0, "location": "New York, NY", "sentiment": "neutral", "time": "Mon Nov 21 23:30:25 +0000 2016"}
{"polarity": 0.0, "location": "Portland, OR", "sentiment": "neutral", "time": "Mon Nov 21 23:30:26 +0000 2016"}
{"polarity": 0.0, "location": "Orlando, FL", "sentiment": "neutral", "time": "Mon Nov 21 23:30:34 +0000 2016"}
{"polarity": 0.0, "location": "Boston, MA", "sentiment": "neutral", "time": "Mon Nov 21 23:30:37 +0000 2016"}
{"polarity": -0.55, "location": "San Diego, CA", "sentiment": "negative", "time": "Mon Nov 21 23:30:37 +0000 2016"}
{"polarity": 0.0, "location": "Atlanta, GA", "sentiment": "neutral", "time": "Mon Nov 21 23:30:41 +0000 2016"}
{"polarity": -0.7142857142857143, "location": "Orlando, FL", "sentiment": "negative", "time": "Mon Nov 21 23:30:56 +0000 2016"}
{"polarity": 0.0, "location": "Boston, MA", "sentiment": "neutral", "time": "Mon Nov 21 23:03:03 +0000 2016"}
{"polarity": 0.0, "location": "Seattle, WA", "sentiment": "neutral", "time": "Mon Nov 21 23:03:04 +0000 2016"}
{"polarity": 0.0, "location": "Orlando, FL", "sentiment": "neutral", "time": "Mon Nov 21 23:03:05 +0000 2016"}
{"polarity": 1.0, "location": "New York, NY", "sentiment": "positive", "time": "Mon Nov 21 23:03:13 +0000 2016"}
{"polarity": 0.5, "location": "Seattle, WA", "sentiment": "positive", "time": "Mon Nov 21 23:03:17 +0000 2016"}
{"polarity": 0.19583333333333333, "location": "Orlando, FL", "sentiment": "positive", "time": "Mon Nov 21 23:03:27 +0000 2016"}
{"polarity": -0.043434343434343436, "location": "Atlanta, GA", "sentiment": "negative", "time": "Mon Nov 21 23:03:35 +0000 2016"}
{"polarity": 0.2, "location": "Atlanta, GA", "sentiment": "positive", "time": "Mon Nov 21 23:03:36 +0000 2016"}
{"polarity": 0.0, "location": "Portland, OR", "sentiment": "neutral", "time": "Mon Nov 21 23:03:38 +0000 2016"}
{"polarity": 0.0, "location": "New York, NY", "sentiment": "neutral", "time": "Mon Nov 21 23:03:47 +0000 2016"}
{"polarity": 0.0, "location": "New York, NY", "sentiment": "neutral", "time": "Mon Nov 21 23:03:55 +0000 2016"}
{"polarity": 0.25, "location": "Phoenix, AZ", "sentiment": "positive", "time": "Mon Nov 21 23:40:29 +0000 2016"}
{"polarity": 0.4, "location": "Atlanta, GA", "sentiment": "positive", "time": "Mon Nov 21 23:40:36 +0000 2016"}
{"polarity": 1.0, "location": "Boston, MA", "sentiment": "positive", "time": "Mon Nov 21 23:40:48 +0000 2016"}
{"polarity": -0.13333333333333333, "location": "Boston, MA", "sentiment": "negative", "time": "Mon Nov 21 23:40:50 +0000 2016"}
{"polarity": -0.5, "location": "San Diego, CA", "sentiment": "negative", "time": "Mon Nov 21 23:40:53 +0000 2016"}
{"polarity": 0.5, "location": "Atlanta, GA", "sentiment": "positive", "time": "Mon Nov 21 23:40:56 +0000 2016"}
{"polarity": 0.4, "location": "Boston, MA", "sentiment": "positive", "time": "Mon Nov 21 23:40:56 +0000 2016"}
{"polarity": 0.0, "location": "San Diego, CA", "sentiment": "neutral", "time": "Mon Nov 21 23:08:07 +0000 2016"}
{"polarity": 0.4666666666666666, "location": "Boston, MA", "sentiment": "positive", "time": "Mon Nov 21 23:08:16 +0000 2016"}
{"polarity": 0.0, "location": "Portland, OR", "sentiment": "neutral", "time": "Mon Nov 21 23:08:21 +0000 2016"}
{"polarity": -1.0, "location": "New York, NY", "sentiment": "negative", "time": "Mon Nov 21 23:08:38 +0000 2016"}
{"polarity": 0.03333333333333333, "location": "Portland, OR", "sentiment": "positive", "time": "Mon Nov 21 23:08:45 +0000 2016"}
{"polarity": 0.0, "location": "Atlanta, GA", "sentiment": "neutral", "time": "Mon Nov 21 23:08:48 +0000 2016"}
{"polarity": 0.0, "location": "New York, NY", "sentiment": "neutral", "time": "Mon Nov 21 23:08:51 +0000 2016"}
{"polarity": 0.3, "location": "Atlanta, GA", "sentiment": "positive", "time": "Mon Nov 21 23:08:52 +0000 2016"}
{"polarity": 0.4, "location": "San Diego, CA", "sentiment": "positive", "time": "Mon Nov 21 23:08:53 +0000 2016"}
{"polarity": 0.0, "location": "Atlanta, GA", "sentiment": "neutral", "time": "Mon Nov 21 23:08:55 +0000 2016"}
{"polarity": 0.0, "location": "Boston, MA", "sentiment": "neutral", "time": "Mon Nov 21 23:08:57 +0000 2016"}
{"polarity": 0.8, "location": "New York, NY", "sentiment": "positive", "time": "Mon Nov 21 23:35:01 +0000 2016"}
{"polarity": 0.0, "location": "Boston, MA", "sentiment": "neutral", "time": "Mon Nov 21 23:35:03 +0000 2016"}
{"polarity": 0.05, "location": "Portland, OR", "sentiment": "positive", "time": "Mon Nov 21 23:35:03 +0000 2016"}
{"polarity": -0.2571428571428571, "location": "New York, NY", "sentiment": "negative", "time": "Mon Nov 21 23:35:13 +0000 2016"}
{"polarity": 0.0, "location": "Atlanta, GA", "sentiment": "neutral", "time": "Mon Nov 21 23:35:25 +0000 2016"}
{"polarity": 0.0, "location": "Phoenix, AZ", "sentiment": "neutral", "time": "Mon Nov 21 23:35:25 +0000 2016"}
{"polarity": 0.0, "location": "Atlanta, GA", "sentiment": "neutral", "time": "Mon Nov 21 23:35:29 +0000 2016"}
{"polarity": 0.0, "location": "Orlando, FL", "sentiment": "neutral", "time": "Mon Nov 21 23:35:32 +0000 2016"}
{"polarity": 0.0, "location": "New York, NY", "sentiment": "neutral", "time": "Mon Nov 21 23:35:32 +0000 2016"}
{"polarity": 0.0, "location": "Atlanta, GA", "sentiment": "neutral", "time": "Mon Nov 21 23:35:38 +0000 2016"}
{"polarity": 0.0, "location": "San Diego, CA", "sentiment": "neutral", "time": "Mon Nov 21 23:35:47 +0000 2016"}
{"polarity": 0.0, "location": "Phoenix, AZ", "sentiment": "neutral", "time": "Mon Nov 21 23:35:49 +0000 2016"}
{"polarity": -0.125, "location": "Orlando, FL", "sentiment": "negative", "time": "Mon Nov 21 23:35:52 +0000 2016"}
{"polarity": 0.0, "location": "New York, NY", "sentiment": "neutral", "time": "Mon Nov 21 23:35:56 +0000 2016"}
{"polarity": -0.075, "location": "New York, NY", "sentiment": "negative", "time": "Mon Nov 21 23:43:06 +0000 2016"}
{"polarity": 0.0, "location": "New York, NY", "sentiment": "neutral", "time": "Mon Nov 21 23:43:07 +0000 2016"}
{"polarity": 0.0, "location": "Seattle, WA", "sentiment": "neutral", "time": "Mon Nov 21 23:43:12 +0000 2016"}
{"polarity": 0.25, "location": "Portland, OR", "sentiment": "positive", "time": "Mon Nov 21 23:43:22 +0000 2016"}
{"polarity": 0.0, "location": "New York, NY", "sentiment": "neutral", "time": "Mon Nov 21 23:43:24 +0000 2016"}
{"polarity": 0.0, "location": "Atlanta, GA", "sentiment": "neutral", "time": "Mon Nov 21 23:43:27 +0000 2016"}
{"polarity": 0.0, "location": "San Diego, CA", "sentiment": "neutral", "time": "Mon Nov 21 23:43:30 +0000 2016"}
{"polarity": 0.2, "location": "Orlando, FL", "sentiment": "positive", "time": "Mon Nov 21 23:43:34 +0000 2016"}
{"polarity": 0.0, "location": "Portland, OR", "sentiment": "neutral", "time": "Mon Nov 21 23:43:39 +0000 2016"}
{"polarity": 0.5, "location": "Portland, OR", "sentiment": "positive", "time": "Mon Nov 21 23:43:57 +0000 2016"}
{"polarity": 0.0, "location": "San Diego, CA", "sentiment": "neutral", "time": "Mon Nov 21 23:10:06 +0000 2016"}
{"polarity": 0.0, "location": "Seattle, WA", "sentiment": "neutral", "time": "Mon Nov 21 23:10:08 +0000 2016"}
{"polarity": 0.0, "location": "Seattle, WA", "sentiment": "neutral", "time": "Mon Nov 21 23:10:11 +0000 2016"}
{"polarity": 0.0, "location": "New York, NY", "sentiment": "neutral", "time": "Mon Nov 21 23:10:12 +0000 2016"}
{"polarity": 0.0, "location": "New York, NY", "sentiment": "neutral", "time": "Mon Nov 21 23:10:19 +0000 2016"}
{"polarity": 0.25, "location": "St. Louis, MO", "sentiment": "positive", "time": "Mon Nov 21 23:10:31 +0000 2016"}
{"polarity": 0.4, "location": "Atlanta, GA", "sentiment": "positive", "time": "Mon Nov 21 23:10:39 +0000 2016"}
{"polarity": 0.0, "location": "Orlando, FL", "sentiment": "neutral", "time": "Mon Nov 21 23:10:41 +0000 2016"}
{"polarity": 0.3125, "location": "Seattle, WA", "sentiment": "positive", "time": "Mon Nov 21 23:10:45 +0000 2016"}
{"polarity": 0.125, "location": "Boston, MA", "sentiment": "positive", "time": "Mon Nov 21 23:10:55 +0000 2016"}
{"polarity": 0.0, "location": "Atlanta, GA", "sentiment": "neutral", "time": "Mon Nov 21 23:54:12 +0000 2016"}
{"polarity": -1.0, "location": "Atlanta, GA", "sentiment": "negative", "time": "Mon Nov 21 23:54:15 +0000 2016"}
{"polarity": 0.0, "location": "New York, NY", "sentiment": "neutral", "time": "Mon Nov 21 23:54:18 +0000 2016"}
{"polarity": -0.14999999999999997, "location": "Boston, MA", "sentiment": "negative", "time": "Mon Nov 21 23:54:18 +0000 2016"}
{"polarity": 0.0, "location": "New York, NY", "sentiment": "neutral", "time": "Mon Nov 21 23:54:23 +0000 2016"}
{"polarity": 0.0, "location": "San Diego, CA", "sentiment": "neutral", "time": "Mon Nov 21 23:54:30 +0000 2016"}
{"polarity": 0.2, "location": "St. Louis, MO", "sentiment": "positive", "time": "Mon Nov 21 23:54:39 +0000 2016"}
{"polarity": 0.2, "location": "Boston, MA", "sentiment": "positive", "time": "Mon Nov 21 23:54:40 +0000 2016"}
{"polarity": 0.0, "location": "Atlanta, GA", "sentiment": "neutral", "time": "Mon Nov 21 23:54:42 +0000 2016"}
{"polarity": 0.0, "location": "Boston, MA", "sentiment": "neutral", "time": "Mon Nov 21 23:54:47 +0000 2016"}
{"polarity": 0.0, "location": "Phoenix, AZ", "sentiment": "neutral", "time": "Mon Nov 21 23:54:53 +0000 2016"}
{"polarity": 0.0, "location": "Atlanta, GA", "sentiment": "neutral", "time": "Mon Nov 21 23:54:55 +0000 2016"}
{"polarity": 0.5, "location": "Atlanta, GA", "sentiment": "positive", "time": "Mon Nov 21 23:24:03 +0000 2016"}
{"polarity": -0.05, "location": "Seattle, WA", "sentiment": "negative", "time": "Mon Nov 21 23:24:06 +0000 2016"}
{"polarity": 0.0, "location": "Atlanta, GA", "sentiment": "neutral", "time": "Mon Nov 21 23:24:12 +0000 2016"}
{"polarity": -0.012499999999999997, "location": "New York, NY", "sentiment": "negative", "time": "Mon Nov 21 23:24:14 +0000 2016"}
{"polarity": 0.0, "location": "San Diego, CA", "sentiment": "neutral", "time": "Mon Nov 21 23:24:16 +0000 2016"}
{"polarity": 0.0, "location": "Seattle, WA", "sentiment": "neutral", "time": "Mon Nov 21 23:24:31 +0000 2016"}
{"polarity": 0.0, "location": "Phoenix, AZ", "sentiment": "neutral", "time": "Mon Nov 21 23:24:41 +0000 2016"}
{"polarity": -0.5, "location": "New York, NY", "sentiment": "negative", "time": "Mon Nov 21 23:32:18 +0000 2016"}
{"polarity": -0.2, "location": "Boston, MA", "sentiment": "negative", "time": "Mon Nov 21 23:32:37 +0000 2016"}
{"polarity": 0.0, "location": "Atlanta, GA", "sentiment": "neutral", "time": "Mon Nov 21 23:32:45 +0000 2016"}
{"polarity": 0.0, "location": "Atlanta, GA", "sentiment": "neutral", "time": "Mon Nov 21 23:32:54 +0000 2016"}
{"polarity": 0.55, "location": "Orlando, FL", "sentiment": "positive", "time": "Mon Nov 21 23:32:55 +0000 2016"}
{"polarity": 0.8, "location": "New York, NY", "sentiment": "positive", "time": "Mon Nov 21 23:32:56 +0000 2016"}
{"polarity": -0.4, "location": "New York, NY", "sentiment": "negative", "time": "Mon Nov 21 23:32:58 +0000 2016"}
{"polarity": 0.0, "location": "Boston, MA", "sentiment": "neutral", "time": "Mon Nov 21 23:36:07 +0000 2016"}
{"polarity": 0.0, "location": "New York, NY", "sentiment": "neutral", "time": "Mon Nov 21 23:36:13 +0000 2016"}
{"polarity": 0.0, "location": "Orlando, FL", "sentiment": "neutral", "time": "Mon Nov 21 23:36:17 +0000 2016"}
{"polarity": 0.3333333333333333, "location": "Atlanta, GA", "sentiment": "positive", "time": "Mon Nov 21 23:36:20 +0000 2016"}
{"polarity": 0.3444444444444444, "location": "New York, NY", "sentiment": "positive", "time": "Mon Nov 21 23:36:23 +0000 2016"}
{"polarity": 0.25, "location": "Atlanta, GA", "sentiment": "positive", "time": "Mon Nov 21 23:36:25 +0000 2016"}
{"polarity": 0.7, "location": "Orlando, FL", "sentiment": "positive", "time": "Mon Nov 21 23:36:35 +0000 2016"}
{"polarity": 0.0, "location": "Atlanta, GA", "sentiment": "neutral", "time": "Mon Nov 21 23:36:55 +0000 2016"}
{"polarity": 0.5, "location": "San Diego, CA", "sentiment": "positive", "time": "Mon Nov 21 23:36:55 +0000 2016"}
{"polarity": -0.5, "location": "New York, NY", "sentiment": "negative", "time": "Mon Nov 21 23:01:02 +0000 2016"}
{"polarity": 0.0, "location": "Atlanta, GA", "sentiment": "neutral", "time": "Mon Nov 21 23:01:02 +0000 2016"}
{"polarity": -0.25, "location": "Orlando, FL", "sentiment": "negative", "time": "Mon Nov 21 23:01:15 +0000 2016"}
{"polarity": 0.5, "location": "Atlanta, GA", "sentiment": "positive", "time": "Mon Nov 21 23:01:16 +0000 2016"}
{"polarity": 0.0, "location": "Boston, MA", "sentiment": "neutral", "time": "Mon Nov 21 23:01:17 +0000 2016"}
{"polarity": 0.13125, "location": "Boston, MA", "sentiment": "positive", "time": "Mon Nov 21 23:01:25 +0000 2016"}
{"polarity": 0.0, "location": "Seattle, WA", "sentiment": "neutral", "time": "Mon Nov 21 23:55:05 +0000 2016"}
{"polarity": 0.0, "location": "Orlando, FL", "sentiment": "neutral", "time": "Mon Nov 21 23:55:10 +0000 2016"}
{"polarity": 0.0, "location": "New York, NY", "sentiment": "neutral", "time": "Mon Nov 21 23:55:10 +0000 2016"}
{"polarity": 0.3, "location": "Atlanta, GA", "sentiment": "positive", "time": "Mon Nov 21 23:55:13 +0000 2016"}
{"polarity": 0.0, "location": "Boston, MA", "sentiment": "neutral", "time": "Mon Nov 21 23:55:20 +0000 2016"}
{"polarity": 0.0, "location": "Portland, OR", "sentiment": "neutral", "time": "Mon Nov 21 23:55:20 +0000 2016"}
{"polarity": 0.0, "location": "Phoenix, AZ", "sentiment": "neutral", "time": "Mon Nov 21 23:55:25 +0000 2016"}
{"polarity": 0.0, "location": "Boston, MA", "sentiment": "neutral", "time": "Mon Nov 21 23:55:29 +0000 2016"}
{"polarity": 0.15000000000000002, "location": "New York, NY", "sentiment": "positive", "time": "Mon Nov 21 23:55:33 +0000 2016"}
{"polarity": 0.0, "location": "Boston, MA", "sentiment": "neutral", "time": "Mon Nov 21 23:55:39 +0000 2016"}
{"polarity": 0.60625, "location": "New York, NY", "sentiment": "positive", "time": "Mon Nov 21 23:55:39 +0000 2016"}
{"polarity": 0.0, "location": "Seattle, WA", "sentiment": "neutral", "time": "Mon Nov 21 23:55:40 +0000 2016"}
{"polarity": 0.0, "location": "Phoenix, AZ", "sentiment": "neutral", "time": "Mon Nov 21 23:55:41 +0000 2016"}
{"polarity": 0.0, "location": "Atlanta, GA", "sentiment": "neutral", "time": "Mon Nov 21 23:55:47 +0000 2016"}
{"polarity": 0.0, "location": "New York, NY", "sentiment": "neutral", "time": "Mon Nov 21 23:09:04 +0000 2016"}
{"polarity": 0.0, "location": "Phoenix, AZ", "sentiment": "neutral", "time": "Mon Nov 21 23:09:05 +0000 2016"}
{"polarity": 0.0, "location": "New York, NY", "sentiment": "neutral", "time": "Mon Nov 21 23:09:15 +0000 2016"}
{"polarity": 0.0, "location": "Atlanta, GA", "sentiment": "neutral", "time": "Mon Nov 21 23:09:16 +0000 2016"}
{"polarity": 0.0, "location": "Seattle, WA", "sentiment": "neutral", "time": "Mon Nov 21 23:09:19 +0000 2016"}
{"polarity": 0.3, "location": "San Diego, CA", "sentiment": "positive", "time": "Mon Nov 21 23:09:34 +0000 2016"}
{"polarity": 0.0, "location": "Portland, OR", "sentiment": "neutral", "time": "Mon Nov 21 23:09:40 +0000 2016"}
{"polarity": 0.0, "location": "Seattle, WA", "sentiment": "neutral", "time": "Mon Nov 21 23:09:41 +0000 2016"}
{"polarity": 0.13636363636363635, "location": "Atlanta, GA", "sentiment": "positive", "time": "Mon Nov 21 23:09:46 +0000 2016"}
{"polarity": 0.5375, "location": "Orlando, FL", "sentiment": "positive", "time": "Mon Nov 21 23:09:53 +0000 2016"}
{"polarity": 0.0, "location": "Atlanta, GA", "sentiment": "neutral", "time": "Mon Nov 21 23:33:01 +0000 2016"}
{"polarity": 0.0, "location": "Orlando, FL", "sentiment": "neutral", "time": "Mon Nov 21 23:33:04 +0000 2016"}
{"polarity": 0.0, "location": "Atlanta, GA", "sentiment": "neutral", "time": "Mon Nov 21 23:33:06 +0000 2016"}
{"polarity": 0.0, "location": "Atlanta, GA", "sentiment": "neutral", "time": "Mon Nov 21 23:33:06 +0000 2016"}
{"polarity": 0.4681818181818182, "location": "New York, NY", "sentiment": "positive", "time": "Mon Nov 21 23:33:17 +0000 2016"}
{"polarity": 0.0, "location": "New York, NY", "sentiment": "neutral", "time": "Mon Nov 21 23:33:18 +0000 2016"}
{"polarity": 0.2857142857142857, "location": "Atlanta, GA", "sentiment": "positive", "time": "Mon Nov 21 23:33:28 +0000 2016"}
{"polarity": 0.0, "location": "Seattle, WA", "sentiment": "neutral", "time": "Mon Nov 21 23:33:35 +0000 2016"}
{"polarity": 0.0, "location": "Atlanta, GA", "sentiment": "neutral", "time": "Mon Nov 21 23:33:47 +0000 2016"}
{"polarity": 0.0, "location": "Atlanta, GA", "sentiment": "neutral", "time": "Mon Nov 21 23:33:51 +0000 2016"}
{"polarity": 0.3, "location": "Atlanta, GA", "sentiment": "positive", "time": "Mon Nov 21 23:44:05 +0000 2016"}
{"polarity": -0.012500000000000011, "location": "New York, NY", "sentiment": "negative", "time": "Mon Nov 21 23:44:11 +0000 2016"}
{"polarity": 0.0, "location": "Orlando, FL", "sentiment": "neutral", "time": "Mon Nov 21 23:44:14 +0000 2016"}
{"polarity": 0.0, "location": "New York, NY", "sentiment": "neutral", "time": "Mon Nov 21 23:44:22 +0000 2016"}
{"polarity": 0.5, "location": "Phoenix, AZ", "sentiment": "positive", "time": "Mon Nov 21 23:44:31 +0000 2016"}
{"polarity": 0.5, "location": "San Diego, CA", "sentiment": "positive", "time": "Mon Nov 21 23:44:38 +0000 2016"}
{"polarity": 0.2, "location": "Atlanta, GA", "sentiment": "positive", "time": "Mon Nov 21 23:44:42 +0000 2016"}
{"polarity": -0.2, "location": "New York, NY", "sentiment": "negative", "time": "Mon Nov 21 23:28:05 +0000 2016"}
{"polarity": 0.0, "location": "New York, NY", "sentiment": "neutral", "time": "Mon Nov 21 23:28:06 +0000 2016"}
{"polarity": -0.625, "location": "New York, NY", "sentiment": "negative", "time": "Mon Nov 21 23:28:09 +0000 2016"}
{"polarity": 0.5, "location": "New York, NY", "sentiment": "positive", "time": "Mon Nov 21 23:28:10 +0000 2016"}
{"polarity": 0.3, "location": "New York, NY", "sentiment": "positive", "time": "Mon Nov 21 23:28:24 +0000 2016"}
{"polarity": 0.69375, "location": "Phoenix, AZ", "sentiment": "positive", "time": "Mon Nov 21 23:28:35 +0000 2016"}
{"polarity": 0.0, "location": "Atlanta, GA", "sentiment": "neutral", "time": "Mon Nov 21 23:28:40 +0000 2016"}
{"polarity": 0.1, "location": "Boston, MA", "sentiment": "positive", "time": "Mon Nov 21 23:28:40 +0000 2016"}
{"polarity": 0.25, "location": "Orlando, FL", "sentiment": "positive", "time": "Mon Nov 21 23:28:49 +0000 2016"}
{"polarity": 0.2, "location": "San Diego, CA", "sentiment": "positive", "time": "Mon Nov 21 23:28:53 +0000 2016"}
{"polarity": -0.2, "location": "Seattle, WA", "sentiment": "negative", "time": "Mon Nov 21 23:28:59 +0000 2016"}
{"polarity": 0.04814814814814814, "location": "Orlando, FL", "sentiment": "positive", "time": "Mon Nov 21 23:22:01 +0000 2016"}
{"polarity": -0.27499999999999997, "location": "New York, NY", "sentiment": "negative", "time": "Mon Nov 21 23:22:05 +0000 2016"}
{"polarity": 0.0, "location": "Boston, MA", "sentiment": "neutral", "time": "Mon Nov 21 23:22:10 +0000 2016"}
{"polarity": 0.0, "location": "Seattle, WA", "sentiment": "neutral", "time": "Mon Nov 21 23:22:30 +0000 2016"}
{"polarity": 0.54375, "location": "Boston, MA", "sentiment": "positive", "time": "Mon Nov 21 23:22:46 +0000 2016"}
{"polarity": 0.2, "location": "Atlanta, GA", "sentiment": "positive", "time": "Mon Nov 21 23:22:51 +0000 2016"}
{"polarity": 0.0, "location": "Atlanta, GA", "sentiment": "neutral", "time": "Mon Nov 21 23:22:56 +0000 2016"}
{"polarity": 0.0, "location": "New York, NY", "sentiment": "neutral", "time": "Mon Nov 21 23:22:56 +0000 2016"}
{"polarity": 0.0, "location": "San Diego, CA", "sentiment": "neutral", "time": "Mon Nov 21 23:22:57 +0000 2016"}
{"polarity": 0.0, "location": "Atlanta, GA", "sentiment": "neutral", "time": "Mon Nov 21 23:49:01 +0000 2016"}
{"polarity": 0.0, "location": "San Diego, CA", "sentiment": "neutral", "time": "Mon Nov 21 23:49:11 +0000 2016"}
{"polarity": 0.0, "location": "Boston, MA", "sentiment": "neutral", "time": "Mon Nov 21 23:49:18 +0000 2016"}
{"polarity": -0.375, "location": "Atlanta, GA", "sentiment": "negative", "time": "Mon Nov 21 23:49:20 +0000 2016"}
{"polarity": 0.0, "location": "New York, NY", "sentiment": "neutral", "time": "Mon Nov 21 23:49:25 +0000 2016"}
{"polarity": 0.0, "location": "Phoenix, AZ", "sentiment": "neutral", "time": "Mon Nov 21 23:49:29 +0000 2016"}
{"polarity": -0.6, "location": "Orlando, FL", "sentiment": "negative", "time": "Mon Nov 21 23:49:45 +0000 2016"}
{"polarity": -0.5, "location": "Atlanta, GA", "sentiment": "negative", "time": "Mon Nov 21 23:49:52 +0000 2016"}
{"polarity": 0.0, "location": "New York, NY", "sentiment": "neutral", "time": "Mon Nov 21 23:49:54 +0000 2016"}
{"polarity": 0.0, "location": "San Diego, CA", "sentiment": "neutral", "time": "Mon Nov 21 23:49:58 +0000 2016"}
{"polarity": 0.0, "location": "Orlando, FL", "sentiment": "neutral", "time": "Mon Nov 21 23:45:05 +0000 2016"}
{"polarity": 0.0, "location": "Atlanta, GA", "sentiment": "neutral", "time": "Mon Nov 21 23:45:18 +0000 2016"}
{"polarity": -0.2333333333333333, "location": "Portland, OR", "sentiment": "negative", "time": "Mon Nov 21 23:45:19 +0000 2016"}
{"polarity": 0.0, "location": "Atlanta, GA", "sentiment": "neutral", "time": "Mon Nov 21 23:45:27 +0000 2016"}
{"polarity": 0.0, "location": "New York, NY", "sentiment": "neutral", "time": "Mon Nov 21 23:45:32 +0000 2016"}
{"polarity": 0.35, "location": "Boston, MA", "sentiment": "positive", "time": "Mon Nov 21 23:45:40 +0000 2016"}
{"polarity": 0.0, "location": "New York, NY", "sentiment": "neutral", "time": "Mon Nov 21 23:45:53 +0000 2016"}
{"polarity": 0.5, "location": "New York, NY", "sentiment": "positive", "time": "Mon Nov 21 23:45:55 +0000 2016"}
{"polarity": 0.3333333333333333, "location": "New York, NY", "sentiment": "positive", "time": "Mon Nov 21 23:45:57 +0000 2016"}
{"polarity": 0.0, "location": "Atlanta, GA", "sentiment": "neutral", "time": "Mon Nov 21 23:06:02 +0000 2016"}
{"polarity": 0.5, "location": "Atlanta, GA", "sentiment": "positive", "time": "Mon Nov 21 23:06:06 +0000 2016"}
{"polarity": 0.0, "location": "San Diego, CA", "sentiment": "neutral", "time": "Mon Nov 21 23:06:18 +0000 2016"}
{"polarity": 0.5, "location": "Boston, MA", "sentiment": "positive", "time": "Mon Nov 21 23:06:22 +0000 2016"}
{"polarity": 0.45, "location": "Seattle, WA", "sentiment": "positive", "time": "Mon Nov 21 23:06:27 +0000 2016"}
{"polarity": 0.9, "location": "New York, NY", "sentiment": "positive", "time": "Mon Nov 21 23:06:29 +0000 2016"}
{"polarity": 0.0, "location": "Seattle, WA", "sentiment": "neutral", "time": "Mon Nov 21 23:06:30 +0000 2016"}
{"polarity": 0.0, "location": "Portland, OR", "sentiment": "neutral", "time": "Mon Nov 21 23:06:44 +0000 2016"}
{"polarity": 0.0, "location": "New York, NY", "sentiment": "neutral", "time": "Mon Nov 21 23:06:44 +0000 2016"}
{"polarity": 0.0, "location": "New York, NY", "sentiment": "neutral", "time": "Mon Nov 21 23:06:46 +0000 2016"}
{"polarity": 0.0, "location": "New York, NY", "sentiment": "neutral", "time": "Mon Nov 21 23:06:53 +0000 2016"}
{"polarity": 0.09375000000000003, "location": "Portland, OR", "sentiment": "positive", "time": "Mon Nov 21 23:06:55 +0000 2016"}
{"polarity": 0.0, "location": "Orlando, FL", "sentiment": "neutral", "time": "Mon Nov 21 23:20:00 +0000 2016"}
{"polarity": 0.8, "location": "Atlanta, GA", "sentiment": "positive", "time": "Mon Nov 21 23:20:10 +0000 2016"}
{"polarity": -0.175, "location": "Boston, MA", "sentiment": "negative", "time": "Mon Nov 21 23:20:19 +0000 2016"}
{"polarity": 0.0, "location": "Orlando, FL", "sentiment": "neutral", "time": "Mon Nov 21 23:20:20 +0000 2016"}
{"polarity": 0.0, "location": "New York, NY", "sentiment": "neutral", "time": "Mon Nov 21 23:20:23 +0000 2016"}
{"polarity": 0.0, "location": "New York, NY", "sentiment": "neutral", "time": "Mon Nov 21 23:20:28 +0000 2016"}
{"polarity": 0.0, "location": "Atlanta, GA", "sentiment": "neutral", "time": "Mon Nov 21 23:20:29 +0000 2016"}
{"polarity": -0.7, "location": "Atlanta, GA", "sentiment": "negative", "time": "Mon Nov 21 23:20:36 +0000 2016"}
{"polarity": 0.0, "location": "San Diego, CA", "sentiment": "neutral", "time": "Mon Nov 21 23:20:40 +0000 2016"}
{"polarity": 0.0, "location": "Boston, MA", "sentiment": "neutral", "time": "Mon Nov 21 23:20:42 +0000 2016"}
{"polarity": -0.25, "location": "Orlando, FL", "sentiment": "negative", "time": "Mon Nov 21 23:13:06 +0000 2016"}
{"polarity": 0.2, "location": "New York, NY", "sentiment": "positive", "time": "Mon Nov 21 23:13:13 +0000 2016"}
{"polarity": -0.13888888888888887, "location": "Boston, MA", "sentiment": "negative", "time": "Mon Nov 21 23:13:16 +0000 2016"}
{"polarity": 0.17045454545454544, "location": "Boston, MA", "sentiment": "positive", "time": "Mon Nov 21 23:13:26 +0000 2016"}
{"polarity": 0.09523809523809523, "location": "Boston, MA", "sentiment": "positive", "time": "Mon Nov 21 23:13:31 +0000 2016"}
{"polarity": 0.0, "location": "New York, NY", "sentiment": "neutral", "time": "Mon Nov 21 23:13:34 +0000 2016"}
{"polarity": -0.15, "location": "Orlando, FL", "sentiment": "negative", "time": "Mon Nov 21 23:13:37 +0000 2016"}
{"polarity": 0.05000000000000002, "location": "New York, NY", "sentiment": "positive", "time": "Mon Nov 21 23:13:37 +0000 2016"}
