{"polarity": 0.0, "location": "New York, NY", "sentiment": "neutral", "time": "Mon Nov 21 23:04:06 +0000 2016"}
{"polarity": 0.16818181818181818, "location": "New York, NY", "sentiment": "positive", "time": "Mon Nov 21 23:04:16 +0000 2016"}
{"polarity": 0.0, "location": "Seattle, WA", "sentiment": "neutral", "time": "Mon Nov 21 23:04:19 +0000 2016"}
{"polarity": 0.3125, "location": "Atlanta, GA", "sentiment": "positive", "time": "Mon Nov 21 23:04:23 +0000 2016"}
{"polarity": -0.04999999999999999, "location": "Seattle, WA", "sentiment": "negative", "time": "Mon Nov 21 23:04:27 +0000 2016"}
{"polarity": 0.0, "location": "San Diego, CA", "sentiment": "neutral", "time": "Mon Nov 21 23:04:31 +0000 2016"}
{"polarity": 0.26666666666666666, "location": "New York, NY", "sentiment": "positive", "time": "Mon Nov 21 23:04:37 +0000 2016"}
{"polarity": -0.275, "location": "Orlando, FL", "sentiment": "negative", "time": "Mon Nov 21 23:04:42 +0000 2016"}
{"polarity": 0.78125, "location": "San Diego, CA", "sentiment": "positive", "time": "Mon Nov 21 23:04:44 +0000 2016"}
{"polarity": 0.15, "location": "New York, NY", "sentiment": "positive", "time": "Mon Nov 21 23:04:47 +0000 2016"}
{"polarity": -0.033333333333333326, "location": "Boston, MA", "sentiment": "negative", "time": "Mon Nov 21 23:04:53 +0000 2016"}
{"polarity": 0.5, "location": "New York, NY", "sentiment": "positive", "time": "Wed Nov 23 13:39:09 +0000 2016"}
{"polarity": 0.5, "location": "Orlando, FL", "sentiment": "positive", "time": "Wed Nov 23 13:39:20 +0000 2016"}
{"polarity": 0.0, "location": "New York, NY", "sentiment": "neutral", "time": "Wed Nov 23 13:39:42 +0000 2016"}
{"polarity": -0.07500000000000001, "location": "Boston, MA", "sentiment": "negative", "time": "Wed Nov 23 13:39:47 +0000 2016"}
{"polarity": -0.2, "location": "Seattle, WA", "sentiment": "negative", "time": "Wed Nov 23 13:59:03 +0000 2016"}
{"polarity": 0.0, "location": "Boston, MA", "sentiment": "neutral", "time": "Wed Nov 23 13:59:37 +0000 2016"}
{"polarity": 0.0, "location": "Orlando, FL", "sentiment": "neutral", "time": "Wed Nov 23 13:59:35 +0000 2016"}
{"polarity": 0.5, "location": "Boston, MA", "sentiment": "positive", "time": "Wed Nov 23 13:59:41 +0000 2016"}
{"polarity": 0.5, "location": "Atlanta, GA", "sentiment": "positive", "time": "Wed Nov 23 13:59:41 +0000 2016"}
{"polarity": 0.1625, "location": "New York, NY", "sentiment": "positive", "time": "Wed Nov 23 13:59:43 +0000 2016"}
{"polarity": 0.0, "location": "San Diego, CA", "sentiment": "neutral", "time": "Wed Nov 23 13:59:54 +0000 2016"}
{"polarity": 0.85, "location": "Seattle, WA", "sentiment": "positive", "time": "Wed Nov 23 13:19:12 +0000 2016"}
{"polarity": 0.25, "location": "New York, NY", "sentiment": "positive", "time": "Wed Nov 23 13:19:13 +0000 2016"}
{"polarity": 0.0, "location": "Orlando, FL", "sentiment": "neutral", "time": "Wed Nov 23 13:19:26 +0000 2016"}
{"polarity": 0.0, "location": "Atlanta, GA", "sentiment": "neutral", "time": "Wed Nov 23 13:19:27 +0000 2016"}
{"polarity": 0.0, "location": "Atlanta, GA", "sentiment": "neutral", "time": "Wed Nov 23 13:19:46 +0000 2016"}
{"polarity": 0.30625, "location": "Atlanta, GA", "sentiment": "positive", "time": "Wed Nov 23 13:19:51 +0000 2016"}
{"polarity": 0.1, "location": "San Diego, CA", "sentiment": "positive", "time": "Wed Nov 23 13:19:53 +0000 2016"}
{"polarity": 0.0, "location": "Boston, MA", "sentiment": "neutral", "time": "Wed Nov 23 13:37:03 +0000 2016"}
{"polarity": 0.0, "location": "New York, NY", "sentiment": "neutral", "time": "Wed Nov 23 13:37:08 +0000 2016"}
{"polarity": 0.0, "location": "Atlanta, GA", "sentiment": "neutral", "time": "Wed Nov 23 13:37:37 +0000 2016"}
{"polarity": 0.0, "location": "Atlanta, GA", "sentiment": "neutral", "time": "Wed Nov 23 13:37:38 +0000 2016"}
{"polarity": 0.16666666666666666, "location": "Orlando, FL", "sentiment": "positive", "time": "Wed Nov 23 13:31:15 +0000 2016"}
{"polarity": 0.0, "location": "Boston, MA", "sentiment": "neutral", "time": "Wed Nov 23 13:31:25 +0000 2016"}
{"polarity": 0.6, "location": "New York, NY", "sentiment": "positive", "time": "Wed Nov 23 13:31:30 +0000 2016"}
{"polarity": 0.0, "location": "Atlanta, GA", "sentiment": "neutral", "time": "Wed Nov 23 13:31:33 +0000 2016"}
{"polarity": 0.7, "location": "Boston, MA", "sentiment": "positive", "time": "Wed Nov 23 13:31:56 +0000 2016"}
{"polarity": 0.0, "location": "Orlando, FL", "sentiment": "neutral", "time": "Wed Nov 23 13:41:00 +0000 2016"}
{"polarity": 0.0, "location": "Atlanta, GA", "sentiment": "neutral", "time": "Wed Nov 23 13:41:15 +0000 2016"}
{"polarity": 0.0, "location": "New York, NY", "sentiment": "neutral", "time": "Wed Nov 23 13:41:19 +0000 2016"}
{"polarity": 0.0, "location": "Boston, MA", "sentiment": "neutral", "time": "Wed Nov 23 13:41:33 +0000 2016"}
{"polarity": 0.4, "location": "New York, NY", "sentiment": "positive", "time": "Wed Nov 23 13:41:48 +0000 2016"}
{"polarity": 0.0, "location": "New York, NY", "sentiment": "neutral", "time": "Wed Nov 23 13:27:35 +0000 2016"}
{"polarity": 0.13636363636363635, "location": "Atlanta, GA", "sentiment": "positive", "time": "Wed Nov 23 13:27:40 +0000 2016"}
{"polarity": 0.3333333333333333, "location": "Atlanta, GA", "sentiment": "positive", "time": "Wed Nov 23 13:27:45 +0000 2016"}
{"polarity": 0.25, "location": "New York, NY", "sentiment": "positive", "time": "Wed Nov 23 13:27:51 +0000 2016"}
{"polarity": 0.5, "location": "Seattle, WA", "sentiment": "positive", "time": "Wed Nov 23 13:57:03 +0000 2016"}
{"polarity": 0.2, "location": "Atlanta, GA", "sentiment": "positive", "time": "Wed Nov 23 13:57:08 +0000 2016"}
{"polarity": 0.0, "location": "New York, NY", "sentiment": "neutral", "time": "Wed Nov 23 13:57:09 +0000 2016"}
{"polarity": -0.125, "location": "New York, NY", "sentiment": "negative", "time": "Wed Nov 23 13:57:15 +0000 2016"}
{"polarity": 0.85, "location": "New York, NY", "sentiment": "positive", "time": "Wed Nov 23 13:57:40 +0000 2016"}
{"polarity": 0.0, "location": "Atlanta, GA", "sentiment": "neutral", "time": "Wed Nov 23 13:57:56 +0000 2016"}
{"polarity": 0.0, "location": "New York, NY", "sentiment": "neutral", "time": "Wed Nov 23 13:57:59 +0000 2016"}
{"polarity": 0.0, "location": "New York, NY", "sentiment": "neutral", "time": "Wed Nov 23 13:26:06 +0000 2016"}
{"polarity": -0.3333333333333333, "location": "Atlanta, GA", "sentiment": "negative", "time": "Wed Nov 23 13:26:12 +0000 2016"}
{"polarity": 0.0, "location": "Atlanta, GA", "sentiment": "neutral", "time": "Wed Nov 23 13:26:16 +0000 2016"}
{"polarity": 0.0, "location": "Phoenix, AZ", "sentiment": "neutral", "time": "Wed Nov 23 13:26:26 +0000 2016"}
{"polarity": 0.0, "location": "Atlanta, GA", "sentiment": "neutral", "time": "Wed Nov 23 13:26:36 +0000 2016"}
{"polarity": 0.0, "location": "Seattle, WA", "sentiment": "neutral", "time": "Wed Nov 23 13:26:50 +0000 2016"}
{"polarity": -0.04999999999999999, "location": "Seattle, WA", "sentiment": "negative", "time": "Wed Nov 23 13:58:13 +0000 2016"}
{"polarity": 0.0, "location": "Boston, MA", "sentiment": "neutral", "time": "Wed Nov 23 13:58:19 +0000 2016"}
{"polarity": 0.0, "location": "Atlanta, GA", "sentiment": "neutral", "time": "Wed Nov 23 13:58:29 +0000 2016"}
{"polarity": 0.0, "location": "Phoenix, AZ", "sentiment": "neutral", "time": "Wed Nov 23 13:58:31 +0000 2016"}
{"polarity": -0.26875, "location": "Orlando, FL", "sentiment": "negative", "time": "Wed Nov 23 13:58:32 +0000 2016"}
{"polarity": 0.0, "location": "St. Louis, MO", "sentiment": "neutral", "time": "Wed Nov 23 13:58:50 +0000 2016"}
{"polarity": 0.0, "location": "Seattle, WA", "sentiment": "neutral", "time": "Wed Nov 23 13:42:01 +0000 2016"}
{"polarity": 0.0, "location": "New York, NY", "sentiment": "neutral", "time": "Wed Nov 23 13:42:14 +0000 2016"}
{"polarity": 0.0, "location": "New York, NY", "sentiment": "neutral", "time": "Wed Nov 23 13:42:48 +0000 2016"}
{"polarity": -0.6999999999999998, "location": "Boston, MA", "sentiment": "negative", "time": "Wed Nov 23 13:42:49 +0000 2016"}
{"polarity": 0.0, "location": "Atlanta, GA", "sentiment": "neutral", "time": "Wed Nov 23 13:50:08 +0000 2016"}
{"polarity": 0.0, "location": "Atlanta, GA", "sentiment": "neutral", "time": "Wed Nov 23 13:50:13 +0000 2016"}
{"polarity": 0.13636363636363635, "location": "Atlanta, GA", "sentiment": "positive", "time": "Wed Nov 23 13:50:18 +0000 2016"}
{"polarity": -0.14375, "location": "New York, NY", "sentiment": "negative", "time": "Wed Nov 23 13:50:23 +0000 2016"}
{"polarity": 0.0, "location": "New York, NY", "sentiment": "neutral", "time": "Wed Nov 23 13:50:46 +0000 2016"}
{"polarity": 0.0, "location": "Orlando, FL", "sentiment": "neutral", "time": "Wed Nov 23 13:50:47 +0000 2016"}
{"polarity": 0.0, "location": "Boston, MA", "sentiment": "neutral", "time": "Wed Nov 23 13:50:57 +0000 2016"}
{"polarity": 0.39015151515151514, "location": "Orlando, FL", "sentiment": "positive", "time": "Wed Nov 23 13:15:02 +0000 2016"}
{"polarity": 0.0, "location": "New York, NY", "sentiment": "neutral", "time": "Wed Nov 23 13:15:06 +0000 2016"}
{"polarity": 0.16, "location": "Boston, MA", "sentiment": "positive", "time": "Wed Nov 23 13:15:14 +0000 2016"}
{"polarity": -0.1, "location": "Atlanta, GA", "sentiment": "negative", "time": "Wed Nov 23 13:15:36 +0000 2016"}
{"polarity": 0.25, "location": "Orlando, FL", "sentiment": "positive", "time": "Wed Nov 23 13:15:44 +0000 2016"}
{"polarity": 0.0, "location": "Atlanta, GA", "sentiment": "neutral", "time": "Wed Nov 23 13:15:48 +0000 2016"}
{"polarity": 0.0, "location": "Atlanta, GA", "sentiment": "neutral", "time": "Wed Nov 23 13:15:59 +0000 2016"}
{"polarity": -0.04583333333333334, "location": "New York, NY", "sentiment": "negative", "time": "Wed Nov 23 13:38:09 +0000 2016"}
{"polarity": -0.5, "location": "Atlanta, GA", "sentiment": "negative", "time": "Wed Nov 23 13:38:15 +0000 2016"}
{"polarity": 0.0, "location": "Atlanta, GA", "sentiment": "neutral", "time": "Wed Nov 23 13:38:20 +0000 2016"}
{"polarity": 0.0, "location": "Boston, MA", "sentiment": "neutral", "time": "Wed Nov 23 13:38:42 +0000 2016"}
{"polarity": 0.5, "location": "Atlanta, GA", "sentiment": "positive", "time": "Wed Nov 23 13:38:58 +0000 2016"}
{"polarity": 0.0, "location": "Boston, MA", "sentiment": "neutral", "time": "Wed Nov 23 13:21:02 +0000 2016"}
{"polarity": 0.0, "location": "Portland, OR", "sentiment": "neutral", "time": "Wed Nov 23 13:21:06 +0000 2016"}
{"polarity": 0.06818181818181818, "location": "Phoenix, AZ", "sentiment": "positive", "time": "Wed Nov 23 13:21:16 +0000 2016"}
{"polarity": 0.0, "location": "New York, NY", "sentiment": "neutral", "time": "Wed Nov 23 13:21:29 +0000 2016"}
{"polarity": 0.375, "location": "New York, NY", "sentiment": "positive", "time": "Wed Nov 23 13:21:32 +0000 2016"}
{"polarity": -0.5, "location": "Portland, OR", "sentiment": "negative", "time": "Wed Nov 23 13:17:27 +0000 2016"}
{"polarity": 0.0, "location": "Orlando, FL", "sentiment": "neutral", "time": "Wed Nov 23 13:17:40 +0000 2016"}
{"polarity": 0.0, "location": "New York, NY", "sentiment": "neutral", "time": "Wed Nov 23 13:17:43 +0000 2016"}
{"polarity": -0.025, "location": "Atlanta, GA", "sentiment": "negative", "time": "Wed Nov 23 13:17:53 +0000 2016"}
{"polarity": 0.0, "location": "Boston, MA", "sentiment": "neutral", "time": "Wed Nov 23 13:17:55 +0000 2016"}
{"polarity": 0.0, "location": "Boston, MA", "sentiment": "neutral", "time": "Wed Nov 23 13:12:11 +0000 2016"}
{"polarity": 0.0, "location": "Orlando, FL", "sentiment": "neutral", "time": "Wed Nov 23 13:12:11 +0000 2016"}
{"polarity": 0.0, "location": "Atlanta, GA", "sentiment": "neutral", "time": "Wed Nov 23 13:12:33 +0000 2016"}
{"polarity": 0.1, "location": "Portland, OR", "sentiment": "positive", "time": "Wed Nov 23 13:12:44 +0000 2016"}
{"polarity": 0.0, "location": "Boston, MA", "sentiment": "neutral", "time": "Wed Nov 23 13:12:53 +0000 2016"}
{"polarity": 0.0, "location": "New York, NY", "sentiment": "neutral", "time": "Wed Nov 23 13:29:13 +0000 2016"}
{"polarity": 0.11249999999999999, "location": "Atlanta, GA", "sentiment": "positive", "time": "Wed Nov 23 13:29:26 +0000 2016"}
{"polarity": 0.0, "location": "Boston, MA", "sentiment": "neutral", "time": "Wed Nov 23 13:29:37 +0000 2016"}
{"polarity": 0.0, "location": "Phoenix, AZ", "sentiment": "neutral", "time": "Wed Nov 23 13:18:08 +0000 2016"}
{"polarity": 0.1, "location": "New York, NY", "sentiment": "positive", "time": "Wed Nov 23 13:18:10 +0000 2016"}
{"polarity": 0.0, "location": "Orlando, FL", "sentiment": "neutral", "time": "Wed Nov 23 13:18:23 +0000 2016"}
{"polarity": 0.0, "location": "New York, NY", "sentiment": "neutral", "time": "Wed Nov 23 13:18:38 +0000 2016"}
{"polarity": 0.0, "location": "San Diego, CA", "sentiment": "neutral", "time": "Wed Nov 23 13:18:39 +0000 2016"}
{"polarity": 0.5, "location": "New York, NY", "sentiment": "positive", "time": "Wed Nov 23 13:18:40 +0000 2016"}
{"polarity": 0.16666666666666666, "location": "New York, NY", "sentiment": "positive", "time": "Wed Nov 23 13:18:51 +0000 2016"}
{"polarity": 0.0, "location": "New York, NY", "sentiment": "neutral", "time": "Wed Nov 23 13:46:10 +0000 2016"}
{"polarity": 0.25, "location": "New York, NY", "sentiment": "positive", "time": "Wed Nov 23 13:46:27 +0000 2016"}
{"polarity": 0.8, "location": "New York, NY", "sentiment": "positive", "time": "Wed Nov 23 13:46:27 +0000 2016"}
{"polarity": 0.55, "location": "Orlando, FL", "sentiment": "positive", "time": "Wed Nov 23 13:46:29 +0000 2016"}
{"polarity": -0.6, "location": "Boston, MA", "sentiment": "negative", "time": "Wed Nov 23 13:46:36 +0000 2016"}
{"polarity": 0.0, "location": "Atlanta, GA", "sentiment": "neutral", "time": "Wed Nov 23 13:46:37 +0000 2016"}
{"polarity": 0.0, "location": "New York, NY", "sentiment": "neutral", "time": "Wed Nov 23 13:46:47 +0000 2016"}
{"polarity": 0.0, "location": "Seattle, WA", "sentiment": "neutral", "time": "Wed Nov 23 13:46:58 +0000 2016"}
{"polarity": 0.05, "location": "Orlando, FL", "sentiment": "positive", "time": "Wed Nov 23 13:00:00 +0000 2016"}
{"polarity": 0.0, "location": "Orlando, FL", "sentiment": "neutral", "time": "Wed Nov 23 13:00:02 +0000 2016"}
{"polarity": 0.0, "location": "New York, NY", "sentiment": "neutral", "time": "Wed Nov 23 13:00:07 +0000 2016"}
{"polarity": 0.2, "location": "Boston, MA", "sentiment": "positive", "time": "Wed Nov 23 13:00:07 +0000 2016"}
{"polarity": 0.43333333333333335, "location": "New York, NY", "sentiment": "positive", "time": "Wed Nov 23 13:00:12 +0000 2016"}
{"polarity": 0.0, "location": "New York, NY", "sentiment": "neutral", "time": "Wed Nov 23 13:00:13 +0000 2016"}
{"polarity": 0.0, "location": "New York, NY", "sentiment": "neutral", "time": "Wed Nov 23 13:00:16 +0000 2016"}
{"polarity": 0.0, "location": "Atlanta, GA", "sentiment": "neutral", "time": "Wed Nov 23 13:00:19 +0000 2016"}
{"polarity": 0.0, "location": "San Diego, CA", "sentiment": "neutral", "time": "Wed Nov 23 13:00:26 +0000 2016"}
{"polarity": 0.0, "location": "Atlanta, GA", "sentiment": "neutral", "time": "Wed Nov 23 13:00:33 +0000 2016"}
{"polarity": 0.0, "location": "San Diego, CA", "sentiment": "neutral", "time": "Wed Nov 23 13:00:39 +0000 2016"}
{"polarity": 0.37857142857142856, "location": "New York, NY", "sentiment": "positive", "time": "Wed Nov 23 13:00:43 +0000 2016"}
{"polarity": 0.0, "location": "New York, NY", "sentiment": "neutral", "time": "Wed Nov 23 13:00:45 +0000 2016"}
{"polarity": -0.175, "location": "Orlando, FL", "sentiment": "negative", "time": "Wed Nov 23 13:00:53 +0000 2016"}
{"polarity": 0.0, "location": "Seattle, WA", "sentiment": "neutral", "time": "Wed Nov 23 13:34:20 +0000 2016"}
{"polarity": 0.0, "location": "Phoenix, AZ", "sentiment": "neutral", "time": "Wed Nov 23 13:34:30 +0000 2016"}
{"polarity": 0.0, "location": "Atlanta, GA", "sentiment": "neutral", "time": "Wed Nov 23 13:34:41 +0000 2016"}
{"polarity": 0.0, "location": "Orlando, FL", "sentiment": "neutral", "time": "Wed Nov 23 13:34:59 +0000 2016"}
{"polarity": 0.0, "location": "Orlando, FL", "sentiment": "neutral", "time": "Wed Nov 23 13:05:06 +0000 2016"}
{"polarity": 0.3203125, "location": "New York, NY", "sentiment": "positive", "time": "Wed Nov 23 13:05:07 +0000 2016"}
{"polarity": 0.0, "location": "Boston, MA", "sentiment": "neutral", "time": "Wed Nov 23 13:05:16 +0000 2016"}
{"polarity": 0.0, "location": "New York, NY", "sentiment": "neutral", "time": "Wed Nov 23 13:05:22 +0000 2016"}
{"polarity": 0.0, "location": "Seattle, WA", "sentiment": "neutral", "time": "Wed Nov 23 13:05:24 +0000 2016"}
{"polarity": 0.0, "location": "Seattle, WA", "sentiment": "neutral", "time": "Wed Nov 23 13:05:37 +0000 2016"}
{"polarity": -0.30000000000000004, "location": "Atlanta, GA", "sentiment": "negative", "time": "Wed Nov 23 13:05:42 +0000 2016"}
{"polarity": -0.75, "location": "Orlando, FL", "sentiment": "negative", "time": "Wed Nov 23 13:05:45 +0000 2016"}
{"polarity": 0.0, "location": "Orlando, FL", "sentiment": "neutral", "time": "Wed Nov 23 13:05:53 +0000 2016"}
{"polarity": 0.13636363636363635, "location": "New York, NY", "sentiment": "positive", "time": "Wed Nov 23 13:11:04 +0000 2016"}
{"polarity": 0.0, "location": "Boston, MA", "sentiment": "neutral", "time": "Wed Nov 23 13:11:08 +0000 2016"}
{"polarity": -0.025, "location": "New York, NY", "sentiment": "negative", "time": "Wed Nov 23 13:11:09 +0000 2016"}
{"polarity": 0.0, "location": "Orlando, FL", "sentiment": "neutral", "time": "Wed Nov 23 13:11:15 +0000 2016"}
{"polarity": 0.0, "location": "Phoenix, AZ", "sentiment": "neutral", "time": "Wed Nov 23 13:11:52 +0000 2016"}
{"polarity": 0.4, "location": "Atlanta, GA", "sentiment": "positive", "time": "Wed Nov 23 13:56:02 +0000 2016"}
{"polarity": 0.0, "location": "New York, NY", "sentiment": "neutral", "time": "Wed Nov 23 13:56:18 +0000 2016"}
{"polarity": 0.3333333333333333, "location": "Seattle, WA", "sentiment": "positive", "time": "Wed Nov 23 13:56:21 +0000 2016"}
{"polarity": 0.0, "location": "New York, NY", "sentiment": "neutral", "time": "Wed Nov 23 13:56:36 +0000 2016"}
{"polarity": -0.3125, "location": "Orlando, FL", "sentiment": "negative", "time": "Wed Nov 23 13:56:40 +0000 2016"}
{"polarity": 0.15, "location": "Boston, MA", "sentiment": "positive", "time": "Wed Nov 23 13:56:42 +0000 2016"}
{"polarity": 0.30000000000000004, "location": "New York, NY", "sentiment": "positive", "time": "Wed Nov 23 13:47:07 +0000 2016"}
{"polarity": 0.16666666666666666, "location": "New York, NY", "sentiment": "positive", "time": "Wed Nov 23 13:47:17 +0000 2016"}
{"polarity": 0.1, "location": "San Diego, CA", "sentiment": "positive", "time": "Wed Nov 23 13:47:39 +0000 2016"}
{"polarity": 0.5, "location": "New York, NY", "sentiment": "positive", "time": "Wed Nov 23 13:47:54 +0000 2016"}
{"polarity": 0.2272727272727273, "location": "New York, NY", "sentiment": "positive", "time": "Wed Nov 23 13:47:56 +0000 2016"}
{"polarity": -0.5, "location": "Boston, MA", "sentiment": "negative", "time": "Wed Nov 23 13:47:57 +0000 2016"}
{"polarity": 0.10714285714285714, "location": "Portland, OR", "sentiment": "positive", "time": "Wed Nov 23 13:52:04 +0000 2016"}
{"polarity": 0.0, "location": "San Diego, CA", "sentiment": "neutral", "time": "Wed Nov 23 13:52:34 +0000 2016"}
{"polarity": 0.0, "location": "Boston, MA", "sentiment": "neutral", "time": "Wed Nov 23 13:52:38 +0000 2016"}
{"polarity": -0.16666666666666666, "location": "Atlanta, GA", "sentiment": "negative", "time": "Wed Nov 23 13:52:40 +0000 2016"}
{"polarity": 0.0, "location": "Phoenix, AZ", "sentiment": "neutral", "time": "Wed Nov 23 13:52:50 +0000 2016"}
{"polarity": 0.0, "location": "Boston, MA", "sentiment": "neutral", "time": "Wed Nov 23 13:52:52 +0000 2016"}
{"polarity": 0.0, "location": "St. Louis, MO", "sentiment": "neutral", "time": "Wed Nov 23 13:53:01 +0000 2016"}
{"polarity": 0.0, "location": "Boston, MA", "sentiment": "neutral", "time": "Wed Nov 23 13:53:04 +0000 2016"}
{"polarity": 0.5, "location": "Kansas City, KS", "sentiment": "positive", "time": "Wed Nov 23 13:53:07 +0000 2016"}
{"polarity": 0.0, "location": "Atlanta, GA", "sentiment": "neutral", "time": "Wed Nov 23 13:53:10 +0000 2016"}
{"polarity": 0.0, "location": "New York, NY", "sentiment": "neutral", "time": "Wed Nov 23 13:53:16 +0000 2016"}
{"polarity": 0.3, "location": "Atlanta, GA", "sentiment": "positive", "time": "Wed Nov 23 13:53:21 +0000 2016"}
{"polarity": 0.0, "location": "Boston, MA", "sentiment": "neutral", "time": "Wed Nov 23 13:53:22 +0000 2016"}
{"polarity": 0.4, "location": "Atlanta, GA", "sentiment": "positive", "time": "Wed Nov 23 13:53:24 +0000 2016"}
{"polarity": 0.0, "location": "Atlanta, GA", "sentiment": "neutral", "time": "Wed Nov 23 13:53:31 +0000 2016"}
{"polarity": 0.0, "location": "San Diego, CA", "sentiment": "neutral", "time": "Wed Nov 23 13:02:09 +0000 2016"}
{"polarity": 0.0, "location": "Orlando, FL", "sentiment": "neutral", "time": "Wed Nov 23 13:02:58 +0000 2016"}
{"polarity": 0.0, "location": "Portland, OR", "sentiment": "neutral", "time": "Wed Nov 23 13:48:26 +0000 2016"}
{"polarity": 0.0, "location": "Atlanta, GA", "sentiment": "neutral", "time": "Wed Nov 23 13:48:44 +0000 2016"}
{"polarity": 0.0, "location": "New York, NY", "sentiment": "neutral", "time": "Wed Nov 23 13:48:44 +0000 2016"}
{"polarity": 0.2, "location": "New York, NY", "sentiment": "positive", "time": "Wed Nov 23 13:48:50 +0000 2016"}
{"polarity": 0.375, "location": "Atlanta, GA", "sentiment": "positive", "time": "Wed Nov 23 13:48:54 +0000 2016"}
{"polarity": -0.3125, "location": "New York, NY", "sentiment": "negative", "time": "Wed Nov 23 13:25:05 +0000 2016"}
{"polarity": -0.3125, "location": "New York, NY", "sentiment": "negative", "time": "Wed Nov 23 13:25:08 +0000 2016"}
{"polarity": 0.3125, "location": "Atlanta, GA", "sentiment": "positive", "time": "Wed Nov 23 13:25:13 +0000 2016"}
{"polarity": 0.0, "location": "New York, NY", "sentiment": "neutral", "time": "Wed Nov 23 13:25:14 +0000 2016"}
{"polarity": 0.65, "location": "Boston, MA", "sentiment": "positive", "time": "Wed Nov 23 13:25:26 +0000 2016"}
{"polarity": -0.2, "location": "Boston, MA", "sentiment": "negative", "time": "Wed Nov 23 13:25:31 +0000 2016"}
{"polarity": 0.16193181818181818, "location": "Phoenix, AZ", "sentiment": "positive", "time": "Wed Nov 23 13:25:34 +0000 2016"}
{"polarity": 0.0, "location": "Atlanta, GA", "sentiment": "neutral", "time": "Wed Nov 23 13:25:42 +0000 2016"}
{"polarity": -0.07500000000000001, "location": "Boston, MA", "sentiment": "negative", "time": "Wed Nov 23 13:25:48 +0000 2016"}
{"polarity": 0.1, "location": "Portland, OR", "sentiment": "positive", "time": "Wed Nov 23 13:16:08 +0000 2016"}
{"polarity": 0.0, "location": "Orlando, FL", "sentiment": "neutral", "time": "Wed Nov 23 13:16:11 +0000 2016"}
{"polarity": 0.21428571428571427, "location": "Atlanta, GA", "sentiment": "positive", "time": "Wed Nov 23 13:16:12 +0000 2016"}
{"polarity": 0.0, "location": "Orlando, FL", "sentiment": "neutral", "time": "Wed Nov 23 13:16:16 +0000 2016"}
{"polarity": 0.55, "location": "New York, NY", "sentiment": "positive", "time": "Wed Nov 23 13:16:26 +0000 2016"}
{"polarity": -1.0, "location": "Boston, MA", "sentiment": "negative", "time": "Wed Nov 23 13:16:32 +0000 2016"}
{"polarity": 0.0, "location": "New York, NY", "sentiment": "neutral", "time": "Wed Nov 23 13:16:34 +0000 2016"}
{"polarity": 0.0, "location": "New York, NY", "sentiment": "neutral", "time": "Wed Nov 23 13:16:36 +0000 2016"}
{"polarity": 0.0, "location": "Boston, MA", "sentiment": "neutral", "time": "Wed Nov 23 13:16:48 +0000 2016"}
{"polarity": 0.0, "location": "Portland, OR", "sentiment": "neutral", "time": "Wed Nov 23 13:16:57 +0000 2016"}
{"polarity": 0.0, "location": "New York, NY", "sentiment": "neutral", "time": "Wed Nov 23 13:14:03 +0000 2016"}
{"polarity": 0.0, "location": "Atlanta, GA", "sentiment": "neutral", "time": "Wed Nov 23 13:14:12 +0000 2016"}
{"polarity": 0.0, "location": "Orlando, FL", "sentiment": "neutral", "time": "Wed Nov 23 13:14:14 +0000 2016"}
{"polarity": -0.23076923076923078, "location": "Boston, MA", "sentiment": "negative", "time": "Wed Nov 23 13:14:21 +0000 2016"}
{"polarity": 0.5, "location": "New York, NY", "sentiment": "positive", "time": "Wed Nov 23 13:14:44 +0000 2016"}
{"polarity": 0.21428571428571427, "location": "New York, NY", "sentiment": "positive", "time": "Wed Nov 23 13:23:20 +0000 2016"}
{"polarity": 0.0, "location": "Orlando, FL", "sentiment": "neutral", "time": "Wed Nov 23 13:23:20 +0000 2016"}
{"polarity": 0.0, "location": "St. Louis, MO", "sentiment": "neutral", "time": "Wed Nov 23 13:23:30 +0000 2016"}
{"polarity": 0.45000000000000007, "location": "Atlanta, GA", "sentiment": "positive", "time": "Wed Nov 23 13:23:54 +0000 2016"}
{"polarity": 0.0, "location": "Orlando, FL", "sentiment": "neutral", "time": "Wed Nov 23 13:23:57 +0000 2016"}
{"polarity": 0.6000000000000001, "location": "Portland, OR", "sentiment": "positive", "time": "Wed Nov 23 13:07:02 +0000 2016"}
{"polarity": 0.0, "location": "New York, NY", "sentiment": "neutral", "time": "Wed Nov 23 13:07:37 +0000 2016"}
{"polarity": -0.41666666666666663, "location": "New York, NY", "sentiment": "negative", "time": "Wed Nov 23 13:07:39 +0000 2016"}
{"polarity": 0.0, "location": "New York, NY", "sentiment": "neutral", "time": "Wed Nov 23 13:07:41 +0000 2016"}
{"polarity": -0.1875, "location": "Phoenix, AZ", "sentiment": "negative", "time": "Wed Nov 23 13:07:48 +0000 2016"}
{"polarity": 0.05000000000000002, "location": "New York, NY", "sentiment": "positive", "time": "Wed Nov 23 13:07:58 +0000 2016"}
{"polarity": 0.19999999999999998, "location": "Phoenix, AZ", "sentiment": "positive", "time": "Wed Nov 23 13:51:34 +0000 2016"}
{"polarity": 0.0, "location": "Portland, OR", "sentiment": "neutral", "time": "Wed Nov 23 13:51:34 +0000 2016"}
{"polarity": 0.15, "location": "Boston, MA", "sentiment": "positive", "time": "Wed Nov 23 13:51:37 +0000 2016"}
{"polarity": 0.0, "location": "New York, NY", "sentiment": "neutral", "time": "Wed Nov 23 13:51:38 +0000 2016"}
{"polarity": 0.0, "location": "New York, NY", "sentiment": "neutral", "time": "Wed Nov 23 13:51:39 +0000 2016"}
{"polarity": -0.3, "location": "New York, NY", "sentiment": "negative", "time": "Wed Nov 23 13:51:47 +0000 2016"}
{"polarity": 0.09999999999999999, "location": "Boston, MA", "sentiment": "positive", "time": "Wed Nov 23 13:51:47 +0000 2016"}
{"polarity": -0.16666666666666666, "location": "Portland, OR", "sentiment": "negative", "time": "Wed Nov 23 13:51:48 +0000 2016"}
{"polarity": 0.5, "location": "Boston, MA", "sentiment": "positive", "time": "Wed Nov 23 13:30:02 +0000 2016"}
{"polarity": 0.0, "location": "Orlando, FL", "sentiment": "neutral", "time": "Wed Nov 23 13:30:02 +0000 2016"}
{"polarity": 0.0, "location": "New York, NY", "sentiment": "neutral", "time": "Wed Nov 23 13:30:03 +0000 2016"}
{"polarity": 0.25, "location": "Boston, MA", "sentiment": "positive", "time": "Wed Nov 23 13:30:10 +0000 2016"}
{"polarity": 0.8, "location": "St. Louis, MO", "sentiment": "positive", "time": "Wed Nov 23 13:30:17 +0000 2016"}
{"polarity": 0.5000000000000001, "location": "New York, NY", "sentiment": "positive", "time": "Wed Nov 23 13:30:36 +0000 2016"}
{"polarity": -0.5, "location": "Phoenix, AZ", "sentiment": "negative", "time": "Wed Nov 23 13:30:51 +0000 2016"}
{"polarity": 0.0, "location": "Seattle, WA", "sentiment": "neutral", "time": "Wed Nov 23 13:30:57 +0000 2016"}
{"polarity": 0.0, "location": "Boston, MA", "sentiment": "neutral", "time": "Wed Nov 23 13:03:14 +0000 2016"}
{"polarity": 0.0, "location": "New York, NY", "sentiment": "neutral", "time": "Wed Nov 23 13:03:18 +0000 2016"}
{"polarity": 0.64, "location": "Boston, MA", "sentiment": "positive", "time": "Wed Nov 23 13:03:22 +0000 2016"}
{"polarity": 0.075, "location": "Atlanta, GA", "sentiment": "positive", "time": "Wed Nov 23 13:03:22 +0000 2016"}
{"polarity": 0.41666666666666663, "location": "New York, NY", "sentiment": "positive", "time": "Wed Nov 23 13:03:23 +0000 2016"}
{"polarity": 0.0, "location": "Atlanta, GA", "sentiment": "neutral", "time": "Wed Nov 23 13:03:25 +0000 2016"}
{"polarity": 0.625, "location": "Atlanta, GA", "sentiment": "positive", "time": "Wed Nov 23 13:03:45 +0000 2016"}
{"polarity": 0.0, "location": "Atlanta, GA", "sentiment": "neutral", "time": "Wed Nov 23 13:03:51 +0000 2016"}
{"polarity": -0.14375, "location": "New York, NY", "sentiment": "negative", "time": "Wed Nov 23 13:40:00 +0000 2016"}
{"polarity": 0.20833333333333334, "location": "New York, NY", "sentiment": "positive", "time": "Wed Nov 23 13:40:06 +0000 2016"}
{"polarity": 0.0, "location": "Boston, MA", "sentiment": "neutral", "time": "Wed Nov 23 13:40:10 +0000 2016"}
{"polarity": 0.5, "location": "Boston, MA", "sentiment": "positive", "time": "Wed Nov 23 13:40:11 +0000 2016"}
{"polarity": 0.0, "location": "New York, NY", "sentiment": "neutral", "time": "Wed Nov 23 13:40:18 +0000 2016"}
{"polarity": 0.6, "location": "New York, NY", "sentiment": "positive", "time": "Wed Nov 23 13:40:46 +0000 2016"}
{"polarity": 0.05, "location": "New York, NY", "sentiment": "positive", "time": "Wed Nov 23 13:40:54 +0000 2016"}
{"polarity": 0.7, "location": "New York, NY", "sentiment": "positive", "time": "Wed Nov 23 13:08:06 +0000 2016"}
{"polarity": 0.0, "location": "Phoenix, AZ", "sentiment": "neutral", "time": "Wed Nov 23 13:08:12 +0000 2016"}
{"polarity": 0.6, "location": "Boston, MA", "sentiment": "positive", "time": "Wed Nov 23 13:08:23 +0000 2016"}
{"polarity": 0.0, "location": "Portland, OR", "sentiment": "neutral", "time": "Wed Nov 23 13:08:26 +0000 2016"}
{"polarity": 0.0, "location": "New York, NY", "sentiment": "neutral", "time": "Wed Nov 23 13:08:32 +0000 2016"}
{"polarity": 0.4791666666666667, "location": "Boston, MA", "sentiment": "positive", "time": "Wed Nov 23 13:08:54 +0000 2016"}
{"polarity": -0.4, "location": "San Diego, CA", "sentiment": "negative", "time": "Wed Nov 23 13:35:05 +0000 2016"}
{"polarity": 0.0, "location": "New York, NY", "sentiment": "neutral", "time": "Wed Nov 23 13:35:10 +0000 2016"}
{"polarity": 0.5454545454545454, "location": "Seattle, WA", "sentiment": "positive", "time": "Wed Nov 23 13:35:28 +0000 2016"}
{"polarity": 0.0, "location": "San Diego, CA", "sentiment": "neutral", "time": "Wed Nov 23 13:35:37 +0000 2016"}
{"polarity": -0.59375, "location": "Boston, MA", "sentiment": "negative", "time": "Wed Nov 23 13:35:38 +0000 2016"}
{"polarity": 0.3, "location": "Orlando, FL", "sentiment": "positive", "time": "Wed Nov 23 13:35:40 +0000 2016"}
{"polarity": 0.0, "location": "Atlanta, GA", "sentiment": "neutral", "time": "Wed Nov 23 13:43:28 +0000 2016"}
{"polarity": 0.2681818181818182, "location": "Seattle, WA", "sentiment": "positive", "time": "Wed Nov 23 13:43:35 +0000 2016"}
{"polarity": 0.0, "location": "San Diego, CA", "sentiment": "neutral", "time": "Wed Nov 23 13:43:48 +0000 2016"}
{"polarity": -0.05, "location": "St. Louis, MO", "sentiment": "negative", "time": "Wed Nov 23 13:43:54 +0000 2016"}
{"polarity": 0.0, "location": "Boston, MA", "sentiment": "neutral", "time": "Wed Nov 23 13:43:56 +0000 2016"}
{"polarity": 0.0, "location": "San Diego, CA", "sentiment": "neutral", "time": "Wed Nov 23 13:43:57 +0000 2016"}
{"polarity": -0.04999999999999999, "location": "New York, NY", "sentiment": "negative", "time": "Wed Nov 23 13:10:14 +0000 2016"}
{"polarity": 0.03409090909090909, "location": "New York, NY", "sentiment": "positive", "time": "Wed Nov 23 13:10:24 +0000 2016"}
{"polarity": -0.2916666666666667, "location": "Atlanta, GA", "sentiment": "negative", "time": "Wed Nov 23 13:10:27 +0000 2016"}
{"polarity": 0.0, "location": "New York, NY", "sentiment": "neutral", "time": "Wed Nov 23 13:10:31 +0000 2016"}
{"polarity": 0.0, "location": "Portland, OR", "sentiment": "neutral", "time": "Wed Nov 23 13:10:37 +0000 2016"}
{"polarity": 0.5, "location": "Boston, MA", "sentiment": "positive", "time": "Wed Nov 23 13:10:49 +0000 2016"}
{"polarity": 0.16666666666666666, "location": "Atlanta, GA", "sentiment": "positive", "time": "Wed Nov 23 13:54:04 +0000 2016"}
{"polarity": 0.0, "location": "Seattle, WA", "sentiment": "neutral", "time": "Wed Nov 23 13:54:11 +0000 2016"}
{"polarity": 0.37500000000000006, "location": "Boston, MA", "sentiment": "positive", "time": "Wed Nov 23 13:54:18 +0000 2016"}
{"polarity": -0.78125, "location": "Phoenix, AZ", "sentiment": "negative", "time": "Wed Nov 23 13:54:18 +0000 2016"}
{"polarity": -0.4, "location": "Atlanta, GA", "sentiment": "negative", "time": "Wed Nov 23 13:54:33 +0000 2016"}
{"polarity": 0.0, "location": "New York, NY", "sentiment": "neutral", "time": "Wed Nov 23 13:54:35 +0000 2016"}
{"polarity": 0.0, "location": "Portland, OR", "sentiment": "neutral", "time": "Wed Nov 23 13:54:41 +0000 2016"}
{"polarity": 0.0, "location": "San Diego, CA", "sentiment": "neutral", "time": "Wed Nov 23 13:54:49 +0000 2016"}
{"polarity": 0.0, "location": "Seattle, WA", "sentiment": "neutral", "time": "Wed Nov 23 13:24:05 +0000 2016"}
{"polarity": -0.025, "location": "Atlanta, GA", "sentiment": "negative", "time": "Wed Nov 23 13:24:05 +0000 2016"}
{"polarity": 0.0, "location": "San Diego, CA", "sentiment": "neutral", "time": "Wed Nov 23 13:24:15 +0000 2016"}
{"polarity": 0.0, "location": "San Diego, CA", "sentiment": "neutral", "time": "Wed Nov 23 13:24:39 +0000 2016"}
{"polarity": 0.8, "location": "Seattle, WA", "sentiment": "positive", "time": "Wed Nov 23 13:32:04 +0000 2016"}
{"polarity": -0.08333333333333331, "location": "Atlanta, GA", "sentiment": "negative", "time": "Wed Nov 23 13:32:06 +0000 2016"}
{"polarity": -0.05, "location": "San Diego, CA", "sentiment": "negative", "time": "Wed Nov 23 13:32:09 +0000 2016"}
{"polarity": 0.6, "location": "New York, NY", "sentiment": "positive", "time": "Wed Nov 23 13:32:12 +0000 2016"}
{"polarity": 0.375, "location": "Phoenix, AZ", "sentiment": "positive", "time": "Wed Nov 23 13:32:27 +0000 2016"}
{"polarity": -0.06666666666666665, "location": "Seattle, WA", "sentiment": "negative", "time": "Wed Nov 23 13:32:28 +0000 2016"}
{"polarity": 0.25, "location": "Atlanta, GA", "sentiment": "positive", "time": "Wed Nov 23 13:32:37 +0000 2016"}
{"polarity": -0.2, "location": "New York, NY", "sentiment": "negative", "time": "Wed Nov 23 13:32:51 +0000 2016"}
{"polarity": 0.0, "location": "Seattle, WA", "sentiment": "neutral", "time": "Wed Nov 23 13:32:56 +0000 2016"}
{"polarity": 0.0, "location": "New York, NY", "sentiment": "neutral", "time": "Wed Nov 23 13:32:54 +0000 2016"}
{"polarity": 0.0, "location": "New York, NY", "sentiment": "neutral", "time": "Wed Nov 23 13:32:54 +0000 2016"}
{"polarity": 0.0, "location": "Boston, MA", "sentiment": "neutral", "time": "Wed Nov 23 13:36:15 +0000 2016"}
{"polarity": 0.4, "location": "New York, NY", "sentiment": "positive", "time": "Wed Nov 23 13:36:29 +0000 2016"}
{"polarity": 0.0, "location": "New York, NY", "sentiment": "neutral", "time": "Wed Nov 23 13:36:45 +0000 2016"}
{"polarity": 0.0, "location": "New York, NY", "sentiment": "neutral", "time": "Wed Nov 23 13:36:45 +0000 2016"}
{"polarity": 0.4833333333333334, "location": "Boston, MA", "sentiment": "positive", "time": "Wed Nov 23 13:36:58 +0000 2016"}
{"polarity": -0.2, "location": "Boston, MA", "sentiment": "negative", "time": "Wed Nov 23 13:01:00 +0000 2016"}
{"polarity": 0.19318181818181818, "location": "New York, NY", "sentiment": "positive", "time": "Wed Nov 23 13:01:08 +0000 2016"}
{"polarity": 0.0, "location": "Boston, MA", "sentiment": "neutral", "time": "Wed Nov 23 13:01:10 +0000 2016"}
{"polarity": 0.425, "location": "New York, NY", "sentiment": "positive", "time": "Wed Nov 23 13:01:13 +0000 2016"}
{"polarity": 0.7, "location": "Seattle, WA", "sentiment": "positive", "time": "Wed Nov 23 13:01:19 +0000 2016"}
{"polarity": 0.2875, "location": "New York, NY", "sentiment": "positive", "time": "Wed Nov 23 13:01:21 +0000 2016"}
{"polarity": 0.0, "location": "San Diego, CA", "sentiment": "neutral", "time": "Wed Nov 23 13:01:22 +0000 2016"}
{"polarity": 0.0, "location": "Atlanta, GA", "sentiment": "neutral", "time": "Wed Nov 23 13:01:26 +0000 2016"}
{"polarity": 0.0, "location": "Boston, MA", "sentiment": "neutral", "time": "Wed Nov 23 13:01:26 +0000 2016"}
{"polarity": 0.0, "location": "Atlanta, GA", "sentiment": "neutral", "time": "Wed Nov 23 13:01:27 +0000 2016"}
{"polarity": 0.0, "location": "Boston, MA", "sentiment": "neutral", "time": "Wed Nov 23 13:01:49 +0000 2016"}
{"polarity": 0.07878787878787878, "location": "Atlanta, GA", "sentiment": "positive", "time": "Wed Nov 23 13:01:51 +0000 2016"}
{"polarity": 0.0, "location": "San Diego, CA", "sentiment": "neutral", "time": "Wed Nov 23 13:55:00 +0000 2016"}
{"polarity": 0.0, "location": "Boston, MA", "sentiment": "neutral", "time": "Wed Nov 23 13:55:03 +0000 2016"}
{"polarity": 0.8, "location": "New York, NY", "sentiment": "positive", "time": "Wed Nov 23 13:55:19 +0000 2016"}
{"polarity": 0.3333333333333333, "location": "Orlando, FL", "sentiment": "positive", "time": "Wed Nov 23 13:55:32 +0000 2016"}
{"polarity": 0.08333333333333334, "location": "New York, NY", "sentiment": "positive", "time": "Wed Nov 23 13:55:42 +0000 2016"}
{"polarity": 0.0, "location": "Seattle, WA", "sentiment": "neutral", "time": "Wed Nov 23 13:55:44 +0000 2016"}
{"polarity": 0.0, "location": "Seattle, WA", "sentiment": "neutral", "time": "Wed Nov 23 13:55:58 +0000 2016"}
{"polarity": 0.2, "location": "New York, NY", "sentiment": "positive", "time": "Wed Nov 23 13:09:00 +0000 2016"}
{"polarity": 0.2, "location": "New York, NY", "sentiment": "positive", "time": "Wed Nov 23 13:09:46 +0000 2016"}
{"polarity": 0.0, "location": "New York, NY", "sentiment": "neutral", "time": "Wed Nov 23 13:33:06 +0000 2016"}
{"polarity": 0.0, "location": "Orlando, FL", "sentiment": "neutral", "time": "Wed Nov 23 13:33:06 +0000 2016"}
{"polarity": 0.0, "location": "Orlando, FL", "sentiment": "neutral", "time": "Wed Nov 23 13:33:06 +0000 2016"}
{"polarity": 0.2857142857142857, "location": "Boston, MA", "sentiment": "positive", "time": "Wed Nov 23 13:33:17 +0000 2016"}
{"polarity": 0.0, "location": "Atlanta, GA", "sentiment": "neutral", "time": "Wed Nov 23 13:33:20 +0000 2016"}
{"polarity": 0.0, "location": "New York, NY", "sentiment": "neutral", "time": "Wed Nov 23 13:33:25 +0000 2016"}
{"polarity": 0.5, "location": "Boston, MA", "sentiment": "positive", "time": "Wed Nov 23 13:33:28 +0000 2016"}
{"polarity": 0.0, "location": "New York, NY", "sentiment": "neutral", "time": "Wed Nov 23 13:33:46 +0000 2016"}
{"polarity": 0.2272727272727273, "location": "New York, NY", "sentiment": "positive", "time": "Wed Nov 23 13:44:08 +0000 2016"}
{"polarity": 0.25, "location": "New York, NY", "sentiment": "positive", "time": "Wed Nov 23 13:44:20 +0000 2016"}
{"polarity": 0.8, "location": "New York, NY", "sentiment": "positive", "time": "Wed Nov 23 13:44:24 +0000 2016"}
{"polarity": 0.8, "location": "Phoenix, AZ", "sentiment": "positive", "time": "Wed Nov 23 13:44:29 +0000 2016"}
{"polarity": 0.0, "location": "Atlanta, GA", "sentiment": "neutral", "time": "Wed Nov 23 13:44:36 +0000 2016"}
{"polarity": 0.7, "location": "New York, NY", "sentiment": "positive", "time": "Wed Nov 23 13:28:05 +0000 2016"}
{"polarity": 0.0, "location": "Boston, MA", "sentiment": "neutral", "time": "Wed Nov 23 13:28:34 +0000 2016"}
{"polarity": -0.17708333333333331, "location": "Atlanta, GA", "sentiment": "negative", "time": "Wed Nov 23 13:28:49 +0000 2016"}
{"polarity": 0.0, "location": "Atlanta, GA", "sentiment": "neutral", "time": "Wed Nov 23 13:22:00 +0000 2016"}
{"polarity": -0.4, "location": "New York, NY", "sentiment": "negative", "time": "Wed Nov 23 13:22:06 +0000 2016"}
{"polarity": 0.0, "location": "New York, NY", "sentiment": "neutral", "time": "Wed Nov 23 13:22:10 +0000 2016"}
{"polarity": 0.0, "location": "Phoenix, AZ", "sentiment": "neutral", "time": "Wed Nov 23 13:22:12 +0000 2016"}
{"polarity": 0.0, "location": "Atlanta, GA", "sentiment": "neutral", "time": "Wed Nov 23 13:22:24 +0000 2016"}
{"polarity": 0.175, "location": "Portland, OR", "sentiment": "positive", "time": "Wed Nov 23 13:22:55 +0000 2016"}
{"polarity": 0.0, "location": "New York, NY", "sentiment": "neutral", "time": "Wed Nov 23 13:49:03 +0000 2016"}
{"polarity": 0.2, "location": "Orlando, FL", "sentiment": "positive", "time": "Wed Nov 23 13:49:10 +0000 2016"}
{"polarity": 0.45, "location": "Boston, MA", "sentiment": "positive", "time": "Wed Nov 23 13:49:13 +0000 2016"}
{"polarity": 0.0, "location": "Orlando, FL", "sentiment": "neutral", "time": "Wed Nov 23 13:49:22 +0000 2016"}
{"polarity": 0.5, "location": "Phoenix, AZ", "sentiment": "positive", "time": "Wed Nov 23 13:49:22 +0000 2016"}
{"polarity": 0.0, "location": "Orlando, FL", "sentiment": "neutral", "time": "Wed Nov 23 13:49:27 +0000 2016"}
{"polarity": 0.225, "location": "Boston, MA", "sentiment": "positive", "time": "Wed Nov 23 13:49:37 +0000 2016"}
{"polarity": 0.8, "location": "San Diego, CA", "sentiment": "positive", "time": "Wed Nov 23 13:49:40 +0000 2016"}
{"polarity": 0.5, "location": "New York, NY", "sentiment": "positive", "time": "Wed Nov 23 13:49:44 +0000 2016"}
{"polarity": 0.0, "location": "New York, NY", "sentiment": "neutral", "time": "Wed Nov 23 13:49:54 +0000 2016"}
{"polarity": -0.5, "location": "Atlanta, GA", "sentiment": "negative", "time": "Wed Nov 23 13:45:03 +0000 2016"}
{"polarity": 0.9, "location": "Orlando, FL", "sentiment": "positive", "time": "Wed Nov 23 13:45:05 +0000 2016"}
{"polarity": -0.125, "location": "San Diego, CA", "sentiment": "negative", "time": "Wed Nov 23 13:45:06 +0000 2016"}
{"polarity": 0.0, "location": "San Diego, CA", "sentiment": "neutral", "time": "Wed Nov 23 13:45:06 +0000 2016"}
{"polarity": 0.0, "location": "Atlanta, GA", "sentiment": "neutral", "time": "Wed Nov 23 13:45:07 +0000 2016"}
{"polarity": 0.04722222222222221, "location": "New York, NY", "sentiment": "positive", "time": "Wed Nov 23 13:45:08 +0000 2016"}
{"polarity": 0.0, "location": "New York, NY", "sentiment": "neutral", "time": "Wed Nov 23 13:45:09 +0000 2016"}
{"polarity": -0.03571428571428571, "location": "New York, NY", "sentiment": "negative", "time": "Wed Nov 23 13:45:33 +0000 2016"}
{"polarity": 0.0, "location": "Boston, MA", "sentiment": "neutral", "time": "Wed Nov 23 13:45:39 +0000 2016"}
{"polarity": 0.8, "location": "Boston, MA", "sentiment": "positive", "time": "Wed Nov 23 13:45:45 +0000 2016"}
{"polarity": 0.0, "location": "Boston, MA", "sentiment": "neutral", "time": "Wed Nov 23 13:45:48 +0000 2016"}
{"polarity": 0.0, "location": "Orlando, FL", "sentiment": "neutral", "time": "Wed Nov 23 13:06:04 +0000 2016"}
{"polarity": -0.36458333333333337, "location": "Atlanta, GA", "sentiment": "negative", "time": "Wed Nov 23 13:06:07 +0000 2016"}
{"polarity": 0.0, "location": "Orlando, FL", "sentiment": "neutral", "time": "Wed Nov 23 13:20:00 +0000 2016"}
{"polarity": 0.5, "location": "San Diego, CA", "sentiment": "positive", "time": "Wed Nov 23 13:20:14 +0000 2016"}
{"polarity": 0.0, "location": "Boston, MA", "sentiment": "neutral", "time": "Wed Nov 23 13:20:17 +0000 2016"}
{"polarity": 0.022222222222222213, "location": "Atlanta, GA", "sentiment": "positive", "time": "Wed Nov 23 13:20:36 +0000 2016"}
{"polarity": 0.0, "location": "New York, NY", "sentiment": "neutral", "time": "Wed Nov 23 13:20:50 +0000 2016"}
{"polarity": 0.0, "location": "New York, NY", "sentiment": "neutral", "time": "Wed Nov 23 13:20:57 +0000 2016"}
{"polarity": 0.06818181818181818, "location": "Phoenix, AZ", "sentiment": "positive", "time": "Wed Nov 23 13:20:57 +0000 2016"}
{"polarity": 0.0, "location": "Atlanta, GA", "sentiment": "neutral", "time": "Wed Nov 23 13:20:58 +0000 2016"}
{"polarity": 0.0, "location": "Orlando, FL", "sentiment": "neutral", "time": "Wed Nov 23 13:13:06 +0000 2016"}
{"polarity": 0.0, "location": "Boston, MA", "sentiment": "neutral", "time": "Wed Nov 23 13:13:07 +0000 2016"}
{"polarity": 0.0, "location": "San Diego, CA", "sentiment": "neutral", "time": "Wed Nov 23 13:13:14 +0000 2016"}
{"polarity": 0.0, "location": "Boston, MA", "sentiment": "neutral", "time": "Wed Nov 23 13:13:29 +0000 2016"}
{"polarity": 0.4, "location": "New York, NY", "sentiment": "positive", "time": "Wed Nov 23 13:13:34 +0000 2016"}
{"polarity": 0.0, "location": "Boston, MA", "sentiment": "neutral", "time": "Wed Nov 23 13:13:47 +0000 2016"}
{"polarity": 0.5833333333333334, "location": "Orlando, FL", "sentiment": "positive", "time": "Wed Nov 23 13:13:50 +0000 2016"}
{"polarity": -0.16666666666666666, "location": "Phoenix, AZ", "sentiment": "negative", "time": "Wed Nov 23 13:04:23 +0000 2016"}
{"polarity": -0.4, "location": "San Diego, CA", "sentiment": "negative", "time": "Wed Nov 23 13:04:59 +0000 2016"}
{"polarity": 0.0, "location": "Seattle, WA", "sentiment": "neutral", "time": "Thu Nov 24 04:39:03 +0000 2016"}
{"polarity": 0.25, "location": "New York, NY", "sentiment": "positive", "time": "Thu Nov 24 04:39:18 +0000 2016"}
{"polarity": 0.0, "location": "San Diego, CA", "sentiment": "neutral", "time": "Thu Nov 24 04:39:23 +0000 2016"}
{"polarity": 0.0, "location": "New York, NY", "sentiment": "neutral", "time": "Thu Nov 24 04:39:26 +0000 2016"}
{"polarity": 0.0, "location": "Portland, OR", "sentiment": "neutral", "time": "Thu Nov 24 04:39:28 +0000 2016"}
{"polarity": 0.2787878787878788, "location": "Seattle, WA", "sentiment": "positive", "time": "Thu Nov 24 04:39:30 +0000 2016"}
{"polarity": 0.0, "location": "Seattle, WA", "sentiment": "neutral", "time": "Thu Nov 24 04:39:37 +0000 2016"}
{"polarity": 0.0, "location": "Seattle, WA", "sentiment": "neutral", "time": "Thu Nov 24 04:39:38 +0000 2016"}
{"polarity": -0.4, "location": "New York, NY", "sentiment": "negative", "time": "Thu Nov 24 04:39:40 +0000 2016"}
{"polarity": 0.0, "location": "Atlanta, GA", "sentiment": "neutral", "time": "Thu Nov 24 04:39:46 +0000 2016"}
{"polarity": -0.004999999999999982, "location": "Portland, OR", "sentiment": "negative", "time": "Thu Nov 24 04:39:51 +0000 2016"}
{"polarity": 0.5, "location": "Phoenix, AZ", "sentiment": "positive", "time": "Thu Nov 24 04:39:54 +0000 2016"}
{"polarity": 0.0, "location": "Portland, OR", "sentiment": "neutral", "time": "Thu Nov 24 04:39:56 +0000 2016"}
{"polarity": -0.2, "location": "San Diego, CA", "sentiment": "negative", "time": "Thu Nov 24 04:59:02 +0000 2016"}
{"polarity": -0.6624999999999999, "location": "Orlando, FL", "sentiment": "negative", "time": "Thu Nov 24 04:59:07 +0000 2016"}
{"polarity": 0.25, "location": "New York, NY", "sentiment": "positive", "time": "Thu Nov 24 04:59:10 +0000 2016"}
{"polarity": 0.0, "location": "San Diego, CA", "sentiment": "neutral", "time": "Thu Nov 24 04:59:12 +0000 2016"}
{"polarity": 0.0, "location": "Portland, OR", "sentiment": "neutral", "time": "Thu Nov 24 04:59:14 +0000 2016"}
{"polarity": 0.0, "location": "Atlanta, GA", "sentiment": "neutral", "time": "Thu Nov 24 04:59:17 +0000 2016"}
{"polarity": -0.24375000000000002, "location": "Seattle, WA", "sentiment": "negative", "time": "Thu Nov 24 04:59:21 +0000 2016"}
{"polarity": 0.1666666666666667, "location": "Seattle, WA", "sentiment": "positive", "time": "Thu Nov 24 04:59:31 +0000 2016"}
{"polarity": 0.0, "location": "Seattle, WA", "sentiment": "neutral", "time": "Thu Nov 24 04:59:53 +0000 2016"}
{"polarity": -0.1, "location": "Seattle, WA", "sentiment": "negative", "time": "Thu Nov 24 04:19:04 +0000 2016"}
{"polarity": -0.1, "location": "Seattle, WA", "sentiment": "negative", "time": "Thu Nov 24 04:19:04 +0000 2016"}
{"polarity": 0.0, "location": "New York, NY", "sentiment": "neutral", "time": "Thu Nov 24 04:19:11 +0000 2016"}
{"polarity": 0.3125, "location": "Orlando, FL", "sentiment": "positive", "time": "Thu Nov 24 04:19:24 +0000 2016"}
{"polarity": 0.8, "location": "San Diego, CA", "sentiment": "positive", "time": "Thu Nov 24 04:19:35 +0000 2016"}
{"polarity": 0.0, "location": "Atlanta, GA", "sentiment": "neutral", "time": "Thu Nov 24 04:19:44 +0000 2016"}
{"polarity": 0.0, "location": "San Diego, CA", "sentiment": "neutral", "time": "Thu Nov 24 04:37:01 +0000 2016"}
{"polarity": 0.0, "location": "New York, NY", "sentiment": "neutral", "time": "Thu Nov 24 04:37:03 +0000 2016"}
{"polarity": 0.0, "location": "Portland, OR", "sentiment": "neutral", "time": "Thu Nov 24 04:37:06 +0000 2016"}
{"polarity": 0.1, "location": "San Diego, CA", "sentiment": "positive", "time": "Thu Nov 24 04:37:13 +0000 2016"}
{"polarity": -0.2, "location": "New York, NY", "sentiment": "negative", "time": "Thu Nov 24 04:37:17 +0000 2016"}
{"polarity": 0.4, "location": "New York, NY", "sentiment": "positive", "time": "Thu Nov 24 04:37:20 +0000 2016"}
{"polarity": 0.0, "location": "Phoenix, AZ", "sentiment": "neutral", "time": "Thu Nov 24 04:37:28 +0000 2016"}
{"polarity": 0.0, "location": "San Diego, CA", "sentiment": "neutral", "time": "Thu Nov 24 04:37:37 +0000 2016"}
{"polarity": 0.0, "location": "Atlanta, GA", "sentiment": "neutral", "time": "Thu Nov 24 04:37:48 +0000 2016"}
{"polarity": 0.0, "location": "New York, NY", "sentiment": "neutral", "time": "Thu Nov 24 04:37:56 +0000 2016"}
{"polarity": 0.0, "location": "Seattle, WA", "sentiment": "neutral", "time": "Thu Nov 24 04:37:56 +0000 2016"}
{"polarity": 0.0, "location": "Atlanta, GA", "sentiment": "neutral", "time": "Thu Nov 24 04:37:56 +0000 2016"}
{"polarity": 0.2, "location": "Phoenix, AZ", "sentiment": "positive", "time": "Thu Nov 24 04:37:56 +0000 2016"}
{"polarity": 0.0, "location": "Orlando, FL", "sentiment": "neutral", "time": "Thu Nov 24 04:31:04 +0000 2016"}
{"polarity": 0.0, "location": "New York, NY", "sentiment": "neutral", "time": "Thu Nov 24 04:31:12 +0000 2016"}
{"polarity": 0.0, "location": "Phoenix, AZ", "sentiment": "neutral", "time": "Thu Nov 24 04:31:19 +0000 2016"}
{"polarity": -0.1, "location": "Phoenix, AZ", "sentiment": "negative", "time": "Thu Nov 24 04:31:31 +0000 2016"}
{"polarity": 0.0, "location": "Atlanta, GA", "sentiment": "neutral", "time": "Thu Nov 24 04:31:42 +0000 2016"}
{"polarity": 0.2, "location": "Atlanta, GA", "sentiment": "positive", "time": "Thu Nov 24 04:31:43 +0000 2016"}
{"polarity": 0.0, "location": "Phoenix, AZ", "sentiment": "neutral", "time": "Thu Nov 24 04:31:47 +0000 2016"}
{"polarity": 0.5, "location": "Seattle, WA", "sentiment": "positive", "time": "Thu Nov 24 04:31:53 +0000 2016"}
{"polarity": 0.1465909090909091, "location": "Atlanta, GA", "sentiment": "positive", "time": "Thu Nov 24 04:41:03 +0000 2016"}
{"polarity": -0.0875, "location": "New York, NY", "sentiment": "negative", "time": "Thu Nov 24 04:41:03 +0000 2016"}
{"polarity": 0.0, "location": "Orlando, FL", "sentiment": "neutral", "time": "Thu Nov 24 04:41:04 +0000 2016"}
{"polarity": 0.0, "location": "Boston, MA", "sentiment": "neutral", "time": "Thu Nov 24 04:41:06 +0000 2016"}
{"polarity": 0.0, "location": "Boston, MA", "sentiment": "neutral", "time": "Thu Nov 24 04:41:26 +0000 2016"}
{"polarity": 0.15, "location": "New York, NY", "sentiment": "positive", "time": "Thu Nov 24 04:41:32 +0000 2016"}
{"polarity": 0.0, "location": "Boston, MA", "sentiment": "neutral", "time": "Thu Nov 24 04:41:33 +0000 2016"}
{"polarity": 0.0, "location": "New York, NY", "sentiment": "neutral", "time": "Thu Nov 24 04:41:36 +0000 2016"}
{"polarity": 0.0, "location": "New York, NY", "sentiment": "neutral", "time": "Thu Nov 24 04:41:39 +0000 2016"}
{"polarity": 0.0, "location": "Orlando, FL", "sentiment": "neutral", "time": "Thu Nov 24 04:41:53 +0000 2016"}
{"polarity": 0.0, "location": "Boston, MA", "sentiment": "neutral", "time": "Thu Nov 24 04:27:25 +0000 2016"}
{"polarity": 0.0, "location": "Boston, MA", "sentiment": "neutral", "time": "Thu Nov 24 04:57:03 +0000 2016"}
{"polarity": -0.5, "location": "New York, NY", "sentiment": "negative", "time": "Thu Nov 24 04:57:09 +0000 2016"}
{"polarity": -0.6, "location": "New York, NY", "sentiment": "negative", "time": "Thu Nov 24 04:57:18 +0000 2016"}
{"polarity": 0.0, "location": "Atlanta, GA", "sentiment": "neutral", "time": "Thu Nov 24 04:57:23 +0000 2016"}
{"polarity": 0.0, "location": "Orlando, FL", "sentiment": "neutral", "time": "Thu Nov 24 04:57:28 +0000 2016"}
{"polarity": 1.0, "location": "New York, NY", "sentiment": "positive", "time": "Thu Nov 24 04:57:40 +0000 2016"}
{"polarity": 0.0, "location": "New York, NY", "sentiment": "neutral", "time": "Thu Nov 24 04:57:44 +0000 2016"}
{"polarity": -0.2375, "location": "San Diego, CA", "sentiment": "negative", "time": "Thu Nov 24 04:26:16 +0000 2016"}
{"polarity": 0.2857142857142857, "location": "Boston, MA", "sentiment": "positive", "time": "Thu Nov 24 04:26:20 +0000 2016"}
{"polarity": 0.3, "location": "Atlanta, GA", "sentiment": "positive", "time": "Thu Nov 24 04:26:34 +0000 2016"}
{"polarity": 0.0, "location": "Phoenix, AZ", "sentiment": "neutral", "time": "Thu Nov 24 04:26:43 +0000 2016"}
{"polarity": 0.0, "location": "Boston, MA", "sentiment": "neutral", "time": "Thu Nov 24 04:26:44 +0000 2016"}
{"polarity": 0.0, "location": "Seattle, WA", "sentiment": "neutral", "time": "Thu Nov 24 04:58:01 +0000 2016"}
{"polarity": 0.0, "location": "Atlanta, GA", "sentiment": "neutral", "time": "Thu Nov 24 04:58:05 +0000 2016"}
{"polarity": 0.0, "location": "Seattle, WA", "sentiment": "neutral", "time": "Thu Nov 24 04:58:10 +0000 2016"}
{"polarity": 0.0, "location": "San Diego, CA", "sentiment": "neutral", "time": "Thu Nov 24 04:58:12 +0000 2016"}
{"polarity": 0.0, "location": "Portland, OR", "sentiment": "neutral", "time": "Thu Nov 24 04:58:24 +0000 2016"}
{"polarity": 0.0, "location": "San Diego, CA", "sentiment": "neutral", "time": "Thu Nov 24 04:58:37 +0000 2016"}
{"polarity": 0.0, "location": "Atlanta, GA", "sentiment": "neutral", "time": "Thu Nov 24 04:58:43 +0000 2016"}
{"polarity": -0.4, "location": "Boston, MA", "sentiment": "negative", "time": "Thu Nov 24 04:58:50 +0000 2016"}
{"polarity": 0.0, "location": "Atlanta, GA", "sentiment": "neutral", "time": "Thu Nov 24 04:58:50 +0000 2016"}
{"polarity": 0.11666666666666665, "location": "Portland, OR", "sentiment": "positive", "time": "Thu Nov 24 04:58:52 +0000 2016"}
{"polarity": 0.3, "location": "New York, NY", "sentiment": "positive", "time": "Thu Nov 24 04:58:58 +0000 2016"}
{"polarity": 0.0, "location": "Atlanta, GA", "sentiment": "neutral", "time": "Thu Nov 24 04:42:07 +0000 2016"}
{"polarity": 0.6376420454545455, "location": "Boston, MA", "sentiment": "positive", "time": "Thu Nov 24 04:42:18 +0000 2016"}
{"polarity": 0.0, "location": "Orlando, FL", "sentiment": "neutral", "time": "Thu Nov 24 04:42:22 +0000 2016"}
{"polarity": 0.0, "location": "Phoenix, AZ", "sentiment": "neutral", "time": "Thu Nov 24 04:42:25 +0000 2016"}
{"polarity": 0.13636363636363635, "location": "Atlanta, GA", "sentiment": "positive", "time": "Thu Nov 24 04:42:36 +0000 2016"}
{"polarity": 0.0, "location": "Boston, MA", "sentiment": "neutral", "time": "Thu Nov 24 04:42:38 +0000 2016"}
{"polarity": -0.625, "location": "New York, NY", "sentiment": "negative", "time": "Thu Nov 24 04:42:44 +0000 2016"}
{"polarity": 0.0, "location": "Boston, MA", "sentiment": "neutral", "time": "Thu Nov 24 04:42:52 +0000 2016"}
{"polarity": 0.5, "location": "San Diego, CA", "sentiment": "positive", "time": "Thu Nov 24 04:50:00 +0000 2016"}
{"polarity": 0.0, "location": "Boston, MA", "sentiment": "neutral", "time": "Thu Nov 24 04:50:01 +0000 2016"}
{"polarity": 0.1, "location": "Seattle, WA", "sentiment": "positive", "time": "Thu Nov 24 04:50:02 +0000 2016"}
{"polarity": 1.0, "location": "Seattle, WA", "sentiment": "positive", "time": "Thu Nov 24 04:50:07 +0000 2016"}
{"polarity": 0.0, "location": "Portland, OR", "sentiment": "neutral", "time": "Thu Nov 24 04:50:21 +0000 2016"}
{"polarity": 1.0, "location": "St. Louis, MO", "sentiment": "positive", "time": "Thu Nov 24 04:50:26 +0000 2016"}
{"polarity": 0.0, "location": "Atlanta, GA", "sentiment": "neutral", "time": "Thu Nov 24 04:50:28 +0000 2016"}
{"polarity": -0.125, "location": "New York, NY", "sentiment": "negative", "time": "Thu Nov 24 04:50:56 +0000 2016"}
{"polarity": 0.11666666666666665, "location": "Seattle, WA", "sentiment": "positive", "time": "Thu Nov 24 04:50:58 +0000 2016"}
{"polarity": 0.0, "location": "Phoenix, AZ", "sentiment": "neutral", "time": "Thu Nov 24 04:15:08 +0000 2016"}
{"polarity": 0.46875, "location": "Atlanta, GA", "sentiment": "positive", "time": "Thu Nov 24 04:15:10 +0000 2016"}
{"polarity": 0.0, "location": "Atlanta, GA", "sentiment": "neutral", "time": "Thu Nov 24 04:15:13 +0000 2016"}
{"polarity": 0.17045454545454544, "location": "Phoenix, AZ", "sentiment": "positive", "time": "Thu Nov 24 04:15:35 +0000 2016"}
{"polarity": 0.0, "location": "Atlanta, GA", "sentiment": "neutral", "time": "Thu Nov 24 04:15:41 +0000 2016"}
{"polarity": 0.0, "location": "Atlanta, GA", "sentiment": "neutral", "time": "Thu Nov 24 04:15:51 +0000 2016"}
{"polarity": 0.4, "location": "Portland, OR", "sentiment": "positive", "time": "Thu Nov 24 04:38:04 +0000 2016"}
{"polarity": 0.0, "location": "New York, NY", "sentiment": "neutral", "time": "Thu Nov 24 04:38:13 +0000 2016"}
{"polarity": 0.0, "location": "Orlando, FL", "sentiment": "neutral", "time": "Thu Nov 24 04:38:16 +0000 2016"}
{"polarity": 0.2, "location": "Seattle, WA", "sentiment": "positive", "time": "Thu Nov 24 04:38:18 +0000 2016"}
{"polarity": 0.0, "location": "Atlanta, GA", "sentiment": "neutral", "time": "Thu Nov 24 04:38:39 +0000 2016"}
{"polarity": 0.675, "location": "Orlando, FL", "sentiment": "positive", "time": "Thu Nov 24 04:38:46 +0000 2016"}
{"polarity": 0.0, "location": "New York, NY", "sentiment": "neutral", "time": "Thu Nov 24 04:38:57 +0000 2016"}
{"polarity": 0.0, "location": "Atlanta, GA", "sentiment": "neutral", "time": "Thu Nov 24 04:21:01 +0000 2016"}
{"polarity": 1.0, "location": "New York, NY", "sentiment": "positive", "time": "Thu Nov 24 04:21:03 +0000 2016"}
{"polarity": 0.0, "location": "Atlanta, GA", "sentiment": "neutral", "time": "Thu Nov 24 04:21:06 +0000 2016"}
{"polarity": 0.0, "location": "New York, NY", "sentiment": "neutral", "time": "Thu Nov 24 04:21:07 +0000 2016"}
{"polarity": 0.5, "location": "Seattle, WA", "sentiment": "positive", "time": "Thu Nov 24 04:21:12 +0000 2016"}
{"polarity": 0.0, "location": "Atlanta, GA", "sentiment": "neutral", "time": "Thu Nov 24 04:21:15 +0000 2016"}
{"polarity": 0.0, "location": "Boston, MA", "sentiment": "neutral", "time": "Thu Nov 24 04:21:17 +0000 2016"}
{"polarity": 0.0, "location": "Atlanta, GA", "sentiment": "neutral", "time": "Thu Nov 24 04:21:22 +0000 2016"}
{"polarity": 0.0, "location": "New York, NY", "sentiment": "neutral", "time": "Thu Nov 24 04:21:23 +0000 2016"}
{"polarity": 0.0, "location": "New York, NY", "sentiment": "neutral", "time": "Thu Nov 24 04:21:32 +0000 2016"}
{"polarity": 0.0, "location": "Atlanta, GA", "sentiment": "neutral", "time": "Thu Nov 24 04:21:42 +0000 2016"}
{"polarity": 0.0, "location": "Atlanta, GA", "sentiment": "neutral", "time": "Thu Nov 24 04:17:00 +0000 2016"}
{"polarity": 0.1, "location": "Orlando, FL", "sentiment": "positive", "time": "Thu Nov 24 04:17:05 +0000 2016"}
{"polarity": 0.0, "location": "New York, NY", "sentiment": "neutral", "time": "Thu Nov 24 04:17:09 +0000 2016"}
{"polarity": 0.16060606060606059, "location": "New York, NY", "sentiment": "positive", "time": "Thu Nov 24 04:17:15 +0000 2016"}
{"polarity": -0.5, "location": "San Diego, CA", "sentiment": "negative", "time": "Thu Nov 24 04:17:18 +0000 2016"}
{"polarity": 0.0, "location": "Boston, MA", "sentiment": "neutral", "time": "Thu Nov 24 04:17:33 +0000 2016"}
{"polarity": 0.0, "location": "Orlando, FL", "sentiment": "neutral", "time": "Thu Nov 24 04:17:36 +0000 2016"}
{"polarity": 0.0, "location": "New York, NY", "sentiment": "neutral", "time": "Thu Nov 24 04:17:44 +0000 2016"}
{"polarity": 0.0, "location": "Phoenix, AZ", "sentiment": "neutral", "time": "Thu Nov 24 04:17:54 +0000 2016"}
{"polarity": 0.09999999999999998, "location": "Phoenix, AZ", "sentiment": "positive", "time": "Thu Nov 24 04:12:04 +0000 2016"}
{"polarity": 0.0, "location": "Phoenix, AZ", "sentiment": "neutral", "time": "Thu Nov 24 04:12:05 +0000 2016"}
{"polarity": 0.0, "location": "Orlando, FL", "sentiment": "neutral", "time": "Thu Nov 24 04:12:21 +0000 2016"}
{"polarity": 0.0, "location": "New York, NY", "sentiment": "neutral", "time": "Thu Nov 24 04:12:36 +0000 2016"}
{"polarity": 0.0, "location": "New York, NY", "sentiment": "neutral", "time": "Thu Nov 24 04:12:43 +0000 2016"}
{"polarity": 0.0, "location": "Seattle, WA", "sentiment": "neutral", "time": "Thu Nov 24 04:12:44 +0000 2016"}
{"polarity": 0.0, "location": "Atlanta, GA", "sentiment": "neutral", "time": "Thu Nov 24 04:12:47 +0000 2016"}
{"polarity": 0.0, "location": "Boston, MA", "sentiment": "neutral", "time": "Thu Nov 24 04:29:10 +0000 2016"}
{"polarity": 0.0, "location": "Boston, MA", "sentiment": "neutral", "time": "Thu Nov 24 04:29:16 +0000 2016"}
{"polarity": 0.0, "location": "Orlando, FL", "sentiment": "neutral", "time": "Thu Nov 24 04:29:34 +0000 2016"}
{"polarity": 0.0, "location": "Atlanta, GA", "sentiment": "neutral", "time": "Thu Nov 24 04:29:46 +0000 2016"}
{"polarity": -0.5, "location": "San Diego, CA", "sentiment": "negative", "time": "Thu Nov 24 04:29:48 +0000 2016"}
{"polarity": 0.0, "location": "Boston, MA", "sentiment": "neutral", "time": "Thu Nov 24 04:29:59 +0000 2016"}
{"polarity": 0.3, "location": "Atlanta, GA", "sentiment": "positive", "time": "Thu Nov 24 04:18:01 +0000 2016"}
{"polarity": 0.5, "location": "Portland, OR", "sentiment": "positive", "time": "Thu Nov 24 04:18:01 +0000 2016"}
{"polarity": 0.0, "location": "Orlando, FL", "sentiment": "neutral", "time": "Thu Nov 24 04:18:05 +0000 2016"}
{"polarity": 0.0, "location": "Boston, MA", "sentiment": "neutral", "time": "Thu Nov 24 04:18:06 +0000 2016"}
{"polarity": 0.0, "location": "Phoenix, AZ", "sentiment": "neutral", "time": "Thu Nov 24 04:18:16 +0000 2016"}
{"polarity": 0.0, "location": "Atlanta, GA", "sentiment": "neutral", "time": "Thu Nov 24 04:18:17 +0000 2016"}
{"polarity": 0.0, "location": "Phoenix, AZ", "sentiment": "neutral", "time": "Thu Nov 24 04:18:22 +0000 2016"}
{"polarity": 0.2, "location": "Portland, OR", "sentiment": "positive", "time": "Thu Nov 24 04:18:25 +0000 2016"}
{"polarity": 0.0, "location": "New York, NY", "sentiment": "neutral", "time": "Thu Nov 24 04:18:29 +0000 2016"}
{"polarity": 0.0, "location": "Seattle, WA", "sentiment": "neutral", "time": "Thu Nov 24 04:18:29 +0000 2016"}
{"polarity": 0.0, "location": "Portland, OR", "sentiment": "neutral", "time": "Thu Nov 24 04:18:40 +0000 2016"}
{"polarity": 0.0, "location": "Atlanta, GA", "sentiment": "neutral", "time": "Thu Nov 24 04:18:41 +0000 2016"}
{"polarity": 0.0, "location": "Atlanta, GA", "sentiment": "neutral", "time": "Thu Nov 24 04:18:45 +0000 2016"}
{"polarity": -0.30000000000000004, "location": "Seattle, WA", "sentiment": "negative", "time": "Thu Nov 24 04:46:00 +0000 2016"}
{"polarity": 0.05, "location": "Phoenix, AZ", "sentiment": "positive", "time": "Thu Nov 24 04:46:12 +0000 2016"}
{"polarity": 0.55, "location": "Seattle, WA", "sentiment": "positive", "time": "Thu Nov 24 04:46:51 +0000 2016"}
{"polarity": -0.08333333333333333, "location": "Atlanta, GA", "sentiment": "negative", "time": "Thu Nov 24 04:46:58 +0000 2016"}
{"polarity": 0.0, "location": "Phoenix, AZ", "sentiment": "neutral", "time": "Thu Nov 24 04:00:12 +0000 2016"}
{"polarity": 0.0, "location": "Seattle, WA", "sentiment": "neutral", "time": "Thu Nov 24 04:00:16 +0000 2016"}
{"polarity": 0.26666666666666666, "location": "New York, NY", "sentiment": "positive", "time": "Thu Nov 24 04:00:27 +0000 2016"}
{"polarity": 0.0, "location": "New York, NY", "sentiment": "neutral", "time": "Thu Nov 24 04:00:28 +0000 2016"}
{"polarity": 0.0, "location": "New York, NY", "sentiment": "neutral", "time": "Thu Nov 24 04:00:28 +0000 2016"}
{"polarity": 0.0, "location": "New York, NY", "sentiment": "neutral", "time": "Thu Nov 24 04:00:33 +0000 2016"}
{"polarity": 1.0, "location": "Seattle, WA", "sentiment": "positive", "time": "Thu Nov 24 04:00:36 +0000 2016"}
{"polarity": 0.0, "location": "Seattle, WA", "sentiment": "neutral", "time": "Thu Nov 24 04:00:38 +0000 2016"}
{"polarity": 0.5, "location": "San Diego, CA", "sentiment": "positive", "time": "Thu Nov 24 04:00:42 +0000 2016"}
{"polarity": 0.0, "location": "New York, NY", "sentiment": "neutral", "time": "Thu Nov 24 04:00:57 +0000 2016"}
{"polarity": 0.3352272727272727, "location": "Orlando, FL", "sentiment": "positive", "time": "Thu Nov 24 04:00:57 +0000 2016"}
{"polarity": 0.0, "location": "Orlando, FL", "sentiment": "neutral", "time": "Thu Nov 24 04:34:02 +0000 2016"}
{"polarity": 0.0, "location": "Atlanta, GA", "sentiment": "neutral", "time": "Thu Nov 24 04:34:01 +0000 2016"}
{"polarity": 0.0, "location": "Orlando, FL", "sentiment": "neutral", "time": "Thu Nov 24 04:34:03 +0000 2016"}
{"polarity": 0.0, "location": "Orlando, FL", "sentiment": "neutral", "time": "Thu Nov 24 04:34:09 +0000 2016"}
{"polarity": 0.0, "location": "New York, NY", "sentiment": "neutral", "time": "Thu Nov 24 04:34:11 +0000 2016"}
{"polarity": 0.13636363636363635, "location": "Seattle, WA", "sentiment": "positive", "time": "Thu Nov 24 04:34:15 +0000 2016"}
{"polarity": -0.10416666666666667, "location": "Atlanta, GA", "sentiment": "negative", "time": "Thu Nov 24 04:34:25 +0000 2016"}
{"polarity": 0.06818181818181818, "location": "San Diego, CA", "sentiment": "positive", "time": "Thu Nov 24 04:34:28 +0000 2016"}
{"polarity": 0.0, "location": "Atlanta, GA", "sentiment": "neutral", "time": "Thu Nov 24 04:34:29 +0000 2016"}
{"polarity": 0.0, "location": "New York, NY", "sentiment": "neutral", "time": "Thu Nov 24 04:34:43 +0000 2016"}
{"polarity": 0.0, "location": "Seattle, WA", "sentiment": "neutral", "time": "Thu Nov 24 04:34:44 +0000 2016"}
{"polarity": 0.0, "location": "Boston, MA", "sentiment": "neutral", "time": "Thu Nov 24 04:34:44 +0000 2016"}
{"polarity": 0.25, "location": "New York, NY", "sentiment": "positive", "time": "Thu Nov 24 04:34:52 +0000 2016"}
{"polarity": 0.0, "location": "Atlanta, GA", "sentiment": "neutral", "time": "Thu Nov 24 04:05:03 +0000 2016"}
{"polarity": 0.0, "location": "San Diego, CA", "sentiment": "neutral", "time": "Thu Nov 24 04:05:01 +0000 2016"}
{"polarity": 0.0, "location": "San Diego, CA", "sentiment": "neutral", "time": "Thu Nov 24 04:05:01 +0000 2016"}
{"polarity": 0.675, "location": "New York, NY", "sentiment": "positive", "time": "Thu Nov 24 04:05:07 +0000 2016"}
{"polarity": 0.0, "location": "New York, NY", "sentiment": "neutral", "time": "Thu Nov 24 04:05:08 +0000 2016"}
{"polarity": 0.0, "location": "Boston, MA", "sentiment": "neutral", "time": "Thu Nov 24 04:05:09 +0000 2016"}
{"polarity": 0.0, "location": "New York, NY", "sentiment": "neutral", "time": "Thu Nov 24 04:05:14 +0000 2016"}
{"polarity": 0.0, "location": "Orlando, FL", "sentiment": "neutral", "time": "Thu Nov 24 04:05:14 +0000 2016"}
{"polarity": 0.6000000000000001, "location": "Boston, MA", "sentiment": "positive", "time": "Thu Nov 24 04:05:15 +0000 2016"}
{"polarity": 0.6000000000000001, "location": "San Diego, CA", "sentiment": "positive", "time": "Thu Nov 24 04:05:15 +0000 2016"}
{"polarity": 0.41666666666666663, "location": "Seattle, WA", "sentiment": "positive", "time": "Thu Nov 24 04:05:17 +0000 2016"}
{"polarity": 0.0, "location": "San Diego, CA", "sentiment": "neutral", "time": "Thu Nov 24 04:05:32 +0000 2016"}
{"polarity": -0.3333333333333333, "location": "San Diego, CA", "sentiment": "negative", "time": "Thu Nov 24 04:05:33 +0000 2016"}
{"polarity": -0.39999999999999997, "location": "Atlanta, GA", "sentiment": "negative", "time": "Thu Nov 24 04:05:39 +0000 2016"}
{"polarity": 0.1, "location": "Phoenix, AZ", "sentiment": "positive", "time": "Thu Nov 24 04:05:51 +0000 2016"}
{"polarity": 0.0, "location": "Phoenix, AZ", "sentiment": "neutral", "time": "Thu Nov 24 04:05:52 +0000 2016"}
{"polarity": 0.5, "location": "New York, NY", "sentiment": "positive", "time": "Thu Nov 24 04:05:58 +0000 2016"}
{"polarity": -0.05, "location": "San Diego, CA", "sentiment": "negative", "time": "Thu Nov 24 04:11:01 +0000 2016"}
{"polarity": 0.0, "location": "San Diego, CA", "sentiment": "neutral", "time": "Thu Nov 24 04:11:02 +0000 2016"}
{"polarity": 0.0, "location": "Seattle, WA", "sentiment": "neutral", "time": "Thu Nov 24 04:11:09 +0000 2016"}
{"polarity": 0.0, "location": "Boston, MA", "sentiment": "neutral", "time": "Thu Nov 24 04:11:11 +0000 2016"}
{"polarity": 0.02500000000000001, "location": "New York, NY", "sentiment": "positive", "time": "Thu Nov 24 04:11:34 +0000 2016"}
{"polarity": 0.0, "location": "Atlanta, GA", "sentiment": "neutral", "time": "Thu Nov 24 04:11:39 +0000 2016"}
{"polarity": 0.0, "location": "Seattle, WA", "sentiment": "neutral", "time": "Thu Nov 24 04:11:51 +0000 2016"}
{"polarity": 0.0, "location": "Atlanta, GA", "sentiment": "neutral", "time": "Thu Nov 24 04:11:52 +0000 2016"}
{"polarity": 0.0, "location": "Atlanta, GA", "sentiment": "neutral", "time": "Thu Nov 24 04:11:52 +0000 2016"}
{"polarity": 0.15000000000000002, "location": "Seattle, WA", "sentiment": "positive", "time": "Thu Nov 24 04:11:56 +0000 2016"}
{"polarity": 0.5, "location": "Orlando, FL", "sentiment": "positive", "time": "Thu Nov 24 04:56:00 +0000 2016"}
{"polarity": 0.0, "location": "New York, NY", "sentiment": "neutral", "time": "Thu Nov 24 04:56:00 +0000 2016"}
{"polarity": -0.1875, "location": "Seattle, WA", "sentiment": "negative", "time": "Thu Nov 24 04:56:04 +0000 2016"}
{"polarity": 0.0, "location": "New York, NY", "sentiment": "neutral", "time": "Thu Nov 24 04:56:20 +0000 2016"}
{"polarity": 0.06818181818181818, "location": "New York, NY", "sentiment": "positive", "time": "Thu Nov 24 04:56:28 +0000 2016"}
{"polarity": 0.0, "location": "Atlanta, GA", "sentiment": "neutral", "time": "Thu Nov 24 04:56:29 +0000 2016"}
{"polarity": 0.0, "location": "Atlanta, GA", "sentiment": "neutral", "time": "Thu Nov 24 04:56:35 +0000 2016"}
{"polarity": 0.5, "location": "Atlanta, GA", "sentiment": "positive", "time": "Thu Nov 24 04:56:35 +0000 2016"}
{"polarity": 0.0, "location": "Seattle, WA", "sentiment": "neutral", "time": "Thu Nov 24 04:56:35 +0000 2016"}
{"polarity": 0.0, "location": "Boston, MA", "sentiment": "neutral", "time": "Thu Nov 24 04:56:57 +0000 2016"}
{"polarity": 0.0, "location": "New York, NY", "sentiment": "neutral", "time": "Thu Nov 24 04:47:04 +0000 2016"}
{"polarity": -0.3125, "location": "San Diego, CA", "sentiment": "negative", "time": "Thu Nov 24 04:47:14 +0000 2016"}
{"polarity": 0.4375, "location": "New York, NY", "sentiment": "positive", "time": "Thu Nov 24 04:47:15 +0000 2016"}
{"polarity": -0.43333333333333335, "location": "Atlanta, GA", "sentiment": "negative", "time": "Thu Nov 24 04:47:21 +0000 2016"}
{"polarity": 0.0, "location": "New York, NY", "sentiment": "neutral", "time": "Thu Nov 24 04:47:25 +0000 2016"}
{"polarity": 0.0, "location": "Atlanta, GA", "sentiment": "neutral", "time": "Thu Nov 24 04:47:41 +0000 2016"}
{"polarity": 0.2857142857142857, "location": "San Diego, CA", "sentiment": "positive", "time": "Thu Nov 24 04:47:55 +0000 2016"}
{"polarity": 0.0, "location": "Atlanta, GA", "sentiment": "neutral", "time": "Thu Nov 24 04:47:58 +0000 2016"}
{"polarity": 0.0, "location": "Orlando, FL", "sentiment": "neutral", "time": "Thu Nov 24 04:47:58 +0000 2016"}
{"polarity": 0.0, "location": "Seattle, WA", "sentiment": "neutral", "time": "Thu Nov 24 04:47:59 +0000 2016"}
{"polarity": 0.13636363636363635, "location": "New York, NY", "sentiment": "positive", "time": "Thu Nov 24 04:47:59 +0000 2016"}
{"polarity": 0.0, "location": "New York, NY", "sentiment": "neutral", "time": "Thu Nov 24 04:52:07 +0000 2016"}
{"polarity": 0.0, "location": "San Diego, CA", "sentiment": "neutral", "time": "Thu Nov 24 04:52:28 +0000 2016"}
{"polarity": 0.8, "location": "Orlando, FL", "sentiment": "positive", "time": "Thu Nov 24 04:52:35 +0000 2016"}
{"polarity": 0.2, "location": "Orlando, FL", "sentiment": "positive", "time": "Thu Nov 24 04:52:40 +0000 2016"}
{"polarity": 0.6, "location": "Phoenix, AZ", "sentiment": "positive", "time": "Thu Nov 24 04:52:43 +0000 2016"}
{"polarity": 0.1, "location": "Portland, OR", "sentiment": "positive", "time": "Thu Nov 24 04:52:53 +0000 2016"}
{"polarity": 0.0, "location": "Seattle, WA", "sentiment": "neutral", "time": "Thu Nov 24 04:53:01 +0000 2016"}
{"polarity": 0.1, "location": "New York, NY", "sentiment": "positive", "time": "Thu Nov 24 04:53:03 +0000 2016"}
{"polarity": 0.8, "location": "New York, NY", "sentiment": "positive", "time": "Thu Nov 24 04:53:10 +0000 2016"}
{"polarity": 5.551115123125783e-17, "location": "Phoenix, AZ", "sentiment": "positive", "time": "Thu Nov 24 04:53:34 +0000 2016"}
{"polarity": 0.7, "location": "Atlanta, GA", "sentiment": "positive", "time": "Thu Nov 24 04:53:41 +0000 2016"}
{"polarity": 0.0, "location": "Atlanta, GA", "sentiment": "neutral", "time": "Thu Nov 24 04:53:43 +0000 2016"}
{"polarity": 0.25, "location": "Atlanta, GA", "sentiment": "positive", "time": "Thu Nov 24 04:02:01 +0000 2016"}
{"polarity": 0.0, "location": "New York, NY", "sentiment": "neutral", "time": "Thu Nov 24 04:02:09 +0000 2016"}
{"polarity": 0.0, "location": "Phoenix, AZ", "sentiment": "neutral", "time": "Thu Nov 24 04:02:12 +0000 2016"}
{"polarity": -0.14285714285714285, "location": "New York, NY", "sentiment": "negative", "time": "Thu Nov 24 04:02:26 +0000 2016"}
{"polarity": 0.0, "location": "Seattle, WA", "sentiment": "neutral", "time": "Thu Nov 24 04:02:42 +0000 2016"}
{"polarity": 0.2, "location": "Atlanta, GA", "sentiment": "positive", "time": "Thu Nov 24 04:48:16 +0000 2016"}
{"polarity": 0.0, "location": "Orlando, FL", "sentiment": "neutral", "time": "Thu Nov 24 04:48:37 +0000 2016"}
{"polarity": -0.1111111111111111, "location": "Seattle, WA", "sentiment": "negative", "time": "Thu Nov 24 04:48:45 +0000 2016"}
{"polarity": 0.5, "location": "Atlanta, GA", "sentiment": "positive", "time": "Thu Nov 24 04:25:00 +0000 2016"}
{"polarity": 0.0, "location": "Atlanta, GA", "sentiment": "neutral", "time": "Thu Nov 24 04:25:00 +0000 2016"}
{"polarity": 0.0, "location": "New York, NY", "sentiment": "neutral", "time": "Thu Nov 24 04:25:02 +0000 2016"}
{"polarity": 0.0, "location": "Seattle, WA", "sentiment": "neutral", "time": "Thu Nov 24 04:25:22 +0000 2016"}
{"polarity": 0.1666666666666667, "location": "Atlanta, GA", "sentiment": "positive", "time": "Thu Nov 24 04:25:22 +0000 2016"}
{"polarity": 0.0, "location": "Seattle, WA", "sentiment": "neutral", "time": "Thu Nov 24 04:25:23 +0000 2016"}
{"polarity": 0.0, "location": "New York, NY", "sentiment": "neutral", "time": "Thu Nov 24 04:25:24 +0000 2016"}
{"polarity": 0.0, "location": "New York, NY", "sentiment": "neutral", "time": "Thu Nov 24 04:25:42 +0000 2016"}
{"polarity": 0.2, "location": "San Diego, CA", "sentiment": "positive", "time": "Thu Nov 24 04:25:46 +0000 2016"}
{"polarity": 0.0, "location": "San Diego, CA", "sentiment": "neutral", "time": "Thu Nov 24 04:25:46 +0000 2016"}
{"polarity": 0.0, "location": "San Diego, CA", "sentiment": "neutral", "time": "Thu Nov 24 04:16:02 +0000 2016"}
{"polarity": 0.47500000000000003, "location": "Seattle, WA", "sentiment": "positive", "time": "Thu Nov 24 04:16:03 +0000 2016"}
{"polarity": -0.1625, "location": "Seattle, WA", "sentiment": "negative", "time": "Thu Nov 24 04:16:15 +0000 2016"}
{"polarity": 0.0, "location": "Orlando, FL", "sentiment": "neutral", "time": "Thu Nov 24 04:16:18 +0000 2016"}
{"polarity": 0.2272727272727273, "location": "New York, NY", "sentiment": "positive", "time": "Thu Nov 24 04:16:34 +0000 2016"}
{"polarity": 0.4, "location": "Atlanta, GA", "sentiment": "positive", "time": "Thu Nov 24 04:16:50 +0000 2016"}
{"polarity": 0.8, "location": "Atlanta, GA", "sentiment": "positive", "time": "Thu Nov 24 04:16:53 +0000 2016"}
{"polarity": 0.2, "location": "San Diego, CA", "sentiment": "positive", "time": "Thu Nov 24 04:16:57 +0000 2016"}
{"polarity": 0.0, "location": "Orlando, FL", "sentiment": "neutral", "time": "Thu Nov 24 04:16:58 +0000 2016"}
{"polarity": 0.0, "location": "Atlanta, GA", "sentiment": "neutral", "time": "Thu Nov 24 04:14:19 +0000 2016"}
{"polarity": 0.0, "location": "Portland, OR", "sentiment": "neutral", "time": "Thu Nov 24 04:14:29 +0000 2016"}
{"polarity": 0.0, "location": "Orlando, FL", "sentiment": "neutral", "time": "Thu Nov 24 04:14:31 +0000 2016"}
{"polarity": 0.16666666666666666, "location": "New York, NY", "sentiment": "positive", "time": "Thu Nov 24 04:14:37 +0000 2016"}
{"polarity": 0.0, "location": "Atlanta, GA", "sentiment": "neutral", "time": "Thu Nov 24 04:14:40 +0000 2016"}
{"polarity": 0.2681818181818182, "location": "Atlanta, GA", "sentiment": "positive", "time": "Thu Nov 24 04:14:41 +0000 2016"}
{"polarity": 0.0, "location": "San Diego, CA", "sentiment": "neutral", "time": "Thu Nov 24 04:14:44 +0000 2016"}
{"polarity": -0.033333333333333326, "location": "Seattle, WA", "sentiment": "negative", "time": "Thu Nov 24 04:14:48 +0000 2016"}
{"polarity": 0.0, "location": "Boston, MA", "sentiment": "neutral", "time": "Thu Nov 24 04:14:53 +0000 2016"}
{"polarity": 0.0, "location": "Boston, MA", "sentiment": "neutral", "time": "Thu Nov 24 04:23:16 +0000 2016"}
{"polarity": 0.0, "location": "San Diego, CA", "sentiment": "neutral", "time": "Thu Nov 24 04:23:21 +0000 2016"}
{"polarity": -0.5, "location": "Portland, OR", "sentiment": "negative", "time": "Thu Nov 24 04:23:23 +0000 2016"}
{"polarity": 0.0, "location": "New York, NY", "sentiment": "neutral", "time": "Thu Nov 24 04:23:24 +0000 2016"}
{"polarity": 0.0, "location": "Atlanta, GA", "sentiment": "neutral", "time": "Thu Nov 24 04:23:27 +0000 2016"}
{"polarity": 0.0, "location": "Boston, MA", "sentiment": "neutral", "time": "Thu Nov 24 04:23:32 +0000 2016"}
{"polarity": 0.0, "location": "Seattle, WA", "sentiment": "neutral", "time": "Thu Nov 24 04:23:36 +0000 2016"}
{"polarity": 0.3666666666666667, "location": "Atlanta, GA", "sentiment": "positive", "time": "Thu Nov 24 04:23:42 +0000 2016"}
{"polarity": 0.85, "location": "Seattle, WA", "sentiment": "positive", "time": "Thu Nov 24 04:23:48 +0000 2016"}
{"polarity": -0.2, "location": "San Diego, CA", "sentiment": "negative", "time": "Thu Nov 24 04:23:58 +0000 2016"}
{"polarity": 0.2, "location": "Boston, MA", "sentiment": "positive", "time": "Thu Nov 24 04:23:59 +0000 2016"}
{"polarity": 0.0, "location": "Orlando, FL", "sentiment": "neutral", "time": "Thu Nov 24 04:07:04 +0000 2016"}
{"polarity": 0.0, "location": "Seattle, WA", "sentiment": "neutral", "time": "Thu Nov 24 04:07:07 +0000 2016"}
{"polarity": 0.0, "location": "Seattle, WA", "sentiment": "neutral", "time": "Thu Nov 24 04:07:14 +0000 2016"}
{"polarity": 0.0, "location": "New York, NY", "sentiment": "neutral", "time": "Thu Nov 24 04:07:14 +0000 2016"}
{"polarity": 0.6, "location": "San Diego, CA", "sentiment": "positive", "time": "Thu Nov 24 04:07:25 +0000 2016"}
{"polarity": 0.546875, "location": "Atlanta, GA", "sentiment": "positive", "time": "Thu Nov 24 04:07:26 +0000 2016"}
{"polarity": 0.0, "location": "Atlanta, GA", "sentiment": "neutral", "time": "Thu Nov 24 04:07:39 +0000 2016"}
{"polarity": 0.0, "location": "Boston, MA", "sentiment": "neutral", "time": "Thu Nov 24 04:07:54 +0000 2016"}
{"polarity": 0.0, "location": "San Diego, CA", "sentiment": "neutral", "time": "Thu Nov 24 04:51:01 +0000 2016"}
{"polarity": 0.0, "location": "San Diego, CA", "sentiment": "neutral", "time": "Thu Nov 24 04:51:01 +0000 2016"}
{"polarity": 0.0, "location": "New York, NY", "sentiment": "neutral", "time": "Thu Nov 24 04:51:07 +0000 2016"}
{"polarity": 1.0, "location": "San Diego, CA", "sentiment": "positive", "time": "Thu Nov 24 04:51:11 +0000 2016"}
{"polarity": 0.0, "location": "Atlanta, GA", "sentiment": "neutral", "time": "Thu Nov 24 04:51:14 +0000 2016"}
{"polarity": 0.0, "location": "New York, NY", "sentiment": "neutral", "time": "Thu Nov 24 04:51:16 +0000 2016"}
{"polarity": 0.0, "location": "New York, NY", "sentiment": "neutral", "time": "Thu Nov 24 04:51:20 +0000 2016"}
{"polarity": 0.0, "location": "New York, NY", "sentiment": "neutral", "time": "Thu Nov 24 04:51:37 +0000 2016"}
{"polarity": 0.0, "location": "New York, NY", "sentiment": "neutral", "time": "Thu Nov 24 04:51:40 +0000 2016"}
{"polarity": 0.43333333333333335, "location": "Atlanta, GA", "sentiment": "positive", "time": "Thu Nov 24 04:51:52 +0000 2016"}
{"polarity": 0.09127272727272728, "location": "Seattle, WA", "sentiment": "positive", "time": "Thu Nov 24 04:30:00 +0000 2016"}
{"polarity": 0.0, "location": "New York, NY", "sentiment": "neutral", "time": "Thu Nov 24 04:30:00 +0000 2016"}
{"polarity": 0.0, "location": "Boston, MA", "sentiment": "neutral", "time": "Thu Nov 24 04:30:02 +0000 2016"}
{"polarity": 0.0, "location": "Portland, OR", "sentiment": "neutral", "time": "Thu Nov 24 04:30:06 +0000 2016"}
{"polarity": 0.0, "location": "Atlanta, GA", "sentiment": "neutral", "time": "Thu Nov 24 04:30:10 +0000 2016"}
{"polarity": -0.375, "location": "Boston, MA", "sentiment": "negative", "time": "Thu Nov 24 04:30:12 +0000 2016"}
{"polarity": 0.23472222222222222, "location": "Seattle, WA", "sentiment": "positive", "time": "Thu Nov 24 04:30:15 +0000 2016"}
{"polarity": 0.30000000000000004, "location": "Phoenix, AZ", "sentiment": "positive", "time": "Thu Nov 24 04:30:16 +0000 2016"}
{"polarity": 0.3, "location": "Boston, MA", "sentiment": "positive", "time": "Thu Nov 24 04:30:19 +0000 2016"}
{"polarity": 0.0, "location": "San Diego, CA", "sentiment": "neutral", "time": "Thu Nov 24 04:30:23 +0000 2016"}
{"polarity": 0.0, "location": "Orlando, FL", "sentiment": "neutral", "time": "Thu Nov 24 04:30:26 +0000 2016"}
{"polarity": 0.0, "location": "Seattle, WA", "sentiment": "neutral", "time": "Thu Nov 24 04:30:30 +0000 2016"}
{"polarity": 0.0, "location": "Atlanta, GA", "sentiment": "neutral", "time": "Thu Nov 24 04:30:45 +0000 2016"}
{"polarity": -0.15000000000000002, "location": "Portland, OR", "sentiment": "negative", "time": "Thu Nov 24 04:30:53 +0000 2016"}
{"polarity": -0.008333333333333331, "location": "Atlanta, GA", "sentiment": "negative", "time": "Thu Nov 24 04:30:59 +0000 2016"}
{"polarity": 0.0, "location": "Atlanta, GA", "sentiment": "neutral", "time": "Thu Nov 24 04:03:04 +0000 2016"}
{"polarity": 0.0, "location": "Atlanta, GA", "sentiment": "neutral", "time": "Thu Nov 24 04:03:20 +0000 2016"}
{"polarity": 0.0, "location": "Seattle, WA", "sentiment": "neutral", "time": "Thu Nov 24 04:03:23 +0000 2016"}
{"polarity": 0.44999999999999996, "location": "Phoenix, AZ", "sentiment": "positive", "time": "Thu Nov 24 04:03:25 +0000 2016"}
{"polarity": 0.0500000000000001, "location": "New York, NY", "sentiment": "positive", "time": "Thu Nov 24 04:03:25 +0000 2016"}
{"polarity": 0.0, "location": "Atlanta, GA", "sentiment": "neutral", "time": "Thu Nov 24 04:03:35 +0000 2016"}
{"polarity": 0.8, "location": "San Diego, CA", "sentiment": "positive", "time": "Thu Nov 24 04:03:38 +0000 2016"}
{"polarity": 0.32499999999999996, "location": "Phoenix, AZ", "sentiment": "positive", "time": "Thu Nov 24 04:03:51 +0000 2016"}
{"polarity": 0.0, "location": "Orlando, FL", "sentiment": "neutral", "time": "Thu Nov 24 04:03:54 +0000 2016"}
{"polarity": 0.0, "location": "Atlanta, GA", "sentiment": "neutral", "time": "Thu Nov 24 04:40:02 +0000 2016"}
{"polarity": 0.3, "location": "New York, NY", "sentiment": "positive", "time": "Thu Nov 24 04:40:09 +0000 2016"}
{"polarity": -0.037500000000000006, "location": "Boston, MA", "sentiment": "negative", "time": "Thu Nov 24 04:40:13 +0000 2016"}
{"polarity": 0.0, "location": "Atlanta, GA", "sentiment": "neutral", "time": "Thu Nov 24 04:40:13 +0000 2016"}
{"polarity": 0.0, "location": "Seattle, WA", "sentiment": "neutral", "time": "Thu Nov 24 04:40:22 +0000 2016"}
{"polarity": 0.6, "location": "New York, NY", "sentiment": "positive", "time": "Thu Nov 24 04:40:35 +0000 2016"}
{"polarity": -0.25, "location": "Phoenix, AZ", "sentiment": "negative", "time": "Thu Nov 24 04:40:37 +0000 2016"}
{"polarity": 0.0, "location": "Orlando, FL", "sentiment": "neutral", "time": "Thu Nov 24 04:40:41 +0000 2016"}
{"polarity": 0.5, "location": "Phoenix, AZ", "sentiment": "positive", "time": "Thu Nov 24 04:40:45 +0000 2016"}
