{"polarity": 0.0, "location": "New York, NY", "sentiment": "neutral", "time": "Thu Nov 24 04:08:15 +0000 2016"}
{"polarity": 0.0, "location": "New York, NY", "sentiment": "neutral", "time": "Thu Nov 24 04:08:20 +0000 2016"}
{"polarity": 0.8, "location": "Atlanta, GA", "sentiment": "positive", "time": "Thu Nov 24 04:08:27 +0000 2016"}
{"polarity": 0.3055555555555556, "location": "Atlanta, GA", "sentiment": "positive", "time": "Thu Nov 24 04:08:27 +0000 2016"}
{"polarity": 1.0, "location": "Portland, OR", "sentiment": "positive", "time": "Thu Nov 24 04:08:30 +0000 2016"}
{"polarity": 0.5, "location": "Atlanta, GA", "sentiment": "positive", "time": "Thu Nov 24 04:08:41 +0000 2016"}
{"polarity": 0.0, "location": "Boston, MA", "sentiment": "neutral", "time": "Thu Nov 24 04:08:41 +0000 2016"}
{"polarity": 0.0, "location": "New York, NY", "sentiment": "neutral", "time": "Thu Nov 24 04:08:44 +0000 2016"}
{"polarity": 0.6000000000000001, "location": "New York, NY", "sentiment": "positive", "time": "Thu Nov 24 04:08:54 +0000 2016"}
{"polarity": -0.125, "location": "Atlanta, GA", "sentiment": "negative", "time": "Thu Nov 24 04:35:08 +0000 2016"}
{"polarity": 0.0, "location": "San Diego, CA", "sentiment": "neutral", "time": "Thu Nov 24 04:35:20 +0000 2016"}
{"polarity": 0.0, "location": "Boston, MA", "sentiment": "neutral", "time": "Thu Nov 24 04:35:22 +0000 2016"}
{"polarity": 0.0, "location": "Seattle, WA", "sentiment": "neutral", "time": "Thu Nov 24 04:35:24 +0000 2016"}
{"polarity": -0.15555555555555559, "location": "Phoenix, AZ", "sentiment": "negative", "time": "Thu Nov 24 04:35:31 +0000 2016"}
{"polarity": 0.25, "location": "New York, NY", "sentiment": "positive", "time": "Thu Nov 24 04:35:39 +0000 2016"}
{"polarity": 0.5, "location": "Portland, OR", "sentiment": "positive", "time": "Thu Nov 24 04:35:49 +0000 2016"}
{"polarity": 0.27878787878787875, "location": "Boston, MA", "sentiment": "positive", "time": "Thu Nov 24 04:35:56 +0000 2016"}
{"polarity": 0.06666666666666665, "location": "Atlanta, GA", "sentiment": "positive", "time": "Thu Nov 24 04:35:56 +0000 2016"}
{"polarity": 0.0, "location": "Boston, MA", "sentiment": "neutral", "time": "Thu Nov 24 04:43:01 +0000 2016"}
{"polarity": 0.1277777777777778, "location": "Atlanta, GA", "sentiment": "positive", "time": "Thu Nov 24 04:43:19 +0000 2016"}
{"polarity": 1.0, "location": "New York, NY", "sentiment": "positive", "time": "Thu Nov 24 04:43:20 +0000 2016"}
{"polarity": 0.2, "location": "New York, NY", "sentiment": "positive", "time": "Thu Nov 24 04:43:29 +0000 2016"}
{"polarity": 0.0, "location": "Phoenix, AZ", "sentiment": "neutral", "time": "Thu Nov 24 04:43:37 +0000 2016"}
{"polarity": -0.3277777777777778, "location": "Orlando, FL", "sentiment": "negative", "time": "Thu Nov 24 04:43:43 +0000 2016"}
{"polarity": 0.0, "location": "Orlando, FL", "sentiment": "neutral", "time": "Thu Nov 24 04:43:43 +0000 2016"}
{"polarity": 0.25, "location": "Orlando, FL", "sentiment": "positive", "time": "Thu Nov 24 04:43:45 +0000 2016"}
{"polarity": 0.35, "location": "Phoenix, AZ", "sentiment": "positive", "time": "Thu Nov 24 04:43:55 +0000 2016"}
{"polarity": 0.35000000000000003, "location": "New York, NY", "sentiment": "positive", "time": "Thu Nov 24 04:43:57 +0000 2016"}
{"polarity": 0.0, "location": "Phoenix, AZ", "sentiment": "neutral", "time": "Thu Nov 24 04:10:00 +0000 2016"}
{"polarity": 0.5833333333333334, "location": "Phoenix, AZ", "sentiment": "positive", "time": "Thu Nov 24 04:10:00 +0000 2016"}
{"polarity": 0.2, "location": "Atlanta, GA", "sentiment": "positive", "time": "Thu Nov 24 04:10:08 +0000 2016"}
{"polarity": 0.0, "location": "Orlando, FL", "sentiment": "neutral", "time": "Thu Nov 24 04:10:18 +0000 2016"}
{"polarity": 0.5, "location": "Atlanta, GA", "sentiment": "positive", "time": "Thu Nov 24 04:10:36 +0000 2016"}
{"polarity": -0.13333333333333333, "location": "Seattle, WA", "sentiment": "negative", "time": "Thu Nov 24 04:10:36 +0000 2016"}
{"polarity": 0.0, "location": "Seattle, WA", "sentiment": "neutral", "time": "Thu Nov 24 04:10:39 +0000 2016"}
{"polarity": 0.16193181818181818, "location": "Phoenix, AZ", "sentiment": "positive", "time": "Thu Nov 24 04:10:40 +0000 2016"}
{"polarity": 0.06818181818181818, "location": "Seattle, WA", "sentiment": "positive", "time": "Thu Nov 24 04:10:46 +0000 2016"}
{"polarity": 0.0, "location": "Seattle, WA", "sentiment": "neutral", "time": "Thu Nov 24 04:10:48 +0000 2016"}
{"polarity": 0.0, "location": "Orlando, FL", "sentiment": "neutral", "time": "Thu Nov 24 04:10:50 +0000 2016"}
{"polarity": 0.25, "location": "Phoenix, AZ", "sentiment": "positive", "time": "Thu Nov 24 04:10:51 +0000 2016"}
{"polarity": 0.0, "location": "Phoenix, AZ", "sentiment": "neutral", "time": "Thu Nov 24 04:54:11 +0000 2016"}
{"polarity": 0.0, "location": "Phoenix, AZ", "sentiment": "neutral", "time": "Thu Nov 24 04:54:13 +0000 2016"}
{"polarity": 0.0, "location": "St. Louis, MO", "sentiment": "neutral", "time": "Thu Nov 24 04:54:16 +0000 2016"}
{"polarity": 0.075, "location": "Atlanta, GA", "sentiment": "positive", "time": "Thu Nov 24 04:54:24 +0000 2016"}
{"polarity": 0.0, "location": "San Diego, CA", "sentiment": "neutral", "time": "Thu Nov 24 04:54:27 +0000 2016"}
{"polarity": 0.0, "location": "Boston, MA", "sentiment": "neutral", "time": "Thu Nov 24 04:54:35 +0000 2016"}
{"polarity": -0.4, "location": "Seattle, WA", "sentiment": "negative", "time": "Thu Nov 24 04:54:40 +0000 2016"}
{"polarity": -1.850371707708594e-17, "location": "New York, NY", "sentiment": "negative", "time": "Thu Nov 24 04:54:51 +0000 2016"}
{"polarity": 0.25, "location": "New York, NY", "sentiment": "positive", "time": "Thu Nov 24 04:24:09 +0000 2016"}
{"polarity": 0.6, "location": "Atlanta, GA", "sentiment": "positive", "time": "Thu Nov 24 04:24:13 +0000 2016"}
{"polarity": 0.0, "location": "Seattle, WA", "sentiment": "neutral", "time": "Thu Nov 24 04:24:15 +0000 2016"}
{"polarity": 0.0, "location": "Atlanta, GA", "sentiment": "neutral", "time": "Thu Nov 24 04:24:27 +0000 2016"}
{"polarity": 0.0, "location": "New York, NY", "sentiment": "neutral", "time": "Thu Nov 24 04:24:28 +0000 2016"}
{"polarity": 0.6, "location": "Kansas City, KS", "sentiment": "positive", "time": "Thu Nov 24 04:24:35 +0000 2016"}
{"polarity": -0.5, "location": "Atlanta, GA", "sentiment": "negative", "time": "Thu Nov 24 04:24:43 +0000 2016"}
{"polarity": 0.0, "location": "San Diego, CA", "sentiment": "neutral", "time": "Thu Nov 24 04:24:47 +0000 2016"}
{"polarity": 0.0, "location": "New York, NY", "sentiment": "neutral", "time": "Thu Nov 24 04:24:54 +0000 2016"}
{"polarity": 0.0, "location": "Atlanta, GA", "sentiment": "neutral", "time": "Thu Nov 24 04:32:00 +0000 2016"}
{"polarity": 0.0, "location": "New York, NY", "sentiment": "neutral", "time": "Thu Nov 24 04:32:02 +0000 2016"}
{"polarity": 0.375, "location": "New York, NY", "sentiment": "positive", "time": "Thu Nov 24 04:32:04 +0000 2016"}
{"polarity": 0.8, "location": "Atlanta, GA", "sentiment": "positive", "time": "Thu Nov 24 04:32:13 +0000 2016"}
{"polarity": 0.0, "location": "Atlanta, GA", "sentiment": "neutral", "time": "Thu Nov 24 04:32:21 +0000 2016"}
{"polarity": 0.0, "location": "Seattle, WA", "sentiment": "neutral", "time": "Thu Nov 24 04:32:23 +0000 2016"}
{"polarity": 0.0, "location": "Seattle, WA", "sentiment": "neutral", "time": "Thu Nov 24 04:32:24 +0000 2016"}
{"polarity": 0.0, "location": "San Diego, CA", "sentiment": "neutral", "time": "Thu Nov 24 04:32:33 +0000 2016"}
{"polarity": 1.0, "location": "Boston, MA", "sentiment": "positive", "time": "Thu Nov 24 04:32:39 +0000 2016"}
{"polarity": 0.0, "location": "Atlanta, GA", "sentiment": "neutral", "time": "Thu Nov 24 04:32:47 +0000 2016"}
{"polarity": 0.0, "location": "San Diego, CA", "sentiment": "neutral", "time": "Thu Nov 24 04:36:00 +0000 2016"}
{"polarity": -0.3, "location": "New York, NY", "sentiment": "negative", "time": "Thu Nov 24 04:36:04 +0000 2016"}
{"polarity": 0.0, "location": "Portland, OR", "sentiment": "neutral", "time": "Thu Nov 24 04:36:10 +0000 2016"}
{"polarity": 0.27999999999999997, "location": "Seattle, WA", "sentiment": "positive", "time": "Thu Nov 24 04:36:14 +0000 2016"}
{"polarity": 0.7, "location": "Portland, OR", "sentiment": "positive", "time": "Thu Nov 24 04:36:17 +0000 2016"}
{"polarity": -0.03571428571428571, "location": "Boston, MA", "sentiment": "negative", "time": "Thu Nov 24 04:36:17 +0000 2016"}
{"polarity": 0.13636363636363635, "location": "Phoenix, AZ", "sentiment": "positive", "time": "Thu Nov 24 04:36:45 +0000 2016"}
{"polarity": 0.06666666666666665, "location": "Seattle, WA", "sentiment": "positive", "time": "Thu Nov 24 04:36:50 +0000 2016"}
{"polarity": -0.2, "location": "Boston, MA", "sentiment": "negative", "time": "Thu Nov 24 04:36:58 +0000 2016"}
{"polarity": 0.2, "location": "Atlanta, GA", "sentiment": "positive", "time": "Thu Nov 24 04:01:01 +0000 2016"}
{"polarity": -0.125, "location": "Portland, OR", "sentiment": "negative", "time": "Thu Nov 24 04:01:02 +0000 2016"}
{"polarity": 0.0, "location": "Phoenix, AZ", "sentiment": "neutral", "time": "Thu Nov 24 04:01:17 +0000 2016"}
{"polarity": -1.0, "location": "Seattle, WA", "sentiment": "negative", "time": "Thu Nov 24 04:01:10 +0000 2016"}
{"polarity": 0.0, "location": "New York, NY", "sentiment": "neutral", "time": "Thu Nov 24 04:01:23 +0000 2016"}
{"polarity": 0.5, "location": "Seattle, WA", "sentiment": "positive", "time": "Thu Nov 24 04:01:33 +0000 2016"}
{"polarity": 0.0, "location": "Atlanta, GA", "sentiment": "neutral", "time": "Thu Nov 24 04:01:44 +0000 2016"}
{"polarity": 0.16666666666666669, "location": "San Diego, CA", "sentiment": "positive", "time": "Thu Nov 24 04:01:48 +0000 2016"}
{"polarity": 0.14285714285714285, "location": "Boston, MA", "sentiment": "positive", "time": "Thu Nov 24 04:01:59 +0000 2016"}
{"polarity": -0.03333333333333333, "location": "New York, NY", "sentiment": "negative", "time": "Thu Nov 24 04:55:04 +0000 2016"}
{"polarity": 0.0, "location": "Atlanta, GA", "sentiment": "neutral", "time": "Thu Nov 24 04:55:08 +0000 2016"}
{"polarity": 0.0, "location": "New York, NY", "sentiment": "neutral", "time": "Thu Nov 24 04:55:11 +0000 2016"}
{"polarity": 0.17222222222222222, "location": "Boston, MA", "sentiment": "positive", "time": "Thu Nov 24 04:55:13 +0000 2016"}
{"polarity": -0.1, "location": "New York, NY", "sentiment": "negative", "time": "Thu Nov 24 04:55:13 +0000 2016"}
{"polarity": 0.0, "location": "New York, NY", "sentiment": "neutral", "time": "Thu Nov 24 04:55:20 +0000 2016"}
{"polarity": 0.0, "location": "New York, NY", "sentiment": "neutral", "time": "Thu Nov 24 04:55:21 +0000 2016"}
{"polarity": 0.5166666666666667, "location": "Atlanta, GA", "sentiment": "positive", "time": "Thu Nov 24 04:55:34 +0000 2016"}
{"polarity": 0.0, "location": "Atlanta, GA", "sentiment": "neutral", "time": "Thu Nov 24 04:55:40 +0000 2016"}
{"polarity": 0.0, "location": "New York, NY", "sentiment": "neutral", "time": "Thu Nov 24 04:55:46 +0000 2016"}
{"polarity": -0.6, "location": "St. Louis, MO", "sentiment": "negative", "time": "Thu Nov 24 04:55:49 +0000 2016"}
{"polarity": 0.0, "location": "New York, NY", "sentiment": "neutral", "time": "Thu Nov 24 04:09:03 +0000 2016"}
{"polarity": 0.0, "location": "Atlanta, GA", "sentiment": "neutral", "time": "Thu Nov 24 04:09:07 +0000 2016"}
{"polarity": 0.625, "location": "Seattle, WA", "sentiment": "positive", "time": "Thu Nov 24 04:09:26 +0000 2016"}
{"polarity": 0.0, "location": "Atlanta, GA", "sentiment": "neutral", "time": "Thu Nov 24 04:09:27 +0000 2016"}
{"polarity": 1.0, "location": "Atlanta, GA", "sentiment": "positive", "time": "Thu Nov 24 04:09:36 +0000 2016"}
{"polarity": 0.3, "location": "New York, NY", "sentiment": "positive", "time": "Thu Nov 24 04:09:55 +0000 2016"}
{"polarity": 0.0, "location": "Atlanta, GA", "sentiment": "neutral", "time": "Thu Nov 24 04:33:03 +0000 2016"}
{"polarity": 0.0, "location": "San Diego, CA", "sentiment": "neutral", "time": "Thu Nov 24 04:33:14 +0000 2016"}
{"polarity": 0.75, "location": "Phoenix, AZ", "sentiment": "positive", "time": "Thu Nov 24 04:33:18 +0000 2016"}
{"polarity": 0.5, "location": "Atlanta, GA", "sentiment": "positive", "time": "Thu Nov 24 04:33:20 +0000 2016"}
{"polarity": 0.0, "location": "Atlanta, GA", "sentiment": "neutral", "time": "Thu Nov 24 04:33:21 +0000 2016"}
{"polarity": 1.0, "location": "Phoenix, AZ", "sentiment": "positive", "time": "Thu Nov 24 04:33:31 +0000 2016"}
{"polarity": -0.6, "location": "Atlanta, GA", "sentiment": "negative", "time": "Thu Nov 24 04:33:34 +0000 2016"}
{"polarity": 0.0, "location": "Atlanta, GA", "sentiment": "neutral", "time": "Thu Nov 24 04:33:36 +0000 2016"}
{"polarity": -0.6666666666666666, "location": "Seattle, WA", "sentiment": "negative", "time": "Thu Nov 24 04:33:48 +0000 2016"}
{"polarity": 0.0, "location": "Atlanta, GA", "sentiment": "neutral", "time": "Thu Nov 24 04:33:51 +0000 2016"}
{"polarity": 0.5, "location": "Seattle, WA", "sentiment": "positive", "time": "Thu Nov 24 04:33:57 +0000 2016"}
{"polarity": -0.09375, "location": "Seattle, WA", "sentiment": "negative", "time": "Thu Nov 24 04:33:59 +0000 2016"}
{"polarity": 0.7, "location": "Atlanta, GA", "sentiment": "positive", "time": "Thu Nov 24 04:44:01 +0000 2016"}
{"polarity": 0.5, "location": "San Diego, CA", "sentiment": "positive", "time": "Thu Nov 24 04:44:01 +0000 2016"}
{"polarity": -0.2, "location": "New York, NY", "sentiment": "negative", "time": "Thu Nov 24 04:44:06 +0000 2016"}
{"polarity": -0.2, "location": "New York, NY", "sentiment": "negative", "time": "Thu Nov 24 04:44:06 +0000 2016"}
{"polarity": 0.6, "location": "New York, NY", "sentiment": "positive", "time": "Thu Nov 24 04:44:12 +0000 2016"}
{"polarity": 0.0, "location": "Seattle, WA", "sentiment": "neutral", "time": "Thu Nov 24 04:44:18 +0000 2016"}
{"polarity": 0.09666666666666672, "location": "Portland, OR", "sentiment": "positive", "time": "Thu Nov 24 04:44:28 +0000 2016"}
{"polarity": 0.0, "location": "San Diego, CA", "sentiment": "neutral", "time": "Thu Nov 24 04:44:31 +0000 2016"}
{"polarity": 0.13636363636363635, "location": "New York, NY", "sentiment": "positive", "time": "Thu Nov 24 04:44:37 +0000 2016"}
{"polarity": 0.3333333333333333, "location": "Seattle, WA", "sentiment": "positive", "time": "Thu Nov 24 04:44:39 +0000 2016"}
{"polarity": -0.025, "location": "San Diego, CA", "sentiment": "negative", "time": "Thu Nov 24 04:44:42 +0000 2016"}
{"polarity": 0.0, "location": "New York, NY", "sentiment": "neutral", "time": "Thu Nov 24 04:44:47 +0000 2016"}
{"polarity": 0.255, "location": "New York, NY", "sentiment": "positive", "time": "Thu Nov 24 04:44:57 +0000 2016"}
{"polarity": 0.1, "location": "Phoenix, AZ", "sentiment": "positive", "time": "Thu Nov 24 04:28:10 +0000 2016"}
{"polarity": -0.0666666666666667, "location": "Phoenix, AZ", "sentiment": "negative", "time": "Thu Nov 24 04:28:11 +0000 2016"}
{"polarity": -0.015151515151515152, "location": "San Diego, CA", "sentiment": "negative", "time": "Thu Nov 24 04:28:18 +0000 2016"}
{"polarity": -0.125, "location": "Portland, OR", "sentiment": "negative", "time": "Thu Nov 24 04:28:25 +0000 2016"}
{"polarity": 0.0, "location": "Portland, OR", "sentiment": "neutral", "time": "Thu Nov 24 04:28:27 +0000 2016"}
{"polarity": 0.0, "location": "Atlanta, GA", "sentiment": "neutral", "time": "Thu Nov 24 04:28:57 +0000 2016"}
{"polarity": 0.0, "location": "New York, NY", "sentiment": "neutral", "time": "Thu Nov 24 04:28:59 +0000 2016"}
{"polarity": 0.0, "location": "Seattle, WA", "sentiment": "neutral", "time": "Thu Nov 24 04:22:04 +0000 2016"}
{"polarity": 0.5222222222222223, "location": "New York, NY", "sentiment": "positive", "time": "Thu Nov 24 04:22:05 +0000 2016"}
{"polarity": 0.0, "location": "San Diego, CA", "sentiment": "neutral", "time": "Thu Nov 24 04:22:08 +0000 2016"}
{"polarity": 0.1, "location": "Boston, MA", "sentiment": "positive", "time": "Thu Nov 24 04:22:12 +0000 2016"}
{"polarity": -0.12916666666666665, "location": "Atlanta, GA", "sentiment": "negative", "time": "Thu Nov 24 04:22:16 +0000 2016"}
{"polarity": 0.0, "location": "Seattle, WA", "sentiment": "neutral", "time": "Thu Nov 24 04:22:26 +0000 2016"}
{"polarity": 0.0, "location": "Phoenix, AZ", "sentiment": "neutral", "time": "Thu Nov 24 04:22:33 +0000 2016"}
{"polarity": 0.0, "location": "San Diego, CA", "sentiment": "neutral", "time": "Thu Nov 24 04:22:48 +0000 2016"}
{"polarity": 0.0, "location": "Atlanta, GA", "sentiment": "neutral", "time": "Thu Nov 24 04:22:52 +0000 2016"}
{"polarity": 0.0, "location": "Atlanta, GA", "sentiment": "neutral", "time": "Thu Nov 24 04:49:07 +0000 2016"}
{"polarity": -0.3125, "location": "New York, NY", "sentiment": "negative", "time": "Thu Nov 24 04:49:10 +0000 2016"}
{"polarity": 0.0, "location": "Atlanta, GA", "sentiment": "neutral", "time": "Thu Nov 24 04:49:36 +0000 2016"}
{"polarity": 0.0, "location": "St. Louis, MO", "sentiment": "neutral", "time": "Thu Nov 24 04:49:46 +0000 2016"}
{"polarity": 0.25, "location": "Phoenix, AZ", "sentiment": "positive", "time": "Thu Nov 24 04:45:00 +0000 2016"}
{"polarity": 0.0, "location": "Seattle, WA", "sentiment": "neutral", "time": "Thu Nov 24 04:45:00 +0000 2016"}
{"polarity": 0.1, "location": "New York, NY", "sentiment": "positive", "time": "Thu Nov 24 04:45:04 +0000 2016"}
{"polarity": -0.35, "location": "Phoenix, AZ", "sentiment": "negative", "time": "Thu Nov 24 04:45:23 +0000 2016"}
{"polarity": 0.7, "location": "New York, NY", "sentiment": "positive", "time": "Thu Nov 24 04:45:29 +0000 2016"}
{"polarity": 0.0, "location": "New York, NY", "sentiment": "neutral", "time": "Thu Nov 24 04:45:29 +0000 2016"}
{"polarity": 0.0, "location": "Atlanta, GA", "sentiment": "neutral", "time": "Thu Nov 24 04:45:31 +0000 2016"}
{"polarity": 0.0, "location": "San Diego, CA", "sentiment": "neutral", "time": "Thu Nov 24 04:45:35 +0000 2016"}
{"polarity": 0.0, "location": "Portland, OR", "sentiment": "neutral", "time": "Thu Nov 24 04:45:35 +0000 2016"}
{"polarity": 0.125, "location": "Atlanta, GA", "sentiment": "positive", "time": "Thu Nov 24 04:45:38 +0000 2016"}
{"polarity": 0.0, "location": "New York, NY", "sentiment": "neutral", "time": "Thu Nov 24 04:45:39 +0000 2016"}
{"polarity": 0.0, "location": "Seattle, WA", "sentiment": "neutral", "time": "Thu Nov 24 04:45:53 +0000 2016"}
{"polarity": 0.5, "location": "Seattle, WA", "sentiment": "positive", "time": "Thu Nov 24 04:45:57 +0000 2016"}
{"polarity": 0.0, "location": "New York, NY", "sentiment": "neutral", "time": "Thu Nov 24 04:06:00 +0000 2016"}
{"polarity": 0.03125, "location": "Atlanta, GA", "sentiment": "positive", "time": "Thu Nov 24 04:06:11 +0000 2016"}
{"polarity": 0.0, "location": "San Diego, CA", "sentiment": "neutral", "time": "Thu Nov 24 04:06:13 +0000 2016"}
{"polarity": 0.0, "location": "Orlando, FL", "sentiment": "neutral", "time": "Thu Nov 24 04:06:29 +0000 2016"}
{"polarity": 0.5, "location": "Orlando, FL", "sentiment": "positive", "time": "Thu Nov 24 04:06:31 +0000 2016"}
{"polarity": 0.0, "location": "Phoenix, AZ", "sentiment": "neutral", "time": "Thu Nov 24 04:06:37 +0000 2016"}
{"polarity": 0.0, "location": "Atlanta, GA", "sentiment": "neutral", "time": "Thu Nov 24 04:06:44 +0000 2016"}
{"polarity": 0.0, "location": "New York, NY", "sentiment": "neutral", "time": "Thu Nov 24 04:06:48 +0000 2016"}
{"polarity": 0.0, "location": "New York, NY", "sentiment": "neutral", "time": "Thu Nov 24 04:06:58 +0000 2016"}
{"polarity": 0.0, "location": "New York, NY", "sentiment": "neutral", "time": "Thu Nov 24 04:06:59 +0000 2016"}
{"polarity": 0.2, "location": "Atlanta, GA", "sentiment": "positive", "time": "Thu Nov 24 04:20:05 +0000 2016"}
{"polarity": 0.35000000000000003, "location": "Atlanta, GA", "sentiment": "positive", "time": "Thu Nov 24 04:20:06 +0000 2016"}
{"polarity": 0.6, "location": "Atlanta, GA", "sentiment": "positive", "time": "Thu Nov 24 04:20:09 +0000 2016"}
{"polarity": 0.3181818181818182, "location": "Seattle, WA", "sentiment": "positive", "time": "Thu Nov 24 04:20:14 +0000 2016"}
{"polarity": -0.08333333333333333, "location": "Atlanta, GA", "sentiment": "negative", "time": "Thu Nov 24 04:20:18 +0000 2016"}
{"polarity": 0.0, "location": "New York, NY", "sentiment": "neutral", "time": "Thu Nov 24 04:20:23 +0000 2016"}
{"polarity": 0.25, "location": "New York, NY", "sentiment": "positive", "time": "Thu Nov 24 04:20:36 +0000 2016"}
{"polarity": 0.425, "location": "Phoenix, AZ", "sentiment": "positive", "time": "Thu Nov 24 04:20:40 +0000 2016"}
{"polarity": 0.0, "location": "Boston, MA", "sentiment": "neutral", "time": "Thu Nov 24 04:20:44 +0000 2016"}
{"polarity": -0.6666666666666666, "location": "Boston, MA", "sentiment": "negative", "time": "Thu Nov 24 04:20:47 +0000 2016"}
{"polarity": 0.0, "location": "Orlando, FL", "sentiment": "neutral", "time": "Thu Nov 24 04:20:51 +0000 2016"}
{"polarity": 0.5, "location": "New York, NY", "sentiment": "positive", "time": "Thu Nov 24 04:13:09 +0000 2016"}
{"polarity": 0.0, "location": "San Diego, CA", "sentiment": "neutral", "time": "Thu Nov 24 04:13:13 +0000 2016"}
{"polarity": 0.0, "location": "Seattle, WA", "sentiment": "neutral", "time": "Thu Nov 24 04:13:14 +0000 2016"}
{"polarity": 1.0, "location": "Atlanta, GA", "sentiment": "positive", "time": "Thu Nov 24 04:13:23 +0000 2016"}
{"polarity": 0.6, "location": "Atlanta, GA", "sentiment": "positive", "time": "Thu Nov 24 04:13:33 +0000 2016"}
{"polarity": 0.0, "location": "New York, NY", "sentiment": "neutral", "time": "Thu Nov 24 04:13:35 +0000 2016"}
{"polarity": 0.0, "location": "New York, NY", "sentiment": "neutral", "time": "Thu Nov 24 04:13:46 +0000 2016"}
{"polarity": 0.3333333333333333, "location": "Atlanta, GA", "sentiment": "positive", "time": "Thu Nov 24 04:04:01 +0000 2016"}
{"polarity": -0.14285714285714285, "location": "Atlanta, GA", "sentiment": "negative", "time": "Thu Nov 24 04:04:01 +0000 2016"}
{"polarity": -0.8, "location": "Orlando, FL", "sentiment": "negative", "time": "Thu Nov 24 04:04:02 +0000 2016"}
{"polarity": 0.0, "location": "New York, NY", "sentiment": "neutral", "time": "Thu Nov 24 04:04:06 +0000 2016"}
{"polarity": 0.17500000000000002, "location": "Atlanta, GA", "sentiment": "positive", "time": "Thu Nov 24 04:04:08 +0000 2016"}
{"polarity": 0.0, "location": "Orlando, FL", "sentiment": "neutral", "time": "Thu Nov 24 04:04:10 +0000 2016"}
{"polarity": 0.2, "location": "Orlando, FL", "sentiment": "positive", "time": "Thu Nov 24 04:04:15 +0000 2016"}
{"polarity": 0.0, "location": "Orlando, FL", "sentiment": "neutral", "time": "Thu Nov 24 04:04:21 +0000 2016"}
{"polarity": 0.0, "location": "New York, NY", "sentiment": "neutral", "time": "Thu Nov 24 04:04:21 +0000 2016"}
{"polarity": 0.0, "location": "Seattle, WA", "sentiment": "neutral", "time": "Thu Nov 24 04:04:23 +0000 2016"}
{"polarity": 0.0, "location": "Atlanta, GA", "sentiment": "neutral", "time": "Thu Nov 24 04:04:38 +0000 2016"}
{"polarity": 0.13214285714285712, "location": "New York, NY", "sentiment": "positive", "time": "Thu Nov 24 04:04:46 +0000 2016"}
{"polarity": -1.0, "location": "Boston, MA", "sentiment": "negative", "time": "Thu Nov 24 04:04:48 +0000 2016"}
{"polarity": 0.15000000000000002, "location": "Atlanta, GA", "sentiment": "positive", "time": "Thu Nov 24 04:04:50 +0000 2016"}
{"polarity": -0.375, "location": "Atlanta, GA", "sentiment": "negative", "time": "Thu Nov 24 04:04:52 +0000 2016"}
{"polarity": -0.3666666666666667, "location": "Seattle, WA", "sentiment": "negative", "time": "Thu Nov 24 04:04:53 +0000 2016"}
{"polarity": 0.5, "location": "Seattle, WA", "sentiment": "positive", "time": "Thu Nov 24 06:39:20 +0000 2016"}
{"polarity": 0.20833333333333334, "location": "Orlando, FL", "sentiment": "positive", "time": "Thu Nov 24 06:39:34 +0000 2016"}
{"polarity": 0.0, "location": "San Diego, CA", "sentiment": "neutral", "time": "Thu Nov 24 06:39:47 +0000 2016"}
{"polarity": 0.41666666666666663, "location": "Atlanta, GA", "sentiment": "positive", "time": "Thu Nov 24 06:39:57 +0000 2016"}
{"polarity": 0.0, "location": "San Diego, CA", "sentiment": "neutral", "time": "Thu Nov 24 06:59:00 +0000 2016"}
{"polarity": 0.5, "location": "Seattle, WA", "sentiment": "positive", "time": "Thu Nov 24 06:59:03 +0000 2016"}
{"polarity": 0.0, "location": "New York, NY", "sentiment": "neutral", "time": "Thu Nov 24 06:59:19 +0000 2016"}
{"polarity": 0.0, "location": "Atlanta, GA", "sentiment": "neutral", "time": "Thu Nov 24 06:59:37 +0000 2016"}
{"polarity": 0.0, "location": "San Diego, CA", "sentiment": "neutral", "time": "Thu Nov 24 06:59:59 +0000 2016"}
{"polarity": 0.0, "location": "Boston, MA", "sentiment": "neutral", "time": "Thu Nov 24 06:19:08 +0000 2016"}
{"polarity": 0.0062500000000000056, "location": "Atlanta, GA", "sentiment": "positive", "time": "Thu Nov 24 06:19:10 +0000 2016"}
{"polarity": 0.0, "location": "Orlando, FL", "sentiment": "neutral", "time": "Thu Nov 24 06:19:10 +0000 2016"}
{"polarity": 1.0, "location": "New York, NY", "sentiment": "positive", "time": "Thu Nov 24 06:19:11 +0000 2016"}
{"polarity": 0.0, "location": "New York, NY", "sentiment": "neutral", "time": "Thu Nov 24 06:19:13 +0000 2016"}
{"polarity": 0.0, "location": "New York, NY", "sentiment": "neutral", "time": "Thu Nov 24 06:19:20 +0000 2016"}
{"polarity": 0.0, "location": "New York, NY", "sentiment": "neutral", "time": "Thu Nov 24 06:19:41 +0000 2016"}
{"polarity": 0.0, "location": "Orlando, FL", "sentiment": "neutral", "time": "Thu Nov 24 06:19:50 +0000 2016"}
{"polarity": 0.39999999999999997, "location": "Orlando, FL", "sentiment": "positive", "time": "Thu Nov 24 06:19:51 +0000 2016"}
{"polarity": 0.0, "location": "Orlando, FL", "sentiment": "neutral", "time": "Thu Nov 24 06:19:54 +0000 2016"}
{"polarity": 0.0, "location": "New York, NY", "sentiment": "neutral", "time": "Thu Nov 24 06:19:54 +0000 2016"}
{"polarity": 0.5, "location": "San Diego, CA", "sentiment": "positive", "time": "Thu Nov 24 06:37:02 +0000 2016"}
{"polarity": -0.30000000000000004, "location": "Atlanta, GA", "sentiment": "negative", "time": "Thu Nov 24 06:37:07 +0000 2016"}
{"polarity": 0.2, "location": "New York, NY", "sentiment": "positive", "time": "Thu Nov 24 06:37:19 +0000 2016"}
{"polarity": 3.700743415417188e-17, "location": "New York, NY", "sentiment": "positive", "time": "Thu Nov 24 06:37:23 +0000 2016"}
{"polarity": 0.0, "location": "Portland, OR", "sentiment": "neutral", "time": "Thu Nov 24 06:37:50 +0000 2016"}
{"polarity": 0.0, "location": "Atlanta, GA", "sentiment": "neutral", "time": "Thu Nov 24 06:37:56 +0000 2016"}
{"polarity": 0.0, "location": "San Diego, CA", "sentiment": "neutral", "time": "Thu Nov 24 06:31:07 +0000 2016"}
{"polarity": 0.0, "location": "Seattle, WA", "sentiment": "neutral", "time": "Thu Nov 24 06:31:26 +0000 2016"}
{"polarity": 0.0, "location": "Seattle, WA", "sentiment": "neutral", "time": "Thu Nov 24 06:31:34 +0000 2016"}
{"polarity": 0.6, "location": "Atlanta, GA", "sentiment": "positive", "time": "Thu Nov 24 06:31:46 +0000 2016"}
{"polarity": 0.0, "location": "Atlanta, GA", "sentiment": "neutral", "time": "Thu Nov 24 06:31:46 +0000 2016"}
{"polarity": 0.0, "location": "Portland, OR", "sentiment": "neutral", "time": "Thu Nov 24 06:31:58 +0000 2016"}
{"polarity": 0.0, "location": "Atlanta, GA", "sentiment": "neutral", "time": "Thu Nov 24 06:41:07 +0000 2016"}
{"polarity": 0.0, "location": "Seattle, WA", "sentiment": "neutral", "time": "Thu Nov 24 06:41:14 +0000 2016"}
{"polarity": 0.0, "location": "Phoenix, AZ", "sentiment": "neutral", "time": "Thu Nov 24 06:41:35 +0000 2016"}
{"polarity": 0.0, "location": "Seattle, WA", "sentiment": "neutral", "time": "Thu Nov 24 06:41:58 +0000 2016"}
{"polarity": 0.0, "location": "Boston, MA", "sentiment": "neutral", "time": "Thu Nov 24 06:41:58 +0000 2016"}
{"polarity": -0.375, "location": "Phoenix, AZ", "sentiment": "negative", "time": "Thu Nov 24 06:27:11 +0000 2016"}
{"polarity": 0.0, "location": "San Diego, CA", "sentiment": "neutral", "time": "Thu Nov 24 06:27:13 +0000 2016"}
{"polarity": 0.0, "location": "Portland, OR", "sentiment": "neutral", "time": "Thu Nov 24 06:27:15 +0000 2016"}
{"polarity": 0.0, "location": "Portland, OR", "sentiment": "neutral", "time": "Thu Nov 24 06:27:23 +0000 2016"}
{"polarity": 0.1, "location": "Boston, MA", "sentiment": "positive", "time": "Thu Nov 24 06:27:35 +0000 2016"}
{"polarity": 0.0, "location": "Atlanta, GA", "sentiment": "neutral", "time": "Thu Nov 24 06:57:09 +0000 2016"}
{"polarity": 0.0, "location": "New York, NY", "sentiment": "neutral", "time": "Thu Nov 24 06:57:14 +0000 2016"}
{"polarity": 0.0, "location": "San Diego, CA", "sentiment": "neutral", "time": "Thu Nov 24 06:57:15 +0000 2016"}
{"polarity": 0.0, "location": "San Diego, CA", "sentiment": "neutral", "time": "Thu Nov 24 06:57:21 +0000 2016"}
{"polarity": 0.65, "location": "New York, NY", "sentiment": "positive", "time": "Thu Nov 24 06:26:14 +0000 2016"}
{"polarity": 0.0, "location": "San Diego, CA", "sentiment": "neutral", "time": "Thu Nov 24 06:26:19 +0000 2016"}
{"polarity": -0.7, "location": "Atlanta, GA", "sentiment": "negative", "time": "Thu Nov 24 06:26:24 +0000 2016"}
{"polarity": 0.5, "location": "Seattle, WA", "sentiment": "positive", "time": "Thu Nov 24 06:26:45 +0000 2016"}
{"polarity": 0.0, "location": "San Diego, CA", "sentiment": "neutral", "time": "Thu Nov 24 06:26:51 +0000 2016"}
{"polarity": -0.4, "location": "Portland, OR", "sentiment": "negative", "time": "Thu Nov 24 06:26:53 +0000 2016"}
{"polarity": -0.325, "location": "Seattle, WA", "sentiment": "negative", "time": "Thu Nov 24 06:58:14 +0000 2016"}
{"polarity": 0.3555555555555556, "location": "Seattle, WA", "sentiment": "positive", "time": "Thu Nov 24 06:58:14 +0000 2016"}
{"polarity": 0.5, "location": "Portland, OR", "sentiment": "positive", "time": "Thu Nov 24 06:58:25 +0000 2016"}
{"polarity": 0.0, "location": "Portland, OR", "sentiment": "neutral", "time": "Thu Nov 24 06:58:28 +0000 2016"}
{"polarity": 0.5681818181818181, "location": "Portland, OR", "sentiment": "positive", "time": "Thu Nov 24 06:58:28 +0000 2016"}
{"polarity": 0.0, "location": "San Diego, CA", "sentiment": "neutral", "time": "Thu Nov 24 06:58:30 +0000 2016"}
{"polarity": 0.13636363636363635, "location": "New York, NY", "sentiment": "positive", "time": "Thu Nov 24 06:58:33 +0000 2016"}
{"polarity": 0.0, "location": "Seattle, WA", "sentiment": "neutral", "time": "Thu Nov 24 06:58:39 +0000 2016"}
{"polarity": 0.5, "location": "Portland, OR", "sentiment": "positive", "time": "Thu Nov 24 06:58:45 +0000 2016"}
{"polarity": 0.0, "location": "Seattle, WA", "sentiment": "neutral", "time": "Thu Nov 24 06:58:56 +0000 2016"}
{"polarity": 0.0, "location": "Orlando, FL", "sentiment": "neutral", "time": "Thu Nov 24 06:58:57 +0000 2016"}
{"polarity": 0.0, "location": "San Diego, CA", "sentiment": "neutral", "time": "Thu Nov 24 06:42:04 +0000 2016"}
{"polarity": 0.009090909090909094, "location": "Seattle, WA", "sentiment": "positive", "time": "Thu Nov 24 06:42:11 +0000 2016"}
{"polarity": 0.4, "location": "Orlando, FL", "sentiment": "positive", "time": "Thu Nov 24 06:42:27 +0000 2016"}
{"polarity": 0.4, "location": "Atlanta, GA", "sentiment": "positive", "time": "Thu Nov 24 06:42:27 +0000 2016"}
{"polarity": 0.0, "location": "Boston, MA", "sentiment": "neutral", "time": "Thu Nov 24 06:42:39 +0000 2016"}
{"polarity": 0.0, "location": "Seattle, WA", "sentiment": "neutral", "time": "Thu Nov 24 06:50:11 +0000 2016"}
{"polarity": 0.0, "location": "Portland, OR", "sentiment": "neutral", "time": "Thu Nov 24 06:50:11 +0000 2016"}
{"polarity": 0.4303571428571429, "location": "Atlanta, GA", "sentiment": "positive", "time": "Thu Nov 24 06:50:17 +0000 2016"}
{"polarity": 0.78125, "location": "Seattle, WA", "sentiment": "positive", "time": "Thu Nov 24 06:50:19 +0000 2016"}
{"polarity": 0.0, "location": "Orlando, FL", "sentiment": "neutral", "time": "Thu Nov 24 06:50:39 +0000 2016"}
{"polarity": 0.0, "location": "Phoenix, AZ", "sentiment": "neutral", "time": "Thu Nov 24 06:50:50 +0000 2016"}
{"polarity": 0.0, "location": "San Diego, CA", "sentiment": "neutral", "time": "Thu Nov 24 06:15:00 +0000 2016"}
{"polarity": 0.0, "location": "San Diego, CA", "sentiment": "neutral", "time": "Thu Nov 24 06:15:08 +0000 2016"}
{"polarity": -0.056249999999999994, "location": "Seattle, WA", "sentiment": "negative", "time": "Thu Nov 24 06:15:26 +0000 2016"}
{"polarity": 0.5, "location": "Atlanta, GA", "sentiment": "positive", "time": "Thu Nov 24 06:15:39 +0000 2016"}
{"polarity": 0.0, "location": "Phoenix, AZ", "sentiment": "neutral", "time": "Thu Nov 24 06:15:42 +0000 2016"}
{"polarity": 0.0, "location": "San Diego, CA", "sentiment": "neutral", "time": "Thu Nov 24 06:15:46 +0000 2016"}
{"polarity": -0.4, "location": "Seattle, WA", "sentiment": "negative", "time": "Thu Nov 24 06:15:59 +0000 2016"}
{"polarity": 1.0, "location": "Portland, OR", "sentiment": "positive", "time": "Thu Nov 24 06:38:02 +0000 2016"}
{"polarity": -0.010101010101010102, "location": "Seattle, WA", "sentiment": "negative", "time": "Thu Nov 24 06:38:18 +0000 2016"}
{"polarity": 0.0, "location": "Atlanta, GA", "sentiment": "neutral", "time": "Thu Nov 24 06:38:22 +0000 2016"}
{"polarity": 0.25, "location": "Seattle, WA", "sentiment": "positive", "time": "Thu Nov 24 06:38:32 +0000 2016"}
{"polarity": 0.0, "location": "Orlando, FL", "sentiment": "neutral", "time": "Thu Nov 24 06:38:37 +0000 2016"}
{"polarity": 0.0, "location": "New York, NY", "sentiment": "neutral", "time": "Thu Nov 24 06:38:37 +0000 2016"}
{"polarity": 0.15, "location": "Atlanta, GA", "sentiment": "positive", "time": "Thu Nov 24 06:38:40 +0000 2016"}
{"polarity": 0.0, "location": "San Diego, CA", "sentiment": "neutral", "time": "Thu Nov 24 06:38:41 +0000 2016"}
{"polarity": 0.0, "location": "Boston, MA", "sentiment": "neutral", "time": "Thu Nov 24 06:38:46 +0000 2016"}
{"polarity": 0.0, "location": "Seattle, WA", "sentiment": "neutral", "time": "Thu Nov 24 06:38:51 +0000 2016"}
{"polarity": 0.0, "location": "Boston, MA", "sentiment": "neutral", "time": "Thu Nov 24 06:38:53 +0000 2016"}
{"polarity": 0.0, "location": "Portland, OR", "sentiment": "neutral", "time": "Thu Nov 24 06:21:27 +0000 2016"}
{"polarity": 0.0, "location": "Seattle, WA", "sentiment": "neutral", "time": "Thu Nov 24 06:21:28 +0000 2016"}
{"polarity": 0.0, "location": "San Diego, CA", "sentiment": "neutral", "time": "Thu Nov 24 06:21:37 +0000 2016"}
{"polarity": 0.0, "location": "San Diego, CA", "sentiment": "neutral", "time": "Thu Nov 24 06:21:48 +0000 2016"}
{"polarity": -0.125, "location": "Seattle, WA", "sentiment": "negative", "time": "Thu Nov 24 06:21:56 +0000 2016"}
{"polarity": 0.0, "location": "Seattle, WA", "sentiment": "neutral", "time": "Thu Nov 24 06:17:26 +0000 2016"}
{"polarity": 0.55, "location": "New York, NY", "sentiment": "positive", "time": "Thu Nov 24 06:17:34 +0000 2016"}
{"polarity": 0.0, "location": "Atlanta, GA", "sentiment": "neutral", "time": "Thu Nov 24 06:17:52 +0000 2016"}
{"polarity": 0.0, "location": "San Diego, CA", "sentiment": "neutral", "time": "Thu Nov 24 06:17:53 +0000 2016"}
{"polarity": -0.5, "location": "Boston, MA", "sentiment": "negative", "time": "Thu Nov 24 06:12:01 +0000 2016"}
{"polarity": 0.0, "location": "New York, NY", "sentiment": "neutral", "time": "Thu Nov 24 06:12:41 +0000 2016"}
{"polarity": 0.8, "location": "Atlanta, GA", "sentiment": "positive", "time": "Thu Nov 24 06:12:41 +0000 2016"}
{"polarity": 0.0, "location": "Boston, MA", "sentiment": "neutral", "time": "Thu Nov 24 06:12:57 +0000 2016"}
{"polarity": 0.0, "location": "San Diego, CA", "sentiment": "neutral", "time": "Thu Nov 24 06:29:14 +0000 2016"}
{"polarity": -0.25, "location": "New York, NY", "sentiment": "negative", "time": "Thu Nov 24 06:29:21 +0000 2016"}
{"polarity": 0.0, "location": "Seattle, WA", "sentiment": "neutral", "time": "Thu Nov 24 06:29:22 +0000 2016"}
{"polarity": 0.0, "location": "Atlanta, GA", "sentiment": "neutral", "time": "Thu Nov 24 06:29:27 +0000 2016"}
{"polarity": 0.125, "location": "Phoenix, AZ", "sentiment": "positive", "time": "Thu Nov 24 06:29:30 +0000 2016"}
{"polarity": 0.0, "location": "Atlanta, GA", "sentiment": "neutral", "time": "Thu Nov 24 06:29:33 +0000 2016"}
{"polarity": 0.0, "location": "San Diego, CA", "sentiment": "neutral", "time": "Thu Nov 24 06:29:35 +0000 2016"}
{"polarity": 0.0, "location": "Atlanta, GA", "sentiment": "neutral", "time": "Thu Nov 24 06:29:39 +0000 2016"}
{"polarity": 0.5, "location": "Atlanta, GA", "sentiment": "positive", "time": "Thu Nov 24 06:29:59 +0000 2016"}
{"polarity": 0.0, "location": "Atlanta, GA", "sentiment": "neutral", "time": "Thu Nov 24 06:18:26 +0000 2016"}
{"polarity": 0.0, "location": "Seattle, WA", "sentiment": "neutral", "time": "Thu Nov 24 06:18:29 +0000 2016"}
{"polarity": -0.75, "location": "Atlanta, GA", "sentiment": "negative", "time": "Thu Nov 24 06:18:34 +0000 2016"}
{"polarity": 0.0, "location": "Orlando, FL", "sentiment": "neutral", "time": "Thu Nov 24 06:18:37 +0000 2016"}
{"polarity": 0.13636363636363635, "location": "Seattle, WA", "sentiment": "positive", "time": "Thu Nov 24 06:18:41 +0000 2016"}
{"polarity": 0.9099999999999999, "location": "New York, NY", "sentiment": "positive", "time": "Thu Nov 24 06:18:46 +0000 2016"}
{"polarity": 0.13636363636363635, "location": "Boston, MA", "sentiment": "positive", "time": "Thu Nov 24 06:46:01 +0000 2016"}
{"polarity": 0.3, "location": "Orlando, FL", "sentiment": "positive", "time": "Thu Nov 24 06:46:03 +0000 2016"}
{"polarity": 0.8, "location": "New York, NY", "sentiment": "positive", "time": "Thu Nov 24 06:46:22 +0000 2016"}
{"polarity": 0.0, "location": "New York, NY", "sentiment": "neutral", "time": "Thu Nov 24 06:46:22 +0000 2016"}
{"polarity": 0.0, "location": "New York, NY", "sentiment": "neutral", "time": "Thu Nov 24 06:46:23 +0000 2016"}
{"polarity": 0.0, "location": "San Diego, CA", "sentiment": "neutral", "time": "Thu Nov 24 06:46:34 +0000 2016"}
{"polarity": 0.0, "location": "San Diego, CA", "sentiment": "neutral", "time": "Thu Nov 24 06:46:51 +0000 2016"}
{"polarity": 0.3333333333333333, "location": "San Diego, CA", "sentiment": "positive", "time": "Thu Nov 24 06:00:03 +0000 2016"}
{"polarity": 0.0, "location": "New York, NY", "sentiment": "neutral", "time": "Thu Nov 24 06:00:03 +0000 2016"}
{"polarity": 0.04999999999999999, "location": "New York, NY", "sentiment": "positive", "time": "Thu Nov 24 06:00:13 +0000 2016"}
{"polarity": 0.0, "location": "Phoenix, AZ", "sentiment": "neutral", "time": "Thu Nov 24 06:00:30 +0000 2016"}
{"polarity": 0.0, "location": "Seattle, WA", "sentiment": "neutral", "time": "Thu Nov 24 06:00:55 +0000 2016"}
{"polarity": 0.0, "location": "New York, NY", "sentiment": "neutral", "time": "Thu Nov 24 06:00:56 +0000 2016"}
{"polarity": 0.0, "location": "Orlando, FL", "sentiment": "neutral", "time": "Thu Nov 24 06:34:06 +0000 2016"}
{"polarity": 1.0, "location": "Phoenix, AZ", "sentiment": "positive", "time": "Thu Nov 24 06:34:07 +0000 2016"}
{"polarity": 0.0, "location": "San Diego, CA", "sentiment": "neutral", "time": "Thu Nov 24 06:34:15 +0000 2016"}
{"polarity": 0.0, "location": "Atlanta, GA", "sentiment": "neutral", "time": "Thu Nov 24 06:34:20 +0000 2016"}
{"polarity": 0.0, "location": "Atlanta, GA", "sentiment": "neutral", "time": "Thu Nov 24 06:34:24 +0000 2016"}
{"polarity": 0.3, "location": "Phoenix, AZ", "sentiment": "positive", "time": "Thu Nov 24 06:34:42 +0000 2016"}
{"polarity": 0.26, "location": "Kansas City, KS", "sentiment": "positive", "time": "Thu Nov 24 06:34:42 +0000 2016"}
{"polarity": 0.0, "location": "San Diego, CA", "sentiment": "neutral", "time": "Thu Nov 24 06:34:44 +0000 2016"}
{"polarity": 0.7, "location": "Seattle, WA", "sentiment": "positive", "time": "Thu Nov 24 06:34:51 +0000 2016"}
{"polarity": 0.5, "location": "Atlanta, GA", "sentiment": "positive", "time": "Thu Nov 24 06:34:55 +0000 2016"}
{"polarity": 0.0, "location": "St. Louis, MO", "sentiment": "neutral", "time": "Thu Nov 24 06:34:58 +0000 2016"}
{"polarity": 5.551115123125783e-17, "location": "Orlando, FL", "sentiment": "positive", "time": "Thu Nov 24 06:05:03 +0000 2016"}
{"polarity": 0.0, "location": "Atlanta, GA", "sentiment": "neutral", "time": "Thu Nov 24 06:05:03 +0000 2016"}
{"polarity": 0.35000000000000003, "location": "Atlanta, GA", "sentiment": "positive", "time": "Thu Nov 24 06:05:07 +0000 2016"}
{"polarity": 0.10000000000000002, "location": "Atlanta, GA", "sentiment": "positive", "time": "Thu Nov 24 06:05:17 +0000 2016"}
{"polarity": 0.875, "location": "San Diego, CA", "sentiment": "positive", "time": "Thu Nov 24 06:05:35 +0000 2016"}
{"polarity": -0.6, "location": "Orlando, FL", "sentiment": "negative", "time": "Thu Nov 24 06:05:37 +0000 2016"}
{"polarity": 0.0, "location": "Atlanta, GA", "sentiment": "neutral", "time": "Thu Nov 24 06:05:38 +0000 2016"}
{"polarity": 0.0, "location": "San Diego, CA", "sentiment": "neutral", "time": "Thu Nov 24 06:05:44 +0000 2016"}
{"polarity": 0.0, "location": "Seattle, WA", "sentiment": "neutral", "time": "Thu Nov 24 06:11:11 +0000 2016"}
{"polarity": 0.0, "location": "Atlanta, GA", "sentiment": "neutral", "time": "Thu Nov 24 06:11:12 +0000 2016"}
{"polarity": 0.0, "location": "Atlanta, GA", "sentiment": "neutral", "time": "Thu Nov 24 06:11:12 +0000 2016"}
{"polarity": 0.625, "location": "Orlando, FL", "sentiment": "positive", "time": "Thu Nov 24 06:11:18 +0000 2016"}
{"polarity": 0.0, "location": "San Diego, CA", "sentiment": "neutral", "time": "Thu Nov 24 06:11:18 +0000 2016"}
{"polarity": 0.11818181818181818, "location": "Orlando, FL", "sentiment": "positive", "time": "Thu Nov 24 06:11:20 +0000 2016"}
{"polarity": 0.0, "location": "Seattle, WA", "sentiment": "neutral", "time": "Thu Nov 24 06:11:22 +0000 2016"}
{"polarity": -0.022222222222222216, "location": "Atlanta, GA", "sentiment": "negative", "time": "Thu Nov 24 06:11:30 +0000 2016"}
{"polarity": 0.0, "location": "Seattle, WA", "sentiment": "neutral", "time": "Thu Nov 24 06:11:46 +0000 2016"}
{"polarity": 0.20000000000000004, "location": "San Diego, CA", "sentiment": "positive", "time": "Thu Nov 24 06:11:46 +0000 2016"}
{"polarity": 0.0, "location": "New York, NY", "sentiment": "neutral", "time": "Thu Nov 24 06:11:54 +0000 2016"}
{"polarity": 0.3333333333333333, "location": "Boston, MA", "sentiment": "positive", "time": "Thu Nov 24 06:56:05 +0000 2016"}
{"polarity": 0.5, "location": "New York, NY", "sentiment": "positive", "time": "Thu Nov 24 06:56:05 +0000 2016"}
{"polarity": 0.0, "location": "Seattle, WA", "sentiment": "neutral", "time": "Thu Nov 24 06:56:05 +0000 2016"}
{"polarity": 0.0, "location": "New York, NY", "sentiment": "neutral", "time": "Thu Nov 24 06:56:10 +0000 2016"}
{"polarity": -0.25, "location": "Seattle, WA", "sentiment": "negative", "time": "Thu Nov 24 06:56:12 +0000 2016"}
{"polarity": 0.0, "location": "Atlanta, GA", "sentiment": "neutral", "time": "Thu Nov 24 06:56:23 +0000 2016"}
{"polarity": 0.5, "location": "Seattle, WA", "sentiment": "positive", "time": "Thu Nov 24 06:56:44 +0000 2016"}
{"polarity": 0.0, "location": "Phoenix, AZ", "sentiment": "neutral", "time": "Thu Nov 24 06:56:48 +0000 2016"}
{"polarity": 0.2, "location": "New York, NY", "sentiment": "positive", "time": "Thu Nov 24 06:47:01 +0000 2016"}
{"polarity": 0.75, "location": "Seattle, WA", "sentiment": "positive", "time": "Thu Nov 24 06:47:42 +0000 2016"}
{"polarity": 0.0, "location": "San Diego, CA", "sentiment": "neutral", "time": "Thu Nov 24 06:47:45 +0000 2016"}
{"polarity": 0.0, "location": "San Diego, CA", "sentiment": "neutral", "time": "Thu Nov 24 06:52:10 +0000 2016"}
{"polarity": 0.0, "location": "Phoenix, AZ", "sentiment": "neutral", "time": "Thu Nov 24 06:52:18 +0000 2016"}
{"polarity": -0.30000000000000004, "location": "New York, NY", "sentiment": "negative", "time": "Thu Nov 24 06:52:30 +0000 2016"}
{"polarity": 0.13636363636363635, "location": "Boston, MA", "sentiment": "positive", "time": "Thu Nov 24 06:52:38 +0000 2016"}
{"polarity": 0.0, "location": "New York, NY", "sentiment": "neutral", "time": "Thu Nov 24 06:52:51 +0000 2016"}
{"polarity": 0.0, "location": "Phoenix, AZ", "sentiment": "neutral", "time": "Thu Nov 24 06:52:54 +0000 2016"}
{"polarity": 0.018181818181818174, "location": "Atlanta, GA", "sentiment": "positive", "time": "Thu Nov 24 06:52:56 +0000 2016"}
{"polarity": 0.0, "location": "San Diego, CA", "sentiment": "neutral", "time": "Thu Nov 24 06:52:58 +0000 2016"}
{"polarity": 0.25, "location": "Seattle, WA", "sentiment": "positive", "time": "Thu Nov 24 06:53:02 +0000 2016"}
{"polarity": 0.0, "location": "Portland, OR", "sentiment": "neutral", "time": "Thu Nov 24 06:02:04 +0000 2016"}
{"polarity": 0.0, "location": "Orlando, FL", "sentiment": "neutral", "time": "Thu Nov 24 06:02:07 +0000 2016"}
{"polarity": 0.0, "location": "Atlanta, GA", "sentiment": "neutral", "time": "Thu Nov 24 06:02:12 +0000 2016"}
{"polarity": 0.0, "location": "Portland, OR", "sentiment": "neutral", "time": "Thu Nov 24 06:02:22 +0000 2016"}
{"polarity": 0.25, "location": "Phoenix, AZ", "sentiment": "positive", "time": "Thu Nov 24 06:02:31 +0000 2016"}
{"polarity": 0.0, "location": "Portland, OR", "sentiment": "neutral", "time": "Thu Nov 24 06:02:36 +0000 2016"}
{"polarity": -0.8, "location": "Atlanta, GA", "sentiment": "negative", "time": "Thu Nov 24 06:02:45 +0000 2016"}
{"polarity": 0.0, "location": "Phoenix, AZ", "sentiment": "neutral", "time": "Thu Nov 24 06:02:52 +0000 2016"}
{"polarity": 0.0, "location": "Phoenix, AZ", "sentiment": "neutral", "time": "Thu Nov 24 06:48:00 +0000 2016"}
{"polarity": 0.0, "location": "Atlanta, GA", "sentiment": "neutral", "time": "Thu Nov 24 06:48:06 +0000 2016"}
{"polarity": 0.0, "location": "San Diego, CA", "sentiment": "neutral", "time": "Thu Nov 24 06:48:07 +0000 2016"}
{"polarity": 0.6, "location": "San Diego, CA", "sentiment": "positive", "time": "Thu Nov 24 06:25:04 +0000 2016"}
{"polarity": 0.0, "location": "Orlando, FL", "sentiment": "neutral", "time": "Thu Nov 24 06:25:14 +0000 2016"}
{"polarity": 0.4166666666666667, "location": "Boston, MA", "sentiment": "positive", "time": "Thu Nov 24 06:25:32 +0000 2016"}
{"polarity": 0.0, "location": "Atlanta, GA", "sentiment": "neutral", "time": "Thu Nov 24 06:25:35 +0000 2016"}
{"polarity": 0.0, "location": "Phoenix, AZ", "sentiment": "neutral", "time": "Thu Nov 24 06:25:44 +0000 2016"}
{"polarity": -0.19444444444444448, "location": "Orlando, FL", "sentiment": "negative", "time": "Thu Nov 24 06:25:48 +0000 2016"}
{"polarity": 0.0, "location": "Seattle, WA", "sentiment": "neutral", "time": "Thu Nov 24 06:25:50 +0000 2016"}
{"polarity": 0.0, "location": "New York, NY", "sentiment": "neutral", "time": "Thu Nov 24 06:25:56 +0000 2016"}
{"polarity": 0.0, "location": "Seattle, WA", "sentiment": "neutral", "time": "Thu Nov 24 06:16:05 +0000 2016"}
{"polarity": -0.9, "location": "New York, NY", "sentiment": "negative", "time": "Thu Nov 24 06:16:11 +0000 2016"}
{"polarity": 0.3, "location": "San Diego, CA", "sentiment": "positive", "time": "Thu Nov 24 06:16:32 +0000 2016"}
{"polarity": 0.0, "location": "Phoenix, AZ", "sentiment": "neutral", "time": "Thu Nov 24 06:16:33 +0000 2016"}
{"polarity": 0.0, "location": "San Diego, CA", "sentiment": "neutral", "time": "Thu Nov 24 06:16:35 +0000 2016"}
{"polarity": 0.0, "location": "New York, NY", "sentiment": "neutral", "time": "Thu Nov 24 06:16:41 +0000 2016"}
{"polarity": -0.25, "location": "Seattle, WA", "sentiment": "negative", "time": "Thu Nov 24 06:16:41 +0000 2016"}
{"polarity": 0.056249999999999994, "location": "New York, NY", "sentiment": "positive", "time": "Thu Nov 24 06:16:50 +0000 2016"}
{"polarity": 0.5, "location": "Portland, OR", "sentiment": "positive", "time": "Thu Nov 24 06:14:01 +0000 2016"}
{"polarity": 0.0, "location": "Atlanta, GA", "sentiment": "neutral", "time": "Thu Nov 24 06:14:04 +0000 2016"}
{"polarity": 0.0, "location": "Atlanta, GA", "sentiment": "neutral", "time": "Thu Nov 24 06:14:04 +0000 2016"}
{"polarity": 0.0, "location": "Portland, OR", "sentiment": "neutral", "time": "Thu Nov 24 06:14:11 +0000 2016"}
{"polarity": 0.0, "location": "San Diego, CA", "sentiment": "neutral", "time": "Thu Nov 24 06:14:27 +0000 2016"}
{"polarity": -0.1266666666666667, "location": "Atlanta, GA", "sentiment": "negative", "time": "Thu Nov 24 06:14:43 +0000 2016"}
{"polarity": 0.0, "location": "New York, NY", "sentiment": "neutral", "time": "Thu Nov 24 06:14:43 +0000 2016"}
{"polarity": -0.06666666666666667, "location": "San Diego, CA", "sentiment": "negative", "time": "Thu Nov 24 06:14:51 +0000 2016"}
{"polarity": -0.8, "location": "Atlanta, GA", "sentiment": "negative", "time": "Thu Nov 24 06:14:58 +0000 2016"}
{"polarity": 0.0, "location": "Boston, MA", "sentiment": "neutral", "time": "Thu Nov 24 06:23:08 +0000 2016"}
{"polarity": 0.0, "location": "Atlanta, GA", "sentiment": "neutral", "time": "Thu Nov 24 06:23:25 +0000 2016"}
{"polarity": 0.0, "location": "New York, NY", "sentiment": "neutral", "time": "Thu Nov 24 06:23:27 +0000 2016"}
{"polarity": 0.0, "location": "New York, NY", "sentiment": "neutral", "time": "Thu Nov 24 06:23:42 +0000 2016"}
{"polarity": 0.0, "location": "Portland, OR", "sentiment": "neutral", "time": "Thu Nov 24 06:23:47 +0000 2016"}
{"polarity": 0.0, "location": "New York, NY", "sentiment": "neutral", "time": "Thu Nov 24 06:07:02 +0000 2016"}
{"polarity": 0.175, "location": "New York, NY", "sentiment": "positive", "time": "Thu Nov 24 06:07:04 +0000 2016"}
{"polarity": 0.0, "location": "Seattle, WA", "sentiment": "neutral", "time": "Thu Nov 24 06:07:19 +0000 2016"}
{"polarity": 0.2, "location": "Portland, OR", "sentiment": "positive", "time": "Thu Nov 24 06:07:26 +0000 2016"}
{"polarity": 0.0, "location": "New York, NY", "sentiment": "neutral", "time": "Thu Nov 24 06:07:26 +0000 2016"}
{"polarity": 0.0, "location": "New York, NY", "sentiment": "neutral", "time": "Thu Nov 24 06:07:30 +0000 2016"}
{"polarity": 0.8, "location": "Orlando, FL", "sentiment": "positive", "time": "Thu Nov 24 06:07:48 +0000 2016"}
{"polarity": 0.0, "location": "Atlanta, GA", "sentiment": "neutral", "time": "Thu Nov 24 06:07:50 +0000 2016"}
{"polarity": 0.0, "location": "Atlanta, GA", "sentiment": "neutral", "time": "Thu Nov 24 06:07:51 +0000 2016"}
{"polarity": 0.0, "location": "Orlando, FL", "sentiment": "neutral", "time": "Thu Nov 24 06:07:54 +0000 2016"}
{"polarity": 0.0, "location": "Phoenix, AZ", "sentiment": "neutral", "time": "Thu Nov 24 06:51:00 +0000 2016"}
{"polarity": -0.35, "location": "San Diego, CA", "sentiment": "negative", "time": "Thu Nov 24 06:51:17 +0000 2016"}
{"polarity": 0.25625, "location": "Portland, OR", "sentiment": "positive", "time": "Thu Nov 24 06:51:24 +0000 2016"}
{"polarity": 0.07857142857142857, "location": "San Diego, CA", "sentiment": "positive", "time": "Thu Nov 24 06:51:31 +0000 2016"}
{"polarity": 0.1, "location": "Orlando, FL", "sentiment": "positive", "time": "Thu Nov 24 06:51:46 +0000 2016"}
{"polarity": 0.6, "location": "Portland, OR", "sentiment": "positive", "time": "Thu Nov 24 06:51:49 +0000 2016"}
{"polarity": 0.0, "location": "New York, NY", "sentiment": "neutral", "time": "Thu Nov 24 06:51:59 +0000 2016"}
{"polarity": -0.05, "location": "New York, NY", "sentiment": "negative", "time": "Thu Nov 24 06:30:05 +0000 2016"}
{"polarity": 0.0, "location": "Boston, MA", "sentiment": "neutral", "time": "Thu Nov 24 06:30:08 +0000 2016"}
{"polarity": 0.0, "location": "New York, NY", "sentiment": "neutral", "time": "Thu Nov 24 06:30:31 +0000 2016"}
{"polarity": 0.0, "location": "Seattle, WA", "sentiment": "neutral", "time": "Thu Nov 24 06:30:36 +0000 2016"}
{"polarity": 0.0, "location": "Boston, MA", "sentiment": "neutral", "time": "Thu Nov 24 06:30:46 +0000 2016"}
{"polarity": 1.0, "location": "San Diego, CA", "sentiment": "positive", "time": "Thu Nov 24 06:30:49 +0000 2016"}
{"polarity": -0.03333333333333335, "location": "Portland, OR", "sentiment": "negative", "time": "Thu Nov 24 06:03:00 +0000 2016"}
{"polarity": 0.0, "location": "Atlanta, GA", "sentiment": "neutral", "time": "Thu Nov 24 06:03:02 +0000 2016"}
{"polarity": 0.0, "location": "Atlanta, GA", "sentiment": "neutral", "time": "Thu Nov 24 06:03:06 +0000 2016"}
{"polarity": 0.0, "location": "New York, NY", "sentiment": "neutral", "time": "Thu Nov 24 06:03:10 +0000 2016"}
{"polarity": 0.0, "location": "Phoenix, AZ", "sentiment": "neutral", "time": "Thu Nov 24 06:03:25 +0000 2016"}
{"polarity": 0.0, "location": "Orlando, FL", "sentiment": "neutral", "time": "Thu Nov 24 06:03:29 +0000 2016"}
{"polarity": 0.0, "location": "Portland, OR", "sentiment": "neutral", "time": "Thu Nov 24 06:03:50 +0000 2016"}
{"polarity": 0.25, "location": "Atlanta, GA", "sentiment": "positive", "time": "Thu Nov 24 06:03:50 +0000 2016"}
{"polarity": 0.0, "location": "Boston, MA", "sentiment": "neutral", "time": "Thu Nov 24 06:40:04 +0000 2016"}
{"polarity": 0.0, "location": "Orlando, FL", "sentiment": "neutral", "time": "Thu Nov 24 06:40:20 +0000 2016"}
{"polarity": 0.0, "location": "Seattle, WA", "sentiment": "neutral", "time": "Thu Nov 24 06:40:20 +0000 2016"}
{"polarity": 0.25, "location": "New York, NY", "sentiment": "positive", "time": "Thu Nov 24 06:40:25 +0000 2016"}
{"polarity": 0.65, "location": "San Diego, CA", "sentiment": "positive", "time": "Thu Nov 24 06:40:56 +0000 2016"}
{"polarity": 0.0, "location": "Phoenix, AZ", "sentiment": "neutral", "time": "Thu Nov 24 06:08:05 +0000 2016"}
{"polarity": 0.0, "location": "San Diego, CA", "sentiment": "neutral", "time": "Thu Nov 24 06:08:16 +0000 2016"}
{"polarity": 0.0, "location": "Seattle, WA", "sentiment": "neutral", "time": "Thu Nov 24 06:08:23 +0000 2016"}
{"polarity": 0.0, "location": "Seattle, WA", "sentiment": "neutral", "time": "Thu Nov 24 06:08:34 +0000 2016"}
{"polarity": 0.0, "location": "San Diego, CA", "sentiment": "neutral", "time": "Thu Nov 24 06:08:39 +0000 2016"}
{"polarity": 0.0, "location": "Boston, MA", "sentiment": "neutral", "time": "Thu Nov 24 06:35:02 +0000 2016"}
{"polarity": 0.0, "location": "New York, NY", "sentiment": "neutral", "time": "Thu Nov 24 06:35:17 +0000 2016"}
{"polarity": 0.7, "location": "San Diego, CA", "sentiment": "positive", "time": "Thu Nov 24 06:43:16 +0000 2016"}
{"polarity": 0.0, "location": "San Diego, CA", "sentiment": "neutral", "time": "Thu Nov 24 06:43:28 +0000 2016"}
{"polarity": 0.0, "location": "Portland, OR", "sentiment": "neutral", "time": "Thu Nov 24 06:43:29 +0000 2016"}
{"polarity": 0.0, "location": "Atlanta, GA", "sentiment": "neutral", "time": "Thu Nov 24 06:43:39 +0000 2016"}
{"polarity": 0.0, "location": "Seattle, WA", "sentiment": "neutral", "time": "Thu Nov 24 06:43:41 +0000 2016"}
{"polarity": -0.00416666666666667, "location": "San Diego, CA", "sentiment": "negative", "time": "Thu Nov 24 06:10:07 +0000 2016"}
{"polarity": 0.425, "location": "New York, NY", "sentiment": "positive", "time": "Thu Nov 24 06:10:11 +0000 2016"}
{"polarity": 0.0, "location": "Boston, MA", "sentiment": "neutral", "time": "Thu Nov 24 06:10:15 +0000 2016"}
{"polarity": -0.7142857142857143, "location": "Portland, OR", "sentiment": "negative", "time": "Thu Nov 24 06:10:15 +0000 2016"}
{"polarity": -0.15000000000000002, "location": "New York, NY", "sentiment": "negative", "time": "Thu Nov 24 06:10:16 +0000 2016"}
{"polarity": 0.0, "location": "Seattle, WA", "sentiment": "neutral", "time": "Thu Nov 24 06:10:18 +0000 2016"}
{"polarity": 0.0, "location": "Atlanta, GA", "sentiment": "neutral", "time": "Thu Nov 24 06:10:18 +0000 2016"}
{"polarity": 0.0, "location": "Orlando, FL", "sentiment": "neutral", "time": "Thu Nov 24 06:10:20 +0000 2016"}
{"polarity": 0.0, "location": "San Diego, CA", "sentiment": "neutral", "time": "Thu Nov 24 06:10:26 +0000 2016"}
{"polarity": 0.0, "location": "Atlanta, GA", "sentiment": "neutral", "time": "Thu Nov 24 06:10:29 +0000 2016"}
{"polarity": -0.16666666666666666, "location": "Seattle, WA", "sentiment": "negative", "time": "Thu Nov 24 06:10:35 +0000 2016"}
{"polarity": 0.0, "location": "Portland, OR", "sentiment": "neutral", "time": "Thu Nov 24 06:10:40 +0000 2016"}
{"polarity": 0.6, "location": "Atlanta, GA", "sentiment": "positive", "time": "Thu Nov 24 06:10:46 +0000 2016"}
{"polarity": 0.0, "location": "Boston, MA", "sentiment": "neutral", "time": "Thu Nov 24 06:10:48 +0000 2016"}
{"polarity": 0.0, "location": "Orlando, FL", "sentiment": "neutral", "time": "Thu Nov 24 06:10:48 +0000 2016"}
{"polarity": 0.5, "location": "New York, NY", "sentiment": "positive", "time": "Thu Nov 24 06:10:51 +0000 2016"}
{"polarity": -0.1, "location": "Seattle, WA", "sentiment": "negative", "time": "Thu Nov 24 06:10:59 +0000 2016"}
{"polarity": 0.4375, "location": "Boston, MA", "sentiment": "positive", "time": "Thu Nov 24 06:54:11 +0000 2016"}
{"polarity": 0.0, "location": "San Diego, CA", "sentiment": "neutral", "time": "Thu Nov 24 06:54:33 +0000 2016"}
{"polarity": 0.0, "location": "Atlanta, GA", "sentiment": "neutral", "time": "Thu Nov 24 06:54:54 +0000 2016"}
{"polarity": 0.2, "location": "Seattle, WA", "sentiment": "positive", "time": "Thu Nov 24 06:24:04 +0000 2016"}
{"polarity": 0.0, "location": "Portland, OR", "sentiment": "neutral", "time": "Thu Nov 24 06:24:07 +0000 2016"}
{"polarity": 0.0, "location": "Orlando, FL", "sentiment": "neutral", "time": "Thu Nov 24 06:24:07 +0000 2016"}
{"polarity": -0.016666666666666666, "location": "Portland, OR", "sentiment": "negative", "time": "Thu Nov 24 06:24:09 +0000 2016"}
{"polarity": 0.0, "location": "Atlanta, GA", "sentiment": "neutral", "time": "Thu Nov 24 06:24:17 +0000 2016"}
{"polarity": 0.0, "location": "Phoenix, AZ", "sentiment": "neutral", "time": "Thu Nov 24 06:24:28 +0000 2016"}
{"polarity": 1.0, "location": "Phoenix, AZ", "sentiment": "positive", "time": "Thu Nov 24 06:24:37 +0000 2016"}
{"polarity": 0.8, "location": "Atlanta, GA", "sentiment": "positive", "time": "Thu Nov 24 06:24:48 +0000 2016"}
{"polarity": 0.5083333333333334, "location": "Atlanta, GA", "sentiment": "positive", "time": "Thu Nov 24 06:24:56 +0000 2016"}
{"polarity": 0.8, "location": "Atlanta, GA", "sentiment": "positive", "time": "Thu Nov 24 06:24:57 +0000 2016"}
{"polarity": 0.1, "location": "Portland, OR", "sentiment": "positive", "time": "Thu Nov 24 06:32:00 +0000 2016"}
{"polarity": 0.13636363636363635, "location": "New York, NY", "sentiment": "positive", "time": "Thu Nov 24 06:32:12 +0000 2016"}
{"polarity": -0.08333333333333333, "location": "Portland, OR", "sentiment": "negative", "time": "Thu Nov 24 06:32:14 +0000 2016"}
{"polarity": 0.0, "location": "Orlando, FL", "sentiment": "neutral", "time": "Thu Nov 24 06:32:19 +0000 2016"}
{"polarity": 0.0, "location": "Phoenix, AZ", "sentiment": "neutral", "time": "Thu Nov 24 06:32:30 +0000 2016"}
{"polarity": 0.0, "location": "New York, NY", "sentiment": "neutral", "time": "Thu Nov 24 06:32:31 +0000 2016"}
{"polarity": 0.0, "location": "Boston, MA", "sentiment": "neutral", "time": "Thu Nov 24 06:32:35 +0000 2016"}
{"polarity": 0.0, "location": "San Diego, CA", "sentiment": "neutral", "time": "Thu Nov 24 06:32:41 +0000 2016"}
{"polarity": 0.0, "location": "Portland, OR", "sentiment": "neutral", "time": "Thu Nov 24 06:32:49 +0000 2016"}
{"polarity": 0.0, "location": "Seattle, WA", "sentiment": "neutral", "time": "Thu Nov 24 06:36:01 +0000 2016"}
{"polarity": 0.8, "location": "San Diego, CA", "sentiment": "positive", "time": "Thu Nov 24 06:36:06 +0000 2016"}
{"polarity": 0.0, "location": "Atlanta, GA", "sentiment": "neutral", "time": "Thu Nov 24 06:36:15 +0000 2016"}
{"polarity": 0.4681818181818182, "location": "Atlanta, GA", "sentiment": "positive", "time": "Thu Nov 24 06:36:15 +0000 2016"}
{"polarity": 0.0, "location": "Phoenix, AZ", "sentiment": "neutral", "time": "Thu Nov 24 06:36:28 +0000 2016"}
{"polarity": 0.0, "location": "Atlanta, GA", "sentiment": "neutral", "time": "Thu Nov 24 06:36:34 +0000 2016"}
{"polarity": 0.0, "location": "Atlanta, GA", "sentiment": "neutral", "time": "Thu Nov 24 06:36:38 +0000 2016"}
{"polarity": -0.07500000000000001, "location": "San Diego, CA", "sentiment": "negative", "time": "Thu Nov 24 06:36:42 +0000 2016"}
{"polarity": 0.0, "location": "Phoenix, AZ", "sentiment": "neutral", "time": "Thu Nov 24 06:01:03 +0000 2016"}
{"polarity": 0.0, "location": "New York, NY", "sentiment": "neutral", "time": "Thu Nov 24 06:01:04 +0000 2016"}
{"polarity": -0.175, "location": "Orlando, FL", "sentiment": "negative", "time": "Thu Nov 24 06:01:05 +0000 2016"}
{"polarity": 0.18333333333333335, "location": "Seattle, WA", "sentiment": "positive", "time": "Thu Nov 24 06:01:16 +0000 2016"}
{"polarity": 0.0, "location": "San Diego, CA", "sentiment": "neutral", "time": "Thu Nov 24 06:01:19 +0000 2016"}
{"polarity": 0.0, "location": "New York, NY", "sentiment": "neutral", "time": "Thu Nov 24 06:01:21 +0000 2016"}
{"polarity": 0.07500000000000001, "location": "Orlando, FL", "sentiment": "positive", "time": "Thu Nov 24 06:01:23 +0000 2016"}
{"polarity": 0.0, "location": "Portland, OR", "sentiment": "neutral", "time": "Thu Nov 24 06:01:27 +0000 2016"}
{"polarity": 0.0, "location": "Seattle, WA", "sentiment": "neutral", "time": "Thu Nov 24 06:01:29 +0000 2016"}
{"polarity": 0.0, "location": "Boston, MA", "sentiment": "neutral", "time": "Thu Nov 24 06:01:41 +0000 2016"}
{"polarity": 0.0, "location": "New York, NY", "sentiment": "neutral", "time": "Thu Nov 24 06:01:42 +0000 2016"}
{"polarity": 0.0, "location": "New York, NY", "sentiment": "neutral", "time": "Thu Nov 24 06:01:59 +0000 2016"}
{"polarity": 0.0, "location": "Orlando, FL", "sentiment": "neutral", "time": "Thu Nov 24 06:55:05 +0000 2016"}
{"polarity": 0.65, "location": "Orlando, FL", "sentiment": "positive", "time": "Thu Nov 24 06:55:18 +0000 2016"}
{"polarity": 0.0, "location": "San Diego, CA", "sentiment": "neutral", "time": "Thu Nov 24 06:55:20 +0000 2016"}
{"polarity": 0.0, "location": "New York, NY", "sentiment": "neutral", "time": "Thu Nov 24 06:09:10 +0000 2016"}
{"polarity": 0.5, "location": "New York, NY", "sentiment": "positive", "time": "Thu Nov 24 06:09:29 +0000 2016"}
{"polarity": 0.0, "location": "Atlanta, GA", "sentiment": "neutral", "time": "Thu Nov 24 06:09:33 +0000 2016"}
{"polarity": -0.26666666666666666, "location": "New York, NY", "sentiment": "negative", "time": "Thu Nov 24 06:09:45 +0000 2016"}
{"polarity": 0.4166666666666667, "location": "Seattle, WA", "sentiment": "positive", "time": "Thu Nov 24 06:33:06 +0000 2016"}
{"polarity": 0.08, "location": "Boston, MA", "sentiment": "positive", "time": "Thu Nov 24 06:33:06 +0000 2016"}
{"polarity": 0.0, "location": "Orlando, FL", "sentiment": "neutral", "time": "Thu Nov 24 06:33:10 +0000 2016"}
{"polarity": 0.0, "location": "Boston, MA", "sentiment": "neutral", "time": "Thu Nov 24 06:33:19 +0000 2016"}
{"polarity": 0.0, "location": "New York, NY", "sentiment": "neutral", "time": "Thu Nov 24 06:33:23 +0000 2016"}
{"polarity": 0.0, "location": "New York, NY", "sentiment": "neutral", "time": "Thu Nov 24 06:33:24 +0000 2016"}
{"polarity": 0.0, "location": "San Diego, CA", "sentiment": "neutral", "time": "Thu Nov 24 06:33:33 +0000 2016"}
{"polarity": 0.0, "location": "Atlanta, GA", "sentiment": "neutral", "time": "Thu Nov 24 06:33:38 +0000 2016"}
{"polarity": 0.0, "location": "Phoenix, AZ", "sentiment": "neutral", "time": "Thu Nov 24 06:33:39 +0000 2016"}
{"polarity": 0.0, "location": "Atlanta, GA", "sentiment": "neutral", "time": "Thu Nov 24 06:33:47 +0000 2016"}
{"polarity": 0.175, "location": "New York, NY", "sentiment": "positive", "time": "Thu Nov 24 06:33:47 +0000 2016"}
{"polarity": 0.2681818181818182, "location": "Seattle, WA", "sentiment": "positive", "time": "Thu Nov 24 06:33:58 +0000 2016"}
{"polarity": 0.7, "location": "Seattle, WA", "sentiment": "positive", "time": "Thu Nov 24 06:44:28 +0000 2016"}
{"polarity": -0.03333333333333336, "location": "Atlanta, GA", "sentiment": "negative", "time": "Thu Nov 24 06:44:54 +0000 2016"}
{"polarity": 0.0, "location": "Orlando, FL", "sentiment": "neutral", "time": "Thu Nov 24 06:28:01 +0000 2016"}
{"polarity": 0.25, "location": "San Diego, CA", "sentiment": "positive", "time": "Thu Nov 24 06:28:18 +0000 2016"}
{"polarity": 0.0, "location": "Atlanta, GA", "sentiment": "neutral", "time": "Thu Nov 24 06:28:31 +0000 2016"}
{"polarity": -0.16666666666666666, "location": "Seattle, WA", "sentiment": "negative", "time": "Thu Nov 24 06:28:38 +0000 2016"}
{"polarity": 1.0, "location": "Atlanta, GA", "sentiment": "positive", "time": "Thu Nov 24 06:28:41 +0000 2016"}
{"polarity": 0.35, "location": "Atlanta, GA", "sentiment": "positive", "time": "Thu Nov 24 06:28:41 +0000 2016"}
{"polarity": 0.0, "location": "New York, NY", "sentiment": "neutral", "time": "Thu Nov 24 06:28:49 +0000 2016"}
{"polarity": 0.0, "location": "San Diego, CA", "sentiment": "neutral", "time": "Thu Nov 24 06:22:21 +0000 2016"}
{"polarity": 0.0, "location": "Portland, OR", "sentiment": "neutral", "time": "Thu Nov 24 06:22:43 +0000 2016"}
{"polarity": 0.0, "location": "New York, NY", "sentiment": "neutral", "time": "Thu Nov 24 06:22:46 +0000 2016"}
{"polarity": 0.0, "location": "Phoenix, AZ", "sentiment": "neutral", "time": "Thu Nov 24 06:22:59 +0000 2016"}
{"polarity": 0.0, "location": "Boston, MA", "sentiment": "neutral", "time": "Thu Nov 24 06:49:00 +0000 2016"}
{"polarity": 0.03333333333333333, "location": "Portland, OR", "sentiment": "positive", "time": "Thu Nov 24 06:49:04 +0000 2016"}
{"polarity": 0.0, "location": "Boston, MA", "sentiment": "neutral", "time": "Thu Nov 24 06:49:04 +0000 2016"}
{"polarity": -0.12499999999999997, "location": "Atlanta, GA", "sentiment": "negative", "time": "Thu Nov 24 06:49:24 +0000 2016"}
{"polarity": 0.0, "location": "Portland, OR", "sentiment": "neutral", "time": "Thu Nov 24 06:49:37 +0000 2016"}
{"polarity": 0.0, "location": "Portland, OR", "sentiment": "neutral", "time": "Thu Nov 24 06:49:53 +0000 2016"}
{"polarity": 0.2, "location": "Boston, MA", "sentiment": "positive", "time": "Thu Nov 24 06:49:57 +0000 2016"}
{"polarity": -0.3, "location": "Atlanta, GA", "sentiment": "negative", "time": "Thu Nov 24 06:45:05 +0000 2016"}
{"polarity": 0.0, "location": "Boston, MA", "sentiment": "neutral", "time": "Thu Nov 24 06:45:15 +0000 2016"}
{"polarity": 0.4, "location": "Portland, OR", "sentiment": "positive", "time": "Thu Nov 24 06:45:17 +0000 2016"}
{"polarity": 0.1, "location": "Atlanta, GA", "sentiment": "positive", "time": "Thu Nov 24 06:45:31 +0000 2016"}
{"polarity": 0.0, "location": "San Diego, CA", "sentiment": "neutral", "time": "Thu Nov 24 06:45:41 +0000 2016"}
{"polarity": 0.3958333333333333, "location": "Phoenix, AZ", "sentiment": "positive", "time": "Thu Nov 24 06:06:22 +0000 2016"}
{"polarity": 0.0, "location": "San Diego, CA", "sentiment": "neutral", "time": "Thu Nov 24 06:06:34 +0000 2016"}
{"polarity": -0.3125, "location": "Atlanta, GA", "sentiment": "negative", "time": "Thu Nov 24 06:06:52 +0000 2016"}
{"polarity": 0.0, "location": "Orlando, FL", "sentiment": "neutral", "time": "Thu Nov 24 06:06:53 +0000 2016"}
{"polarity": 0.049999999999999996, "location": "Portland, OR", "sentiment": "positive", "time": "Thu Nov 24 06:06:56 +0000 2016"}
{"polarity": 0.0, "location": "Atlanta, GA", "sentiment": "neutral", "time": "Thu Nov 24 06:20:02 +0000 2016"}
{"polarity": 0.0, "location": "Atlanta, GA", "sentiment": "neutral", "time": "Thu Nov 24 06:20:02 +0000 2016"}
{"polarity": 0.8, "location": "Atlanta, GA", "sentiment": "positive", "time": "Thu Nov 24 06:20:04 +0000 2016"}
{"polarity": 0.0, "location": "New York, NY", "sentiment": "neutral", "time": "Thu Nov 24 06:20:28 +0000 2016"}
{"polarity": 0.0, "location": "Orlando, FL", "sentiment": "neutral", "time": "Thu Nov 24 06:20:47 +0000 2016"}
{"polarity": 0.5, "location": "Phoenix, AZ", "sentiment": "positive", "time": "Thu Nov 24 06:20:51 +0000 2016"}
{"polarity": 0.0, "location": "Orlando, FL", "sentiment": "neutral", "time": "Thu Nov 24 06:20:59 +0000 2016"}
{"polarity": 0.3333333333333333, "location": "New York, NY", "sentiment": "positive", "time": "Thu Nov 24 06:13:01 +0000 2016"}
{"polarity": 0.0, "location": "New York, NY", "sentiment": "neutral", "time": "Thu Nov 24 06:13:08 +0000 2016"}
{"polarity": 0.5249999999999999, "location": "San Diego, CA", "sentiment": "positive", "time": "Thu Nov 24 06:13:41 +0000 2016"}
{"polarity": 0.2, "location": "Orlando, FL", "sentiment": "positive", "time": "Thu Nov 24 06:13:47 +0000 2016"}
{"polarity": 0.26875, "location": "Orlando, FL", "sentiment": "positive", "time": "Thu Nov 24 06:13:53 +0000 2016"}
{"polarity": 0.0, "location": "Seattle, WA", "sentiment": "neutral", "time": "Thu Nov 24 06:13:55 +0000 2016"}
{"polarity": -0.7999999999999999, "location": "Seattle, WA", "sentiment": "negative", "time": "Thu Nov 24 06:04:08 +0000 2016"}
{"polarity": 0.0, "location": "New York, NY", "sentiment": "neutral", "time": "Thu Nov 24 06:04:10 +0000 2016"}
{"polarity": 0.5, "location": "Atlanta, GA", "sentiment": "positive", "time": "Thu Nov 24 06:04:21 +0000 2016"}
{"polarity": -0.3125, "location": "Atlanta, GA", "sentiment": "negative", "time": "Thu Nov 24 06:04:24 +0000 2016"}
{"polarity": 0.0, "location": "San Diego, CA", "sentiment": "neutral", "time": "Thu Nov 24 06:04:25 +0000 2016"}
{"polarity": 0.0, "location": "New York, NY", "sentiment": "neutral", "time": "Thu Nov 24 06:04:32 +0000 2016"}
{"polarity": 0.25, "location": "Phoenix, AZ", "sentiment": "positive", "time": "Thu Nov 24 06:04:33 +0000 2016"}
{"polarity": 0.0, "location": "San Diego, CA", "sentiment": "neutral", "time": "Thu Nov 24 06:04:33 +0000 2016"}
{"polarity": 0.075, "location": "Portland, OR", "sentiment": "positive", "time": "Thu Nov 24 06:04:36 +0000 2016"}
{"polarity": 0.0, "location": "Atlanta, GA", "sentiment": "neutral", "time": "Thu Nov 24 06:04:40 +0000 2016"}
{"polarity": 0.0, "location": "Atlanta, GA", "sentiment": "neutral", "time": "Thu Nov 24 06:04:56 +0000 2016"}
{"polarity": 0.8, "location": "Atlanta, GA", "sentiment": "positive", "time": "Wed Nov 23 18:39:04 +0000 2016"}
{"polarity": 0.375, "location": "New York, NY", "sentiment": "positive", "time": "Wed Nov 23 18:39:06 +0000 2016"}
{"polarity": 0.0, "location": "New York, NY", "sentiment": "neutral", "time": "Wed Nov 23 18:39:17 +0000 2016"}
{"polarity": -0.2, "location": "Seattle, WA", "sentiment": "negative", "time": "Wed Nov 23 18:39:18 +0000 2016"}
{"polarity": 0.0, "location": "Boston, MA", "sentiment": "neutral", "time": "Wed Nov 23 18:39:25 +0000 2016"}
{"polarity": 0.25, "location": "Orlando, FL", "sentiment": "positive", "time": "Wed Nov 23 18:39:31 +0000 2016"}
{"polarity": 0.5, "location": "Boston, MA", "sentiment": "positive", "time": "Wed Nov 23 18:39:33 +0000 2016"}
{"polarity": 0.13636363636363635, "location": "Orlando, FL", "sentiment": "positive", "time": "Wed Nov 23 18:39:35 +0000 2016"}
{"polarity": 0.0, "location": "St. Louis, MO", "sentiment": "neutral", "time": "Wed Nov 23 18:39:36 +0000 2016"}
{"polarity": 0.5, "location": "Boston, MA", "sentiment": "positive", "time": "Wed Nov 23 18:39:37 +0000 2016"}
{"polarity": 0.8, "location": "St. Louis, MO", "sentiment": "positive", "time": "Wed Nov 23 18:39:39 +0000 2016"}
{"polarity": 0.7, "location": "Seattle, WA", "sentiment": "positive", "time": "Wed Nov 23 18:39:39 +0000 2016"}
{"polarity": 0.08, "location": "New York, NY", "sentiment": "positive", "time": "Wed Nov 23 18:39:45 +0000 2016"}
{"polarity": 0.0, "location": "Seattle, WA", "sentiment": "neutral", "time": "Wed Nov 23 18:39:51 +0000 2016"}
{"polarity": 0.0, "location": "Atlanta, GA", "sentiment": "neutral", "time": "Wed Nov 23 18:39:57 +0000 2016"}
{"polarity": -0.2, "location": "New York, NY", "sentiment": "negative", "time": "Wed Nov 23 18:39:57 +0000 2016"}
{"polarity": 0.0, "location": "Atlanta, GA", "sentiment": "neutral", "time": "Wed Nov 23 18:59:03 +0000 2016"}
{"polarity": -0.15555555555555556, "location": "Portland, OR", "sentiment": "negative", "time": "Wed Nov 23 18:59:08 +0000 2016"}
{"polarity": 0.13636363636363635, "location": "Phoenix, AZ", "sentiment": "positive", "time": "Wed Nov 23 18:59:24 +0000 2016"}
{"polarity": 0.15625, "location": "New York, NY", "sentiment": "positive", "time": "Wed Nov 23 18:59:25 +0000 2016"}
{"polarity": -0.5, "location": "Boston, MA", "sentiment": "negative", "time": "Wed Nov 23 18:59:40 +0000 2016"}
{"polarity": 0.3121212121212121, "location": "Portland, OR", "sentiment": "positive", "time": "Wed Nov 23 18:59:45 +0000 2016"}
{"polarity": 0.0, "location": "Atlanta, GA", "sentiment": "neutral", "time": "Wed Nov 23 18:59:59 +0000 2016"}
{"polarity": 0.0, "location": "New York, NY", "sentiment": "neutral", "time": "Wed Nov 23 18:19:01 +0000 2016"}
{"polarity": -0.1, "location": "St. Louis, MO", "sentiment": "negative", "time": "Wed Nov 23 18:19:01 +0000 2016"}
{"polarity": 0.0, "location": "Atlanta, GA", "sentiment": "neutral", "time": "Wed Nov 23 18:19:07 +0000 2016"}
{"polarity": 0.0, "location": "Phoenix, AZ", "sentiment": "neutral", "time": "Wed Nov 23 18:19:08 +0000 2016"}
{"polarity": 0.1, "location": "Boston, MA", "sentiment": "positive", "time": "Wed Nov 23 18:19:10 +0000 2016"}
{"polarity": -0.3, "location": "Orlando, FL", "sentiment": "negative", "time": "Wed Nov 23 18:19:38 +0000 2016"}
{"polarity": 0.425, "location": "Boston, MA", "sentiment": "positive", "time": "Wed Nov 23 18:19:45 +0000 2016"}
{"polarity": 0.2833333333333333, "location": "Phoenix, AZ", "sentiment": "positive", "time": "Wed Nov 23 18:19:51 +0000 2016"}
{"polarity": 0.0, "location": "Atlanta, GA", "sentiment": "neutral", "time": "Wed Nov 23 18:19:57 +0000 2016"}
{"polarity": -0.45, "location": "Seattle, WA", "sentiment": "negative", "time": "Wed Nov 23 18:37:03 +0000 2016"}
{"polarity": 0.0, "location": "Phoenix, AZ", "sentiment": "neutral", "time": "Wed Nov 23 18:37:04 +0000 2016"}
{"polarity": 0.0, "location": "New York, NY", "sentiment": "neutral", "time": "Wed Nov 23 18:37:06 +0000 2016"}
{"polarity": 0.0, "location": "Atlanta, GA", "sentiment": "neutral", "time": "Wed Nov 23 18:37:07 +0000 2016"}
{"polarity": 0.43333333333333335, "location": "Atlanta, GA", "sentiment": "positive", "time": "Wed Nov 23 18:37:11 +0000 2016"}
{"polarity": 0.0, "location": "New York, NY", "sentiment": "neutral", "time": "Wed Nov 23 18:37:24 +0000 2016"}
{"polarity": 0.0, "location": "New York, NY", "sentiment": "neutral", "time": "Wed Nov 23 18:37:24 +0000 2016"}
{"polarity": 0.0, "location": "New York, NY", "sentiment": "neutral", "time": "Wed Nov 23 18:37:28 +0000 2016"}
{"polarity": 0.0, "location": "Atlanta, GA", "sentiment": "neutral", "time": "Wed Nov 23 18:37:30 +0000 2016"}
{"polarity": 0.0, "location": "Orlando, FL", "sentiment": "neutral", "time": "Wed Nov 23 18:37:38 +0000 2016"}
{"polarity": 0.0, "location": "Seattle, WA", "sentiment": "neutral", "time": "Wed Nov 23 18:37:51 +0000 2016"}
{"polarity": 0.3181818181818182, "location": "Phoenix, AZ", "sentiment": "positive", "time": "Wed Nov 23 18:31:07 +0000 2016"}
{"polarity": 0.5, "location": "Atlanta, GA", "sentiment": "positive", "time": "Wed Nov 23 18:31:11 +0000 2016"}
{"polarity": 0.5, "location": "Atlanta, GA", "sentiment": "positive", "time": "Wed Nov 23 18:31:17 +0000 2016"}
{"polarity": 0.5, "location": "Phoenix, AZ", "sentiment": "positive", "time": "Wed Nov 23 18:31:19 +0000 2016"}
{"polarity": -0.14707031250000002, "location": "Seattle, WA", "sentiment": "negative", "time": "Wed Nov 23 18:31:35 +0000 2016"}
{"polarity": 0.525, "location": "San Diego, CA", "sentiment": "positive", "time": "Wed Nov 23 18:31:37 +0000 2016"}
{"polarity": 0.0, "location": "Boston, MA", "sentiment": "neutral", "time": "Wed Nov 23 18:31:38 +0000 2016"}
{"polarity": 0.13636363636363635, "location": "Seattle, WA", "sentiment": "positive", "time": "Wed Nov 23 18:31:46 +0000 2016"}
{"polarity": 0.0, "location": "New York, NY", "sentiment": "neutral", "time": "Wed Nov 23 18:31:47 +0000 2016"}
{"polarity": 0.6000000000000001, "location": "Atlanta, GA", "sentiment": "positive", "time": "Wed Nov 23 18:31:49 +0000 2016"}
{"polarity": 0.25, "location": "Atlanta, GA", "sentiment": "positive", "time": "Wed Nov 23 18:31:54 +0000 2016"}
{"polarity": 0.38409090909090904, "location": "Portland, OR", "sentiment": "positive", "time": "Wed Nov 23 18:41:08 +0000 2016"}
{"polarity": 0.0, "location": "Orlando, FL", "sentiment": "neutral", "time": "Wed Nov 23 18:41:10 +0000 2016"}
{"polarity": 0.5, "location": "New York, NY", "sentiment": "positive", "time": "Wed Nov 23 18:41:11 +0000 2016"}
{"polarity": 0.0, "location": "New York, NY", "sentiment": "neutral", "time": "Wed Nov 23 18:41:23 +0000 2016"}
{"polarity": 0.0, "location": "Atlanta, GA", "sentiment": "neutral", "time": "Wed Nov 23 18:41:25 +0000 2016"}
{"polarity": 0.0, "location": "New York, NY", "sentiment": "neutral", "time": "Wed Nov 23 18:41:27 +0000 2016"}
{"polarity": 0.0, "location": "Seattle, WA", "sentiment": "neutral", "time": "Wed Nov 23 18:41:31 +0000 2016"}
{"polarity": 0.0, "location": "New York, NY", "sentiment": "neutral", "time": "Wed Nov 23 18:41:39 +0000 2016"}
{"polarity": 0.8, "location": "Atlanta, GA", "sentiment": "positive", "time": "Wed Nov 23 18:41:39 +0000 2016"}
{"polarity": 0.0, "location": "New York, NY", "sentiment": "neutral", "time": "Wed Nov 23 18:41:45 +0000 2016"}
{"polarity": 0.0, "location": "Atlanta, GA", "sentiment": "neutral", "time": "Wed Nov 23 18:41:54 +0000 2016"}
{"polarity": 0.2, "location": "Atlanta, GA", "sentiment": "positive", "time": "Wed Nov 23 18:41:57 +0000 2016"}
{"polarity": 0.0, "location": "Phoenix, AZ", "sentiment": "neutral", "time": "Wed Nov 23 18:27:00 +0000 2016"}
{"polarity": 0.13636363636363635, "location": "Boston, MA", "sentiment": "positive", "time": "Wed Nov 23 18:27:10 +0000 2016"}
{"polarity": 0.0, "location": "Phoenix, AZ", "sentiment": "neutral", "time": "Wed Nov 23 18:27:17 +0000 2016"}
{"polarity": 0.0, "location": "Portland, OR", "sentiment": "neutral", "time": "Wed Nov 23 18:27:21 +0000 2016"}
{"polarity": 0.0, "location": "Atlanta, GA", "sentiment": "neutral", "time": "Wed Nov 23 18:27:23 +0000 2016"}
{"polarity": 0.0, "location": "Atlanta, GA", "sentiment": "neutral", "time": "Wed Nov 23 18:27:23 +0000 2016"}
{"polarity": -0.125, "location": "New York, NY", "sentiment": "negative", "time": "Wed Nov 23 18:27:32 +0000 2016"}
{"polarity": 0.0, "location": "Seattle, WA", "sentiment": "neutral", "time": "Wed Nov 23 18:27:44 +0000 2016"}
{"polarity": -0.4069010416666666, "location": "Phoenix, AZ", "sentiment": "negative", "time": "Wed Nov 23 18:27:45 +0000 2016"}
{"polarity": -0.7142857142857143, "location": "Orlando, FL", "sentiment": "negative", "time": "Wed Nov 23 18:27:48 +0000 2016"}
{"polarity": 0.43333333333333335, "location": "Phoenix, AZ", "sentiment": "positive", "time": "Wed Nov 23 18:27:50 +0000 2016"}
{"polarity": 0.0, "location": "Boston, MA", "sentiment": "neutral", "time": "Wed Nov 23 18:27:56 +0000 2016"}
{"polarity": 0.3, "location": "Seattle, WA", "sentiment": "positive", "time": "Wed Nov 23 18:27:57 +0000 2016"}
{"polarity": 0.0, "location": "New York, NY", "sentiment": "neutral", "time": "Wed Nov 23 18:57:09 +0000 2016"}
{"polarity": 0.5625, "location": "New York, NY", "sentiment": "positive", "time": "Wed Nov 23 18:57:16 +0000 2016"}
{"polarity": -0.4, "location": "Atlanta, GA", "sentiment": "negative", "time": "Wed Nov 23 18:57:20 +0000 2016"}
{"polarity": 0.0, "location": "Seattle, WA", "sentiment": "neutral", "time": "Wed Nov 23 18:57:24 +0000 2016"}
{"polarity": 0.0, "location": "New York, NY", "sentiment": "neutral", "time": "Wed Nov 23 18:57:31 +0000 2016"}
{"polarity": 1.0, "location": "Atlanta, GA", "sentiment": "positive", "time": "Wed Nov 23 18:57:33 +0000 2016"}
{"polarity": 0.2, "location": "Seattle, WA", "sentiment": "positive", "time": "Wed Nov 23 18:57:38 +0000 2016"}
{"polarity": 0.0, "location": "New York, NY", "sentiment": "neutral", "time": "Wed Nov 23 18:57:43 +0000 2016"}
{"polarity": 0.4, "location": "Boston, MA", "sentiment": "positive", "time": "Wed Nov 23 18:57:54 +0000 2016"}
{"polarity": 0.0, "location": "Seattle, WA", "sentiment": "neutral", "time": "Wed Nov 23 18:57:58 +0000 2016"}
{"polarity": 0.3, "location": "New York, NY", "sentiment": "positive", "time": "Wed Nov 23 18:26:01 +0000 2016"}
{"polarity": 0.0, "location": "Seattle, WA", "sentiment": "neutral", "time": "Wed Nov 23 18:26:13 +0000 2016"}
{"polarity": 0.0, "location": "Atlanta, GA", "sentiment": "neutral", "time": "Wed Nov 23 18:26:14 +0000 2016"}
{"polarity": 0.0, "location": "Orlando, FL", "sentiment": "neutral", "time": "Wed Nov 23 18:26:16 +0000 2016"}
{"polarity": -0.05, "location": "Portland, OR", "sentiment": "negative", "time": "Wed Nov 23 18:26:21 +0000 2016"}
{"polarity": -0.04999999999999999, "location": "Orlando, FL", "sentiment": "negative", "time": "Wed Nov 23 18:26:23 +0000 2016"}
{"polarity": 0.35, "location": "Seattle, WA", "sentiment": "positive", "time": "Wed Nov 23 18:26:26 +0000 2016"}
{"polarity": 0.0, "location": "Boston, MA", "sentiment": "neutral", "time": "Wed Nov 23 18:26:27 +0000 2016"}
{"polarity": -0.07142857142857142, "location": "New York, NY", "sentiment": "negative", "time": "Wed Nov 23 18:26:27 +0000 2016"}
{"polarity": -0.18181818181818182, "location": "Atlanta, GA", "sentiment": "negative", "time": "Wed Nov 23 18:26:31 +0000 2016"}
{"polarity": 1.0, "location": "Portland, OR", "sentiment": "positive", "time": "Wed Nov 23 18:26:38 +0000 2016"}
{"polarity": 0.0, "location": "Atlanta, GA", "sentiment": "neutral", "time": "Wed Nov 23 18:26:44 +0000 2016"}
{"polarity": 0.8, "location": "San Diego, CA", "sentiment": "positive", "time": "Wed Nov 23 18:58:01 +0000 2016"}
{"polarity": 0.0, "location": "Atlanta, GA", "sentiment": "neutral", "time": "Wed Nov 23 18:58:02 +0000 2016"}
{"polarity": 0.875, "location": "Atlanta, GA", "sentiment": "positive", "time": "Wed Nov 23 18:58:05 +0000 2016"}
{"polarity": 0.5, "location": "San Diego, CA", "sentiment": "positive", "time": "Wed Nov 23 18:58:08 +0000 2016"}
{"polarity": 0.4, "location": "St. Louis, MO", "sentiment": "positive", "time": "Wed Nov 23 18:58:15 +0000 2016"}
{"polarity": -0.3125, "location": "Atlanta, GA", "sentiment": "negative", "time": "Wed Nov 23 18:58:20 +0000 2016"}
{"polarity": 0.13636363636363635, "location": "Atlanta, GA", "sentiment": "positive", "time": "Wed Nov 23 18:58:28 +0000 2016"}
{"polarity": 0.0, "location": "Atlanta, GA", "sentiment": "neutral", "time": "Wed Nov 23 18:58:32 +0000 2016"}
{"polarity": 0.3333333333333333, "location": "New York, NY", "sentiment": "positive", "time": "Wed Nov 23 18:58:37 +0000 2016"}
{"polarity": 0.0, "location": "Atlanta, GA", "sentiment": "neutral", "time": "Wed Nov 23 18:58:38 +0000 2016"}
{"polarity": 0.45, "location": "New York, NY", "sentiment": "positive", "time": "Wed Nov 23 18:42:04 +0000 2016"}
{"polarity": 0.0, "location": "Atlanta, GA", "sentiment": "neutral", "time": "Wed Nov 23 18:42:06 +0000 2016"}
{"polarity": -0.2, "location": "Atlanta, GA", "sentiment": "negative", "time": "Wed Nov 23 18:42:10 +0000 2016"}
{"polarity": 0.0, "location": "Portland, OR", "sentiment": "neutral", "time": "Wed Nov 23 18:42:14 +0000 2016"}
{"polarity": 0.0, "location": "Seattle, WA", "sentiment": "neutral", "time": "Wed Nov 23 18:42:14 +0000 2016"}
{"polarity": 0.0, "location": "New York, NY", "sentiment": "neutral", "time": "Wed Nov 23 18:42:19 +0000 2016"}
{"polarity": 0.0, "location": "San Diego, CA", "sentiment": "neutral", "time": "Wed Nov 23 18:42:23 +0000 2016"}
{"polarity": 0.0, "location": "San Diego, CA", "sentiment": "neutral", "time": "Wed Nov 23 18:42:27 +0000 2016"}
{"polarity": 0.0, "location": "Boston, MA", "sentiment": "neutral", "time": "Wed Nov 23 18:42:27 +0000 2016"}
{"polarity": 0.0, "location": "Portland, OR", "sentiment": "neutral", "time": "Wed Nov 23 18:42:28 +0000 2016"}
{"polarity": 0.0, "location": "San Diego, CA", "sentiment": "neutral", "time": "Wed Nov 23 18:42:33 +0000 2016"}
{"polarity": 0.0, "location": "Seattle, WA", "sentiment": "neutral", "time": "Wed Nov 23 18:42:37 +0000 2016"}
{"polarity": 0.0, "location": "Phoenix, AZ", "sentiment": "neutral", "time": "Wed Nov 23 18:42:39 +0000 2016"}
{"polarity": 0.0, "location": "Atlanta, GA", "sentiment": "neutral", "time": "Wed Nov 23 18:42:39 +0000 2016"}
{"polarity": 0.0, "location": "San Diego, CA", "sentiment": "neutral", "time": "Wed Nov 23 18:42:40 +0000 2016"}
{"polarity": -0.1, "location": "Boston, MA", "sentiment": "negative", "time": "Wed Nov 23 18:42:41 +0000 2016"}
{"polarity": 0.0, "location": "New York, NY", "sentiment": "neutral", "time": "Wed Nov 23 18:42:42 +0000 2016"}
{"polarity": 0.425, "location": "Phoenix, AZ", "sentiment": "positive", "time": "Wed Nov 23 18:42:46 +0000 2016"}
{"polarity": 0.35, "location": "Portland, OR", "sentiment": "positive", "time": "Wed Nov 23 18:42:48 +0000 2016"}
{"polarity": -0.39999999999999997, "location": "San Diego, CA", "sentiment": "negative", "time": "Wed Nov 23 18:42:54 +0000 2016"}
{"polarity": 0.0, "location": "Phoenix, AZ", "sentiment": "neutral", "time": "Wed Nov 23 18:42:56 +0000 2016"}
{"polarity": 0.25, "location": "Seattle, WA", "sentiment": "positive", "time": "Wed Nov 23 18:50:04 +0000 2016"}
{"polarity": 0.544140625, "location": "Orlando, FL", "sentiment": "positive", "time": "Wed Nov 23 18:50:06 +0000 2016"}
{"polarity": -0.16666666666666666, "location": "Portland, OR", "sentiment": "negative", "time": "Wed Nov 23 18:50:06 +0000 2016"}
{"polarity": 0.0, "location": "Orlando, FL", "sentiment": "neutral", "time": "Wed Nov 23 18:50:09 +0000 2016"}
{"polarity": 0.0, "location": "Atlanta, GA", "sentiment": "neutral", "time": "Wed Nov 23 18:50:13 +0000 2016"}
{"polarity": 0.2852272727272727, "location": "Seattle, WA", "sentiment": "positive", "time": "Wed Nov 23 18:50:16 +0000 2016"}
{"polarity": 0.06818181818181818, "location": "New York, NY", "sentiment": "positive", "time": "Wed Nov 23 18:50:18 +0000 2016"}
{"polarity": 0.13636363636363635, "location": "New York, NY", "sentiment": "positive", "time": "Wed Nov 23 18:50:19 +0000 2016"}
{"polarity": 0.0, "location": "San Diego, CA", "sentiment": "neutral", "time": "Wed Nov 23 18:50:21 +0000 2016"}
{"polarity": 0.3333333333333333, "location": "Seattle, WA", "sentiment": "positive", "time": "Wed Nov 23 18:50:24 +0000 2016"}
{"polarity": 0.32916666666666666, "location": "Seattle, WA", "sentiment": "positive", "time": "Wed Nov 23 18:50:27 +0000 2016"}
{"polarity": 0.9099999999999999, "location": "San Diego, CA", "sentiment": "positive", "time": "Wed Nov 23 18:50:32 +0000 2016"}
{"polarity": 0.0, "location": "Phoenix, AZ", "sentiment": "neutral", "time": "Wed Nov 23 18:50:36 +0000 2016"}
{"polarity": 0.0, "location": "Boston, MA", "sentiment": "neutral", "time": "Wed Nov 23 18:50:43 +0000 2016"}
{"polarity": 0.13636363636363635, "location": "San Diego, CA", "sentiment": "positive", "time": "Wed Nov 23 18:50:54 +0000 2016"}
{"polarity": 0.008333333333333304, "location": "New York, NY", "sentiment": "positive", "time": "Wed Nov 23 18:15:03 +0000 2016"}
{"polarity": 0.0, "location": "New York, NY", "sentiment": "neutral", "time": "Wed Nov 23 18:15:05 +0000 2016"}
{"polarity": 0.5, "location": "Phoenix, AZ", "sentiment": "positive", "time": "Wed Nov 23 18:15:07 +0000 2016"}
{"polarity": 0.0, "location": "New York, NY", "sentiment": "neutral", "time": "Wed Nov 23 18:15:05 +0000 2016"}
{"polarity": 0.0, "location": "Boston, MA", "sentiment": "neutral", "time": "Wed Nov 23 18:15:09 +0000 2016"}
{"polarity": 0.0, "location": "Portland, OR", "sentiment": "neutral", "time": "Wed Nov 23 18:15:11 +0000 2016"}
{"polarity": 0.6833333333333332, "location": "New York, NY", "sentiment": "positive", "time": "Wed Nov 23 18:15:11 +0000 2016"}
{"polarity": 0.0, "location": "New York, NY", "sentiment": "neutral", "time": "Wed Nov 23 18:15:14 +0000 2016"}
{"polarity": 0.65, "location": "Atlanta, GA", "sentiment": "positive", "time": "Wed Nov 23 18:15:15 +0000 2016"}
{"polarity": 0.0, "location": "Phoenix, AZ", "sentiment": "neutral", "time": "Wed Nov 23 18:15:17 +0000 2016"}
{"polarity": 0.0, "location": "New York, NY", "sentiment": "neutral", "time": "Wed Nov 23 18:15:18 +0000 2016"}
{"polarity": 0.0625, "location": "Atlanta, GA", "sentiment": "positive", "time": "Wed Nov 23 18:15:19 +0000 2016"}
{"polarity": -0.4, "location": "New York, NY", "sentiment": "negative", "time": "Wed Nov 23 18:15:25 +0000 2016"}
{"polarity": 0.17500000000000004, "location": "Orlando, FL", "sentiment": "positive", "time": "Wed Nov 23 18:15:32 +0000 2016"}
{"polarity": -0.08, "location": "Atlanta, GA", "sentiment": "negative", "time": "Wed Nov 23 18:15:33 +0000 2016"}
{"polarity": 0.011111111111111118, "location": "Boston, MA", "sentiment": "positive", "time": "Wed Nov 23 18:15:47 +0000 2016"}
{"polarity": 0.5859375, "location": "New York, NY", "sentiment": "positive", "time": "Wed Nov 23 18:15:48 +0000 2016"}
{"polarity": 0.32499999999999996, "location": "Atlanta, GA", "sentiment": "positive", "time": "Wed Nov 23 18:15:57 +0000 2016"}
{"polarity": 0.0, "location": "Seattle, WA", "sentiment": "neutral", "time": "Wed Nov 23 18:38:02 +0000 2016"}
{"polarity": 0.07500000000000001, "location": "St. Louis, MO", "sentiment": "positive", "time": "Wed Nov 23 18:38:14 +0000 2016"}
{"polarity": 0.6666666666666666, "location": "Atlanta, GA", "sentiment": "positive", "time": "Wed Nov 23 18:38:21 +0000 2016"}
{"polarity": 0.0, "location": "New York, NY", "sentiment": "neutral", "time": "Wed Nov 23 18:38:25 +0000 2016"}
{"polarity": 0.0, "location": "New York, NY", "sentiment": "neutral", "time": "Wed Nov 23 18:38:27 +0000 2016"}
{"polarity": 0.25, "location": "New York, NY", "sentiment": "positive", "time": "Wed Nov 23 18:38:55 +0000 2016"}
{"polarity": 0.0, "location": "Atlanta, GA", "sentiment": "neutral", "time": "Wed Nov 23 18:21:01 +0000 2016"}
{"polarity": 0.0, "location": "New York, NY", "sentiment": "neutral", "time": "Wed Nov 23 18:21:18 +0000 2016"}
{"polarity": 0.0, "location": "St. Louis, MO", "sentiment": "neutral", "time": "Wed Nov 23 18:21:36 +0000 2016"}
{"polarity": 0.0, "location": "Atlanta, GA", "sentiment": "neutral", "time": "Wed Nov 23 18:21:47 +0000 2016"}
{"polarity": 0.1, "location": "Seattle, WA", "sentiment": "positive", "time": "Wed Nov 23 18:21:47 +0000 2016"}
{"polarity": 0.4, "location": "Orlando, FL", "sentiment": "positive", "time": "Wed Nov 23 18:21:48 +0000 2016"}
{"polarity": -0.5, "location": "New York, NY", "sentiment": "negative", "time": "Wed Nov 23 18:21:56 +0000 2016"}
{"polarity": 0.0, "location": "Orlando, FL", "sentiment": "neutral", "time": "Wed Nov 23 18:21:57 +0000 2016"}
{"polarity": 0.0, "location": "New York, NY", "sentiment": "neutral", "time": "Wed Nov 23 18:17:03 +0000 2016"}
{"polarity": 0.0, "location": "San Diego, CA", "sentiment": "neutral", "time": "Wed Nov 23 18:17:07 +0000 2016"}
{"polarity": 0.2875, "location": "New York, NY", "sentiment": "positive", "time": "Wed Nov 23 18:17:14 +0000 2016"}
{"polarity": 0.0, "location": "New York, NY", "sentiment": "neutral", "time": "Wed Nov 23 18:17:15 +0000 2016"}
{"polarity": 0.0, "location": "New York, NY", "sentiment": "neutral", "time": "Wed Nov 23 18:17:16 +0000 2016"}
{"polarity": 0.8, "location": "Phoenix, AZ", "sentiment": "positive", "time": "Wed Nov 23 18:17:22 +0000 2016"}
{"polarity": -0.08787878787878788, "location": "Orlando, FL", "sentiment": "negative", "time": "Wed Nov 23 18:17:32 +0000 2016"}
{"polarity": 0.0, "location": "Atlanta, GA", "sentiment": "neutral", "time": "Wed Nov 23 18:17:34 +0000 2016"}
{"polarity": 0.375, "location": "San Diego, CA", "sentiment": "positive", "time": "Wed Nov 23 18:17:34 +0000 2016"}
{"polarity": 0.0, "location": "Orlando, FL", "sentiment": "neutral", "time": "Wed Nov 23 18:17:44 +0000 2016"}
{"polarity": 0.0, "location": "San Diego, CA", "sentiment": "neutral", "time": "Wed Nov 23 18:17:48 +0000 2016"}
{"polarity": 0.0, "location": "Seattle, WA", "sentiment": "neutral", "time": "Wed Nov 23 18:17:54 +0000 2016"}
{"polarity": 0.0, "location": "New York, NY", "sentiment": "neutral", "time": "Wed Nov 23 18:17:55 +0000 2016"}
{"polarity": 0.0, "location": "New York, NY", "sentiment": "neutral", "time": "Wed Nov 23 18:17:55 +0000 2016"}
{"polarity": 0.0, "location": "Boston, MA", "sentiment": "neutral", "time": "Wed Nov 23 18:12:12 +0000 2016"}
{"polarity": 0.0, "location": "Atlanta, GA", "sentiment": "neutral", "time": "Wed Nov 23 18:12:15 +0000 2016"}
{"polarity": 0.0, "location": "San Diego, CA", "sentiment": "neutral", "time": "Wed Nov 23 18:12:37 +0000 2016"}
{"polarity": -0.008333333333333304, "location": "San Diego, CA", "sentiment": "negative", "time": "Wed Nov 23 18:12:38 +0000 2016"}
{"polarity": 0.0, "location": "Atlanta, GA", "sentiment": "neutral", "time": "Wed Nov 23 18:12:43 +0000 2016"}
{"polarity": 0.5, "location": "Portland, OR", "sentiment": "positive", "time": "Wed Nov 23 18:12:45 +0000 2016"}
{"polarity": 0.2111111111111111, "location": "New York, NY", "sentiment": "positive", "time": "Wed Nov 23 18:29:00 +0000 2016"}
{"polarity": 0.0, "location": "Portland, OR", "sentiment": "neutral", "time": "Wed Nov 23 18:29:09 +0000 2016"}
{"polarity": -0.4, "location": "Portland, OR", "sentiment": "negative", "time": "Wed Nov 23 18:29:11 +0000 2016"}
{"polarity": 0.8, "location": "Phoenix, AZ", "sentiment": "positive", "time": "Wed Nov 23 18:29:15 +0000 2016"}
{"polarity": 0.0, "location": "Boston, MA", "sentiment": "neutral", "time": "Wed Nov 23 18:29:21 +0000 2016"}
{"polarity": 0.16666666666666669, "location": "Boston, MA", "sentiment": "positive", "time": "Wed Nov 23 18:29:26 +0000 2016"}
{"polarity": 0.0, "location": "New York, NY", "sentiment": "neutral", "time": "Wed Nov 23 18:29:28 +0000 2016"}
{"polarity": 0.0, "location": "Atlanta, GA", "sentiment": "neutral", "time": "Wed Nov 23 18:29:32 +0000 2016"}
{"polarity": 0.0, "location": "Phoenix, AZ", "sentiment": "neutral", "time": "Wed Nov 23 18:29:32 +0000 2016"}
{"polarity": 0.875, "location": "Portland, OR", "sentiment": "positive", "time": "Wed Nov 23 18:29:33 +0000 2016"}
{"polarity": 0.5, "location": "Boston, MA", "sentiment": "positive", "time": "Wed Nov 23 18:29:38 +0000 2016"}
{"polarity": -0.1, "location": "San Diego, CA", "sentiment": "negative", "time": "Wed Nov 23 18:29:44 +0000 2016"}
{"polarity": 0.3, "location": "Seattle, WA", "sentiment": "positive", "time": "Wed Nov 23 18:29:49 +0000 2016"}
{"polarity": 0.0, "location": "New York, NY", "sentiment": "neutral", "time": "Wed Nov 23 18:29:53 +0000 2016"}
{"polarity": 0.0, "location": "Seattle, WA", "sentiment": "neutral", "time": "Wed Nov 23 18:18:00 +0000 2016"}
{"polarity": 0.2, "location": "San Diego, CA", "sentiment": "positive", "time": "Wed Nov 23 18:18:04 +0000 2016"}
{"polarity": 0.0, "location": "New York, NY", "sentiment": "neutral", "time": "Wed Nov 23 18:18:14 +0000 2016"}
{"polarity": 0.0, "location": "New York, NY", "sentiment": "neutral", "time": "Wed Nov 23 18:18:21 +0000 2016"}
{"polarity": 0.0, "location": "Atlanta, GA", "sentiment": "neutral", "time": "Wed Nov 23 18:18:24 +0000 2016"}
{"polarity": 0.175, "location": "Portland, OR", "sentiment": "positive", "time": "Wed Nov 23 18:18:25 +0000 2016"}
{"polarity": 0.8, "location": "New York, NY", "sentiment": "positive", "time": "Wed Nov 23 18:18:29 +0000 2016"}
{"polarity": 0.0, "location": "New York, NY", "sentiment": "neutral", "time": "Wed Nov 23 18:18:30 +0000 2016"}
{"polarity": -0.5, "location": "Orlando, FL", "sentiment": "negative", "time": "Wed Nov 23 18:18:34 +0000 2016"}
{"polarity": 0.0, "location": "Orlando, FL", "sentiment": "neutral", "time": "Wed Nov 23 18:18:39 +0000 2016"}
{"polarity": 0.0, "location": "San Diego, CA", "sentiment": "neutral", "time": "Wed Nov 23 18:18:40 +0000 2016"}
{"polarity": 0.0, "location": "New York, NY", "sentiment": "neutral", "time": "Wed Nov 23 18:18:43 +0000 2016"}
{"polarity": 0.0, "location": "Seattle, WA", "sentiment": "neutral", "time": "Wed Nov 23 18:18:44 +0000 2016"}
{"polarity": 0.22777777777777777, "location": "Boston, MA", "sentiment": "positive", "time": "Wed Nov 23 18:18:48 +0000 2016"}
