{"polarity": 0.0, "location": "Phoenix, AZ", "sentiment": "neutral", "time": "Wed Nov 23 21:04:09 +0000 2016"}
{"polarity": 0.525, "location": "Orlando, FL", "sentiment": "positive", "time": "Wed Nov 23 21:04:31 +0000 2016"}
{"polarity": -0.30000000000000004, "location": "Boston, MA", "sentiment": "negative", "time": "Wed Nov 23 21:04:46 +0000 2016"}
{"polarity": 0.0, "location": "Atlanta, GA", "sentiment": "neutral", "time": "Wed Nov 23 21:04:53 +0000 2016"}
{"polarity": 0.0, "location": "Orlando, FL", "sentiment": "neutral", "time": "Wed Nov 23 21:04:57 +0000 2016"}
{"polarity": 0.0, "location": "Phoenix, AZ", "sentiment": "neutral", "time": "Thu Nov 24 02:39:00 +0000 2016"}
{"polarity": 0.0, "location": "Boston, MA", "sentiment": "neutral", "time": "Thu Nov 24 02:39:03 +0000 2016"}
{"polarity": 0.2, "location": "San Diego, CA", "sentiment": "positive", "time": "Thu Nov 24 02:39:09 +0000 2016"}
{"polarity": 0.0, "location": "Portland, OR", "sentiment": "neutral", "time": "Thu Nov 24 02:39:09 +0000 2016"}
{"polarity": 0.0, "location": "Atlanta, GA", "sentiment": "neutral", "time": "Thu Nov 24 02:39:15 +0000 2016"}
{"polarity": 0.059217171717171724, "location": "St. Louis, MO", "sentiment": "positive", "time": "Thu Nov 24 02:39:17 +0000 2016"}
{"polarity": 0.0, "location": "Orlando, FL", "sentiment": "neutral", "time": "Thu Nov 24 02:39:28 +0000 2016"}
{"polarity": 0.0, "location": "Atlanta, GA", "sentiment": "neutral", "time": "Thu Nov 24 02:39:29 +0000 2016"}
{"polarity": 0.0, "location": "Atlanta, GA", "sentiment": "neutral", "time": "Thu Nov 24 02:39:29 +0000 2016"}
{"polarity": 0.0, "location": "Phoenix, AZ", "sentiment": "neutral", "time": "Thu Nov 24 02:39:37 +0000 2016"}
{"polarity": 0.4619047619047619, "location": "Seattle, WA", "sentiment": "positive", "time": "Thu Nov 24 02:39:40 +0000 2016"}
{"polarity": 0.0, "location": "Orlando, FL", "sentiment": "neutral", "time": "Thu Nov 24 02:39:50 +0000 2016"}
{"polarity": 0.0, "location": "Atlanta, GA", "sentiment": "neutral", "time": "Thu Nov 24 02:39:58 +0000 2016"}
{"polarity": 0.0, "location": "Seattle, WA", "sentiment": "neutral", "time": "Thu Nov 24 02:59:06 +0000 2016"}
{"polarity": 0.0, "location": "San Diego, CA", "sentiment": "neutral", "time": "Thu Nov 24 02:59:09 +0000 2016"}
{"polarity": 0.08333333333333334, "location": "New York, NY", "sentiment": "positive", "time": "Thu Nov 24 02:59:13 +0000 2016"}
{"polarity": 0.05, "location": "Boston, MA", "sentiment": "positive", "time": "Thu Nov 24 02:59:16 +0000 2016"}
{"polarity": 0.0, "location": "New York, NY", "sentiment": "neutral", "time": "Thu Nov 24 02:59:18 +0000 2016"}
{"polarity": 0.2857142857142857, "location": "New York, NY", "sentiment": "positive", "time": "Thu Nov 24 02:59:18 +0000 2016"}
{"polarity": 0.125, "location": "Boston, MA", "sentiment": "positive", "time": "Thu Nov 24 02:59:23 +0000 2016"}
{"polarity": -0.09999999999999999, "location": "Atlanta, GA", "sentiment": "negative", "time": "Thu Nov 24 02:59:54 +0000 2016"}
{"polarity": 0.0, "location": "Phoenix, AZ", "sentiment": "neutral", "time": "Thu Nov 24 02:59:58 +0000 2016"}
{"polarity": 0.0, "location": "Portland, OR", "sentiment": "neutral", "time": "Thu Nov 24 02:19:08 +0000 2016"}
{"polarity": 0.0, "location": "Orlando, FL", "sentiment": "neutral", "time": "Thu Nov 24 02:19:11 +0000 2016"}
{"polarity": 0.3666666666666667, "location": "New York, NY", "sentiment": "positive", "time": "Thu Nov 24 02:19:20 +0000 2016"}
{"polarity": 0.0, "location": "San Diego, CA", "sentiment": "neutral", "time": "Thu Nov 24 02:19:30 +0000 2016"}
{"polarity": 0.6, "location": "Boston, MA", "sentiment": "positive", "time": "Thu Nov 24 02:19:32 +0000 2016"}
{"polarity": -0.48214285714285715, "location": "New York, NY", "sentiment": "negative", "time": "Thu Nov 24 02:19:32 +0000 2016"}
{"polarity": 0.0, "location": "Atlanta, GA", "sentiment": "neutral", "time": "Thu Nov 24 02:19:37 +0000 2016"}
{"polarity": 0.3539393939393939, "location": "Orlando, FL", "sentiment": "positive", "time": "Thu Nov 24 02:19:49 +0000 2016"}
{"polarity": 0.0, "location": "Atlanta, GA", "sentiment": "neutral", "time": "Thu Nov 24 02:19:51 +0000 2016"}
{"polarity": -0.3, "location": "Boston, MA", "sentiment": "negative", "time": "Thu Nov 24 02:19:59 +0000 2016"}
{"polarity": -0.08333333333333333, "location": "Seattle, WA", "sentiment": "negative", "time": "Thu Nov 24 02:37:11 +0000 2016"}
{"polarity": 0.0, "location": "Atlanta, GA", "sentiment": "neutral", "time": "Thu Nov 24 02:37:15 +0000 2016"}
{"polarity": 0.2, "location": "Atlanta, GA", "sentiment": "positive", "time": "Thu Nov 24 02:37:23 +0000 2016"}
{"polarity": 0.0, "location": "Atlanta, GA", "sentiment": "neutral", "time": "Thu Nov 24 02:37:25 +0000 2016"}
{"polarity": 0.0, "location": "New York, NY", "sentiment": "neutral", "time": "Thu Nov 24 02:37:39 +0000 2016"}
{"polarity": 0.0, "location": "Orlando, FL", "sentiment": "neutral", "time": "Thu Nov 24 02:37:46 +0000 2016"}
{"polarity": 0.0, "location": "Orlando, FL", "sentiment": "neutral", "time": "Thu Nov 24 02:37:54 +0000 2016"}
{"polarity": 0.14999999999999997, "location": "Atlanta, GA", "sentiment": "positive", "time": "Thu Nov 24 02:31:01 +0000 2016"}
{"polarity": 0.3, "location": "New York, NY", "sentiment": "positive", "time": "Thu Nov 24 02:31:06 +0000 2016"}
{"polarity": 0.0, "location": "Boston, MA", "sentiment": "neutral", "time": "Thu Nov 24 02:31:07 +0000 2016"}
{"polarity": 0.5, "location": "Seattle, WA", "sentiment": "positive", "time": "Thu Nov 24 02:31:08 +0000 2016"}
{"polarity": 0.0, "location": "Phoenix, AZ", "sentiment": "neutral", "time": "Thu Nov 24 02:31:08 +0000 2016"}
{"polarity": 0.2, "location": "San Diego, CA", "sentiment": "positive", "time": "Thu Nov 24 02:31:13 +0000 2016"}
{"polarity": 0.0, "location": "Atlanta, GA", "sentiment": "neutral", "time": "Thu Nov 24 02:31:32 +0000 2016"}
{"polarity": 0.5, "location": "New York, NY", "sentiment": "positive", "time": "Thu Nov 24 02:31:32 +0000 2016"}
{"polarity": 0.8, "location": "Atlanta, GA", "sentiment": "positive", "time": "Thu Nov 24 02:31:43 +0000 2016"}
{"polarity": 0.5, "location": "Phoenix, AZ", "sentiment": "positive", "time": "Thu Nov 24 02:31:51 +0000 2016"}
{"polarity": 0.0, "location": "Seattle, WA", "sentiment": "neutral", "time": "Thu Nov 24 02:31:53 +0000 2016"}
{"polarity": 0.0, "location": "Portland, OR", "sentiment": "neutral", "time": "Thu Nov 24 02:31:59 +0000 2016"}
{"polarity": 0.0, "location": "Boston, MA", "sentiment": "neutral", "time": "Thu Nov 24 02:41:09 +0000 2016"}
{"polarity": 0.0, "location": "Atlanta, GA", "sentiment": "neutral", "time": "Thu Nov 24 02:41:12 +0000 2016"}
{"polarity": 0.0, "location": "Seattle, WA", "sentiment": "neutral", "time": "Thu Nov 24 02:41:16 +0000 2016"}
{"polarity": 0.24999999999999997, "location": "Portland, OR", "sentiment": "positive", "time": "Thu Nov 24 02:41:17 +0000 2016"}
{"polarity": 0.0, "location": "Portland, OR", "sentiment": "neutral", "time": "Thu Nov 24 02:41:19 +0000 2016"}
{"polarity": 0.625, "location": "Boston, MA", "sentiment": "positive", "time": "Thu Nov 24 02:41:21 +0000 2016"}
{"polarity": 0.0, "location": "Portland, OR", "sentiment": "neutral", "time": "Thu Nov 24 02:41:24 +0000 2016"}
{"polarity": -0.1875, "location": "Atlanta, GA", "sentiment": "negative", "time": "Thu Nov 24 02:41:27 +0000 2016"}
{"polarity": 0.2, "location": "Orlando, FL", "sentiment": "positive", "time": "Thu Nov 24 02:41:41 +0000 2016"}
{"polarity": -0.2, "location": "Atlanta, GA", "sentiment": "negative", "time": "Thu Nov 24 02:41:46 +0000 2016"}
{"polarity": 0.5, "location": "New York, NY", "sentiment": "positive", "time": "Thu Nov 24 02:41:46 +0000 2016"}
{"polarity": 0.6, "location": "Atlanta, GA", "sentiment": "positive", "time": "Thu Nov 24 02:41:49 +0000 2016"}
{"polarity": 0.0, "location": "Orlando, FL", "sentiment": "neutral", "time": "Thu Nov 24 02:41:54 +0000 2016"}
{"polarity": 0.0, "location": "Seattle, WA", "sentiment": "neutral", "time": "Thu Nov 24 02:41:57 +0000 2016"}
{"polarity": 0.0, "location": "Atlanta, GA", "sentiment": "neutral", "time": "Thu Nov 24 02:27:04 +0000 2016"}
{"polarity": 0.25, "location": "Boston, MA", "sentiment": "positive", "time": "Thu Nov 24 02:27:04 +0000 2016"}
{"polarity": 0.0, "location": "Atlanta, GA", "sentiment": "neutral", "time": "Thu Nov 24 02:27:14 +0000 2016"}
{"polarity": 0.25, "location": "New York, NY", "sentiment": "positive", "time": "Thu Nov 24 02:27:19 +0000 2016"}
{"polarity": 0.0, "location": "Phoenix, AZ", "sentiment": "neutral", "time": "Thu Nov 24 02:27:39 +0000 2016"}
{"polarity": 0.0, "location": "Atlanta, GA", "sentiment": "neutral", "time": "Thu Nov 24 02:27:50 +0000 2016"}
{"polarity": 0.0, "location": "Seattle, WA", "sentiment": "neutral", "time": "Thu Nov 24 02:27:53 +0000 2016"}
{"polarity": 0.0, "location": "Boston, MA", "sentiment": "neutral", "time": "Thu Nov 24 02:27:54 +0000 2016"}
{"polarity": -0.15000000000000002, "location": "Phoenix, AZ", "sentiment": "negative", "time": "Thu Nov 24 02:57:01 +0000 2016"}
{"polarity": 0.0, "location": "Atlanta, GA", "sentiment": "neutral", "time": "Thu Nov 24 02:57:14 +0000 2016"}
{"polarity": 0.5, "location": "Kansas City, KS", "sentiment": "positive", "time": "Thu Nov 24 02:57:16 +0000 2016"}
{"polarity": -0.2, "location": "Atlanta, GA", "sentiment": "negative", "time": "Thu Nov 24 02:57:25 +0000 2016"}
{"polarity": 0.7, "location": "Phoenix, AZ", "sentiment": "positive", "time": "Thu Nov 24 02:57:38 +0000 2016"}
{"polarity": 0.0, "location": "Portland, OR", "sentiment": "neutral", "time": "Thu Nov 24 02:57:41 +0000 2016"}
{"polarity": 0.2, "location": "Boston, MA", "sentiment": "positive", "time": "Thu Nov 24 02:57:42 +0000 2016"}
{"polarity": 0.02777777777777778, "location": "New York, NY", "sentiment": "positive", "time": "Thu Nov 24 02:57:43 +0000 2016"}
{"polarity": 0.0, "location": "Atlanta, GA", "sentiment": "neutral", "time": "Thu Nov 24 02:57:49 +0000 2016"}
{"polarity": -0.25, "location": "Phoenix, AZ", "sentiment": "negative", "time": "Thu Nov 24 02:26:00 +0000 2016"}
{"polarity": 0.0, "location": "New York, NY", "sentiment": "neutral", "time": "Thu Nov 24 02:26:05 +0000 2016"}
{"polarity": 0.2333333333333333, "location": "New York, NY", "sentiment": "positive", "time": "Thu Nov 24 02:26:09 +0000 2016"}
{"polarity": 0.0, "location": "New York, NY", "sentiment": "neutral", "time": "Thu Nov 24 02:26:25 +0000 2016"}
{"polarity": 0.0, "location": "St. Louis, MO", "sentiment": "neutral", "time": "Thu Nov 24 02:26:26 +0000 2016"}
{"polarity": 0.3125, "location": "New York, NY", "sentiment": "positive", "time": "Thu Nov 24 02:26:26 +0000 2016"}
{"polarity": -0.39999999999999997, "location": "Portland, OR", "sentiment": "negative", "time": "Thu Nov 24 02:26:28 +0000 2016"}
{"polarity": 1.0, "location": "Atlanta, GA", "sentiment": "positive", "time": "Thu Nov 24 02:26:31 +0000 2016"}
{"polarity": 0.8, "location": "New York, NY", "sentiment": "positive", "time": "Thu Nov 24 02:26:31 +0000 2016"}
{"polarity": 0.0, "location": "Orlando, FL", "sentiment": "neutral", "time": "Thu Nov 24 02:26:41 +0000 2016"}
{"polarity": 0.15625, "location": "Portland, OR", "sentiment": "positive", "time": "Thu Nov 24 02:26:45 +0000 2016"}
{"polarity": 0.4, "location": "Atlanta, GA", "sentiment": "positive", "time": "Thu Nov 24 02:26:59 +0000 2016"}
{"polarity": 0.0, "location": "New York, NY", "sentiment": "neutral", "time": "Thu Nov 24 02:58:19 +0000 2016"}
{"polarity": 0.0, "location": "Seattle, WA", "sentiment": "neutral", "time": "Thu Nov 24 02:58:22 +0000 2016"}
{"polarity": 0.0, "location": "San Diego, CA", "sentiment": "neutral", "time": "Thu Nov 24 02:58:29 +0000 2016"}
{"polarity": 0.0, "location": "Atlanta, GA", "sentiment": "neutral", "time": "Thu Nov 24 02:58:32 +0000 2016"}
{"polarity": 0.0, "location": "Atlanta, GA", "sentiment": "neutral", "time": "Thu Nov 24 02:58:39 +0000 2016"}
{"polarity": 0.0, "location": "Orlando, FL", "sentiment": "neutral", "time": "Thu Nov 24 02:58:54 +0000 2016"}
{"polarity": 0.0, "location": "Atlanta, GA", "sentiment": "neutral", "time": "Thu Nov 24 02:42:02 +0000 2016"}
{"polarity": 0.0, "location": "Boston, MA", "sentiment": "neutral", "time": "Thu Nov 24 02:42:10 +0000 2016"}
{"polarity": 0.0, "location": "Seattle, WA", "sentiment": "neutral", "time": "Thu Nov 24 02:42:28 +0000 2016"}
{"polarity": 0.0, "location": "Orlando, FL", "sentiment": "neutral", "time": "Thu Nov 24 02:42:37 +0000 2016"}
{"polarity": 0.0, "location": "Atlanta, GA", "sentiment": "neutral", "time": "Thu Nov 24 02:42:37 +0000 2016"}
{"polarity": 0.0, "location": "Atlanta, GA", "sentiment": "neutral", "time": "Thu Nov 24 02:42:41 +0000 2016"}
{"polarity": 0.0, "location": "Seattle, WA", "sentiment": "neutral", "time": "Thu Nov 24 02:50:02 +0000 2016"}
{"polarity": 0.35, "location": "New York, NY", "sentiment": "positive", "time": "Thu Nov 24 02:50:01 +0000 2016"}
{"polarity": 0.375, "location": "Atlanta, GA", "sentiment": "positive", "time": "Thu Nov 24 02:50:06 +0000 2016"}
{"polarity": 0.0, "location": "Seattle, WA", "sentiment": "neutral", "time": "Thu Nov 24 02:50:08 +0000 2016"}
{"polarity": 0.0, "location": "San Diego, CA", "sentiment": "neutral", "time": "Thu Nov 24 02:50:32 +0000 2016"}
{"polarity": 0.0, "location": "Atlanta, GA", "sentiment": "neutral", "time": "Thu Nov 24 02:50:33 +0000 2016"}
{"polarity": 0.0, "location": "San Diego, CA", "sentiment": "neutral", "time": "Thu Nov 24 02:50:38 +0000 2016"}
{"polarity": 0.4, "location": "San Diego, CA", "sentiment": "positive", "time": "Thu Nov 24 02:50:39 +0000 2016"}
{"polarity": 0.35, "location": "Seattle, WA", "sentiment": "positive", "time": "Thu Nov 24 02:50:47 +0000 2016"}
{"polarity": 0.0, "location": "New York, NY", "sentiment": "neutral", "time": "Thu Nov 24 02:50:57 +0000 2016"}
{"polarity": 0.13333333333333333, "location": "Atlanta, GA", "sentiment": "positive", "time": "Thu Nov 24 02:15:00 +0000 2016"}
{"polarity": 0.0, "location": "New York, NY", "sentiment": "neutral", "time": "Thu Nov 24 02:15:10 +0000 2016"}
{"polarity": 0.2, "location": "San Diego, CA", "sentiment": "positive", "time": "Thu Nov 24 02:15:11 +0000 2016"}
{"polarity": 0.0, "location": "New York, NY", "sentiment": "neutral", "time": "Thu Nov 24 02:15:13 +0000 2016"}
{"polarity": 0.0, "location": "Boston, MA", "sentiment": "neutral", "time": "Thu Nov 24 02:15:14 +0000 2016"}
{"polarity": 0.08333333333333333, "location": "Boston, MA", "sentiment": "positive", "time": "Thu Nov 24 02:15:25 +0000 2016"}
{"polarity": 0.0, "location": "Boston, MA", "sentiment": "neutral", "time": "Thu Nov 24 02:15:29 +0000 2016"}
{"polarity": -1.0, "location": "Boston, MA", "sentiment": "negative", "time": "Thu Nov 24 02:15:41 +0000 2016"}
{"polarity": 0.6, "location": "Boston, MA", "sentiment": "positive", "time": "Thu Nov 24 02:15:44 +0000 2016"}
{"polarity": 0.0, "location": "Phoenix, AZ", "sentiment": "neutral", "time": "Thu Nov 24 02:15:45 +0000 2016"}
{"polarity": 0.0, "location": "San Diego, CA", "sentiment": "neutral", "time": "Thu Nov 24 02:15:46 +0000 2016"}
{"polarity": 0.5, "location": "New York, NY", "sentiment": "positive", "time": "Thu Nov 24 02:15:50 +0000 2016"}
{"polarity": 0.0, "location": "Orlando, FL", "sentiment": "neutral", "time": "Thu Nov 24 02:15:54 +0000 2016"}
{"polarity": 0.0, "location": "Orlando, FL", "sentiment": "neutral", "time": "Thu Nov 24 02:15:56 +0000 2016"}
{"polarity": 0.6, "location": "Atlanta, GA", "sentiment": "positive", "time": "Thu Nov 24 02:38:15 +0000 2016"}
{"polarity": 0.0, "location": "Atlanta, GA", "sentiment": "neutral", "time": "Thu Nov 24 02:38:38 +0000 2016"}
{"polarity": 0.0, "location": "San Diego, CA", "sentiment": "neutral", "time": "Thu Nov 24 02:38:46 +0000 2016"}
{"polarity": 0.0, "location": "St. Louis, MO", "sentiment": "neutral", "time": "Thu Nov 24 02:38:50 +0000 2016"}
{"polarity": 0.0, "location": "Portland, OR", "sentiment": "neutral", "time": "Thu Nov 24 02:38:55 +0000 2016"}
{"polarity": 0.0, "location": "New York, NY", "sentiment": "neutral", "time": "Thu Nov 24 02:38:55 +0000 2016"}
{"polarity": -0.5, "location": "Portland, OR", "sentiment": "negative", "time": "Thu Nov 24 02:38:57 +0000 2016"}
{"polarity": 0.0, "location": "St. Louis, MO", "sentiment": "neutral", "time": "Thu Nov 24 02:38:59 +0000 2016"}
{"polarity": 0.18611111111111112, "location": "Atlanta, GA", "sentiment": "positive", "time": "Thu Nov 24 02:21:00 +0000 2016"}
{"polarity": 0.0, "location": "Boston, MA", "sentiment": "neutral", "time": "Thu Nov 24 02:21:04 +0000 2016"}
{"polarity": 0.2, "location": "St. Louis, MO", "sentiment": "positive", "time": "Thu Nov 24 02:21:12 +0000 2016"}
{"polarity": 0.52, "location": "Atlanta, GA", "sentiment": "positive", "time": "Thu Nov 24 02:21:14 +0000 2016"}
{"polarity": 0.3125, "location": "Portland, OR", "sentiment": "positive", "time": "Thu Nov 24 02:21:21 +0000 2016"}
{"polarity": 0.0, "location": "Atlanta, GA", "sentiment": "neutral", "time": "Thu Nov 24 02:21:29 +0000 2016"}
{"polarity": 0.0, "location": "Atlanta, GA", "sentiment": "neutral", "time": "Thu Nov 24 02:21:34 +0000 2016"}
{"polarity": 0.0, "location": "New York, NY", "sentiment": "neutral", "time": "Thu Nov 24 02:21:47 +0000 2016"}
{"polarity": 0.375, "location": "Boston, MA", "sentiment": "positive", "time": "Thu Nov 24 02:21:51 +0000 2016"}
{"polarity": 0.0, "location": "New York, NY", "sentiment": "neutral", "time": "Thu Nov 24 02:21:55 +0000 2016"}
{"polarity": -0.8, "location": "New York, NY", "sentiment": "negative", "time": "Thu Nov 24 02:21:57 +0000 2016"}
{"polarity": 0.0, "location": "Orlando, FL", "sentiment": "neutral", "time": "Thu Nov 24 02:17:00 +0000 2016"}
{"polarity": 0.0, "location": "Seattle, WA", "sentiment": "neutral", "time": "Thu Nov 24 02:17:02 +0000 2016"}
{"polarity": 0.0, "location": "Seattle, WA", "sentiment": "neutral", "time": "Thu Nov 24 02:17:18 +0000 2016"}
{"polarity": 0.0, "location": "San Diego, CA", "sentiment": "neutral", "time": "Thu Nov 24 02:17:31 +0000 2016"}
{"polarity": 0.0, "location": "Atlanta, GA", "sentiment": "neutral", "time": "Thu Nov 24 02:17:40 +0000 2016"}
{"polarity": 0.0, "location": "Orlando, FL", "sentiment": "neutral", "time": "Thu Nov 24 02:17:43 +0000 2016"}
{"polarity": 0.0, "location": "Phoenix, AZ", "sentiment": "neutral", "time": "Thu Nov 24 02:17:48 +0000 2016"}
{"polarity": -0.051851851851851864, "location": "Orlando, FL", "sentiment": "negative", "time": "Thu Nov 24 02:17:51 +0000 2016"}
{"polarity": 0.1090909090909091, "location": "Atlanta, GA", "sentiment": "positive", "time": "Thu Nov 24 02:17:58 +0000 2016"}
{"polarity": 0.0, "location": "Seattle, WA", "sentiment": "neutral", "time": "Thu Nov 24 02:12:21 +0000 2016"}
{"polarity": 0.13636363636363635, "location": "Seattle, WA", "sentiment": "positive", "time": "Thu Nov 24 02:12:25 +0000 2016"}
{"polarity": -0.2, "location": "San Diego, CA", "sentiment": "negative", "time": "Thu Nov 24 02:12:32 +0000 2016"}
{"polarity": 0.0, "location": "New York, NY", "sentiment": "neutral", "time": "Thu Nov 24 02:12:39 +0000 2016"}
{"polarity": -0.125, "location": "Boston, MA", "sentiment": "negative", "time": "Thu Nov 24 02:12:56 +0000 2016"}
{"polarity": -0.012878787878787878, "location": "Seattle, WA", "sentiment": "negative", "time": "Thu Nov 24 02:29:01 +0000 2016"}
{"polarity": 0.0, "location": "New York, NY", "sentiment": "neutral", "time": "Thu Nov 24 02:29:10 +0000 2016"}
{"polarity": 0.0, "location": "New York, NY", "sentiment": "neutral", "time": "Thu Nov 24 02:29:21 +0000 2016"}
{"polarity": 1.0, "location": "Phoenix, AZ", "sentiment": "positive", "time": "Thu Nov 24 02:29:29 +0000 2016"}
{"polarity": 0.0, "location": "Boston, MA", "sentiment": "neutral", "time": "Thu Nov 24 02:29:32 +0000 2016"}
{"polarity": 0.0, "location": "Atlanta, GA", "sentiment": "neutral", "time": "Thu Nov 24 02:29:32 +0000 2016"}
{"polarity": 1.0, "location": "San Diego, CA", "sentiment": "positive", "time": "Thu Nov 24 02:29:39 +0000 2016"}
{"polarity": 0.0, "location": "New York, NY", "sentiment": "neutral", "time": "Thu Nov 24 02:29:56 +0000 2016"}
{"polarity": 0.0, "location": "Boston, MA", "sentiment": "neutral", "time": "Thu Nov 24 02:29:58 +0000 2016"}
{"polarity": 0.0, "location": "Orlando, FL", "sentiment": "neutral", "time": "Thu Nov 24 02:18:00 +0000 2016"}
{"polarity": 0.0, "location": "New York, NY", "sentiment": "neutral", "time": "Thu Nov 24 02:18:05 +0000 2016"}
{"polarity": 0.1, "location": "New York, NY", "sentiment": "positive", "time": "Thu Nov 24 02:18:12 +0000 2016"}
{"polarity": 0.0, "location": "New York, NY", "sentiment": "neutral", "time": "Thu Nov 24 02:18:13 +0000 2016"}
{"polarity": 0.20000000000000004, "location": "New York, NY", "sentiment": "positive", "time": "Thu Nov 24 02:18:16 +0000 2016"}
{"polarity": 0.4, "location": "Boston, MA", "sentiment": "positive", "time": "Thu Nov 24 02:18:16 +0000 2016"}
{"polarity": 0.0, "location": "Phoenix, AZ", "sentiment": "neutral", "time": "Thu Nov 24 02:46:07 +0000 2016"}
{"polarity": 0.0, "location": "Boston, MA", "sentiment": "neutral", "time": "Thu Nov 24 02:46:08 +0000 2016"}
{"polarity": 0.3958333333333333, "location": "New York, NY", "sentiment": "positive", "time": "Thu Nov 24 02:46:09 +0000 2016"}
{"polarity": 0.0, "location": "New York, NY", "sentiment": "neutral", "time": "Thu Nov 24 02:46:14 +0000 2016"}
{"polarity": 0.4, "location": "San Diego, CA", "sentiment": "positive", "time": "Thu Nov 24 02:46:15 +0000 2016"}
{"polarity": 0.6, "location": "Seattle, WA", "sentiment": "positive", "time": "Thu Nov 24 02:46:35 +0000 2016"}
{"polarity": 0.13636363636363635, "location": "Orlando, FL", "sentiment": "positive", "time": "Thu Nov 24 02:46:37 +0000 2016"}
{"polarity": -0.08666666666666666, "location": "Portland, OR", "sentiment": "negative", "time": "Thu Nov 24 02:46:39 +0000 2016"}
{"polarity": 0.0, "location": "St. Louis, MO", "sentiment": "neutral", "time": "Thu Nov 24 02:46:52 +0000 2016"}
{"polarity": 0.8, "location": "Boston, MA", "sentiment": "positive", "time": "Thu Nov 24 02:46:53 +0000 2016"}
{"polarity": 0.0, "location": "San Diego, CA", "sentiment": "neutral", "time": "Thu Nov 24 02:46:59 +0000 2016"}
{"polarity": 0.59375, "location": "Atlanta, GA", "sentiment": "positive", "time": "Thu Nov 24 02:00:01 +0000 2016"}
{"polarity": 0.4166666666666667, "location": "Atlanta, GA", "sentiment": "positive", "time": "Thu Nov 24 02:00:01 +0000 2016"}
{"polarity": 0.0, "location": "Phoenix, AZ", "sentiment": "neutral", "time": "Thu Nov 24 02:00:08 +0000 2016"}
{"polarity": 0.0, "location": "Atlanta, GA", "sentiment": "neutral", "time": "Thu Nov 24 02:00:09 +0000 2016"}
{"polarity": -0.5777777777777778, "location": "Seattle, WA", "sentiment": "negative", "time": "Thu Nov 24 02:00:10 +0000 2016"}
{"polarity": 0.0, "location": "San Diego, CA", "sentiment": "neutral", "time": "Thu Nov 24 02:00:12 +0000 2016"}
{"polarity": 0.0, "location": "Orlando, FL", "sentiment": "neutral", "time": "Thu Nov 24 02:00:15 +0000 2016"}
{"polarity": 0.16, "location": "Boston, MA", "sentiment": "positive", "time": "Thu Nov 24 02:00:16 +0000 2016"}
{"polarity": 0.0, "location": "New York, NY", "sentiment": "neutral", "time": "Thu Nov 24 02:00:21 +0000 2016"}
{"polarity": 0.0, "location": "Boston, MA", "sentiment": "neutral", "time": "Thu Nov 24 02:00:26 +0000 2016"}
{"polarity": 0.0, "location": "St. Louis, MO", "sentiment": "neutral", "time": "Thu Nov 24 02:00:27 +0000 2016"}
{"polarity": 0.8, "location": "Orlando, FL", "sentiment": "positive", "time": "Thu Nov 24 02:00:35 +0000 2016"}
{"polarity": 0.0, "location": "Orlando, FL", "sentiment": "neutral", "time": "Thu Nov 24 02:00:43 +0000 2016"}
{"polarity": 0.0, "location": "Atlanta, GA", "sentiment": "neutral", "time": "Thu Nov 24 02:00:44 +0000 2016"}
{"polarity": 0.3806818181818182, "location": "Seattle, WA", "sentiment": "positive", "time": "Thu Nov 24 02:00:46 +0000 2016"}
{"polarity": 0.0, "location": "Atlanta, GA", "sentiment": "neutral", "time": "Thu Nov 24 02:00:51 +0000 2016"}
{"polarity": 0.0, "location": "New York, NY", "sentiment": "neutral", "time": "Thu Nov 24 02:34:02 +0000 2016"}
{"polarity": 0.2, "location": "Boston, MA", "sentiment": "positive", "time": "Thu Nov 24 02:34:07 +0000 2016"}
{"polarity": 0.65, "location": "Seattle, WA", "sentiment": "positive", "time": "Thu Nov 24 02:34:14 +0000 2016"}
{"polarity": 1.0, "location": "New York, NY", "sentiment": "positive", "time": "Thu Nov 24 02:34:15 +0000 2016"}
{"polarity": -0.05, "location": "Orlando, FL", "sentiment": "negative", "time": "Thu Nov 24 02:34:32 +0000 2016"}
{"polarity": 0.37878787878787884, "location": "New York, NY", "sentiment": "positive", "time": "Thu Nov 24 02:34:33 +0000 2016"}
{"polarity": 0.0, "location": "Atlanta, GA", "sentiment": "neutral", "time": "Thu Nov 24 02:34:40 +0000 2016"}
{"polarity": 0.11666666666666668, "location": "Atlanta, GA", "sentiment": "positive", "time": "Thu Nov 24 02:34:47 +0000 2016"}
{"polarity": 0.0, "location": "Boston, MA", "sentiment": "neutral", "time": "Thu Nov 24 02:34:49 +0000 2016"}
{"polarity": 0.35, "location": "Boston, MA", "sentiment": "positive", "time": "Thu Nov 24 02:34:59 +0000 2016"}
{"polarity": 0.0, "location": "New York, NY", "sentiment": "neutral", "time": "Thu Nov 24 02:05:03 +0000 2016"}
{"polarity": 0.5681818181818181, "location": "Phoenix, AZ", "sentiment": "positive", "time": "Thu Nov 24 02:05:10 +0000 2016"}
{"polarity": 0.0, "location": "San Diego, CA", "sentiment": "neutral", "time": "Thu Nov 24 02:05:12 +0000 2016"}
{"polarity": 0.25, "location": "Portland, OR", "sentiment": "positive", "time": "Thu Nov 24 02:05:19 +0000 2016"}
{"polarity": -0.3, "location": "Orlando, FL", "sentiment": "negative", "time": "Thu Nov 24 02:05:22 +0000 2016"}
{"polarity": 0.03750000000000006, "location": "Seattle, WA", "sentiment": "positive", "time": "Thu Nov 24 02:05:25 +0000 2016"}
{"polarity": 0.0, "location": "New York, NY", "sentiment": "neutral", "time": "Thu Nov 24 02:05:30 +0000 2016"}
{"polarity": 0.0, "location": "Orlando, FL", "sentiment": "neutral", "time": "Thu Nov 24 02:05:34 +0000 2016"}
{"polarity": 0.0, "location": "Atlanta, GA", "sentiment": "neutral", "time": "Thu Nov 24 02:05:49 +0000 2016"}
{"polarity": 0.0, "location": "Boston, MA", "sentiment": "neutral", "time": "Thu Nov 24 02:11:00 +0000 2016"}
{"polarity": 0.125, "location": "San Diego, CA", "sentiment": "positive", "time": "Thu Nov 24 02:11:03 +0000 2016"}
{"polarity": 0.0, "location": "Portland, OR", "sentiment": "neutral", "time": "Thu Nov 24 02:11:19 +0000 2016"}
{"polarity": 0.7, "location": "Boston, MA", "sentiment": "positive", "time": "Thu Nov 24 02:11:31 +0000 2016"}
{"polarity": 0.25, "location": "Portland, OR", "sentiment": "positive", "time": "Thu Nov 24 02:11:36 +0000 2016"}
{"polarity": 0.0, "location": "Atlanta, GA", "sentiment": "neutral", "time": "Thu Nov 24 02:11:41 +0000 2016"}
{"polarity": 0.0, "location": "New York, NY", "sentiment": "neutral", "time": "Thu Nov 24 02:11:54 +0000 2016"}
{"polarity": 0.0, "location": "New York, NY", "sentiment": "neutral", "time": "Thu Nov 24 02:56:06 +0000 2016"}
{"polarity": 0.8, "location": "Seattle, WA", "sentiment": "positive", "time": "Thu Nov 24 02:56:17 +0000 2016"}
{"polarity": 0.0, "location": "New York, NY", "sentiment": "neutral", "time": "Thu Nov 24 02:56:19 +0000 2016"}
{"polarity": -0.03333333333333333, "location": "Atlanta, GA", "sentiment": "negative", "time": "Thu Nov 24 02:56:21 +0000 2016"}
{"polarity": 0.0, "location": "Atlanta, GA", "sentiment": "neutral", "time": "Thu Nov 24 02:56:22 +0000 2016"}
{"polarity": 0.0, "location": "New York, NY", "sentiment": "neutral", "time": "Thu Nov 24 02:56:25 +0000 2016"}
{"polarity": 0.3539393939393939, "location": "Boston, MA", "sentiment": "positive", "time": "Thu Nov 24 02:56:32 +0000 2016"}
{"polarity": 1.0, "location": "Seattle, WA", "sentiment": "positive", "time": "Thu Nov 24 02:56:38 +0000 2016"}
{"polarity": 0.30000000000000004, "location": "St. Louis, MO", "sentiment": "positive", "time": "Thu Nov 24 02:56:39 +0000 2016"}
{"polarity": 0.0, "location": "Orlando, FL", "sentiment": "neutral", "time": "Thu Nov 24 02:56:43 +0000 2016"}
{"polarity": 0.042857142857142844, "location": "New York, NY", "sentiment": "positive", "time": "Thu Nov 24 02:56:49 +0000 2016"}
{"polarity": 0.0, "location": "New York, NY", "sentiment": "neutral", "time": "Thu Nov 24 02:47:18 +0000 2016"}
{"polarity": 0.19285714285714284, "location": "New York, NY", "sentiment": "positive", "time": "Thu Nov 24 02:47:37 +0000 2016"}
{"polarity": 0.35833333333333334, "location": "Phoenix, AZ", "sentiment": "positive", "time": "Thu Nov 24 02:47:39 +0000 2016"}
{"polarity": 0.0, "location": "Seattle, WA", "sentiment": "neutral", "time": "Thu Nov 24 02:47:45 +0000 2016"}
{"polarity": -0.3333333333333333, "location": "San Diego, CA", "sentiment": "negative", "time": "Thu Nov 24 02:47:57 +0000 2016"}
{"polarity": 0.08437499999999998, "location": "Orlando, FL", "sentiment": "positive", "time": "Thu Nov 24 02:52:33 +0000 2016"}
{"polarity": 0.5, "location": "Orlando, FL", "sentiment": "positive", "time": "Thu Nov 24 02:52:40 +0000 2016"}
{"polarity": 0.25, "location": "New York, NY", "sentiment": "positive", "time": "Thu Nov 24 02:52:41 +0000 2016"}
{"polarity": 1.0, "location": "Boston, MA", "sentiment": "positive", "time": "Thu Nov 24 02:52:50 +0000 2016"}
{"polarity": 0.0, "location": "New York, NY", "sentiment": "neutral", "time": "Thu Nov 24 02:53:04 +0000 2016"}
{"polarity": 0.25, "location": "Portland, OR", "sentiment": "positive", "time": "Thu Nov 24 02:53:07 +0000 2016"}
{"polarity": 0.0, "location": "Atlanta, GA", "sentiment": "neutral", "time": "Thu Nov 24 02:53:09 +0000 2016"}
{"polarity": 0.625, "location": "Atlanta, GA", "sentiment": "positive", "time": "Thu Nov 24 02:53:14 +0000 2016"}
{"polarity": 0.25, "location": "Portland, OR", "sentiment": "positive", "time": "Thu Nov 24 02:53:22 +0000 2016"}
{"polarity": 0.0, "location": "New York, NY", "sentiment": "neutral", "time": "Thu Nov 24 02:53:23 +0000 2016"}
{"polarity": 0.0, "location": "Atlanta, GA", "sentiment": "neutral", "time": "Thu Nov 24 02:53:24 +0000 2016"}
{"polarity": 0.1, "location": "Seattle, WA", "sentiment": "positive", "time": "Thu Nov 24 02:53:25 +0000 2016"}
{"polarity": 0.0, "location": "Seattle, WA", "sentiment": "neutral", "time": "Thu Nov 24 02:53:26 +0000 2016"}
{"polarity": 0.0, "location": "Atlanta, GA", "sentiment": "neutral", "time": "Thu Nov 24 02:53:27 +0000 2016"}
{"polarity": 0.0, "location": "Atlanta, GA", "sentiment": "neutral", "time": "Thu Nov 24 02:53:29 +0000 2016"}
{"polarity": -0.25000000000000006, "location": "Phoenix, AZ", "sentiment": "negative", "time": "Thu Nov 24 02:02:08 +0000 2016"}
{"polarity": 0.5, "location": "New York, NY", "sentiment": "positive", "time": "Thu Nov 24 02:02:19 +0000 2016"}
{"polarity": 0.0, "location": "New York, NY", "sentiment": "neutral", "time": "Thu Nov 24 02:02:26 +0000 2016"}
{"polarity": 0.0, "location": "Orlando, FL", "sentiment": "neutral", "time": "Thu Nov 24 02:02:34 +0000 2016"}
{"polarity": 0.0, "location": "Seattle, WA", "sentiment": "neutral", "time": "Thu Nov 24 02:02:42 +0000 2016"}
{"polarity": 0.15000000000000002, "location": "New York, NY", "sentiment": "positive", "time": "Thu Nov 24 02:02:49 +0000 2016"}
{"polarity": 0.13636363636363635, "location": "Phoenix, AZ", "sentiment": "positive", "time": "Thu Nov 24 02:02:50 +0000 2016"}
{"polarity": 0.0, "location": "Seattle, WA", "sentiment": "neutral", "time": "Thu Nov 24 02:02:55 +0000 2016"}
{"polarity": 0.0, "location": "Atlanta, GA", "sentiment": "neutral", "time": "Thu Nov 24 02:02:58 +0000 2016"}
{"polarity": 0.0, "location": "New York, NY", "sentiment": "neutral", "time": "Thu Nov 24 02:48:02 +0000 2016"}
{"polarity": 0.0, "location": "Atlanta, GA", "sentiment": "neutral", "time": "Thu Nov 24 02:48:02 +0000 2016"}
{"polarity": 0.15000000000000002, "location": "Seattle, WA", "sentiment": "positive", "time": "Thu Nov 24 02:48:03 +0000 2016"}
{"polarity": 0.0, "location": "Boston, MA", "sentiment": "neutral", "time": "Thu Nov 24 02:48:02 +0000 2016"}
{"polarity": 0.5, "location": "Phoenix, AZ", "sentiment": "positive", "time": "Thu Nov 24 02:48:07 +0000 2016"}
{"polarity": 0.0, "location": "Atlanta, GA", "sentiment": "neutral", "time": "Thu Nov 24 02:48:09 +0000 2016"}
{"polarity": 0.0, "location": "New York, NY", "sentiment": "neutral", "time": "Thu Nov 24 02:48:09 +0000 2016"}
{"polarity": 0.0, "location": "New York, NY", "sentiment": "neutral", "time": "Thu Nov 24 02:48:15 +0000 2016"}
{"polarity": 0.18611111111111112, "location": "New York, NY", "sentiment": "positive", "time": "Thu Nov 24 02:48:25 +0000 2016"}
{"polarity": 0.0, "location": "Phoenix, AZ", "sentiment": "neutral", "time": "Thu Nov 24 02:48:39 +0000 2016"}
{"polarity": 0.5, "location": "New York, NY", "sentiment": "positive", "time": "Thu Nov 24 02:48:40 +0000 2016"}
{"polarity": 0.0, "location": "San Diego, CA", "sentiment": "neutral", "time": "Thu Nov 24 02:48:41 +0000 2016"}
{"polarity": 0.5, "location": "New York, NY", "sentiment": "positive", "time": "Thu Nov 24 02:48:43 +0000 2016"}
{"polarity": 0.0, "location": "Portland, OR", "sentiment": "neutral", "time": "Thu Nov 24 02:48:44 +0000 2016"}
{"polarity": 0.0, "location": "Atlanta, GA", "sentiment": "neutral", "time": "Thu Nov 24 02:48:45 +0000 2016"}
{"polarity": 0.4, "location": "Atlanta, GA", "sentiment": "positive", "time": "Thu Nov 24 02:48:55 +0000 2016"}
{"polarity": 0.5, "location": "Phoenix, AZ", "sentiment": "positive", "time": "Thu Nov 24 02:25:01 +0000 2016"}
{"polarity": 0.03, "location": "New York, NY", "sentiment": "positive", "time": "Thu Nov 24 02:25:06 +0000 2016"}
{"polarity": 0.6, "location": "Portland, OR", "sentiment": "positive", "time": "Thu Nov 24 02:25:23 +0000 2016"}
{"polarity": 0.1, "location": "Atlanta, GA", "sentiment": "positive", "time": "Thu Nov 24 02:25:24 +0000 2016"}
{"polarity": 0.0, "location": "Boston, MA", "sentiment": "neutral", "time": "Thu Nov 24 02:25:25 +0000 2016"}
{"polarity": 0.0, "location": "New York, NY", "sentiment": "neutral", "time": "Thu Nov 24 02:25:28 +0000 2016"}
{"polarity": 0.0, "location": "New York, NY", "sentiment": "neutral", "time": "Thu Nov 24 02:25:30 +0000 2016"}
{"polarity": 0.5, "location": "Seattle, WA", "sentiment": "positive", "time": "Thu Nov 24 02:25:31 +0000 2016"}
{"polarity": -0.234375, "location": "Portland, OR", "sentiment": "negative", "time": "Thu Nov 24 02:25:31 +0000 2016"}
{"polarity": -0.8, "location": "Boston, MA", "sentiment": "negative", "time": "Thu Nov 24 02:25:32 +0000 2016"}
{"polarity": 0.0, "location": "Atlanta, GA", "sentiment": "neutral", "time": "Thu Nov 24 02:25:34 +0000 2016"}
{"polarity": 0.0, "location": "New York, NY", "sentiment": "neutral", "time": "Thu Nov 24 02:25:41 +0000 2016"}
{"polarity": 0.0, "location": "Boston, MA", "sentiment": "neutral", "time": "Thu Nov 24 02:25:50 +0000 2016"}
{"polarity": 0.325, "location": "Atlanta, GA", "sentiment": "positive", "time": "Thu Nov 24 02:25:53 +0000 2016"}
{"polarity": 0.8, "location": "Seattle, WA", "sentiment": "positive", "time": "Thu Nov 24 02:16:01 +0000 2016"}
{"polarity": -0.75, "location": "New York, NY", "sentiment": "negative", "time": "Thu Nov 24 02:16:04 +0000 2016"}
{"polarity": 0.37777777777777777, "location": "Phoenix, AZ", "sentiment": "positive", "time": "Thu Nov 24 02:16:05 +0000 2016"}
{"polarity": 0.0, "location": "Orlando, FL", "sentiment": "neutral", "time": "Thu Nov 24 02:16:08 +0000 2016"}
{"polarity": 0.0, "location": "Seattle, WA", "sentiment": "neutral", "time": "Thu Nov 24 02:16:08 +0000 2016"}
{"polarity": 0.0, "location": "Orlando, FL", "sentiment": "neutral", "time": "Thu Nov 24 02:16:16 +0000 2016"}
{"polarity": 0.3, "location": "New York, NY", "sentiment": "positive", "time": "Thu Nov 24 02:16:17 +0000 2016"}
{"polarity": -0.4, "location": "Boston, MA", "sentiment": "negative", "time": "Thu Nov 24 02:16:20 +0000 2016"}
{"polarity": 0.4000000000000001, "location": "Boston, MA", "sentiment": "positive", "time": "Thu Nov 24 02:16:20 +0000 2016"}
{"polarity": 0.125, "location": "New York, NY", "sentiment": "positive", "time": "Thu Nov 24 02:16:28 +0000 2016"}
{"polarity": 0.8, "location": "Phoenix, AZ", "sentiment": "positive", "time": "Thu Nov 24 02:16:28 +0000 2016"}
{"polarity": 0.0, "location": "Seattle, WA", "sentiment": "neutral", "time": "Thu Nov 24 02:16:31 +0000 2016"}
{"polarity": 0.0, "location": "Boston, MA", "sentiment": "neutral", "time": "Thu Nov 24 02:16:34 +0000 2016"}
{"polarity": 0.4928571428571428, "location": "Phoenix, AZ", "sentiment": "positive", "time": "Thu Nov 24 02:16:47 +0000 2016"}
{"polarity": 0.13, "location": "Seattle, WA", "sentiment": "positive", "time": "Thu Nov 24 02:16:47 +0000 2016"}
{"polarity": 0.0, "location": "New York, NY", "sentiment": "neutral", "time": "Thu Nov 24 02:14:06 +0000 2016"}
{"polarity": 0.5, "location": "New York, NY", "sentiment": "positive", "time": "Thu Nov 24 02:14:13 +0000 2016"}
{"polarity": 0.0, "location": "Atlanta, GA", "sentiment": "neutral", "time": "Thu Nov 24 02:14:22 +0000 2016"}
{"polarity": 0.25, "location": "New York, NY", "sentiment": "positive", "time": "Thu Nov 24 02:14:23 +0000 2016"}
{"polarity": 0.5, "location": "New York, NY", "sentiment": "positive", "time": "Thu Nov 24 02:14:27 +0000 2016"}
{"polarity": 0.6, "location": "New York, NY", "sentiment": "positive", "time": "Thu Nov 24 02:14:28 +0000 2016"}
{"polarity": 1.0, "location": "New York, NY", "sentiment": "positive", "time": "Thu Nov 24 02:14:30 +0000 2016"}
{"polarity": 0.0, "location": "Seattle, WA", "sentiment": "neutral", "time": "Thu Nov 24 02:14:31 +0000 2016"}
{"polarity": 0.4, "location": "Boston, MA", "sentiment": "positive", "time": "Thu Nov 24 02:14:36 +0000 2016"}
{"polarity": 0.1, "location": "San Diego, CA", "sentiment": "positive", "time": "Thu Nov 24 02:14:48 +0000 2016"}
{"polarity": 0.0, "location": "New York, NY", "sentiment": "neutral", "time": "Thu Nov 24 02:14:52 +0000 2016"}
{"polarity": 0.0, "location": "Atlanta, GA", "sentiment": "neutral", "time": "Thu Nov 24 02:14:55 +0000 2016"}
{"polarity": 0.0, "location": "Atlanta, GA", "sentiment": "neutral", "time": "Thu Nov 24 02:23:01 +0000 2016"}
{"polarity": 0.0, "location": "San Diego, CA", "sentiment": "neutral", "time": "Thu Nov 24 02:23:14 +0000 2016"}
{"polarity": 0.0, "location": "Orlando, FL", "sentiment": "neutral", "time": "Thu Nov 24 02:23:18 +0000 2016"}
{"polarity": 0.0, "location": "Phoenix, AZ", "sentiment": "neutral", "time": "Thu Nov 24 02:23:24 +0000 2016"}
{"polarity": 0.0, "location": "Atlanta, GA", "sentiment": "neutral", "time": "Thu Nov 24 02:23:24 +0000 2016"}
{"polarity": 0.255, "location": "St. Louis, MO", "sentiment": "positive", "time": "Thu Nov 24 02:23:27 +0000 2016"}
{"polarity": 0.0, "location": "Atlanta, GA", "sentiment": "neutral", "time": "Thu Nov 24 02:23:29 +0000 2016"}
{"polarity": 0.0, "location": "Seattle, WA", "sentiment": "neutral", "time": "Thu Nov 24 02:23:49 +0000 2016"}
{"polarity": 0.0, "location": "Portland, OR", "sentiment": "neutral", "time": "Thu Nov 24 02:23:50 +0000 2016"}
{"polarity": 5.551115123125783e-17, "location": "Seattle, WA", "sentiment": "positive", "time": "Thu Nov 24 02:23:58 +0000 2016"}
{"polarity": 0.3833333333333333, "location": "New York, NY", "sentiment": "positive", "time": "Thu Nov 24 02:23:59 +0000 2016"}
{"polarity": 0.8, "location": "New York, NY", "sentiment": "positive", "time": "Thu Nov 24 02:07:10 +0000 2016"}
{"polarity": 0.2, "location": "Seattle, WA", "sentiment": "positive", "time": "Thu Nov 24 02:07:20 +0000 2016"}
{"polarity": 0.0, "location": "Atlanta, GA", "sentiment": "neutral", "time": "Thu Nov 24 02:07:22 +0000 2016"}
{"polarity": 0.3539393939393939, "location": "Phoenix, AZ", "sentiment": "positive", "time": "Thu Nov 24 02:07:24 +0000 2016"}
{"polarity": 0.0, "location": "Seattle, WA", "sentiment": "neutral", "time": "Thu Nov 24 02:07:30 +0000 2016"}
{"polarity": 0.0, "location": "New York, NY", "sentiment": "neutral", "time": "Thu Nov 24 02:07:31 +0000 2016"}
{"polarity": 0.0, "location": "Orlando, FL", "sentiment": "neutral", "time": "Thu Nov 24 02:07:41 +0000 2016"}
{"polarity": 0.0, "location": "Seattle, WA", "sentiment": "neutral", "time": "Thu Nov 24 02:07:42 +0000 2016"}
{"polarity": 0.17045454545454544, "location": "Seattle, WA", "sentiment": "positive", "time": "Thu Nov 24 02:07:45 +0000 2016"}
{"polarity": 0.2, "location": "Portland, OR", "sentiment": "positive", "time": "Thu Nov 24 02:07:54 +0000 2016"}
{"polarity": 0.0, "location": "San Diego, CA", "sentiment": "neutral", "time": "Thu Nov 24 02:51:15 +0000 2016"}
{"polarity": 0.0, "location": "Portland, OR", "sentiment": "neutral", "time": "Thu Nov 24 02:51:25 +0000 2016"}
{"polarity": 0.3, "location": "Atlanta, GA", "sentiment": "positive", "time": "Thu Nov 24 02:51:26 +0000 2016"}
{"polarity": -0.6, "location": "Orlando, FL", "sentiment": "negative", "time": "Thu Nov 24 02:51:35 +0000 2016"}
{"polarity": -0.2, "location": "Boston, MA", "sentiment": "negative", "time": "Thu Nov 24 02:51:50 +0000 2016"}
{"polarity": -0.5, "location": "Atlanta, GA", "sentiment": "negative", "time": "Thu Nov 24 02:51:51 +0000 2016"}
{"polarity": 0.39166666666666666, "location": "St. Louis, MO", "sentiment": "positive", "time": "Thu Nov 24 02:30:01 +0000 2016"}
{"polarity": 0.175, "location": "New York, NY", "sentiment": "positive", "time": "Thu Nov 24 02:30:01 +0000 2016"}
{"polarity": 0.0, "location": "Seattle, WA", "sentiment": "neutral", "time": "Thu Nov 24 02:30:11 +0000 2016"}
{"polarity": 0.3666666666666667, "location": "Orlando, FL", "sentiment": "positive", "time": "Thu Nov 24 02:30:25 +0000 2016"}
{"polarity": 0.0, "location": "Boston, MA", "sentiment": "neutral", "time": "Thu Nov 24 02:30:41 +0000 2016"}
{"polarity": 0.0, "location": "Seattle, WA", "sentiment": "neutral", "time": "Thu Nov 24 02:30:54 +0000 2016"}
{"polarity": 0.0, "location": "Atlanta, GA", "sentiment": "neutral", "time": "Thu Nov 24 02:03:02 +0000 2016"}
{"polarity": 1.0, "location": "Orlando, FL", "sentiment": "positive", "time": "Thu Nov 24 02:03:05 +0000 2016"}
{"polarity": 0.0, "location": "Orlando, FL", "sentiment": "neutral", "time": "Thu Nov 24 02:03:06 +0000 2016"}
{"polarity": 0.4, "location": "Atlanta, GA", "sentiment": "positive", "time": "Thu Nov 24 02:03:18 +0000 2016"}
{"polarity": 0.0, "location": "San Diego, CA", "sentiment": "neutral", "time": "Thu Nov 24 02:03:27 +0000 2016"}
{"polarity": 0.6, "location": "New York, NY", "sentiment": "positive", "time": "Thu Nov 24 02:03:40 +0000 2016"}
{"polarity": 0.0, "location": "Boston, MA", "sentiment": "neutral", "time": "Thu Nov 24 02:03:58 +0000 2016"}
{"polarity": 0.0, "location": "Seattle, WA", "sentiment": "neutral", "time": "Thu Nov 24 02:40:00 +0000 2016"}
{"polarity": -0.04, "location": "Portland, OR", "sentiment": "negative", "time": "Thu Nov 24 02:40:00 +0000 2016"}
{"polarity": 0.55, "location": "Atlanta, GA", "sentiment": "positive", "time": "Thu Nov 24 02:40:04 +0000 2016"}
{"polarity": 0.0, "location": "New York, NY", "sentiment": "neutral", "time": "Thu Nov 24 02:40:05 +0000 2016"}
{"polarity": 0.25, "location": "New York, NY", "sentiment": "positive", "time": "Thu Nov 24 02:40:06 +0000 2016"}
{"polarity": 0.0, "location": "Seattle, WA", "sentiment": "neutral", "time": "Thu Nov 24 02:40:09 +0000 2016"}
{"polarity": 0.0, "location": "New York, NY", "sentiment": "neutral", "time": "Thu Nov 24 02:40:16 +0000 2016"}
{"polarity": 0.2857142857142857, "location": "Atlanta, GA", "sentiment": "positive", "time": "Thu Nov 24 02:40:30 +0000 2016"}
{"polarity": 0.0, "location": "Seattle, WA", "sentiment": "neutral", "time": "Thu Nov 24 02:40:31 +0000 2016"}
{"polarity": 0.05208333333333333, "location": "Atlanta, GA", "sentiment": "positive", "time": "Thu Nov 24 02:40:32 +0000 2016"}
{"polarity": 0.4, "location": "Orlando, FL", "sentiment": "positive", "time": "Thu Nov 24 02:40:38 +0000 2016"}
{"polarity": 0.13636363636363635, "location": "New York, NY", "sentiment": "positive", "time": "Thu Nov 24 02:40:39 +0000 2016"}
{"polarity": 0.024999999999999994, "location": "Orlando, FL", "sentiment": "positive", "time": "Thu Nov 24 02:40:44 +0000 2016"}
{"polarity": 0.5, "location": "Boston, MA", "sentiment": "positive", "time": "Thu Nov 24 02:40:45 +0000 2016"}
{"polarity": 0.0, "location": "Orlando, FL", "sentiment": "neutral", "time": "Thu Nov 24 02:40:45 +0000 2016"}
{"polarity": 0.0, "location": "Atlanta, GA", "sentiment": "neutral", "time": "Thu Nov 24 02:40:50 +0000 2016"}
{"polarity": 0.0, "location": "Atlanta, GA", "sentiment": "neutral", "time": "Thu Nov 24 02:40:55 +0000 2016"}
{"polarity": 0.0, "location": "Portland, OR", "sentiment": "neutral", "time": "Thu Nov 24 02:08:00 +0000 2016"}
{"polarity": 0.0, "location": "Atlanta, GA", "sentiment": "neutral", "time": "Thu Nov 24 02:08:08 +0000 2016"}
{"polarity": 0.0, "location": "Orlando, FL", "sentiment": "neutral", "time": "Thu Nov 24 02:08:19 +0000 2016"}
{"polarity": 0.5, "location": "Seattle, WA", "sentiment": "positive", "time": "Thu Nov 24 02:08:24 +0000 2016"}
{"polarity": 0.05000000000000002, "location": "San Diego, CA", "sentiment": "positive", "time": "Thu Nov 24 02:08:27 +0000 2016"}
{"polarity": 0.8125, "location": "Atlanta, GA", "sentiment": "positive", "time": "Thu Nov 24 02:08:30 +0000 2016"}
{"polarity": -0.25, "location": "Phoenix, AZ", "sentiment": "negative", "time": "Thu Nov 24 02:08:38 +0000 2016"}
{"polarity": -0.2, "location": "Atlanta, GA", "sentiment": "negative", "time": "Thu Nov 24 02:08:47 +0000 2016"}
{"polarity": 0.0, "location": "San Diego, CA", "sentiment": "neutral", "time": "Thu Nov 24 02:08:50 +0000 2016"}
{"polarity": 0.0, "location": "Phoenix, AZ", "sentiment": "neutral", "time": "Thu Nov 24 02:35:11 +0000 2016"}
{"polarity": 0.3125, "location": "Phoenix, AZ", "sentiment": "positive", "time": "Thu Nov 24 02:35:16 +0000 2016"}
{"polarity": 0.0, "location": "New York, NY", "sentiment": "neutral", "time": "Thu Nov 24 02:35:24 +0000 2016"}
{"polarity": 0.0, "location": "Seattle, WA", "sentiment": "neutral", "time": "Thu Nov 24 02:35:36 +0000 2016"}
{"polarity": 0.39999999999999997, "location": "Atlanta, GA", "sentiment": "positive", "time": "Thu Nov 24 02:35:39 +0000 2016"}
{"polarity": 0.2833333333333333, "location": "Atlanta, GA", "sentiment": "positive", "time": "Thu Nov 24 02:43:03 +0000 2016"}
{"polarity": 0.17045454545454544, "location": "Atlanta, GA", "sentiment": "positive", "time": "Thu Nov 24 02:43:10 +0000 2016"}
{"polarity": 0.2, "location": "Orlando, FL", "sentiment": "positive", "time": "Thu Nov 24 02:43:12 +0000 2016"}
{"polarity": -0.4, "location": "New York, NY", "sentiment": "negative", "time": "Thu Nov 24 02:43:17 +0000 2016"}
{"polarity": 0.125, "location": "Phoenix, AZ", "sentiment": "positive", "time": "Thu Nov 24 02:43:31 +0000 2016"}
{"polarity": 0.8, "location": "Atlanta, GA", "sentiment": "positive", "time": "Thu Nov 24 02:43:35 +0000 2016"}
{"polarity": 0.8, "location": "New York, NY", "sentiment": "positive", "time": "Thu Nov 24 02:43:37 +0000 2016"}
{"polarity": 0.2, "location": "Atlanta, GA", "sentiment": "positive", "time": "Thu Nov 24 02:43:38 +0000 2016"}
{"polarity": 0.3539393939393939, "location": "Phoenix, AZ", "sentiment": "positive", "time": "Thu Nov 24 02:43:48 +0000 2016"}
{"polarity": 0.041666666666666664, "location": "Orlando, FL", "sentiment": "positive", "time": "Thu Nov 24 02:43:48 +0000 2016"}
{"polarity": 0.3539393939393939, "location": "Phoenix, AZ", "sentiment": "positive", "time": "Thu Nov 24 02:43:49 +0000 2016"}
{"polarity": 0.0, "location": "Orlando, FL", "sentiment": "neutral", "time": "Thu Nov 24 02:10:10 +0000 2016"}
{"polarity": 0.16, "location": "San Diego, CA", "sentiment": "positive", "time": "Thu Nov 24 02:10:12 +0000 2016"}
{"polarity": 0.0, "location": "Portland, OR", "sentiment": "neutral", "time": "Thu Nov 24 02:10:31 +0000 2016"}
{"polarity": 0.0, "location": "Atlanta, GA", "sentiment": "neutral", "time": "Thu Nov 24 02:10:39 +0000 2016"}
{"polarity": 0.0, "location": "Seattle, WA", "sentiment": "neutral", "time": "Thu Nov 24 02:10:48 +0000 2016"}
{"polarity": 0.0, "location": "New York, NY", "sentiment": "neutral", "time": "Thu Nov 24 02:10:54 +0000 2016"}
{"polarity": 0.0, "location": "Atlanta, GA", "sentiment": "neutral", "time": "Thu Nov 24 02:10:56 +0000 2016"}
{"polarity": 0.13636363636363635, "location": "Portland, OR", "sentiment": "positive", "time": "Thu Nov 24 02:54:01 +0000 2016"}
{"polarity": -0.35714285714285715, "location": "Boston, MA", "sentiment": "negative", "time": "Thu Nov 24 02:54:15 +0000 2016"}
{"polarity": 0.0, "location": "New York, NY", "sentiment": "neutral", "time": "Thu Nov 24 02:54:16 +0000 2016"}
{"polarity": 0.25, "location": "Boston, MA", "sentiment": "positive", "time": "Thu Nov 24 02:54:25 +0000 2016"}
{"polarity": 0.0, "location": "Seattle, WA", "sentiment": "neutral", "time": "Thu Nov 24 02:54:42 +0000 2016"}
{"polarity": 0.1, "location": "Atlanta, GA", "sentiment": "positive", "time": "Thu Nov 24 02:54:56 +0000 2016"}
{"polarity": 0.4, "location": "San Diego, CA", "sentiment": "positive", "time": "Thu Nov 24 02:24:00 +0000 2016"}
{"polarity": 0.0, "location": "Portland, OR", "sentiment": "neutral", "time": "Thu Nov 24 02:24:03 +0000 2016"}
{"polarity": 0.0, "location": "New York, NY", "sentiment": "neutral", "time": "Thu Nov 24 02:24:04 +0000 2016"}
{"polarity": 0.0, "location": "Seattle, WA", "sentiment": "neutral", "time": "Thu Nov 24 02:24:10 +0000 2016"}
{"polarity": 0.0, "location": "San Diego, CA", "sentiment": "neutral", "time": "Thu Nov 24 02:24:11 +0000 2016"}
{"polarity": 0.2, "location": "New York, NY", "sentiment": "positive", "time": "Thu Nov 24 02:24:16 +0000 2016"}
{"polarity": 0.0, "location": "Boston, MA", "sentiment": "neutral", "time": "Thu Nov 24 02:24:18 +0000 2016"}
{"polarity": 0.0, "location": "Atlanta, GA", "sentiment": "neutral", "time": "Thu Nov 24 02:24:21 +0000 2016"}
{"polarity": 0.2, "location": "Kansas City, KS", "sentiment": "positive", "time": "Thu Nov 24 02:24:32 +0000 2016"}
{"polarity": 0.5, "location": "Atlanta, GA", "sentiment": "positive", "time": "Thu Nov 24 02:24:33 +0000 2016"}
{"polarity": 0.0, "location": "Atlanta, GA", "sentiment": "neutral", "time": "Thu Nov 24 02:24:39 +0000 2016"}
{"polarity": 0.0, "location": "St. Louis, MO", "sentiment": "neutral", "time": "Thu Nov 24 02:24:51 +0000 2016"}
{"polarity": 0.0, "location": "Orlando, FL", "sentiment": "neutral", "time": "Thu Nov 24 02:24:56 +0000 2016"}
{"polarity": 0.0, "location": "Seattle, WA", "sentiment": "neutral", "time": "Thu Nov 24 02:32:00 +0000 2016"}
{"polarity": 0.15625, "location": "Orlando, FL", "sentiment": "positive", "time": "Thu Nov 24 02:32:04 +0000 2016"}
{"polarity": 0.13636363636363635, "location": "Seattle, WA", "sentiment": "positive", "time": "Thu Nov 24 02:32:08 +0000 2016"}
{"polarity": 0.5, "location": "Portland, OR", "sentiment": "positive", "time": "Thu Nov 24 02:32:10 +0000 2016"}
{"polarity": 0.5, "location": "Phoenix, AZ", "sentiment": "positive", "time": "Thu Nov 24 02:32:13 +0000 2016"}
{"polarity": -0.6, "location": "Atlanta, GA", "sentiment": "negative", "time": "Thu Nov 24 02:32:22 +0000 2016"}
{"polarity": 0.5, "location": "Portland, OR", "sentiment": "positive", "time": "Thu Nov 24 02:32:29 +0000 2016"}
{"polarity": -0.5833333333333334, "location": "Portland, OR", "sentiment": "negative", "time": "Thu Nov 24 02:32:31 +0000 2016"}
{"polarity": 0.25, "location": "Atlanta, GA", "sentiment": "positive", "time": "Thu Nov 24 02:32:40 +0000 2016"}
{"polarity": 0.5, "location": "New York, NY", "sentiment": "positive", "time": "Thu Nov 24 02:32:44 +0000 2016"}
{"polarity": 0.0, "location": "Boston, MA", "sentiment": "neutral", "time": "Thu Nov 24 02:32:50 +0000 2016"}
{"polarity": 0.0, "location": "Seattle, WA", "sentiment": "neutral", "time": "Thu Nov 24 02:32:51 +0000 2016"}
{"polarity": -0.5, "location": "Boston, MA", "sentiment": "negative", "time": "Thu Nov 24 02:32:56 +0000 2016"}
{"polarity": 0.0, "location": "San Diego, CA", "sentiment": "neutral", "time": "Thu Nov 24 02:32:57 +0000 2016"}
{"polarity": -0.4, "location": "Atlanta, GA", "sentiment": "negative", "time": "Thu Nov 24 02:36:00 +0000 2016"}
{"polarity": 0.0, "location": "New York, NY", "sentiment": "neutral", "time": "Thu Nov 24 02:36:02 +0000 2016"}
{"polarity": 0.0, "location": "New York, NY", "sentiment": "neutral", "time": "Thu Nov 24 02:36:11 +0000 2016"}
{"polarity": 0.0, "location": "Atlanta, GA", "sentiment": "neutral", "time": "Thu Nov 24 02:36:12 +0000 2016"}
{"polarity": 0.0, "location": "Portland, OR", "sentiment": "neutral", "time": "Thu Nov 24 02:36:15 +0000 2016"}
{"polarity": 0.0, "location": "New York, NY", "sentiment": "neutral", "time": "Thu Nov 24 02:36:18 +0000 2016"}
{"polarity": 0.0, "location": "San Diego, CA", "sentiment": "neutral", "time": "Thu Nov 24 02:36:19 +0000 2016"}
{"polarity": 0.0, "location": "Boston, MA", "sentiment": "neutral", "time": "Thu Nov 24 02:36:19 +0000 2016"}
{"polarity": 0.0, "location": "San Diego, CA", "sentiment": "neutral", "time": "Thu Nov 24 02:36:20 +0000 2016"}
{"polarity": 0.0, "location": "Atlanta, GA", "sentiment": "neutral", "time": "Thu Nov 24 02:36:25 +0000 2016"}
{"polarity": -0.39999999999999997, "location": "Boston, MA", "sentiment": "negative", "time": "Thu Nov 24 02:36:29 +0000 2016"}
{"polarity": 0.5, "location": "Boston, MA", "sentiment": "positive", "time": "Thu Nov 24 02:36:30 +0000 2016"}
{"polarity": -0.17857142857142858, "location": "Portland, OR", "sentiment": "negative", "time": "Thu Nov 24 02:36:33 +0000 2016"}
{"polarity": -0.2, "location": "Phoenix, AZ", "sentiment": "negative", "time": "Thu Nov 24 02:36:35 +0000 2016"}
{"polarity": 0.0, "location": "Atlanta, GA", "sentiment": "neutral", "time": "Thu Nov 24 02:36:36 +0000 2016"}
{"polarity": 0.0, "location": "Portland, OR", "sentiment": "neutral", "time": "Thu Nov 24 02:36:42 +0000 2016"}
{"polarity": 0.009523809523809526, "location": "Phoenix, AZ", "sentiment": "positive", "time": "Thu Nov 24 02:01:04 +0000 2016"}
{"polarity": 0.0, "location": "San Diego, CA", "sentiment": "neutral", "time": "Thu Nov 24 02:01:13 +0000 2016"}
{"polarity": 0.0, "location": "Atlanta, GA", "sentiment": "neutral", "time": "Thu Nov 24 02:01:18 +0000 2016"}
{"polarity": 0.0, "location": "Boston, MA", "sentiment": "neutral", "time": "Thu Nov 24 02:01:21 +0000 2016"}
{"polarity": 0.13636363636363635, "location": "St. Louis, MO", "sentiment": "positive", "time": "Thu Nov 24 02:01:24 +0000 2016"}
{"polarity": 0.75, "location": "Boston, MA", "sentiment": "positive", "time": "Thu Nov 24 02:01:27 +0000 2016"}
{"polarity": -0.46388888888888885, "location": "Phoenix, AZ", "sentiment": "negative", "time": "Thu Nov 24 02:01:35 +0000 2016"}
{"polarity": 0.0, "location": "Seattle, WA", "sentiment": "neutral", "time": "Thu Nov 24 02:01:37 +0000 2016"}
{"polarity": 0.0, "location": "Seattle, WA", "sentiment": "neutral", "time": "Thu Nov 24 02:01:49 +0000 2016"}
{"polarity": 0.0, "location": "Boston, MA", "sentiment": "neutral", "time": "Thu Nov 24 02:01:50 +0000 2016"}
{"polarity": 0.0, "location": "New York, NY", "sentiment": "neutral", "time": "Thu Nov 24 02:01:50 +0000 2016"}
{"polarity": 0.0, "location": "St. Louis, MO", "sentiment": "neutral", "time": "Thu Nov 24 02:01:50 +0000 2016"}
{"polarity": -0.03333333333333335, "location": "Atlanta, GA", "sentiment": "negative", "time": "Thu Nov 24 02:01:53 +0000 2016"}
{"polarity": 0.0, "location": "Portland, OR", "sentiment": "neutral", "time": "Thu Nov 24 02:55:01 +0000 2016"}
{"polarity": 0.21666666666666667, "location": "Seattle, WA", "sentiment": "positive", "time": "Thu Nov 24 02:55:01 +0000 2016"}
{"polarity": 0.3625, "location": "New York, NY", "sentiment": "positive", "time": "Thu Nov 24 02:55:03 +0000 2016"}
{"polarity": 0.0, "location": "Boston, MA", "sentiment": "neutral", "time": "Thu Nov 24 02:55:04 +0000 2016"}
{"polarity": 0.0, "location": "Boston, MA", "sentiment": "neutral", "time": "Thu Nov 24 02:55:04 +0000 2016"}
{"polarity": 0.1, "location": "Orlando, FL", "sentiment": "positive", "time": "Thu Nov 24 02:55:06 +0000 2016"}
{"polarity": 0.0, "location": "San Diego, CA", "sentiment": "neutral", "time": "Thu Nov 24 02:55:08 +0000 2016"}
{"polarity": 0.10416666666666666, "location": "Atlanta, GA", "sentiment": "positive", "time": "Thu Nov 24 02:55:08 +0000 2016"}
{"polarity": 0.16193181818181818, "location": "Phoenix, AZ", "sentiment": "positive", "time": "Thu Nov 24 02:55:11 +0000 2016"}
{"polarity": 0.0, "location": "New York, NY", "sentiment": "neutral", "time": "Thu Nov 24 02:55:16 +0000 2016"}
{"polarity": -0.29999999999999993, "location": "Boston, MA", "sentiment": "negative", "time": "Thu Nov 24 02:55:26 +0000 2016"}
{"polarity": 0.0, "location": "Boston, MA", "sentiment": "neutral", "time": "Thu Nov 24 02:55:28 +0000 2016"}
{"polarity": 0.0, "location": "Seattle, WA", "sentiment": "neutral", "time": "Thu Nov 24 02:55:50 +0000 2016"}
{"polarity": 0.0, "location": "Phoenix, AZ", "sentiment": "neutral", "time": "Thu Nov 24 02:55:53 +0000 2016"}
{"polarity": 0.375, "location": "Phoenix, AZ", "sentiment": "positive", "time": "Thu Nov 24 02:09:05 +0000 2016"}
{"polarity": 0.4, "location": "Atlanta, GA", "sentiment": "positive", "time": "Thu Nov 24 02:09:09 +0000 2016"}
{"polarity": 0.546875, "location": "Portland, OR", "sentiment": "positive", "time": "Thu Nov 24 02:09:10 +0000 2016"}
{"polarity": 0.10000000000000002, "location": "Boston, MA", "sentiment": "positive", "time": "Thu Nov 24 02:09:12 +0000 2016"}
{"polarity": -0.16249999999999998, "location": "Atlanta, GA", "sentiment": "negative", "time": "Thu Nov 24 02:09:16 +0000 2016"}
{"polarity": 0.0, "location": "Boston, MA", "sentiment": "neutral", "time": "Thu Nov 24 02:09:16 +0000 2016"}
{"polarity": -0.4, "location": "St. Louis, MO", "sentiment": "negative", "time": "Thu Nov 24 02:09:20 +0000 2016"}
{"polarity": 0.0, "location": "Atlanta, GA", "sentiment": "neutral", "time": "Thu Nov 24 02:09:26 +0000 2016"}
{"polarity": -0.12000000000000001, "location": "Phoenix, AZ", "sentiment": "negative", "time": "Thu Nov 24 02:09:32 +0000 2016"}
{"polarity": 0.26, "location": "Boston, MA", "sentiment": "positive", "time": "Thu Nov 24 02:09:33 +0000 2016"}
{"polarity": 0.0, "location": "New York, NY", "sentiment": "neutral", "time": "Thu Nov 24 02:09:37 +0000 2016"}
{"polarity": 0.0, "location": "San Diego, CA", "sentiment": "neutral", "time": "Thu Nov 24 02:09:42 +0000 2016"}
{"polarity": 0.13636363636363635, "location": "Atlanta, GA", "sentiment": "positive", "time": "Thu Nov 24 02:09:51 +0000 2016"}
{"polarity": 0.08333333333333334, "location": "Boston, MA", "sentiment": "positive", "time": "Thu Nov 24 02:09:54 +0000 2016"}
{"polarity": 0.0, "location": "San Diego, CA", "sentiment": "neutral", "time": "Thu Nov 24 02:09:56 +0000 2016"}
{"polarity": 0.5, "location": "Seattle, WA", "sentiment": "positive", "time": "Thu Nov 24 02:33:12 +0000 2016"}
{"polarity": 0.2, "location": "New York, NY", "sentiment": "positive", "time": "Thu Nov 24 02:33:19 +0000 2016"}
{"polarity": 0.0, "location": "Atlanta, GA", "sentiment": "neutral", "time": "Thu Nov 24 02:44:00 +0000 2016"}
{"polarity": 0.0, "location": "Seattle, WA", "sentiment": "neutral", "time": "Thu Nov 24 02:44:21 +0000 2016"}
{"polarity": 0.0, "location": "Atlanta, GA", "sentiment": "neutral", "time": "Thu Nov 24 02:44:23 +0000 2016"}
{"polarity": 0.0, "location": "Phoenix, AZ", "sentiment": "neutral", "time": "Thu Nov 24 02:44:28 +0000 2016"}
{"polarity": 0.0, "location": "Boston, MA", "sentiment": "neutral", "time": "Thu Nov 24 02:44:30 +0000 2016"}
{"polarity": 0.0, "location": "Seattle, WA", "sentiment": "neutral", "time": "Thu Nov 24 02:44:34 +0000 2016"}
{"polarity": 0.0, "location": "Boston, MA", "sentiment": "neutral", "time": "Thu Nov 24 02:44:52 +0000 2016"}
{"polarity": 0.55, "location": "Atlanta, GA", "sentiment": "positive", "time": "Thu Nov 24 02:44:55 +0000 2016"}
{"polarity": 0.0, "location": "Seattle, WA", "sentiment": "neutral", "time": "Thu Nov 24 02:28:03 +0000 2016"}
{"polarity": -0.375, "location": "Portland, OR", "sentiment": "negative", "time": "Thu Nov 24 02:28:09 +0000 2016"}
{"polarity": 0.6, "location": "Atlanta, GA", "sentiment": "positive", "time": "Thu Nov 24 02:28:19 +0000 2016"}
{"polarity": 0.5, "location": "Seattle, WA", "sentiment": "positive", "time": "Thu Nov 24 02:28:23 +0000 2016"}
{"polarity": 0.0, "location": "San Diego, CA", "sentiment": "neutral", "time": "Thu Nov 24 02:28:33 +0000 2016"}
{"polarity": 0.1, "location": "Atlanta, GA", "sentiment": "positive", "time": "Thu Nov 24 02:28:36 +0000 2016"}
{"polarity": 0.34114583333333337, "location": "San Diego, CA", "sentiment": "positive", "time": "Thu Nov 24 02:28:46 +0000 2016"}
{"polarity": 0.0, "location": "New York, NY", "sentiment": "neutral", "time": "Thu Nov 24 02:28:56 +0000 2016"}
{"polarity": 0.0, "location": "Orlando, FL", "sentiment": "neutral", "time": "Thu Nov 24 02:22:01 +0000 2016"}
{"polarity": 0.0, "location": "Boston, MA", "sentiment": "neutral", "time": "Thu Nov 24 02:22:41 +0000 2016"}
{"polarity": 0.0, "location": "Phoenix, AZ", "sentiment": "neutral", "time": "Thu Nov 24 02:22:44 +0000 2016"}
{"polarity": 0.0, "location": "Portland, OR", "sentiment": "neutral", "time": "Thu Nov 24 02:22:55 +0000 2016"}
{"polarity": -0.3, "location": "Seattle, WA", "sentiment": "negative", "time": "Thu Nov 24 02:49:01 +0000 2016"}
{"polarity": 0.0, "location": "St. Louis, MO", "sentiment": "neutral", "time": "Thu Nov 24 02:49:05 +0000 2016"}
{"polarity": 0.375, "location": "San Diego, CA", "sentiment": "positive", "time": "Thu Nov 24 02:49:08 +0000 2016"}
{"polarity": 0.38522727272727275, "location": "San Diego, CA", "sentiment": "positive", "time": "Thu Nov 24 02:49:09 +0000 2016"}
{"polarity": 0.21658380681818182, "location": "Atlanta, GA", "sentiment": "positive", "time": "Thu Nov 24 02:49:14 +0000 2016"}
{"polarity": 0.8, "location": "New York, NY", "sentiment": "positive", "time": "Thu Nov 24 02:49:20 +0000 2016"}
{"polarity": 0.8, "location": "Phoenix, AZ", "sentiment": "positive", "time": "Thu Nov 24 02:49:22 +0000 2016"}
{"polarity": 0.0, "location": "New York, NY", "sentiment": "neutral", "time": "Thu Nov 24 02:49:25 +0000 2016"}
{"polarity": 0.55, "location": "Seattle, WA", "sentiment": "positive", "time": "Thu Nov 24 02:49:43 +0000 2016"}
{"polarity": 0.0, "location": "Orlando, FL", "sentiment": "neutral", "time": "Thu Nov 24 02:49:46 +0000 2016"}
{"polarity": 0.21658380681818182, "location": "Atlanta, GA", "sentiment": "positive", "time": "Thu Nov 24 02:49:47 +0000 2016"}
{"polarity": 0.0, "location": "New York, NY", "sentiment": "neutral", "time": "Thu Nov 24 02:49:49 +0000 2016"}
{"polarity": 0.0, "location": "Orlando, FL", "sentiment": "neutral", "time": "Thu Nov 24 02:45:09 +0000 2016"}
{"polarity": 0.05333333333333334, "location": "Boston, MA", "sentiment": "positive", "time": "Thu Nov 24 02:45:11 +0000 2016"}
{"polarity": 0.16, "location": "Seattle, WA", "sentiment": "positive", "time": "Thu Nov 24 02:45:15 +0000 2016"}
{"polarity": 1.0, "location": "Atlanta, GA", "sentiment": "positive", "time": "Thu Nov 24 02:45:44 +0000 2016"}
{"polarity": 0.4625, "location": "New York, NY", "sentiment": "positive", "time": "Thu Nov 24 02:45:46 +0000 2016"}
{"polarity": 0.0, "location": "Boston, MA", "sentiment": "neutral", "time": "Thu Nov 24 02:45:47 +0000 2016"}
{"polarity": 0.0, "location": "Orlando, FL", "sentiment": "neutral", "time": "Thu Nov 24 02:06:00 +0000 2016"}
{"polarity": 0.4208333333333334, "location": "Atlanta, GA", "sentiment": "positive", "time": "Thu Nov 24 02:06:05 +0000 2016"}
{"polarity": 0.55, "location": "New York, NY", "sentiment": "positive", "time": "Thu Nov 24 02:06:15 +0000 2016"}
{"polarity": 0.0, "location": "New York, NY", "sentiment": "neutral", "time": "Thu Nov 24 02:06:15 +0000 2016"}
{"polarity": 0.0, "location": "Portland, OR", "sentiment": "neutral", "time": "Thu Nov 24 02:06:25 +0000 2016"}
{"polarity": 0.06666666666666667, "location": "Boston, MA", "sentiment": "positive", "time": "Thu Nov 24 02:06:34 +0000 2016"}
{"polarity": 0.15, "location": "Boston, MA", "sentiment": "positive", "time": "Thu Nov 24 02:06:36 +0000 2016"}
{"polarity": 0.30370370370370375, "location": "New York, NY", "sentiment": "positive", "time": "Thu Nov 24 02:06:39 +0000 2016"}
{"polarity": 0.0, "location": "New York, NY", "sentiment": "neutral", "time": "Thu Nov 24 02:06:42 +0000 2016"}
{"polarity": 0.4, "location": "Atlanta, GA", "sentiment": "positive", "time": "Thu Nov 24 02:06:45 +0000 2016"}
{"polarity": 0.2, "location": "Seattle, WA", "sentiment": "positive", "time": "Thu Nov 24 02:06:50 +0000 2016"}
{"polarity": 0.0, "location": "Atlanta, GA", "sentiment": "neutral", "time": "Thu Nov 24 02:20:04 +0000 2016"}
{"polarity": 0.0, "location": "Atlanta, GA", "sentiment": "neutral", "time": "Thu Nov 24 02:20:06 +0000 2016"}
{"polarity": 0.0, "location": "Phoenix, AZ", "sentiment": "neutral", "time": "Thu Nov 24 02:20:08 +0000 2016"}
{"polarity": 0.0, "location": "San Diego, CA", "sentiment": "neutral", "time": "Thu Nov 24 02:20:12 +0000 2016"}
{"polarity": 0.0, "location": "Orlando, FL", "sentiment": "neutral", "time": "Thu Nov 24 02:20:16 +0000 2016"}
{"polarity": 0.25, "location": "Boston, MA", "sentiment": "positive", "time": "Thu Nov 24 02:20:18 +0000 2016"}
{"polarity": 0.0, "location": "New York, NY", "sentiment": "neutral", "time": "Thu Nov 24 02:20:18 +0000 2016"}
{"polarity": -0.06851851851851853, "location": "Seattle, WA", "sentiment": "negative", "time": "Thu Nov 24 02:20:20 +0000 2016"}
{"polarity": 0.0, "location": "Atlanta, GA", "sentiment": "neutral", "time": "Thu Nov 24 02:20:32 +0000 2016"}
{"polarity": -0.375, "location": "Atlanta, GA", "sentiment": "negative", "time": "Thu Nov 24 02:20:33 +0000 2016"}
{"polarity": 0.0, "location": "San Diego, CA", "sentiment": "neutral", "time": "Thu Nov 24 02:20:35 +0000 2016"}
{"polarity": 0.0, "location": "Portland, OR", "sentiment": "neutral", "time": "Thu Nov 24 02:20:44 +0000 2016"}
{"polarity": 0.075, "location": "Atlanta, GA", "sentiment": "positive", "time": "Thu Nov 24 02:20:56 +0000 2016"}
{"polarity": 0.0, "location": "Atlanta, GA", "sentiment": "neutral", "time": "Thu Nov 24 02:13:07 +0000 2016"}
{"polarity": 0.061111111111111116, "location": "New York, NY", "sentiment": "positive", "time": "Thu Nov 24 02:13:13 +0000 2016"}
{"polarity": 0.0, "location": "New York, NY", "sentiment": "neutral", "time": "Thu Nov 24 02:13:15 +0000 2016"}
{"polarity": -0.3161111111111111, "location": "Seattle, WA", "sentiment": "negative", "time": "Thu Nov 24 02:13:17 +0000 2016"}
{"polarity": 1.0, "location": "Atlanta, GA", "sentiment": "positive", "time": "Thu Nov 24 02:13:34 +0000 2016"}
{"polarity": 0.175, "location": "Boston, MA", "sentiment": "positive", "time": "Thu Nov 24 02:13:36 +0000 2016"}
{"polarity": 0.0, "location": "Boston, MA", "sentiment": "neutral", "time": "Thu Nov 24 02:13:36 +0000 2016"}
{"polarity": 0.11212121212121212, "location": "Atlanta, GA", "sentiment": "positive", "time": "Thu Nov 24 02:13:51 +0000 2016"}
{"polarity": 0.12000000000000002, "location": "Seattle, WA", "sentiment": "positive", "time": "Thu Nov 24 02:13:53 +0000 2016"}
{"polarity": 0.3333333333333333, "location": "New York, NY", "sentiment": "positive", "time": "Thu Nov 24 02:04:04 +0000 2016"}
{"polarity": -0.7, "location": "Atlanta, GA", "sentiment": "negative", "time": "Thu Nov 24 02:04:05 +0000 2016"}
{"polarity": 0.6, "location": "Atlanta, GA", "sentiment": "positive", "time": "Thu Nov 24 02:04:09 +0000 2016"}
{"polarity": 0.5, "location": "New York, NY", "sentiment": "positive", "time": "Thu Nov 24 02:04:22 +0000 2016"}
{"polarity": 0.5, "location": "Boston, MA", "sentiment": "positive", "time": "Thu Nov 24 02:04:28 +0000 2016"}
{"polarity": 0.17777777777777778, "location": "San Diego, CA", "sentiment": "positive", "time": "Thu Nov 24 02:04:37 +0000 2016"}
{"polarity": 0.07499999999999998, "location": "Phoenix, AZ", "sentiment": "positive", "time": "Thu Nov 24 02:04:48 +0000 2016"}
{"polarity": -0.4, "location": "Phoenix, AZ", "sentiment": "negative", "time": "Thu Nov 24 02:04:52 +0000 2016"}
{"polarity": 0.0, "location": "Portland, OR", "sentiment": "neutral", "time": "Wed Nov 23 08:39:19 +0000 2016"}
{"polarity": 0.0, "location": "Boston, MA", "sentiment": "neutral", "time": "Wed Nov 23 08:39:56 +0000 2016"}
{"polarity": 0.0, "location": "Boston, MA", "sentiment": "neutral", "time": "Wed Nov 23 08:59:17 +0000 2016"}
{"polarity": 0.0, "location": "San Diego, CA", "sentiment": "neutral", "time": "Wed Nov 23 08:59:39 +0000 2016"}
{"polarity": 0.0, "location": "Boston, MA", "sentiment": "neutral", "time": "Wed Nov 23 08:59:45 +0000 2016"}
{"polarity": 0.5, "location": "Atlanta, GA", "sentiment": "positive", "time": "Wed Nov 23 08:19:15 +0000 2016"}
{"polarity": 0.0, "location": "Orlando, FL", "sentiment": "neutral", "time": "Wed Nov 23 08:37:04 +0000 2016"}
{"polarity": 0.0, "location": "Orlando, FL", "sentiment": "neutral", "time": "Wed Nov 23 08:37:05 +0000 2016"}
{"polarity": 0.2, "location": "San Diego, CA", "sentiment": "positive", "time": "Wed Nov 23 08:37:27 +0000 2016"}
{"polarity": 0.0, "location": "Orlando, FL", "sentiment": "neutral", "time": "Wed Nov 23 08:37:28 +0000 2016"}
{"polarity": 0.49318181818181817, "location": "New York, NY", "sentiment": "positive", "time": "Wed Nov 23 08:37:28 +0000 2016"}
{"polarity": 0.25, "location": "Seattle, WA", "sentiment": "positive", "time": "Wed Nov 23 08:31:10 +0000 2016"}
{"polarity": 0.0, "location": "Seattle, WA", "sentiment": "neutral", "time": "Wed Nov 23 08:31:22 +0000 2016"}
{"polarity": 0.0, "location": "Orlando, FL", "sentiment": "neutral", "time": "Wed Nov 23 08:31:31 +0000 2016"}
{"polarity": 0.0, "location": "New York, NY", "sentiment": "neutral", "time": "Wed Nov 23 08:41:24 +0000 2016"}
{"polarity": 0.09999999999999998, "location": "Phoenix, AZ", "sentiment": "positive", "time": "Wed Nov 23 08:41:33 +0000 2016"}
{"polarity": 0.3333333333333333, "location": "Atlanta, GA", "sentiment": "positive", "time": "Wed Nov 23 08:41:55 +0000 2016"}
{"polarity": 0.7333333333333334, "location": "Boston, MA", "sentiment": "positive", "time": "Wed Nov 23 08:41:56 +0000 2016"}
{"polarity": 0.0, "location": "New York, NY", "sentiment": "neutral", "time": "Wed Nov 23 08:27:24 +0000 2016"}
{"polarity": 0.21666666666666667, "location": "Atlanta, GA", "sentiment": "positive", "time": "Wed Nov 23 08:57:25 +0000 2016"}
{"polarity": 0.0, "location": "Orlando, FL", "sentiment": "neutral", "time": "Wed Nov 23 08:57:42 +0000 2016"}
{"polarity": 0.0, "location": "San Diego, CA", "sentiment": "neutral", "time": "Wed Nov 23 08:26:04 +0000 2016"}
{"polarity": -0.8, "location": "San Diego, CA", "sentiment": "negative", "time": "Wed Nov 23 08:26:04 +0000 2016"}
{"polarity": -0.8, "location": "San Diego, CA", "sentiment": "negative", "time": "Wed Nov 23 08:26:04 +0000 2016"}
{"polarity": 0.6, "location": "New York, NY", "sentiment": "positive", "time": "Wed Nov 23 08:26:33 +0000 2016"}
{"polarity": 0.5, "location": "San Diego, CA", "sentiment": "positive", "time": "Wed Nov 23 08:26:47 +0000 2016"}
{"polarity": 0.0, "location": "Atlanta, GA", "sentiment": "neutral", "time": "Wed Nov 23 08:42:06 +0000 2016"}
{"polarity": 0.0, "location": "Boston, MA", "sentiment": "neutral", "time": "Wed Nov 23 08:42:21 +0000 2016"}
{"polarity": 0.8, "location": "Portland, OR", "sentiment": "positive", "time": "Wed Nov 23 08:42:29 +0000 2016"}
{"polarity": 0.2, "location": "San Diego, CA", "sentiment": "positive", "time": "Wed Nov 23 08:42:57 +0000 2016"}
{"polarity": 0.0, "location": "New York, NY", "sentiment": "neutral", "time": "Wed Nov 23 08:50:13 +0000 2016"}
{"polarity": 0.0, "location": "New York, NY", "sentiment": "neutral", "time": "Wed Nov 23 08:50:43 +0000 2016"}
{"polarity": -0.07500000000000001, "location": "San Diego, CA", "sentiment": "negative", "time": "Wed Nov 23 08:50:43 +0000 2016"}
{"polarity": 0.0, "location": "Atlanta, GA", "sentiment": "neutral", "time": "Wed Nov 23 08:15:17 +0000 2016"}
{"polarity": 0.0, "location": "Atlanta, GA", "sentiment": "neutral", "time": "Wed Nov 23 08:15:20 +0000 2016"}
{"polarity": 0.0, "location": "Portland, OR", "sentiment": "neutral", "time": "Wed Nov 23 08:15:22 +0000 2016"}
{"polarity": 0.25, "location": "San Diego, CA", "sentiment": "positive", "time": "Wed Nov 23 08:15:26 +0000 2016"}
{"polarity": 0.0, "location": "Seattle, WA", "sentiment": "neutral", "time": "Wed Nov 23 08:15:34 +0000 2016"}
{"polarity": 0.0, "location": "Orlando, FL", "sentiment": "neutral", "time": "Wed Nov 23 08:15:42 +0000 2016"}
{"polarity": 0.0, "location": "San Diego, CA", "sentiment": "neutral", "time": "Wed Nov 23 08:15:52 +0000 2016"}
{"polarity": -0.390625, "location": "Portland, OR", "sentiment": "negative", "time": "Wed Nov 23 08:15:54 +0000 2016"}
{"polarity": 0.0, "location": "Atlanta, GA", "sentiment": "neutral", "time": "Wed Nov 23 08:38:15 +0000 2016"}
{"polarity": -0.26041666666666663, "location": "Boston, MA", "sentiment": "negative", "time": "Wed Nov 23 08:38:21 +0000 2016"}
{"polarity": -0.16666666666666666, "location": "San Diego, CA", "sentiment": "negative", "time": "Wed Nov 23 08:38:29 +0000 2016"}
{"polarity": -0.2, "location": "Seattle, WA", "sentiment": "negative", "time": "Wed Nov 23 08:21:01 +0000 2016"}
{"polarity": 0.0, "location": "New York, NY", "sentiment": "neutral", "time": "Wed Nov 23 08:21:18 +0000 2016"}
{"polarity": 0.5, "location": "Phoenix, AZ", "sentiment": "positive", "time": "Wed Nov 23 08:21:42 +0000 2016"}
{"polarity": 0.0, "location": "Boston, MA", "sentiment": "neutral", "time": "Wed Nov 23 08:17:44 +0000 2016"}
{"polarity": 0.25, "location": "Seattle, WA", "sentiment": "positive", "time": "Wed Nov 23 08:17:55 +0000 2016"}
{"polarity": 1.0, "location": "Portland, OR", "sentiment": "positive", "time": "Wed Nov 23 08:12:14 +0000 2016"}
{"polarity": 0.05, "location": "San Diego, CA", "sentiment": "positive", "time": "Wed Nov 23 08:12:26 +0000 2016"}
{"polarity": 0.0, "location": "Seattle, WA", "sentiment": "neutral", "time": "Wed Nov 23 08:12:45 +0000 2016"}
{"polarity": 0.0, "location": "Orlando, FL", "sentiment": "neutral", "time": "Wed Nov 23 08:12:46 +0000 2016"}
{"polarity": 0.0, "location": "New York, NY", "sentiment": "neutral", "time": "Wed Nov 23 08:12:48 +0000 2016"}
{"polarity": 0.0, "location": "Atlanta, GA", "sentiment": "neutral", "time": "Wed Nov 23 08:29:07 +0000 2016"}
{"polarity": 0.0, "location": "San Diego, CA", "sentiment": "neutral", "time": "Wed Nov 23 08:29:09 +0000 2016"}
{"polarity": 0.0, "location": "New York, NY", "sentiment": "neutral", "time": "Wed Nov 23 08:29:14 +0000 2016"}
{"polarity": 1.0, "location": "New York, NY", "sentiment": "positive", "time": "Wed Nov 23 08:29:50 +0000 2016"}
{"polarity": 0.0, "location": "New York, NY", "sentiment": "neutral", "time": "Wed Nov 23 08:18:05 +0000 2016"}
{"polarity": 0.0, "location": "Boston, MA", "sentiment": "neutral", "time": "Wed Nov 23 08:18:20 +0000 2016"}
{"polarity": -0.1, "location": "Atlanta, GA", "sentiment": "negative", "time": "Wed Nov 23 08:18:33 +0000 2016"}
{"polarity": 0.14375, "location": "Orlando, FL", "sentiment": "positive", "time": "Wed Nov 23 08:46:01 +0000 2016"}
{"polarity": 0.0, "location": "San Diego, CA", "sentiment": "neutral", "time": "Wed Nov 23 08:46:11 +0000 2016"}
{"polarity": 0.6, "location": "New York, NY", "sentiment": "positive", "time": "Wed Nov 23 08:00:05 +0000 2016"}
{"polarity": 0.8, "location": "Seattle, WA", "sentiment": "positive", "time": "Wed Nov 23 08:00:10 +0000 2016"}
{"polarity": 0.1, "location": "San Diego, CA", "sentiment": "positive", "time": "Wed Nov 23 08:00:23 +0000 2016"}
{"polarity": 0.02777777777777778, "location": "Seattle, WA", "sentiment": "positive", "time": "Wed Nov 23 08:00:42 +0000 2016"}
{"polarity": 0.0, "location": "Atlanta, GA", "sentiment": "neutral", "time": "Wed Nov 23 08:00:43 +0000 2016"}
{"polarity": 0.0, "location": "Seattle, WA", "sentiment": "neutral", "time": "Wed Nov 23 08:00:57 +0000 2016"}
{"polarity": -0.6, "location": "New York, NY", "sentiment": "negative", "time": "Wed Nov 23 08:34:11 +0000 2016"}
{"polarity": 0.06666666666666667, "location": "Portland, OR", "sentiment": "positive", "time": "Wed Nov 23 08:34:44 +0000 2016"}
{"polarity": 0.0, "location": "Boston, MA", "sentiment": "neutral", "time": "Wed Nov 23 08:34:53 +0000 2016"}
{"polarity": 0.0, "location": "Orlando, FL", "sentiment": "neutral", "time": "Wed Nov 23 08:05:06 +0000 2016"}
{"polarity": -0.2, "location": "Orlando, FL", "sentiment": "negative", "time": "Wed Nov 23 08:05:10 +0000 2016"}
{"polarity": -0.3125, "location": "Atlanta, GA", "sentiment": "negative", "time": "Wed Nov 23 08:05:25 +0000 2016"}
{"polarity": 0.0, "location": "San Diego, CA", "sentiment": "neutral", "time": "Wed Nov 23 08:05:33 +0000 2016"}
{"polarity": 0.0, "location": "Portland, OR", "sentiment": "neutral", "time": "Wed Nov 23 08:05:41 +0000 2016"}
{"polarity": 0.018181818181818174, "location": "New York, NY", "sentiment": "positive", "time": "Wed Nov 23 08:11:13 +0000 2016"}
{"polarity": 0.0, "location": "San Diego, CA", "sentiment": "neutral", "time": "Wed Nov 23 08:56:13 +0000 2016"}
{"polarity": 0.0, "location": "Atlanta, GA", "sentiment": "neutral", "time": "Wed Nov 23 08:56:17 +0000 2016"}
{"polarity": -0.7, "location": "Boston, MA", "sentiment": "negative", "time": "Wed Nov 23 08:56:21 +0000 2016"}
{"polarity": -0.7, "location": "Boston, MA", "sentiment": "negative", "time": "Wed Nov 23 08:56:21 +0000 2016"}
{"polarity": 0.6, "location": "San Diego, CA", "sentiment": "positive", "time": "Wed Nov 23 08:56:39 +0000 2016"}
{"polarity": 0.175, "location": "Seattle, WA", "sentiment": "positive", "time": "Wed Nov 23 08:47:06 +0000 2016"}
{"polarity": 0.0, "location": "San Diego, CA", "sentiment": "neutral", "time": "Wed Nov 23 08:47:11 +0000 2016"}
{"polarity": 0.0, "location": "Seattle, WA", "sentiment": "neutral", "time": "Wed Nov 23 08:47:42 +0000 2016"}
{"polarity": 0.0, "location": "New York, NY", "sentiment": "neutral", "time": "Wed Nov 23 08:52:13 +0000 2016"}
{"polarity": 0.0, "location": "San Diego, CA", "sentiment": "neutral", "time": "Wed Nov 23 08:52:16 +0000 2016"}
{"polarity": -0.10476190476190476, "location": "San Diego, CA", "sentiment": "negative", "time": "Wed Nov 23 08:53:26 +0000 2016"}
{"polarity": 0.5666666666666667, "location": "Atlanta, GA", "sentiment": "positive", "time": "Wed Nov 23 08:53:48 +0000 2016"}
{"polarity": 0.2, "location": "Atlanta, GA", "sentiment": "positive", "time": "Wed Nov 23 08:53:57 +0000 2016"}
{"polarity": -0.23076923076923078, "location": "New York, NY", "sentiment": "negative", "time": "Wed Nov 23 08:02:12 +0000 2016"}
{"polarity": 0.6, "location": "Atlanta, GA", "sentiment": "positive", "time": "Wed Nov 23 08:02:22 +0000 2016"}
{"polarity": 0.0, "location": "Portland, OR", "sentiment": "neutral", "time": "Wed Nov 23 08:02:23 +0000 2016"}
{"polarity": 0.5, "location": "Phoenix, AZ", "sentiment": "positive", "time": "Wed Nov 23 08:02:29 +0000 2016"}
{"polarity": 0.0, "location": "San Diego, CA", "sentiment": "neutral", "time": "Wed Nov 23 08:02:30 +0000 2016"}
{"polarity": 0.07499999999999998, "location": "San Diego, CA", "sentiment": "positive", "time": "Wed Nov 23 08:02:33 +0000 2016"}
{"polarity": 0.0, "location": "New York, NY", "sentiment": "neutral", "time": "Wed Nov 23 08:02:33 +0000 2016"}
{"polarity": 0.0, "location": "Orlando, FL", "sentiment": "neutral", "time": "Wed Nov 23 08:02:41 +0000 2016"}
{"polarity": 0.0, "location": "New York, NY", "sentiment": "neutral", "time": "Wed Nov 23 08:02:43 +0000 2016"}
{"polarity": 1.0, "location": "New York, NY", "sentiment": "positive", "time": "Wed Nov 23 08:02:47 +0000 2016"}
{"polarity": -0.21875, "location": "Orlando, FL", "sentiment": "negative", "time": "Wed Nov 23 08:02:53 +0000 2016"}
{"polarity": 0.8, "location": "New York, NY", "sentiment": "positive", "time": "Wed Nov 23 08:48:24 +0000 2016"}
{"polarity": 0.0, "location": "Atlanta, GA", "sentiment": "neutral", "time": "Wed Nov 23 08:25:06 +0000 2016"}
{"polarity": 0.0, "location": "Orlando, FL", "sentiment": "neutral", "time": "Wed Nov 23 08:25:28 +0000 2016"}
{"polarity": 0.5, "location": "New York, NY", "sentiment": "positive", "time": "Wed Nov 23 08:25:40 +0000 2016"}
{"polarity": 0.1, "location": "Seattle, WA", "sentiment": "positive", "time": "Wed Nov 23 08:16:11 +0000 2016"}
{"polarity": 0.0, "location": "Orlando, FL", "sentiment": "neutral", "time": "Wed Nov 23 08:16:23 +0000 2016"}
{"polarity": 0.0, "location": "San Diego, CA", "sentiment": "neutral", "time": "Wed Nov 23 08:16:39 +0000 2016"}
{"polarity": 0.13636363636363635, "location": "New York, NY", "sentiment": "positive", "time": "Wed Nov 23 08:16:39 +0000 2016"}
{"polarity": -0.033333333333333326, "location": "San Diego, CA", "sentiment": "negative", "time": "Wed Nov 23 08:14:20 +0000 2016"}
{"polarity": 0.0, "location": "San Diego, CA", "sentiment": "neutral", "time": "Wed Nov 23 08:14:47 +0000 2016"}
{"polarity": 0.0, "location": "Phoenix, AZ", "sentiment": "neutral", "time": "Wed Nov 23 08:23:01 +0000 2016"}
{"polarity": 0.1, "location": "New York, NY", "sentiment": "positive", "time": "Wed Nov 23 08:23:05 +0000 2016"}
{"polarity": -0.3166666666666667, "location": "Phoenix, AZ", "sentiment": "negative", "time": "Wed Nov 23 08:23:10 +0000 2016"}
{"polarity": 0.0, "location": "San Diego, CA", "sentiment": "neutral", "time": "Wed Nov 23 08:23:40 +0000 2016"}
{"polarity": 0.0, "location": "Orlando, FL", "sentiment": "neutral", "time": "Wed Nov 23 08:23:56 +0000 2016"}
{"polarity": 0.13392857142857142, "location": "San Diego, CA", "sentiment": "positive", "time": "Wed Nov 23 08:07:02 +0000 2016"}
{"polarity": 0.2833333333333333, "location": "New York, NY", "sentiment": "positive", "time": "Wed Nov 23 08:07:04 +0000 2016"}
{"polarity": 0.0, "location": "Boston, MA", "sentiment": "neutral", "time": "Wed Nov 23 08:07:05 +0000 2016"}
{"polarity": 0.0, "location": "Atlanta, GA", "sentiment": "neutral", "time": "Wed Nov 23 08:07:05 +0000 2016"}
{"polarity": 0.0, "location": "New York, NY", "sentiment": "neutral", "time": "Wed Nov 23 08:07:09 +0000 2016"}
{"polarity": 0.0, "location": "Portland, OR", "sentiment": "neutral", "time": "Wed Nov 23 08:07:10 +0000 2016"}
{"polarity": 0.0, "location": "New York, NY", "sentiment": "neutral", "time": "Wed Nov 23 08:07:11 +0000 2016"}
{"polarity": 0.13636363636363635, "location": "Phoenix, AZ", "sentiment": "positive", "time": "Wed Nov 23 08:51:51 +0000 2016"}
{"polarity": 0.6952380952380951, "location": "Seattle, WA", "sentiment": "positive", "time": "Wed Nov 23 08:51:51 +0000 2016"}
{"polarity": 0.0, "location": "San Diego, CA", "sentiment": "neutral", "time": "Wed Nov 23 08:51:59 +0000 2016"}
{"polarity": 0.16964285714285715, "location": "New York, NY", "sentiment": "positive", "time": "Wed Nov 23 08:30:03 +0000 2016"}
{"polarity": 0.1, "location": "Atlanta, GA", "sentiment": "positive", "time": "Wed Nov 23 08:30:35 +0000 2016"}
{"polarity": 0.21428571428571427, "location": "Boston, MA", "sentiment": "positive", "time": "Wed Nov 23 08:30:55 +0000 2016"}
{"polarity": 0.0, "location": "Orlando, FL", "sentiment": "neutral", "time": "Wed Nov 23 08:03:08 +0000 2016"}
{"polarity": 0.0, "location": "San Diego, CA", "sentiment": "neutral", "time": "Wed Nov 23 08:03:12 +0000 2016"}
{"polarity": 0.21428571428571427, "location": "New York, NY", "sentiment": "positive", "time": "Wed Nov 23 08:03:18 +0000 2016"}
{"polarity": 0.9, "location": "San Diego, CA", "sentiment": "positive", "time": "Wed Nov 23 08:03:37 +0000 2016"}
{"polarity": 0.0, "location": "New York, NY", "sentiment": "neutral", "time": "Wed Nov 23 08:40:15 +0000 2016"}
{"polarity": 0.5, "location": "Phoenix, AZ", "sentiment": "positive", "time": "Wed Nov 23 08:40:17 +0000 2016"}
{"polarity": 1.0, "location": "New York, NY", "sentiment": "positive", "time": "Wed Nov 23 08:40:17 +0000 2016"}
{"polarity": 0.0, "location": "Boston, MA", "sentiment": "neutral", "time": "Wed Nov 23 08:40:20 +0000 2016"}
{"polarity": 0.0, "location": "Seattle, WA", "sentiment": "neutral", "time": "Wed Nov 23 08:40:33 +0000 2016"}
{"polarity": -0.2, "location": "Orlando, FL", "sentiment": "negative", "time": "Wed Nov 23 08:40:53 +0000 2016"}
