{"polarity": 0.0, "location": "New York, NY", "sentiment": "neutral", "time": "Wed Nov 23 22:04:02 +0000 2016"}
{"polarity": 0.9375, "location": "Boston, MA", "sentiment": "positive", "time": "Wed Nov 23 22:04:10 +0000 2016"}
{"polarity": 0.0, "location": "San Diego, CA", "sentiment": "neutral", "time": "Wed Nov 23 22:04:28 +0000 2016"}
{"polarity": 0.0, "location": "Orlando, FL", "sentiment": "neutral", "time": "Wed Nov 23 22:04:33 +0000 2016"}
{"polarity": 0.0, "location": "Phoenix, AZ", "sentiment": "neutral", "time": "Wed Nov 23 22:04:32 +0000 2016"}
{"polarity": 0.0, "location": "Orlando, FL", "sentiment": "neutral", "time": "Wed Nov 23 22:04:49 +0000 2016"}
{"polarity": 0.0, "location": "Atlanta, GA", "sentiment": "neutral", "time": "Wed Nov 23 22:04:55 +0000 2016"}
{"polarity": 0.2, "location": "Boston, MA", "sentiment": "positive", "time": "Thu Nov 24 05:39:06 +0000 2016"}
{"polarity": 0.0, "location": "Portland, OR", "sentiment": "neutral", "time": "Thu Nov 24 05:39:15 +0000 2016"}
{"polarity": -1.0, "location": "Boston, MA", "sentiment": "negative", "time": "Thu Nov 24 05:39:31 +0000 2016"}
{"polarity": 0.0, "location": "New York, NY", "sentiment": "neutral", "time": "Thu Nov 24 05:39:47 +0000 2016"}
{"polarity": 0.3, "location": "New York, NY", "sentiment": "positive", "time": "Thu Nov 24 05:39:57 +0000 2016"}
{"polarity": -0.1, "location": "Seattle, WA", "sentiment": "negative", "time": "Thu Nov 24 05:39:59 +0000 2016"}
{"polarity": -0.05, "location": "Atlanta, GA", "sentiment": "negative", "time": "Thu Nov 24 05:59:07 +0000 2016"}
{"polarity": 0.5, "location": "Boston, MA", "sentiment": "positive", "time": "Thu Nov 24 05:59:09 +0000 2016"}
{"polarity": 0.15, "location": "San Diego, CA", "sentiment": "positive", "time": "Thu Nov 24 05:59:10 +0000 2016"}
{"polarity": 0.0, "location": "Seattle, WA", "sentiment": "neutral", "time": "Thu Nov 24 05:59:22 +0000 2016"}
{"polarity": 0.0, "location": "Orlando, FL", "sentiment": "neutral", "time": "Thu Nov 24 05:59:28 +0000 2016"}
{"polarity": 0.0, "location": "Portland, OR", "sentiment": "neutral", "time": "Thu Nov 24 05:59:35 +0000 2016"}
{"polarity": -0.07, "location": "Atlanta, GA", "sentiment": "negative", "time": "Thu Nov 24 05:59:42 +0000 2016"}
{"polarity": 0.25, "location": "Portland, OR", "sentiment": "positive", "time": "Thu Nov 24 05:59:44 +0000 2016"}
{"polarity": -0.11666666666666665, "location": "New York, NY", "sentiment": "negative", "time": "Thu Nov 24 05:59:51 +0000 2016"}
{"polarity": -0.5, "location": "New York, NY", "sentiment": "negative", "time": "Thu Nov 24 05:59:53 +0000 2016"}
{"polarity": 0.0, "location": "San Diego, CA", "sentiment": "neutral", "time": "Thu Nov 24 05:59:54 +0000 2016"}
{"polarity": 0.0, "location": "New York, NY", "sentiment": "neutral", "time": "Thu Nov 24 05:19:01 +0000 2016"}
{"polarity": 0.12857142857142856, "location": "New York, NY", "sentiment": "positive", "time": "Thu Nov 24 05:19:08 +0000 2016"}
{"polarity": 0.5, "location": "Orlando, FL", "sentiment": "positive", "time": "Thu Nov 24 05:19:15 +0000 2016"}
{"polarity": 0.0, "location": "San Diego, CA", "sentiment": "neutral", "time": "Thu Nov 24 05:19:19 +0000 2016"}
{"polarity": -0.7, "location": "New York, NY", "sentiment": "negative", "time": "Thu Nov 24 05:19:25 +0000 2016"}
{"polarity": -0.5666666666666668, "location": "Phoenix, AZ", "sentiment": "negative", "time": "Thu Nov 24 05:19:27 +0000 2016"}
{"polarity": 0.0, "location": "Seattle, WA", "sentiment": "neutral", "time": "Thu Nov 24 05:19:28 +0000 2016"}
{"polarity": 0.0, "location": "Orlando, FL", "sentiment": "neutral", "time": "Thu Nov 24 05:19:50 +0000 2016"}
{"polarity": 0.7, "location": "Phoenix, AZ", "sentiment": "positive", "time": "Thu Nov 24 05:19:58 +0000 2016"}
{"polarity": -0.234375, "location": "New York, NY", "sentiment": "negative", "time": "Thu Nov 24 05:37:06 +0000 2016"}
{"polarity": 0.0, "location": "Seattle, WA", "sentiment": "neutral", "time": "Thu Nov 24 05:37:12 +0000 2016"}
{"polarity": 0.0, "location": "Orlando, FL", "sentiment": "neutral", "time": "Thu Nov 24 05:37:15 +0000 2016"}
{"polarity": 0.0, "location": "Atlanta, GA", "sentiment": "neutral", "time": "Thu Nov 24 05:37:35 +0000 2016"}
{"polarity": 0.0, "location": "Atlanta, GA", "sentiment": "neutral", "time": "Thu Nov 24 05:37:39 +0000 2016"}
{"polarity": -0.2, "location": "Atlanta, GA", "sentiment": "negative", "time": "Thu Nov 24 05:37:40 +0000 2016"}
{"polarity": 0.0, "location": "Seattle, WA", "sentiment": "neutral", "time": "Thu Nov 24 05:37:41 +0000 2016"}
{"polarity": 0.0, "location": "San Diego, CA", "sentiment": "neutral", "time": "Thu Nov 24 05:37:57 +0000 2016"}
{"polarity": 0.5, "location": "New York, NY", "sentiment": "positive", "time": "Thu Nov 24 05:31:02 +0000 2016"}
{"polarity": 0.0, "location": "Boston, MA", "sentiment": "neutral", "time": "Thu Nov 24 05:31:11 +0000 2016"}
{"polarity": 0.1515151515151515, "location": "New York, NY", "sentiment": "positive", "time": "Thu Nov 24 05:31:15 +0000 2016"}
{"polarity": -0.25, "location": "Atlanta, GA", "sentiment": "negative", "time": "Thu Nov 24 05:31:33 +0000 2016"}
{"polarity": -0.2, "location": "Phoenix, AZ", "sentiment": "negative", "time": "Thu Nov 24 05:31:37 +0000 2016"}
{"polarity": 0.5, "location": "New York, NY", "sentiment": "positive", "time": "Thu Nov 24 05:31:47 +0000 2016"}
{"polarity": 0.0, "location": "San Diego, CA", "sentiment": "neutral", "time": "Thu Nov 24 05:31:51 +0000 2016"}
{"polarity": 0.0, "location": "Boston, MA", "sentiment": "neutral", "time": "Thu Nov 24 05:41:04 +0000 2016"}
{"polarity": 0.0, "location": "Atlanta, GA", "sentiment": "neutral", "time": "Thu Nov 24 05:41:06 +0000 2016"}
{"polarity": 0.0, "location": "Seattle, WA", "sentiment": "neutral", "time": "Thu Nov 24 05:41:08 +0000 2016"}
{"polarity": 0.0, "location": "Seattle, WA", "sentiment": "neutral", "time": "Thu Nov 24 05:41:09 +0000 2016"}
{"polarity": 0.0, "location": "San Diego, CA", "sentiment": "neutral", "time": "Thu Nov 24 05:41:15 +0000 2016"}
{"polarity": -0.15, "location": "San Diego, CA", "sentiment": "negative", "time": "Thu Nov 24 05:41:24 +0000 2016"}
{"polarity": 0.0, "location": "San Diego, CA", "sentiment": "neutral", "time": "Thu Nov 24 05:41:25 +0000 2016"}
{"polarity": 0.0, "location": "San Diego, CA", "sentiment": "neutral", "time": "Thu Nov 24 05:41:29 +0000 2016"}
{"polarity": 0.09999999999999999, "location": "San Diego, CA", "sentiment": "positive", "time": "Thu Nov 24 05:41:32 +0000 2016"}
{"polarity": 1.0, "location": "New York, NY", "sentiment": "positive", "time": "Thu Nov 24 05:41:42 +0000 2016"}
{"polarity": 0.04464285714285714, "location": "New York, NY", "sentiment": "positive", "time": "Thu Nov 24 05:41:44 +0000 2016"}
{"polarity": 0.0, "location": "Portland, OR", "sentiment": "neutral", "time": "Thu Nov 24 05:41:45 +0000 2016"}
{"polarity": 0.05, "location": "New York, NY", "sentiment": "positive", "time": "Thu Nov 24 05:27:09 +0000 2016"}
{"polarity": 0.35, "location": "Boston, MA", "sentiment": "positive", "time": "Thu Nov 24 05:27:12 +0000 2016"}
{"polarity": 0.0, "location": "Portland, OR", "sentiment": "neutral", "time": "Thu Nov 24 05:27:17 +0000 2016"}
{"polarity": 0.5, "location": "New York, NY", "sentiment": "positive", "time": "Thu Nov 24 05:27:17 +0000 2016"}
{"polarity": 0.0, "location": "San Diego, CA", "sentiment": "neutral", "time": "Thu Nov 24 05:27:21 +0000 2016"}
{"polarity": 0.5, "location": "Atlanta, GA", "sentiment": "positive", "time": "Thu Nov 24 05:27:38 +0000 2016"}
{"polarity": 0.225, "location": "Portland, OR", "sentiment": "positive", "time": "Thu Nov 24 05:27:41 +0000 2016"}
{"polarity": 0.0, "location": "San Diego, CA", "sentiment": "neutral", "time": "Thu Nov 24 05:27:52 +0000 2016"}
{"polarity": 0.39285714285714285, "location": "St. Louis, MO", "sentiment": "positive", "time": "Thu Nov 24 05:27:53 +0000 2016"}
{"polarity": -0.2625, "location": "Boston, MA", "sentiment": "negative", "time": "Thu Nov 24 05:27:53 +0000 2016"}
{"polarity": 0.6, "location": "Boston, MA", "sentiment": "positive", "time": "Thu Nov 24 05:57:00 +0000 2016"}
{"polarity": 0.0, "location": "St. Louis, MO", "sentiment": "neutral", "time": "Thu Nov 24 05:57:08 +0000 2016"}
{"polarity": 0.0, "location": "Atlanta, GA", "sentiment": "neutral", "time": "Thu Nov 24 05:57:09 +0000 2016"}
{"polarity": -0.48333333333333334, "location": "Phoenix, AZ", "sentiment": "negative", "time": "Thu Nov 24 05:57:14 +0000 2016"}
{"polarity": 0.175, "location": "San Diego, CA", "sentiment": "positive", "time": "Thu Nov 24 05:57:26 +0000 2016"}
{"polarity": 1.0, "location": "New York, NY", "sentiment": "positive", "time": "Thu Nov 24 05:57:46 +0000 2016"}
{"polarity": 0.2041666666666667, "location": "San Diego, CA", "sentiment": "positive", "time": "Thu Nov 24 05:26:02 +0000 2016"}
{"polarity": 1.0, "location": "Portland, OR", "sentiment": "positive", "time": "Thu Nov 24 05:26:07 +0000 2016"}
{"polarity": 0.3125, "location": "New York, NY", "sentiment": "positive", "time": "Thu Nov 24 05:26:08 +0000 2016"}
{"polarity": 0.0, "location": "New York, NY", "sentiment": "neutral", "time": "Thu Nov 24 05:26:29 +0000 2016"}
{"polarity": 0.03750000000000002, "location": "New York, NY", "sentiment": "positive", "time": "Thu Nov 24 05:26:39 +0000 2016"}
{"polarity": 0.17045454545454544, "location": "Boston, MA", "sentiment": "positive", "time": "Thu Nov 24 05:26:42 +0000 2016"}
{"polarity": -0.25, "location": "San Diego, CA", "sentiment": "negative", "time": "Thu Nov 24 05:26:56 +0000 2016"}
{"polarity": -0.05, "location": "Seattle, WA", "sentiment": "negative", "time": "Thu Nov 24 05:58:04 +0000 2016"}
{"polarity": 0.575, "location": "Atlanta, GA", "sentiment": "positive", "time": "Thu Nov 24 05:58:08 +0000 2016"}
{"polarity": 0.0, "location": "Phoenix, AZ", "sentiment": "neutral", "time": "Thu Nov 24 05:58:11 +0000 2016"}
{"polarity": 0.0, "location": "New York, NY", "sentiment": "neutral", "time": "Thu Nov 24 05:58:23 +0000 2016"}
{"polarity": -0.07142857142857142, "location": "Orlando, FL", "sentiment": "negative", "time": "Thu Nov 24 05:58:40 +0000 2016"}
{"polarity": 0.2857142857142857, "location": "Phoenix, AZ", "sentiment": "positive", "time": "Thu Nov 24 05:58:43 +0000 2016"}
{"polarity": 0.35, "location": "San Diego, CA", "sentiment": "positive", "time": "Thu Nov 24 05:58:47 +0000 2016"}
{"polarity": 0.3, "location": "San Diego, CA", "sentiment": "positive", "time": "Thu Nov 24 05:42:13 +0000 2016"}
{"polarity": 0.25, "location": "Orlando, FL", "sentiment": "positive", "time": "Thu Nov 24 05:42:35 +0000 2016"}
{"polarity": 0.08333333333333333, "location": "Atlanta, GA", "sentiment": "positive", "time": "Thu Nov 24 05:42:36 +0000 2016"}
{"polarity": 0.0, "location": "Seattle, WA", "sentiment": "neutral", "time": "Thu Nov 24 05:42:52 +0000 2016"}
{"polarity": 0.20089285714285712, "location": "New York, NY", "sentiment": "positive", "time": "Thu Nov 24 05:50:02 +0000 2016"}
{"polarity": 0.0, "location": "Seattle, WA", "sentiment": "neutral", "time": "Thu Nov 24 05:50:29 +0000 2016"}
{"polarity": 0.0, "location": "Atlanta, GA", "sentiment": "neutral", "time": "Thu Nov 24 05:50:29 +0000 2016"}
{"polarity": 0.5, "location": "Orlando, FL", "sentiment": "positive", "time": "Thu Nov 24 05:50:34 +0000 2016"}
{"polarity": -0.09999999999999998, "location": "Phoenix, AZ", "sentiment": "negative", "time": "Thu Nov 24 05:50:37 +0000 2016"}
{"polarity": -0.2833333333333333, "location": "Boston, MA", "sentiment": "negative", "time": "Thu Nov 24 05:50:53 +0000 2016"}
{"polarity": 0.0, "location": "Atlanta, GA", "sentiment": "neutral", "time": "Thu Nov 24 05:50:57 +0000 2016"}
{"polarity": 0.29666666666666663, "location": "Boston, MA", "sentiment": "positive", "time": "Thu Nov 24 05:15:05 +0000 2016"}
{"polarity": 0.0, "location": "Atlanta, GA", "sentiment": "neutral", "time": "Thu Nov 24 05:15:11 +0000 2016"}
{"polarity": 0.43333333333333335, "location": "San Diego, CA", "sentiment": "positive", "time": "Thu Nov 24 05:15:12 +0000 2016"}
{"polarity": -0.25, "location": "New York, NY", "sentiment": "negative", "time": "Thu Nov 24 05:15:16 +0000 2016"}
{"polarity": -0.6, "location": "Atlanta, GA", "sentiment": "negative", "time": "Thu Nov 24 05:15:36 +0000 2016"}
{"polarity": 0.13636363636363635, "location": "San Diego, CA", "sentiment": "positive", "time": "Thu Nov 24 05:15:40 +0000 2016"}
{"polarity": 0.0, "location": "Boston, MA", "sentiment": "neutral", "time": "Thu Nov 24 05:15:40 +0000 2016"}
{"polarity": 0.1, "location": "Atlanta, GA", "sentiment": "positive", "time": "Thu Nov 24 05:15:42 +0000 2016"}
{"polarity": 0.35, "location": "Orlando, FL", "sentiment": "positive", "time": "Thu Nov 24 05:15:46 +0000 2016"}
{"polarity": 0.0, "location": "Portland, OR", "sentiment": "neutral", "time": "Thu Nov 24 05:15:47 +0000 2016"}
{"polarity": 0.0, "location": "San Diego, CA", "sentiment": "neutral", "time": "Thu Nov 24 05:38:06 +0000 2016"}
{"polarity": -0.6999999999999998, "location": "Seattle, WA", "sentiment": "negative", "time": "Thu Nov 24 05:38:07 +0000 2016"}
{"polarity": 0.20833333333333331, "location": "New York, NY", "sentiment": "positive", "time": "Thu Nov 24 05:38:14 +0000 2016"}
{"polarity": 0.0, "location": "New York, NY", "sentiment": "neutral", "time": "Thu Nov 24 05:38:27 +0000 2016"}
{"polarity": 0.0, "location": "New York, NY", "sentiment": "neutral", "time": "Thu Nov 24 05:38:36 +0000 2016"}
{"polarity": 0.0, "location": "Orlando, FL", "sentiment": "neutral", "time": "Thu Nov 24 05:38:37 +0000 2016"}
{"polarity": 0.55, "location": "San Diego, CA", "sentiment": "positive", "time": "Thu Nov 24 05:38:40 +0000 2016"}
{"polarity": 0.0, "location": "Portland, OR", "sentiment": "neutral", "time": "Thu Nov 24 05:38:51 +0000 2016"}
{"polarity": 0.0, "location": "San Diego, CA", "sentiment": "neutral", "time": "Thu Nov 24 05:38:58 +0000 2016"}
{"polarity": -0.16666666666666666, "location": "San Diego, CA", "sentiment": "negative", "time": "Thu Nov 24 05:21:04 +0000 2016"}
{"polarity": 0.0, "location": "Seattle, WA", "sentiment": "neutral", "time": "Thu Nov 24 05:21:07 +0000 2016"}
{"polarity": 0.0, "location": "New York, NY", "sentiment": "neutral", "time": "Thu Nov 24 05:21:08 +0000 2016"}
{"polarity": 0.10000000000000002, "location": "Boston, MA", "sentiment": "positive", "time": "Thu Nov 24 05:21:11 +0000 2016"}
{"polarity": 0.0, "location": "San Diego, CA", "sentiment": "neutral", "time": "Thu Nov 24 05:21:12 +0000 2016"}
{"polarity": 0.0, "location": "Atlanta, GA", "sentiment": "neutral", "time": "Thu Nov 24 05:21:17 +0000 2016"}
{"polarity": 0.0, "location": "Portland, OR", "sentiment": "neutral", "time": "Thu Nov 24 05:21:35 +0000 2016"}
{"polarity": -0.0625, "location": "New York, NY", "sentiment": "negative", "time": "Thu Nov 24 05:21:39 +0000 2016"}
{"polarity": 0.0, "location": "New York, NY", "sentiment": "neutral", "time": "Thu Nov 24 05:17:03 +0000 2016"}
{"polarity": 0.0, "location": "New York, NY", "sentiment": "neutral", "time": "Thu Nov 24 05:17:07 +0000 2016"}
{"polarity": 0.0, "location": "Atlanta, GA", "sentiment": "neutral", "time": "Thu Nov 24 05:17:08 +0000 2016"}
{"polarity": 0.25, "location": "San Diego, CA", "sentiment": "positive", "time": "Thu Nov 24 05:17:20 +0000 2016"}
{"polarity": 0.09285714285714285, "location": "Phoenix, AZ", "sentiment": "positive", "time": "Thu Nov 24 05:17:24 +0000 2016"}
{"polarity": 0.0, "location": "Phoenix, AZ", "sentiment": "neutral", "time": "Thu Nov 24 05:17:37 +0000 2016"}
{"polarity": 0.25, "location": "Orlando, FL", "sentiment": "positive", "time": "Thu Nov 24 05:17:50 +0000 2016"}
{"polarity": 0.8, "location": "Portland, OR", "sentiment": "positive", "time": "Thu Nov 24 05:12:03 +0000 2016"}
{"polarity": 0.0, "location": "Boston, MA", "sentiment": "neutral", "time": "Thu Nov 24 05:12:12 +0000 2016"}
{"polarity": 0.5, "location": "New York, NY", "sentiment": "positive", "time": "Thu Nov 24 05:12:22 +0000 2016"}
{"polarity": 0.0, "location": "New York, NY", "sentiment": "neutral", "time": "Thu Nov 24 05:12:22 +0000 2016"}
{"polarity": -0.7142857142857143, "location": "Boston, MA", "sentiment": "negative", "time": "Thu Nov 24 05:12:39 +0000 2016"}
{"polarity": 1.0, "location": "Boston, MA", "sentiment": "positive", "time": "Thu Nov 24 05:12:45 +0000 2016"}
{"polarity": 0.8, "location": "Boston, MA", "sentiment": "positive", "time": "Thu Nov 24 05:12:51 +0000 2016"}
{"polarity": 0.0, "location": "New York, NY", "sentiment": "neutral", "time": "Thu Nov 24 05:12:54 +0000 2016"}
{"polarity": 0.12857142857142856, "location": "Portland, OR", "sentiment": "positive", "time": "Thu Nov 24 05:29:06 +0000 2016"}
{"polarity": 0.16, "location": "San Diego, CA", "sentiment": "positive", "time": "Thu Nov 24 05:29:25 +0000 2016"}
{"polarity": 0.38, "location": "Atlanta, GA", "sentiment": "positive", "time": "Thu Nov 24 05:29:35 +0000 2016"}
{"polarity": -0.5, "location": "Orlando, FL", "sentiment": "negative", "time": "Thu Nov 24 05:29:40 +0000 2016"}
{"polarity": 0.6, "location": "New York, NY", "sentiment": "positive", "time": "Thu Nov 24 05:29:44 +0000 2016"}
{"polarity": 0.5, "location": "Phoenix, AZ", "sentiment": "positive", "time": "Thu Nov 24 05:29:50 +0000 2016"}
{"polarity": 0.0, "location": "Atlanta, GA", "sentiment": "neutral", "time": "Thu Nov 24 05:18:07 +0000 2016"}
{"polarity": 0.0, "location": "Seattle, WA", "sentiment": "neutral", "time": "Thu Nov 24 05:18:08 +0000 2016"}
{"polarity": -0.2, "location": "Atlanta, GA", "sentiment": "negative", "time": "Thu Nov 24 05:18:15 +0000 2016"}
{"polarity": 0.4, "location": "New York, NY", "sentiment": "positive", "time": "Thu Nov 24 05:18:37 +0000 2016"}
{"polarity": 0.0, "location": "New York, NY", "sentiment": "neutral", "time": "Thu Nov 24 05:18:37 +0000 2016"}
{"polarity": -0.4, "location": "Boston, MA", "sentiment": "negative", "time": "Thu Nov 24 05:18:47 +0000 2016"}
{"polarity": 0.13636363636363635, "location": "Portland, OR", "sentiment": "positive", "time": "Thu Nov 24 05:18:48 +0000 2016"}
{"polarity": 0.15000000000000002, "location": "Seattle, WA", "sentiment": "positive", "time": "Thu Nov 24 05:18:50 +0000 2016"}
{"polarity": 0.3, "location": "Seattle, WA", "sentiment": "positive", "time": "Thu Nov 24 05:18:54 +0000 2016"}
{"polarity": 0.0, "location": "Atlanta, GA", "sentiment": "neutral", "time": "Thu Nov 24 05:18:58 +0000 2016"}
{"polarity": 0.25, "location": "Seattle, WA", "sentiment": "positive", "time": "Thu Nov 24 05:46:21 +0000 2016"}
{"polarity": 0.125, "location": "Boston, MA", "sentiment": "positive", "time": "Thu Nov 24 05:46:22 +0000 2016"}
{"polarity": 1.0, "location": "Atlanta, GA", "sentiment": "positive", "time": "Thu Nov 24 05:46:27 +0000 2016"}
{"polarity": 0.0, "location": "Phoenix, AZ", "sentiment": "neutral", "time": "Thu Nov 24 05:46:29 +0000 2016"}
{"polarity": -0.10714285714285715, "location": "Atlanta, GA", "sentiment": "negative", "time": "Thu Nov 24 05:46:41 +0000 2016"}
{"polarity": 0.6, "location": "Portland, OR", "sentiment": "positive", "time": "Thu Nov 24 05:46:58 +0000 2016"}
{"polarity": 0.0, "location": "Boston, MA", "sentiment": "neutral", "time": "Thu Nov 24 05:00:00 +0000 2016"}
{"polarity": 0.8, "location": "Atlanta, GA", "sentiment": "positive", "time": "Thu Nov 24 05:00:04 +0000 2016"}
{"polarity": 0.0, "location": "Boston, MA", "sentiment": "neutral", "time": "Thu Nov 24 05:00:00 +0000 2016"}
{"polarity": 0.0, "location": "Boston, MA", "sentiment": "neutral", "time": "Thu Nov 24 05:00:00 +0000 2016"}
{"polarity": 0.0, "location": "Orlando, FL", "sentiment": "neutral", "time": "Thu Nov 24 05:00:07 +0000 2016"}
{"polarity": 1.0, "location": "Phoenix, AZ", "sentiment": "positive", "time": "Thu Nov 24 05:00:08 +0000 2016"}
{"polarity": 0.0, "location": "Seattle, WA", "sentiment": "neutral", "time": "Thu Nov 24 05:00:26 +0000 2016"}
{"polarity": 0.25, "location": "Seattle, WA", "sentiment": "positive", "time": "Thu Nov 24 05:00:29 +0000 2016"}
{"polarity": 0.45, "location": "New York, NY", "sentiment": "positive", "time": "Thu Nov 24 05:00:37 +0000 2016"}
{"polarity": 0.0, "location": "New York, NY", "sentiment": "neutral", "time": "Thu Nov 24 05:00:40 +0000 2016"}
{"polarity": -0.09999999999999992, "location": "San Diego, CA", "sentiment": "negative", "time": "Thu Nov 24 05:00:52 +0000 2016"}
{"polarity": 0.0, "location": "Atlanta, GA", "sentiment": "neutral", "time": "Thu Nov 24 05:34:08 +0000 2016"}
{"polarity": 0.7, "location": "Orlando, FL", "sentiment": "positive", "time": "Thu Nov 24 05:05:01 +0000 2016"}
{"polarity": 0.0, "location": "Atlanta, GA", "sentiment": "neutral", "time": "Thu Nov 24 05:05:05 +0000 2016"}
{"polarity": 0.0, "location": "Atlanta, GA", "sentiment": "neutral", "time": "Thu Nov 24 05:05:19 +0000 2016"}
{"polarity": 0.2, "location": "New York, NY", "sentiment": "positive", "time": "Thu Nov 24 05:05:20 +0000 2016"}
{"polarity": -0.24999999999999992, "location": "Atlanta, GA", "sentiment": "negative", "time": "Thu Nov 24 05:05:32 +0000 2016"}
{"polarity": 0.0, "location": "Orlando, FL", "sentiment": "neutral", "time": "Thu Nov 24 05:05:33 +0000 2016"}
{"polarity": -0.5, "location": "New York, NY", "sentiment": "negative", "time": "Thu Nov 24 05:05:53 +0000 2016"}
{"polarity": 0.25, "location": "Seattle, WA", "sentiment": "positive", "time": "Thu Nov 24 05:05:54 +0000 2016"}
{"polarity": 0.25, "location": "Portland, OR", "sentiment": "positive", "time": "Thu Nov 24 05:05:55 +0000 2016"}
{"polarity": -0.2, "location": "St. Louis, MO", "sentiment": "negative", "time": "Thu Nov 24 05:11:05 +0000 2016"}
{"polarity": 0.0, "location": "Atlanta, GA", "sentiment": "neutral", "time": "Thu Nov 24 05:11:16 +0000 2016"}
{"polarity": 0.0, "location": "Atlanta, GA", "sentiment": "neutral", "time": "Thu Nov 24 05:11:22 +0000 2016"}
{"polarity": 0.0, "location": "Orlando, FL", "sentiment": "neutral", "time": "Thu Nov 24 05:11:25 +0000 2016"}
{"polarity": 0.0, "location": "Orlando, FL", "sentiment": "neutral", "time": "Thu Nov 24 05:11:46 +0000 2016"}
{"polarity": -0.20000000000000004, "location": "Portland, OR", "sentiment": "negative", "time": "Thu Nov 24 05:56:20 +0000 2016"}
{"polarity": 0.1, "location": "Boston, MA", "sentiment": "positive", "time": "Thu Nov 24 05:56:26 +0000 2016"}
{"polarity": 0.0, "location": "Atlanta, GA", "sentiment": "neutral", "time": "Thu Nov 24 05:56:29 +0000 2016"}
{"polarity": 0.4, "location": "Orlando, FL", "sentiment": "positive", "time": "Thu Nov 24 05:56:35 +0000 2016"}
{"polarity": -0.1375, "location": "New York, NY", "sentiment": "negative", "time": "Thu Nov 24 05:56:56 +0000 2016"}
{"polarity": 0.3, "location": "Phoenix, AZ", "sentiment": "positive", "time": "Thu Nov 24 05:47:02 +0000 2016"}
{"polarity": 0.0, "location": "New York, NY", "sentiment": "neutral", "time": "Thu Nov 24 05:47:02 +0000 2016"}
{"polarity": 0.55, "location": "Atlanta, GA", "sentiment": "positive", "time": "Thu Nov 24 05:47:06 +0000 2016"}
{"polarity": 0.25, "location": "Portland, OR", "sentiment": "positive", "time": "Thu Nov 24 05:47:07 +0000 2016"}
{"polarity": 0.19545454545454544, "location": "New York, NY", "sentiment": "positive", "time": "Thu Nov 24 05:47:10 +0000 2016"}
{"polarity": 0.0, "location": "New York, NY", "sentiment": "neutral", "time": "Thu Nov 24 05:47:19 +0000 2016"}
{"polarity": -0.4, "location": "New York, NY", "sentiment": "negative", "time": "Thu Nov 24 05:47:21 +0000 2016"}
{"polarity": 0.0, "location": "Seattle, WA", "sentiment": "neutral", "time": "Thu Nov 24 05:47:22 +0000 2016"}
{"polarity": 0.0, "location": "San Diego, CA", "sentiment": "neutral", "time": "Thu Nov 24 05:47:26 +0000 2016"}
{"polarity": 0.09999999999999998, "location": "New York, NY", "sentiment": "positive", "time": "Thu Nov 24 05:47:31 +0000 2016"}
{"polarity": 0.0, "location": "Phoenix, AZ", "sentiment": "neutral", "time": "Thu Nov 24 05:47:36 +0000 2016"}
{"polarity": 0.6, "location": "Portland, OR", "sentiment": "positive", "time": "Thu Nov 24 05:47:43 +0000 2016"}
{"polarity": 0.13636363636363635, "location": "Portland, OR", "sentiment": "positive", "time": "Thu Nov 24 05:47:47 +0000 2016"}
{"polarity": -0.4, "location": "San Diego, CA", "sentiment": "negative", "time": "Thu Nov 24 05:47:49 +0000 2016"}
{"polarity": 0.0, "location": "New York, NY", "sentiment": "neutral", "time": "Thu Nov 24 05:47:49 +0000 2016"}
{"polarity": 0.0, "location": "Atlanta, GA", "sentiment": "neutral", "time": "Thu Nov 24 05:47:50 +0000 2016"}
{"polarity": 0.6, "location": "New York, NY", "sentiment": "positive", "time": "Thu Nov 24 05:47:50 +0000 2016"}
{"polarity": -0.1, "location": "San Diego, CA", "sentiment": "negative", "time": "Thu Nov 24 05:52:02 +0000 2016"}
{"polarity": 0.08, "location": "New York, NY", "sentiment": "positive", "time": "Thu Nov 24 05:52:14 +0000 2016"}
{"polarity": -0.4, "location": "Atlanta, GA", "sentiment": "negative", "time": "Thu Nov 24 05:52:24 +0000 2016"}
{"polarity": 0.0, "location": "New York, NY", "sentiment": "neutral", "time": "Thu Nov 24 05:52:27 +0000 2016"}
{"polarity": -0.10000000000000003, "location": "Atlanta, GA", "sentiment": "negative", "time": "Thu Nov 24 05:52:34 +0000 2016"}
{"polarity": 0.2, "location": "Atlanta, GA", "sentiment": "positive", "time": "Thu Nov 24 05:52:36 +0000 2016"}
{"polarity": 0.0, "location": "San Diego, CA", "sentiment": "neutral", "time": "Thu Nov 24 05:52:50 +0000 2016"}
{"polarity": 0.0, "location": "Seattle, WA", "sentiment": "neutral", "time": "Thu Nov 24 05:53:20 +0000 2016"}
{"polarity": 0.0, "location": "Atlanta, GA", "sentiment": "neutral", "time": "Thu Nov 24 05:53:23 +0000 2016"}
{"polarity": -0.16666666666666666, "location": "New York, NY", "sentiment": "negative", "time": "Thu Nov 24 05:53:31 +0000 2016"}
{"polarity": 0.0, "location": "Portland, OR", "sentiment": "neutral", "time": "Thu Nov 24 05:53:34 +0000 2016"}
{"polarity": -0.6, "location": "St. Louis, MO", "sentiment": "negative", "time": "Thu Nov 24 05:53:36 +0000 2016"}
{"polarity": 0.25, "location": "San Diego, CA", "sentiment": "positive", "time": "Thu Nov 24 05:53:49 +0000 2016"}
{"polarity": 0.85, "location": "Orlando, FL", "sentiment": "positive", "time": "Thu Nov 24 05:53:49 +0000 2016"}
{"polarity": 0.8, "location": "Atlanta, GA", "sentiment": "positive", "time": "Thu Nov 24 05:53:51 +0000 2016"}
{"polarity": 0.7, "location": "Orlando, FL", "sentiment": "positive", "time": "Thu Nov 24 05:02:07 +0000 2016"}
{"polarity": 0.0, "location": "Portland, OR", "sentiment": "neutral", "time": "Thu Nov 24 05:02:08 +0000 2016"}
{"polarity": 0.0, "location": "Phoenix, AZ", "sentiment": "neutral", "time": "Thu Nov 24 05:02:12 +0000 2016"}
{"polarity": 0.0, "location": "San Diego, CA", "sentiment": "neutral", "time": "Thu Nov 24 05:02:18 +0000 2016"}
{"polarity": 0.6, "location": "Atlanta, GA", "sentiment": "positive", "time": "Thu Nov 24 05:02:24 +0000 2016"}
{"polarity": -0.4, "location": "San Diego, CA", "sentiment": "negative", "time": "Thu Nov 24 05:02:33 +0000 2016"}
{"polarity": 0.4, "location": "New York, NY", "sentiment": "positive", "time": "Thu Nov 24 05:02:50 +0000 2016"}
{"polarity": 0.35, "location": "Seattle, WA", "sentiment": "positive", "time": "Thu Nov 24 05:48:06 +0000 2016"}
{"polarity": 0.3392857142857143, "location": "Atlanta, GA", "sentiment": "positive", "time": "Thu Nov 24 05:48:17 +0000 2016"}
{"polarity": -0.9375, "location": "New York, NY", "sentiment": "negative", "time": "Thu Nov 24 05:48:18 +0000 2016"}
{"polarity": 0.0, "location": "Boston, MA", "sentiment": "neutral", "time": "Thu Nov 24 05:48:21 +0000 2016"}
{"polarity": 0.25, "location": "New York, NY", "sentiment": "positive", "time": "Thu Nov 24 05:48:36 +0000 2016"}
{"polarity": 1.0, "location": "Atlanta, GA", "sentiment": "positive", "time": "Thu Nov 24 05:48:38 +0000 2016"}
{"polarity": -1.0, "location": "Atlanta, GA", "sentiment": "negative", "time": "Thu Nov 24 05:48:45 +0000 2016"}
{"polarity": 0.3333333333333333, "location": "Boston, MA", "sentiment": "positive", "time": "Thu Nov 24 05:48:46 +0000 2016"}
{"polarity": 0.0, "location": "New York, NY", "sentiment": "neutral", "time": "Thu Nov 24 05:25:09 +0000 2016"}
{"polarity": 0.6875, "location": "San Diego, CA", "sentiment": "positive", "time": "Thu Nov 24 05:25:09 +0000 2016"}
{"polarity": 0.35, "location": "San Diego, CA", "sentiment": "positive", "time": "Thu Nov 24 05:25:17 +0000 2016"}
{"polarity": 0.0, "location": "Atlanta, GA", "sentiment": "neutral", "time": "Thu Nov 24 05:25:19 +0000 2016"}
{"polarity": 0.6, "location": "Seattle, WA", "sentiment": "positive", "time": "Thu Nov 24 05:25:28 +0000 2016"}
{"polarity": 0.0, "location": "Seattle, WA", "sentiment": "neutral", "time": "Thu Nov 24 05:25:37 +0000 2016"}
{"polarity": 0.0, "location": "Orlando, FL", "sentiment": "neutral", "time": "Thu Nov 24 05:25:46 +0000 2016"}
{"polarity": 0.0, "location": "Phoenix, AZ", "sentiment": "neutral", "time": "Thu Nov 24 05:25:46 +0000 2016"}
{"polarity": 0.0, "location": "Orlando, FL", "sentiment": "neutral", "time": "Thu Nov 24 05:25:54 +0000 2016"}
{"polarity": 0.0, "location": "Atlanta, GA", "sentiment": "neutral", "time": "Thu Nov 24 05:25:57 +0000 2016"}
{"polarity": 0.0, "location": "Phoenix, AZ", "sentiment": "neutral", "time": "Thu Nov 24 05:16:02 +0000 2016"}
{"polarity": -0.3125, "location": "Seattle, WA", "sentiment": "negative", "time": "Thu Nov 24 05:16:10 +0000 2016"}
{"polarity": 0.7, "location": "Atlanta, GA", "sentiment": "positive", "time": "Thu Nov 24 05:16:14 +0000 2016"}
{"polarity": -0.6, "location": "Atlanta, GA", "sentiment": "negative", "time": "Thu Nov 24 05:16:36 +0000 2016"}
{"polarity": 0.08125, "location": "New York, NY", "sentiment": "positive", "time": "Thu Nov 24 05:16:44 +0000 2016"}
{"polarity": 0.0, "location": "New York, NY", "sentiment": "neutral", "time": "Thu Nov 24 05:16:56 +0000 2016"}
{"polarity": 0.75, "location": "San Diego, CA", "sentiment": "positive", "time": "Thu Nov 24 05:14:02 +0000 2016"}
{"polarity": 0.0, "location": "Phoenix, AZ", "sentiment": "neutral", "time": "Thu Nov 24 05:14:04 +0000 2016"}
{"polarity": 0.0, "location": "Seattle, WA", "sentiment": "neutral", "time": "Thu Nov 24 05:14:22 +0000 2016"}
{"polarity": 0.0, "location": "Atlanta, GA", "sentiment": "neutral", "time": "Thu Nov 24 05:14:22 +0000 2016"}
{"polarity": 0.0, "location": "Phoenix, AZ", "sentiment": "neutral", "time": "Thu Nov 24 05:14:32 +0000 2016"}
{"polarity": 0.25, "location": "San Diego, CA", "sentiment": "positive", "time": "Thu Nov 24 05:14:45 +0000 2016"}
{"polarity": 0.2, "location": "Atlanta, GA", "sentiment": "positive", "time": "Thu Nov 24 05:14:46 +0000 2016"}
{"polarity": 0.0, "location": "San Diego, CA", "sentiment": "neutral", "time": "Thu Nov 24 05:14:48 +0000 2016"}
{"polarity": 0.0, "location": "Atlanta, GA", "sentiment": "neutral", "time": "Thu Nov 24 05:23:03 +0000 2016"}
{"polarity": 0.5, "location": "New York, NY", "sentiment": "positive", "time": "Thu Nov 24 05:23:16 +0000 2016"}
{"polarity": 0.0, "location": "New York, NY", "sentiment": "neutral", "time": "Thu Nov 24 05:23:20 +0000 2016"}
{"polarity": 0.13316761363636362, "location": "Atlanta, GA", "sentiment": "positive", "time": "Thu Nov 24 05:23:28 +0000 2016"}
{"polarity": 0.0, "location": "Atlanta, GA", "sentiment": "neutral", "time": "Thu Nov 24 05:23:41 +0000 2016"}
{"polarity": 0.0, "location": "Seattle, WA", "sentiment": "neutral", "time": "Thu Nov 24 05:23:46 +0000 2016"}
{"polarity": 0.2833333333333333, "location": "New York, NY", "sentiment": "positive", "time": "Thu Nov 24 05:07:05 +0000 2016"}
{"polarity": 0.0, "location": "Seattle, WA", "sentiment": "neutral", "time": "Thu Nov 24 05:07:18 +0000 2016"}
{"polarity": 0.0, "location": "Seattle, WA", "sentiment": "neutral", "time": "Thu Nov 24 05:07:19 +0000 2016"}
{"polarity": 0.0, "location": "Phoenix, AZ", "sentiment": "neutral", "time": "Thu Nov 24 05:07:20 +0000 2016"}
{"polarity": 0.0, "location": "Atlanta, GA", "sentiment": "neutral", "time": "Thu Nov 24 05:07:20 +0000 2016"}
{"polarity": 0.0, "location": "Atlanta, GA", "sentiment": "neutral", "time": "Thu Nov 24 05:07:34 +0000 2016"}
{"polarity": 3.700743415417188e-17, "location": "New York, NY", "sentiment": "positive", "time": "Thu Nov 24 05:51:11 +0000 2016"}
{"polarity": -0.0625, "location": "New York, NY", "sentiment": "negative", "time": "Thu Nov 24 05:51:26 +0000 2016"}
{"polarity": 0.65, "location": "Portland, OR", "sentiment": "positive", "time": "Thu Nov 24 05:51:36 +0000 2016"}
{"polarity": 0.0, "location": "Atlanta, GA", "sentiment": "neutral", "time": "Thu Nov 24 05:30:09 +0000 2016"}
{"polarity": 0.0, "location": "San Diego, CA", "sentiment": "neutral", "time": "Thu Nov 24 05:30:12 +0000 2016"}
{"polarity": 0.0, "location": "Seattle, WA", "sentiment": "neutral", "time": "Thu Nov 24 05:30:15 +0000 2016"}
{"polarity": 0.0, "location": "Atlanta, GA", "sentiment": "neutral", "time": "Thu Nov 24 05:30:18 +0000 2016"}
{"polarity": 0.0, "location": "Boston, MA", "sentiment": "neutral", "time": "Thu Nov 24 05:30:20 +0000 2016"}
{"polarity": 0.0, "location": "San Diego, CA", "sentiment": "neutral", "time": "Thu Nov 24 05:30:20 +0000 2016"}
{"polarity": 0.0, "location": "San Diego, CA", "sentiment": "neutral", "time": "Thu Nov 24 05:30:25 +0000 2016"}
{"polarity": 0.0, "location": "Orlando, FL", "sentiment": "neutral", "time": "Thu Nov 24 05:30:27 +0000 2016"}
{"polarity": 0.0, "location": "Boston, MA", "sentiment": "neutral", "time": "Thu Nov 24 05:30:29 +0000 2016"}
{"polarity": 0.6, "location": "Portland, OR", "sentiment": "positive", "time": "Thu Nov 24 05:30:32 +0000 2016"}
{"polarity": 0.0, "location": "Seattle, WA", "sentiment": "neutral", "time": "Thu Nov 24 05:30:34 +0000 2016"}
{"polarity": 0.0, "location": "Phoenix, AZ", "sentiment": "neutral", "time": "Thu Nov 24 05:30:38 +0000 2016"}
{"polarity": -0.1, "location": "Phoenix, AZ", "sentiment": "negative", "time": "Thu Nov 24 05:30:54 +0000 2016"}
{"polarity": 0.525, "location": "Orlando, FL", "sentiment": "positive", "time": "Thu Nov 24 05:30:58 +0000 2016"}
{"polarity": -0.2, "location": "New York, NY", "sentiment": "negative", "time": "Thu Nov 24 05:03:01 +0000 2016"}
{"polarity": 0.0, "location": "Orlando, FL", "sentiment": "neutral", "time": "Thu Nov 24 05:03:06 +0000 2016"}
{"polarity": 0.0, "location": "Orlando, FL", "sentiment": "neutral", "time": "Thu Nov 24 05:03:14 +0000 2016"}
{"polarity": 0.0, "location": "Atlanta, GA", "sentiment": "neutral", "time": "Thu Nov 24 05:03:17 +0000 2016"}
{"polarity": -0.13125, "location": "San Diego, CA", "sentiment": "negative", "time": "Thu Nov 24 05:03:19 +0000 2016"}
{"polarity": 0.13636363636363635, "location": "New York, NY", "sentiment": "positive", "time": "Thu Nov 24 05:40:01 +0000 2016"}
{"polarity": 0.5, "location": "Orlando, FL", "sentiment": "positive", "time": "Thu Nov 24 05:40:03 +0000 2016"}
{"polarity": 0.0, "location": "Seattle, WA", "sentiment": "neutral", "time": "Thu Nov 24 05:40:03 +0000 2016"}
{"polarity": 0.0, "location": "Boston, MA", "sentiment": "neutral", "time": "Thu Nov 24 05:40:10 +0000 2016"}
{"polarity": -0.15000000000000002, "location": "Portland, OR", "sentiment": "negative", "time": "Thu Nov 24 05:40:14 +0000 2016"}
{"polarity": 0.2, "location": "San Diego, CA", "sentiment": "positive", "time": "Thu Nov 24 05:40:18 +0000 2016"}
{"polarity": 0.16666666666666669, "location": "Atlanta, GA", "sentiment": "positive", "time": "Thu Nov 24 05:40:28 +0000 2016"}
{"polarity": 0.2857142857142857, "location": "New York, NY", "sentiment": "positive", "time": "Thu Nov 24 05:40:32 +0000 2016"}
{"polarity": 0.2333333333333333, "location": "San Diego, CA", "sentiment": "positive", "time": "Thu Nov 24 05:40:34 +0000 2016"}
{"polarity": 0.0, "location": "Atlanta, GA", "sentiment": "neutral", "time": "Thu Nov 24 05:40:35 +0000 2016"}
{"polarity": 0.5, "location": "Seattle, WA", "sentiment": "positive", "time": "Thu Nov 24 05:40:47 +0000 2016"}
{"polarity": 0.125, "location": "New York, NY", "sentiment": "positive", "time": "Thu Nov 24 05:08:02 +0000 2016"}
{"polarity": 0.0, "location": "Portland, OR", "sentiment": "neutral", "time": "Thu Nov 24 05:08:03 +0000 2016"}
{"polarity": 0.0, "location": "Portland, OR", "sentiment": "neutral", "time": "Thu Nov 24 05:08:10 +0000 2016"}
{"polarity": -0.2916666666666667, "location": "San Diego, CA", "sentiment": "negative", "time": "Thu Nov 24 05:08:20 +0000 2016"}
{"polarity": 0.5, "location": "New York, NY", "sentiment": "positive", "time": "Thu Nov 24 05:08:23 +0000 2016"}
{"polarity": 0.0, "location": "New York, NY", "sentiment": "neutral", "time": "Thu Nov 24 05:08:25 +0000 2016"}
{"polarity": 0.0, "location": "Atlanta, GA", "sentiment": "neutral", "time": "Thu Nov 24 05:08:40 +0000 2016"}
{"polarity": -0.15555555555555559, "location": "Atlanta, GA", "sentiment": "negative", "time": "Thu Nov 24 05:08:44 +0000 2016"}
{"polarity": -0.5, "location": "San Diego, CA", "sentiment": "negative", "time": "Thu Nov 24 05:08:59 +0000 2016"}
{"polarity": 0.0, "location": "San Diego, CA", "sentiment": "neutral", "time": "Thu Nov 24 05:35:49 +0000 2016"}
{"polarity": 0.2, "location": "Atlanta, GA", "sentiment": "positive", "time": "Thu Nov 24 05:43:05 +0000 2016"}
{"polarity": 0.13636363636363635, "location": "Boston, MA", "sentiment": "positive", "time": "Thu Nov 24 05:43:10 +0000 2016"}
{"polarity": 0.13636363636363635, "location": "New York, NY", "sentiment": "positive", "time": "Thu Nov 24 05:43:15 +0000 2016"}
{"polarity": -0.03571428571428571, "location": "Atlanta, GA", "sentiment": "negative", "time": "Thu Nov 24 05:43:18 +0000 2016"}
{"polarity": 0.0, "location": "Portland, OR", "sentiment": "neutral", "time": "Thu Nov 24 05:43:26 +0000 2016"}
{"polarity": 0.0, "location": "New York, NY", "sentiment": "neutral", "time": "Thu Nov 24 05:43:38 +0000 2016"}
{"polarity": 0.3, "location": "New York, NY", "sentiment": "positive", "time": "Thu Nov 24 05:43:40 +0000 2016"}
{"polarity": 0.0, "location": "New York, NY", "sentiment": "neutral", "time": "Thu Nov 24 05:43:41 +0000 2016"}
{"polarity": -0.5, "location": "Orlando, FL", "sentiment": "negative", "time": "Thu Nov 24 05:43:49 +0000 2016"}
{"polarity": 0.0, "location": "Atlanta, GA", "sentiment": "neutral", "time": "Thu Nov 24 05:43:52 +0000 2016"}
{"polarity": -0.2, "location": "Orlando, FL", "sentiment": "negative", "time": "Thu Nov 24 05:43:52 +0000 2016"}
{"polarity": 0.5, "location": "New York, NY", "sentiment": "positive", "time": "Thu Nov 24 05:10:04 +0000 2016"}
{"polarity": 0.0, "location": "Orlando, FL", "sentiment": "neutral", "time": "Thu Nov 24 05:10:04 +0000 2016"}
{"polarity": 0.0, "location": "Orlando, FL", "sentiment": "neutral", "time": "Thu Nov 24 05:10:06 +0000 2016"}
{"polarity": 0.0, "location": "Phoenix, AZ", "sentiment": "neutral", "time": "Thu Nov 24 05:10:09 +0000 2016"}
{"polarity": -0.11666666666666665, "location": "Atlanta, GA", "sentiment": "negative", "time": "Thu Nov 24 05:10:17 +0000 2016"}
{"polarity": -0.2, "location": "New York, NY", "sentiment": "negative", "time": "Thu Nov 24 05:10:26 +0000 2016"}
{"polarity": 0.20833333333333331, "location": "Phoenix, AZ", "sentiment": "positive", "time": "Thu Nov 24 05:10:42 +0000 2016"}
{"polarity": 0.3166666666666667, "location": "Portland, OR", "sentiment": "positive", "time": "Thu Nov 24 05:10:55 +0000 2016"}
{"polarity": 0.0, "location": "Boston, MA", "sentiment": "neutral", "time": "Thu Nov 24 05:10:55 +0000 2016"}
{"polarity": 0.0, "location": "Boston, MA", "sentiment": "neutral", "time": "Thu Nov 24 05:10:55 +0000 2016"}
{"polarity": 0.0, "location": "Boston, MA", "sentiment": "neutral", "time": "Thu Nov 24 05:10:57 +0000 2016"}
{"polarity": 0.3333333333333333, "location": "Phoenix, AZ", "sentiment": "positive", "time": "Thu Nov 24 05:54:01 +0000 2016"}
{"polarity": 0.0, "location": "Atlanta, GA", "sentiment": "neutral", "time": "Thu Nov 24 05:54:04 +0000 2016"}
{"polarity": 0.2625, "location": "Boston, MA", "sentiment": "positive", "time": "Thu Nov 24 05:54:08 +0000 2016"}
{"polarity": 0.0, "location": "Orlando, FL", "sentiment": "neutral", "time": "Thu Nov 24 05:54:37 +0000 2016"}
{"polarity": 0.0, "location": "San Diego, CA", "sentiment": "neutral", "time": "Thu Nov 24 05:54:40 +0000 2016"}
{"polarity": 0.6, "location": "Phoenix, AZ", "sentiment": "positive", "time": "Thu Nov 24 05:24:18 +0000 2016"}
{"polarity": 0.0, "location": "New York, NY", "sentiment": "neutral", "time": "Thu Nov 24 05:24:19 +0000 2016"}
{"polarity": -0.16666666666666666, "location": "New York, NY", "sentiment": "negative", "time": "Thu Nov 24 05:24:30 +0000 2016"}
{"polarity": 0.0, "location": "San Diego, CA", "sentiment": "neutral", "time": "Thu Nov 24 05:24:35 +0000 2016"}
{"polarity": 0.0, "location": "New York, NY", "sentiment": "neutral", "time": "Thu Nov 24 05:24:37 +0000 2016"}
{"polarity": -0.234375, "location": "Phoenix, AZ", "sentiment": "negative", "time": "Thu Nov 24 05:24:44 +0000 2016"}
{"polarity": 0.0, "location": "Atlanta, GA", "sentiment": "neutral", "time": "Thu Nov 24 05:24:45 +0000 2016"}
{"polarity": 0.7, "location": "Seattle, WA", "sentiment": "positive", "time": "Thu Nov 24 05:24:51 +0000 2016"}
{"polarity": 0.5, "location": "Phoenix, AZ", "sentiment": "positive", "time": "Thu Nov 24 05:24:55 +0000 2016"}
{"polarity": -0.2, "location": "New York, NY", "sentiment": "negative", "time": "Thu Nov 24 05:24:58 +0000 2016"}
{"polarity": 0.0, "location": "New York, NY", "sentiment": "neutral", "time": "Thu Nov 24 05:32:13 +0000 2016"}
{"polarity": 0.0, "location": "Atlanta, GA", "sentiment": "neutral", "time": "Thu Nov 24 05:32:18 +0000 2016"}
{"polarity": 0.0, "location": "Atlanta, GA", "sentiment": "neutral", "time": "Thu Nov 24 05:32:24 +0000 2016"}
{"polarity": 0.0, "location": "Boston, MA", "sentiment": "neutral", "time": "Thu Nov 24 05:32:31 +0000 2016"}
{"polarity": 0.0, "location": "Boston, MA", "sentiment": "neutral", "time": "Thu Nov 24 05:32:41 +0000 2016"}
{"polarity": 0.5, "location": "Portland, OR", "sentiment": "positive", "time": "Thu Nov 24 05:32:46 +0000 2016"}
{"polarity": 0.21428571428571427, "location": "Portland, OR", "sentiment": "positive", "time": "Thu Nov 24 05:36:04 +0000 2016"}
{"polarity": 0.8, "location": "San Diego, CA", "sentiment": "positive", "time": "Thu Nov 24 05:36:08 +0000 2016"}
{"polarity": -0.050000000000000024, "location": "Seattle, WA", "sentiment": "negative", "time": "Thu Nov 24 05:36:22 +0000 2016"}
{"polarity": 0.0, "location": "New York, NY", "sentiment": "neutral", "time": "Thu Nov 24 05:36:22 +0000 2016"}
{"polarity": 0.0, "location": "San Diego, CA", "sentiment": "neutral", "time": "Thu Nov 24 05:36:33 +0000 2016"}
{"polarity": 0.2375, "location": "Atlanta, GA", "sentiment": "positive", "time": "Thu Nov 24 05:36:36 +0000 2016"}
{"polarity": 0.3, "location": "New York, NY", "sentiment": "positive", "time": "Thu Nov 24 05:36:38 +0000 2016"}
{"polarity": 0.0, "location": "New York, NY", "sentiment": "neutral", "time": "Thu Nov 24 05:36:44 +0000 2016"}
{"polarity": 0.8, "location": "New York, NY", "sentiment": "positive", "time": "Thu Nov 24 05:36:56 +0000 2016"}
{"polarity": 0.5, "location": "San Diego, CA", "sentiment": "positive", "time": "Thu Nov 24 05:36:57 +0000 2016"}
{"polarity": -0.3333333333333333, "location": "New York, NY", "sentiment": "negative", "time": "Thu Nov 24 05:36:58 +0000 2016"}
{"polarity": 0.06666666666666665, "location": "Boston, MA", "sentiment": "positive", "time": "Thu Nov 24 05:01:12 +0000 2016"}
{"polarity": 0.8, "location": "San Diego, CA", "sentiment": "positive", "time": "Thu Nov 24 05:01:27 +0000 2016"}
{"polarity": -0.16666666666666666, "location": "Phoenix, AZ", "sentiment": "negative", "time": "Thu Nov 24 05:01:27 +0000 2016"}
{"polarity": 0.09999999999999998, "location": "San Diego, CA", "sentiment": "positive", "time": "Thu Nov 24 05:01:31 +0000 2016"}
{"polarity": 0.0, "location": "Orlando, FL", "sentiment": "neutral", "time": "Thu Nov 24 05:01:34 +0000 2016"}
{"polarity": 0.2, "location": "New York, NY", "sentiment": "positive", "time": "Thu Nov 24 05:01:36 +0000 2016"}
{"polarity": 0.0, "location": "Phoenix, AZ", "sentiment": "neutral", "time": "Thu Nov 24 05:01:40 +0000 2016"}
{"polarity": 0.0, "location": "San Diego, CA", "sentiment": "neutral", "time": "Thu Nov 24 05:01:44 +0000 2016"}
{"polarity": 0.65625, "location": "New York, NY", "sentiment": "positive", "time": "Thu Nov 24 05:01:47 +0000 2016"}
{"polarity": 0.0, "location": "Atlanta, GA", "sentiment": "neutral", "time": "Thu Nov 24 05:01:53 +0000 2016"}
{"polarity": 0.7500000000000001, "location": "Phoenix, AZ", "sentiment": "positive", "time": "Thu Nov 24 05:01:54 +0000 2016"}
{"polarity": 0.3, "location": "New York, NY", "sentiment": "positive", "time": "Thu Nov 24 05:55:02 +0000 2016"}
{"polarity": 0.0, "location": "San Diego, CA", "sentiment": "neutral", "time": "Thu Nov 24 05:55:02 +0000 2016"}
{"polarity": 0.11666666666666665, "location": "Portland, OR", "sentiment": "positive", "time": "Thu Nov 24 05:55:03 +0000 2016"}
{"polarity": 0.0, "location": "Phoenix, AZ", "sentiment": "neutral", "time": "Thu Nov 24 05:55:10 +0000 2016"}
{"polarity": 0.0, "location": "Seattle, WA", "sentiment": "neutral", "time": "Thu Nov 24 05:55:21 +0000 2016"}
{"polarity": 0.0, "location": "Atlanta, GA", "sentiment": "neutral", "time": "Thu Nov 24 05:55:33 +0000 2016"}
{"polarity": 0.0, "location": "New York, NY", "sentiment": "neutral", "time": "Thu Nov 24 05:55:36 +0000 2016"}
{"polarity": 0.0, "location": "Orlando, FL", "sentiment": "neutral", "time": "Thu Nov 24 05:55:39 +0000 2016"}
{"polarity": 0.0, "location": "Atlanta, GA", "sentiment": "neutral", "time": "Thu Nov 24 05:55:46 +0000 2016"}
{"polarity": 0.0, "location": "Phoenix, AZ", "sentiment": "neutral", "time": "Thu Nov 24 05:55:49 +0000 2016"}
{"polarity": 0.20416666666666664, "location": "Atlanta, GA", "sentiment": "positive", "time": "Thu Nov 24 05:09:23 +0000 2016"}
{"polarity": 0.025, "location": "Portland, OR", "sentiment": "positive", "time": "Thu Nov 24 05:09:28 +0000 2016"}
{"polarity": 0.0, "location": "New York, NY", "sentiment": "neutral", "time": "Thu Nov 24 05:09:33 +0000 2016"}
{"polarity": 0.0, "location": "Atlanta, GA", "sentiment": "neutral", "time": "Thu Nov 24 05:09:34 +0000 2016"}
{"polarity": 0.25, "location": "Phoenix, AZ", "sentiment": "positive", "time": "Thu Nov 24 05:09:44 +0000 2016"}
{"polarity": 0.7, "location": "Atlanta, GA", "sentiment": "positive", "time": "Thu Nov 24 05:09:47 +0000 2016"}
{"polarity": -0.525, "location": "Boston, MA", "sentiment": "negative", "time": "Thu Nov 24 05:09:54 +0000 2016"}
{"polarity": 0.25, "location": "Phoenix, AZ", "sentiment": "positive", "time": "Thu Nov 24 05:09:57 +0000 2016"}
{"polarity": 0.5, "location": "Boston, MA", "sentiment": "positive", "time": "Thu Nov 24 05:33:00 +0000 2016"}
{"polarity": 0.0, "location": "Seattle, WA", "sentiment": "neutral", "time": "Thu Nov 24 05:33:03 +0000 2016"}
{"polarity": 0.0, "location": "Atlanta, GA", "sentiment": "neutral", "time": "Thu Nov 24 05:33:30 +0000 2016"}
{"polarity": 0.4375, "location": "Atlanta, GA", "sentiment": "positive", "time": "Thu Nov 24 05:33:48 +0000 2016"}
{"polarity": -0.2, "location": "Portland, OR", "sentiment": "negative", "time": "Thu Nov 24 05:33:54 +0000 2016"}
{"polarity": 0.7, "location": "Phoenix, AZ", "sentiment": "positive", "time": "Thu Nov 24 05:44:09 +0000 2016"}
{"polarity": 0.0, "location": "New York, NY", "sentiment": "neutral", "time": "Thu Nov 24 05:44:12 +0000 2016"}
{"polarity": -0.0068181818181818205, "location": "San Diego, CA", "sentiment": "negative", "time": "Thu Nov 24 05:44:14 +0000 2016"}
{"polarity": -0.125, "location": "Portland, OR", "sentiment": "negative", "time": "Thu Nov 24 05:44:23 +0000 2016"}
{"polarity": 0.0, "location": "Orlando, FL", "sentiment": "neutral", "time": "Thu Nov 24 05:44:26 +0000 2016"}
{"polarity": 0.0, "location": "San Diego, CA", "sentiment": "neutral", "time": "Thu Nov 24 05:44:37 +0000 2016"}
{"polarity": 0.35, "location": "New York, NY", "sentiment": "positive", "time": "Thu Nov 24 05:44:59 +0000 2016"}
{"polarity": 0.6, "location": "Orlando, FL", "sentiment": "positive", "time": "Thu Nov 24 05:28:14 +0000 2016"}
{"polarity": 0.0, "location": "Phoenix, AZ", "sentiment": "neutral", "time": "Thu Nov 24 05:28:42 +0000 2016"}
{"polarity": 0.25, "location": "Phoenix, AZ", "sentiment": "positive", "time": "Thu Nov 24 05:28:46 +0000 2016"}
{"polarity": 0.3125, "location": "Boston, MA", "sentiment": "positive", "time": "Thu Nov 24 05:22:10 +0000 2016"}
{"polarity": 0.0, "location": "Boston, MA", "sentiment": "neutral", "time": "Thu Nov 24 05:22:12 +0000 2016"}
{"polarity": -0.4, "location": "Seattle, WA", "sentiment": "negative", "time": "Thu Nov 24 05:22:14 +0000 2016"}
{"polarity": 0.0, "location": "San Diego, CA", "sentiment": "neutral", "time": "Thu Nov 24 05:22:21 +0000 2016"}
{"polarity": 0.0, "location": "New York, NY", "sentiment": "neutral", "time": "Thu Nov 24 05:22:30 +0000 2016"}
{"polarity": 0.225, "location": "New York, NY", "sentiment": "positive", "time": "Thu Nov 24 05:22:34 +0000 2016"}
{"polarity": 0.5, "location": "Orlando, FL", "sentiment": "positive", "time": "Thu Nov 24 05:22:35 +0000 2016"}
{"polarity": -0.8, "location": "Phoenix, AZ", "sentiment": "negative", "time": "Thu Nov 24 05:22:49 +0000 2016"}
{"polarity": 0.0, "location": "Orlando, FL", "sentiment": "neutral", "time": "Thu Nov 24 05:22:50 +0000 2016"}
{"polarity": 0.0, "location": "San Diego, CA", "sentiment": "neutral", "time": "Thu Nov 24 05:22:50 +0000 2016"}
{"polarity": -0.4, "location": "San Diego, CA", "sentiment": "negative", "time": "Thu Nov 24 05:49:09 +0000 2016"}
{"polarity": 0.0, "location": "Atlanta, GA", "sentiment": "neutral", "time": "Thu Nov 24 05:49:24 +0000 2016"}
{"polarity": 0.0, "location": "New York, NY", "sentiment": "neutral", "time": "Thu Nov 24 05:49:28 +0000 2016"}
{"polarity": 0.7, "location": "Atlanta, GA", "sentiment": "positive", "time": "Thu Nov 24 05:49:38 +0000 2016"}
{"polarity": 0.0, "location": "Atlanta, GA", "sentiment": "neutral", "time": "Thu Nov 24 05:49:40 +0000 2016"}
{"polarity": 0.0, "location": "Atlanta, GA", "sentiment": "neutral", "time": "Thu Nov 24 05:49:51 +0000 2016"}
{"polarity": -1.0, "location": "San Diego, CA", "sentiment": "negative", "time": "Thu Nov 24 05:49:57 +0000 2016"}
{"polarity": 0.0, "location": "Atlanta, GA", "sentiment": "neutral", "time": "Thu Nov 24 05:49:57 +0000 2016"}
{"polarity": 1.0, "location": "San Diego, CA", "sentiment": "positive", "time": "Thu Nov 24 05:45:01 +0000 2016"}
{"polarity": 0.0, "location": "Seattle, WA", "sentiment": "neutral", "time": "Thu Nov 24 05:45:08 +0000 2016"}
{"polarity": 0.0, "location": "Boston, MA", "sentiment": "neutral", "time": "Thu Nov 24 05:45:39 +0000 2016"}
{"polarity": 0.4083333333333333, "location": "San Diego, CA", "sentiment": "positive", "time": "Thu Nov 24 05:45:42 +0000 2016"}
{"polarity": 0.0, "location": "Orlando, FL", "sentiment": "neutral", "time": "Thu Nov 24 05:45:43 +0000 2016"}
{"polarity": 0.13636363636363635, "location": "Atlanta, GA", "sentiment": "positive", "time": "Thu Nov 24 05:45:58 +0000 2016"}
{"polarity": 0.44999999999999996, "location": "Phoenix, AZ", "sentiment": "positive", "time": "Thu Nov 24 05:06:04 +0000 2016"}
{"polarity": 0.0, "location": "Seattle, WA", "sentiment": "neutral", "time": "Thu Nov 24 05:06:10 +0000 2016"}
{"polarity": 0.0, "location": "New York, NY", "sentiment": "neutral", "time": "Thu Nov 24 05:06:10 +0000 2016"}
{"polarity": 0.0, "location": "New York, NY", "sentiment": "neutral", "time": "Thu Nov 24 05:06:11 +0000 2016"}
{"polarity": -0.08333333333333333, "location": "Phoenix, AZ", "sentiment": "negative", "time": "Thu Nov 24 05:06:14 +0000 2016"}
{"polarity": -0.4, "location": "Atlanta, GA", "sentiment": "negative", "time": "Thu Nov 24 05:06:19 +0000 2016"}
{"polarity": -0.05, "location": "Portland, OR", "sentiment": "negative", "time": "Thu Nov 24 05:06:19 +0000 2016"}
{"polarity": 0.5, "location": "New York, NY", "sentiment": "positive", "time": "Thu Nov 24 05:06:33 +0000 2016"}
{"polarity": 0.8, "location": "Phoenix, AZ", "sentiment": "positive", "time": "Thu Nov 24 05:06:35 +0000 2016"}
{"polarity": 0.0, "location": "Phoenix, AZ", "sentiment": "neutral", "time": "Thu Nov 24 05:06:42 +0000 2016"}
{"polarity": 0.0, "location": "Phoenix, AZ", "sentiment": "neutral", "time": "Thu Nov 24 05:06:43 +0000 2016"}
{"polarity": 0.8, "location": "Boston, MA", "sentiment": "positive", "time": "Thu Nov 24 05:06:48 +0000 2016"}
{"polarity": 0.25, "location": "Boston, MA", "sentiment": "positive", "time": "Thu Nov 24 05:20:04 +0000 2016"}
{"polarity": 0.25, "location": "San Diego, CA", "sentiment": "positive", "time": "Thu Nov 24 05:20:04 +0000 2016"}
{"polarity": 0.25, "location": "San Diego, CA", "sentiment": "positive", "time": "Thu Nov 24 05:20:19 +0000 2016"}
{"polarity": 0.3, "location": "New York, NY", "sentiment": "positive", "time": "Thu Nov 24 05:20:28 +0000 2016"}
{"polarity": 0.0, "location": "Seattle, WA", "sentiment": "neutral", "time": "Thu Nov 24 05:20:32 +0000 2016"}
{"polarity": 0.9765625, "location": "Boston, MA", "sentiment": "positive", "time": "Thu Nov 24 05:13:01 +0000 2016"}
{"polarity": 0.0, "location": "Seattle, WA", "sentiment": "neutral", "time": "Thu Nov 24 05:13:04 +0000 2016"}
{"polarity": 0.41893939393939394, "location": "Phoenix, AZ", "sentiment": "positive", "time": "Thu Nov 24 05:13:26 +0000 2016"}
{"polarity": 0.0, "location": "Orlando, FL", "sentiment": "neutral", "time": "Thu Nov 24 05:13:35 +0000 2016"}
{"polarity": -0.125, "location": "New York, NY", "sentiment": "negative", "time": "Thu Nov 24 05:13:35 +0000 2016"}
{"polarity": 0.014814814814814808, "location": "Boston, MA", "sentiment": "positive", "time": "Thu Nov 24 05:13:39 +0000 2016"}
{"polarity": 0.45333333333333337, "location": "Portland, OR", "sentiment": "positive", "time": "Thu Nov 24 05:13:42 +0000 2016"}
{"polarity": 0.0, "location": "Portland, OR", "sentiment": "neutral", "time": "Thu Nov 24 05:13:46 +0000 2016"}
{"polarity": 0.36818181818181817, "location": "New York, NY", "sentiment": "positive", "time": "Thu Nov 24 05:13:54 +0000 2016"}
{"polarity": 0.0, "location": "Seattle, WA", "sentiment": "neutral", "time": "Thu Nov 24 05:04:04 +0000 2016"}
{"polarity": 0.0, "location": "New York, NY", "sentiment": "neutral", "time": "Thu Nov 24 05:04:16 +0000 2016"}
{"polarity": -0.625, "location": "Seattle, WA", "sentiment": "negative", "time": "Thu Nov 24 05:04:24 +0000 2016"}
{"polarity": 0.0, "location": "Seattle, WA", "sentiment": "neutral", "time": "Thu Nov 24 05:04:27 +0000 2016"}
{"polarity": -0.09375, "location": "St. Louis, MO", "sentiment": "negative", "time": "Thu Nov 24 05:04:28 +0000 2016"}
{"polarity": 0.4, "location": "San Diego, CA", "sentiment": "positive", "time": "Thu Nov 24 05:04:30 +0000 2016"}
{"polarity": 0.0, "location": "Orlando, FL", "sentiment": "neutral", "time": "Thu Nov 24 05:04:30 +0000 2016"}
{"polarity": 0.0, "location": "Seattle, WA", "sentiment": "neutral", "time": "Thu Nov 24 05:04:39 +0000 2016"}
{"polarity": 0.0, "location": "San Diego, CA", "sentiment": "neutral", "time": "Wed Nov 23 14:39:00 +0000 2016"}
{"polarity": 0.0, "location": "Seattle, WA", "sentiment": "neutral", "time": "Wed Nov 23 14:39:03 +0000 2016"}
{"polarity": 0.0, "location": "Orlando, FL", "sentiment": "neutral", "time": "Wed Nov 23 14:39:06 +0000 2016"}
{"polarity": 0.08, "location": "New York, NY", "sentiment": "positive", "time": "Wed Nov 23 14:39:08 +0000 2016"}
{"polarity": 0.0, "location": "New York, NY", "sentiment": "neutral", "time": "Wed Nov 23 14:39:26 +0000 2016"}
{"polarity": 0.0, "location": "Seattle, WA", "sentiment": "neutral", "time": "Wed Nov 23 14:39:26 +0000 2016"}
{"polarity": 0.0, "location": "Orlando, FL", "sentiment": "neutral", "time": "Wed Nov 23 14:39:33 +0000 2016"}
{"polarity": -0.2, "location": "Atlanta, GA", "sentiment": "negative", "time": "Wed Nov 23 14:39:47 +0000 2016"}
{"polarity": 0.0, "location": "Boston, MA", "sentiment": "neutral", "time": "Wed Nov 23 14:39:54 +0000 2016"}
{"polarity": -0.30000000000000004, "location": "Boston, MA", "sentiment": "negative", "time": "Wed Nov 23 14:59:10 +0000 2016"}
{"polarity": 0.0, "location": "New York, NY", "sentiment": "neutral", "time": "Wed Nov 23 14:59:19 +0000 2016"}
{"polarity": -0.5, "location": "Seattle, WA", "sentiment": "negative", "time": "Wed Nov 23 14:59:20 +0000 2016"}
{"polarity": 0.0, "location": "Seattle, WA", "sentiment": "neutral", "time": "Wed Nov 23 14:59:44 +0000 2016"}
{"polarity": 0.7, "location": "Orlando, FL", "sentiment": "positive", "time": "Wed Nov 23 14:19:05 +0000 2016"}
{"polarity": -0.375, "location": "Boston, MA", "sentiment": "negative", "time": "Wed Nov 23 14:19:14 +0000 2016"}
{"polarity": 0.0, "location": "Seattle, WA", "sentiment": "neutral", "time": "Wed Nov 23 14:19:23 +0000 2016"}
{"polarity": 0.0, "location": "Orlando, FL", "sentiment": "neutral", "time": "Wed Nov 23 14:19:43 +0000 2016"}
{"polarity": 0.6000000000000001, "location": "Boston, MA", "sentiment": "positive", "time": "Wed Nov 23 14:19:54 +0000 2016"}
{"polarity": 0.0, "location": "New York, NY", "sentiment": "neutral", "time": "Wed Nov 23 14:19:58 +0000 2016"}
{"polarity": 0.0, "location": "Boston, MA", "sentiment": "neutral", "time": "Wed Nov 23 14:19:58 +0000 2016"}
{"polarity": 0.0, "location": "Atlanta, GA", "sentiment": "neutral", "time": "Wed Nov 23 14:37:08 +0000 2016"}
{"polarity": 0.0, "location": "St. Louis, MO", "sentiment": "neutral", "time": "Wed Nov 23 14:37:37 +0000 2016"}
{"polarity": 0.0, "location": "New York, NY", "sentiment": "neutral", "time": "Wed Nov 23 14:37:57 +0000 2016"}
{"polarity": 0.0, "location": "Orlando, FL", "sentiment": "neutral", "time": "Wed Nov 23 14:37:58 +0000 2016"}
{"polarity": 0.0, "location": "Orlando, FL", "sentiment": "neutral", "time": "Wed Nov 23 14:31:00 +0000 2016"}
{"polarity": 0.625, "location": "New York, NY", "sentiment": "positive", "time": "Wed Nov 23 14:31:07 +0000 2016"}
{"polarity": 0.0, "location": "New York, NY", "sentiment": "neutral", "time": "Wed Nov 23 14:31:10 +0000 2016"}
{"polarity": 0.0, "location": "Atlanta, GA", "sentiment": "neutral", "time": "Wed Nov 23 14:31:13 +0000 2016"}
{"polarity": 0.0, "location": "Boston, MA", "sentiment": "neutral", "time": "Wed Nov 23 14:31:21 +0000 2016"}
{"polarity": 0.5, "location": "San Diego, CA", "sentiment": "positive", "time": "Wed Nov 23 14:31:29 +0000 2016"}
{"polarity": 0.0, "location": "New York, NY", "sentiment": "neutral", "time": "Wed Nov 23 14:31:31 +0000 2016"}
{"polarity": -0.25, "location": "Atlanta, GA", "sentiment": "negative", "time": "Wed Nov 23 14:31:34 +0000 2016"}
{"polarity": 0.0, "location": "Atlanta, GA", "sentiment": "neutral", "time": "Wed Nov 23 14:31:36 +0000 2016"}
{"polarity": 0.0, "location": "New York, NY", "sentiment": "neutral", "time": "Wed Nov 23 14:31:39 +0000 2016"}
{"polarity": 0.0, "location": "Boston, MA", "sentiment": "neutral", "time": "Wed Nov 23 14:31:41 +0000 2016"}
{"polarity": -0.2, "location": "Seattle, WA", "sentiment": "negative", "time": "Wed Nov 23 14:31:45 +0000 2016"}
{"polarity": 0.8, "location": "Boston, MA", "sentiment": "positive", "time": "Wed Nov 23 14:31:54 +0000 2016"}
{"polarity": 0.0, "location": "New York, NY", "sentiment": "neutral", "time": "Wed Nov 23 14:41:06 +0000 2016"}
{"polarity": 0.0, "location": "New York, NY", "sentiment": "neutral", "time": "Wed Nov 23 14:41:06 +0000 2016"}
{"polarity": 0.0, "location": "Seattle, WA", "sentiment": "neutral", "time": "Wed Nov 23 14:41:11 +0000 2016"}
{"polarity": 0.0, "location": "Orlando, FL", "sentiment": "neutral", "time": "Wed Nov 23 14:41:31 +0000 2016"}
{"polarity": 0.125, "location": "Atlanta, GA", "sentiment": "positive", "time": "Wed Nov 23 14:41:35 +0000 2016"}
{"polarity": 0.0, "location": "Atlanta, GA", "sentiment": "neutral", "time": "Wed Nov 23 14:41:38 +0000 2016"}
{"polarity": -0.2, "location": "Boston, MA", "sentiment": "negative", "time": "Wed Nov 23 14:41:49 +0000 2016"}
{"polarity": 0.06666666666666665, "location": "New York, NY", "sentiment": "positive", "time": "Wed Nov 23 14:41:58 +0000 2016"}
{"polarity": 0.4333333333333333, "location": "Orlando, FL", "sentiment": "positive", "time": "Wed Nov 23 14:41:53 +0000 2016"}
{"polarity": 0.0, "location": "Orlando, FL", "sentiment": "neutral", "time": "Wed Nov 23 14:27:05 +0000 2016"}
{"polarity": 0.0, "location": "Orlando, FL", "sentiment": "neutral", "time": "Wed Nov 23 14:27:06 +0000 2016"}
{"polarity": 0.0, "location": "Orlando, FL", "sentiment": "neutral", "time": "Wed Nov 23 14:27:07 +0000 2016"}
{"polarity": 0.0, "location": "Phoenix, AZ", "sentiment": "neutral", "time": "Wed Nov 23 14:27:09 +0000 2016"}
{"polarity": 0.2, "location": "Atlanta, GA", "sentiment": "positive", "time": "Wed Nov 23 14:27:28 +0000 2016"}
{"polarity": 0.0, "location": "Boston, MA", "sentiment": "neutral", "time": "Wed Nov 23 14:27:28 +0000 2016"}
{"polarity": -0.2357142857142857, "location": "Atlanta, GA", "sentiment": "negative", "time": "Wed Nov 23 14:27:34 +0000 2016"}
{"polarity": 0.1, "location": "Boston, MA", "sentiment": "positive", "time": "Wed Nov 23 14:27:56 +0000 2016"}
{"polarity": 0.1, "location": "Boston, MA", "sentiment": "positive", "time": "Wed Nov 23 14:27:57 +0000 2016"}
{"polarity": 0.3125, "location": "New York, NY", "sentiment": "positive", "time": "Wed Nov 23 14:27:59 +0000 2016"}
{"polarity": 0.7, "location": "Boston, MA", "sentiment": "positive", "time": "Wed Nov 23 14:57:12 +0000 2016"}
{"polarity": 0.2, "location": "New York, NY", "sentiment": "positive", "time": "Wed Nov 23 14:57:13 +0000 2016"}
{"polarity": 0.13636363636363635, "location": "Boston, MA", "sentiment": "positive", "time": "Wed Nov 23 14:57:18 +0000 2016"}
{"polarity": 0.16666666666666666, "location": "Phoenix, AZ", "sentiment": "positive", "time": "Wed Nov 23 14:57:31 +0000 2016"}
{"polarity": 0.0, "location": "New York, NY", "sentiment": "neutral", "time": "Wed Nov 23 14:57:37 +0000 2016"}
{"polarity": 0.0, "location": "Portland, OR", "sentiment": "neutral", "time": "Wed Nov 23 14:57:38 +0000 2016"}
{"polarity": 0.2, "location": "Boston, MA", "sentiment": "positive", "time": "Wed Nov 23 14:57:58 +0000 2016"}
{"polarity": -0.6, "location": "Atlanta, GA", "sentiment": "negative", "time": "Wed Nov 23 14:26:04 +0000 2016"}
{"polarity": 0.0, "location": "Atlanta, GA", "sentiment": "neutral", "time": "Wed Nov 23 14:26:26 +0000 2016"}
{"polarity": 0.0, "location": "Phoenix, AZ", "sentiment": "neutral", "time": "Wed Nov 23 14:26:30 +0000 2016"}
{"polarity": 0.0, "location": "New York, NY", "sentiment": "neutral", "time": "Wed Nov 23 14:26:30 +0000 2016"}
{"polarity": 0.0, "location": "New York, NY", "sentiment": "neutral", "time": "Wed Nov 23 14:26:37 +0000 2016"}
{"polarity": 0.0, "location": "Atlanta, GA", "sentiment": "neutral", "time": "Wed Nov 23 14:26:53 +0000 2016"}
{"polarity": 0.0, "location": "Seattle, WA", "sentiment": "neutral", "time": "Wed Nov 23 14:58:09 +0000 2016"}
{"polarity": 0.0, "location": "San Diego, CA", "sentiment": "neutral", "time": "Wed Nov 23 14:58:16 +0000 2016"}
{"polarity": 0.0, "location": "Atlanta, GA", "sentiment": "neutral", "time": "Wed Nov 23 14:58:20 +0000 2016"}
{"polarity": 0.016666666666666666, "location": "Seattle, WA", "sentiment": "positive", "time": "Wed Nov 23 14:58:20 +0000 2016"}
{"polarity": 0.5, "location": "St. Louis, MO", "sentiment": "positive", "time": "Wed Nov 23 14:58:22 +0000 2016"}
{"polarity": 0.8, "location": "Atlanta, GA", "sentiment": "positive", "time": "Wed Nov 23 14:58:27 +0000 2016"}
{"polarity": 0.025, "location": "Seattle, WA", "sentiment": "positive", "time": "Wed Nov 23 14:58:35 +0000 2016"}
{"polarity": 0.0, "location": "New York, NY", "sentiment": "neutral", "time": "Wed Nov 23 14:58:41 +0000 2016"}
{"polarity": 0.4625, "location": "Boston, MA", "sentiment": "positive", "time": "Wed Nov 23 14:58:47 +0000 2016"}
{"polarity": 0.9, "location": "New York, NY", "sentiment": "positive", "time": "Wed Nov 23 14:58:57 +0000 2016"}
{"polarity": 0.0, "location": "New York, NY", "sentiment": "neutral", "time": "Wed Nov 23 14:42:02 +0000 2016"}
{"polarity": 0.0, "location": "San Diego, CA", "sentiment": "neutral", "time": "Wed Nov 23 14:42:20 +0000 2016"}
{"polarity": 0.0, "location": "Atlanta, GA", "sentiment": "neutral", "time": "Wed Nov 23 14:42:27 +0000 2016"}
{"polarity": 0.3, "location": "Phoenix, AZ", "sentiment": "positive", "time": "Wed Nov 23 14:42:23 +0000 2016"}
{"polarity": 0.0, "location": "New York, NY", "sentiment": "neutral", "time": "Wed Nov 23 14:42:40 +0000 2016"}
{"polarity": 0.0, "location": "New York, NY", "sentiment": "neutral", "time": "Wed Nov 23 14:42:41 +0000 2016"}
{"polarity": -0.35, "location": "New York, NY", "sentiment": "negative", "time": "Wed Nov 23 14:42:45 +0000 2016"}
{"polarity": 0.08, "location": "Seattle, WA", "sentiment": "positive", "time": "Wed Nov 23 14:50:00 +0000 2016"}
{"polarity": 0.45, "location": "San Diego, CA", "sentiment": "positive", "time": "Wed Nov 23 14:50:01 +0000 2016"}
{"polarity": 0.0, "location": "New York, NY", "sentiment": "neutral", "time": "Wed Nov 23 14:50:03 +0000 2016"}
{"polarity": -0.17857142857142858, "location": "Seattle, WA", "sentiment": "negative", "time": "Wed Nov 23 14:50:03 +0000 2016"}
{"polarity": 0.0, "location": "Atlanta, GA", "sentiment": "neutral", "time": "Wed Nov 23 14:50:10 +0000 2016"}
{"polarity": 0.0, "location": "Boston, MA", "sentiment": "neutral", "time": "Wed Nov 23 14:50:23 +0000 2016"}
{"polarity": 0.2, "location": "Atlanta, GA", "sentiment": "positive", "time": "Wed Nov 23 14:50:24 +0000 2016"}
{"polarity": -0.9, "location": "New York, NY", "sentiment": "negative", "time": "Wed Nov 23 14:50:36 +0000 2016"}
{"polarity": -0.125, "location": "Boston, MA", "sentiment": "negative", "time": "Wed Nov 23 14:50:35 +0000 2016"}
{"polarity": -0.125, "location": "New York, NY", "sentiment": "negative", "time": "Wed Nov 23 14:50:44 +0000 2016"}
{"polarity": 0.0, "location": "Orlando, FL", "sentiment": "neutral", "time": "Wed Nov 23 14:50:45 +0000 2016"}
{"polarity": 0.5, "location": "Boston, MA", "sentiment": "positive", "time": "Wed Nov 23 14:15:00 +0000 2016"}
{"polarity": 0.0, "location": "San Diego, CA", "sentiment": "neutral", "time": "Wed Nov 23 14:15:02 +0000 2016"}
{"polarity": -0.024999999999999994, "location": "Atlanta, GA", "sentiment": "negative", "time": "Wed Nov 23 14:15:05 +0000 2016"}
{"polarity": 0.16666666666666669, "location": "New York, NY", "sentiment": "positive", "time": "Wed Nov 23 14:15:08 +0000 2016"}
{"polarity": 0.8, "location": "Atlanta, GA", "sentiment": "positive", "time": "Wed Nov 23 14:15:09 +0000 2016"}
{"polarity": 0.0, "location": "Orlando, FL", "sentiment": "neutral", "time": "Wed Nov 23 14:15:37 +0000 2016"}
{"polarity": 0.75, "location": "New York, NY", "sentiment": "positive", "time": "Wed Nov 23 14:15:44 +0000 2016"}
{"polarity": -0.3, "location": "Phoenix, AZ", "sentiment": "negative", "time": "Wed Nov 23 14:15:52 +0000 2016"}
{"polarity": -0.75, "location": "New York, NY", "sentiment": "negative", "time": "Wed Nov 23 14:38:06 +0000 2016"}
{"polarity": 0.13636363636363635, "location": "Orlando, FL", "sentiment": "positive", "time": "Wed Nov 23 14:38:12 +0000 2016"}
{"polarity": 0.0, "location": "Boston, MA", "sentiment": "neutral", "time": "Wed Nov 23 14:38:15 +0000 2016"}
{"polarity": 0.0, "location": "Atlanta, GA", "sentiment": "neutral", "time": "Wed Nov 23 14:38:18 +0000 2016"}
{"polarity": 0.0, "location": "Orlando, FL", "sentiment": "neutral", "time": "Wed Nov 23 14:38:16 +0000 2016"}
{"polarity": 1.0, "location": "New York, NY", "sentiment": "positive", "time": "Wed Nov 23 14:38:31 +0000 2016"}
{"polarity": 0.0, "location": "Seattle, WA", "sentiment": "neutral", "time": "Wed Nov 23 14:38:41 +0000 2016"}
{"polarity": 0.0, "location": "New York, NY", "sentiment": "neutral", "time": "Wed Nov 23 14:21:05 +0000 2016"}
{"polarity": 0.03749999999999998, "location": "New York, NY", "sentiment": "positive", "time": "Wed Nov 23 14:21:07 +0000 2016"}
{"polarity": 0.0, "location": "Atlanta, GA", "sentiment": "neutral", "time": "Wed Nov 23 14:21:09 +0000 2016"}
{"polarity": 0.0, "location": "New York, NY", "sentiment": "neutral", "time": "Wed Nov 23 14:21:22 +0000 2016"}
{"polarity": 0.0, "location": "Boston, MA", "sentiment": "neutral", "time": "Wed Nov 23 14:21:32 +0000 2016"}
{"polarity": 0.0, "location": "Atlanta, GA", "sentiment": "neutral", "time": "Wed Nov 23 14:21:37 +0000 2016"}
{"polarity": -0.16666666666666666, "location": "New York, NY", "sentiment": "negative", "time": "Wed Nov 23 14:21:42 +0000 2016"}
{"polarity": 0.0, "location": "Orlando, FL", "sentiment": "neutral", "time": "Wed Nov 23 14:21:43 +0000 2016"}
{"polarity": 0.175, "location": "Atlanta, GA", "sentiment": "positive", "time": "Wed Nov 23 14:21:50 +0000 2016"}
{"polarity": 0.4375, "location": "Atlanta, GA", "sentiment": "positive", "time": "Wed Nov 23 14:21:57 +0000 2016"}
{"polarity": -0.02121212121212122, "location": "San Diego, CA", "sentiment": "negative", "time": "Wed Nov 23 14:21:58 +0000 2016"}
{"polarity": 0.9, "location": "St. Louis, MO", "sentiment": "positive", "time": "Wed Nov 23 14:17:06 +0000 2016"}
{"polarity": -0.25, "location": "Atlanta, GA", "sentiment": "negative", "time": "Wed Nov 23 14:17:48 +0000 2016"}
{"polarity": 0.0, "location": "New York, NY", "sentiment": "neutral", "time": "Wed Nov 23 14:12:01 +0000 2016"}
{"polarity": 0.0, "location": "New York, NY", "sentiment": "neutral", "time": "Wed Nov 23 14:12:07 +0000 2016"}
{"polarity": 0.0, "location": "New York, NY", "sentiment": "neutral", "time": "Wed Nov 23 14:12:08 +0000 2016"}
{"polarity": 0.0, "location": "Seattle, WA", "sentiment": "neutral", "time": "Wed Nov 23 14:12:11 +0000 2016"}
{"polarity": -0.8, "location": "Boston, MA", "sentiment": "negative", "time": "Wed Nov 23 14:12:12 +0000 2016"}
{"polarity": 0.0, "location": "Boston, MA", "sentiment": "neutral", "time": "Wed Nov 23 14:12:20 +0000 2016"}
{"polarity": 0.0, "location": "Boston, MA", "sentiment": "neutral", "time": "Wed Nov 23 14:12:49 +0000 2016"}
{"polarity": 0.5, "location": "Orlando, FL", "sentiment": "positive", "time": "Wed Nov 23 14:12:52 +0000 2016"}
{"polarity": 0.0, "location": "New York, NY", "sentiment": "neutral", "time": "Wed Nov 23 14:12:56 +0000 2016"}
{"polarity": 0.1875, "location": "Boston, MA", "sentiment": "positive", "time": "Wed Nov 23 14:29:04 +0000 2016"}
{"polarity": 0.5, "location": "Boston, MA", "sentiment": "positive", "time": "Wed Nov 23 14:29:13 +0000 2016"}
{"polarity": 0.0, "location": "Atlanta, GA", "sentiment": "neutral", "time": "Wed Nov 23 14:29:15 +0000 2016"}
{"polarity": 0.03750000000000002, "location": "Phoenix, AZ", "sentiment": "positive", "time": "Wed Nov 23 14:29:26 +0000 2016"}
{"polarity": -0.2, "location": "Atlanta, GA", "sentiment": "negative", "time": "Wed Nov 23 14:29:38 +0000 2016"}
{"polarity": 0.5326704545454546, "location": "Portland, OR", "sentiment": "positive", "time": "Wed Nov 23 14:29:39 +0000 2016"}
{"polarity": 0.4833333333333334, "location": "Boston, MA", "sentiment": "positive", "time": "Wed Nov 23 14:29:45 +0000 2016"}
{"polarity": 0.75, "location": "New York, NY", "sentiment": "positive", "time": "Wed Nov 23 14:29:48 +0000 2016"}
{"polarity": 0.0, "location": "Atlanta, GA", "sentiment": "neutral", "time": "Wed Nov 23 14:29:49 +0000 2016"}
{"polarity": 0.0, "location": "Portland, OR", "sentiment": "neutral", "time": "Wed Nov 23 14:18:02 +0000 2016"}
{"polarity": 0.0, "location": "Phoenix, AZ", "sentiment": "neutral", "time": "Wed Nov 23 14:18:07 +0000 2016"}
{"polarity": 0.13522727272727272, "location": "New York, NY", "sentiment": "positive", "time": "Wed Nov 23 14:18:15 +0000 2016"}
{"polarity": 0.0, "location": "New York, NY", "sentiment": "neutral", "time": "Wed Nov 23 14:18:16 +0000 2016"}
{"polarity": 0.05, "location": "New York, NY", "sentiment": "positive", "time": "Wed Nov 23 14:18:30 +0000 2016"}
{"polarity": -0.4, "location": "Orlando, FL", "sentiment": "negative", "time": "Wed Nov 23 14:18:31 +0000 2016"}
{"polarity": 0.0, "location": "Atlanta, GA", "sentiment": "neutral", "time": "Wed Nov 23 14:18:37 +0000 2016"}
{"polarity": 0.0, "location": "Atlanta, GA", "sentiment": "neutral", "time": "Wed Nov 23 14:18:47 +0000 2016"}
{"polarity": 0.6, "location": "Atlanta, GA", "sentiment": "positive", "time": "Wed Nov 23 14:46:02 +0000 2016"}
{"polarity": 0.25, "location": "Boston, MA", "sentiment": "positive", "time": "Wed Nov 23 14:46:21 +0000 2016"}
{"polarity": 0.0, "location": "Boston, MA", "sentiment": "neutral", "time": "Wed Nov 23 14:46:27 +0000 2016"}
{"polarity": 0.0, "location": "Orlando, FL", "sentiment": "neutral", "time": "Wed Nov 23 14:46:33 +0000 2016"}
{"polarity": 0.0, "location": "Boston, MA", "sentiment": "neutral", "time": "Wed Nov 23 14:46:33 +0000 2016"}
{"polarity": 0.0, "location": "New York, NY", "sentiment": "neutral", "time": "Wed Nov 23 14:46:39 +0000 2016"}
{"polarity": 0.0, "location": "New York, NY", "sentiment": "neutral", "time": "Wed Nov 23 14:00:06 +0000 2016"}
{"polarity": 0.0, "location": "New York, NY", "sentiment": "neutral", "time": "Wed Nov 23 14:00:07 +0000 2016"}
{"polarity": 0.0, "location": "New York, NY", "sentiment": "neutral", "time": "Wed Nov 23 14:00:14 +0000 2016"}
{"polarity": 0.0, "location": "Atlanta, GA", "sentiment": "neutral", "time": "Wed Nov 23 14:00:14 +0000 2016"}
{"polarity": 0.625, "location": "Boston, MA", "sentiment": "positive", "time": "Wed Nov 23 14:00:24 +0000 2016"}
{"polarity": -0.3, "location": "Boston, MA", "sentiment": "negative", "time": "Wed Nov 23 14:00:37 +0000 2016"}
{"polarity": -0.025974025974025983, "location": "San Diego, CA", "sentiment": "negative", "time": "Wed Nov 23 14:00:45 +0000 2016"}
{"polarity": 0.0, "location": "San Diego, CA", "sentiment": "neutral", "time": "Wed Nov 23 14:00:19 +0000 2016"}
{"polarity": 0.03333333333333336, "location": "Orlando, FL", "sentiment": "positive", "time": "Wed Nov 23 14:00:53 +0000 2016"}
{"polarity": 0.2, "location": "New York, NY", "sentiment": "positive", "time": "Wed Nov 23 14:34:00 +0000 2016"}
{"polarity": 0.0, "location": "San Diego, CA", "sentiment": "neutral", "time": "Wed Nov 23 14:34:00 +0000 2016"}
{"polarity": 0.0, "location": "Seattle, WA", "sentiment": "neutral", "time": "Wed Nov 23 14:34:08 +0000 2016"}
{"polarity": 0.0, "location": "Boston, MA", "sentiment": "neutral", "time": "Wed Nov 23 14:34:17 +0000 2016"}
{"polarity": 0.0, "location": "New York, NY", "sentiment": "neutral", "time": "Wed Nov 23 14:34:24 +0000 2016"}
{"polarity": 0.0, "location": "Boston, MA", "sentiment": "neutral", "time": "Wed Nov 23 14:34:29 +0000 2016"}
{"polarity": 0.0, "location": "Seattle, WA", "sentiment": "neutral", "time": "Wed Nov 23 14:34:39 +0000 2016"}
{"polarity": 0.0, "location": "Atlanta, GA", "sentiment": "neutral", "time": "Wed Nov 23 14:34:49 +0000 2016"}
{"polarity": 0.0, "location": "Orlando, FL", "sentiment": "neutral", "time": "Wed Nov 23 14:05:59 +0000 2016"}
{"polarity": 0.5428571428571429, "location": "Atlanta, GA", "sentiment": "positive", "time": "Wed Nov 23 14:11:06 +0000 2016"}
{"polarity": -1.0, "location": "Boston, MA", "sentiment": "negative", "time": "Wed Nov 23 14:11:12 +0000 2016"}
{"polarity": 0.0, "location": "Portland, OR", "sentiment": "neutral", "time": "Wed Nov 23 14:11:26 +0000 2016"}
{"polarity": 0.0, "location": "Atlanta, GA", "sentiment": "neutral", "time": "Wed Nov 23 14:11:40 +0000 2016"}
{"polarity": 0.2, "location": "Boston, MA", "sentiment": "positive", "time": "Wed Nov 23 14:11:44 +0000 2016"}
{"polarity": 0.2, "location": "Phoenix, AZ", "sentiment": "positive", "time": "Wed Nov 23 14:56:07 +0000 2016"}
{"polarity": -0.1, "location": "Boston, MA", "sentiment": "negative", "time": "Wed Nov 23 14:56:12 +0000 2016"}
{"polarity": 0.21212121212121213, "location": "Seattle, WA", "sentiment": "positive", "time": "Wed Nov 23 14:56:13 +0000 2016"}
{"polarity": -0.1625, "location": "New York, NY", "sentiment": "negative", "time": "Wed Nov 23 14:56:20 +0000 2016"}
{"polarity": 1.0, "location": "New York, NY", "sentiment": "positive", "time": "Wed Nov 23 14:56:30 +0000 2016"}
{"polarity": 0.0, "location": "New York, NY", "sentiment": "neutral", "time": "Wed Nov 23 14:56:56 +0000 2016"}
{"polarity": 0.0, "location": "Seattle, WA", "sentiment": "neutral", "time": "Wed Nov 23 14:47:03 +0000 2016"}
{"polarity": 0.0, "location": "New York, NY", "sentiment": "neutral", "time": "Wed Nov 23 14:47:08 +0000 2016"}
{"polarity": 0.0, "location": "Orlando, FL", "sentiment": "neutral", "time": "Wed Nov 23 14:47:10 +0000 2016"}
{"polarity": -0.07777777777777779, "location": "New York, NY", "sentiment": "negative", "time": "Wed Nov 23 14:47:35 +0000 2016"}
{"polarity": 0.0, "location": "Seattle, WA", "sentiment": "neutral", "time": "Wed Nov 23 14:52:00 +0000 2016"}
{"polarity": 0.25, "location": "Boston, MA", "sentiment": "positive", "time": "Wed Nov 23 14:52:04 +0000 2016"}
{"polarity": 0.04999999999999999, "location": "New York, NY", "sentiment": "positive", "time": "Wed Nov 23 14:52:01 +0000 2016"}
{"polarity": 0.0, "location": "Phoenix, AZ", "sentiment": "neutral", "time": "Wed Nov 23 14:52:14 +0000 2016"}
{"polarity": 0.0, "location": "Atlanta, GA", "sentiment": "neutral", "time": "Wed Nov 23 14:52:19 +0000 2016"}
{"polarity": 0.3333333333333333, "location": "New York, NY", "sentiment": "positive", "time": "Wed Nov 23 14:52:22 +0000 2016"}
{"polarity": 0.0, "location": "Atlanta, GA", "sentiment": "neutral", "time": "Wed Nov 23 14:52:26 +0000 2016"}
{"polarity": 0.0, "location": "Seattle, WA", "sentiment": "neutral", "time": "Wed Nov 23 14:52:31 +0000 2016"}
{"polarity": -0.004166666666666652, "location": "Atlanta, GA", "sentiment": "negative", "time": "Wed Nov 23 14:52:33 +0000 2016"}
{"polarity": 0.0, "location": "Boston, MA", "sentiment": "neutral", "time": "Wed Nov 23 14:52:38 +0000 2016"}
{"polarity": 0.0, "location": "Seattle, WA", "sentiment": "neutral", "time": "Wed Nov 23 14:52:40 +0000 2016"}
{"polarity": 0.35, "location": "San Diego, CA", "sentiment": "positive", "time": "Wed Nov 23 14:52:51 +0000 2016"}
{"polarity": 0.0, "location": "Seattle, WA", "sentiment": "neutral", "time": "Wed Nov 23 14:52:51 +0000 2016"}
{"polarity": 0.0, "location": "Atlanta, GA", "sentiment": "neutral", "time": "Wed Nov 23 14:52:56 +0000 2016"}
{"polarity": 0.0, "location": "Phoenix, AZ", "sentiment": "neutral", "time": "Wed Nov 23 14:52:57 +0000 2016"}
{"polarity": -0.1, "location": "New York, NY", "sentiment": "negative", "time": "Wed Nov 23 14:53:07 +0000 2016"}
{"polarity": 0.25, "location": "New York, NY", "sentiment": "positive", "time": "Wed Nov 23 14:53:07 +0000 2016"}
{"polarity": 0.0, "location": "St. Louis, MO", "sentiment": "neutral", "time": "Wed Nov 23 14:53:09 +0000 2016"}
{"polarity": 0.6, "location": "Phoenix, AZ", "sentiment": "positive", "time": "Wed Nov 23 14:53:12 +0000 2016"}
{"polarity": 0.4, "location": "Atlanta, GA", "sentiment": "positive", "time": "Wed Nov 23 14:53:13 +0000 2016"}
{"polarity": 0.13636363636363635, "location": "Seattle, WA", "sentiment": "positive", "time": "Wed Nov 23 14:53:16 +0000 2016"}
{"polarity": 0.0, "location": "Seattle, WA", "sentiment": "neutral", "time": "Wed Nov 23 14:53:17 +0000 2016"}
{"polarity": 0.5, "location": "Atlanta, GA", "sentiment": "positive", "time": "Wed Nov 23 14:53:22 +0000 2016"}
{"polarity": -0.0625, "location": "New York, NY", "sentiment": "negative", "time": "Wed Nov 23 14:53:40 +0000 2016"}
{"polarity": 0.1, "location": "Phoenix, AZ", "sentiment": "positive", "time": "Wed Nov 23 14:02:01 +0000 2016"}
{"polarity": -0.2916666666666667, "location": "New York, NY", "sentiment": "negative", "time": "Wed Nov 23 14:02:12 +0000 2016"}
{"polarity": 0.0, "location": "New York, NY", "sentiment": "neutral", "time": "Wed Nov 23 14:02:39 +0000 2016"}
{"polarity": 0.0, "location": "San Diego, CA", "sentiment": "neutral", "time": "Wed Nov 23 14:02:47 +0000 2016"}
{"polarity": -0.3125, "location": "Boston, MA", "sentiment": "negative", "time": "Wed Nov 23 14:02:53 +0000 2016"}
{"polarity": 0.5, "location": "Atlanta, GA", "sentiment": "positive", "time": "Wed Nov 23 14:02:59 +0000 2016"}
{"polarity": 0.18333333333333332, "location": "New York, NY", "sentiment": "positive", "time": "Wed Nov 23 14:48:06 +0000 2016"}
{"polarity": 0.5, "location": "San Diego, CA", "sentiment": "positive", "time": "Wed Nov 23 14:48:08 +0000 2016"}
{"polarity": 0.0, "location": "Atlanta, GA", "sentiment": "neutral", "time": "Wed Nov 23 14:48:12 +0000 2016"}
{"polarity": 0.0, "location": "New York, NY", "sentiment": "neutral", "time": "Wed Nov 23 14:48:14 +0000 2016"}
{"polarity": 0.4075396825396825, "location": "Seattle, WA", "sentiment": "positive", "time": "Wed Nov 23 14:48:21 +0000 2016"}
{"polarity": -1.0, "location": "Boston, MA", "sentiment": "negative", "time": "Wed Nov 23 14:48:21 +0000 2016"}
{"polarity": 0.0, "location": "Boston, MA", "sentiment": "neutral", "time": "Wed Nov 23 14:48:25 +0000 2016"}
{"polarity": 0.0, "location": "San Diego, CA", "sentiment": "neutral", "time": "Wed Nov 23 14:48:47 +0000 2016"}
{"polarity": 0.0, "location": "New York, NY", "sentiment": "neutral", "time": "Wed Nov 23 14:48:53 +0000 2016"}
{"polarity": 0.0, "location": "New York, NY", "sentiment": "neutral", "time": "Wed Nov 23 14:48:57 +0000 2016"}
{"polarity": 0.0, "location": "Orlando, FL", "sentiment": "neutral", "time": "Wed Nov 23 14:48:58 +0000 2016"}
{"polarity": 0.0, "location": "Phoenix, AZ", "sentiment": "neutral", "time": "Wed Nov 23 14:48:58 +0000 2016"}
{"polarity": 0.7166666666666667, "location": "Atlanta, GA", "sentiment": "positive", "time": "Wed Nov 23 14:48:52 +0000 2016"}
{"polarity": 0.6, "location": "Atlanta, GA", "sentiment": "positive", "time": "Wed Nov 23 14:48:54 +0000 2016"}
{"polarity": 0.0, "location": "Phoenix, AZ", "sentiment": "neutral", "time": "Wed Nov 23 14:25:01 +0000 2016"}
{"polarity": 0.0, "location": "Boston, MA", "sentiment": "neutral", "time": "Wed Nov 23 14:25:02 +0000 2016"}
{"polarity": 0.0, "location": "San Diego, CA", "sentiment": "neutral", "time": "Wed Nov 23 14:25:07 +0000 2016"}
{"polarity": 0.5, "location": "Atlanta, GA", "sentiment": "positive", "time": "Wed Nov 23 14:25:10 +0000 2016"}
{"polarity": 0.0, "location": "Atlanta, GA", "sentiment": "neutral", "time": "Wed Nov 23 14:25:25 +0000 2016"}
{"polarity": 0.0, "location": "Atlanta, GA", "sentiment": "neutral", "time": "Wed Nov 23 14:25:27 +0000 2016"}
{"polarity": 0.03333333333333333, "location": "Atlanta, GA", "sentiment": "positive", "time": "Wed Nov 23 14:25:43 +0000 2016"}
{"polarity": 0.44285714285714284, "location": "New York, NY", "sentiment": "positive", "time": "Wed Nov 23 14:25:45 +0000 2016"}
{"polarity": 0.13636363636363635, "location": "New York, NY", "sentiment": "positive", "time": "Wed Nov 23 14:16:13 +0000 2016"}
{"polarity": 0.0, "location": "New York, NY", "sentiment": "neutral", "time": "Wed Nov 23 14:16:25 +0000 2016"}
{"polarity": 0.0, "location": "Atlanta, GA", "sentiment": "neutral", "time": "Wed Nov 23 14:16:33 +0000 2016"}
{"polarity": 0.0, "location": "Seattle, WA", "sentiment": "neutral", "time": "Wed Nov 23 14:16:33 +0000 2016"}
{"polarity": -0.38749999999999996, "location": "Boston, MA", "sentiment": "negative", "time": "Wed Nov 23 14:16:41 +0000 2016"}
{"polarity": 0.0, "location": "New York, NY", "sentiment": "neutral", "time": "Wed Nov 23 14:14:01 +0000 2016"}
{"polarity": 0.0, "location": "Boston, MA", "sentiment": "neutral", "time": "Wed Nov 23 14:14:01 +0000 2016"}
{"polarity": 0.0, "location": "New York, NY", "sentiment": "neutral", "time": "Wed Nov 23 14:14:05 +0000 2016"}
{"polarity": 0.0, "location": "New York, NY", "sentiment": "neutral", "time": "Wed Nov 23 14:14:05 +0000 2016"}
{"polarity": 0.0, "location": "New York, NY", "sentiment": "neutral", "time": "Wed Nov 23 14:14:21 +0000 2016"}
{"polarity": 0.0, "location": "Orlando, FL", "sentiment": "neutral", "time": "Wed Nov 23 14:14:22 +0000 2016"}
{"polarity": 0.0, "location": "Atlanta, GA", "sentiment": "neutral", "time": "Wed Nov 23 14:14:26 +0000 2016"}
{"polarity": 0.1, "location": "Orlando, FL", "sentiment": "positive", "time": "Wed Nov 23 14:14:28 +0000 2016"}
{"polarity": 0.0, "location": "Seattle, WA", "sentiment": "neutral", "time": "Wed Nov 23 14:14:34 +0000 2016"}
{"polarity": 0.0, "location": "Atlanta, GA", "sentiment": "neutral", "time": "Wed Nov 23 14:14:43 +0000 2016"}
{"polarity": 0.0, "location": "New York, NY", "sentiment": "neutral", "time": "Wed Nov 23 14:14:46 +0000 2016"}
{"polarity": 0.5, "location": "Orlando, FL", "sentiment": "positive", "time": "Wed Nov 23 14:23:02 +0000 2016"}
{"polarity": 0.21623376623376622, "location": "New York, NY", "sentiment": "positive", "time": "Wed Nov 23 14:23:20 +0000 2016"}
{"polarity": 0.0, "location": "Seattle, WA", "sentiment": "neutral", "time": "Wed Nov 23 14:23:22 +0000 2016"}
{"polarity": 0.0, "location": "Atlanta, GA", "sentiment": "neutral", "time": "Wed Nov 23 14:23:23 +0000 2016"}
{"polarity": 0.0, "location": "Seattle, WA", "sentiment": "neutral", "time": "Wed Nov 23 14:23:44 +0000 2016"}
{"polarity": 0.0, "location": "Atlanta, GA", "sentiment": "neutral", "time": "Wed Nov 23 14:07:05 +0000 2016"}
{"polarity": 0.5, "location": "Atlanta, GA", "sentiment": "positive", "time": "Wed Nov 23 14:07:30 +0000 2016"}
{"polarity": 0.0, "location": "Atlanta, GA", "sentiment": "neutral", "time": "Wed Nov 23 14:07:33 +0000 2016"}
{"polarity": 0.0, "location": "New York, NY", "sentiment": "neutral", "time": "Wed Nov 23 14:07:48 +0000 2016"}
{"polarity": 0.13636363636363635, "location": "Phoenix, AZ", "sentiment": "positive", "time": "Wed Nov 23 14:07:53 +0000 2016"}
{"polarity": 0.35, "location": "New York, NY", "sentiment": "positive", "time": "Wed Nov 23 14:51:01 +0000 2016"}
{"polarity": 0.05000000000000002, "location": "New York, NY", "sentiment": "positive", "time": "Wed Nov 23 14:51:04 +0000 2016"}
{"polarity": 0.0, "location": "New York, NY", "sentiment": "neutral", "time": "Wed Nov 23 14:51:07 +0000 2016"}
{"polarity": 0.0, "location": "New York, NY", "sentiment": "neutral", "time": "Wed Nov 23 14:51:09 +0000 2016"}
{"polarity": 0.0, "location": "Atlanta, GA", "sentiment": "neutral", "time": "Wed Nov 23 14:51:47 +0000 2016"}
{"polarity": 0.0, "location": "New York, NY", "sentiment": "neutral", "time": "Wed Nov 23 14:30:07 +0000 2016"}
{"polarity": 0.25416666666666665, "location": "New York, NY", "sentiment": "positive", "time": "Wed Nov 23 14:30:08 +0000 2016"}
{"polarity": -0.15555555555555559, "location": "Atlanta, GA", "sentiment": "negative", "time": "Wed Nov 23 14:30:30 +0000 2016"}
{"polarity": 0.0, "location": "Seattle, WA", "sentiment": "neutral", "time": "Wed Nov 23 14:30:34 +0000 2016"}
{"polarity": 0.25, "location": "Boston, MA", "sentiment": "positive", "time": "Wed Nov 23 14:30:46 +0000 2016"}
{"polarity": 0.0, "location": "New York, NY", "sentiment": "neutral", "time": "Wed Nov 23 14:30:51 +0000 2016"}
{"polarity": 0.0, "location": "New York, NY", "sentiment": "neutral", "time": "Wed Nov 23 14:30:52 +0000 2016"}
{"polarity": 0.0, "location": "New York, NY", "sentiment": "neutral", "time": "Wed Nov 23 14:30:58 +0000 2016"}
{"polarity": 0.0, "location": "Orlando, FL", "sentiment": "neutral", "time": "Wed Nov 23 14:03:02 +0000 2016"}
{"polarity": 0.0, "location": "Boston, MA", "sentiment": "neutral", "time": "Wed Nov 23 14:03:13 +0000 2016"}
{"polarity": 0.0, "location": "New York, NY", "sentiment": "neutral", "time": "Wed Nov 23 14:03:22 +0000 2016"}
{"polarity": 0.0, "location": "Seattle, WA", "sentiment": "neutral", "time": "Wed Nov 23 14:03:22 +0000 2016"}
{"polarity": 0.3541666666666667, "location": "Atlanta, GA", "sentiment": "positive", "time": "Wed Nov 23 14:03:52 +0000 2016"}
{"polarity": 0.3666666666666667, "location": "Seattle, WA", "sentiment": "positive", "time": "Wed Nov 23 14:03:53 +0000 2016"}
{"polarity": 0.0, "location": "Atlanta, GA", "sentiment": "neutral", "time": "Wed Nov 23 14:03:55 +0000 2016"}
{"polarity": 0.0, "location": "New York, NY", "sentiment": "neutral", "time": "Wed Nov 23 14:40:07 +0000 2016"}
{"polarity": 0.0, "location": "New York, NY", "sentiment": "neutral", "time": "Wed Nov 23 14:40:11 +0000 2016"}
{"polarity": 0.0, "location": "Phoenix, AZ", "sentiment": "neutral", "time": "Wed Nov 23 14:40:14 +0000 2016"}
{"polarity": 0.6, "location": "Atlanta, GA", "sentiment": "positive", "time": "Wed Nov 23 14:40:06 +0000 2016"}
{"polarity": 0.2, "location": "Orlando, FL", "sentiment": "positive", "time": "Wed Nov 23 14:40:32 +0000 2016"}
{"polarity": 0.0, "location": "Orlando, FL", "sentiment": "neutral", "time": "Wed Nov 23 14:40:42 +0000 2016"}
