{"polarity": 0.0, "location": "St. Louis, MO", "sentiment": "neutral", "time": "Wed Nov 23 11:34:40 +0000 2016"}
{"polarity": 0.0, "location": "Atlanta, GA", "sentiment": "neutral", "time": "Wed Nov 23 11:34:53 +0000 2016"}
{"polarity": 0.0, "location": "Orlando, FL", "sentiment": "neutral", "time": "Wed Nov 23 11:05:08 +0000 2016"}
{"polarity": -0.2, "location": "Portland, OR", "sentiment": "negative", "time": "Wed Nov 23 11:05:23 +0000 2016"}
{"polarity": 0.3571428571428571, "location": "Atlanta, GA", "sentiment": "positive", "time": "Wed Nov 23 11:05:24 +0000 2016"}
{"polarity": 0.0, "location": "Boston, MA", "sentiment": "neutral", "time": "Wed Nov 23 11:05:25 +0000 2016"}
{"polarity": 0.0, "location": "Boston, MA", "sentiment": "neutral", "time": "Wed Nov 23 11:05:34 +0000 2016"}
{"polarity": 0.0, "location": "Orlando, FL", "sentiment": "neutral", "time": "Wed Nov 23 11:11:05 +0000 2016"}
{"polarity": 0.0, "location": "Seattle, WA", "sentiment": "neutral", "time": "Wed Nov 23 11:11:51 +0000 2016"}
{"polarity": 0.0, "location": "San Diego, CA", "sentiment": "neutral", "time": "Wed Nov 23 11:56:05 +0000 2016"}
{"polarity": 0.0037878787878787845, "location": "Phoenix, AZ", "sentiment": "positive", "time": "Wed Nov 23 11:56:21 +0000 2016"}
{"polarity": 0.2333333333333333, "location": "Portland, OR", "sentiment": "positive", "time": "Wed Nov 23 11:56:47 +0000 2016"}
{"polarity": 0.0, "location": "Phoenix, AZ", "sentiment": "neutral", "time": "Wed Nov 23 11:56:55 +0000 2016"}
{"polarity": 0.3229166666666667, "location": "Portland, OR", "sentiment": "positive", "time": "Wed Nov 23 11:47:04 +0000 2016"}
{"polarity": 0.0, "location": "Portland, OR", "sentiment": "neutral", "time": "Wed Nov 23 11:47:08 +0000 2016"}
{"polarity": 0.375, "location": "New York, NY", "sentiment": "positive", "time": "Wed Nov 23 11:47:37 +0000 2016"}
{"polarity": 1.0, "location": "Orlando, FL", "sentiment": "positive", "time": "Wed Nov 23 11:47:49 +0000 2016"}
{"polarity": 0.0, "location": "Orlando, FL", "sentiment": "neutral", "time": "Wed Nov 23 11:52:00 +0000 2016"}
{"polarity": 0.0, "location": "New York, NY", "sentiment": "neutral", "time": "Wed Nov 23 11:52:03 +0000 2016"}
{"polarity": 0.0, "location": "New York, NY", "sentiment": "neutral", "time": "Wed Nov 23 11:52:03 +0000 2016"}
{"polarity": 0.5, "location": "Seattle, WA", "sentiment": "positive", "time": "Wed Nov 23 11:52:14 +0000 2016"}
{"polarity": 0.0, "location": "Boston, MA", "sentiment": "neutral", "time": "Wed Nov 23 11:52:17 +0000 2016"}
{"polarity": 0.0, "location": "New York, NY", "sentiment": "neutral", "time": "Wed Nov 23 11:53:02 +0000 2016"}
{"polarity": 0.0, "location": "Boston, MA", "sentiment": "neutral", "time": "Wed Nov 23 11:53:15 +0000 2016"}
{"polarity": 0.0, "location": "Boston, MA", "sentiment": "neutral", "time": "Wed Nov 23 11:53:19 +0000 2016"}
{"polarity": 0.13636363636363635, "location": "New York, NY", "sentiment": "positive", "time": "Wed Nov 23 11:53:58 +0000 2016"}
{"polarity": 0.0, "location": "New York, NY", "sentiment": "neutral", "time": "Wed Nov 23 11:02:11 +0000 2016"}
{"polarity": 0.4183333333333333, "location": "New York, NY", "sentiment": "positive", "time": "Wed Nov 23 11:48:19 +0000 2016"}
{"polarity": 0.0, "location": "Boston, MA", "sentiment": "neutral", "time": "Wed Nov 23 11:48:33 +0000 2016"}
{"polarity": 0.0, "location": "San Diego, CA", "sentiment": "neutral", "time": "Wed Nov 23 11:48:54 +0000 2016"}
{"polarity": -0.0625, "location": "New York, NY", "sentiment": "negative", "time": "Wed Nov 23 11:25:16 +0000 2016"}
{"polarity": 0.0, "location": "Orlando, FL", "sentiment": "neutral", "time": "Wed Nov 23 11:25:29 +0000 2016"}
{"polarity": 0.0, "location": "Boston, MA", "sentiment": "neutral", "time": "Wed Nov 23 11:25:46 +0000 2016"}
{"polarity": 0.13636363636363635, "location": "Boston, MA", "sentiment": "positive", "time": "Wed Nov 23 11:25:47 +0000 2016"}
{"polarity": 0.0, "location": "San Diego, CA", "sentiment": "neutral", "time": "Wed Nov 23 11:16:45 +0000 2016"}
{"polarity": 0.0, "location": "Atlanta, GA", "sentiment": "neutral", "time": "Wed Nov 23 11:16:52 +0000 2016"}
{"polarity": 0.3499999999999999, "location": "Seattle, WA", "sentiment": "positive", "time": "Wed Nov 23 11:14:18 +0000 2016"}
{"polarity": 0.0, "location": "Phoenix, AZ", "sentiment": "neutral", "time": "Wed Nov 23 11:14:54 +0000 2016"}
{"polarity": 0.0, "location": "Atlanta, GA", "sentiment": "neutral", "time": "Wed Nov 23 11:14:55 +0000 2016"}
{"polarity": 0.0, "location": "New York, NY", "sentiment": "neutral", "time": "Wed Nov 23 11:23:08 +0000 2016"}
{"polarity": 0.0, "location": "Portland, OR", "sentiment": "neutral", "time": "Wed Nov 23 11:23:09 +0000 2016"}
{"polarity": 0.0, "location": "Orlando, FL", "sentiment": "neutral", "time": "Wed Nov 23 11:23:19 +0000 2016"}
{"polarity": 0.0, "location": "Boston, MA", "sentiment": "neutral", "time": "Wed Nov 23 11:23:36 +0000 2016"}
{"polarity": 0.0, "location": "Atlanta, GA", "sentiment": "neutral", "time": "Wed Nov 23 11:23:43 +0000 2016"}
{"polarity": 0.4621212121212121, "location": "Orlando, FL", "sentiment": "positive", "time": "Wed Nov 23 11:07:05 +0000 2016"}
{"polarity": 0.6000000000000001, "location": "Seattle, WA", "sentiment": "positive", "time": "Wed Nov 23 11:07:07 +0000 2016"}
{"polarity": 0.4, "location": "Seattle, WA", "sentiment": "positive", "time": "Wed Nov 23 11:07:12 +0000 2016"}
{"polarity": 0.0, "location": "Orlando, FL", "sentiment": "neutral", "time": "Wed Nov 23 11:07:47 +0000 2016"}
{"polarity": 0.0, "location": "New York, NY", "sentiment": "neutral", "time": "Wed Nov 23 11:07:51 +0000 2016"}
{"polarity": 0.0, "location": "New York, NY", "sentiment": "neutral", "time": "Wed Nov 23 11:51:03 +0000 2016"}
{"polarity": 0.3125, "location": "Atlanta, GA", "sentiment": "positive", "time": "Wed Nov 23 11:51:10 +0000 2016"}
{"polarity": 0.0, "location": "New York, NY", "sentiment": "neutral", "time": "Wed Nov 23 11:51:20 +0000 2016"}
{"polarity": 0.0, "location": "Phoenix, AZ", "sentiment": "neutral", "time": "Wed Nov 23 11:51:57 +0000 2016"}
{"polarity": 0.0, "location": "Atlanta, GA", "sentiment": "neutral", "time": "Wed Nov 23 11:30:16 +0000 2016"}
{"polarity": 0.0, "location": "St. Louis, MO", "sentiment": "neutral", "time": "Wed Nov 23 11:30:19 +0000 2016"}
{"polarity": 0.5, "location": "Orlando, FL", "sentiment": "positive", "time": "Wed Nov 23 11:30:22 +0000 2016"}
{"polarity": 0.19999999999999998, "location": "Boston, MA", "sentiment": "positive", "time": "Wed Nov 23 11:30:49 +0000 2016"}
{"polarity": 0.0, "location": "Boston, MA", "sentiment": "neutral", "time": "Wed Nov 23 11:30:51 +0000 2016"}
{"polarity": 0.0, "location": "San Diego, CA", "sentiment": "neutral", "time": "Wed Nov 23 11:03:27 +0000 2016"}
{"polarity": 0.0, "location": "Orlando, FL", "sentiment": "neutral", "time": "Wed Nov 23 11:03:48 +0000 2016"}
{"polarity": 0.03333333333333333, "location": "Atlanta, GA", "sentiment": "positive", "time": "Wed Nov 23 11:40:09 +0000 2016"}
{"polarity": -0.1, "location": "New York, NY", "sentiment": "negative", "time": "Wed Nov 23 11:40:16 +0000 2016"}
{"polarity": 0.0, "location": "New York, NY", "sentiment": "neutral", "time": "Wed Nov 23 11:40:29 +0000 2016"}
{"polarity": 0.0, "location": "Portland, OR", "sentiment": "neutral", "time": "Wed Nov 23 11:40:37 +0000 2016"}
{"polarity": 0.2, "location": "New York, NY", "sentiment": "positive", "time": "Wed Nov 23 11:40:44 +0000 2016"}
{"polarity": 0.0, "location": "Orlando, FL", "sentiment": "neutral", "time": "Wed Nov 23 11:40:51 +0000 2016"}
{"polarity": 0.0, "location": "San Diego, CA", "sentiment": "neutral", "time": "Wed Nov 23 11:08:01 +0000 2016"}
{"polarity": 0.0, "location": "San Diego, CA", "sentiment": "neutral", "time": "Wed Nov 23 11:08:01 +0000 2016"}
{"polarity": 0.5, "location": "New York, NY", "sentiment": "positive", "time": "Wed Nov 23 11:08:22 +0000 2016"}
{"polarity": 0.6875, "location": "Portland, OR", "sentiment": "positive", "time": "Wed Nov 23 11:08:33 +0000 2016"}
{"polarity": 0.25, "location": "New York, NY", "sentiment": "positive", "time": "Wed Nov 23 11:35:22 +0000 2016"}
{"polarity": 0.0, "location": "Orlando, FL", "sentiment": "neutral", "time": "Wed Nov 23 11:35:47 +0000 2016"}
{"polarity": 0.8125, "location": "Phoenix, AZ", "sentiment": "positive", "time": "Wed Nov 23 11:35:55 +0000 2016"}
{"polarity": 0.0, "location": "Seattle, WA", "sentiment": "neutral", "time": "Wed Nov 23 11:43:00 +0000 2016"}
{"polarity": -0.15555555555555559, "location": "New York, NY", "sentiment": "negative", "time": "Wed Nov 23 11:43:29 +0000 2016"}
{"polarity": 0.2, "location": "Atlanta, GA", "sentiment": "positive", "time": "Wed Nov 23 11:43:50 +0000 2016"}
{"polarity": 0.125, "location": "San Diego, CA", "sentiment": "positive", "time": "Wed Nov 23 11:10:02 +0000 2016"}
{"polarity": 0.5, "location": "New York, NY", "sentiment": "positive", "time": "Wed Nov 23 11:10:28 +0000 2016"}
{"polarity": 0.048148148148148134, "location": "Boston, MA", "sentiment": "positive", "time": "Wed Nov 23 11:10:47 +0000 2016"}
{"polarity": 0.0, "location": "Atlanta, GA", "sentiment": "neutral", "time": "Wed Nov 23 11:10:50 +0000 2016"}
{"polarity": 0.0, "location": "San Diego, CA", "sentiment": "neutral", "time": "Wed Nov 23 11:24:20 +0000 2016"}
{"polarity": 0.9, "location": "New York, NY", "sentiment": "positive", "time": "Wed Nov 23 11:32:20 +0000 2016"}
{"polarity": 0.3208333333333333, "location": "New York, NY", "sentiment": "positive", "time": "Wed Nov 23 11:32:35 +0000 2016"}
{"polarity": 0.0, "location": "Portland, OR", "sentiment": "neutral", "time": "Wed Nov 23 11:32:50 +0000 2016"}
{"polarity": 0.1, "location": "Boston, MA", "sentiment": "positive", "time": "Wed Nov 23 11:36:17 +0000 2016"}
{"polarity": 0.0, "location": "Seattle, WA", "sentiment": "neutral", "time": "Wed Nov 23 11:36:35 +0000 2016"}
{"polarity": -0.2, "location": "Orlando, FL", "sentiment": "negative", "time": "Wed Nov 23 11:36:59 +0000 2016"}
{"polarity": 0.0, "location": "Phoenix, AZ", "sentiment": "neutral", "time": "Wed Nov 23 11:01:48 +0000 2016"}
{"polarity": 0.0, "location": "Atlanta, GA", "sentiment": "neutral", "time": "Wed Nov 23 11:55:16 +0000 2016"}
{"polarity": 0.0, "location": "Portland, OR", "sentiment": "neutral", "time": "Wed Nov 23 11:55:18 +0000 2016"}
{"polarity": 0.0, "location": "Boston, MA", "sentiment": "neutral", "time": "Wed Nov 23 11:55:35 +0000 2016"}
{"polarity": 0.0, "location": "Atlanta, GA", "sentiment": "neutral", "time": "Wed Nov 23 11:09:30 +0000 2016"}
{"polarity": 0.28125, "location": "Atlanta, GA", "sentiment": "positive", "time": "Wed Nov 23 11:09:57 +0000 2016"}
{"polarity": 0.0, "location": "Atlanta, GA", "sentiment": "neutral", "time": "Wed Nov 23 11:33:08 +0000 2016"}
{"polarity": 0.0, "location": "Boston, MA", "sentiment": "neutral", "time": "Wed Nov 23 11:33:12 +0000 2016"}
{"polarity": 0.35, "location": "New York, NY", "sentiment": "positive", "time": "Wed Nov 23 11:33:30 +0000 2016"}
{"polarity": 0.0, "location": "New York, NY", "sentiment": "neutral", "time": "Wed Nov 23 11:33:58 +0000 2016"}
{"polarity": 0.4625, "location": "Phoenix, AZ", "sentiment": "positive", "time": "Wed Nov 23 11:44:10 +0000 2016"}
{"polarity": 0.0, "location": "Portland, OR", "sentiment": "neutral", "time": "Wed Nov 23 11:44:11 +0000 2016"}
{"polarity": 0.0, "location": "Boston, MA", "sentiment": "neutral", "time": "Wed Nov 23 11:44:12 +0000 2016"}
{"polarity": 0.0, "location": "Atlanta, GA", "sentiment": "neutral", "time": "Wed Nov 23 11:44:14 +0000 2016"}
{"polarity": 0.0, "location": "New York, NY", "sentiment": "neutral", "time": "Wed Nov 23 11:44:30 +0000 2016"}
{"polarity": 0.1875, "location": "New York, NY", "sentiment": "positive", "time": "Wed Nov 23 11:28:43 +0000 2016"}
{"polarity": 0.0, "location": "Atlanta, GA", "sentiment": "neutral", "time": "Wed Nov 23 11:28:58 +0000 2016"}
{"polarity": 0.17777777777777778, "location": "New York, NY", "sentiment": "positive", "time": "Wed Nov 23 11:22:10 +0000 2016"}
{"polarity": -0.1, "location": "Orlando, FL", "sentiment": "negative", "time": "Wed Nov 23 11:22:12 +0000 2016"}
{"polarity": 0.25, "location": "New York, NY", "sentiment": "positive", "time": "Wed Nov 23 11:22:14 +0000 2016"}
{"polarity": 0.2833333333333333, "location": "Orlando, FL", "sentiment": "positive", "time": "Wed Nov 23 11:22:40 +0000 2016"}
{"polarity": -0.1, "location": "Orlando, FL", "sentiment": "negative", "time": "Wed Nov 23 11:49:11 +0000 2016"}
{"polarity": 0.0, "location": "San Diego, CA", "sentiment": "neutral", "time": "Wed Nov 23 11:49:14 +0000 2016"}
{"polarity": 0.0, "location": "Boston, MA", "sentiment": "neutral", "time": "Wed Nov 23 11:49:14 +0000 2016"}
{"polarity": 0.03333333333333333, "location": "New York, NY", "sentiment": "positive", "time": "Wed Nov 23 11:49:17 +0000 2016"}
{"polarity": 0.0, "location": "Atlanta, GA", "sentiment": "neutral", "time": "Wed Nov 23 11:49:22 +0000 2016"}
{"polarity": 0.5, "location": "Atlanta, GA", "sentiment": "positive", "time": "Wed Nov 23 11:49:48 +0000 2016"}
{"polarity": 0.0, "location": "New York, NY", "sentiment": "neutral", "time": "Wed Nov 23 11:45:04 +0000 2016"}
{"polarity": 0.22000000000000003, "location": "Phoenix, AZ", "sentiment": "positive", "time": "Wed Nov 23 11:06:03 +0000 2016"}
{"polarity": 0.0, "location": "Orlando, FL", "sentiment": "neutral", "time": "Wed Nov 23 11:06:14 +0000 2016"}
{"polarity": 0.0, "location": "Atlanta, GA", "sentiment": "neutral", "time": "Wed Nov 23 11:06:21 +0000 2016"}
{"polarity": -0.2333333333333333, "location": "Atlanta, GA", "sentiment": "negative", "time": "Wed Nov 23 11:06:24 +0000 2016"}
{"polarity": 0.0, "location": "New York, NY", "sentiment": "neutral", "time": "Wed Nov 23 11:06:37 +0000 2016"}
{"polarity": 0.5, "location": "New York, NY", "sentiment": "positive", "time": "Wed Nov 23 11:20:43 +0000 2016"}
{"polarity": 0.0, "location": "Atlanta, GA", "sentiment": "neutral", "time": "Wed Nov 23 11:20:45 +0000 2016"}
{"polarity": 0.0, "location": "Seattle, WA", "sentiment": "neutral", "time": "Wed Nov 23 11:20:57 +0000 2016"}
{"polarity": 0.0, "location": "Atlanta, GA", "sentiment": "neutral", "time": "Wed Nov 23 11:13:18 +0000 2016"}
{"polarity": 0.4125, "location": "Atlanta, GA", "sentiment": "positive", "time": "Wed Nov 23 11:13:25 +0000 2016"}
{"polarity": 0.0, "location": "Phoenix, AZ", "sentiment": "neutral", "time": "Wed Nov 23 11:04:27 +0000 2016"}
{"polarity": 0.0, "location": "New York, NY", "sentiment": "neutral", "time": "Wed Nov 23 20:39:01 +0000 2016"}
{"polarity": 0.0, "location": "New York, NY", "sentiment": "neutral", "time": "Wed Nov 23 20:39:01 +0000 2016"}
{"polarity": -0.4, "location": "Phoenix, AZ", "sentiment": "negative", "time": "Wed Nov 23 20:39:10 +0000 2016"}
{"polarity": 0.0, "location": "Phoenix, AZ", "sentiment": "neutral", "time": "Wed Nov 23 20:39:19 +0000 2016"}
{"polarity": 0.0, "location": "New York, NY", "sentiment": "neutral", "time": "Wed Nov 23 20:39:23 +0000 2016"}
{"polarity": 0.3875, "location": "San Diego, CA", "sentiment": "positive", "time": "Wed Nov 23 20:39:31 +0000 2016"}
{"polarity": 0.0, "location": "Atlanta, GA", "sentiment": "neutral", "time": "Wed Nov 23 20:39:34 +0000 2016"}
{"polarity": 0.0, "location": "New York, NY", "sentiment": "neutral", "time": "Wed Nov 23 20:39:35 +0000 2016"}
{"polarity": 0.0, "location": "Atlanta, GA", "sentiment": "neutral", "time": "Wed Nov 23 20:39:39 +0000 2016"}
{"polarity": 0.275, "location": "Seattle, WA", "sentiment": "positive", "time": "Wed Nov 23 20:39:42 +0000 2016"}
{"polarity": 0.0, "location": "New York, NY", "sentiment": "neutral", "time": "Wed Nov 23 20:39:43 +0000 2016"}
{"polarity": 0.125, "location": "Seattle, WA", "sentiment": "positive", "time": "Wed Nov 23 20:39:45 +0000 2016"}
{"polarity": 0.5708333333333334, "location": "Seattle, WA", "sentiment": "positive", "time": "Wed Nov 23 20:39:47 +0000 2016"}
{"polarity": 0.45, "location": "San Diego, CA", "sentiment": "positive", "time": "Wed Nov 23 20:39:52 +0000 2016"}
{"polarity": 0.4, "location": "Portland, OR", "sentiment": "positive", "time": "Wed Nov 23 20:59:08 +0000 2016"}
{"polarity": 0.8, "location": "New York, NY", "sentiment": "positive", "time": "Wed Nov 23 20:59:10 +0000 2016"}
{"polarity": 0.0, "location": "Atlanta, GA", "sentiment": "neutral", "time": "Wed Nov 23 20:59:29 +0000 2016"}
{"polarity": 0.0, "location": "Phoenix, AZ", "sentiment": "neutral", "time": "Wed Nov 23 20:59:46 +0000 2016"}
{"polarity": 0.0, "location": "Phoenix, AZ", "sentiment": "neutral", "time": "Wed Nov 23 20:59:48 +0000 2016"}
{"polarity": 0.5, "location": "Boston, MA", "sentiment": "positive", "time": "Wed Nov 23 20:59:49 +0000 2016"}
{"polarity": 0.0, "location": "Seattle, WA", "sentiment": "neutral", "time": "Wed Nov 23 20:59:52 +0000 2016"}
{"polarity": 0.0, "location": "Boston, MA", "sentiment": "neutral", "time": "Wed Nov 23 20:59:54 +0000 2016"}
{"polarity": -0.003693181818181821, "location": "New York, NY", "sentiment": "negative", "time": "Wed Nov 23 20:59:58 +0000 2016"}
{"polarity": 0.0, "location": "Portland, OR", "sentiment": "neutral", "time": "Wed Nov 23 20:59:59 +0000 2016"}
{"polarity": -0.5, "location": "New York, NY", "sentiment": "negative", "time": "Wed Nov 23 20:19:01 +0000 2016"}
{"polarity": 0.0, "location": "Portland, OR", "sentiment": "neutral", "time": "Wed Nov 23 20:19:03 +0000 2016"}
{"polarity": -0.5, "location": "New York, NY", "sentiment": "negative", "time": "Wed Nov 23 20:19:01 +0000 2016"}
{"polarity": 0.625, "location": "New York, NY", "sentiment": "positive", "time": "Wed Nov 23 20:19:10 +0000 2016"}
{"polarity": 0.0, "location": "New York, NY", "sentiment": "neutral", "time": "Wed Nov 23 20:19:15 +0000 2016"}
{"polarity": 0.0, "location": "New York, NY", "sentiment": "neutral", "time": "Wed Nov 23 20:19:30 +0000 2016"}
{"polarity": 0.4, "location": "New York, NY", "sentiment": "positive", "time": "Wed Nov 23 20:19:31 +0000 2016"}
{"polarity": 0.8, "location": "Phoenix, AZ", "sentiment": "positive", "time": "Wed Nov 23 20:19:43 +0000 2016"}
{"polarity": -0.15, "location": "Portland, OR", "sentiment": "negative", "time": "Wed Nov 23 20:19:46 +0000 2016"}
{"polarity": -0.3333333333333333, "location": "St. Louis, MO", "sentiment": "negative", "time": "Wed Nov 23 20:19:54 +0000 2016"}
{"polarity": 0.4, "location": "Phoenix, AZ", "sentiment": "positive", "time": "Wed Nov 23 20:19:58 +0000 2016"}
{"polarity": 0.0, "location": "Atlanta, GA", "sentiment": "neutral", "time": "Wed Nov 23 20:19:59 +0000 2016"}
{"polarity": 0.7, "location": "Seattle, WA", "sentiment": "positive", "time": "Wed Nov 23 20:37:00 +0000 2016"}
{"polarity": 0.0, "location": "New York, NY", "sentiment": "neutral", "time": "Wed Nov 23 20:37:01 +0000 2016"}
{"polarity": -0.6999999999999998, "location": "Portland, OR", "sentiment": "negative", "time": "Wed Nov 23 20:37:14 +0000 2016"}
{"polarity": 0.32, "location": "Atlanta, GA", "sentiment": "positive", "time": "Wed Nov 23 20:37:15 +0000 2016"}
{"polarity": 0.0, "location": "Atlanta, GA", "sentiment": "neutral", "time": "Wed Nov 23 20:37:27 +0000 2016"}
{"polarity": -0.2, "location": "Orlando, FL", "sentiment": "negative", "time": "Wed Nov 23 20:37:27 +0000 2016"}
{"polarity": 0.0, "location": "New York, NY", "sentiment": "neutral", "time": "Wed Nov 23 20:37:37 +0000 2016"}
{"polarity": 0.5, "location": "New York, NY", "sentiment": "positive", "time": "Wed Nov 23 20:31:04 +0000 2016"}
{"polarity": -0.04999999999999999, "location": "Atlanta, GA", "sentiment": "negative", "time": "Wed Nov 23 20:31:08 +0000 2016"}
{"polarity": 0.5, "location": "Portland, OR", "sentiment": "positive", "time": "Wed Nov 23 20:31:24 +0000 2016"}
{"polarity": 0.0, "location": "New York, NY", "sentiment": "neutral", "time": "Wed Nov 23 20:31:32 +0000 2016"}
{"polarity": 0.1, "location": "Portland, OR", "sentiment": "positive", "time": "Wed Nov 23 20:31:44 +0000 2016"}
{"polarity": -0.8, "location": "Seattle, WA", "sentiment": "negative", "time": "Wed Nov 23 20:31:45 +0000 2016"}
{"polarity": 0.625, "location": "New York, NY", "sentiment": "positive", "time": "Wed Nov 23 20:31:46 +0000 2016"}
{"polarity": 0.375, "location": "Seattle, WA", "sentiment": "positive", "time": "Wed Nov 23 20:31:47 +0000 2016"}
{"polarity": 0.0, "location": "Atlanta, GA", "sentiment": "neutral", "time": "Wed Nov 23 20:31:50 +0000 2016"}
{"polarity": 0.0, "location": "Boston, MA", "sentiment": "neutral", "time": "Wed Nov 23 20:41:03 +0000 2016"}
{"polarity": -0.4, "location": "New York, NY", "sentiment": "negative", "time": "Wed Nov 23 20:41:23 +0000 2016"}
{"polarity": 0.1523148148148148, "location": "Atlanta, GA", "sentiment": "positive", "time": "Wed Nov 23 20:41:30 +0000 2016"}
{"polarity": -0.46875, "location": "Portland, OR", "sentiment": "negative", "time": "Wed Nov 23 20:41:39 +0000 2016"}
{"polarity": 0.2, "location": "Phoenix, AZ", "sentiment": "positive", "time": "Wed Nov 23 20:41:44 +0000 2016"}
{"polarity": -0.5, "location": "Atlanta, GA", "sentiment": "negative", "time": "Wed Nov 23 20:41:44 +0000 2016"}
{"polarity": 0.0, "location": "San Diego, CA", "sentiment": "neutral", "time": "Wed Nov 23 20:41:47 +0000 2016"}
{"polarity": 0.25, "location": "Seattle, WA", "sentiment": "positive", "time": "Wed Nov 23 20:41:50 +0000 2016"}
{"polarity": 0.5, "location": "San Diego, CA", "sentiment": "positive", "time": "Wed Nov 23 20:27:15 +0000 2016"}
{"polarity": 0.0, "location": "Portland, OR", "sentiment": "neutral", "time": "Wed Nov 23 20:27:20 +0000 2016"}
{"polarity": 0.0, "location": "Seattle, WA", "sentiment": "neutral", "time": "Wed Nov 23 20:27:23 +0000 2016"}
{"polarity": -0.8, "location": "Phoenix, AZ", "sentiment": "negative", "time": "Wed Nov 23 20:27:26 +0000 2016"}
{"polarity": 0.0, "location": "Phoenix, AZ", "sentiment": "neutral", "time": "Wed Nov 23 20:27:30 +0000 2016"}
{"polarity": 0.6000000000000001, "location": "Boston, MA", "sentiment": "positive", "time": "Wed Nov 23 20:27:44 +0000 2016"}
{"polarity": 0.625, "location": "San Diego, CA", "sentiment": "positive", "time": "Wed Nov 23 20:27:46 +0000 2016"}
{"polarity": 0.0, "location": "Seattle, WA", "sentiment": "neutral", "time": "Wed Nov 23 20:57:08 +0000 2016"}
{"polarity": 0.25, "location": "New York, NY", "sentiment": "positive", "time": "Wed Nov 23 20:57:09 +0000 2016"}
{"polarity": 0.0, "location": "Orlando, FL", "sentiment": "neutral", "time": "Wed Nov 23 20:57:12 +0000 2016"}
{"polarity": 0.18333333333333335, "location": "Orlando, FL", "sentiment": "positive", "time": "Wed Nov 23 20:57:13 +0000 2016"}
{"polarity": 0.39999999999999997, "location": "Atlanta, GA", "sentiment": "positive", "time": "Wed Nov 23 20:57:20 +0000 2016"}
{"polarity": 0.15277777777777776, "location": "San Diego, CA", "sentiment": "positive", "time": "Wed Nov 23 20:57:29 +0000 2016"}
{"polarity": 0.0, "location": "Boston, MA", "sentiment": "neutral", "time": "Wed Nov 23 20:57:33 +0000 2016"}
{"polarity": 0.0, "location": "Atlanta, GA", "sentiment": "neutral", "time": "Wed Nov 23 20:57:35 +0000 2016"}
{"polarity": -0.2, "location": "San Diego, CA", "sentiment": "negative", "time": "Wed Nov 23 20:57:46 +0000 2016"}
{"polarity": -0.6875, "location": "New York, NY", "sentiment": "negative", "time": "Wed Nov 23 20:57:53 +0000 2016"}
{"polarity": 0.5800000000000001, "location": "San Diego, CA", "sentiment": "positive", "time": "Wed Nov 23 20:57:55 +0000 2016"}
{"polarity": 0.0, "location": "Boston, MA", "sentiment": "neutral", "time": "Wed Nov 23 20:57:56 +0000 2016"}
{"polarity": -0.08333333333333331, "location": "Seattle, WA", "sentiment": "negative", "time": "Wed Nov 23 20:26:01 +0000 2016"}
{"polarity": 0.0, "location": "Atlanta, GA", "sentiment": "neutral", "time": "Wed Nov 23 20:26:06 +0000 2016"}
{"polarity": 0.0, "location": "Atlanta, GA", "sentiment": "neutral", "time": "Wed Nov 23 20:26:08 +0000 2016"}
{"polarity": -0.08333333333333333, "location": "New York, NY", "sentiment": "negative", "time": "Wed Nov 23 20:26:09 +0000 2016"}
{"polarity": 0.0, "location": "Boston, MA", "sentiment": "neutral", "time": "Wed Nov 23 20:26:10 +0000 2016"}
{"polarity": 0.25, "location": "New York, NY", "sentiment": "positive", "time": "Wed Nov 23 20:26:14 +0000 2016"}
{"polarity": 0.0, "location": "Orlando, FL", "sentiment": "neutral", "time": "Wed Nov 23 20:26:15 +0000 2016"}
{"polarity": 0.0, "location": "Seattle, WA", "sentiment": "neutral", "time": "Wed Nov 23 20:26:27 +0000 2016"}
{"polarity": 0.2, "location": "Portland, OR", "sentiment": "positive", "time": "Wed Nov 23 20:26:32 +0000 2016"}
{"polarity": 0.0, "location": "Atlanta, GA", "sentiment": "neutral", "time": "Wed Nov 23 20:26:39 +0000 2016"}
{"polarity": -0.2, "location": "Orlando, FL", "sentiment": "negative", "time": "Wed Nov 23 20:26:57 +0000 2016"}
{"polarity": 1.0, "location": "Atlanta, GA", "sentiment": "positive", "time": "Wed Nov 23 20:26:59 +0000 2016"}
{"polarity": 0.26666666666666666, "location": "New York, NY", "sentiment": "positive", "time": "Wed Nov 23 20:58:33 +0000 2016"}
{"polarity": 0.0, "location": "Atlanta, GA", "sentiment": "neutral", "time": "Wed Nov 23 20:58:35 +0000 2016"}
{"polarity": 0.0, "location": "San Diego, CA", "sentiment": "neutral", "time": "Wed Nov 23 20:58:43 +0000 2016"}
{"polarity": 0.025, "location": "Boston, MA", "sentiment": "positive", "time": "Wed Nov 23 20:58:48 +0000 2016"}
{"polarity": 0.3375, "location": "Atlanta, GA", "sentiment": "positive", "time": "Wed Nov 23 20:58:51 +0000 2016"}
{"polarity": 0.0, "location": "New York, NY", "sentiment": "neutral", "time": "Wed Nov 23 20:58:59 +0000 2016"}
{"polarity": 0.0, "location": "Kansas City, KS", "sentiment": "neutral", "time": "Wed Nov 23 20:42:19 +0000 2016"}
{"polarity": 0.0, "location": "San Diego, CA", "sentiment": "neutral", "time": "Wed Nov 23 20:42:20 +0000 2016"}
{"polarity": -0.5, "location": "Phoenix, AZ", "sentiment": "negative", "time": "Wed Nov 23 20:42:41 +0000 2016"}
{"polarity": 0.2, "location": "Orlando, FL", "sentiment": "positive", "time": "Wed Nov 23 20:42:57 +0000 2016"}
{"polarity": 0.0, "location": "New York, NY", "sentiment": "neutral", "time": "Wed Nov 23 20:50:01 +0000 2016"}
{"polarity": 0.11145833333333334, "location": "Boston, MA", "sentiment": "positive", "time": "Wed Nov 23 20:50:06 +0000 2016"}
{"polarity": -0.375, "location": "Portland, OR", "sentiment": "negative", "time": "Wed Nov 23 20:50:10 +0000 2016"}
{"polarity": 0.0, "location": "Orlando, FL", "sentiment": "neutral", "time": "Wed Nov 23 20:50:11 +0000 2016"}
{"polarity": 0.23616161616161616, "location": "New York, NY", "sentiment": "positive", "time": "Wed Nov 23 20:50:13 +0000 2016"}
{"polarity": 0.0, "location": "Boston, MA", "sentiment": "neutral", "time": "Wed Nov 23 20:50:21 +0000 2016"}
{"polarity": 0.3333333333333333, "location": "San Diego, CA", "sentiment": "positive", "time": "Wed Nov 23 20:50:22 +0000 2016"}
{"polarity": 0.6770833333333334, "location": "Orlando, FL", "sentiment": "positive", "time": "Wed Nov 23 20:50:29 +0000 2016"}
{"polarity": 0.0, "location": "Atlanta, GA", "sentiment": "neutral", "time": "Wed Nov 23 20:50:41 +0000 2016"}
{"polarity": 0.0, "location": "Atlanta, GA", "sentiment": "neutral", "time": "Wed Nov 23 20:50:41 +0000 2016"}
{"polarity": 0.0, "location": "New York, NY", "sentiment": "neutral", "time": "Wed Nov 23 20:50:42 +0000 2016"}
{"polarity": 0.25, "location": "New York, NY", "sentiment": "positive", "time": "Wed Nov 23 20:50:47 +0000 2016"}
{"polarity": 0.0, "location": "New York, NY", "sentiment": "neutral", "time": "Wed Nov 23 20:50:48 +0000 2016"}
{"polarity": -0.4, "location": "Atlanta, GA", "sentiment": "negative", "time": "Wed Nov 23 20:15:11 +0000 2016"}
{"polarity": -0.3333333333333333, "location": "San Diego, CA", "sentiment": "negative", "time": "Wed Nov 23 20:15:16 +0000 2016"}
{"polarity": 0.175, "location": "Atlanta, GA", "sentiment": "positive", "time": "Wed Nov 23 20:15:16 +0000 2016"}
{"polarity": -0.20833333333333331, "location": "Atlanta, GA", "sentiment": "negative", "time": "Wed Nov 23 20:15:21 +0000 2016"}
{"polarity": 0.0, "location": "Atlanta, GA", "sentiment": "neutral", "time": "Wed Nov 23 20:15:24 +0000 2016"}
{"polarity": 0.32187499999999997, "location": "Orlando, FL", "sentiment": "positive", "time": "Wed Nov 23 20:15:28 +0000 2016"}
{"polarity": 1.0, "location": "Atlanta, GA", "sentiment": "positive", "time": "Wed Nov 23 20:15:32 +0000 2016"}
{"polarity": 0.0, "location": "Seattle, WA", "sentiment": "neutral", "time": "Wed Nov 23 20:15:33 +0000 2016"}
{"polarity": 0.3, "location": "Seattle, WA", "sentiment": "positive", "time": "Wed Nov 23 20:15:51 +0000 2016"}
{"polarity": 0.0, "location": "San Diego, CA", "sentiment": "neutral", "time": "Wed Nov 23 20:15:53 +0000 2016"}
{"polarity": -0.8, "location": "Boston, MA", "sentiment": "negative", "time": "Wed Nov 23 20:38:02 +0000 2016"}
{"polarity": 0.625, "location": "San Diego, CA", "sentiment": "positive", "time": "Wed Nov 23 20:38:06 +0000 2016"}
{"polarity": -0.5, "location": "Portland, OR", "sentiment": "negative", "time": "Wed Nov 23 20:38:12 +0000 2016"}
{"polarity": 0.6000000000000001, "location": "San Diego, CA", "sentiment": "positive", "time": "Wed Nov 23 20:38:17 +0000 2016"}
{"polarity": 0.375, "location": "New York, NY", "sentiment": "positive", "time": "Wed Nov 23 20:38:25 +0000 2016"}
{"polarity": 0.0, "location": "New York, NY", "sentiment": "neutral", "time": "Wed Nov 23 20:38:31 +0000 2016"}
{"polarity": 0.4, "location": "New York, NY", "sentiment": "positive", "time": "Wed Nov 23 20:38:40 +0000 2016"}
{"polarity": 1.0, "location": "New York, NY", "sentiment": "positive", "time": "Wed Nov 23 20:38:43 +0000 2016"}
{"polarity": 0.253125, "location": "Orlando, FL", "sentiment": "positive", "time": "Wed Nov 23 20:38:55 +0000 2016"}
{"polarity": 0.0, "location": "San Diego, CA", "sentiment": "neutral", "time": "Wed Nov 23 20:38:58 +0000 2016"}
{"polarity": 0.8, "location": "Phoenix, AZ", "sentiment": "positive", "time": "Wed Nov 23 20:21:01 +0000 2016"}
{"polarity": 0.0, "location": "Atlanta, GA", "sentiment": "neutral", "time": "Wed Nov 23 20:21:09 +0000 2016"}
{"polarity": 0.0, "location": "New York, NY", "sentiment": "neutral", "time": "Wed Nov 23 20:21:11 +0000 2016"}
{"polarity": 0.43333333333333335, "location": "Atlanta, GA", "sentiment": "positive", "time": "Wed Nov 23 20:21:11 +0000 2016"}
{"polarity": 0.0, "location": "Seattle, WA", "sentiment": "neutral", "time": "Wed Nov 23 20:21:14 +0000 2016"}
{"polarity": 0.25, "location": "New York, NY", "sentiment": "positive", "time": "Wed Nov 23 20:21:15 +0000 2016"}
{"polarity": 0.0, "location": "New York, NY", "sentiment": "neutral", "time": "Wed Nov 23 20:21:16 +0000 2016"}
{"polarity": 0.14583333333333334, "location": "Seattle, WA", "sentiment": "positive", "time": "Wed Nov 23 20:21:22 +0000 2016"}
{"polarity": 0.375, "location": "Seattle, WA", "sentiment": "positive", "time": "Wed Nov 23 20:21:28 +0000 2016"}
{"polarity": 0.0, "location": "Phoenix, AZ", "sentiment": "neutral", "time": "Wed Nov 23 20:21:36 +0000 2016"}
{"polarity": 0.08750000000000001, "location": "New York, NY", "sentiment": "positive", "time": "Wed Nov 23 20:21:39 +0000 2016"}
{"polarity": 0.0, "location": "Orlando, FL", "sentiment": "neutral", "time": "Wed Nov 23 20:21:39 +0000 2016"}
{"polarity": 0.08666666666666667, "location": "Portland, OR", "sentiment": "positive", "time": "Wed Nov 23 20:21:42 +0000 2016"}
{"polarity": 0.134375, "location": "San Diego, CA", "sentiment": "positive", "time": "Wed Nov 23 20:21:44 +0000 2016"}
{"polarity": 0.0, "location": "Boston, MA", "sentiment": "neutral", "time": "Wed Nov 23 20:21:50 +0000 2016"}
{"polarity": 0.0, "location": "Atlanta, GA", "sentiment": "neutral", "time": "Wed Nov 23 20:21:58 +0000 2016"}
{"polarity": 0.0, "location": "Atlanta, GA", "sentiment": "neutral", "time": "Wed Nov 23 20:17:01 +0000 2016"}
{"polarity": 0.2857142857142857, "location": "St. Louis, MO", "sentiment": "positive", "time": "Wed Nov 23 20:17:03 +0000 2016"}
{"polarity": 0.0, "location": "Boston, MA", "sentiment": "neutral", "time": "Wed Nov 23 20:17:03 +0000 2016"}
{"polarity": 0.75, "location": "St. Louis, MO", "sentiment": "positive", "time": "Wed Nov 23 20:17:08 +0000 2016"}
{"polarity": -0.4, "location": "New York, NY", "sentiment": "negative", "time": "Wed Nov 23 20:17:09 +0000 2016"}
{"polarity": 0.0, "location": "New York, NY", "sentiment": "neutral", "time": "Wed Nov 23 20:17:22 +0000 2016"}
{"polarity": 0.0, "location": "Atlanta, GA", "sentiment": "neutral", "time": "Wed Nov 23 20:17:26 +0000 2016"}
{"polarity": 0.0, "location": "Phoenix, AZ", "sentiment": "neutral", "time": "Wed Nov 23 20:17:27 +0000 2016"}
{"polarity": 0.0, "location": "New York, NY", "sentiment": "neutral", "time": "Wed Nov 23 20:17:33 +0000 2016"}
{"polarity": 0.2, "location": "Seattle, WA", "sentiment": "positive", "time": "Wed Nov 23 20:17:38 +0000 2016"}
{"polarity": 0.3666666666666667, "location": "Atlanta, GA", "sentiment": "positive", "time": "Wed Nov 23 20:17:50 +0000 2016"}
{"polarity": 0.13636363636363635, "location": "New York, NY", "sentiment": "positive", "time": "Wed Nov 23 20:17:52 +0000 2016"}
{"polarity": 0.0, "location": "New York, NY", "sentiment": "neutral", "time": "Wed Nov 23 20:17:53 +0000 2016"}
{"polarity": 0.0, "location": "Orlando, FL", "sentiment": "neutral", "time": "Wed Nov 23 20:12:01 +0000 2016"}
{"polarity": 0.0, "location": "Orlando, FL", "sentiment": "neutral", "time": "Wed Nov 23 20:12:01 +0000 2016"}
{"polarity": 0.25, "location": "Orlando, FL", "sentiment": "positive", "time": "Wed Nov 23 20:12:20 +0000 2016"}
{"polarity": 0.0, "location": "Atlanta, GA", "sentiment": "neutral", "time": "Wed Nov 23 20:12:25 +0000 2016"}
{"polarity": 0.09393939393939395, "location": "Portland, OR", "sentiment": "positive", "time": "Wed Nov 23 20:12:25 +0000 2016"}
{"polarity": 0.0, "location": "New York, NY", "sentiment": "neutral", "time": "Wed Nov 23 20:12:28 +0000 2016"}
{"polarity": 0.0, "location": "New York, NY", "sentiment": "neutral", "time": "Wed Nov 23 20:12:48 +0000 2016"}
{"polarity": 0.2402777777777778, "location": "Orlando, FL", "sentiment": "positive", "time": "Wed Nov 23 20:12:57 +0000 2016"}
{"polarity": 0.0, "location": "New York, NY", "sentiment": "neutral", "time": "Wed Nov 23 20:29:16 +0000 2016"}
{"polarity": 0.8, "location": "San Diego, CA", "sentiment": "positive", "time": "Wed Nov 23 20:29:24 +0000 2016"}
{"polarity": 0.0875, "location": "New York, NY", "sentiment": "positive", "time": "Wed Nov 23 20:29:45 +0000 2016"}
{"polarity": 0.5, "location": "New York, NY", "sentiment": "positive", "time": "Wed Nov 23 20:29:55 +0000 2016"}
{"polarity": 0.1, "location": "Atlanta, GA", "sentiment": "positive", "time": "Wed Nov 23 20:29:56 +0000 2016"}
{"polarity": 0.0, "location": "Atlanta, GA", "sentiment": "neutral", "time": "Wed Nov 23 20:18:01 +0000 2016"}
{"polarity": 0.0, "location": "Atlanta, GA", "sentiment": "neutral", "time": "Wed Nov 23 20:18:05 +0000 2016"}
{"polarity": 0.21875, "location": "Atlanta, GA", "sentiment": "positive", "time": "Wed Nov 23 20:18:06 +0000 2016"}
{"polarity": 0.0, "location": "Atlanta, GA", "sentiment": "neutral", "time": "Wed Nov 23 20:18:17 +0000 2016"}
{"polarity": 0.0, "location": "New York, NY", "sentiment": "neutral", "time": "Wed Nov 23 20:18:18 +0000 2016"}
{"polarity": 0.15454545454545454, "location": "Atlanta, GA", "sentiment": "positive", "time": "Wed Nov 23 20:18:18 +0000 2016"}
{"polarity": -0.13, "location": "Atlanta, GA", "sentiment": "negative", "time": "Wed Nov 23 20:18:19 +0000 2016"}
{"polarity": 0.5, "location": "Boston, MA", "sentiment": "positive", "time": "Wed Nov 23 20:18:21 +0000 2016"}
{"polarity": 0.13636363636363635, "location": "Boston, MA", "sentiment": "positive", "time": "Wed Nov 23 20:18:25 +0000 2016"}
{"polarity": -0.2, "location": "New York, NY", "sentiment": "negative", "time": "Wed Nov 23 20:18:27 +0000 2016"}
{"polarity": 0.0, "location": "Orlando, FL", "sentiment": "neutral", "time": "Wed Nov 23 20:18:29 +0000 2016"}
{"polarity": 0.0, "location": "Atlanta, GA", "sentiment": "neutral", "time": "Wed Nov 23 20:18:31 +0000 2016"}
{"polarity": 0.0, "location": "San Diego, CA", "sentiment": "neutral", "time": "Wed Nov 23 20:18:35 +0000 2016"}
{"polarity": 0.0, "location": "New York, NY", "sentiment": "neutral", "time": "Wed Nov 23 20:18:40 +0000 2016"}
{"polarity": 0.0, "location": "New York, NY", "sentiment": "neutral", "time": "Wed Nov 23 20:18:41 +0000 2016"}
{"polarity": 0.0, "location": "New York, NY", "sentiment": "neutral", "time": "Wed Nov 23 20:18:42 +0000 2016"}
{"polarity": 0.0, "location": "Boston, MA", "sentiment": "neutral", "time": "Wed Nov 23 20:18:47 +0000 2016"}
{"polarity": 0.0, "location": "Boston, MA", "sentiment": "neutral", "time": "Wed Nov 23 20:18:49 +0000 2016"}
{"polarity": 0.0, "location": "New York, NY", "sentiment": "neutral", "time": "Wed Nov 23 20:18:59 +0000 2016"}
{"polarity": 0.0, "location": "Atlanta, GA", "sentiment": "neutral", "time": "Wed Nov 23 20:46:06 +0000 2016"}
{"polarity": 0.5, "location": "New York, NY", "sentiment": "positive", "time": "Wed Nov 23 20:46:12 +0000 2016"}
{"polarity": -0.3, "location": "Seattle, WA", "sentiment": "negative", "time": "Wed Nov 23 20:46:15 +0000 2016"}
{"polarity": 0.5, "location": "New York, NY", "sentiment": "positive", "time": "Wed Nov 23 20:46:26 +0000 2016"}
{"polarity": 0.5, "location": "Atlanta, GA", "sentiment": "positive", "time": "Wed Nov 23 20:46:30 +0000 2016"}
{"polarity": 0.6666666666666666, "location": "Atlanta, GA", "sentiment": "positive", "time": "Wed Nov 23 20:46:35 +0000 2016"}
{"polarity": 0.0, "location": "San Diego, CA", "sentiment": "neutral", "time": "Wed Nov 23 20:46:36 +0000 2016"}
{"polarity": 0.0, "location": "Atlanta, GA", "sentiment": "neutral", "time": "Wed Nov 23 20:46:37 +0000 2016"}
{"polarity": 0.39999999999999997, "location": "Atlanta, GA", "sentiment": "positive", "time": "Wed Nov 23 20:46:40 +0000 2016"}
{"polarity": 0.0, "location": "Phoenix, AZ", "sentiment": "neutral", "time": "Wed Nov 23 20:00:03 +0000 2016"}
{"polarity": 0.0, "location": "Seattle, WA", "sentiment": "neutral", "time": "Wed Nov 23 20:00:10 +0000 2016"}
{"polarity": -0.1, "location": "New York, NY", "sentiment": "negative", "time": "Wed Nov 23 20:00:10 +0000 2016"}
{"polarity": 0.0, "location": "Phoenix, AZ", "sentiment": "neutral", "time": "Wed Nov 23 20:00:11 +0000 2016"}
{"polarity": 0.0, "location": "Orlando, FL", "sentiment": "neutral", "time": "Wed Nov 23 20:00:14 +0000 2016"}
{"polarity": 0.0, "location": "Seattle, WA", "sentiment": "neutral", "time": "Wed Nov 23 20:00:17 +0000 2016"}
{"polarity": 0.6, "location": "New York, NY", "sentiment": "positive", "time": "Wed Nov 23 20:00:17 +0000 2016"}
{"polarity": 0.0, "location": "New York, NY", "sentiment": "neutral", "time": "Wed Nov 23 20:00:19 +0000 2016"}
{"polarity": 0.10833333333333334, "location": "Seattle, WA", "sentiment": "positive", "time": "Wed Nov 23 20:00:23 +0000 2016"}
{"polarity": 0.21428571428571427, "location": "San Diego, CA", "sentiment": "positive", "time": "Wed Nov 23 20:00:40 +0000 2016"}
{"polarity": 0.0, "location": "Orlando, FL", "sentiment": "neutral", "time": "Wed Nov 23 20:00:40 +0000 2016"}
{"polarity": 0.35, "location": "Seattle, WA", "sentiment": "positive", "time": "Wed Nov 23 20:00:43 +0000 2016"}
{"polarity": 0.1, "location": "Boston, MA", "sentiment": "positive", "time": "Wed Nov 23 20:00:48 +0000 2016"}
{"polarity": 0.0, "location": "New York, NY", "sentiment": "neutral", "time": "Wed Nov 23 20:00:48 +0000 2016"}
{"polarity": 0.17045454545454544, "location": "Boston, MA", "sentiment": "positive", "time": "Wed Nov 23 20:00:56 +0000 2016"}
{"polarity": 0.0, "location": "Boston, MA", "sentiment": "neutral", "time": "Wed Nov 23 20:00:58 +0000 2016"}
{"polarity": 0.0, "location": "Atlanta, GA", "sentiment": "neutral", "time": "Wed Nov 23 20:34:02 +0000 2016"}
{"polarity": 0.2333333333333333, "location": "Atlanta, GA", "sentiment": "positive", "time": "Wed Nov 23 20:34:08 +0000 2016"}
{"polarity": -0.375, "location": "Boston, MA", "sentiment": "negative", "time": "Wed Nov 23 20:34:09 +0000 2016"}
{"polarity": 0.2, "location": "Atlanta, GA", "sentiment": "positive", "time": "Wed Nov 23 20:34:11 +0000 2016"}
{"polarity": 0.0, "location": "Boston, MA", "sentiment": "neutral", "time": "Wed Nov 23 20:34:12 +0000 2016"}
{"polarity": 0.6, "location": "New York, NY", "sentiment": "positive", "time": "Wed Nov 23 20:34:16 +0000 2016"}
{"polarity": 0.0, "location": "Boston, MA", "sentiment": "neutral", "time": "Wed Nov 23 20:34:16 +0000 2016"}
{"polarity": 0.6000000000000001, "location": "New York, NY", "sentiment": "positive", "time": "Wed Nov 23 20:34:34 +0000 2016"}
{"polarity": 0.244140625, "location": "San Diego, CA", "sentiment": "positive", "time": "Wed Nov 23 20:34:37 +0000 2016"}
{"polarity": 0.0, "location": "Atlanta, GA", "sentiment": "neutral", "time": "Wed Nov 23 20:34:39 +0000 2016"}
{"polarity": 0.0, "location": "Atlanta, GA", "sentiment": "neutral", "time": "Wed Nov 23 20:34:43 +0000 2016"}
{"polarity": 0.0, "location": "New York, NY", "sentiment": "neutral", "time": "Wed Nov 23 20:34:57 +0000 2016"}
{"polarity": 0.4666666666666666, "location": "New York, NY", "sentiment": "positive", "time": "Wed Nov 23 20:34:58 +0000 2016"}
{"polarity": 0.0, "location": "Atlanta, GA", "sentiment": "neutral", "time": "Wed Nov 23 20:05:08 +0000 2016"}
{"polarity": 0.0, "location": "Kansas City, KS", "sentiment": "neutral", "time": "Wed Nov 23 20:05:11 +0000 2016"}
{"polarity": 0.2, "location": "Seattle, WA", "sentiment": "positive", "time": "Wed Nov 23 20:05:17 +0000 2016"}
{"polarity": 0.0, "location": "Atlanta, GA", "sentiment": "neutral", "time": "Wed Nov 23 20:05:18 +0000 2016"}
{"polarity": 0.0, "location": "Orlando, FL", "sentiment": "neutral", "time": "Wed Nov 23 20:05:21 +0000 2016"}
{"polarity": 0.13333333333333333, "location": "New York, NY", "sentiment": "positive", "time": "Wed Nov 23 20:05:23 +0000 2016"}
{"polarity": -0.1, "location": "San Diego, CA", "sentiment": "negative", "time": "Wed Nov 23 20:05:28 +0000 2016"}
{"polarity": 0.0, "location": "Atlanta, GA", "sentiment": "neutral", "time": "Wed Nov 23 20:05:31 +0000 2016"}
{"polarity": 0.0, "location": "Boston, MA", "sentiment": "neutral", "time": "Wed Nov 23 20:05:52 +0000 2016"}
{"polarity": -0.09999999999999999, "location": "New York, NY", "sentiment": "negative", "time": "Wed Nov 23 20:05:54 +0000 2016"}
{"polarity": -0.6, "location": "New York, NY", "sentiment": "negative", "time": "Wed Nov 23 20:05:56 +0000 2016"}
{"polarity": -0.07142857142857142, "location": "Portland, OR", "sentiment": "negative", "time": "Wed Nov 23 20:05:59 +0000 2016"}
{"polarity": 0.0, "location": "Seattle, WA", "sentiment": "neutral", "time": "Wed Nov 23 20:11:00 +0000 2016"}
{"polarity": 0.0, "location": "Atlanta, GA", "sentiment": "neutral", "time": "Wed Nov 23 20:11:01 +0000 2016"}
{"polarity": 0.0, "location": "Atlanta, GA", "sentiment": "neutral", "time": "Wed Nov 23 20:11:03 +0000 2016"}
{"polarity": 0.0, "location": "Atlanta, GA", "sentiment": "neutral", "time": "Wed Nov 23 20:11:04 +0000 2016"}
{"polarity": 0.0, "location": "San Diego, CA", "sentiment": "neutral", "time": "Wed Nov 23 20:11:05 +0000 2016"}
{"polarity": -0.4, "location": "Boston, MA", "sentiment": "negative", "time": "Wed Nov 23 20:11:16 +0000 2016"}
{"polarity": 0.5, "location": "Orlando, FL", "sentiment": "positive", "time": "Wed Nov 23 20:11:16 +0000 2016"}
{"polarity": -0.17857142857142858, "location": "Atlanta, GA", "sentiment": "negative", "time": "Wed Nov 23 20:11:19 +0000 2016"}
{"polarity": 0.0, "location": "Atlanta, GA", "sentiment": "neutral", "time": "Wed Nov 23 20:11:23 +0000 2016"}
{"polarity": 0.0, "location": "New York, NY", "sentiment": "neutral", "time": "Wed Nov 23 20:11:23 +0000 2016"}
{"polarity": 0.0, "location": "Kansas City, KS", "sentiment": "neutral", "time": "Wed Nov 23 20:11:25 +0000 2016"}
{"polarity": 0.0, "location": "Atlanta, GA", "sentiment": "neutral", "time": "Wed Nov 23 20:11:30 +0000 2016"}
{"polarity": 0.0625, "location": "Boston, MA", "sentiment": "positive", "time": "Wed Nov 23 20:11:39 +0000 2016"}
{"polarity": 0.0, "location": "New York, NY", "sentiment": "neutral", "time": "Wed Nov 23 20:11:41 +0000 2016"}
{"polarity": 0.0, "location": "Atlanta, GA", "sentiment": "neutral", "time": "Wed Nov 23 20:11:42 +0000 2016"}
{"polarity": 0.0, "location": "New York, NY", "sentiment": "neutral", "time": "Wed Nov 23 20:11:42 +0000 2016"}
{"polarity": 0.5, "location": "San Diego, CA", "sentiment": "positive", "time": "Wed Nov 23 20:11:52 +0000 2016"}
{"polarity": 0.0, "location": "New York, NY", "sentiment": "neutral", "time": "Wed Nov 23 20:11:53 +0000 2016"}
{"polarity": -0.6, "location": "Portland, OR", "sentiment": "negative", "time": "Wed Nov 23 20:56:01 +0000 2016"}
{"polarity": 0.0, "location": "Seattle, WA", "sentiment": "neutral", "time": "Wed Nov 23 20:56:15 +0000 2016"}
{"polarity": 0.55, "location": "Boston, MA", "sentiment": "positive", "time": "Wed Nov 23 20:56:21 +0000 2016"}
{"polarity": 0.78125, "location": "Portland, OR", "sentiment": "positive", "time": "Wed Nov 23 20:56:32 +0000 2016"}
{"polarity": -0.5, "location": "New York, NY", "sentiment": "negative", "time": "Wed Nov 23 20:56:43 +0000 2016"}
{"polarity": 0.3375, "location": "Atlanta, GA", "sentiment": "positive", "time": "Wed Nov 23 20:56:45 +0000 2016"}
{"polarity": 0.0, "location": "New York, NY", "sentiment": "neutral", "time": "Wed Nov 23 20:56:45 +0000 2016"}
{"polarity": 0.5249999999999999, "location": "San Diego, CA", "sentiment": "positive", "time": "Wed Nov 23 20:56:47 +0000 2016"}
{"polarity": 0.0, "location": "Orlando, FL", "sentiment": "neutral", "time": "Wed Nov 23 20:56:48 +0000 2016"}
{"polarity": 0.0, "location": "Atlanta, GA", "sentiment": "neutral", "time": "Wed Nov 23 20:56:49 +0000 2016"}
{"polarity": 0.08, "location": "San Diego, CA", "sentiment": "positive", "time": "Wed Nov 23 20:56:53 +0000 2016"}
{"polarity": 0.5, "location": "New York, NY", "sentiment": "positive", "time": "Wed Nov 23 20:47:05 +0000 2016"}
{"polarity": 0.35, "location": "Portland, OR", "sentiment": "positive", "time": "Wed Nov 23 20:47:19 +0000 2016"}
{"polarity": 0.0, "location": "Seattle, WA", "sentiment": "neutral", "time": "Wed Nov 23 20:47:28 +0000 2016"}
{"polarity": 0.2, "location": "Orlando, FL", "sentiment": "positive", "time": "Wed Nov 23 20:47:28 +0000 2016"}
{"polarity": 0.0, "location": "San Diego, CA", "sentiment": "neutral", "time": "Wed Nov 23 20:47:33 +0000 2016"}
{"polarity": 0.8, "location": "Boston, MA", "sentiment": "positive", "time": "Wed Nov 23 20:47:35 +0000 2016"}
{"polarity": 0.21000000000000002, "location": "Portland, OR", "sentiment": "positive", "time": "Wed Nov 23 20:47:36 +0000 2016"}
{"polarity": 0.48750000000000004, "location": "New York, NY", "sentiment": "positive", "time": "Wed Nov 23 20:47:42 +0000 2016"}
{"polarity": 0.13636363636363635, "location": "New York, NY", "sentiment": "positive", "time": "Wed Nov 23 20:47:44 +0000 2016"}
{"polarity": 0.0, "location": "Seattle, WA", "sentiment": "neutral", "time": "Wed Nov 23 20:47:47 +0000 2016"}
{"polarity": 0.19999999999999998, "location": "Atlanta, GA", "sentiment": "positive", "time": "Wed Nov 23 20:52:03 +0000 2016"}
{"polarity": 0.175, "location": "Atlanta, GA", "sentiment": "positive", "time": "Wed Nov 23 20:52:05 +0000 2016"}
{"polarity": 0.0, "location": "New York, NY", "sentiment": "neutral", "time": "Wed Nov 23 20:52:05 +0000 2016"}
{"polarity": 0.0, "location": "Boston, MA", "sentiment": "neutral", "time": "Wed Nov 23 20:52:22 +0000 2016"}
{"polarity": -0.5312499999999999, "location": "Atlanta, GA", "sentiment": "negative", "time": "Wed Nov 23 20:52:33 +0000 2016"}
{"polarity": 0.0, "location": "Seattle, WA", "sentiment": "neutral", "time": "Wed Nov 23 20:52:40 +0000 2016"}
{"polarity": 0.0, "location": "Orlando, FL", "sentiment": "neutral", "time": "Wed Nov 23 20:52:50 +0000 2016"}
{"polarity": 0.0, "location": "New York, NY", "sentiment": "neutral", "time": "Wed Nov 23 20:52:57 +0000 2016"}
{"polarity": -0.16666666666666666, "location": "Seattle, WA", "sentiment": "negative", "time": "Wed Nov 23 20:52:58 +0000 2016"}
{"polarity": -0.7071428571428571, "location": "Seattle, WA", "sentiment": "negative", "time": "Wed Nov 23 20:53:04 +0000 2016"}
{"polarity": 0.6, "location": "Phoenix, AZ", "sentiment": "positive", "time": "Wed Nov 23 20:53:10 +0000 2016"}
{"polarity": 0.6000000000000001, "location": "Orlando, FL", "sentiment": "positive", "time": "Wed Nov 23 20:53:21 +0000 2016"}
{"polarity": 0.4453125, "location": "San Diego, CA", "sentiment": "positive", "time": "Wed Nov 23 20:53:24 +0000 2016"}
{"polarity": 0.2, "location": "Atlanta, GA", "sentiment": "positive", "time": "Wed Nov 23 20:53:25 +0000 2016"}
{"polarity": 0.0, "location": "San Diego, CA", "sentiment": "neutral", "time": "Wed Nov 23 20:53:28 +0000 2016"}
{"polarity": 0.0, "location": "New York, NY", "sentiment": "neutral", "time": "Wed Nov 23 20:53:30 +0000 2016"}
{"polarity": 0.13636363636363635, "location": "Atlanta, GA", "sentiment": "positive", "time": "Wed Nov 23 20:53:36 +0000 2016"}
{"polarity": 0.0, "location": "Orlando, FL", "sentiment": "neutral", "time": "Wed Nov 23 20:53:42 +0000 2016"}
{"polarity": -0.05, "location": "New York, NY", "sentiment": "negative", "time": "Wed Nov 23 20:53:45 +0000 2016"}
{"polarity": 0.0, "location": "Orlando, FL", "sentiment": "neutral", "time": "Wed Nov 23 20:53:45 +0000 2016"}
{"polarity": 0.5, "location": "Boston, MA", "sentiment": "positive", "time": "Wed Nov 23 20:53:48 +0000 2016"}
{"polarity": 0.0, "location": "Atlanta, GA", "sentiment": "neutral", "time": "Wed Nov 23 20:53:50 +0000 2016"}
{"polarity": 0.0, "location": "Seattle, WA", "sentiment": "neutral", "time": "Wed Nov 23 20:02:02 +0000 2016"}
{"polarity": 0.45, "location": "Seattle, WA", "sentiment": "positive", "time": "Wed Nov 23 20:02:07 +0000 2016"}
{"polarity": -0.1, "location": "San Diego, CA", "sentiment": "negative", "time": "Wed Nov 23 20:02:07 +0000 2016"}
{"polarity": 0.0, "location": "Portland, OR", "sentiment": "neutral", "time": "Wed Nov 23 20:02:12 +0000 2016"}
{"polarity": 0.13636363636363635, "location": "New York, NY", "sentiment": "positive", "time": "Wed Nov 23 20:02:18 +0000 2016"}
{"polarity": 0.0, "location": "Phoenix, AZ", "sentiment": "neutral", "time": "Wed Nov 23 20:02:20 +0000 2016"}
{"polarity": 0.33888888888888885, "location": "San Diego, CA", "sentiment": "positive", "time": "Wed Nov 23 20:02:21 +0000 2016"}
{"polarity": 0.0, "location": "Orlando, FL", "sentiment": "neutral", "time": "Wed Nov 23 20:02:22 +0000 2016"}
{"polarity": 0.0, "location": "Boston, MA", "sentiment": "neutral", "time": "Wed Nov 23 20:02:24 +0000 2016"}
{"polarity": -0.06666666666666665, "location": "Phoenix, AZ", "sentiment": "negative", "time": "Wed Nov 23 20:02:31 +0000 2016"}
{"polarity": 0.2, "location": "San Diego, CA", "sentiment": "positive", "time": "Wed Nov 23 20:02:34 +0000 2016"}
{"polarity": 0.0, "location": "Atlanta, GA", "sentiment": "neutral", "time": "Wed Nov 23 20:02:40 +0000 2016"}
{"polarity": -0.4, "location": "Atlanta, GA", "sentiment": "negative", "time": "Wed Nov 23 20:02:45 +0000 2016"}
{"polarity": -0.234375, "location": "Atlanta, GA", "sentiment": "negative", "time": "Wed Nov 23 20:02:45 +0000 2016"}
{"polarity": 0.0, "location": "New York, NY", "sentiment": "neutral", "time": "Wed Nov 23 20:48:22 +0000 2016"}
{"polarity": -0.16666666666666666, "location": "New York, NY", "sentiment": "negative", "time": "Wed Nov 23 20:48:30 +0000 2016"}
{"polarity": 0.16666666666666666, "location": "Boston, MA", "sentiment": "positive", "time": "Wed Nov 23 20:48:42 +0000 2016"}
{"polarity": 0.0, "location": "New York, NY", "sentiment": "neutral", "time": "Wed Nov 23 20:48:43 +0000 2016"}
{"polarity": 0.0, "location": "Boston, MA", "sentiment": "neutral", "time": "Wed Nov 23 20:48:51 +0000 2016"}
{"polarity": 0.6000000000000001, "location": "Atlanta, GA", "sentiment": "positive", "time": "Wed Nov 23 20:48:52 +0000 2016"}
{"polarity": 0.4, "location": "New York, NY", "sentiment": "positive", "time": "Wed Nov 23 20:48:59 +0000 2016"}
{"polarity": 0.01944444444444443, "location": "New York, NY", "sentiment": "positive", "time": "Wed Nov 23 20:25:02 +0000 2016"}
{"polarity": 0.0, "location": "Orlando, FL", "sentiment": "neutral", "time": "Wed Nov 23 20:25:05 +0000 2016"}
{"polarity": 0.0, "location": "New York, NY", "sentiment": "neutral", "time": "Wed Nov 23 20:25:09 +0000 2016"}
{"polarity": -0.3666666666666667, "location": "Atlanta, GA", "sentiment": "negative", "time": "Wed Nov 23 20:25:12 +0000 2016"}
{"polarity": 0.13636363636363635, "location": "San Diego, CA", "sentiment": "positive", "time": "Wed Nov 23 20:25:14 +0000 2016"}
{"polarity": 0.0, "location": "Atlanta, GA", "sentiment": "neutral", "time": "Wed Nov 23 20:25:19 +0000 2016"}
{"polarity": 0.0, "location": "San Diego, CA", "sentiment": "neutral", "time": "Wed Nov 23 20:25:21 +0000 2016"}
{"polarity": 0.0, "location": "Orlando, FL", "sentiment": "neutral", "time": "Wed Nov 23 20:25:23 +0000 2016"}
{"polarity": 0.0, "location": "Atlanta, GA", "sentiment": "neutral", "time": "Wed Nov 23 20:25:32 +0000 2016"}
{"polarity": 0.0, "location": "Boston, MA", "sentiment": "neutral", "time": "Wed Nov 23 20:25:32 +0000 2016"}
{"polarity": 0.0, "location": "Seattle, WA", "sentiment": "neutral", "time": "Wed Nov 23 20:25:37 +0000 2016"}
{"polarity": 0.7, "location": "San Diego, CA", "sentiment": "positive", "time": "Wed Nov 23 20:25:42 +0000 2016"}
{"polarity": 0.35, "location": "Seattle, WA", "sentiment": "positive", "time": "Wed Nov 23 20:25:47 +0000 2016"}
{"polarity": 0.0, "location": "San Diego, CA", "sentiment": "neutral", "time": "Wed Nov 23 20:25:51 +0000 2016"}
{"polarity": -0.05, "location": "New York, NY", "sentiment": "negative", "time": "Wed Nov 23 20:25:54 +0000 2016"}
{"polarity": 0.3333333333333333, "location": "Atlanta, GA", "sentiment": "positive", "time": "Wed Nov 23 20:25:57 +0000 2016"}
{"polarity": 0.0, "location": "Boston, MA", "sentiment": "neutral", "time": "Wed Nov 23 20:16:10 +0000 2016"}
{"polarity": -0.13181818181818183, "location": "Boston, MA", "sentiment": "negative", "time": "Wed Nov 23 20:16:12 +0000 2016"}
{"polarity": -0.13333333333333333, "location": "Seattle, WA", "sentiment": "negative", "time": "Wed Nov 23 20:16:30 +0000 2016"}
{"polarity": 0.0, "location": "New York, NY", "sentiment": "neutral", "time": "Wed Nov 23 20:16:54 +0000 2016"}
{"polarity": 0.35714285714285715, "location": "Portland, OR", "sentiment": "positive", "time": "Wed Nov 23 20:16:57 +0000 2016"}
{"polarity": 0.35, "location": "Atlanta, GA", "sentiment": "positive", "time": "Wed Nov 23 20:14:00 +0000 2016"}
{"polarity": 0.0, "location": "Atlanta, GA", "sentiment": "neutral", "time": "Wed Nov 23 20:14:10 +0000 2016"}
{"polarity": 0.2, "location": "New York, NY", "sentiment": "positive", "time": "Wed Nov 23 20:14:10 +0000 2016"}
{"polarity": 0.0, "location": "Boston, MA", "sentiment": "neutral", "time": "Wed Nov 23 20:14:17 +0000 2016"}
{"polarity": 0.0, "location": "Phoenix, AZ", "sentiment": "neutral", "time": "Wed Nov 23 20:14:18 +0000 2016"}
{"polarity": 0.5, "location": "San Diego, CA", "sentiment": "positive", "time": "Wed Nov 23 20:14:28 +0000 2016"}
{"polarity": 0.35, "location": "Orlando, FL", "sentiment": "positive", "time": "Wed Nov 23 20:14:30 +0000 2016"}
{"polarity": 0.25, "location": "San Diego, CA", "sentiment": "positive", "time": "Wed Nov 23 20:14:45 +0000 2016"}
{"polarity": 0.0, "location": "Orlando, FL", "sentiment": "neutral", "time": "Wed Nov 23 20:14:54 +0000 2016"}
{"polarity": -0.18333333333333335, "location": "San Diego, CA", "sentiment": "negative", "time": "Wed Nov 23 20:14:57 +0000 2016"}
{"polarity": 0.016666666666666677, "location": "Orlando, FL", "sentiment": "positive", "time": "Wed Nov 23 20:23:00 +0000 2016"}
{"polarity": 0.0, "location": "Kansas City, KS", "sentiment": "neutral", "time": "Wed Nov 23 20:23:26 +0000 2016"}
{"polarity": 0.0, "location": "Atlanta, GA", "sentiment": "neutral", "time": "Wed Nov 23 20:23:37 +0000 2016"}
{"polarity": 0.525, "location": "Atlanta, GA", "sentiment": "positive", "time": "Wed Nov 23 20:23:37 +0000 2016"}
{"polarity": -0.6, "location": "Boston, MA", "sentiment": "negative", "time": "Wed Nov 23 20:23:45 +0000 2016"}
{"polarity": 0.0, "location": "Boston, MA", "sentiment": "neutral", "time": "Wed Nov 23 20:23:52 +0000 2016"}
{"polarity": 0.5, "location": "San Diego, CA", "sentiment": "positive", "time": "Wed Nov 23 20:23:57 +0000 2016"}
{"polarity": 0.2833333333333333, "location": "Orlando, FL", "sentiment": "positive", "time": "Wed Nov 23 20:07:03 +0000 2016"}
{"polarity": 0.0, "location": "Phoenix, AZ", "sentiment": "neutral", "time": "Wed Nov 23 20:07:06 +0000 2016"}
{"polarity": 0.0, "location": "Orlando, FL", "sentiment": "neutral", "time": "Wed Nov 23 20:07:06 +0000 2016"}
{"polarity": 0.5, "location": "Boston, MA", "sentiment": "positive", "time": "Wed Nov 23 20:07:06 +0000 2016"}
{"polarity": -0.16666666666666666, "location": "Boston, MA", "sentiment": "negative", "time": "Wed Nov 23 20:07:10 +0000 2016"}
{"polarity": 0.5, "location": "Seattle, WA", "sentiment": "positive", "time": "Wed Nov 23 20:07:12 +0000 2016"}
{"polarity": 0.5, "location": "New York, NY", "sentiment": "positive", "time": "Wed Nov 23 20:07:35 +0000 2016"}
{"polarity": 0.0, "location": "Phoenix, AZ", "sentiment": "neutral", "time": "Wed Nov 23 20:07:36 +0000 2016"}
{"polarity": 0.25, "location": "San Diego, CA", "sentiment": "positive", "time": "Wed Nov 23 20:07:39 +0000 2016"}
{"polarity": 0.3, "location": "Seattle, WA", "sentiment": "positive", "time": "Wed Nov 23 20:07:42 +0000 2016"}
{"polarity": -0.15000000000000002, "location": "Boston, MA", "sentiment": "negative", "time": "Wed Nov 23 20:07:48 +0000 2016"}
{"polarity": 0.6875, "location": "New York, NY", "sentiment": "positive", "time": "Wed Nov 23 20:07:51 +0000 2016"}
{"polarity": 0.0, "location": "Atlanta, GA", "sentiment": "neutral", "time": "Wed Nov 23 20:07:52 +0000 2016"}
{"polarity": 0.578125, "location": "Seattle, WA", "sentiment": "positive", "time": "Wed Nov 23 20:07:53 +0000 2016"}
{"polarity": 0.5, "location": "Seattle, WA", "sentiment": "positive", "time": "Wed Nov 23 20:51:01 +0000 2016"}
{"polarity": 0.425, "location": "Orlando, FL", "sentiment": "positive", "time": "Wed Nov 23 20:51:04 +0000 2016"}
{"polarity": 0.0, "location": "New York, NY", "sentiment": "neutral", "time": "Wed Nov 23 20:51:08 +0000 2016"}
{"polarity": 0.0, "location": "New York, NY", "sentiment": "neutral", "time": "Wed Nov 23 20:51:15 +0000 2016"}
{"polarity": 0.0, "location": "Seattle, WA", "sentiment": "neutral", "time": "Wed Nov 23 20:51:15 +0000 2016"}
{"polarity": 0.2857142857142857, "location": "Atlanta, GA", "sentiment": "positive", "time": "Wed Nov 23 20:51:27 +0000 2016"}
{"polarity": -0.20833333333333331, "location": "Phoenix, AZ", "sentiment": "negative", "time": "Wed Nov 23 20:51:28 +0000 2016"}
{"polarity": 0.0, "location": "New York, NY", "sentiment": "neutral", "time": "Wed Nov 23 20:51:28 +0000 2016"}
{"polarity": -0.2, "location": "San Diego, CA", "sentiment": "negative", "time": "Wed Nov 23 20:51:34 +0000 2016"}
{"polarity": 0.625, "location": "Orlando, FL", "sentiment": "positive", "time": "Wed Nov 23 20:51:46 +0000 2016"}
{"polarity": 0.038888888888888896, "location": "Portland, OR", "sentiment": "positive", "time": "Wed Nov 23 20:51:53 +0000 2016"}
{"polarity": 0.16562500000000002, "location": "Portland, OR", "sentiment": "positive", "time": "Wed Nov 23 20:30:02 +0000 2016"}
{"polarity": 0.0, "location": "Portland, OR", "sentiment": "neutral", "time": "Wed Nov 23 20:30:04 +0000 2016"}
{"polarity": 0.0, "location": "Boston, MA", "sentiment": "neutral", "time": "Wed Nov 23 20:30:13 +0000 2016"}
{"polarity": 0.06818181818181818, "location": "Atlanta, GA", "sentiment": "positive", "time": "Wed Nov 23 20:30:16 +0000 2016"}
{"polarity": 0.0, "location": "San Diego, CA", "sentiment": "neutral", "time": "Wed Nov 23 20:30:21 +0000 2016"}
{"polarity": 0.0, "location": "Atlanta, GA", "sentiment": "neutral", "time": "Wed Nov 23 20:30:24 +0000 2016"}
{"polarity": 0.0, "location": "Seattle, WA", "sentiment": "neutral", "time": "Wed Nov 23 20:30:27 +0000 2016"}
{"polarity": 0.0, "location": "Atlanta, GA", "sentiment": "neutral", "time": "Wed Nov 23 20:30:32 +0000 2016"}
{"polarity": 0.0, "location": "Boston, MA", "sentiment": "neutral", "time": "Wed Nov 23 20:30:32 +0000 2016"}
{"polarity": 0.0, "location": "Orlando, FL", "sentiment": "neutral", "time": "Wed Nov 23 20:30:35 +0000 2016"}
{"polarity": 0.6, "location": "Boston, MA", "sentiment": "positive", "time": "Wed Nov 23 20:30:41 +0000 2016"}
{"polarity": 0.2857142857142857, "location": "San Diego, CA", "sentiment": "positive", "time": "Wed Nov 23 20:30:42 +0000 2016"}
{"polarity": 0.0, "location": "San Diego, CA", "sentiment": "neutral", "time": "Wed Nov 23 20:30:43 +0000 2016"}
{"polarity": 0.0, "location": "Portland, OR", "sentiment": "neutral", "time": "Wed Nov 23 20:30:49 +0000 2016"}
{"polarity": 0.0, "location": "New York, NY", "sentiment": "neutral", "time": "Wed Nov 23 20:30:49 +0000 2016"}
{"polarity": 0.0, "location": "Portland, OR", "sentiment": "neutral", "time": "Wed Nov 23 20:30:55 +0000 2016"}
{"polarity": 0.8, "location": "New York, NY", "sentiment": "positive", "time": "Wed Nov 23 20:30:55 +0000 2016"}
{"polarity": 0.0, "location": "Atlanta, GA", "sentiment": "neutral", "time": "Wed Nov 23 20:30:56 +0000 2016"}
{"polarity": 0.03333333333333335, "location": "New York, NY", "sentiment": "positive", "time": "Wed Nov 23 20:03:05 +0000 2016"}
{"polarity": 0.0, "location": "Atlanta, GA", "sentiment": "neutral", "time": "Wed Nov 23 20:03:06 +0000 2016"}
{"polarity": 0.0, "location": "New York, NY", "sentiment": "neutral", "time": "Wed Nov 23 20:03:12 +0000 2016"}
{"polarity": 0.0, "location": "New York, NY", "sentiment": "neutral", "time": "Wed Nov 23 20:03:13 +0000 2016"}
{"polarity": 0.5, "location": "Portland, OR", "sentiment": "positive", "time": "Wed Nov 23 20:03:16 +0000 2016"}
{"polarity": 0.0, "location": "Orlando, FL", "sentiment": "neutral", "time": "Wed Nov 23 20:03:26 +0000 2016"}
{"polarity": 0.4, "location": "Atlanta, GA", "sentiment": "positive", "time": "Wed Nov 23 20:03:31 +0000 2016"}
{"polarity": 0.0, "location": "Atlanta, GA", "sentiment": "neutral", "time": "Wed Nov 23 20:40:03 +0000 2016"}
{"polarity": 1.0, "location": "New York, NY", "sentiment": "positive", "time": "Wed Nov 23 20:40:06 +0000 2016"}
{"polarity": 0.13636363636363635, "location": "Portland, OR", "sentiment": "positive", "time": "Wed Nov 23 20:40:08 +0000 2016"}
{"polarity": 0.0625, "location": "Boston, MA", "sentiment": "positive", "time": "Wed Nov 23 20:40:14 +0000 2016"}
{"polarity": 0.0, "location": "St. Louis, MO", "sentiment": "neutral", "time": "Wed Nov 23 20:40:15 +0000 2016"}
{"polarity": -0.6, "location": "Portland, OR", "sentiment": "negative", "time": "Wed Nov 23 20:40:20 +0000 2016"}
{"polarity": 0.2, "location": "Orlando, FL", "sentiment": "positive", "time": "Wed Nov 23 20:40:21 +0000 2016"}
{"polarity": -0.40714285714285714, "location": "Phoenix, AZ", "sentiment": "negative", "time": "Wed Nov 23 20:40:29 +0000 2016"}
{"polarity": 0.0, "location": "Boston, MA", "sentiment": "neutral", "time": "Wed Nov 23 20:40:51 +0000 2016"}
{"polarity": 0.8, "location": "Atlanta, GA", "sentiment": "positive", "time": "Wed Nov 23 20:08:01 +0000 2016"}
{"polarity": 0.0, "location": "Atlanta, GA", "sentiment": "neutral", "time": "Wed Nov 23 20:08:19 +0000 2016"}
{"polarity": 0.0, "location": "Atlanta, GA", "sentiment": "neutral", "time": "Wed Nov 23 20:08:39 +0000 2016"}
{"polarity": 0.0, "location": "San Diego, CA", "sentiment": "neutral", "time": "Wed Nov 23 20:08:40 +0000 2016"}
{"polarity": 0.0, "location": "New York, NY", "sentiment": "neutral", "time": "Wed Nov 23 20:08:51 +0000 2016"}
{"polarity": 0.0, "location": "Seattle, WA", "sentiment": "neutral", "time": "Wed Nov 23 20:08:57 +0000 2016"}
{"polarity": 0.3181818181818182, "location": "Seattle, WA", "sentiment": "positive", "time": "Wed Nov 23 20:35:00 +0000 2016"}
{"polarity": 0.0, "location": "Atlanta, GA", "sentiment": "neutral", "time": "Wed Nov 23 20:35:03 +0000 2016"}
{"polarity": -0.25833333333333336, "location": "Seattle, WA", "sentiment": "negative", "time": "Wed Nov 23 20:35:09 +0000 2016"}
{"polarity": -0.6, "location": "Orlando, FL", "sentiment": "negative", "time": "Wed Nov 23 20:35:32 +0000 2016"}
{"polarity": 0.0, "location": "Boston, MA", "sentiment": "neutral", "time": "Wed Nov 23 20:35:35 +0000 2016"}
{"polarity": 0.0, "location": "New York, NY", "sentiment": "neutral", "time": "Wed Nov 23 20:35:45 +0000 2016"}
{"polarity": 0.2, "location": "Orlando, FL", "sentiment": "positive", "time": "Wed Nov 23 20:35:47 +0000 2016"}
{"polarity": -0.4, "location": "Atlanta, GA", "sentiment": "negative", "time": "Wed Nov 23 20:35:49 +0000 2016"}
{"polarity": 0.2, "location": "Orlando, FL", "sentiment": "positive", "time": "Wed Nov 23 20:35:59 +0000 2016"}
{"polarity": -0.04999999999999999, "location": "New York, NY", "sentiment": "negative", "time": "Wed Nov 23 20:43:06 +0000 2016"}
{"polarity": 0.0, "location": "Phoenix, AZ", "sentiment": "neutral", "time": "Wed Nov 23 20:43:10 +0000 2016"}
{"polarity": 0.45, "location": "Portland, OR", "sentiment": "positive", "time": "Wed Nov 23 20:43:18 +0000 2016"}
{"polarity": -0.3125, "location": "Atlanta, GA", "sentiment": "negative", "time": "Wed Nov 23 20:43:19 +0000 2016"}
{"polarity": 0.09714285714285714, "location": "New York, NY", "sentiment": "positive", "time": "Wed Nov 23 20:43:25 +0000 2016"}
{"polarity": 0.5285714285714286, "location": "Orlando, FL", "sentiment": "positive", "time": "Wed Nov 23 20:43:32 +0000 2016"}
{"polarity": 0.2375, "location": "Portland, OR", "sentiment": "positive", "time": "Wed Nov 23 20:43:36 +0000 2016"}
{"polarity": 0.0, "location": "Portland, OR", "sentiment": "neutral", "time": "Wed Nov 23 20:43:37 +0000 2016"}
{"polarity": 0.0, "location": "Atlanta, GA", "sentiment": "neutral", "time": "Wed Nov 23 20:43:46 +0000 2016"}
{"polarity": 0.6666666666666666, "location": "Atlanta, GA", "sentiment": "positive", "time": "Wed Nov 23 20:43:46 +0000 2016"}
{"polarity": 0.4, "location": "Seattle, WA", "sentiment": "positive", "time": "Wed Nov 23 20:10:01 +0000 2016"}
{"polarity": 0.0, "location": "Orlando, FL", "sentiment": "neutral", "time": "Wed Nov 23 20:10:06 +0000 2016"}
{"polarity": 0.5, "location": "Seattle, WA", "sentiment": "positive", "time": "Wed Nov 23 20:10:06 +0000 2016"}
{"polarity": 0.0, "location": "Atlanta, GA", "sentiment": "neutral", "time": "Wed Nov 23 20:10:07 +0000 2016"}
{"polarity": 0.0, "location": "Atlanta, GA", "sentiment": "neutral", "time": "Wed Nov 23 20:10:10 +0000 2016"}
{"polarity": 0.0, "location": "New York, NY", "sentiment": "neutral", "time": "Wed Nov 23 20:10:10 +0000 2016"}
{"polarity": 0.6, "location": "Atlanta, GA", "sentiment": "positive", "time": "Wed Nov 23 20:10:19 +0000 2016"}
{"polarity": 0.0, "location": "San Diego, CA", "sentiment": "neutral", "time": "Wed Nov 23 20:10:24 +0000 2016"}
{"polarity": 0.0, "location": "New York, NY", "sentiment": "neutral", "time": "Wed Nov 23 20:10:27 +0000 2016"}
{"polarity": 0.0, "location": "Phoenix, AZ", "sentiment": "neutral", "time": "Wed Nov 23 20:10:30 +0000 2016"}
{"polarity": 0.0, "location": "San Diego, CA", "sentiment": "neutral", "time": "Wed Nov 23 20:10:33 +0000 2016"}
{"polarity": 0.4, "location": "Atlanta, GA", "sentiment": "positive", "time": "Wed Nov 23 20:10:33 +0000 2016"}
{"polarity": 0.0, "location": "Phoenix, AZ", "sentiment": "neutral", "time": "Wed Nov 23 20:10:40 +0000 2016"}
{"polarity": 0.0, "location": "Atlanta, GA", "sentiment": "neutral", "time": "Wed Nov 23 20:10:41 +0000 2016"}
{"polarity": 0.0, "location": "New York, NY", "sentiment": "neutral", "time": "Wed Nov 23 20:10:49 +0000 2016"}
{"polarity": 0.0, "location": "Portland, OR", "sentiment": "neutral", "time": "Wed Nov 23 20:10:50 +0000 2016"}
{"polarity": 0.0, "location": "New York, NY", "sentiment": "neutral", "time": "Wed Nov 23 20:10:59 +0000 2016"}
{"polarity": 0.0, "location": "Atlanta, GA", "sentiment": "neutral", "time": "Wed Nov 23 20:10:59 +0000 2016"}
{"polarity": 0.24, "location": "New York, NY", "sentiment": "positive", "time": "Wed Nov 23 20:54:01 +0000 2016"}
{"polarity": 0.5, "location": "San Diego, CA", "sentiment": "positive", "time": "Wed Nov 23 20:54:02 +0000 2016"}
{"polarity": 0.0, "location": "Atlanta, GA", "sentiment": "neutral", "time": "Wed Nov 23 20:54:09 +0000 2016"}
{"polarity": 0.0, "location": "Seattle, WA", "sentiment": "neutral", "time": "Wed Nov 23 20:54:11 +0000 2016"}
{"polarity": 0.0, "location": "New York, NY", "sentiment": "neutral", "time": "Wed Nov 23 20:54:23 +0000 2016"}
{"polarity": 0.0, "location": "Atlanta, GA", "sentiment": "neutral", "time": "Wed Nov 23 20:54:26 +0000 2016"}
{"polarity": 0.0, "location": "Atlanta, GA", "sentiment": "neutral", "time": "Wed Nov 23 20:54:26 +0000 2016"}
{"polarity": 0.0, "location": "Boston, MA", "sentiment": "neutral", "time": "Wed Nov 23 20:54:33 +0000 2016"}
{"polarity": 0.0, "location": "New York, NY", "sentiment": "neutral", "time": "Wed Nov 23 20:54:35 +0000 2016"}
{"polarity": 0.0, "location": "Orlando, FL", "sentiment": "neutral", "time": "Wed Nov 23 20:54:43 +0000 2016"}
{"polarity": 0.0, "location": "Boston, MA", "sentiment": "neutral", "time": "Wed Nov 23 20:54:44 +0000 2016"}
{"polarity": 0.0, "location": "San Diego, CA", "sentiment": "neutral", "time": "Wed Nov 23 20:54:47 +0000 2016"}
{"polarity": 0.0, "location": "New York, NY", "sentiment": "neutral", "time": "Wed Nov 23 20:54:51 +0000 2016"}
{"polarity": 0.1, "location": "Atlanta, GA", "sentiment": "positive", "time": "Wed Nov 23 20:54:58 +0000 2016"}
{"polarity": 0.0, "location": "New York, NY", "sentiment": "neutral", "time": "Wed Nov 23 20:54:58 +0000 2016"}
{"polarity": 0.0, "location": "Atlanta, GA", "sentiment": "neutral", "time": "Wed Nov 23 20:24:10 +0000 2016"}
{"polarity": 0.0, "location": "Phoenix, AZ", "sentiment": "neutral", "time": "Wed Nov 23 20:24:33 +0000 2016"}
{"polarity": 0.0, "location": "Boston, MA", "sentiment": "neutral", "time": "Wed Nov 23 20:24:55 +0000 2016"}
{"polarity": 0.0, "location": "St. Louis, MO", "sentiment": "neutral", "time": "Wed Nov 23 20:32:00 +0000 2016"}
{"polarity": 0.6, "location": "Portland, OR", "sentiment": "positive", "time": "Wed Nov 23 20:32:06 +0000 2016"}
{"polarity": 0.21818181818181817, "location": "Atlanta, GA", "sentiment": "positive", "time": "Wed Nov 23 20:32:07 +0000 2016"}
{"polarity": 0.0, "location": "Phoenix, AZ", "sentiment": "neutral", "time": "Wed Nov 23 20:32:09 +0000 2016"}
{"polarity": 0.2, "location": "New York, NY", "sentiment": "positive", "time": "Wed Nov 23 20:32:10 +0000 2016"}
{"polarity": 0.0, "location": "Seattle, WA", "sentiment": "neutral", "time": "Wed Nov 23 20:32:12 +0000 2016"}
{"polarity": 0.0, "location": "Phoenix, AZ", "sentiment": "neutral", "time": "Wed Nov 23 20:32:15 +0000 2016"}
{"polarity": 0.0909090909090909, "location": "New York, NY", "sentiment": "positive", "time": "Wed Nov 23 20:32:18 +0000 2016"}
{"polarity": -0.2, "location": "San Diego, CA", "sentiment": "negative", "time": "Wed Nov 23 20:32:28 +0000 2016"}
{"polarity": 0.05277777777777778, "location": "Seattle, WA", "sentiment": "positive", "time": "Wed Nov 23 20:32:30 +0000 2016"}
{"polarity": 0.5, "location": "Atlanta, GA", "sentiment": "positive", "time": "Wed Nov 23 20:32:41 +0000 2016"}
{"polarity": 0.8, "location": "Atlanta, GA", "sentiment": "positive", "time": "Wed Nov 23 20:32:41 +0000 2016"}
{"polarity": 0.0, "location": "Atlanta, GA", "sentiment": "neutral", "time": "Wed Nov 23 20:32:52 +0000 2016"}
{"polarity": 0.0, "location": "New York, NY", "sentiment": "neutral", "time": "Wed Nov 23 20:32:57 +0000 2016"}
{"polarity": 1.0, "location": "New York, NY", "sentiment": "positive", "time": "Wed Nov 23 20:36:02 +0000 2016"}
{"polarity": -0.3, "location": "Boston, MA", "sentiment": "negative", "time": "Wed Nov 23 20:36:25 +0000 2016"}
{"polarity": 0.0, "location": "Atlanta, GA", "sentiment": "neutral", "time": "Wed Nov 23 20:36:33 +0000 2016"}
{"polarity": 0.13636363636363635, "location": "Atlanta, GA", "sentiment": "positive", "time": "Wed Nov 23 20:36:37 +0000 2016"}
{"polarity": 0.8, "location": "New York, NY", "sentiment": "positive", "time": "Wed Nov 23 20:36:38 +0000 2016"}
{"polarity": -0.375, "location": "Phoenix, AZ", "sentiment": "negative", "time": "Wed Nov 23 20:36:41 +0000 2016"}
{"polarity": 0.0, "location": "Boston, MA", "sentiment": "neutral", "time": "Wed Nov 23 20:36:48 +0000 2016"}
{"polarity": 0.6000000000000001, "location": "New York, NY", "sentiment": "positive", "time": "Wed Nov 23 20:01:00 +0000 2016"}
{"polarity": -0.1, "location": "New York, NY", "sentiment": "negative", "time": "Wed Nov 23 20:01:07 +0000 2016"}
{"polarity": 0.0, "location": "Orlando, FL", "sentiment": "neutral", "time": "Wed Nov 23 20:01:07 +0000 2016"}
{"polarity": 0.014814814814814808, "location": "Phoenix, AZ", "sentiment": "positive", "time": "Wed Nov 23 20:01:16 +0000 2016"}
{"polarity": 0.6, "location": "Boston, MA", "sentiment": "positive", "time": "Wed Nov 23 20:01:18 +0000 2016"}
{"polarity": 0.0, "location": "New York, NY", "sentiment": "neutral", "time": "Wed Nov 23 20:01:23 +0000 2016"}
{"polarity": 0.6, "location": "New York, NY", "sentiment": "positive", "time": "Wed Nov 23 20:01:24 +0000 2016"}
{"polarity": 0.4, "location": "Atlanta, GA", "sentiment": "positive", "time": "Wed Nov 23 20:01:42 +0000 2016"}
{"polarity": 0.5, "location": "Portland, OR", "sentiment": "positive", "time": "Wed Nov 23 20:01:45 +0000 2016"}
{"polarity": 0.30000000000000004, "location": "Atlanta, GA", "sentiment": "positive", "time": "Wed Nov 23 20:01:50 +0000 2016"}
{"polarity": 0.0, "location": "New York, NY", "sentiment": "neutral", "time": "Wed Nov 23 20:01:52 +0000 2016"}
{"polarity": 0.1111111111111111, "location": "Seattle, WA", "sentiment": "positive", "time": "Wed Nov 23 20:01:54 +0000 2016"}
{"polarity": 0.0, "location": "Atlanta, GA", "sentiment": "neutral", "time": "Wed Nov 23 20:55:03 +0000 2016"}
{"polarity": -0.06666666666666667, "location": "Seattle, WA", "sentiment": "negative", "time": "Wed Nov 23 20:55:05 +0000 2016"}
{"polarity": 0.0, "location": "Boston, MA", "sentiment": "neutral", "time": "Wed Nov 23 20:55:08 +0000 2016"}
{"polarity": 0.5, "location": "Orlando, FL", "sentiment": "positive", "time": "Wed Nov 23 20:55:11 +0000 2016"}
{"polarity": 0.525, "location": "Orlando, FL", "sentiment": "positive", "time": "Wed Nov 23 20:55:20 +0000 2016"}
{"polarity": 0.0, "location": "Atlanta, GA", "sentiment": "neutral", "time": "Wed Nov 23 20:55:20 +0000 2016"}
{"polarity": 0.16193181818181818, "location": "Phoenix, AZ", "sentiment": "positive", "time": "Wed Nov 23 20:55:21 +0000 2016"}
{"polarity": 0.35, "location": "Orlando, FL", "sentiment": "positive", "time": "Wed Nov 23 20:55:43 +0000 2016"}
{"polarity": -0.6, "location": "Portland, OR", "sentiment": "negative", "time": "Wed Nov 23 20:55:53 +0000 2016"}
{"polarity": 0.0, "location": "Atlanta, GA", "sentiment": "neutral", "time": "Wed Nov 23 20:55:57 +0000 2016"}
{"polarity": 0.0, "location": "San Diego, CA", "sentiment": "neutral", "time": "Wed Nov 23 20:09:01 +0000 2016"}
{"polarity": 0.0, "location": "San Diego, CA", "sentiment": "neutral", "time": "Wed Nov 23 20:09:01 +0000 2016"}
{"polarity": 0.0, "location": "New York, NY", "sentiment": "neutral", "time": "Wed Nov 23 20:09:05 +0000 2016"}
{"polarity": 0.0, "location": "Portland, OR", "sentiment": "neutral", "time": "Wed Nov 23 20:09:09 +0000 2016"}
{"polarity": 1.0, "location": "Orlando, FL", "sentiment": "positive", "time": "Wed Nov 23 20:09:16 +0000 2016"}
{"polarity": 0.3, "location": "New York, NY", "sentiment": "positive", "time": "Wed Nov 23 20:33:00 +0000 2016"}
{"polarity": 0.0, "location": "Orlando, FL", "sentiment": "neutral", "time": "Wed Nov 23 20:33:01 +0000 2016"}
{"polarity": 0.6000000000000001, "location": "New York, NY", "sentiment": "positive", "time": "Wed Nov 23 20:33:04 +0000 2016"}
{"polarity": 0.9, "location": "Orlando, FL", "sentiment": "positive", "time": "Wed Nov 23 20:33:06 +0000 2016"}
{"polarity": 0.0, "location": "Boston, MA", "sentiment": "neutral", "time": "Wed Nov 23 20:33:10 +0000 2016"}
{"polarity": 0.2857142857142857, "location": "New York, NY", "sentiment": "positive", "time": "Wed Nov 23 20:33:12 +0000 2016"}
{"polarity": -0.6, "location": "Boston, MA", "sentiment": "negative", "time": "Wed Nov 23 20:33:20 +0000 2016"}
{"polarity": 0.0, "location": "Portland, OR", "sentiment": "neutral", "time": "Wed Nov 23 20:33:39 +0000 2016"}
{"polarity": 0.6, "location": "Atlanta, GA", "sentiment": "positive", "time": "Wed Nov 23 20:33:40 +0000 2016"}
{"polarity": 0.0, "location": "Boston, MA", "sentiment": "neutral", "time": "Wed Nov 23 20:33:46 +0000 2016"}
{"polarity": 0.0, "location": "Seattle, WA", "sentiment": "neutral", "time": "Wed Nov 23 20:33:49 +0000 2016"}
{"polarity": 0.0, "location": "San Diego, CA", "sentiment": "neutral", "time": "Wed Nov 23 20:33:56 +0000 2016"}
{"polarity": 0.5, "location": "San Diego, CA", "sentiment": "positive", "time": "Wed Nov 23 20:33:58 +0000 2016"}
{"polarity": 0.0, "location": "Atlanta, GA", "sentiment": "neutral", "time": "Wed Nov 23 20:44:03 +0000 2016"}
{"polarity": 0.0, "location": "New York, NY", "sentiment": "neutral", "time": "Wed Nov 23 20:44:29 +0000 2016"}
{"polarity": -0.3125, "location": "San Diego, CA", "sentiment": "negative", "time": "Wed Nov 23 20:44:43 +0000 2016"}
{"polarity": 0.0, "location": "Seattle, WA", "sentiment": "neutral", "time": "Wed Nov 23 20:44:47 +0000 2016"}
{"polarity": 0.0, "location": "Seattle, WA", "sentiment": "neutral", "time": "Wed Nov 23 20:44:52 +0000 2016"}
{"polarity": -0.20625, "location": "Seattle, WA", "sentiment": "negative", "time": "Wed Nov 23 20:28:00 +0000 2016"}
{"polarity": 0.5, "location": "New York, NY", "sentiment": "positive", "time": "Wed Nov 23 20:28:00 +0000 2016"}
{"polarity": 0.0, "location": "New York, NY", "sentiment": "neutral", "time": "Wed Nov 23 20:28:03 +0000 2016"}
{"polarity": 0.2, "location": "New York, NY", "sentiment": "positive", "time": "Wed Nov 23 20:28:13 +0000 2016"}
{"polarity": 0.5, "location": "Atlanta, GA", "sentiment": "positive", "time": "Wed Nov 23 20:28:22 +0000 2016"}
{"polarity": 0.125, "location": "Seattle, WA", "sentiment": "positive", "time": "Wed Nov 23 20:28:25 +0000 2016"}
{"polarity": 0.0, "location": "San Diego, CA", "sentiment": "neutral", "time": "Wed Nov 23 20:28:28 +0000 2016"}
{"polarity": 0.0, "location": "Atlanta, GA", "sentiment": "neutral", "time": "Wed Nov 23 20:28:41 +0000 2016"}
{"polarity": 0.09999999999999999, "location": "Orlando, FL", "sentiment": "positive", "time": "Wed Nov 23 20:28:49 +0000 2016"}
{"polarity": 0.10972222222222221, "location": "St. Louis, MO", "sentiment": "positive", "time": "Wed Nov 23 20:28:58 +0000 2016"}
{"polarity": 0.0, "location": "Orlando, FL", "sentiment": "neutral", "time": "Wed Nov 23 20:22:01 +0000 2016"}
{"polarity": 0.0, "location": "Boston, MA", "sentiment": "neutral", "time": "Wed Nov 23 20:22:03 +0000 2016"}
{"polarity": 0.1, "location": "Phoenix, AZ", "sentiment": "positive", "time": "Wed Nov 23 20:22:02 +0000 2016"}
{"polarity": 0.0, "location": "Atlanta, GA", "sentiment": "neutral", "time": "Wed Nov 23 20:22:04 +0000 2016"}
{"polarity": 0.375, "location": "New York, NY", "sentiment": "positive", "time": "Wed Nov 23 20:22:14 +0000 2016"}
{"polarity": 0.0, "location": "Atlanta, GA", "sentiment": "neutral", "time": "Wed Nov 23 20:22:19 +0000 2016"}
{"polarity": 0.0, "location": "Atlanta, GA", "sentiment": "neutral", "time": "Wed Nov 23 20:22:20 +0000 2016"}
{"polarity": 0.8, "location": "San Diego, CA", "sentiment": "positive", "time": "Wed Nov 23 20:22:21 +0000 2016"}
{"polarity": 0.0, "location": "Seattle, WA", "sentiment": "neutral", "time": "Wed Nov 23 20:22:27 +0000 2016"}
{"polarity": 0.4166666666666667, "location": "Portland, OR", "sentiment": "positive", "time": "Wed Nov 23 20:22:35 +0000 2016"}
{"polarity": 0.0, "location": "New York, NY", "sentiment": "neutral", "time": "Wed Nov 23 20:22:41 +0000 2016"}
{"polarity": 0.0, "location": "San Diego, CA", "sentiment": "neutral", "time": "Wed Nov 23 20:22:47 +0000 2016"}
{"polarity": 0.3, "location": "Seattle, WA", "sentiment": "positive", "time": "Wed Nov 23 20:49:08 +0000 2016"}
{"polarity": 0.0, "location": "San Diego, CA", "sentiment": "neutral", "time": "Wed Nov 23 20:49:11 +0000 2016"}
{"polarity": 0.07499999999999998, "location": "Seattle, WA", "sentiment": "positive", "time": "Wed Nov 23 20:49:12 +0000 2016"}
{"polarity": 0.7, "location": "Phoenix, AZ", "sentiment": "positive", "time": "Wed Nov 23 20:49:18 +0000 2016"}
{"polarity": 0.0, "location": "Seattle, WA", "sentiment": "neutral", "time": "Wed Nov 23 20:49:18 +0000 2016"}
{"polarity": 0.2, "location": "Seattle, WA", "sentiment": "positive", "time": "Wed Nov 23 20:49:25 +0000 2016"}
{"polarity": -0.4, "location": "Atlanta, GA", "sentiment": "negative", "time": "Wed Nov 23 20:49:28 +0000 2016"}
{"polarity": 0.8, "location": "New York, NY", "sentiment": "positive", "time": "Wed Nov 23 20:49:33 +0000 2016"}
{"polarity": 0.0, "location": "Boston, MA", "sentiment": "neutral", "time": "Wed Nov 23 20:49:32 +0000 2016"}
{"polarity": 0.0, "location": "Phoenix, AZ", "sentiment": "neutral", "time": "Wed Nov 23 20:49:36 +0000 2016"}
{"polarity": 0.0, "location": "San Diego, CA", "sentiment": "neutral", "time": "Wed Nov 23 20:49:37 +0000 2016"}
{"polarity": 0.0, "location": "Seattle, WA", "sentiment": "neutral", "time": "Wed Nov 23 20:49:48 +0000 2016"}
{"polarity": -0.13232323232323231, "location": "Atlanta, GA", "sentiment": "negative", "time": "Wed Nov 23 20:49:48 +0000 2016"}
{"polarity": 0.2, "location": "Atlanta, GA", "sentiment": "positive", "time": "Wed Nov 23 20:49:52 +0000 2016"}
{"polarity": 0.06666666666666667, "location": "St. Louis, MO", "sentiment": "positive", "time": "Wed Nov 23 20:49:55 +0000 2016"}
{"polarity": 0.0, "location": "New York, NY", "sentiment": "neutral", "time": "Wed Nov 23 20:49:56 +0000 2016"}
{"polarity": 0.0, "location": "New York, NY", "sentiment": "neutral", "time": "Wed Nov 23 20:45:00 +0000 2016"}
{"polarity": 0.0, "location": "San Diego, CA", "sentiment": "neutral", "time": "Wed Nov 23 20:45:02 +0000 2016"}
{"polarity": 0.3, "location": "New York, NY", "sentiment": "positive", "time": "Wed Nov 23 20:45:12 +0000 2016"}
{"polarity": 0.325, "location": "Orlando, FL", "sentiment": "positive", "time": "Wed Nov 23 20:45:13 +0000 2016"}
{"polarity": 0.0, "location": "New York, NY", "sentiment": "neutral", "time": "Wed Nov 23 20:45:29 +0000 2016"}
{"polarity": 0.0, "location": "Atlanta, GA", "sentiment": "neutral", "time": "Wed Nov 23 20:45:39 +0000 2016"}
{"polarity": 0.2, "location": "Boston, MA", "sentiment": "positive", "time": "Wed Nov 23 20:06:11 +0000 2016"}
{"polarity": 0.2, "location": "Orlando, FL", "sentiment": "positive", "time": "Wed Nov 23 20:06:15 +0000 2016"}
{"polarity": 0.0, "location": "New York, NY", "sentiment": "neutral", "time": "Wed Nov 23 20:06:16 +0000 2016"}
{"polarity": 0.1, "location": "New York, NY", "sentiment": "positive", "time": "Wed Nov 23 20:06:25 +0000 2016"}
{"polarity": 0.25, "location": "Orlando, FL", "sentiment": "positive", "time": "Wed Nov 23 20:06:28 +0000 2016"}
{"polarity": 0.0, "location": "San Diego, CA", "sentiment": "neutral", "time": "Wed Nov 23 20:06:28 +0000 2016"}
{"polarity": 0.0, "location": "Portland, OR", "sentiment": "neutral", "time": "Wed Nov 23 20:06:37 +0000 2016"}
{"polarity": 0.0, "location": "New York, NY", "sentiment": "neutral", "time": "Wed Nov 23 20:06:44 +0000 2016"}
{"polarity": 0.3, "location": "New York, NY", "sentiment": "positive", "time": "Wed Nov 23 20:06:51 +0000 2016"}
{"polarity": 0.0, "location": "San Diego, CA", "sentiment": "neutral", "time": "Wed Nov 23 20:06:52 +0000 2016"}
{"polarity": -0.4, "location": "San Diego, CA", "sentiment": "negative", "time": "Wed Nov 23 20:06:54 +0000 2016"}
{"polarity": 0.0, "location": "Portland, OR", "sentiment": "neutral", "time": "Wed Nov 23 20:06:57 +0000 2016"}
{"polarity": 0.3, "location": "Orlando, FL", "sentiment": "positive", "time": "Wed Nov 23 20:06:58 +0000 2016"}
{"polarity": 0.0, "location": "Phoenix, AZ", "sentiment": "neutral", "time": "Wed Nov 23 20:20:04 +0000 2016"}
{"polarity": 0.0, "location": "Portland, OR", "sentiment": "neutral", "time": "Wed Nov 23 20:20:09 +0000 2016"}
{"polarity": -0.1083333333333333, "location": "San Diego, CA", "sentiment": "negative", "time": "Wed Nov 23 20:20:10 +0000 2016"}
{"polarity": 0.0, "location": "New York, NY", "sentiment": "neutral", "time": "Wed Nov 23 20:20:11 +0000 2016"}
{"polarity": 0.0, "location": "Portland, OR", "sentiment": "neutral", "time": "Wed Nov 23 20:20:14 +0000 2016"}
{"polarity": 0.2625, "location": "Atlanta, GA", "sentiment": "positive", "time": "Wed Nov 23 20:20:14 +0000 2016"}
{"polarity": 0.5, "location": "Atlanta, GA", "sentiment": "positive", "time": "Wed Nov 23 20:20:16 +0000 2016"}
{"polarity": -0.16666666666666666, "location": "Phoenix, AZ", "sentiment": "negative", "time": "Wed Nov 23 20:20:18 +0000 2016"}
{"polarity": 0.0, "location": "Portland, OR", "sentiment": "neutral", "time": "Wed Nov 23 20:20:19 +0000 2016"}
{"polarity": 0.06818181818181818, "location": "New York, NY", "sentiment": "positive", "time": "Wed Nov 23 20:20:23 +0000 2016"}
{"polarity": 0.8, "location": "New York, NY", "sentiment": "positive", "time": "Wed Nov 23 20:20:25 +0000 2016"}
{"polarity": -0.3333333333333333, "location": "Atlanta, GA", "sentiment": "negative", "time": "Wed Nov 23 20:20:29 +0000 2016"}
{"polarity": 0.0, "location": "Phoenix, AZ", "sentiment": "neutral", "time": "Wed Nov 23 20:20:37 +0000 2016"}
{"polarity": 0.0, "location": "Atlanta, GA", "sentiment": "neutral", "time": "Wed Nov 23 20:20:43 +0000 2016"}
{"polarity": -0.08571428571428572, "location": "New York, NY", "sentiment": "negative", "time": "Wed Nov 23 20:20:58 +0000 2016"}
{"polarity": -0.23333333333333334, "location": "Boston, MA", "sentiment": "negative", "time": "Wed Nov 23 20:13:00 +0000 2016"}
{"polarity": 0.8, "location": "New York, NY", "sentiment": "positive", "time": "Wed Nov 23 20:13:01 +0000 2016"}
{"polarity": -0.5, "location": "Phoenix, AZ", "sentiment": "negative", "time": "Wed Nov 23 20:13:07 +0000 2016"}
{"polarity": -0.4, "location": "New York, NY", "sentiment": "negative", "time": "Wed Nov 23 20:13:08 +0000 2016"}
{"polarity": 0.75, "location": "San Diego, CA", "sentiment": "positive", "time": "Wed Nov 23 20:13:19 +0000 2016"}
{"polarity": 0.0, "location": "Atlanta, GA", "sentiment": "neutral", "time": "Wed Nov 23 20:13:20 +0000 2016"}
{"polarity": 0.0, "location": "St. Louis, MO", "sentiment": "neutral", "time": "Wed Nov 23 20:13:23 +0000 2016"}
{"polarity": 0.2857142857142857, "location": "Boston, MA", "sentiment": "positive", "time": "Wed Nov 23 20:13:27 +0000 2016"}
{"polarity": 0.3166666666666667, "location": "New York, NY", "sentiment": "positive", "time": "Wed Nov 23 20:13:42 +0000 2016"}
{"polarity": 0.0, "location": "Boston, MA", "sentiment": "neutral", "time": "Wed Nov 23 20:13:49 +0000 2016"}
{"polarity": 0.0, "location": "Atlanta, GA", "sentiment": "neutral", "time": "Wed Nov 23 20:04:06 +0000 2016"}
{"polarity": 0.0, "location": "San Diego, CA", "sentiment": "neutral", "time": "Wed Nov 23 20:04:06 +0000 2016"}
{"polarity": 0.0, "location": "New York, NY", "sentiment": "neutral", "time": "Wed Nov 23 20:04:14 +0000 2016"}
{"polarity": -0.1, "location": "New York, NY", "sentiment": "negative", "time": "Wed Nov 23 20:04:16 +0000 2016"}
{"polarity": 0.13636363636363635, "location": "Atlanta, GA", "sentiment": "positive", "time": "Wed Nov 23 20:04:23 +0000 2016"}
{"polarity": 0.0, "location": "Boston, MA", "sentiment": "neutral", "time": "Wed Nov 23 20:04:32 +0000 2016"}
{"polarity": 0.4232142857142857, "location": "New York, NY", "sentiment": "positive", "time": "Wed Nov 23 20:04:37 +0000 2016"}
{"polarity": 0.0, "location": "Phoenix, AZ", "sentiment": "neutral", "time": "Wed Nov 23 20:04:37 +0000 2016"}
{"polarity": 0.4, "location": "Seattle, WA", "sentiment": "positive", "time": "Wed Nov 23 20:04:41 +0000 2016"}
{"polarity": 0.0, "location": "Orlando, FL", "sentiment": "neutral", "time": "Wed Nov 23 20:04:44 +0000 2016"}
{"polarity": 0.0, "location": "New York, NY", "sentiment": "neutral", "time": "Thu Nov 24 00:39:11 +0000 2016"}
{"polarity": 0.17777777777777778, "location": "Orlando, FL", "sentiment": "positive", "time": "Thu Nov 24 00:39:12 +0000 2016"}
{"polarity": 0.15000000000000002, "location": "San Diego, CA", "sentiment": "positive", "time": "Thu Nov 24 00:39:16 +0000 2016"}
{"polarity": 0.0, "location": "Seattle, WA", "sentiment": "neutral", "time": "Thu Nov 24 00:39:20 +0000 2016"}
{"polarity": 0.0, "location": "Orlando, FL", "sentiment": "neutral", "time": "Thu Nov 24 00:39:23 +0000 2016"}
{"polarity": 0.0, "location": "St. Louis, MO", "sentiment": "neutral", "time": "Thu Nov 24 00:39:28 +0000 2016"}
{"polarity": 0.85, "location": "Seattle, WA", "sentiment": "positive", "time": "Thu Nov 24 00:39:30 +0000 2016"}
{"polarity": 0.0, "location": "New York, NY", "sentiment": "neutral", "time": "Thu Nov 24 00:39:33 +0000 2016"}
